FishID,FrameIndex,Timestamp (s),FPS_Top,FPS_Front,Length (cm),Width (cm),Height (cm),Area (cm²),Perimeter (cm),BlurTop,BlurFront,Score,_SelectionMode,Weight (g)
fish01,1722,86.1,20.0,20.0,20.44764630063044,3.7748821472400382,10.340695207474138,48.276535945190936,44.01467484879888,457.141436625144,271.6888964609676,759.9903330861115,within,67.49
fish01,1736,86.8,20.0,20.0,20.55627139030363,3.792942757739996,4.772628557295756,45.74102737503319,44.28197315031889,465.576796701389,272.0453027109675,766.8820994123565,within,67.49
fish01,1748,87.4,20.0,20.0,21.142579552974105,3.794145415121174,4.931716175872281,46.793716201036176,44.49824347217931,474.8130815824532,272.0641959266556,777.7172775091088,within,67.49
fish01,2500,125.0,20.0,20.0,21.19764814984892,3.7461847833456767,11.295220918933293,49.21603242431189,44.22522151101514,471.3601991461106,263.73714843406674,776.1373475801773,within,67.49
fish01,2512,125.6,20.0,20.0,20.7375253382597,3.8138083238091,11.772483774662868,47.57474339452227,44.09253167283194,458.1907460211106,263.84991535627574,761.2006613773864,within,67.49
fish01,2525,126.25,20.0,20.0,20.96660821949371,3.82945614962508,12.24974663039244,48.40104752676118,44.123881435914825,458.00801596768224,263.7662011443137,759.214217111996,within,67.49
fish01,2563,128.15,20.0,20.0,20.79590177359478,3.6917506344932303,13.681535197581171,49.827271097474906,43.92547713318729,466.7857273563338,266.0691306830406,768.8148580393745,within,67.49
fish01,2564,128.2,20.0,20.0,20.658766519957723,3.728648727341857,13.840622816157692,48.72930533271909,43.63859235957561,466.8123115460244,266.0671840684573,768.8394956144817,within,67.49
fish01,2567,128.35,20.0,20.0,21.168616815195165,3.761668270885967,13.681535197581171,46.5560122725839,43.68557683069152,466.49946446169633,266.0774705267906,768.536934988487,within,67.49
fish01,2568,128.4,20.0,20.0,21.039577434145496,3.806047075243608,13.681535197581171,47.642658802651496,43.78576142327815,466.38823193357496,266.0812530788739,768.5094850124487,within,67.49
fish01,2578,128.9,20.0,20.0,20.70761120427411,3.7669831201201807,14.317885671887268,47.32572023138178,43.94736022079124,461.9136529730149,269.699182766374,767.4728357393889,within,67.49
fish01,2581,129.05,20.0,20.0,20.71829165803785,3.6850102752161087,14.317885671887268,47.26912405794076,43.48884690332048,461.77891341115696,269.6764158392907,767.8153292504477,within,67.49
fish01,2582,129.1,20.0,20.0,20.685973757196887,3.711221400197206,14.317885671887268,47.45023181295202,43.43796383066088,461.8321425778237,269.6804750813379,767.9326176591616,within,67.49
fish01,2583,129.15,20.0,20.0,20.84492018147446,3.771663026016505,14.476973290463793,49.03492466930061,43.85671269075068,462.0145730902778,269.6836000813379,769.1381731716158,within,67.49
fish01,2594,129.7,20.0,20.0,20.87929972011248,3.741394073611956,13.999710434734215,46.38622375226083,43.65401179921152,465.0278802490234,269.7171873317717,772.0250675807952,within,67.49
fish01,2595,129.75,20.0,20.0,20.62576613368953,3.8581115989592254,13.840622816157692,46.98614319073565,43.816644685934,465.2412439529796,269.72065738385504,772.2419013368346,within,67.49
fish01,2596,129.8,20.0,20.0,20.6816023050838,3.746686513081304,13.840622816157692,46.261712170690586,43.63420405194892,465.1820512446463,269.25794254010503,771.3799937847514,within,67.49
fish01,2597,129.85,20.0,20.0,21.187664363027764,3.715660608619036,13.681535197581171,48.57083604708425,43.88943394917362,464.8982102212788,266.4036100045839,768.5618202258627,within,67.49
fish01,2604,130.2,20.0,20.0,20.815908346404346,3.517727605421059,12.090659011815916,47.3823164048228,43.65806688491319,464.32998973516766,267.194606098334,768.3245958335017,within,67.49
fish01,2605,130.25,20.0,20.0,20.806867630355367,3.707146557952282,11.931571393239391,49.10284007742984,44.31325457993251,464.47481612405664,267.26219724416734,769.9170133682239,within,67.49
fish01,2606,130.3,20.0,20.0,20.72102159974676,3.805777328073916,11.931571393239391,48.87645538366575,44.25370796825247,464.4003370007927,267.26527667125066,770.1256136720434,within,67.49
fish01,2608,130.4,20.0,20.0,20.90460131622367,3.7971811082693177,11.772483774662868,48.52555910833142,43.69619603663722,464.2657970702371,267.2728613066673,769.1986583769044,within,67.49
fish01,2609,130.45,20.0,20.0,20.745878250813185,3.814817593219391,11.454308537509815,48.44632446551399,43.8976711099355,464.261248459126,267.2853222441673,768.7065707032933,within,67.49
fish01,2614,130.7,20.0,20.0,21.20215964442629,3.668656126811184,10.977045681780238,48.208620537061705,44.28495096991589,462.8236008243514,267.2860709401342,764.6896717644856,within,67.49
fish01,2615,130.75,20.0,20.0,21.14811566203704,3.5449060852522343,10.658870444627189,46.81635467041259,44.0807675604016,463.05334908824017,267.2872363047175,764.6205853929577,within,67.49
fish01,2619,130.95,20.0,20.0,21.12385995268445,3.671299649074161,10.658870444627189,45.93345436473266,44.20341574137115,463.0428022132402,268.4731933379172,764.9759955511574,within,67.49
fish01,2620,131.0,20.0,20.0,20.845095677727176,3.744395322121509,10.658870444627189,45.86553895660343,43.99701709016036,463.1951806854624,268.4805045358339,765.4356852212964,within,67.49
fish01,2647,132.35,20.0,20.0,21.013557898818654,3.812896993371188,13.204272341851592,47.16725094574692,44.82621765885021,457.8418443237116,263.323339819336,752.2451841430476,within,67.49
fish01,2656,132.8,20.0,20.0,21.65439753346926,3.702779558772801,10.499782826050664,47.17857018043512,44.99458465289603,466.5655336384904,264.4242642985026,761.049797936993,within,67.49
fish01,2657,132.85,20.0,20.0,21.50404865288533,3.664172513855266,10.499782826050664,46.52205456851928,44.74548554109399,466.4253253051571,264.42593747558595,760.4512627807431,within,67.49
fish01,3143,157.15,20.0,20.0,20.91149530538337,3.698813030391399,14.476973290463793,49.272628597752906,45.45953196951552,448.5586317364539,262.9699055455421,742.948537281996,within,67.49
fish01,3144,157.2,20.0,20.0,21.298375908149904,3.641324098591107,14.636060909040316,47.6652972720279,45.24740167529884,448.509209375,262.9765591913754,742.7657685663753,within,67.49
fish01,3391,169.55,20.0,20.0,21.12182135984988,3.634202358315607,11.295220918933293,47.78980885359815,44.13160791822542,457.9420559985503,269.2482356760237,749.9502916745739,within,67.49
fish01,3392,169.6,20.0,20.0,21.218518022406684,3.547630116670472,11.295220918933293,47.30308176200536,44.13045156293262,457.96546745688346,269.24608723852367,750.2915546954072,within,67.49
fish01,3393,169.65,20.0,20.0,20.90811124127797,3.535545443468295,11.295220918933293,46.8276739051008,43.63626581287434,458.00681294299454,269.24843424478115,750.5552471877756,within,67.49
fish01,3397,169.85,20.0,20.0,20.803426840188493,3.600987766818028,11.454308537509815,48.26521671050273,45.00737043026863,467.01405373738623,269.64516926129664,761.4392229986829,within,67.49
fish01,3398,169.9,20.0,20.0,20.57117261757965,3.600987766818028,11.454308537509815,47.9143204351684,44.44228090218863,466.8707898484975,271.0354882717133,762.4462781202108,within,67.49
fish01,3401,170.05,20.0,20.0,20.810062016692672,3.715946125623264,11.295220918933293,49.96310191373336,44.82991241513494,466.75096345960856,269.6617382717133,761.372701731322,within,67.49
fish01,3475,173.75,20.0,20.0,20.86704511814256,3.784217889285237,12.886097104698544,48.67270915927808,43.99771320849965,459.636883674452,268.28316397666924,765.8600476511212,within,67.49
fish01,3476,173.8,20.0,20.0,21.0603249911332,3.690922303184455,12.886097104698544,47.9369589045448,44.19924601356816,459.412591143554,268.28460928916934,765.8572004327233,within,67.49
fish01,3477,173.85,20.0,20.0,20.67914535754577,3.698813030391399,12.886097104698544,49.03492466930061,44.3225249314547,459.1723480879984,268.287916580836,766.5002646688343,within,67.49
fish01,3478,173.9,20.0,20.0,20.446795409708184,3.698813030391399,12.886097104698544,48.89909385304216,44.09210105902776,459.1053862831964,268.2861001820458,766.7714864652422,within,67.49
fish01,3487,174.35,20.0,20.0,20.498568576948667,3.7496964764994143,12.727009486122016,46.78239696634797,43.18576211752103,459.6088107638136,267.7996809112125,764.1284916750261,within,67.49
fish01,3490,174.5,20.0,20.0,20.63593073483166,3.7310669069692297,12.727009486122016,46.90690854791822,43.61210482316876,459.4111718743217,267.8138345570458,763.8250064313676,within,67.49
fish01,3491,174.55,20.0,20.0,20.980569921376407,3.6297693748284616,12.727009486122016,47.9143204351684,44.18126360677575,459.49292534239976,267.81184236954584,764.6647677119456,within,67.49
fish01,3740,187.0,20.0,20.0,20.94813502303363,3.723048776099063,9.704344733168035,49.781994158722085,44.03901842902541,456.4130592229208,263.75503253339133,760.3280917563121,within,67.49
fish01,3746,187.3,20.0,20.0,21.376134929618228,3.654047450091985,9.704344733168035,48.819859210224735,44.35022475802645,456.6905809732318,263.2620051896413,756.012586162873,within,67.49
fish01,3748,187.4,20.0,20.0,20.7194651784348,3.7066701429510425,10.340695207474138,46.25039293600238,43.91386064877411,460.7279030149671,262.6075617828264,753.7954647977936,within,67.49
fish01,3749,187.45,20.0,20.0,20.865619875847777,3.686490979679893,10.340695207474138,46.20511599724956,43.50069575233309,460.62970857052267,262.6076203765764,752.8173289470991,within,67.49
fish01,3753,187.65,20.0,20.0,20.83713984760407,3.8032500045917295,10.181607588897611,47.1219740069941,43.90869400188325,460.6774776677448,262.60780266824304,754.0452803359879,within,67.49
fish10,5490,274.5,20.0,20.0,20.44814786044034,4.265204220301157,25.33448499360586,58.20478429859956,44.58116392833136,421.7775122597589,253.12505526554324,691.442567525302,within,17.7
fish10,5491,274.55,20.0,20.0,20.44814786044034,4.429250536466586,26.00118196712181,58.00511093908465,44.49453744361759,421.7695521903144,253.1235578697099,691.3531100600244,within,17.7
fish10,5492,274.6,20.0,20.0,20.44814786044034,4.429250536466586,26.33453045387977,58.00511093908465,44.22527906518871,421.8024601764256,253.12387688012657,690.9663370565521,within,17.7
fish10,5493,274.65,20.0,20.0,20.44814786044034,4.429250536466586,26.66787894063775,57.73887979306476,44.301328435617286,421.7916008014256,253.12792635929324,690.9195271607189,within,17.7
fish10,5494,274.7,20.0,20.0,19.961287197096524,4.429250536466586,26.66787894063775,57.57248532680232,44.03314186524305,421.796084141032,253.1299576057328,690.9460417467648,within,17.7
fish10,5495,274.75,20.0,20.0,19.47442653375271,4.429250536466586,26.66787894063775,58.57085212437693,44.15092416960196,421.8028636549208,253.1343097676172,691.457173422538,within,17.7
fish10,5496,274.8,20.0,20.0,19.961287197096524,4.429250536466586,27.00122742739572,58.30462097835703,44.12930180299277,421.7715746173434,253.13939766056268,691.070972277906,within,17.7
fish10,5497,274.85,20.0,20.0,19.961287197096524,4.429250536466586,27.33457591415369,58.9036410569018,44.2772769904138,427.0193311733668,253.13069645686687,696.4700276302337,within,17.7
fish10,5498,274.9,20.0,20.0,19.961287197096524,4.429250536466586,27.33457591415369,58.57085212437693,44.09576729961119,427.2083676317002,254.9941176782292,698.3224853099293,within,17.7
fish10,5499,274.95,20.0,20.0,19.47442653375271,4.429250536466586,27.00122742739572,56.906907461752574,43.56711660185105,427.1530811733669,252.0780629907292,694.951144164096,within,17.7
fish10,5521,276.05,20.0,20.0,19.47821527487676,5.102652766893307,16.00072736438265,62.6974348876853,45.21243787853376,424.3813408126077,255.9852896369828,696.3066304495906,within,17.7
fish10,5524,276.2,20.0,20.0,19.766076025132243,5.30364648820965,16.33407585114062,66.85729654424617,46.67923511589421,424.3488494931632,255.9831183705224,696.7719678636857,within,17.7
fish10,5530,276.5,20.0,20.0,19.857514692044585,5.196788658800553,14.66733341735076,69.8191180437175,47.39949960378168,420.10924011816337,255.9868130297236,692.436053147887,within,17.7
fish10,5531,276.55,20.0,20.0,20.42516468818052,5.373773434781498,14.33398493059279,75.94243440217508,49.24321461362141,420.0926862886216,255.98786771722365,693.4405540058452,within,17.7
fish10,5532,276.6,20.0,20.0,20.640872206735462,5.575644196625588,12.000545523286986,81.7329618281078,51.06565012767271,420.0888928858439,255.9901333422237,693.9190262280675,within,17.7
fish10,7547,377.35,20.0,20.0,20.25010999044136,3.61930971051532,38.00172749040879,47.18947063202641,42.79787416445844,431.4964824459876,257.4254653866979,700.4819478326854,within,17.7
fish10,7548,377.4,20.0,20.0,20.25010999044136,3.61930971051532,38.00172749040879,47.18947063202641,42.79787416445844,431.3786569130791,258.8316437721146,701.7703006851937,within,17.7
fish10,7549,377.45,20.0,20.0,20.25010999044136,3.61930971051532,38.00172749040879,47.18947063202641,42.79787416445844,431.2772419825235,258.8314354387813,701.6686774213047,within,17.7
fish10,7550,377.5,20.0,20.0,20.25010999044136,3.7121126760407592,38.00172749040879,47.52225956455128,42.93374854790659,431.24100922081095,258.8312922096146,701.7923014304256,within,17.7
fish10,7551,377.55,20.0,20.0,20.25010999044136,3.7121126760407592,38.00172749040879,47.52225956455128,42.93374854790659,431.1906185958109,258.83163726169795,701.7622558575089,within,17.7
fish10,7552,377.6,20.0,20.0,20.25010999044136,3.7121126760407592,38.00172749040879,47.52225956455128,42.93374854790659,432.24585739746095,258.9260448137813,702.9919022112423,within,17.7
fish10,7553,377.65,20.0,20.0,20.25010999044136,3.7121126760407592,38.00172749040879,47.65537513756123,42.9559776500253,432.2230925790105,258.9263703346146,703.069462913625,within,17.7
fish10,8643,432.15,20.0,20.0,19.961287197096524,4.101157904135728,38.66842446392474,56.77379188874264,43.35138764140969,417.3614959294636,246.79982746928536,681.341323398749,within,17.7
fish10,8644,432.2,20.0,20.0,19.961287197096524,4.429250536466586,38.66842446392474,59.30298777593163,43.90498393313652,417.22702544335255,246.8014094776471,681.7484349209997,within,17.7
fish10,8645,432.25,20.0,20.0,19.47442653375271,4.265204220301157,38.66842446392474,58.17150540534709,43.59219545189804,417.1636574910292,245.17530921723048,679.8389667082597,within,17.7
fish10,8646,432.3,20.0,20.0,19.47442653375271,4.265204220301157,38.66842446392474,59.46938224219407,43.9115612749037,417.1481193368231,245.1739094776471,680.3220288144702,within,17.7
fish10,8647,432.35,20.0,20.0,19.961287197096524,4.101157904135728,17.000772824656565,57.77215868631724,43.844682746769045,438.4622132612817,249.6291600185394,705.6513732798211,within,17.7
fish10,8648,432.4,20.0,20.0,19.961287197096524,4.265204220301157,17.000772824656565,58.07166872558962,43.73573203673948,437.9634719418374,250.8933787685393,706.3968507103767,within,17.7
fish10,8649,432.45,20.0,20.0,19.961287197096524,4.101157904135728,17.000772824656565,56.973465248257554,43.31778402508021,437.530542211443,250.89942043520605,705.829962646649,within,17.7
fish10,8650,432.5,20.0,20.0,19.961287197096524,4.101157904135728,17.000772824656565,58.27134208510454,43.83999630367206,437.2600300386218,250.906002466456,705.8060325050777,within,17.7
fish10,8651,432.55,20.0,20.0,20.44814786044034,4.429250536466586,17.000772824656565,62.93038714045271,45.23017371010268,436.98204827285576,250.77003892478936,706.6320871976451,within,17.7
fish10,8652,432.6,20.0,20.0,20.44814786044034,4.593296852632015,17.000772824656565,63.7290805785124,45.29625878629601,436.7410543441772,250.772350122706,706.9934044668832,within,17.7
fish10,9239,461.95,20.0,20.0,20.106096968754777,3.883968814386916,7.000318221917409,54.17803821504865,44.25533901729867,428.3397859224107,248.00355142210847,690.3033373445193,within,17.7
fish10,9930,496.5,20.0,20.0,20.44814786044034,4.429250536466586,9.33375762922321,63.26317607297757,45.95751423983888,421.7203324489829,249.91625325053533,690.6565856995182,within,17.7
fish10,9931,496.55,20.0,20.0,19.961287197096524,4.429250536466586,9.33375762922321,60.800537972293554,44.60793344457655,421.6658879582723,250.35601235681105,690.1419003150834,within,17.7
fish10,9932,496.6,20.0,20.0,19.961287197096524,4.265204220301157,9.33375762922321,60.36791236001122,44.5861907805648,421.57633539127295,250.6810676930321,689.937403084305,within,17.7
fish10,9933,496.65,20.0,20.0,19.961287197096524,4.101157904135728,9.33375762922321,59.73561338821397,44.41385931710901,421.4130844500318,251.0605826644791,690.453667114511,within,17.7
fish10,9943,497.15,20.0,20.0,19.47442653375271,4.429250536466586,79.67028833515528,63.26317607297757,46.13331848958513,417.6512755777807,251.8756249999576,686.7669005777383,within,17.7
fish10,9944,497.2,20.0,20.0,19.961287197096524,4.429250536466586,79.67028833515528,62.098414809140536,45.84684299827142,417.6516968288845,251.64020182287427,686.5118986517588,within,17.7
fish10,9945,497.25,20.0,20.0,19.47442653375271,4.593296852632015,79.67028833515528,61.76562587661567,45.4529709557649,417.7040234735936,251.62646484370745,686.2904883173011,within,17.7
fish10,9946,497.3,20.0,20.0,20.44814786044034,4.593296852632015,79.67028833515528,65.39302524113675,46.80811120955997,417.5728687408824,251.63288411454093,686.8457528554234,within,17.7
fish10,9946,497.3,20.0,20.0,20.44814786044034,4.593296852632015,79.67028833515528,65.39302524113675,46.80811120955997,417.5728687408824,251.63288411454093,686.8457528554234,repeat,17.7
fish10,9946,497.3,20.0,20.0,20.44814786044034,4.593296852632015,79.67028833515528,65.39302524113675,46.80811120955997,417.5728687408824,251.63288411454093,686.8457528554234,repeat,17.7
fish10,9946,497.3,20.0,20.0,20.44814786044034,4.593296852632015,79.67028833515528,65.39302524113675,46.80811120955997,417.5728687408824,251.63288411454093,686.8457528554234,repeat,17.7
fish10,9946,497.3,20.0,20.0,20.44814786044034,4.593296852632015,79.67028833515528,65.39302524113675,46.80811120955997,417.5728687408824,251.63288411454093,686.8457528554234,repeat,17.7
fish10,9946,497.3,20.0,20.0,20.44814786044034,4.593296852632015,79.67028833515528,65.39302524113675,46.80811120955997,417.5728687408824,251.63288411454093,686.8457528554234,repeat,17.7
fish10,9947,497.35,20.0,20.0,20.935008523784163,4.593296852632015,80.33698530867122,67.7891055553158,48.28878900219502,437.0476687070304,255.74541988244584,710.9930885894762,within,17.7
fish10,9948,497.4,20.0,20.0,20.44814786044034,4.429250536466586,80.33698530867122,65.69253528040913,47.78831125941204,436.4146000427247,256.9642935803625,711.2588936230871,within,17.7
fish10,9949,497.45,20.0,20.0,19.961287197096524,4.265204220301157,80.33698530867122,63.4628494324925,46.81205283059229,436.2364836805557,256.9597102470292,711.0961939275847,within,17.7
fish10,9950,497.5,20.0,20.0,19.47442653375271,4.265204220301157,80.33698530867122,63.662522792007415,46.71882127532783,435.7847432363816,256.9422623303625,710.3470055667442,within,17.7
fish11,1304,65.2,20.0,20.0,26.65366394965612,3.524796760204385,25.14875259424527,43.02145954683666,55.24773048136512,423.1969657276105,253.03026358412643,694.0472293117369,within,13.0
fish11,1307,65.35,20.0,20.0,26.712832980685764,3.3427842820854963,26.97775278291765,41.76084139282706,55.27447608624944,429.9298954427083,253.0372101987097,700.587105641418,within,13.0
fish11,1310,65.5,20.0,20.0,26.04501215616862,3.095170631560645,26.97775278291765,38.94164079386014,53.39022985757319,430.4129207311371,251.0803937924597,698.2133145235969,within,13.0
fish11,1311,65.55,20.0,20.0,27.380653805202908,3.095170631560645,27.43500283008575,40.660665549327774,55.13271776957017,430.47853706851527,251.0956151466264,699.0941522151415,within,13.0
fish11,1312,65.6,20.0,20.0,26.04501215616862,3.095170631560645,26.97775278291765,38.62075617283951,52.92362528015261,430.2093660997179,251.09952790704293,697.8688940067608,within,13.0
fish11,1322,66.1,20.0,20.0,27.380653805202908,3.095170631560645,22.40525231123669,37.93314627065246,52.515183956345815,429.5966882382804,251.09862946954303,696.2953177078235,within,13.0
fish11,1323,66.15,20.0,20.0,26.712832980685764,3.095170631560645,22.40525231123669,37.70394296992344,52.16101405235238,429.4265059527928,251.0984016049597,696.3049075577524,within,13.0
fish11,1324,66.2,20.0,20.0,26.712832980685764,2.847556981035793,20.57625212256432,35.25146765212295,51.31883772785152,429.38112834555534,251.1000682716264,695.3011966171817,within,13.0
fish11,1330,66.5,20.0,20.0,26.712832980685764,2.9713638062982195,18.74725193389193,36.62668745649705,51.5041170756406,424.97404934306206,254.19469066745967,694.7487400105218,within,13.0
fish11,1331,66.55,20.0,20.0,26.04501215616862,2.9713638062982195,17.37550179238764,37.29137702861121,52.17522850766033,424.8628514449319,254.19547191745968,694.8983233623916,within,13.0
fish11,1516,75.8,20.0,20.0,26.215108472056777,2.898750374072905,6.858750707521438,35.457750622779066,52.37279954869805,434.9105245700225,253.5918878782484,700.8224124482709,within,13.0
fish11,1517,75.85,20.0,20.0,26.353011597334344,2.820832702748004,6.858750707521438,34.72430006044621,52.055644791326,435.0012016533559,253.59217433658168,700.5533759899375,within,13.0
fish11,1525,76.25,20.0,20.0,26.353011597334344,2.8135623388713182,7.316000754689533,34.449256099571386,51.76220053415139,435.16588915335575,253.66696600324832,700.2128551566041,within,13.0
fish11,1526,76.3,20.0,20.0,26.353011597334344,2.8135623388713182,7.773250801857629,34.449256099571386,51.76220053415139,435.1569134589113,253.66733709699832,700.2042505559097,within,13.0
fish11,1527,76.35,20.0,20.0,26.353011597334344,2.8135623388713182,7.773250801857629,34.81598138073781,51.926275793711085,431.5011495700224,253.6689386594984,696.8100882295207,within,13.0
fish11,1528,76.4,20.0,20.0,26.19488359746174,2.771250275748528,7.773250801857629,33.89916817782174,51.46343146004915,431.5665141533558,257.59437485741506,700.6608890107709,within,13.0
fish11,1556,77.8,20.0,20.0,27.70119730512993,2.703073021767576,5.487000566017151,34.403415439425586,52.84339637341832,426.942007796205,257.16935868190114,695.7913664781062,within,13.0
fish11,1599,79.95,20.0,20.0,27.4628143330483,2.829270084237998,7.773250801857629,36.76420943693447,53.79852957843398,422.6010146457248,249.42599919381684,683.9870138395416,within,13.0
fish11,2356,117.8,20.0,20.0,27.380653805202908,2.9713638062982195,20.57625212256432,39.53756937575558,54.41526013139245,426.0935104618591,248.85216793551973,692.4056783973788,within,13.0
fish11,2371,118.55,20.0,20.0,26.712832980685764,3.095170631560645,6.858750707521438,39.33128640509947,53.45418347126728,414.424233933437,249.8374445658261,680.8016784992631,within,13.0
fish11,3375,168.75,20.0,20.0,26.712832980685764,3.4665911073479223,44.81050462247339,44.62588265193978,57.02788107904792,429.8955121163074,252.3401822535196,701.575694369827,within,13.0
fish11,3376,168.8,20.0,20.0,26.712832980685764,3.4665911073479223,44.81050462247339,44.02995407004433,56.84499231213087,429.9107117690851,252.3429036076864,701.1936153767715,within,13.0
fish11,3392,169.6,20.0,20.0,26.19614972199553,3.526040760363615,37.95175391495195,43.04437987690956,56.664018399354525,437.3916622516208,252.34011063368047,707.7317728853013,within,13.0
fish11,3395,169.75,20.0,20.0,26.78693311009071,3.401264096708258,37.95175391495195,44.96968760303331,58.77913085111399,437.4888714879165,248.147770137522,703.8766416254385,within,13.0
fish11,3397,169.85,20.0,20.0,27.380653805202908,3.3427842820854963,37.49450386778386,43.22774251749277,55.76411347230752,444.2333156439887,244.691308575058,707.2446242190467,within,13.0
fish11,3398,169.9,20.0,20.0,26.04501215616862,3.3427842820854963,37.49450386778386,42.4026106348683,55.123346772199895,444.3776689669949,246.4109700333913,708.6486390003863,within,13.0
fish11,3399,169.95,20.0,20.0,26.712832980685764,3.2189774568230707,37.49450386778386,41.21075347107742,54.959449298580815,444.02259512736,246.841992168808,708.6445872961681,within,13.0
fish11,3400,170.0,20.0,20.0,26.712832980685764,3.2189774568230707,37.49450386778386,41.64623974246255,55.82139672818384,443.5795569329155,246.8435025854748,708.2630595183903,within,13.0
fish11,3402,170.1,20.0,20.0,26.712832980685764,3.2189774568230707,37.49450386778386,42.44845129501411,55.8447788506375,443.2580334901974,246.8463541479747,708.0443876381721,within,13.0
fish11,3403,170.15,20.0,20.0,26.71316416014128,3.2645985887065465,37.49450386778386,44.14455572040884,56.60768665383245,442.6284198006334,246.8521353979748,708.0005551986081,within,13.0
fish11,3407,170.35,20.0,20.0,27.026910838627373,3.318642461227726,37.03725382061577,45.198890903762326,57.44768773179256,441.89130193745166,246.8535286271413,707.724830564593,within,13.0
fish11,3408,170.4,20.0,20.0,26.45555494689971,3.307362156822588,32.46475334893481,44.16747605048174,56.90680196960978,441.8389099455469,246.8791796688081,707.238089614355,within,13.0
fish11,3409,170.45,20.0,20.0,26.04501215616862,3.095170631560645,32.46475334893481,41.60039908231674,55.85081014622455,441.780793841308,246.8799674292248,706.1807612705327,within,13.0
fish11,3411,170.55,20.0,20.0,26.04501215616862,3.2189774568230707,32.9220033961029,40.31686059823425,54.90416811151621,438.9765057124196,246.8849153458914,703.121421058311,within,13.0
fish11,3412,170.6,20.0,20.0,26.712832980685764,3.095170631560645,32.9220033961029,41.0961518207129,55.4921753972326,438.82562897630856,246.886933575058,703.6325625513665,within,13.0
fish11,3413,170.65,20.0,20.0,27.380653805202908,3.2189774568230707,32.9220033961029,43.45694581822179,56.5282910369133,438.79644494853073,246.885253887558,704.3616988360887,within,13.0
fish11,3415,170.75,20.0,20.0,26.04501215616862,3.3427842820854963,32.46475334893481,41.18783314100452,54.385365297470265,438.4527817540864,249.6507161271413,705.5634978812278,within,13.0
fish11,3416,170.8,20.0,20.0,26.712832980685764,3.4665911073479223,30.17850311309433,43.31942383778438,56.01894017684357,438.32557249281126,249.7871419083914,706.2727144012026,within,13.0
fish11,3579,178.95,20.0,20.0,27.67010210179109,1.9816698200896403,12.803001320706684,23.745461955526256,46.30875323125907,427.4760818718051,255.0324088507334,691.1884907225384,within,13.0
fish11,3736,186.8,20.0,20.0,26.04501215616862,3.4665911073479223,34.75100358477528,43.73198977909661,57.11993437224162,428.2836400266859,263.33884112714134,709.1824811538272,within,13.0
fish11,3756,187.8,20.0,20.0,26.04501215616862,3.5903979326103483,24.69150254707717,40.47730290874456,55.33785111337836,438.1455144041274,258.88371741926414,713.3492318233916,within,13.0
fish11,3766,188.3,20.0,20.0,26.04501215616862,3.2189774568230707,18.74725193389193,36.85589075722607,54.03762561226889,437.9864953069051,258.9054915130509,711.211986819956,within,13.0
fish11,3768,188.4,20.0,20.0,26.712832980685764,3.3427842820854963,17.832751839555737,38.59783584276661,55.15492092944861,437.9315821124608,258.9056803151342,711.577262427595,within,13.0
fish11,4073,203.65,20.0,20.0,26.04501215616862,3.2189774568230707,14.174751462210969,38.16234957138148,52.93455265831578,420.4418053358289,255.0388606662326,691.0006660020615,within,13.0
fish11,4074,203.7,20.0,20.0,26.04501215616862,3.2189774568230707,14.174751462210969,38.57491551269371,53.26557267096263,418.6449867793141,255.039088530816,689.4240753101301,within,13.0
fish11,4075,203.75,20.0,20.0,26.712832980685764,3.2189774568230707,13.717501415042875,39.62925069604719,53.74469070470274,418.65376722178513,257.01999347873266,692.2737607005178,within,13.0
fish11,4076,203.8,20.0,20.0,26.712832980685764,3.2189774568230707,12.803001320706684,38.91872046378723,53.129316729585625,418.8133679734973,257.1533398328993,692.4667078063965,within,13.0
fish11,4077,203.85,20.0,20.0,26.04501215616862,3.095170631560645,12.345751273538587,38.4603138623292,52.85150102286784,418.7720225016276,257.15367186414926,692.5656943657768,within,13.0
fish11,4078,203.9,20.0,20.0,27.380653805202908,3.2189774568230707,11.888501226370492,40.91278918012969,54.72277911834855,418.7015190863714,257.1524674370659,693.5339865234373,within,13.0
fish11,4142,207.1,20.0,20.0,26.712832980685764,3.4665911073479223,18.74725193389193,45.01552826317912,56.51730608455112,420.8428165552775,255.56274734967548,696.1855639049529,within,13.0
fish12,3490,174.5,20.0,20.0,18.696396609478228,1.427406313945942,6.8468009030566765,19.186912058803248,38.942973132527634,401.88029040254185,252.82144500626453,663.4217354088064,within,15.28
fish12,3604,180.2,20.0,20.0,18.235037897147382,1.580862764668712,4.83303593156942,20.00920828989481,39.69446011945095,419.6819566424145,253.3593131212765,682.0412697636909,within,15.28
fish12,3605,180.25,20.0,20.0,18.235037897147382,1.580862764668712,4.83303593156942,19.78079267014716,39.57055913353606,413.620133971697,252.9150553087765,675.4951892804736,within,15.28
fish12,3606,180.3,20.0,20.0,18.235037897147382,1.580862764668712,4.83303593156942,19.80363423212193,39.57990644001008,413.3144482842152,252.8129849962765,675.1074332804917,within,15.28
fish12,3607,180.35,20.0,20.0,18.235037897147382,1.580862764668712,4.83303593156942,20.05489141384435,39.75069685363916,413.2287538519777,252.8129524441932,675.1417062961709,within,15.28
fish12,3613,180.65,20.0,20.0,18.235037897147382,1.4930370555204504,4.83303593156942,19.6209017363238,39.49785632624392,412.9703293038074,252.8129394233597,674.7632687271672,within,15.28
fish12,3614,180.7,20.0,20.0,19.41149195502786,1.4930370555204504,4.83303593156942,20.466039529390127,40.81064828046802,412.97703937325184,252.8130566108597,675.0900959841116,within,15.28
fish12,3615,180.75,20.0,20.0,18.82326492608762,1.4930370555204504,4.83303593156942,20.14625766174341,40.162982137021615,412.9555636788075,252.81299150669312,674.7485551855007,within,15.28
fish12,3616,180.8,20.0,20.0,18.82326492608762,1.4930370555204504,4.83303593156942,20.00920828989481,40.10927798566819,412.9801079431416,252.8127441108598,674.7328520540013,within,15.28
fish12,3617,180.85,20.0,20.0,18.82326492608762,1.4930370555204504,4.83303593156942,19.643743298298563,39.95668392206266,412.97247773480814,252.8124771837764,674.5649549185845,within,15.28
fish12,3618,180.9,20.0,20.0,18.82326492608762,1.4930370555204504,4.83303593156942,19.6209017363238,39.95537624967823,412.9629681796604,252.8125878608598,674.5155560405202,within,15.28
fish12,3619,180.95,20.0,20.0,18.82326492608762,1.4930370555204504,4.83303593156942,19.392486116576137,39.8255577291013,412.9409369296605,252.81305010044312,674.4939870301035,within,15.28
fish12,3620,181.0,20.0,20.0,18.82326492608762,1.4930370555204504,4.83303593156942,19.392486116576137,39.8255577291013,412.9715879713271,252.8128743191932,674.5244622905202,within,15.28
fish12,3622,181.1,20.0,20.0,19.41149195502786,1.4052113463721885,4.83303593156942,19.4838523644752,40.570457531326696,412.92140562600974,252.8138508816932,674.5352565077028,within,15.28
fish12,3623,181.15,20.0,20.0,19.41149195502786,1.4052113463721885,4.83303593156942,19.4838523644752,40.570457531326696,412.9136538898986,252.81362952752644,674.527283417425,within,15.28
fish12,3624,181.2,20.0,20.0,19.41149195502786,1.4052113463721885,4.83303593156942,19.209753620778013,40.33943593626729,412.7848648478002,252.81368812127644,674.3185529690767,within,15.28
fish12,3625,181.25,20.0,20.0,19.41149195502786,1.4052113463721885,4.83303593156942,19.209753620778013,40.33943593626729,422.2297519024696,251.12628577752645,682.076037679996,within,15.28
fish12,3626,181.3,20.0,20.0,18.82326492608762,1.4052113463721885,4.83303593156942,18.821447067207,39.33413326311134,422.1852640552473,251.3680305691931,682.1332946244405,within,15.28
fish12,3627,181.35,20.0,20.0,18.82326492608762,1.4052113463721885,4.83303593156942,18.821447067207,39.33413326311134,422.2071,251.3680305691931,682.1551305691931,within,15.28
fish12,3629,181.45,20.0,20.0,19.41149195502786,1.4052113463721885,4.83303593156942,19.23259518275278,40.128904685166425,422.1797388888889,251.36723629835976,682.2469751872487,within,15.28
fish12,3630,181.5,20.0,20.0,18.82326492608762,1.4052113463721885,4.83303593156942,18.775763943257463,39.32895804887551,422.1368222222223,251.36780921502643,682.0446314372487,within,15.28
fish12,3631,181.55,20.0,20.0,18.82326492608762,1.4052113463721885,4.83303593156942,18.775763943257463,39.32895804887551,422.10472152777777,251.36780921502643,682.0125307428042,within,15.28
fish12,3632,181.6,20.0,20.0,18.82326492608762,1.4052113463721885,4.83303593156942,18.59303144745934,39.23647294062874,422.1162579861111,251.36780921502643,681.9840672011376,within,15.28
fish12,3633,181.65,20.0,20.0,18.82326492608762,1.4052113463721885,4.83303593156942,18.775763943257463,39.32895804887551,422.0032719036338,251.36853187127645,681.9318037749102,within,15.28
fish12,3634,181.7,20.0,20.0,18.82326492608762,1.4052113463721885,4.83303593156942,18.775763943257463,39.32895804887551,421.89489526299366,251.3687206733597,681.8036159363534,within,15.28
fish12,3635,181.75,20.0,20.0,18.82326492608762,1.4052113463721885,4.83303593156942,18.752922381282698,39.24470820408561,421.8962450149913,251.36908525669315,681.7853302716844,within,15.28
fish12,3636,181.8,20.0,20.0,18.82326492608762,1.4052113463721885,4.83303593156942,18.752922381282698,39.24470820408561,421.9421044445462,251.3697753608598,681.831879805406,within,15.28
fish12,3637,181.85,20.0,20.0,18.82326492608762,1.4052113463721885,4.83303593156942,18.775763943257463,39.32895804887551,421.95768604176834,251.36923499627645,681.8469210380448,within,15.28
fish12,3638,181.9,20.0,20.0,18.82326492608762,1.4052113463721885,4.83303593156942,18.775763943257463,39.32895804887551,421.9452642061021,251.3695605171098,681.8348247232119,within,15.28
fish12,3639,181.95,20.0,20.0,18.82326492608762,1.4052113463721885,4.83303593156942,18.821447067207,39.35762186672706,421.92417909732393,251.3695605171098,681.8337396144336,within,15.28
fish12,3640,182.0,20.0,20.0,18.82326492608762,1.4052113463721885,4.83303593156942,18.821447067207,39.35762186672706,421.86549422132697,251.3694368191931,681.79493104052,within,15.28
fish12,3641,182.05,20.0,20.0,18.82326492608762,1.4052113463721885,4.83303593156942,18.79860550523223,39.339096273042166,421.84634491577145,251.3691308296098,681.7954757453813,within,15.28
fish12,3642,182.1,20.0,20.0,18.82326492608762,1.4052113463721885,4.83303593156942,18.752922381282698,39.31043245519061,421.82588481980304,251.36881832960967,681.6947031494128,within,15.28
fish12,3643,182.15,20.0,20.0,18.82326492608762,1.4052113463721885,5.235788925866871,18.752922381282698,39.31043245519061,421.8107459574381,251.3688899441931,681.6596359016312,within,15.28
fish12,3644,182.2,20.0,20.0,18.82326492608762,1.4052113463721885,5.235788925866871,18.775763943257463,39.32895804887551,421.8532417914308,251.36896155877645,681.7222033502073,within,15.28
fish12,3645,182.25,20.0,20.0,18.82326492608762,1.4052113463721885,5.235788925866871,18.775763943257463,39.32895804887551,419.1782504154723,251.4044368191931,679.0826872346654,within,15.28
fish12,3646,182.3,20.0,20.0,18.82326492608762,1.4052113463721885,5.235788925866871,18.775763943257463,39.32895804887551,419.18496911754846,255.0377831733598,682.7027522909083,within,15.28
fish12,3660,183.0,20.0,20.0,18.235037897147382,1.4930370555204504,5.235788925866871,18.227566455863084,38.49546204726635,423.2862536091935,254.5392740867509,686.0455276959444,within,15.28
fish12,3661,183.05,20.0,20.0,18.235037897147382,1.4930370555204504,5.235788925866871,18.273249579812617,38.49755669092968,423.2907327758601,254.54032226383424,686.1710550396944,within,15.28
fish12,3662,183.1,20.0,20.0,18.235037897147382,1.4930370555204504,5.235788925866871,18.273249579812617,38.49755669092968,423.2752900675269,254.5407975242509,686.1160875917777,within,15.28
fish12,3663,183.15,20.0,20.0,18.652906305822967,1.4297729552172405,5.235788925866871,18.18188333191356,38.61988379066411,423.2539793036379,254.5406868471676,685.9746661508054,within,15.28
fish12,3671,183.55,20.0,20.0,18.673581674493068,1.4355811766781508,5.235788925866871,18.136200207964023,38.59091609895386,432.8657588175268,253.3991536447737,694.5049124623006,within,15.28
fish12,3672,183.6,20.0,20.0,18.673581674493068,1.4355811766781508,5.235788925866871,18.136200207964023,38.59091609895386,432.8539185397489,253.39956380102376,694.4934823407727,within,15.28
fish12,3673,183.65,20.0,20.0,18.673581674493068,1.4355811766781508,5.235788925866871,18.318932703762147,38.65802644332221,432.8869567341935,253.40647135310715,694.5734280873006,within,15.28
fish12,3674,183.7,20.0,20.0,18.673581674493068,1.4355811766781508,5.235788925866871,18.15904176993879,38.59644694144584,432.91664423419337,253.40624999894044,694.5828942331339,within,15.28
fish12,3675,183.75,20.0,20.0,18.696396609478228,1.4371496125659742,5.235788925866871,18.18188333191356,38.59713609804111,432.9891615953045,253.40733398258425,694.6964955778888,within,15.28
fish12,3676,183.8,20.0,20.0,18.696396609478228,1.4371496125659742,5.235788925866871,18.18188333191356,38.59713609804111,432.96893590086,253.4779296864403,694.7068655873002,within,15.28
fish12,3677,183.85,20.0,20.0,18.696396609478228,1.4371496125659742,5.235788925866871,18.18188333191356,38.59713609804111,432.94811992863777,253.60615884191725,694.814278770555,within,15.28
fish12,3678,183.9,20.0,20.0,18.696396609478228,1.4371496125659742,5.235788925866871,18.18188333191356,38.59713609804111,432.9220956230823,253.60845701900053,694.7905526420827,within,15.28
fish12,3679,183.95,20.0,20.0,18.696396609478228,1.4371496125659742,5.235788925866871,18.18188333191356,38.59713609804111,432.90223451197113,254.02015298460853,695.1223874965797,within,15.28
fish13,1739,86.95,20.0,20.0,30.82923169004496,6.045454545454546,21.10845772834585,116.26159469266838,70.05368195168414,416.860423696711,251.9433168525589,687.1037405492698,within,13.88
fish13,1754,87.7,20.0,20.0,31.64052726083561,5.856534090909091,22.21942918773248,116.48105971332464,70.08014024379052,428.0472130594136,246.9376756835937,693.7448887430073,within,13.88
fish13,1755,87.75,20.0,20.0,31.64052726083561,5.856534090909091,22.77491491742579,116.48105971332464,70.08014024379052,428.0472130594136,246.93748688151047,693.744699940924,within,13.88
fish13,1761,88.05,20.0,20.0,31.64052726083561,5.856534090909091,22.21942918773248,117.02972226496536,70.45609539240075,428.0034370177469,246.9396874023438,693.8431244200907,within,13.88
fish13,1771,88.55,20.0,20.0,31.64052726083561,5.856534090909091,23.3304006471191,116.9199897546372,70.2627949925218,425.8805897955247,251.0422394856772,696.2428292812018,within,13.88
fish13,1772,88.6,20.0,20.0,31.64052726083561,5.856534090909091,23.3304006471191,117.13945477529349,70.45770080883923,425.8837321566357,251.0444530273438,696.2681851839795,within,13.88
fish13,1773,88.65,20.0,20.0,31.726820879611385,5.941831664605575,23.3304006471191,118.5111111543953,70.94071929060951,425.87624083719135,251.0471222981772,696.3833631353685,within,13.88
fish13,4447,222.35,20.0,20.0,31.64052726083561,5.856534090909091,27.7742864846656,115.87753090651984,69.52862932053851,421.671739887586,251.2667350130611,691.2784749006471,within,13.88
fish13,4448,222.4,20.0,20.0,31.64052726083561,5.856534090909091,27.7742864846656,115.87753090651984,69.52862932053851,421.4749256383636,253.4227897005611,693.2377153389248,within,13.88
fish13,4497,224.85,20.0,20.0,30.82923169004496,6.045454545454546,22.77491491742579,115.27400209971506,69.47807617204002,422.2108547941797,252.33995109531617,692.3508058894959,within,13.88
fish13,4498,224.9,20.0,20.0,30.82923169004496,6.045454545454546,22.77491491742579,115.27400209971506,69.47807617204002,422.0388148636241,255.3447297411495,695.1835446047736,within,13.88
fish13,4499,224.95,20.0,20.0,30.82923169004496,6.045454545454546,22.77491491742579,115.27400209971506,69.47807617204002,422.0388148636241,255.34506177239945,695.1838766360236,within,13.88
fish13,4500,225.0,20.0,20.0,30.82923169004496,6.045454545454546,22.77491491742579,115.27400209971506,69.47807617204002,422.0388148636241,255.34506177239945,695.1838766360236,within,13.88
fish13,4501,225.05,20.0,20.0,30.82923169004496,6.045454545454546,22.77491491742579,115.27400209971506,69.47807617204002,422.0249520164018,255.34506177239945,695.1700137888013,within,13.88
fish13,4502,225.1,20.0,20.0,30.82923169004496,6.045454545454546,22.77491491742579,115.27400209971506,69.47807617204002,422.0249520164018,255.3450682828161,695.1700202992179,within,13.88
fish13,4503,225.15,20.0,20.0,30.82923169004496,6.045454545454546,22.77491491742579,115.27400209971506,69.47807617204002,422.0249520164018,255.34590161614943,695.1708536325513,within,13.88
fish13,4504,225.2,20.0,20.0,30.82923169004496,6.045454545454546,23.3304006471191,115.27400209971506,69.47807617204002,422.0249520164018,255.3462661994828,695.1712182158847,within,13.88
fish13,4505,225.25,20.0,20.0,30.82923169004496,6.045454545454546,23.3304006471191,115.27400209971506,69.47807617204002,422.0246742386241,255.34685864739944,695.1715328860236,within,13.88
fish13,4506,225.3,20.0,20.0,30.82923169004496,6.045454545454546,22.21942918773248,115.27400209971506,69.47807617204002,422.00575062751307,255.3481542203161,695.1539048478292,within,13.88
fish13,4507,225.35,20.0,20.0,30.82923169004496,6.045454545454546,22.21942918773248,115.27400209971506,69.47807617204002,422.00575062751307,255.34855786614943,695.1543084936625,within,13.88
fish13,4508,225.4,20.0,20.0,30.82923169004496,6.045454545454546,22.21942918773248,115.27400209971506,69.47807617204002,422.00575062751307,255.34855786614943,695.1543084936625,within,13.88
fish13,4509,225.45,20.0,20.0,30.82923169004496,6.045454545454546,21.10845772834585,115.27400209971506,69.47807617204002,422.00575062751307,255.3481411994828,695.1538918269957,within,13.88
fish13,4510,225.5,20.0,20.0,30.82923169004496,6.045454545454546,15.553600431412733,115.27400209971506,69.47807617204002,422.00575062751307,255.3482323453161,695.1539829728292,within,13.88
fish13,4511,225.55,20.0,20.0,30.82923169004496,6.045454545454546,15.553600431412733,115.27400209971506,69.47807617204002,421.99957875251306,254.1928286994828,693.9924074519959,within,13.88
fish13,4512,225.6,20.0,20.0,30.82923169004496,6.045454545454546,15.553600431412733,115.27400209971506,69.47807617204002,421.99957875251306,254.2126854703161,694.0122642228291,within,13.88
fish13,4513,225.65,20.0,20.0,30.82923169004496,6.045454545454546,15.553600431412733,115.27400209971506,69.47807617204002,423.6462106969575,254.2135513557328,695.6597620526902,within,13.88
fish13,4514,225.7,20.0,20.0,30.82923169004496,6.045454545454546,15.553600431412733,115.27400209971506,69.47807617204002,423.459327016402,254.2139615119828,695.4732885283847,within,13.88
fish13,4534,226.7,20.0,20.0,31.64052726083561,6.045454545454546,18.331029079879297,115.71293214102764,68.72741824860476,411.7887584270712,255.1184406786495,685.0071991057208,within,13.88
fish13,4535,226.75,20.0,20.0,31.64052726083561,6.045454545454546,18.331029079879297,115.71293214102764,68.72741824860476,411.7887584270712,255.21134432448284,685.1001027515541,within,13.88
fish13,4536,226.8,20.0,20.0,31.64052726083561,6.045454545454546,18.331029079879297,115.71293214102764,68.72741824860476,411.7881681492934,255.42254224114944,685.3107103904429,within,13.88
fish13,4537,226.85,20.0,20.0,31.64052726083561,6.045454545454546,18.331029079879297,115.71293214102764,68.72741824860476,411.79013863540456,255.42255526198284,685.3326938973875,within,13.88
fish13,4538,226.9,20.0,20.0,31.64052726083561,6.045454545454546,18.331029079879297,115.71293214102764,68.72741824860476,411.78781224651567,255.41980786614948,685.3276201126652,within,13.88
fish13,4539,226.95,20.0,20.0,31.64052726083561,6.045454545454546,18.331029079879297,115.71293214102764,68.72741824860476,411.7864841215157,255.4197557828161,685.3262399043318,within,13.88
fish13,4540,227.0,20.0,20.0,31.64052726083561,6.045454545454546,18.331029079879297,115.71293214102764,68.72741824860476,411.7864841215157,255.4197622932328,685.3262464147484,within,13.88
fish13,4541,227.05,20.0,20.0,31.64052726083561,6.045454545454546,18.331029079879297,115.71293214102764,68.72741824860476,411.7864841215157,255.41996411614943,685.3264482376652,within,13.88
fish13,4542,227.1,20.0,20.0,31.64052726083561,6.045454545454546,18.331029079879297,115.71293214102764,68.72741824860476,411.7864841215157,255.4195800015661,685.3260641230818,within,13.88
fish13,4543,227.15,20.0,20.0,31.64052726083561,6.045454545454546,18.331029079879297,115.71293214102764,68.72741824860476,411.7864841215157,255.4202701057328,685.3267542272484,within,13.88
fish13,4544,227.2,20.0,20.0,31.64052726083561,6.045454545454546,18.331029079879297,115.71293214102764,68.72741824860476,411.7864841215157,255.4796971890661,685.3861813105818,within,13.88
fish13,4545,227.25,20.0,20.0,31.64052726083561,6.045454545454546,18.331029079879297,115.71293214102764,68.72741824860476,411.7823217907375,255.47995109531607,685.3822728860536,within,13.88
fish13,4546,227.3,20.0,20.0,31.64052726083561,6.045454545454546,18.331029079879297,115.87753090651984,68.93355046920324,411.78904922129306,255.47980786614943,685.4888570874425,within,13.88
fish13,4547,227.35,20.0,20.0,31.64052726083561,6.045454545454546,17.220057620492668,118.73057617505158,69.84701833892163,415.9646258894555,254.5225390338475,689.147164923303,within,13.88
fish13,4548,227.4,20.0,20.0,31.64052726083561,6.045454545454546,17.220057620492668,118.73057617505158,69.84701833892163,415.9299904727888,256.51432288801414,691.1043133608028,within,13.88
fish13,4549,227.45,20.0,20.0,31.64052726083561,6.045454545454546,17.220057620492668,118.73057617505158,69.84701833892163,415.8097560977888,256.69232419009745,691.1620802878862,within,13.88
fish13,4550,227.5,20.0,20.0,31.64052726083561,6.045454545454546,17.220057620492668,118.73057617505158,69.84701833892163,415.8097560977888,251.8809439817641,686.3507000795529,within,13.88
fish13,4551,227.55,20.0,20.0,31.64052726083561,6.045454545454546,17.220057620492668,118.73057617505158,69.84701833892163,423.4101640839,251.87885413801413,693.9490182219141,within,13.88
fish13,4552,227.6,20.0,20.0,31.64052726083561,5.856534090909091,17.220057620492668,117.41378605111386,69.70119344125783,423.4076727644555,251.79093747134743,693.678610235803,within,13.88
fish13,4553,227.65,20.0,20.0,31.64052726083561,5.856534090909091,17.220057620492668,117.41378605111386,69.70119344125783,423.4076727644555,251.79083981509748,693.6785125795531,within,13.88
fish13,4554,227.7,20.0,20.0,31.64052726083561,5.856534090909091,17.220057620492668,117.41378605111386,69.70119344125783,423.4076640839,251.77523434634747,693.6628984302474,within,13.88
fish13,4556,227.8,20.0,20.0,31.64052726083561,5.856534090909091,17.220057620492668,117.41378605111386,69.70119344125783,423.7195217227888,251.7751887734308,693.9747104962196,within,13.88
fish13,4575,228.75,20.0,20.0,31.64052726083561,5.856534090909091,17.220057620492668,118.18191362341088,70.28611361550814,422.76321963945554,255.53953773176409,696.8427573712196,within,13.88
fish14,857,42.85,20.0,20.0,19.74348314787212,1.8644425401134568,6.932389623391953,17.809349830124575,37.50087205128629,422.291805555254,253.81005530411403,691.321860859368,within,12.32
fish14,858,42.9,20.0,20.0,19.23723999023437,1.9455052592488244,6.932389623391953,17.439044960362402,37.07130776396412,422.1854774302542,253.81029618953067,690.6757736197848,within,12.32
fish14,859,42.95,20.0,20.0,18.730996832596624,1.9455052592488244,6.932389623391953,17.27703657984145,36.86019538102614,421.99477864159473,257.5795214499473,694.354300091542,within,12.32
fish14,860,43.0,20.0,20.0,18.730996832596624,1.9455052592488244,6.932389623391953,17.797777802944506,37.217961424903976,422.02887586381706,257.5795214499473,694.4283973137644,within,12.32
fish14,861,43.05,20.0,20.0,19.23723999023437,1.9455052592488244,6.932389623391953,17.369612797281995,36.857714886333255,421.9390407943724,257.705914679114,694.0849554734864,within,12.32
fish14,862,43.1,20.0,20.0,19.23723999023437,1.8644425401134568,6.585770142222355,17.022451981879957,37.08710274046333,421.956158849928,257.705270147864,694.041428997792,within,12.32
fish14,863,43.15,20.0,20.0,18.730996832596624,1.8644425401134568,6.239150661052758,16.189266024915064,35.88624744282379,421.7783420090664,257.7063118145307,693.104653823597,within,12.32
fish14,1597,79.85,20.0,20.0,18.798326879025456,2.310498544650772,20.103929907836665,19.52200985277464,39.02715065451369,424.3175474295722,247.1512727610164,687.0488201905886,within,12.32
fish14,1598,79.9,20.0,20.0,18.565814686567936,2.46414443979723,20.103929907836665,20.33205175537939,39.871447491817705,424.0616836793501,248.63427406309967,688.8759577424497,within,12.32
fish14,1599,79.95,20.0,20.0,18.37248388840253,2.4945741916760293,20.103929907836665,20.50563216308041,39.979234053495865,423.5419397709412,248.75338864643305,688.2553284173742,within,12.32
fish14,1603,80.15,20.0,20.0,19.23723999023437,2.512944293196398,20.103929907836665,20.99165730464326,40.0665015086505,422.7673129828372,247.60483070674468,685.9521436895819,within,12.32
fish14,1604,80.2,20.0,20.0,19.23723999023437,2.512944293196398,20.103929907836665,20.598208380520948,39.77935652218055,422.61655777450375,247.6036653440688,685.4402231185725,within,12.32
fish14,1605,80.25,20.0,20.0,18.730996832596624,2.512944293196398,20.103929907836665,20.25104756511891,39.65777494028646,422.5474171495037,247.62491857773463,685.1323357272383,within,12.32
fish14,1606,80.3,20.0,20.0,19.23723999023437,2.4318815740610304,20.103929907836665,20.181615402038503,39.29876060266359,422.450533468948,247.6485644083553,684.8190978773034,within,12.32
fish14,1607,80.35,20.0,20.0,18.730996832596624,2.512944293196398,20.103929907836665,20.81807689694224,40.12094206934496,422.41708302469135,247.6732291357676,685.1903121604589,within,12.32
fish14,1609,80.45,20.0,20.0,19.23723999023437,2.269756135790295,19.410690945497468,19.568297961494903,38.99190081686279,422.3302601080247,247.7614191960652,685.0516793040899,within,12.32
fish14,1610,80.5,20.0,20.0,19.74348314787212,2.350818854925663,19.410690945497468,19.73030634201585,39.35708809367652,422.2133590663579,247.82089182942707,684.974250895785,within,12.32
fish14,1611,80.55,20.0,20.0,19.23723999023437,2.4318815740610304,19.06407146432787,19.927030804077013,39.11352273470853,422.1063451774692,247.9077893508806,684.5541345283498,within,12.32
fish14,1613,80.65,20.0,20.0,18.730996832596624,2.269756135790295,18.71745198315828,18.711967950169875,38.26238342299967,422.0066055941358,247.9989024865788,684.1055080807146,within,12.32
fish14,1614,80.7,20.0,20.0,19.23723999023437,2.269756135790295,18.71745198315828,18.353235107587768,38.13366100540883,422.00757781635787,248.002997538662,683.9105753550198,within,12.32
fish14,1645,82.25,20.0,20.0,18.696007996193423,2.538328034291617,13.518159765614309,20.42462797281993,39.71480980959099,416.8325215015363,244.43427364322875,675.6067951447651,within,12.32
fish14,2992,149.6,20.0,20.0,18.730996832596624,2.4318815740610304,20.450549389006262,20.34362378255945,39.44275587488872,423.5653337718634,256.0089647918278,695.3142985636912,within,12.32
fish14,2993,149.65,20.0,20.0,18.730996832596624,2.350818854925663,19.410690945497468,20.04275107587769,38.8539594719794,423.4324171051967,256.02385411474444,695.2962712199411,within,12.32
fish14,2994,149.7,20.0,20.0,18.730996832596624,2.350818854925663,19.410690945497468,19.788166477916192,38.71438801406428,423.4921610230999,256.0374771570736,695.3896381801734,within,12.32
fish14,2995,149.75,20.0,20.0,18.730996832596624,2.350818854925663,19.06407146432787,20.05432310305776,38.92451969279217,423.50040755087775,256.026018826792,695.0664263776697,within,12.32
fish14,3000,150.0,20.0,20.0,18.730996832596624,2.512944293196398,16.984354577310285,20.910653114382782,39.38393029724805,426.3608979849169,255.72019528160104,698.1810932665179,within,12.32
fish14,3003,150.15,20.0,20.0,18.730996832596624,2.350818854925663,15.251257171462296,20.70235662514156,39.53709035510692,425.549144489034,255.7271939795177,697.8363384685516,within,12.32
fish14,3005,150.25,20.0,20.0,18.730996832596624,2.188693416654928,18.37083250198868,18.58467565118913,37.41733970525478,425.0891791991999,254.0771939795177,694.5863731787175,within,12.32
fish14,3904,195.2,20.0,20.0,19.74348314787212,2.0265679783841923,23.57012471953264,18.74668403171008,37.865629604672826,420.2960326376832,251.7283560693423,687.8643887070256,within,12.32
fish14,3924,196.2,20.0,20.0,19.23723999023437,2.188693416654928,17.330974058479885,19.776594450736127,38.58316518330548,417.6947523003285,249.29138996835283,683.5261422686813,within,12.32
fish14,3925,196.25,20.0,20.0,19.23723999023437,2.188693416654928,17.330974058479885,19.18642106455266,38.01116541916695,417.5517488281062,249.28996742922467,682.9817162573308,within,12.32
fish14,3926,196.3,20.0,20.0,19.23723999023437,2.188693416654928,16.637735096140688,19.09384484711212,38.07614563927815,417.4395960503284,249.2908658667247,682.4104619170531,within,12.32
fish14,3927,196.35,20.0,20.0,19.23723999023437,2.350818854925663,15.944496133801492,20.22790351075877,38.83594581022194,417.4384849392174,251.14164711672467,684.960132055942,within,12.32
fish14,3929,196.45,20.0,20.0,19.74348314787212,2.4318815740610304,16.29111561497109,21.257813929784824,39.8386917050661,417.4447871186998,251.4405110481156,685.7652981668153,within,12.32
fish14,3931,196.55,20.0,20.0,19.74348314787212,2.350818854925663,16.637735096140688,20.806504869762176,39.475806322004665,417.25677062958135,251.4856021939489,685.6823728235304,within,12.32
fish14,3934,196.7,20.0,20.0,19.74348314787212,2.350818854925663,16.637735096140688,21.11894960362401,39.795548163260015,417.18363253669264,251.4754915168656,685.5391240535581,within,12.32
fish14,3935,196.75,20.0,20.0,19.74348314787212,2.4318815740610304,16.637735096140688,21.9521355605889,40.51335993920286,417.1633808005816,251.4808430793656,685.8842238799471,within,12.32
fish14,3936,196.8,20.0,20.0,19.23723999023437,2.4318815740610304,15.944496133801492,22.218292185730466,40.771515310885455,417.20931392746905,251.4801594856156,686.5894734130845,within,12.32
fish14,3938,196.9,20.0,20.0,19.74348314787212,2.269756135790295,14.9046376902927,20.7602167610419,39.91864342451096,417.1685804624016,251.47570961100257,685.6642900734041,within,12.32
fish14,3939,196.95,20.0,20.0,19.74348314787212,2.350818854925663,14.5580182091231,21.350390147225365,39.87772788265709,417.1023044207349,251.47590492350264,686.0382093442377,within,12.32
fish14,3940,197.0,20.0,20.0,19.74348314787212,2.269756135790295,13.864779246783906,21.75541109852775,40.517236182573306,417.06312907351264,251.47929034016929,685.662419413682,within,12.32
fish14,3941,197.05,20.0,20.0,19.74348314787212,2.350818854925663,13.518159765614309,21.9521355605889,40.58540007360676,417.0455553891029,251.4777669026693,685.903322291772,within,12.32
fish14,3944,197.2,20.0,20.0,18.730996832596624,2.4318815740610304,10.745203916257529,21.917419479048696,40.60178254116264,411.3873088468576,251.4783365670841,680.2056454139417,within,12.32
fish14,3945,197.25,20.0,20.0,18.730996832596624,2.4318815740610304,7.27900910456155,22.09099988674972,41.02868557051168,411.3467098885241,251.47685219208407,680.7435620806083,within,12.32
fish14,3951,197.55,20.0,20.0,18.730996832596624,2.4318815740610304,6.932389623391953,21.928991506228765,40.52169259831231,416.2153552924261,250.72247714740968,684.1578324398358,within,12.32
fish14,3955,197.75,20.0,20.0,18.730996832596624,2.269756135790295,8.66548702923994,20.482488108720272,39.58935485358485,415.6972129313152,250.7249836578264,682.8021965891415,within,12.32
fish14,3957,197.85,20.0,20.0,18.730996832596624,2.269756135790295,9.358725991579137,21.176809739524348,40.40014860786181,415.6267962646485,250.72862298074293,682.8554192453914,within,12.32
fish14,3962,198.1,20.0,20.0,18.730996832596624,2.4318815740610304,8.66548702923994,21.790127180067948,40.59365235189709,415.5454030286812,250.73202792865968,683.1374309573408,within,12.32
fish14,3963,198.15,20.0,20.0,18.730996832596624,2.350818854925663,8.318867548070344,21.153665685164214,39.99279296285253,424.6752641397924,250.9881021474096,692.1433662872021,within,12.32
fish14,3972,198.6,20.0,20.0,18.730996832596624,2.4318815740610304,6.585770142222355,22.19514813137033,40.92107998003104,424.3124386257596,248.5373436919742,689.5697823177338,within,12.32
fish15,3299,164.95,20.0,20.0,19.55710837954567,1.539608319600423,4.898982029048311,23.33008407799945,40.10702329950647,439.0695731119039,265.6402441245079,716.5498172364117,within,9.61
fish15,3300,165.0,20.0,20.0,20.03411102294922,1.539608319600423,4.898982029048311,24.031590042544103,41.07882403655053,439.0175071396816,264.76115558284124,715.9186627225228,within,9.61
fish15,3301,165.05,20.0,20.0,20.511113666352777,1.539608319600423,4.898982029048311,24.29214940080355,41.55801016962524,438.8587224174594,264.57787431690423,715.6765967343637,within,9.61
fish15,3302,165.1,20.0,20.0,20.511113666352777,1.539608319600423,4.898982029048311,24.29214940080355,41.55801016962524,438.77504186190384,264.6964159835709,715.7114578454748,within,9.61
fish15,3303,165.15,20.0,20.0,20.511113666352777,1.458576302779348,4.898982029048311,23.83115976695992,41.330508556048535,438.6408317924594,264.6960871988508,715.4169189913104,within,9.61
fish15,3304,165.2,20.0,20.0,20.511113666352777,1.458576302779348,4.898982029048311,23.83115976695992,41.330508556048535,438.4554411674593,264.6953352520306,715.2307764194899,within,9.61
fish15,3305,165.25,20.0,20.0,20.511113666352777,1.458576302779348,4.898982029048311,23.690858574050985,41.28098876175495,438.38327102857056,264.69615556453056,715.139426593101,within,9.61
fish15,3306,165.3,20.0,20.0,20.511113666352777,1.458576302779348,4.898982029048311,23.690858574050985,41.28098876175495,438.3357276257927,264.6942480124473,715.0899756382399,within,9.61
fish15,3307,165.35,20.0,20.0,20.511113666352777,1.458576302779348,4.898982029048311,23.690858574050985,41.28098876175495,438.3355279730149,264.694859991614,715.0903879646289,within,9.61
fish15,3308,165.4,20.0,20.0,20.511113666352777,1.458576302779348,4.898982029048311,23.690858574050985,41.28098876175495,438.317715473015,264.69573236227035,715.0734478352854,within,9.61
fish15,3309,165.45,20.0,20.0,20.03411102294922,1.458576302779348,4.898982029048311,23.089567747298425,40.579579993502186,438.3247033202371,264.69758132060366,714.8022846408408,within,9.61
fish15,3310,165.5,20.0,20.0,20.03411102294922,1.458576302779348,4.898982029048311,23.109610774856847,40.59521640574871,438.3486182507928,264.6974804138184,714.8460986646111,within,9.61
fish15,3311,165.55,20.0,20.0,20.03411102294922,1.458576302779348,4.898982029048311,23.109610774856847,40.59521640574871,438.2826807507928,264.6998925185204,714.7825732693132,within,9.61
fish15,3312,165.6,20.0,20.0,20.03411102294922,1.458576302779348,4.898982029048311,23.12965380241526,40.60310598928636,438.21669984801497,264.70286126852034,714.7395611165354,within,9.61
fish15,3313,165.65,20.0,20.0,20.03411102294922,1.458576302779348,4.898982029048311,23.470385270908377,40.87029620519267,438.1689307507928,264.703570903937,714.8325016547299,within,9.61
fish15,3314,165.7,20.0,20.0,20.03411102294922,1.458576302779348,4.898982029048311,23.470385270908377,40.87029620519267,438.1889828341261,264.70437818220984,714.853361016336,within,9.61
fish15,3315,165.75,20.0,20.0,20.03411102294922,1.458576302779348,4.898982029048311,23.470385270908377,40.87029620519267,438.2312484591261,264.7052277898153,714.8964762489413,within,9.61
fish15,3318,165.9,20.0,20.0,20.03411102294922,1.458576302779348,4.898982029048311,23.470385270908377,40.678619344164666,440.2152762369039,263.54900383499995,715.7442800719039,within,9.61
fish15,3319,165.95,20.0,20.0,20.03411102294922,1.458576302779348,4.898982029048311,23.470385270908377,40.678619344164666,440.19394811190375,263.58356763708326,715.7575157489871,within,9.61
fish15,3320,166.0,20.0,20.0,20.03411102294922,1.458576302779348,4.898982029048311,23.51047132602521,40.70090080335148,440.2745991535705,263.6678124287499,715.9624115823203,within,9.61
fish15,3321,166.05,20.0,20.0,20.03411102294922,1.539608319600423,4.898982029048311,24.11176215277778,40.893190225349805,440.1444689452371,263.6583918558332,716.0028608010704,within,9.61
fish15,3322,166.1,20.0,20.0,20.03411102294922,1.539608319600423,4.898982029048311,24.11176215277778,40.893190225349805,440.1565956813482,263.6749413349999,716.0315370163482,within,9.61
fish15,3323,166.15,20.0,20.0,20.03411102294922,1.539608319600423,4.898982029048311,24.031590042544103,40.88975069050501,440.1616651257927,263.6769595641666,716.0186246899592,within,9.61
fish15,3324,166.2,20.0,20.0,20.511113666352777,1.539608319600423,4.898982029048311,24.272106373245133,41.471356703757785,440.0945904730149,263.6780598061456,716.0726502791605,within,9.61
fish15,3342,167.1,20.0,20.0,20.03411102294922,1.458576302779348,4.898982029048311,23.83115976695992,40.479549638818256,439.11919123143326,264.3704945337931,715.7496857652263,within,9.61
fish15,3347,167.35,20.0,20.0,20.03411102294922,1.539608319600423,4.572383227111756,24.95356931023137,42.3270522737922,443.6343873191363,262.8115526648522,719.2259399839884,within,9.61
fish15,3348,167.4,20.0,20.0,20.03411102294922,1.539608319600423,4.572383227111756,24.95356931023137,42.3270522737922,443.6847301937904,263.70954745651875,720.174277650309,within,9.61
fish15,3349,167.45,20.0,20.0,20.03411102294922,1.539608319600423,4.572383227111756,24.95356931023137,42.3270522737922,443.6528725549015,263.70947584193544,720.142348396837,within,9.61
fish15,3350,167.5,20.0,20.0,20.03411102294922,1.539608319600423,4.572383227111756,24.95356931023137,42.3270522737922,443.4248690826792,263.70947584193544,719.9143449246146,within,9.61
fish15,3351,167.55,20.0,20.0,20.511113666352777,1.539608319600423,4.572383227111756,25.434601971633416,43.09147278554701,443.305928110457,263.7090526648521,719.9549807753092,within,9.61
fish15,3352,167.6,20.0,20.0,20.511113666352777,1.539608319600423,4.572383227111756,25.434601971633416,43.09147278554701,443.13385345767927,263.7092935502688,719.7831470079482,within,9.61
fish15,3353,167.65,20.0,20.0,20.03411102294922,1.539608319600423,4.572383227111756,25.25421472360765,42.662764236497175,443.0027336660125,263.7092935502688,719.6120272162813,within,9.61
fish15,3354,167.7,20.0,20.0,20.03411102294922,1.539608319600423,4.572383227111756,25.25421472360765,42.662764236497175,442.8859628326791,263.71229485235216,719.4582576850313,within,9.61
fish15,3355,167.75,20.0,20.0,20.03411102294922,1.539608319600423,4.572383227111756,25.434601971633416,42.88399025263049,442.8542006799014,263.7124120398521,719.5266127197535,within,9.61
fish15,3356,167.8,20.0,20.0,20.03411102294922,1.539608319600423,4.572383227111756,25.434601971633416,42.88399025263049,442.8099385271236,263.7126203731854,719.4825589003091,within,9.61
fish15,3357,167.85,20.0,20.0,20.03411102294922,1.539608319600423,4.572383227111756,25.434601971633416,42.88399025263049,442.7738968604569,263.71235995651875,719.4462568169756,within,9.61
fish15,3358,167.9,20.0,20.0,20.03411102294922,1.539608319600423,4.572383227111756,25.434601971633416,42.88399025263049,435.8817354021237,263.4156932898522,712.2774286919758,within,9.61
fish15,3359,167.95,20.0,20.0,20.03411102294922,1.539608319600423,4.572383227111756,24.95356931023137,42.48360611742485,435.7640791521237,263.4156932898522,711.879772441976,within,9.61
fish15,3360,168.0,20.0,20.0,20.511113666352777,1.3775442859582736,4.572383227111756,24.15184820789462,41.519547450595375,435.7051294993458,263.32461256068547,711.5497420600313,within,9.61
fish15,3361,168.05,20.0,20.0,20.511113666352777,1.3775442859582736,4.572383227111756,24.232020318128296,41.56958244706607,435.7746260271237,263.32461256068547,711.7192385878092,within,9.61
fish15,3362,168.1,20.0,20.0,20.511113666352777,1.3775442859582736,4.572383227111756,24.232020318128296,41.56958244706607,435.74532047156816,263.32461256068547,711.6299330322536,within,9.61
fish15,3363,168.15,20.0,20.0,20.511113666352777,1.3775442859582736,4.572383227111756,24.232020318128296,41.56958244706607,435.7013447771236,263.32485344610217,711.6061982232258,within,9.61
fish15,3364,168.2,20.0,20.0,20.511113666352777,1.3775442859582736,4.572383227111756,24.232020318128296,41.56958244706607,435.7160409576792,263.32485344610217,711.6208944037814,within,9.61
fish15,3370,168.5,20.0,20.0,19.55710837954567,1.539608319600423,4.572383227111756,24.51262270394616,40.594420690333045,435.8821173465681,263.3249315711022,711.7870489176704,within,9.61
fish15,3372,168.6,20.0,20.0,20.03411102294922,1.539608319600423,4.572383227111756,24.81326811732244,41.04886722123912,435.77920936045695,263.3248859981855,711.8640953586424,within,9.61
fish15,3373,168.65,20.0,20.0,20.03411102294922,1.539608319600423,4.572383227111756,25.49473105430868,41.70600143587242,435.8001034576792,263.3248859981855,712.3049894558645,within,9.61
fish15,3374,168.7,20.0,20.0,20.03411102294922,1.620640336421498,4.572383227111756,25.635032247217605,41.26305689944647,435.7967701243459,263.3252310502688,712.2420011746148,within,9.61
fish15,3376,168.8,20.0,20.0,19.55710837954567,1.620640336421498,4.245784425175203,25.13395655825714,40.7161573449986,445.12940033267927,263.32548495651884,721.1748852891981,within,9.61
fish15,3377,168.85,20.0,20.0,20.03411102294922,1.620640336421498,4.245784425175203,25.75529041256812,41.49914450220059,445.003115610457,263.32557610235216,721.1686917128092,within,9.61
fish15,3378,168.9,20.0,20.0,20.03411102294922,1.539608319600423,4.245784425175203,25.09387050314029,41.16397148655922,444.97417463823473,263.32555006068543,720.8797246989202,within,9.61
fish2,11,0.55,20.0,20.0,23.791921926806538,3.824644110534104,75.56251851130165,60.12944871505666,51.828496986702646,437.1352938259548,269.50751299841147,716.8628068243663,within,16.0
fish2,15,0.75,20.0,20.0,24.305528310358337,3.0835266329611866,58.47099646707865,55.34136298404289,51.36745859315454,436.5093126518345,269.62040362341145,716.209716275246,within,16.0
fish2,16,0.8,20.0,20.0,23.648622139808115,3.2649105525471382,53.97322750807261,57.23432711025764,50.84508687656999,436.5036615439334,269.20317706091146,716.0668386048449,within,16.0
fish2,22,1.1,20.0,20.0,23.648622139808115,3.2649105525471382,22.488844795030253,56.95595003287311,50.82592433838467,436.299403998462,269.0935807067447,715.9929847052067,within,16.0
fish2,23,1.15,20.0,20.0,24.962434480908566,2.9021427133752336,22.93862169093085,54.56190716736624,51.75257693090937,436.138436126709,269.0926692484114,715.5511053751205,within,16.0
fish2,28,1.4,20.0,20.0,23.670446006993025,2.92306755546263,24.28795237863267,53.44839885782814,49.91736938502257,447.1440612654321,269.0933007588281,726.0773620242602,within,16.0
fish2,31,1.55,20.0,20.0,24.37256108647459,2.908425390033256,22.93862169093085,49.82949685182937,48.84728876564636,447.22892257961695,269.2511262796614,725.7400488592783,within,16.0
fish2,34,1.7,20.0,20.0,25.00759327187645,2.8952028811934283,10.344868605713916,50.27490017564459,49.125812550579,447.4091783243626,267.1753840921614,723.824562416524,within,16.0
fish2,38,1.9,20.0,20.0,25.18675997941887,2.810391762764515,17.9910758360242,52.947320118536005,50.34254511103336,447.8528501378754,267.0788020609113,724.8116521987866,within,16.0
fish2,41,2.05,20.0,20.0,25.128791036992805,3.031393217307334,9.445314813912706,51.88948722447482,50.03366708896999,447.9554934587644,267.07881508174466,724.5143085405091,within,16.0
fish2,42,2.1,20.0,20.0,24.64085256842264,2.8629825406728773,12.143976189316335,50.10787392921389,49.35764319935149,447.614855407696,267.07194008174474,723.7667954894408,within,16.0
fish2,289,14.45,20.0,20.0,24.15291409985247,3.0650754218267,8.09598412621089,51.22138223875197,48.64724087384474,458.43276041666667,268.6945767038558,736.5873371205225,within,16.0
fish2,290,14.5,20.0,20.0,24.38352188508141,3.2446942413956235,8.09598412621089,53.44839885782814,49.24989795530497,458.5113802083333,268.6962238392723,736.8876040476056,within,16.0
fish2,291,14.55,20.0,20.0,24.648179814679235,3.329199702069725,7.646207230310285,55.39703839951979,49.91460464500198,458.59357204859214,268.6982941517724,737.1718662003644,within,16.0
fish2,292,14.6,20.0,20.0,24.97107732370576,3.3258113466077948,8.09598412621089,57.06730086382693,50.7396101456689,458.5853342013701,268.698535037189,737.463869238559,within,16.0
fish2,296,14.8,20.0,20.0,23.689643692893085,3.206444987616206,8.545761022111495,52.668943041151486,48.13991466580729,458.14293836261146,266.1899087351057,734.1128470977171,within,16.0
fish2,297,14.85,20.0,20.0,24.31418869444274,3.2859796609432577,8.545761022111495,55.5640646459505,49.18482988258752,458.1612803765004,266.189453005939,734.6707333824394,within,16.0
fish2,298,14.9,20.0,20.0,24.154147001753376,3.2064453335785776,8.545761022111495,53.22569719592053,48.59136000379541,458.1691579812886,266.1885024851057,734.4376604663943,within,16.0
fish2,302,15.1,20.0,20.0,24.13095742006441,3.247159569251629,9.445314813912706,55.34136298404289,49.15225022762004,460.1183157762316,265.654739550103,736.1730553263345,within,16.0
fish2,303,15.15,20.0,20.0,24.59605212089343,3.26994499697046,9.445314813912706,56.56622212453479,49.87490861987389,459.3825214936999,265.655423143853,735.577944637553,within,16.0
fish2,308,15.4,20.0,20.0,25.37275776537972,3.0650754218267,9.445314813912706,55.67541547690432,50.840326538224886,454.3833764912923,265.65567053968635,730.3990470309787,within,16.0
fish2,310,15.5,20.0,20.0,24.429039019487973,2.902363783330326,8.09598412621089,52.27921513281315,49.280384134467134,454.185047519241,265.65766272718633,729.6027102464273,within,16.0
fish2,311,15.55,20.0,20.0,23.783837899301822,2.9708563756610067,8.09598412621089,51.666785562567206,48.55523033127147,454.0216143470294,265.659036425103,729.3406507721323,within,16.0
fish2,312,15.6,20.0,20.0,24.313309124184165,2.9589659949308555,6.29687654260847,52.27921513281315,49.34192722342069,453.7602384747352,265.65824215426966,729.1384806290049,within,16.0
fish2,313,15.65,20.0,20.0,24.633605510907564,2.964884027249805,5.847099646707866,53.28137261139743,49.87217681555917,453.6589233831712,265.65683590426966,729.1357592874409,within,16.0
fish2,652,32.6,20.0,20.0,24.10005718969845,3.49393072292584,7.196430334409681,57.9024320959805,51.32907508246701,448.7097826168861,265.7393457030295,723.5091283199156,within,16.0
fish2,653,32.65,20.0,20.0,24.721108969195537,3.7238825699697418,7.646207230310285,62.18943908770214,52.96391706635668,448.4688017141083,267.1339485676129,725.3427502817212,within,16.0
fish2,654,32.7,20.0,20.0,24.727073006846258,3.065978729577476,7.646207230310285,56.343520462627176,51.610050054188,448.2252774085528,267.1323925780297,724.5776699865826,within,16.0
fish2,655,32.75,20.0,20.0,24.89822835793097,3.1020715998982227,7.646207230310285,57.73540584954978,51.943721092882434,448.2338537974415,267.0918912759463,724.8657450733878,within,16.0
fish2,1605,80.25,20.0,20.0,23.891829581048736,3.439763394492665,4.947545854906655,52.446241379243865,48.82538778288306,477.98809448828047,268.960162731764,756.3482572200445,within,16.0
fish2,1713,85.65,20.0,20.0,24.962434480908566,2.720758793789281,11.244422397515123,55.00731049118146,52.58785199715956,465.648932278932,266.5889973931207,742.4779296720527,within,16.0
fish2,5861,293.05,20.0,20.0,23.90834345000597,2.955911147194604,8.09598412621089,49.82949685182937,49.99441370379235,449.4732545425226,257.98827148309283,716.6815260256155,within,16.0
fish2,5870,293.5,20.0,20.0,24.21711771693189,2.9914601646680814,8.545761022111495,52.16786430185935,49.56949103821528,449.664287650026,258.49056639794253,717.7548540479685,within,16.0
fish2,5871,293.55,20.0,20.0,25.26485880186519,3.098683244436292,8.545761022111495,55.73109089238122,52.288906414512574,449.66678329036375,258.49134764251704,718.3381309328807,within,16.0
fish2,5875,293.75,20.0,20.0,25.148973540874685,3.283759620408316,8.09598412621089,55.45271381499671,52.667913850773125,449.96445697697766,258.4978385279337,718.7622955049113,within,16.0
fish2,5876,293.8,20.0,20.0,25.21676059234088,3.2843453347024814,8.09598412621089,56.17649421619646,52.59407863844285,449.88543793853006,258.49765623626695,718.963094174797,within,16.0
fish2,5877,293.85,20.0,20.0,24.68149573088355,3.2843453347024814,8.09598412621089,55.67541547690432,52.09807374729012,460.7722304325056,258.4982486841837,729.6904791166893,within,16.0
fish2,5878,293.9,20.0,20.0,24.58661490837553,3.3804976185975244,8.09598412621089,56.95595003287311,52.7928889843764,461.1011931693184,258.49920571543373,730.2403988847522,within,16.0
fish2,5879,293.95,20.0,20.0,24.305528310358337,3.2649105525471382,8.09598412621089,56.45487129358098,52.441784864068765,461.1502990720961,258.4996158716837,730.3099149437797,within,16.0
fish2,5880,294.0,20.0,20.0,24.91382506815705,3.235923749327479,8.09598412621089,57.12297627930382,52.63080792674128,461.1729423284836,258.49942055918376,730.2323628876673,within,16.0
fish2,5881,294.05,20.0,20.0,24.91936059722025,3.2379739223382407,7.646207230310285,57.51270418764216,52.9110463604589,461.25462632348336,258.4973827987671,730.4120091222504,within,16.0
fish2,5882,294.1,20.0,20.0,25.50701877766968,3.2498224416214967,6.746653438509076,57.401353356688354,53.10458858711407,461.3834414332072,258.4941341008504,730.4975755340575,within,16.0
fish2,5884,294.2,20.0,20.0,25.47058051234233,3.0586560900321182,6.746653438509076,56.343520462627176,52.79462481560126,461.3358199054293,257.9905859237671,729.7864058291965,within,16.0
fish2,5887,294.35,20.0,20.0,25.50832184471941,2.916929837038073,6.746653438509076,55.34136298404289,51.89167391243704,461.1309327414995,257.9895051946004,729.5804379361,within,16.0
fish2,5891,294.55,20.0,20.0,25.55756274381041,2.959933305720273,7.646207230310285,57.401353356688354,52.382113067711046,461.0029162540389,257.9917773300171,729.794693584056,within,16.0
fish2,5892,294.6,20.0,20.0,24.305528310358337,2.9021427133752336,6.746653438509076,55.39703839951979,51.83471293716206,460.8841488929277,257.99239581960046,729.4565447125282,within,16.0
fish2,5893,294.65,20.0,20.0,24.305528310358337,3.0835266329611866,7.196430334409681,57.624055018595975,52.11041049323609,460.9897782163077,257.9928710800171,729.8026492963248,within,16.0
fish2,5894,294.7,20.0,20.0,24.305528310358337,3.0835266329611866,7.196430334409681,57.624055018595975,51.99561302397225,461.1119657163078,257.99502602793376,729.7669917442415,within,16.0
fish2,5895,294.75,20.0,20.0,23.648622139808115,3.0835266329611866,6.746653438509076,56.39919587810408,51.05536860933844,461.123710496521,257.9955468612671,729.4392573577882,within,16.0
fish2,5896,294.8,20.0,20.0,23.648622139808115,2.9021427133752336,6.746653438509076,54.50623175188934,50.892458780442944,461.7696219548543,257.9958658716838,729.9654878265382,within,16.0
fish3,3216,160.8,20.0,20.0,19.853807712288663,9.178889008977372,6.489274772498897,120.2003094049408,46.60006271283509,456.1864581738884,267.2662465997378,771.2527047736262,within,81.9
fish3,3222,161.1,20.0,20.0,19.049826931308534,9.539566337020634,6.229703781598941,122.91000288923676,46.23556426727467,455.0186327776685,267.8800551934878,769.0786879711562,within,81.9
fish3,3223,161.15,20.0,20.0,19.56049921510147,9.073822578481222,5.840347295249007,119.12066590729162,46.09903800748005,455.0128037829743,267.8881606622378,769.6409644452121,within,81.9
fish3,3224,161.2,20.0,20.0,19.05607587624556,9.500654135346323,6.229703781598941,120.22147888528686,45.8114425996559,454.8692794806586,267.99084295390446,769.480122434563,within,81.9
fish3,3242,162.1,20.0,20.0,19.325539753177825,9.572982026803349,4.931848827099161,121.7033425095112,45.181524455910825,448.32775598670105,263.3550324623956,761.7027884490966,within,81.9
fish3,3243,162.15,20.0,20.0,19.33448148577342,9.82364632509618,4.931848827099161,124.98461196315084,45.70947278818422,448.2593358478123,263.2818326258235,762.0211684736357,within,81.9
fish3,3244,162.2,20.0,20.0,19.33448148577342,9.82364632509618,4.802063331649183,126.06425546080004,45.91045161800061,448.35779070892335,263.2487141362402,762.5865048451635,within,81.9
fish3,3245,162.25,20.0,20.0,19.33448148577342,9.82364632509618,4.412706845299249,124.9634424828048,45.77831901994772,448.42496084781226,263.10625970279904,762.4912205506114,within,81.9
fish3,3246,162.3,20.0,20.0,19.568262310778834,9.699372169518243,4.282921349849272,125.68320481457089,45.83922005798718,448.3046570283678,263.111523418808,762.7761804471758,within,81.9
fish3,3247,162.35,20.0,20.0,19.14492774571682,9.366732542533567,4.282921349849272,127.69430544744677,46.57536746087309,455.2250778801813,261.0498762815688,766.21495416175,within,81.9
fish3,3248,162.4,20.0,20.0,19.713588965886625,9.13827565125226,4.153135854399293,127.92716973125349,47.459780698644,454.5974910746258,261.63146482323543,768.0889558978612,within,81.9
fish3,3249,162.45,20.0,20.0,19.97454930284444,9.716474365389614,3.76377936804936,131.08142230281672,47.7143945953671,454.441041421848,261.6329426878188,768.2139841096667,within,81.9
fish3,3250,162.5,20.0,20.0,18.97366529368692,9.70916340324301,3.504208377149404,126.31828922495276,46.41450221981115,454.2952514912924,261.6318131314489,765.7870646227412,within,81.9
fish3,3253,162.65,20.0,20.0,19.2800342448723,9.534121243267863,3.244637386249448,128.85862686648022,46.58483096131199,454.3713452412925,261.65352859967544,767.524873840968,within,81.9
fish3,3254,162.7,20.0,20.0,19.41851612877276,9.331692388161365,3.3744228816994264,126.88986519429643,46.46484325981088,454.4462671162924,261.6640494749281,767.3703165912204,within,81.9
fish3,4798,239.9,20.0,20.0,18.97119087924877,9.888922088088512,4.412706845299249,125.4503405307642,45.93309768373142,461.5077734216574,269.8599576525265,769.0677310741839,within,81.9
fish3,4799,239.95,20.0,20.0,18.95826781237601,9.8912149884828,4.412706845299249,124.92110352211265,45.7006118427517,461.3987109216574,269.8601269233598,768.6188378450173,within,81.9
fish3,4813,240.65,20.0,20.0,19.26662526142957,9.85134414354216,11.161552608698104,122.33842691989304,46.194650981566895,463.88773435804586,268.54119463169314,769.488928989739,within,81.9
fish3,4828,241.4,20.0,20.0,19.804406194341784,9.440887085159892,10.64241062689819,121.06825809912934,46.746214166562325,463.3091579668212,269.6181672879431,771.8673252547642,within,81.9
fish3,4829,241.45,20.0,20.0,19.732646729455244,9.460710956413768,10.64241062689819,117.25775163683818,46.55999599939316,463.19361109182114,269.61858395460973,771.3121950464308,within,81.9
fish3,4833,241.65,20.0,20.0,20.03421146979112,9.191414118998944,10.64241062689819,121.23761394189782,46.13012934660007,463.1136284529323,269.6203482775264,773.4539767304586,within,81.9
fish3,4834,241.7,20.0,20.0,19.830355006886304,9.07474200452302,10.772196122348168,118.40090357552552,45.6687618655134,463.04072480587433,269.6212727566931,772.8219975625674,within,81.9
fish3,4841,242.05,20.0,20.0,20.213938414928247,8.749707033121998,10.772196122348168,121.95737627366394,47.31726294036818,463.237625844979,269.6248860379432,773.3625118829221,within,81.9
fish3,4842,242.1,20.0,20.0,20.210253547605976,9.271234243329292,10.64241062689819,123.67210418169498,47.31521467011769,463.1287977199791,269.6241894233598,772.7929871433389,within,81.9
fish3,4843,242.15,20.0,20.0,20.19645120313042,9.67587930903595,10.772196122348168,123.05818925165916,47.14592142190283,463.11266924775686,269.62336260044304,772.2960318481998,within,81.9
fish3,4850,242.5,20.0,20.0,19.793292298984007,9.419764688027076,10.901981617798146,115.90290489469018,46.46061065037635,460.0410416497125,265.17966780582,764.1207094555324,within,81.9
fish3,4862,243.1,20.0,20.0,20.683644750276173,9.25089793367487,4.931848827099161,124.45537495449928,47.09408204356757,459.9285025860634,265.18734358707,767.1158461731334,within,81.9
fish3,4867,243.35,20.0,20.0,20.62506577235005,10.160493524526178,5.321205313449095,126.46647558737516,48.21035191227334,468.3183723777301,269.0789516599867,779.3373240377168,within,81.9
fish3,4869,243.45,20.0,20.0,20.719077613016704,9.75636525468946,5.450990808899073,131.10259178316278,48.80831780953456,468.5147786277301,269.30555322248665,780.0203318502167,within,81.9
fish3,4876,243.8,20.0,20.0,20.473537896254086,9.121428803087287,11.031767113248124,120.43317368874747,47.40363660029334,469.0042057110633,269.41815739436674,782.2223631054301,within,81.9
fish3,4888,244.4,20.0,20.0,20.38099826710002,9.407996906185907,11.29133810414808,120.68720745290024,47.48129186428298,465.11138018904313,269.04360010270017,777.5349802917433,within,81.9
fish3,5088,254.4,20.0,20.0,20.247252623576497,9.846941356468058,35.69101124874392,121.57632562743484,46.28783969822391,466.89466106770857,270.997867778937,782.3525288466456,within,81.9
fish3,5089,254.45,20.0,20.0,19.897028255771115,9.786653152942293,35.69101124874392,121.11059705982146,45.83564656536752,467.5391619411704,271.07254225157635,782.4117041927467,within,81.9
fish3,5119,255.95,20.0,20.0,20.21967107350967,9.40774765893666,37.37822268959364,119.14183538763768,46.94168444872352,467.4775259907287,270.164218723509,780.0217447142377,within,81.9
fish3,5120,256.0,20.0,20.0,20.07374425359076,9.795338460935266,36.08036773509386,121.21644446155176,46.79611271918363,467.4361197407287,270.07792313368054,779.6740428744092,within,81.9
fish3,5639,281.95,20.0,20.0,19.14492774571682,9.13827565125226,7.787129726998676,130.84855801901006,45.7701335415856,463.9567794740276,268.62617835451766,780.4629578285452,within,81.9
fish3,5738,286.9,20.0,20.0,19.677067129404467,9.437595452780858,5.321205313449095,115.98758281607442,45.77731927280871,450.28940521901455,270.3743422743056,758.2037474933202,within,81.9
fish3,5739,286.95,20.0,20.0,19.568795951297645,9.247595843369291,5.321205313449095,116.9613789119933,45.92539625537215,450.25944864861776,270.37523420138893,758.4346828500067,within,81.9
fish3,5778,288.9,20.0,20.0,19.629244840309987,9.398681508118791,5.191419817999117,118.65493733967826,45.86855896572448,462.8749348727568,263.56445309634745,763.6793879691043,within,81.9
fish3,5779,288.95,20.0,20.0,19.559671999988307,9.466486346346482,5.191419817999117,121.21644446155176,46.07509736332125,462.9062890623304,263.5651952838474,763.8114843461778,within,81.9
fish3,5780,289.0,20.0,20.0,19.59989461177568,9.61137481812608,5.191419817999117,125.2809846879957,46.29996128306677,462.7294140623304,263.56545570051406,763.7348697628445,within,81.9
fish3,5781,289.05,20.0,20.0,19.55627058399852,9.623587061845276,5.191419817999117,121.95737627366394,46.17664073997634,462.85319443359367,263.5671549192641,763.7403493528578,within,81.9
fish3,5782,289.1,20.0,20.0,19.82630136359576,9.387463638914946,5.191419817999117,117.08839579406964,45.887996625844565,462.79406683031226,263.5687629921808,764.162829822493,within,81.9
fish3,5788,289.4,20.0,20.0,19.60819857887319,9.358992805398753,5.191419817999117,114.90793931842526,45.64250798078604,459.7985460015004,268.14087236718075,764.3994183686812,within,81.9
fish3,5793,289.65,20.0,20.0,19.766083863426257,9.048497837866355,5.191419817999117,122.14790159677852,46.527144374355885,459.8473871380088,268.1416080442641,766.1489951822729,within,81.9
fish3,5794,289.7,20.0,20.0,19.79673999274236,8.976929889071371,5.191419817999117,120.49668212978564,46.341505221489015,459.9706857491199,268.1417838255141,765.932469574634,within,81.9
fish3,5837,291.85,20.0,20.0,19.591903019616005,9.24829826743535,5.321205313449095,118.1257003310267,45.98017668745023,461.8147430201212,268.76900386551745,767.4837468856387,within,81.9
fish3,5847,292.35,20.0,20.0,19.497599050535264,9.583434724381885,5.191419817999117,118.9724795448692,45.6725219434024,457.4703167343141,260.75121410106016,754.7415308353743,within,81.9
fish3,5884,294.2,20.0,20.0,19.32590708296584,9.495387697838646,5.321205313449095,117.04605683337756,45.5419981280584,464.7925821320522,266.51164704178706,768.1042291738393,within,81.9
fish3,5885,294.25,20.0,20.0,19.16154869553425,9.498715061466696,5.321205313449095,118.04102240964244,45.73444253666359,464.82794239969127,266.51319652095367,768.3611389206449,within,81.9
fish4,849,42.45,20.0,20.0,25.26207603606594,3.0093991029527323,23.45556250331598,44.25046436254868,50.305487358382216,460.5756552119315,265.0785122700903,760.4541674820218,within,61.25
fish4,862,43.1,20.0,20.0,25.00847353802996,3.0764299097741614,22.329695503156813,45.235934163487606,51.27062047858169,459.66385398574647,265.2624120096736,759.58626599542,within,61.25
fish4,1680,84.0,20.0,20.0,24.76369043282197,3.0363372642546724,24.01849600339556,43.72424262418324,50.03359341205503,445.48614580010303,261.8299413953993,745.5960871955024,within,61.25
fish4,2521,126.05,20.0,20.0,25.59604833531645,3.007837865301562,17.826227502520144,44.08781400705391,51.82748416723314,461.0542056590704,267.2617348386023,761.9159404976728,within,61.25
fish4,2549,127.45,20.0,20.0,25.481228956995675,2.9657204652354685,19.890317002811948,44.55662973759767,51.780715202670535,453.77235675273,264.48253571954297,751.834892472273,within,61.25
fish4,2577,128.85,20.0,20.0,25.423570451394664,3.0516085800237294,19.702672502785425,44.08781400705391,51.75244978644564,444.8211805190852,263.6591665918986,745.9403471109838,within,61.25
fish4,2598,129.9,20.0,20.0,25.61906071973205,3.0438888314051304,20.07796150283848,45.09241914393339,52.15470016384229,463.6209634825906,263.143600239902,761.3045637224926,within,61.25
fish4,2599,129.95,20.0,20.0,25.40479840094189,3.006387495880785,20.07796150283848,43.2936975655206,51.3423373967245,463.3660068853685,263.14360675031867,760.2296136356872,within,61.25
fish4,2600,130.0,20.0,20.0,25.252882373129783,2.9474281467817187,20.07796150283848,44.15478768284587,51.18647754412514,463.3394791075906,263.1421028440687,760.4615819516594,within,61.25
fish4,2607,130.35,20.0,20.0,25.58002162928832,3.076837992554397,19.890317002811948,43.56159226868847,51.03814165289525,463.1612152187018,263.15533852115203,760.5965537398538,within,61.25
fish4,2616,130.8,20.0,20.0,24.88271041811085,3.0751301833444,19.702672502785425,43.97300199141053,50.36765005537374,461.0395485520351,260.3609114413791,754.7604599934142,within,61.25
fish4,2625,131.25,20.0,20.0,25.233899142336647,3.1058785788016343,18.952094502679312,43.40850958116397,51.78691983426727,460.8711675030556,260.4016405963473,757.252808099403,within,61.25
fish4,2629,131.45,20.0,20.0,24.74818226861968,3.077733707636112,18.2015165025732,45.65691155417996,51.36791909526916,461.0903775725001,260.4250325234308,757.7954100959308,within,61.25
fish4,2638,131.9,20.0,20.0,24.872755669591616,3.037593144491622,18.952094502679312,43.55202460071818,51.17890889818961,455.7912022252777,264.1584114296807,756.1496136549584,within,61.25
fish4,2647,132.35,20.0,20.0,25.52562700993779,3.051216156598068,18.2015165025732,45.11155447987396,51.66002661511519,460.1709374667698,264.839667944336,760.0706054111058,within,61.25
fish4,2653,132.65,20.0,20.0,24.92887736776527,3.084208850753055,18.389161002599728,43.88689297967801,51.50466932738765,462.4241839728461,264.14245114431367,764.4466351171596,within,61.25
fish4,2745,137.25,20.0,20.0,25.24034746084816,3.13057181503164,18.013872002546673,44.51835906571655,51.42233024133291,461.1330641851731,254.9144888661596,754.8075530513327,within,61.25
fish4,2746,137.3,20.0,20.0,25.625218403913763,3.057431980803242,18.013872002546673,45.16896048769564,51.40421991717646,461.1727776906709,254.9163508453263,755.2891285359972,within,61.25
fish4,2754,137.7,20.0,20.0,25.109217014852835,3.026581486354176,18.013872002546673,42.84401717091741,50.94869358284618,447.5849956479485,254.22856111208603,737.3735567600345,within,61.25
fish4,2755,137.75,20.0,20.0,24.83578656466228,3.1029402575091,17.826227502520144,43.47548325695594,50.99005261142246,447.5451084951705,254.4231574662528,737.4882659614233,within,61.25
fish4,2757,137.85,20.0,20.0,24.75295159888062,3.1041391376953955,17.826227502520144,44.02084033126194,51.268252024164575,447.4528341832856,254.4266535481771,737.4594877314627,within,61.25
fish4,2955,147.75,20.0,20.0,25.25928051017428,2.983447794176137,21.954406503103755,43.37980657725313,50.82016700630862,458.0706032374065,263.6845376627604,755.6551409001669,within,61.25
fish4,2958,147.9,20.0,20.0,25.307644989905093,2.989458794023464,22.14205100313028,43.47548325695594,51.297156300371775,458.04364577425736,263.6865526262813,754.9701984005387,within,61.25
fish4,2990,149.5,20.0,20.0,25.08459045991489,3.062574512845816,21.01618400297112,43.92516365155913,51.80348142872123,456.6488844589233,264.89527991701766,758.2041643759409,within,61.25
fish4,3026,151.3,20.0,20.0,25.157094316174703,2.962356209498482,19.515028002758893,44.70971242512216,51.53496960116323,464.21842371809225,262.1564777787526,761.9349014968448,within,61.25
fish4,3027,151.35,20.0,20.0,25.08640326541084,3.046462916110241,19.515028002758893,45.26463716739845,51.234187413347726,464.3012362180922,262.1583853308359,761.8396215489282,within,61.25
fish4,3032,151.6,20.0,20.0,24.88015534508197,3.0107354722722,19.702672502785425,44.20262602269728,50.84864722454718,459.7513230236477,265.939303299586,759.4706263232338,within,61.25
fish4,3034,151.7,20.0,20.0,25.179251524756577,2.987950484990758,19.702672502785425,44.11651701096475,51.5508568753426,459.7890574724928,265.9447590287526,760.0138165012454,within,61.25
fish4,3040,152.0,20.0,20.0,25.77969368654368,3.0063355068235937,19.515028002758893,43.51375392883706,51.64888653727788,459.9256893278712,265.9560155391693,760.2417048670405,within,61.25
fish4,3049,152.45,20.0,20.0,24.97713521187867,3.165039933574724,19.702672502785425,43.800783967945485,51.30582214637225,459.8680468737941,266.84431639094885,763.6323632647429,within,61.25
fish4,3644,182.2,20.0,20.0,25.504140978477245,2.999238060955823,27.39609700387306,44.61403574541935,51.44311534625639,454.6865233885025,268.0225908175998,756.9491142061022,within,61.25
fish4,3882,194.1,20.0,20.0,25.318712094276503,2.9560166763921623,15.762138002228337,43.84862230779689,51.73382488574623,459.9850083321278,263.96395812564424,760.808966457772,within,61.25
fish4,4179,208.95,20.0,20.0,25.202102910298844,3.041350763215544,14.823915502095696,44.193058354727,51.65764465475207,449.56176214795545,267.2899511573686,749.391713305324,within,61.25
fish4,4327,216.35,20.0,20.0,25.0281906727782,2.981542990285581,21.39147300302417,44.2408966945784,51.834975225819264,464.6361241161018,267.95326820865216,767.969392324754,within,61.25
fish4,4330,216.5,20.0,20.0,25.129898051946668,3.0122544296660174,21.39147300302417,44.82452444076553,51.63102650416344,464.6130164772128,267.9784928207291,767.3715092979419,within,61.25
fish4,4331,216.55,20.0,20.0,25.1448437655395,3.0143048655541254,21.5791175030507,44.996742464230586,51.55509481131191,464.5771657827683,268.0077376123959,766.8649033951642,within,61.25
fish4,4332,216.6,20.0,20.0,24.92011651998212,3.0287894553493127,21.76676200307723,44.3939793821029,51.43915278790539,464.6731987688794,268.02109698739577,766.7142957562751,within,61.25
fish4,4333,216.65,20.0,20.0,24.89460551668802,3.1084260426039667,21.76676200307723,43.58072760462903,51.33247138937277,464.7429383626115,268.01573240406253,766.5586707666739,within,61.25
fish4,4350,217.5,20.0,20.0,24.659908886350188,3.066479329502746,21.39147300302417,43.4467802530451,51.11918592103246,459.2184504718357,262.3630143222385,758.1414647940742,within,61.25
fish4,4615,230.75,20.0,20.0,24.79284795605254,3.006742650042556,24.206140503422088,44.43225005398402,49.626111377159376,455.80773002927793,258.88057616169186,753.9483061909698,within,61.25
fish4,4618,230.9,20.0,20.0,24.957271714518303,2.9990514014492846,24.581429503475142,44.43225005398402,49.9781167330593,455.6885590240855,259.0885123536746,754.7770713777601,within,61.25
fish4,4619,230.95,20.0,20.0,25.00271312379545,2.974019296786267,24.581429503475142,44.96803946031974,50.1523379192585,455.74852864536246,259.0982584474245,754.706787092787,within,61.25
fish4,4621,231.05,20.0,20.0,25.12527717519231,3.0107354722722,24.769074003501675,45.25506949942817,49.94353789053216,455.7029513882106,259.08801105320185,755.3109624414125,within,61.25
fish4,4635,231.75,20.0,20.0,25.40151778753573,3.019580502110589,26.2702300037139,45.39858451898238,51.02380710273009,456.158472202932,262.83052081803214,758.6089930209641,within,61.25
fish4,4636,231.8,20.0,20.0,24.981937996450963,2.9991553795636654,26.64551900376695,44.738415429033,50.87132954131626,453.0575694251543,262.98177732844886,753.7193467536031,within,61.25
fish4,4637,231.85,20.0,20.0,24.848672747213016,3.06195471559172,26.83316350379347,44.23132902660812,50.65845083183928,452.8960850501543,262.9834928283586,754.099577878513,within,61.25
fish4,4643,232.15,20.0,20.0,25.028125855049968,3.0175638904283653,28.334319504005705,44.55662973759767,50.475301956703326,453.030559885868,263.053271452321,750.923831338189,within,61.25
fish4,4654,232.7,20.0,20.0,25.24675187057603,3.1814788108209253,29.647831004191392,44.269599698489245,51.16946025330562,450.13942708325794,266.245947185421,752.065374268679,within,61.25
fish4,4655,232.75,20.0,20.0,25.315352026880912,3.1059402766586617,30.210764504270976,43.48505092492621,50.88386242701981,452.3748784721468,264.9796060395877,752.7744845117344,within,61.25
fish4,4656,232.8,20.0,20.0,25.232882967629585,3.030243583015187,30.023120004244443,43.03537053032302,50.703083356895576,452.48731770825793,265.01551749792094,752.3628352061788,within,61.25
fish5,360,18.0,20.0,20.0,22.53766788058681,2.8573411169275005,7.85840785293119,48.49461204339692,48.49283866269935,445.749644080268,257.0818652129175,741.4915092931855,within,27.36
fish5,361,18.05,20.0,20.0,22.575175497320387,2.829543655878847,7.85840785293119,48.367383026597146,48.59003832742815,445.6335416497124,257.33869137060384,741.2322330203162,within,27.36
fish5,362,18.1,20.0,20.0,22.83448715602647,2.731657552453451,7.701239695872566,47.68034633587844,48.67839722485502,445.6471918172013,257.34044267268706,741.0276344898882,within,27.36
fish5,363,18.15,20.0,20.0,23.01945608090705,2.730716062354152,7.85840785293119,47.36481837421504,48.71101571102695,445.6486761922012,257.3406965789371,740.8493727711383,within,27.36
fish5,364,18.2,20.0,20.0,23.09382683555096,2.795654303330004,7.85840785293119,47.82793199536616,48.96599959459246,445.61710501164566,257.3399836919043,740.31708870355,within,27.36
fish5,365,18.25,20.0,20.0,23.57001787739519,2.794775618246651,7.85840785293119,48.38773966928511,49.35966255665552,445.6305989251031,257.34219072315426,741.0727896482573,within,27.36
fish5,366,18.3,20.0,20.0,23.57001787739519,2.794775618246651,7.85840785293119,48.0722117076217,49.2467254768052,445.5947395501032,257.34635087940427,740.1810904295074,within,27.36
fish5,367,18.35,20.0,20.0,23.57001787739519,2.794775618246651,7.85840785293119,48.24524317046938,49.31763099723343,445.6474956581962,257.3507486714256,739.4382443296217,within,27.36
fish5,368,18.4,20.0,20.0,23.844087750893905,2.794775618246651,7.85840785293119,47.61927640781455,49.28930767357615,445.6254470481401,257.35723955684244,738.7626866049825,within,27.36
fish5,369,18.45,20.0,20.0,23.84085835157296,2.792789848472263,7.85840785293119,47.82793199536616,49.28729992913784,445.5658637148069,257.36357742639115,738.669441141198,within,27.36
fish5,370,18.5,20.0,20.0,23.84085835157296,2.792789848472263,7.701239695872566,47.67016801453446,49.22685658206918,445.49427517314007,257.3705110201411,738.0647861932812,within,27.36
fish5,371,18.55,20.0,20.0,23.84085835157296,2.792789848472263,7.701239695872566,47.45642326631086,49.1161632856843,445.4378559020996,257.3739550305578,737.7718109326574,within,27.36
fish5,372,18.6,20.0,20.0,23.84085835157296,2.792789848472263,7.386903381755318,46.78974321828011,49.03156737422015,445.391987846544,257.3822883638912,737.1342762104351,within,27.36
fish5,373,18.65,20.0,20.0,23.877551613271702,2.791673401542827,7.386903381755318,46.11288484890539,49.00163963948511,445.36188801930746,257.3917056711409,736.2535936904484,within,27.36
fish5,374,18.7,20.0,20.0,23.778433222074497,2.790466452975505,7.386903381755318,46.08743904554544,48.93543399577421,445.418776040461,257.3899218137953,735.4686978542563,within,27.36
fish5,375,18.75,20.0,20.0,23.85682321285808,2.7877586205643654,7.229735224696694,46.01110163546557,48.778940311980165,445.43722655826144,257.3948794944657,734.3921060527271,within,27.36
fish5,376,18.8,20.0,20.0,23.77551205175598,2.7399437185791053,7.229735224696694,44.860951323595735,48.41561755281439,447.7932378453384,257.3989484760603,735.7321863213986,within,27.36
fish5,377,18.85,20.0,20.0,23.73714980006111,2.7412593081212178,7.229735224696694,44.581047486636265,48.39378673635464,447.311436629665,257.4019432677269,734.4333798973919,within,27.36
fish5,377,18.85,20.0,20.0,23.73714980006111,2.7412593081212178,7.229735224696694,44.581047486636265,48.39378673635464,447.311436629665,257.4019432677269,734.4333798973919,repeat,27.36
fish5,377,18.85,20.0,20.0,23.73714980006111,2.7412593081212178,7.229735224696694,44.581047486636265,48.39378673635464,447.311436629665,257.4019432677269,734.4333798973919,repeat,27.36
fish5,377,18.85,20.0,20.0,23.73714980006111,2.7412593081212178,7.229735224696694,44.581047486636265,48.39378673635464,447.311436629665,257.4019432677269,734.4333798973919,repeat,27.36
fish5,377,18.85,20.0,20.0,23.73714980006111,2.7412593081212178,7.229735224696694,44.581047486636265,48.39378673635464,447.311436629665,257.4019432677269,734.4333798973919,repeat,27.36
fish5,377,18.85,20.0,20.0,23.73714980006111,2.7412593081212178,7.229735224696694,44.581047486636265,48.39378673635464,447.311436629665,257.4019432677269,734.4333798973919,repeat,27.36
fish5,377,18.85,20.0,20.0,23.73714980006111,2.7412593081212178,7.229735224696694,44.581047486636265,48.39378673635464,447.311436629665,257.4019432677269,734.4333798973919,repeat,27.36
fish5,377,18.85,20.0,20.0,23.73714980006111,2.7412593081212178,7.229735224696694,44.581047486636265,48.39378673635464,447.311436629665,257.4019432677269,734.4333798973919,repeat,27.36
fish5,377,18.85,20.0,20.0,23.73714980006111,2.7412593081212178,7.229735224696694,44.581047486636265,48.39378673635464,447.311436629665,257.4019432677269,734.4333798973919,repeat,27.36
fish5,378,18.9,20.0,20.0,23.73714980006111,2.7412593081212178,7.229735224696694,44.5606908439483,48.3818015366273,447.2165190965441,257.4077798243206,734.3042989208647,within,27.36
fish5,379,18.95,20.0,20.0,24.138386903978446,2.7412593081212178,7.386903381755318,43.5530370308942,48.4237648824488,447.2053472215442,257.4129327771398,733.518279998684,within,27.36
fish5,380,19.0,20.0,20.0,24.138386903978446,2.7412593081212178,7.229735224696694,43.52250206686225,48.41017059802424,446.9329079854329,257.41974918338985,732.5526571688229,within,27.36
fish5,381,19.05,20.0,20.0,23.95902739668191,2.790466452975505,7.229735224696694,43.1713499804949,48.37744019990964,446.8397265593163,257.4326821287368,731.332408688053,within,27.36
fish5,382,19.1,20.0,20.0,23.95902739668191,2.790466452975505,7.386903381755318,43.1713499804949,48.37744019990964,446.8224913193691,254.95335921207,728.915850531439,within,27.36
fish5,383,19.15,20.0,20.0,23.91508199692024,2.791673401542827,7.386903381755318,42.499580771792175,48.26827602684154,446.89900607621934,254.8354653073524,727.6344713835716,within,27.36
fish5,384,19.2,20.0,20.0,23.91508199692024,2.791673401542827,7.229735224696694,41.81254408107346,48.16691490760248,446.829657109748,254.8511358802689,726.900792990017,within,27.36
fish5,385,19.25,20.0,20.0,23.91508199692024,2.791673401542827,7.229735224696694,41.70058254628968,48.16193350904305,446.79445745697024,254.84584291151896,726.3203003684891,within,27.36
fish5,386,19.3,20.0,20.0,23.483451061541384,2.791673401542827,6.286726282344952,41.30871717454641,47.81969572040025,446.83492620697024,254.85257142995204,725.1274976369223,within,27.36
fish5,387,19.35,20.0,20.0,23.483451061541384,2.791673401542827,6.286726282344952,41.18657731841864,47.79233099858442,446.6529557291478,254.85723288828527,724.0101886174332,within,27.36
fish5,388,19.4,20.0,20.0,23.4393935785061,2.792789848472263,5.972389968227704,40.38757909291613,47.74780497974331,446.6794835069256,254.864182707458,723.2636662143836,within,27.36
fish5,389,19.45,20.0,20.0,23.4393935785061,2.792789848472263,5.658053654110456,39.79723645496525,47.69607130495035,446.7012890624812,254.86387671787463,722.5851657803559,within,27.36
fish5,390,19.5,20.0,20.0,23.37763044084241,2.792789848472263,5.500885497051834,39.03895151483867,47.43987380986995,446.59069010414777,254.87377580956348,721.9444659137113,within,27.36
fish5,391,19.55,20.0,20.0,23.319732424817182,2.7938226203959826,5.658053654110456,38.79467180258314,47.30603825815736,446.6399609374811,254.8740752824148,720.9940362198959,within,27.36
fish5,392,19.6,20.0,20.0,23.319732424817182,2.7938226203959826,5.500885497051834,38.34173650277598,47.26922997834616,446.647894965259,254.879352002875,720.507246968134,within,27.36
fish5,1697,84.85,20.0,20.0,22.49555784443053,3.9881629832436416,2.200354198820733,55.49729712805576,52.13294204083891,440.1347257396368,247.3809505003188,748.7956762399555,within,27.36
fish5,1698,84.9,20.0,20.0,22.563156317526648,4.158989895965618,2.200354198820733,57.52278307550796,52.97402206670008,439.18791143932566,248.35291664615207,751.0408280854778,within,27.36
fish5,1699,84.95,20.0,20.0,22.725107891390305,4.090424372748898,2.200354198820733,57.30903832728436,52.77713696650695,438.6021130844115,248.3537044065687,750.4758174909801,within,27.36
fish5,1700,85.0,20.0,20.0,22.725107891390305,4.090424372748898,2.200354198820733,57.497337272148,52.84596784600723,438.266027958604,248.35389320865207,750.4399211672561,within,27.36
fish5,1701,85.05,20.0,20.0,22.954654435747788,4.090424372748898,2.200354198820733,57.89938096523525,52.93735363432976,438.2104462569438,247.9666601357354,750.4571063926792,within,27.36
fish5,1702,85.1,20.0,20.0,22.725107891390305,4.090424372748898,2.200354198820733,57.487158950804016,52.67030720263464,438.0743349838257,248.03680987531868,749.9311448591444,within,27.36
fish5,1703,85.15,20.0,20.0,22.954654435747788,4.090424372748898,2.200354198820733,57.838311037171366,52.8361279438368,437.7769523255904,248.0370702919854,750.1140226175758,within,27.36
fish5,1704,85.2,20.0,20.0,22.954654435747788,4.090424372748898,2.200354198820733,57.46171314744407,52.64249801960688,437.7555287299261,248.03953773990204,749.5550664698281,within,27.36
fish5,4165,208.25,20.0,20.0,22.57881995501393,2.6249931802463964,4.0863720835242185,37.94987113103272,44.97237803114306,417.3276473734538,248.71865554850905,724.6063029219629,within,27.36
fish6,246,12.3,20.0,20.0,23.16274050448803,1.6273141239011604,17.180897604084706,11.994202913349469,38.51212578599084,435.4552341940797,260.7423892445459,704.5176234386256,within,13.78
fish6,247,12.35,20.0,20.0,23.80614996294603,1.6273141239011604,16.740361768082533,12.388948832016668,39.44766530508438,435.4914147496353,260.74388664037923,704.7753013900144,within,13.78
fish6,248,12.4,20.0,20.0,22.519331046030025,1.6273141239011604,16.299825932080363,11.705734742015746,37.60358962483944,435.474895652413,260.7441470570459,704.3190427094589,within,13.78
fish6,250,12.5,20.0,20.0,23.16274050448803,1.752492133432019,16.299825932080363,12.631869397350329,38.9870068903489,439.54641395128033,258.18855464935297,706.1149686006332,within,13.78
fish6,251,12.55,20.0,20.0,23.80614996294603,1.752492133432019,16.299825932080363,12.85960742735063,40.09775115206236,439.3348167290581,260.1345247014364,707.9893414304944,within,13.78
fish6,312,15.6,20.0,20.0,23.912256661167607,1.7011883886524954,13.65661091606733,11.569091924015565,37.6450074873484,435.4350820800592,258.8647199623955,701.9998020424548,within,13.78
fish6,333,16.65,20.0,20.0,23.202919233869427,1.6817699531873418,15.859290096078189,11.265441217348489,36.26644019584098,433.2544565617881,260.0137303790622,700.6481869408503,within,13.78
fish6,432,21.6,20.0,20.0,24.039108052164483,1.667868501262208,19.383576784095563,11.204711076015071,37.6295738106254,429.51783387810974,261.4030857638888,698.2809196419986,within,13.78
fish6,447,22.35,20.0,20.0,23.59479806522082,1.6794391965630435,25.991614324128143,11.47799671201544,37.01627161093153,440.9645311990621,259.15048170301645,707.3150129020785,within,13.78
fish6,449,22.45,20.0,20.0,23.882541091429022,1.6234578223628122,26.43215016013032,11.462814176682086,37.40506549175699,440.0936457823952,260.94613274468315,708.3997785270784,within,13.78
fish6,450,22.5,20.0,20.0,23.882541091429022,1.6234578223628122,26.43215016013032,11.462814176682086,37.40506549175699,439.9894443935064,260.9452343071832,708.2946787006896,within,13.78
fish6,451,22.55,20.0,20.0,23.882541091429022,1.6234578223628122,21.586255964106424,11.493179247348792,37.46422039600412,439.8731423101731,258.5952277967665,705.8683701069396,within,13.78
fish6,452,22.6,20.0,20.0,23.59479806522082,1.6234578223628122,20.70518429210208,11.18952854068172,36.94184730685495,439.6071570690578,258.6339973280165,705.5411543970743,within,13.78
fish6,502,25.1,20.0,20.0,23.87560492226397,1.6698069783194385,27.75375766813683,10.976973046014766,37.65456313808111,440.6730771723807,263.4441894442134,711.3772666165942,within,13.78
fish6,503,25.15,20.0,20.0,23.87560492226397,1.7001671008569168,27.75375766813683,11.326171358681902,37.85158737238356,440.5287021723807,263.44740559004674,711.3361077624274,within,13.78
fish6,551,27.55,20.0,20.0,24.142649889530624,1.6577837170299363,29.51590101214552,11.23507614668178,37.698106980388125,431.94793290623807,267.41238588026897,706.740318786507,within,13.78
fish6,552,27.6,20.0,20.0,23.48005919893361,1.6546033396877964,29.07536517614335,10.764417551347814,36.78778285447544,431.8336490243229,267.44750306776893,706.4211520920918,within,13.78
fish6,649,32.45,20.0,20.0,24.11542063945382,1.678313571475433,29.51590101214552,12.388948832016668,38.37379491609173,455.1597994845167,268.411568999566,731.1913684840827,within,13.78
fish6,651,32.55,20.0,20.0,24.0642436885478,1.6548133274414405,29.07536517614335,12.35858376134996,38.243088439159415,454.86706945783817,268.4081249891493,730.7351944469875,within,13.78
fish6,652,32.6,20.0,20.0,24.0642436885478,1.6548133274414405,29.51590101214552,12.115663196016294,38.15405897840692,454.7554461939494,268.408756499566,730.6242026935154,within,13.78
fish6,653,32.65,20.0,20.0,24.006844802456573,1.658605044912295,29.51590101214552,11.948655307349403,37.96677486277749,454.6455590411717,265.8072395724827,727.7727986136545,within,13.78
fish6,654,32.7,20.0,20.0,23.264986412158787,1.626333186225384,29.51590101214552,11.736099812682454,37.209227455023736,452.28365799950495,266.0398828016493,725.6435408011542,within,13.78
fish6,656,32.8,20.0,20.0,23.63277764117976,1.664340253360592,29.956436848147693,12.25230601401648,37.86008917733003,452.15310244394936,266.04339842664933,725.6965008705987,within,13.78
fish6,657,32.85,20.0,20.0,23.818915361327985,1.6704204672711012,29.51590101214552,12.343401226016605,38.239000122183135,452.0773211939493,266.04272785373263,725.720049047682,within,13.78
fish6,658,32.9,20.0,20.0,23.76892880038837,1.6867484178207734,29.51590101214552,11.96383784268276,37.73087757784409,451.9881979300605,266.04397785373266,725.4521757837931,within,13.78
fish6,659,32.95,20.0,20.0,23.264986412158787,1.6900148674598876,29.51590101214552,11.994202913349469,37.31285683969395,451.8073472356161,266.06464191623263,725.3119891518488,within,13.78
fish6,660,33.0,20.0,20.0,23.20879755133237,1.6867484178207734,29.07536517614335,12.039750519349528,37.40372833704238,451.81789411061607,266.06548827039927,725.3033823810152,within,13.78
fish6,661,33.05,20.0,20.0,23.481006602082125,1.675954760773757,28.634829340141174,11.781647418682516,37.43818520403982,451.87640105506034,266.0659114474827,725.282312502543,within,13.78
fish6,662,33.1,20.0,20.0,23.80520255979751,1.702986237185682,28.634829340141174,12.085298125349592,37.86513857756095,451.8392135550605,266.066783843316,725.3259973983764,within,13.78
fish6,664,33.2,20.0,20.0,23.75754278172005,1.7212845389996472,27.31322183213466,12.61668686201697,38.371813973551056,451.8481675400721,266.0713411349827,725.5395086750548,within,13.78
fish6,665,33.25,20.0,20.0,23.714131591337107,1.7427434012330092,28.634829340141174,12.60150432668362,38.1448634365789,451.8110928872944,266.07300780164934,725.5641006889437,within,13.78
fish6,666,33.3,20.0,20.0,23.40769085221336,1.7427434012330092,24.22947098011945,12.313036155349897,37.76093411805103,451.8275425400722,266.073072905816,725.4806154458882,within,13.78
fish6,667,33.35,20.0,20.0,23.96745393942407,1.7295374516687216,23.34839930811512,12.237123478683126,38.243629316074376,451.7025946234056,266.074518218316,725.3771128417216,within,13.78
fish6,668,33.4,20.0,20.0,23.96745393942407,1.687146905098581,23.34839930811512,12.130845731349652,38.19774917937489,451.5716571234055,266.074967437066,725.1866245604715,within,13.78
fish6,669,33.45,20.0,20.0,23.019316921629013,1.6234579417418649,23.34839930811512,11.462814176682086,36.809348319533,451.53016406785,266.080377593316,724.930541661166,within,13.78
fish6,670,33.5,20.0,20.0,23.019316921629013,1.6794391965630435,23.34839930811512,11.79682995401587,36.86850343520469,451.49930469284993,266.083483062066,724.8827877549159,within,13.78
fish6,671,33.55,20.0,20.0,23.019316921629013,1.6794391965630435,22.90786347211294,11.827195024682576,36.96485981454916,451.4877248317388,270.2175911349826,729.0453159667214,within,13.78
fish6,672,33.6,20.0,20.0,23.882541091429022,1.6794391965630435,22.90786347211294,12.115663196016294,37.77390977268343,451.46602344285,270.18955077039925,729.2355742132493,within,13.78
fish6,673,33.65,20.0,20.0,23.30705749342492,1.6794391965630435,22.90786347211294,11.690552206682392,37.10950244795093,446.73610156785,270.18929686414924,724.2053984319991,within,13.78
fish6,674,33.7,20.0,20.0,23.660733397297907,1.6454128239390642,22.467327636110767,11.493179247348792,37.33060836401538,446.7690876789611,270.1910481662326,724.2601358451936,within,13.78
fish6,675,33.75,20.0,20.0,23.66659453387474,1.6421781291279602,21.586255964106424,11.432449106015378,37.31954176756872,446.7341571234056,270.19498045789925,724.2291375813047,within,13.78
fish6,677,33.85,20.0,20.0,23.73453266639014,1.6616969623764075,22.0267918001086,11.736099812682454,37.53800979208672,446.6992265678499,270.19345702039925,724.3726835882492,within,13.78
fish6,678,33.9,20.0,20.0,24.044603481308343,1.6397604645533193,21.586255964106424,11.7209172773491,37.90663334575849,446.7147474011833,270.198346343316,724.2930937444993,within,13.78
fish6,679,33.95,20.0,20.0,23.10422486079945,1.6324341720910571,21.586255964106424,11.174346005348363,36.67840166428527,446.7083671928499,270.1987044162326,723.9670716090825,within,13.78
fish6,691,34.55,20.0,20.0,23.262365099820403,1.7020067320585377,29.51590101214552,11.310988823348548,36.76430204135109,446.6689964079493,270.1961523328993,724.2851487408485,within,13.78
fish6,692,34.6,20.0,20.0,23.80614996294603,1.7024209773712966,29.956436848147693,11.705734742015746,37.53328915706747,446.67299814406033,268.9120442599826,723.2450424040429,within,13.78
fish6,693,34.65,20.0,20.0,23.202919233869427,1.6817699531873418,25.991614324128143,11.250258682015131,36.449211982512125,450.4144564773936,268.9133788953993,726.687835372793,within,13.78
fish6,694,34.7,20.0,20.0,23.202919233869427,1.6817699531873418,29.956436848147693,11.250258682015131,36.47577922441544,450.3951682829492,268.912584624566,726.6877529075151,within,13.78
fish6,698,34.9,20.0,20.0,23.65787891579085,1.6817699531873418,29.07536517614335,11.386901500015316,36.85259135752817,450.97292900027054,268.210371075058,726.7033000753286,within,13.78
fish6,708,35.4,20.0,20.0,23.00021177627136,1.6603816439741066,29.51590101214552,11.037703187348182,36.41210422135697,449.93480400027056,268.21797524172456,725.5127792419952,within,13.78
fish7,1848,92.4,20.0,20.0,26.63888888888889,6.836442522606194,15.125333813380598,170.84785884580043,63.18009002079475,437.7695225185065,266.0786002603743,725.7481227788807,within,18.32
fish7,1849,92.45,20.0,20.0,26.63888888888889,6.836442522606194,15.125333813380598,172.48063595032156,63.50065264812298,438.1754513379509,266.07805989579094,726.4335112337418,within,18.32
fish7,1855,92.75,20.0,20.0,27.28861788617886,6.836442522606194,14.680471054163522,173.89076163149886,64.23457387562348,438.11359369906194,265.9431705728743,726.0567642719362,within,18.32
fish7,1858,92.9,20.0,20.0,27.28861788617886,6.836442522606194,15.570196572597675,173.0743730792383,63.92680304664686,448.4894617546176,263.4754166666244,733.8648784212419,within,18.32
fish7,1861,93.05,20.0,20.0,27.28861788617886,6.836442522606194,14.235608294946443,176.3399272882805,65.00164258202355,448.5804600185064,263.4759244791244,734.3963844976308,within,18.32
fish7,2034,101.7,20.0,20.0,26.63888888888889,6.836442522606194,18.684235887117207,179.45704721509358,65.4219779047544,453.8063062743954,266.67095377136866,741.9572600457641,within,18.32
fish7,2036,101.8,20.0,20.0,26.63888888888889,6.836442522606194,18.239373127900134,178.64065866283303,65.46619134080841,453.825924329951,266.674208979702,742.080133309653,within,18.32
fish7,2037,101.85,20.0,20.0,26.63888888888889,6.836442522606194,18.239373127900134,178.64065866283303,65.46619134080841,453.81832016328417,266.664833979702,741.9631541429862,within,18.32
fish7,2038,101.9,20.0,20.0,25.98915989159892,6.836442522606194,18.239373127900134,176.19149300605136,64.77261307917863,453.8359764132841,266.6661360630353,741.7621124763194,within,18.32
fish7,2278,113.9,20.0,20.0,26.752043214916856,7.001857405633333,15.570196572597675,168.47291033013332,65.13800057630269,447.65927881944447,263.2054882690006,730.9647670884451,within,18.32
fish7,2315,115.75,20.0,20.0,27.28861788617886,6.836442522606194,12.901020017295217,170.77364170468584,64.79952931229154,445.9891536426496,263.36110671891106,730.2302603615607,within,18.32
fish7,2316,115.8,20.0,20.0,27.28861788617886,6.836442522606194,12.901020017295217,171.293161692488,65.00072284336298,446.0274956565386,263.3612434376611,730.1887390941996,within,18.32
fish7,2320,116.0,20.0,20.0,26.63888888888889,7.043607447533654,12.901020017295217,171.66424739806098,64.57117097652274,445.3823567676498,261.0241991668277,727.0265559344775,within,18.32
fish7,2323,116.15,20.0,20.0,26.63888888888889,7.043607447533654,12.901020017295217,172.55485309143614,64.65325017043854,445.3600130176497,261.02565750016106,727.2856705178107,within,18.32
fish7,2324,116.2,20.0,20.0,27.28861788617886,7.043607447533654,12.901020017295217,174.0391959137281,64.88261582202739,445.3565668370941,261.0253059376611,727.1418727747553,within,18.32
fish7,4453,222.65,20.0,20.0,26.63888888888889,7.043607447533654,14.680471054163522,171.36737883360263,64.36000792815553,443.4976124673726,263.5920506915623,727.8896631589348,within,18.32
fish7,4454,222.7,20.0,20.0,26.63888888888889,7.043607447533654,14.680471054163522,173.29702450258213,64.73880240558023,443.4812669812615,263.5917837644789,727.9530507457404,within,18.32
fish7,4463,223.15,20.0,20.0,26.63888888888889,7.043607447533654,12.456157258078138,170.10568743465447,64.33066125038104,443.3713190645949,261.29627595197894,725.3475950165738,within,18.32
fish7,4465,223.25,20.0,20.0,26.524899301813225,7.055226808996089,12.456157258078138,171.7384645391756,64.49547843025536,445.84565066181705,261.29689444156224,728.2225451033793,within,18.32
fish7,4466,223.3,20.0,20.0,26.610254553921504,7.054638056748962,12.456157258078138,171.2189445513734,64.1825879666658,445.597838161817,261.29777334781227,727.8356115096293,within,18.32
fish7,4963,248.15,20.0,20.0,26.63888888888889,6.629277597678733,24.4674517569392,174.11341305484265,64.87405943835383,434.0303946985126,259.54265299478106,715.0730476932937,within,18.32
fish7,5271,263.55,20.0,20.0,27.28861788617886,6.836442522606194,20.01882416476844,172.48063595032156,64.20239807482761,442.1702458657159,260.65636064143706,723.946606507153,within,18.32
fish7,5283,264.15,20.0,20.0,27.28861788617886,6.836442522606194,20.01882416476844,171.8126816802902,64.17570471130666,442.3241434351603,262.4536457976871,725.6377892328475,within,18.32
fish7,5284,264.2,20.0,20.0,27.28861788617886,6.836442522606194,20.01882416476844,172.03533310363397,64.19204998860128,442.3273726018271,262.4536457976871,725.6810183995141,within,18.32
fish7,5285,264.25,20.0,20.0,27.28861788617886,6.836442522606194,20.01882416476844,172.03533310363397,64.19204998860128,442.3282580184937,262.4536457976871,725.6819038161808,within,18.32
fish7,5286,264.3,20.0,20.0,27.28861788617886,6.836442522606194,20.01882416476844,172.03533310363397,64.19204998860128,442.3489785046049,262.45322913102046,725.7022076356253,within,18.32
fish7,5287,264.35,20.0,20.0,26.63888888888889,6.836442522606194,20.01882416476844,169.3635160235085,63.58969428571261,431.5391434351604,262.4527343393537,714.7718777745141,within,18.32
fish7,5288,264.4,20.0,20.0,26.63888888888889,6.836442522606194,20.01882416476844,170.10568743465447,63.78014670425642,431.5297684351604,262.4527343393537,714.9025027745141,within,18.32
fish7,5289,264.45,20.0,20.0,27.28861788617886,6.836442522606194,20.01882416476844,172.7775045147799,64.40097190651989,431.9759316296048,262.4530793914371,715.6090110210419,within,18.32
fish7,5290,264.5,20.0,20.0,27.28861788617886,6.836442522606194,20.01882416476844,173.1485902203529,64.4382982795122,431.9827111434937,262.4530793914371,715.6557905349308,within,18.32
fish7,5291,264.55,20.0,20.0,27.28861788617886,6.836442522606194,20.01882416476844,175.4493215949054,64.71355007900205,431.9446382268271,262.45317053727047,715.9578087640975,within,18.32
fish7,5292,264.6,20.0,20.0,27.28861788617886,6.836442522606194,20.01882416476844,174.78136732487403,64.69714459241028,431.942511490716,262.4527929331037,715.7753044238198,within,18.32
fish7,5293,264.65,20.0,20.0,27.28861788617886,6.836442522606194,20.01882416476844,175.0782358893324,64.86840291767629,431.941964615716,262.4527929331037,715.7947575488197,within,18.32
fish7,5294,264.7,20.0,20.0,27.28861788617886,6.836442522606194,20.01882416476844,175.15245303044702,64.87826718769277,431.9248378796048,262.45388668310375,715.7987245627086,within,18.32
fish7,5295,264.75,20.0,20.0,27.28861788617886,6.836442522606194,20.01882416476844,176.41414442939515,65.014650824469,431.9369125323826,262.45388668310375,716.0107992154864,within,18.32
fish7,5309,265.45,20.0,20.0,25.98915989159892,6.836442522606194,20.01882416476844,173.0743730792383,63.91173162435332,440.4781811386109,260.0423436821831,722.020524820794,within,18.32
fish7,5312,265.6,20.0,20.0,25.98915989159892,6.836442522606194,20.01882416476844,174.41028161930103,64.14415057745332,440.47091551361086,260.0425650363498,721.8134805499606,within,18.32
fish7,5410,270.5,20.0,20.0,26.95827833811441,6.94083106197203,28.47121658989289,173.0743730792383,65.33624658860045,433.1279123105461,263.998115229702,716.8260275402481,within,18.32
fish7,5652,282.6,20.0,20.0,26.63888888888889,6.836442522606194,27.13662831224166,166.76591608449766,64.41925030682113,449.2459977065851,265.5638834420839,734.6298811486691,within,18.32
fish7,5741,287.05,20.0,20.0,27.28861788617886,6.836442522606194,16.9047848502489,172.40641880920694,64.04217375771158,452.0054684509278,262.76833979182777,736.0738082427556,within,18.32
fish7,5745,287.25,20.0,20.0,27.28861788617886,6.836442522606194,16.9047848502489,173.89076163149886,64.33743503429082,447.8046698398167,266.7405468230777,736.1052166628945,within,18.32
fish7,5746,287.3,20.0,20.0,27.28861788617886,6.836442522606194,16.9047848502489,173.81654449038425,64.3889839498814,447.8007288675945,266.74010411474444,736.120832982339,within,18.32
fish7,5824,291.2,20.0,20.0,26.63888888888889,6.629277597678733,17.34964760946598,172.85172165589455,64.23331019432777,445.0981158003443,265.6551887925466,732.2333045928909,within,18.32
fish7,5825,291.25,20.0,20.0,26.63888888888889,6.629277597678733,17.34964760946598,172.85172165589455,64.23331019432777,445.11019913367767,265.8018619696299,732.3920611033076,within,18.32
fish7,5826,291.3,20.0,20.0,26.63888888888889,6.836442522606194,17.34964760946598,176.93366441719735,64.75700578224146,445.08977378645545,265.80240884462995,732.8521826310855,within,18.32
fish7,5904,295.2,20.0,20.0,26.63888888888889,6.836442522606194,20.46368692398552,178.56644152171845,65.77036264143888,437.8757676255779,264.0707519386185,722.1265195641964,within,18.32
fish7,5907,295.35,20.0,20.0,25.98915989159892,6.836442522606194,20.90854968320259,175.82040730047837,65.20218666182267,437.8718440144668,263.55006834486846,721.5419123593352,within,18.32
fish7,5908,295.4,20.0,20.0,26.63888888888889,6.836442522606194,20.90854968320259,176.41414442939515,65.53908778397525,445.2093266533558,263.5494563657018,728.8587830190576,within,18.32
fish7,5909,295.45,20.0,20.0,25.98915989159892,6.836442522606194,20.90854968320259,174.18763019595727,64.99575123318807,445.5324863755779,263.5494563657018,729.1619427412797,within,18.32
fish7,5910,295.5,20.0,20.0,25.98915989159892,6.836442522606194,20.90854968320259,172.18376738586315,64.49404090353843,445.5320870700224,263.5494563657018,729.0215434357243,within,18.32
fish8,831,41.55,20.0,20.0,25.97405410774269,3.479913496344582,9.684084773389737,44.31836007130124,54.21440084780462,444.0386443774567,262.1753027109676,726.8339470884242,within,12.7
fish8,832,41.6,20.0,20.0,26.14956246316752,3.454203090190296,10.491091837838882,44.28155080213904,54.18703374431803,443.98590132190094,262.1766308359676,726.7625321578686,within,12.7
fish8,833,41.65,20.0,20.0,26.153653986247743,3.436808018736812,10.894595370063454,44.35516934046346,54.29468058906377,443.9539308357897,262.1783430755509,726.6322739113407,within,12.7
fish8,834,41.7,20.0,20.0,26.153653986247743,3.463450076103395,10.894595370063454,44.704857397504455,54.4892430744906,443.95764611356753,262.1790657318009,726.7767118453684,within,12.7
fish8,835,41.75,20.0,20.0,26.41208987100408,3.463450076103395,11.298098902288023,45.44104278074866,54.74262299546447,443.94732493301206,262.1792675547176,727.2065924877296,within,12.7
fish8,836,41.8,20.0,20.0,26.41208987100408,3.463450076103395,11.298098902288023,45.44104278074866,54.77663324285844,443.8519863913455,262.18057614846754,726.7125625398129,within,12.7
fish8,839,41.95,20.0,20.0,26.99381228133833,3.47199021221612,11.701602434512596,46.12201426024956,55.23864049749356,439.2669169677734,262.1818001068009,722.4287170745743,within,12.7
fish8,840,42.0,20.0,20.0,27.44292213399159,3.364435096826312,12.10510596673717,45.80913547237076,55.32229976659029,439.5497294677734,262.18472328388424,722.5944527516576,within,12.7
fish8,1837,91.85,20.0,20.0,25.930220856633767,3.1389013421598566,13.71912009563546,42.49630124777184,53.21219537464115,454.0556332567002,266.3987108855777,742.054344142278,within,12.7
fish8,1841,92.05,20.0,20.0,25.85853152723525,3.138130566872072,13.71912009563546,42.86439393939394,53.62468883796922,454.080754784478,266.40856114599444,742.2893159304724,within,12.7
fish8,1891,94.55,20.0,20.0,26.77664682554176,3.4318720440925548,16.140141288982893,44.815285204991085,56.02728213616556,445.0728162894356,270.4429101357354,736.3357264251711,within,12.7
fish8,1892,94.6,20.0,20.0,26.60333710175016,3.4616501197811287,15.33313422453375,45.993181818181824,56.81558293904427,445.052165247769,270.44337237531875,736.7755376230878,within,12.7
fish8,1893,94.65,20.0,20.0,26.276811079052127,3.426097506105888,14.122623627860031,45.404233511586455,56.22870879623037,445.0517485811023,270.4465722460323,736.4183208271346,within,12.7
fish8,1894,94.7,20.0,20.0,26.090451195106287,3.458116643292698,14.122623627860031,45.2385918003565,56.20891030735129,445.0761669838801,270.4508105272824,736.5669775111623,within,12.7
fish8,2097,104.85,20.0,20.0,27.07421520604397,3.083060207930252,24.61371546569892,41.20797682709447,53.85699558559419,440.103510832139,268.8489679951032,727.5524788272422,within,12.7
fish8,2098,104.9,20.0,20.0,26.682296752929688,3.1587539720039883,24.61371546569892,41.55766488413547,53.529398867760975,439.9336887776692,270.33026356801986,729.2039523456891,within,12.7
fish8,2099,104.95,20.0,20.0,27.11754263699187,3.0972887467807464,25.01721899792348,41.53926024955437,54.1340517664701,439.9381071804471,270.3303937763532,728.9485009568002,within,12.7
fish8,2100,105.0,20.0,20.0,27.11754263699187,3.1982294089429493,25.42072253014806,42.71715686274509,54.56099423289217,439.8816575276692,270.33735341176987,729.5190109394391,within,12.7
fish8,2101,105.05,20.0,20.0,27.664696173477427,3.2941889044244794,25.82422606237263,45.07295008912656,55.9172834948768,447.8275255832248,270.3338312763532,738.041356859578,within,12.7
fish8,2102,105.1,20.0,20.0,26.62330688170709,3.2977490326266943,26.2277295945972,43.82143493761141,54.72161728946679,448.1420828748915,270.3335317971865,738.155614672078,within,12.7
fish8,2103,105.15,20.0,20.0,26.576782667341565,3.319416875933592,26.2277295945972,43.63738859180036,54.69318352173642,448.2298432915582,270.33465158885315,738.2844948804113,within,12.7
fish8,2104,105.2,20.0,20.0,27.114892139348147,3.334719980983344,26.2277295945972,45.29380570409982,55.92769746740237,448.20170093044703,270.3381216409365,738.4598225713835,within,12.7
fish8,2105,105.25,20.0,20.0,26.60678567120348,3.416620311186764,26.631233126821776,45.03614081996435,55.72293479569512,448.2237755832249,270.34571929718646,738.3494948804114,within,12.7
fish8,2107,105.35,20.0,20.0,26.131161849754523,3.406855741266833,25.82422606237263,44.64964349376114,55.270295055049615,448.1963189860026,265.0842479430198,733.4805669290224,within,12.7
fish8,2108,105.4,20.0,20.0,25.930220856633767,3.4426659881753268,26.2277295945972,45.054545454545455,55.43609215272683,448.1552339165582,265.08354481801985,733.8387787345781,within,12.7
fish8,2109,105.45,20.0,20.0,26.08353382339317,3.4995967526163287,26.2277295945972,45.27540106951872,55.65589994519081,448.1502599582249,265.09124013051985,733.6415000887447,within,12.7
fish8,2110,105.5,20.0,20.0,26.019656605370365,3.421251529277744,26.2277295945972,44.8889037433155,55.66285149719455,448.0369266248916,265.0863866085053,733.6033132333969,within,12.7
fish8,2113,105.65,20.0,20.0,25.936749308845297,3.430819494526424,26.631233126821776,44.96252228163993,55.780019419309305,448.0645481526693,265.09534494183856,733.5798930945078,within,12.7
fish8,2114,105.7,20.0,20.0,25.930220856633767,3.4426659881753268,27.03473665904635,44.4840017825312,55.82009423741617,448.0876818332249,265.102408743922,733.6700905771468,within,12.7
fish8,2209,110.45,20.0,20.0,25.930220856633767,3.4426659881753268,21.78919074012691,44.244741532976825,54.10742192490768,439.3494742755466,267.94399739515524,729.3534716707018,within,12.7
fish8,2797,139.85,20.0,20.0,25.98747520268167,2.5226281635955923,6.456056515593158,32.723440285204994,49.04876487611368,442.36062482638886,265.3358626284176,722.0964874548064,within,12.7
fish8,2798,139.9,20.0,20.0,25.98747520268167,2.5226281635955923,6.456056515593158,32.723440285204994,49.04876487611368,442.3556335069444,266.51412434716764,723.2697578541121,within,12.7
fish8,2799,139.95,20.0,20.0,26.13429793475283,2.5226281635955923,6.456056515593158,32.87067736185382,49.17363457337867,442.3237064236111,266.51412434716764,723.3978307707787,within,12.7
fish8,2800,140.0,20.0,20.0,26.13429793475283,2.5226281635955923,6.456056515593158,32.68663101604278,49.14887144352507,442.3191664930556,266.5144173159176,723.2335838089731,within,12.7
fish8,2801,140.05,20.0,20.0,26.13429793475283,2.5226281635955923,6.456056515593158,32.68663101604278,49.14887144352507,442.3178557291666,266.51424153466763,723.1520972638343,within,12.7
fish8,2802,140.1,20.0,20.0,26.397589693054933,2.5466365295065176,6.456056515593158,33.4596256684492,49.59982026211975,435.856796701389,266.51427408675096,716.7710707881399,within,12.7
fish8,2803,140.15,20.0,20.0,26.397589693054933,2.5466365295065176,6.456056515593158,33.4596256684492,49.59982026211975,436.0318574652779,266.51492512841764,716.9467825936955,within,12.7
fish8,2804,140.2,20.0,20.0,26.397589693054933,2.5466365295065176,6.456056515593158,33.4596256684492,49.59982026211975,436.0318574652779,266.5150878888343,716.9469453541121,within,12.7
fish8,2805,140.25,20.0,20.0,27.24622778213377,2.5678599844553105,6.456056515593158,34.47188057040998,50.602057078771445,436.0204946180557,266.51516601383423,717.1956606318898,within,12.7
fish8,2806,140.3,20.0,20.0,27.24622778213377,2.5678599844553105,6.456056515593158,34.47188057040998,50.602057078771445,436.0254425347224,266.51567382633425,717.2011163610565,within,12.7
fish8,2807,140.35,20.0,20.0,27.04684021892973,2.636421518166249,6.456056515593158,35.15285204991088,50.79253209735395,436.0242793402779,266.5152311180009,717.3795104582788,within,12.7
fish8,2808,140.4,20.0,20.0,26.183238845443217,2.615124481312008,6.456056515593158,34.1958110516934,49.79552195520961,436.0124651041668,266.0154459617508,716.7479110659176,within,12.7
fish8,2809,140.45,20.0,20.0,26.183238845443217,2.615124481312008,6.456056515593158,34.1958110516934,49.79552195520961,435.99799461805566,266.0174934889052,716.7354881069609,within,12.7
fish8,2810,140.5,20.0,20.0,26.16291611541837,2.621287979817242,6.456056515593158,34.287834224598924,49.96265509371332,436.0001907986112,266.0173828118219,716.7575736104332,within,12.7
fish8,2816,140.8,20.0,20.0,26.46092961766227,2.647304880680052,6.052552983368585,34.876782531194294,50.32859091006988,436.0630553819445,266.0203645826552,716.8834199645996,within,12.7
fish8,2817,140.85,20.0,20.0,26.46092961766227,2.647304880680052,6.052552983368585,34.876782531194294,50.32859091006988,436.0650258680556,266.02203775973857,716.8470636277941,within,12.7
fish8,2818,140.9,20.0,20.0,26.46092961766227,2.647304880680052,6.052552983368585,34.876782531194294,50.32859091006988,436.06390607638895,266.0233821606001,716.847288236989,within,12.7
fish8,2819,140.95,20.0,20.0,26.00170560987828,2.647304880680052,6.052552983368585,34.066978609625664,50.06977728000688,436.0853644097221,266.1715787751833,716.7369431849054,within,12.7
fish8,2820,141.0,20.0,20.0,26.00170560987828,2.647304880680052,6.052552983368585,34.066978609625664,50.06977728000688,436.0853644097221,266.1715917960167,716.7369562057388,within,12.7
fish8,5912,295.6,20.0,20.0,26.65659209639161,2.7918703426121043,8.473574176716019,36.42277183600713,51.46818760691344,448.4867747553883,267.3008560467932,729.9476308021814,within,12.7
fish9,307,15.35,20.0,20.0,25.11990610758464,2.611597760956788,173.03579678540805,33.23383936908096,50.16851440215843,420.9208190488274,241.05476233036265,675.53558137919,within,14.0
fish9,312,15.6,20.0,20.0,26.64232465955946,2.924989492271602,163.65433792354858,40.00761554621849,54.25514172125782,419.860840515815,240.93104164225264,676.5118821580677,within,14.0
fish9,538,26.9,20.0,20.0,25.11990610758464,2.924989492271602,6.775498066898508,37.11464863723267,53.75389884387574,424.6276847864033,254.270055278937,693.2777400653403,within,14.0
fish9,1558,77.9,20.0,20.0,26.64232465955946,3.029453402709874,20.326494200695524,39.96057543387725,53.23470841899656,427.1516442780483,251.2357942326864,695.3674385107347,within,14.0
fish9,1563,78.15,20.0,20.0,26.15333632319299,3.0578882413074497,21.36887851867991,39.32553391727061,52.84207767291653,426.1443526113816,250.5146809514364,693.059033562818,within,14.0
fish9,1564,78.2,20.0,20.0,26.15333632319299,3.0578882413074497,20.84768635968772,39.32553391727061,52.84207767291653,426.4637276113816,250.51308589935297,693.3768135107346,within,14.0
fish9,1566,78.3,20.0,20.0,26.64232465955946,2.924989492271602,20.84768635968772,38.808092681517046,52.76771604772905,426.4924949724927,250.52359371185293,693.2560886843457,within,14.0
fish9,1567,78.35,20.0,20.0,26.64232465955946,2.924989492271602,20.84768635968772,39.65481470365924,53.35999088228247,426.3828508752705,250.524179649353,693.5870305246234,within,14.0
fish9,1568,78.4,20.0,20.0,26.64232465955946,2.924989492271602,20.84768635968772,40.407456501118965,53.935570473144544,426.37521198638166,250.52646480560293,693.9816767919846,within,14.0
fish9,1575,78.75,20.0,20.0,25.881115383572048,2.924989492271602,21.8900706776721,39.67833475982986,53.48479996367114,426.33832830582605,250.52958980560297,693.6879181114291,within,14.0
fish9,1577,78.85,20.0,20.0,25.881115383572048,3.029453402709874,21.36887851867991,39.56073447897678,53.26459717646197,426.3219307363816,250.52943355560305,693.5913642919846,within,14.0
fish9,1578,78.9,20.0,20.0,25.881115383572048,2.924989492271602,21.36887851867991,39.39609408578246,53.35482208943923,426.3022866391594,250.531074180603,693.6133608197624,within,14.0
fish9,1579,78.95,20.0,20.0,25.881115383572048,2.924989492271602,20.84768635968772,39.16089352407629,53.05186165870556,426.3011928891594,250.5306900660197,693.5118829551791,within,14.0
fish9,1580,79.0,20.0,20.0,25.881115383572048,2.924989492271602,20.84768635968772,39.49017431046493,53.360529783754025,426.2800817635807,250.53246740976968,693.7125491733503,within,14.0
fish9,1581,79.05,20.0,20.0,25.881115383572048,3.029453402709874,20.84768635968772,40.407456501118965,53.675958672718345,419.6156894024697,250.5309049097697,687.4465943122393,within,14.0
fish9,1582,79.1,20.0,20.0,25.881115383572048,3.029453402709874,21.36887851867991,40.47801666963082,53.66785071457876,419.6294828052474,250.3731965764364,687.2826793816837,within,14.0
fish9,1583,79.15,20.0,20.0,25.881115383572048,3.029453402709874,22.411262836664296,40.76025734367821,53.94130248461533,419.6467310691363,250.37196610768635,687.3986971768227,within,14.0
fish9,1589,79.45,20.0,20.0,25.881115383572048,3.029453402709874,20.84768635968772,39.23145369258815,52.91940569385864,419.6418091941363,250.42256506601964,686.5243742601559,within,14.0
fish9,1591,79.55,20.0,20.0,25.512973781972605,2.956433988475627,20.326494200695524,38.85513279385828,52.69577953861874,419.6332241246919,250.42418615976965,686.2974102844615,within,14.0
fish9,1592,79.6,20.0,20.0,25.512973781972605,2.956433988475627,20.326494200695524,38.36121161427535,52.17739841722926,419.63370155524746,250.42460282643623,686.1183043816836,within,14.0
fish9,1593,79.65,20.0,20.0,25.881115383572048,2.820525581833331,19.805302041703328,37.96137065937486,52.30378032513255,419.6593005135807,250.4271158472697,686.1664163608505,within,14.0
fish9,1594,79.7,20.0,20.0,25.11990610758464,2.820525581833331,19.805302041703328,37.70265004149808,52.38568758165931,419.67622759691415,250.42563147226969,686.2418590691838,within,14.0
fish9,1595,79.75,20.0,20.0,25.11990610758464,2.820525581833331,20.326494200695524,36.99704835637958,51.66473230313794,419.6704810691363,250.42612952286407,685.8766105920004,within,14.0
fish9,1596,79.8,20.0,20.0,26.64232465955946,2.820525581833331,20.326494200695524,38.26713138959288,52.45779734307416,419.6835626663585,250.425504522864,686.3690671892225,within,14.0
fish9,1597,79.85,20.0,20.0,25.65264283778055,2.8356860471070493,52.64040805821149,36.52664723296726,51.04819816245767,424.6561823029506,249.69199215185373,689.9681744548044,within,14.0
fish9,1598,79.9,20.0,20.0,25.65264283778055,2.8356860471070493,52.64040805821149,36.52664723296726,51.04819816245767,424.87746708078265,250.91059241227035,691.408059493053,within,14.0
fish9,1599,79.95,20.0,20.0,25.65264283778055,2.8356860471070493,52.64040805821149,36.52664723296726,51.04819816245767,424.8721632613382,251.02964189143705,691.5218051527752,within,14.0
fish9,1600,80.0,20.0,20.0,26.64232465955946,2.7160616713950594,52.64040805821149,36.52664723296726,51.37359839338992,434.0037865252271,250.56574215185367,700.2295286770808,within,14.0
fish9,1602,80.1,20.0,20.0,26.64232465955946,2.7160616713950594,52.64040805821149,36.55016728913788,51.33654106914089,433.9600886085604,250.56876298518705,700.2688515937475,within,14.0
fish9,1603,80.15,20.0,20.0,26.64232465955946,2.7160616713950594,51.59802374022709,36.55016728913788,51.33654106914089,433.9493073585604,250.4558658497704,700.1451732083308,within,14.0
fish9,1604,80.2,20.0,20.0,26.64232465955946,2.7160616713950594,51.59802374022709,37.020568412550205,51.510438402566926,433.93445492800487,250.45477861018705,700.3692335381919,within,14.0
fish9,1605,80.25,20.0,20.0,25.881115383572048,2.7160616713950594,51.59802374022709,36.59720740147911,51.42504570683375,433.9260521502271,250.4544335581037,700.2204857083308,within,14.0
fish9,1606,80.3,20.0,20.0,25.881115383572048,2.7160616713950594,51.076831581234906,36.50312717679664,51.41551468970015,433.9215122196715,250.4560676726871,700.0775798923587,within,14.0
fish9,1607,80.35,20.0,20.0,26.64232465955946,2.7160616713950594,55.76756101216464,36.761847794673415,51.53645526235669,433.92156430300486,250.4565559488508,700.0581202518556,within,14.0
fish9,1608,80.4,20.0,20.0,26.64232465955946,2.820525581833331,55.76756101216464,37.79673026618055,52.04380531320045,433.9168247196715,250.45794266760083,700.3947673872724,within,14.0
fish9,1609,80.45,20.0,20.0,26.64232465955946,2.924989492271602,55.24636885317245,38.33769155810473,52.05716880924583,433.9177882613382,250.45877600093417,700.4965642622724,within,14.0
fish9,1610,80.5,20.0,20.0,26.64232465955946,2.924989492271602,54.725176694180256,38.643452288322734,52.22936162300194,433.9170938168938,250.45865230034715,700.6957461172409,within,14.0
fish9,1612,80.6,20.0,20.0,26.64232465955946,2.924989492271602,54.20398453518806,39.0197731870526,52.48261635997476,433.8823889557826,250.4573437065972,701.0797326623799,within,14.0
fish9,1613,80.65,20.0,20.0,26.64232465955946,2.924989492271602,53.68279237619586,39.34905397344123,52.72402079390225,433.8863212474493,250.45936846516923,701.0056897126184,within,14.0
fish9,1614,80.7,20.0,20.0,26.64232465955946,2.924989492271602,53.16160021720368,39.46665425429431,52.79070319203034,433.8993854835604,250.4597656005859,701.0591510841464,within,14.0
fish9,1615,80.75,20.0,20.0,25.881115383572048,2.924989492271602,53.16160021720368,38.78457262534644,52.37553365292846,433.89098270578256,250.47656898600263,700.8675516917851,within,14.0
fish9,1616,80.8,20.0,20.0,25.881115383572048,2.924989492271602,53.16160021720368,38.92569296237013,52.509043044107344,433.8854184696715,250.47485023600265,700.9402687056742,within,14.0
fish9,1617,80.85,20.0,20.0,25.881115383572048,3.029453402709874,52.64040805821149,39.20793363641753,52.47795317371957,433.86139069189375,250.47048174641924,700.831872438313,within,14.0
fish9,1618,80.9,20.0,20.0,25.881115383572048,3.029453402709874,52.11921589921929,39.51369436663554,52.7456405292291,433.79674659467145,250.4705859150781,700.9473325097496,within,14.0
fish9,1619,80.95,20.0,20.0,25.881115383572048,3.029453402709874,54.725176694180256,40.24281610792465,53.249596761251226,433.8397500668937,250.46798501306105,701.2877350799547,within,14.0
fish9,1620,81.0,20.0,20.0,25.881115383572048,3.029453402709874,53.16160021720368,40.68969717516636,53.457684670001534,429.4853403446716,250.4700097526444,697.2153500973159,within,14.0
fish9,3139,156.95,20.0,20.0,25.881115383572048,2.193742119203701,19.28410988271114,29.564710606464807,47.853479830873134,437.31805441555457,255.4426724784744,705.880726894029,within,14.0
fish9,3141,157.05,20.0,20.0,25.881115383572048,2.2982060296419733,11.466227497828244,30.08215184221837,48.129231028801605,437.2001637905546,255.42678383886545,705.94694762942,within,14.0
fish9,3142,157.1,20.0,20.0,25.881115383572048,2.2982060296419733,18.24172556472676,30.08215184221837,48.129231028801605,437.191704598415,255.4120735379432,705.9237781363582,within,14.0
fish9,3143,157.15,20.0,20.0,25.881115383572048,2.193742119203701,11.466227497828244,29.564710606464807,47.853479830873134,437.15495978821184,255.40953121676984,705.6844910049816,within,14.0
