FishID,View,FrameIndex,Method,MaskArea_px,MaskLength_px,MaskWidth_px,MaskPerimeter_px,Bbox_w_px,Bbox_h_px
fish01,front,144,FastSAM,1169.0,39.0,31.0,130.62741613388062,83.12158,93.27051
fish01,front,145,FastSAM,4291.5,96.16651916503906,55.154327392578125,263.4629839658737,82.88757,92.50635
fish01,front,146,FastSAM,4343.5,99.70205688476562,55.154327392578125,264.97770166397095,83.20941,93.21466
fish01,front,147,FastSAM,4425.0,100.40916442871094,56.56854248046875,268.73506247997284,84.35071,94.12546
fish01,front,148,FastSAM,4520.5,103.94469451904297,56.56854248046875,271.66399323940277,84.52423,94.59247
fish01,front,149,FastSAM,1169.0,39.0,31.0,130.62741613388062,84.25366,93.909
fish01,front,150,FastSAM,3973.0,91.35003662109375,56.13874816894531,249.76449990272522,83.92206,91.122375
fish01,front,151,FastSAM,3973.0,91.35003662109375,56.13874816894531,249.76449990272522,83.832275,90.98694
fish01,front,152,FastSAM,4068.0,91.35003662109375,56.13874816894531,253.07820785045624,83.75037,91.00427
fish01,front,153,FastSAM,4001.0,91.35003662109375,56.13874816894531,250.59292721748352,83.84534,91.26895
fish01,front,154,FastSAM,4023.5,90.50965881347656,57.982749938964844,251.17871344089508,83.96759,91.30728
fish01,front,155,FastSAM,4015.0,90.50965881347656,57.982749938964844,251.76449966430664,84.49231,91.52911
fish01,front,156,FastSAM,3984.0,89.09545135498047,57.982749938964844,248.5929273366928,85.56506,92.133606
fish01,front,157,FastSAM,3983.5,90.89312744140625,56.53490447998047,248.35028731822968,85.62256,91.94989
fish01,front,158,FastSAM,4022.5,89.80255889892578,58.68986129760742,249.52186048030853,85.40961,91.25568
fish01,front,159,FastSAM,3992.0,89.02139282226562,57.79813003540039,246.9360740184784,86.24219,91.98587
fish01,front,160,FastSAM,3977.0,88.5828628540039,57.79813003540039,246.10764598846436,86.84595,91.43268
fish01,front,161,FastSAM,4022.0,88.86286926269531,58.408992767333984,248.93607318401337,90.96533,91.88019
fish01,front,162,FastSAM,4055.5,90.0,58.200008392333984,250.6934311389923,91.72504,91.116455
fish01,front,163,FastSAM,4081.5,89.78801727294922,58.32025146484375,250.69343173503876,92.48547,92.25302
fish01,front,164,FastSAM,4119.5,89.35945129394531,59.25469970703125,251.52185952663422,91.56946,92.68051
fish01,front,165,FastSAM,4086.0,86.46586608886719,58.69895935058594,250.59292614459991,90.71692,93.01138
fish01,front,166,FastSAM,4057.5,87.23563385009766,58.84471893310547,252.35028493404388,93.55078,92.943146
fish01,front,167,FastSAM,4026.5,85.17865753173828,58.98232650756836,250.00713920593262,93.3634,92.93646
fish01,front,168,FastSAM,4147.0,88.155517578125,59.11838912963867,256.24978017807007,92.09943,91.50961
fish01,front,169,FastSAM,4123.0,86.2558822631836,59.907623291015625,251.76449954509735,91.05127,90.21655
fish01,front,170,FastSAM,4043.5,87.8853530883789,60.26679229736328,247.86500310897827,94.75189,90.19672
fish01,front,171,FastSAM,3938.0,84.04704284667969,60.21627426147461,243.76449954509735,91.585815,89.56799
fish01,front,172,FastSAM,3862.0,79.25454711914062,60.05846405029297,242.59292769432068,96.37561,87.94345
fish01,front,173,FastSAM,3784.5,78.53074645996094,61.27593231201172,245.6639928817749,99.693054,84.94614
fish01,front,174,FastSAM,3693.0,77.97223663330078,60.41062545776367,237.27921998500824,98.47803,84.53549
fish01,front,175,FastSAM,3628.5,76.0,60.40000534057617,232.2081515789032,98.318115,85.171875
fish01,front,176,FastSAM,3527.5,74.26139831542969,60.0493049621582,227.3797241449356,101.10022,84.954834
fish01,front,177,FastSAM,3506.5,73.49317169189453,60.81752395629883,226.55129611492157,101.61365,84.084625
fish01,front,178,FastSAM,3568.0,74.28240203857422,60.69912338256836,227.96550953388214,100.929504,82.79077
fish01,front,179,FastSAM,3491.0,67.0,67.0,225.82337498664856,99.64496,82.25641
fish01,front,180,FastSAM,3514.5,67.0,67.0,226.40916109085083,98.73279,82.39868
fish01,front,181,FastSAM,3479.0,73.00321960449219,61.264495849609375,223.480229139328,96.87402,80.30603
fish01,front,182,FastSAM,3457.0,74.01423645019531,60.32532501220703,225.82337498664856,95.43201,79.211365
fish01,front,183,FastSAM,3500.0,71.91738891601562,60.87234115600586,222.30865442752838,96.90564,81.48474
fish01,front,184,FastSAM,3457.0,70.0296401977539,62.9038200378418,221.48022866249084,96.27698,81.621796
fish01,front,185,FastSAM,3512.0,70.58866119384766,64.36024475097656,224.308656334877,96.9317,81.978424
fish01,front,186,FastSAM,3476.5,67.0,66.0,223.23758900165558,98.413574,83.19867
fish01,front,187,FastSAM,3537.5,67.0,66.0,224.40916121006012,98.63794,83.394745
fish01,front,188,FastSAM,3703.5,71.0,66.0,230.06601548194885,97.539795,82.244934
fish01,front,189,FastSAM,3560.0,67.0,66.0,227.4802290201187,98.229614,83.77136
fish01,front,190,FastSAM,3664.5,73.62120819091797,64.40254974365234,229.7228696346283,97.16565,81.63318
fish01,front,191,FastSAM,3652.5,71.0,66.0,230.06601464748383,97.28204,82.30319
fish01,front,192,FastSAM,3682.0,71.0,66.0,228.30865621566772,95.04755,83.44092
fish01,front,193,FastSAM,3657.0,71.0,66.0,228.30865585803986,93.718506,80.6864
fish01,front,3417,FastSAM,3746.0,87.86206817626953,56.931034088134766,240.7939374446869,108.46118,84.89804
fish01,front,3418,FastSAM,3925.0,91.21676635742188,57.27565002441406,250.10764598846436,110.7749,85.99945
fish01,front,3419,FastSAM,4075.0,91.69700622558594,57.96192169189453,254.10764634609222,109.07257,85.4577
fish01,front,3420,FastSAM,3931.0,91.00948333740234,57.500118255615234,250.4507907629013,107.490845,85.57135
fish01,front,3421,FastSAM,4006.5,92.83743286132812,58.12560272216797,254.69343316555023,107.5741,86.32794
fish01,front,3422,FastSAM,4030.5,93.43207550048828,58.592994689941406,254.69343268871307,110.23816,86.86957
fish01,front,3423,FastSAM,3950.5,93.16665649414062,56.555870056152344,254.69343090057373,111.37146,88.20239
fish01,front,3424,FastSAM,4196.5,96.24047088623047,57.41146469116211,261.5218594074249,108.31592,88.11694
fish01,front,3425,FastSAM,4171.5,95.6473159790039,57.473880767822266,259.17871284484863,111.80536,88.608185
fish01,front,3426,FastSAM,4056.0,93.42296600341797,58.097869873046875,255.27921962738037,112.072266,88.338165
fish01,front,3427,FastSAM,4254.0,97.74248504638672,58.49980926513672,264.450790643692,114.58765,87.38995
fish01,front,3428,FastSAM,4654.5,102.8095703125,59.067195892333984,281.5218594074249,112.79425,87.184265
fish01,front,3429,FastSAM,4445.5,99.74580383300781,56.92189025878906,269.5218596458435,114.57947,88.79086
fish01,front,3430,FastSAM,4651.0,101.9519271850586,57.14015197753906,276.93607330322266,112.79724,87.62152
fish01,front,3431,FastSAM,4611.0,103.6318359375,56.97274398803711,275.4213545322418,111.47186,87.313965
fish01,front,3432,FastSAM,4327.5,100.20545959472656,55.91511154174805,265.1787118911743,109.976074,87.428314
fish01,front,3433,FastSAM,4171.0,97.04884338378906,57.68425369262695,259.76449978351593,107.17529,88.36749
fish01,front,3434,FastSAM,4041.5,93.171630859375,57.7035026550293,253.52185893058777,106.079956,86.57294
fish01,front,3435,FastSAM,3975.5,92.96009063720703,56.16338348388672,251.17871391773224,107.720276,87.53439
fish01,front,3436,FastSAM,4204.0,95.18339538574219,57.509681701660156,255.76450061798096,106.5238,87.5791
fish01,front,3437,FastSAM,4017.5,89.09545135498047,57.27565002441406,248.00714015960693,103.081055,87.31781
fish01,front,3438,FastSAM,4156.5,92.63097381591797,57.27565002441406,256.49242186546326,103.04242,87.62967
fish01,front,3439,FastSAM,4213.5,95.45940399169922,57.982749938964844,259.1787129640579,101.30475,86.930664
fish01,front,3440,FastSAM,4068.0,93.79112243652344,55.39923095703125,255.07820761203766,103.128174,87.62836
fish01,front,3441,FastSAM,4161.5,96.33210754394531,55.09102249145508,257.66399574279785,103.0777,88.20911
fish01,front,3442,FastSAM,4021.0,93.33808135986328,55.154327392578125,252.59292650222778,101.79773,89.02423
fish01,front,3443,FastSAM,3892.0,90.1183853149414,57.29228210449219,249.27921772003174,102.37421,88.37619
fish01,front,3444,FastSAM,4061.5,92.5608901977539,56.165592193603516,254.00714135169983,99.609375,88.34537
fish01,front,3445,FastSAM,4218.0,94.18002319335938,56.99199676513672,259.07820749282837,98.25409,87.62503
fish01,front,3446,FastSAM,3879.5,93.42884826660156,53.21842575073242,252.00713896751404,98.4314,88.30017
fish01,front,3447,FastSAM,3908.0,92.98609924316406,53.96315383911133,253.07820785045624,103.192444,85.90411
fish01,front,3448,FastSAM,3908.0,92.98609924316406,53.96315383911133,253.07820785045624,103.178955,86.04401
fish01,front,3449,FastSAM,3947.0,92.9428482055664,53.81224822998047,253.0782070159912,103.348694,86.38901
fish01,front,3450,FastSAM,3931.0,93.11849975585938,52.8202018737793,252.73506128787994,102.533936,86.063416
fish01,front,3451,FastSAM,3963.0,93.58274841308594,53.35468673706055,254.7350618839264,101.06641,87.45154
fish01,front,3452,FastSAM,3914.5,92.63097381591797,53.740108489990234,253.32084810733795,101.93555,86.600586
fish01,front,3453,FastSAM,3765.0,89.18028259277344,52.223777770996094,244.24978017807007,102.149414,87.340454
fish01,front,3454,FastSAM,3785.5,91.21676635742188,52.32590103149414,246.0071406364441,100.94849,87.863495
fish01,front,3455,FastSAM,3920.5,95.68782043457031,52.368770599365234,252.8355667591095,99.20947,88.854126
fish01,front,3456,FastSAM,3791.5,93.33888244628906,52.11100387573242,251.66399455070496,99.272766,91.5614
fish01,front,3457,FastSAM,3857.0,91.80244445800781,52.75119400024414,253.90663421154022,98.46094,92.89719
fish01,front,3458,FastSAM,3840.0,91.2167739868164,51.61879348754883,251.56349050998688,97.680664,92.280426
fish01,front,3459,FastSAM,3826.5,91.18887329101562,52.910823822021484,252.4924200773239,94.17859,92.16373
fish01,front,3460,FastSAM,3611.0,85.55992126464844,52.325897216796875,238.24978017807007,93.63196,91.70068
fish01,front,3461,FastSAM,3328.5,84.14572143554688,50.204586029052734,229.86500656604767,91.37512,91.25714
fish01,front,3462,FastSAM,3369.5,84.14570617675781,50.20458221435547,230.35028743743896,94.708374,91.28195
fish01,front,3463,FastSAM,3204.5,84.14570617675781,49.497474670410156,228.2081503868103,92.586914,91.03204
fish01,front,3464,FastSAM,3190.5,82.02438354492188,50.20457458496094,227.86500477790833,90.18744,91.991455
fish01,front,3465,FastSAM,3110.0,82.73149108886719,49.497474670410156,223.62236559391022,89.92798,92.53534
fish01,front,3466,FastSAM,3072.5,81.31727600097656,50.20458221435547,220.55129826068878,85.29224,92.434875
fish01,front,3467,FastSAM,3214.5,81.31727600097656,50.91168212890625,223.8650062084198,85.37598,94.02124
fish01,front,3468,FastSAM,3160.5,84.44608306884766,48.371734619140625,224.2081515789032,83.8656,91.42151
fish01,top,144,Full_SAM,771.5,65.0,17.0,150.32590091228485,52.403687,53.648926
fish01,top,145,Full_SAM,673.5,54.00526428222656,17.740514755249023,133.49747383594513,52.322754,50.21019
fish01,top,146,Full_SAM,616.0,60.0,15.0,136.42640602588654,51.5271,47.641373
fish01,top,147,Full_SAM,544.5,54.0,15.0,125.35533845424652,51.24164,49.781265
fish01,top,148,Full_SAM,528.5,51.0,16.0,119.35533845424652,52.434814,47.357483
fish01,top,149,Full_SAM,491.0,51.0,14.0,117.11269783973694,54.326904,48.621338
fish01,top,150,Full_SAM,576.0,62.0,13.0,138.28427076339722,60.77722,32.589783
fish01,top,151,Full_SAM,553.5,61.0,13.0,135.69848430156708,59.99469,33.626694
fish01,top,152,Full_SAM,542.0,61.0,14.0,136.76955199241638,59.991943,30.421509
fish01,top,153,Full_SAM,562.0,62.0,15.0,140.42640602588654,62.41992,30.268005
fish01,top,154,Full_SAM,596.5,63.0,15.0,143.01219260692596,65.14526,31.503113
fish01,top,155,Full_SAM,578.5,62.422019958496094,15.081160545349121,141.8406195640564,61.32019,37.035706
fish01,top,156,Full_SAM,628.0,75.38970184326172,14.551884651184082,175.88224971294403,61.473877,36.534653
fish01,top,157,Full_SAM,566.5,60.16634750366211,13.703368186950684,135.49747383594513,60.707092,34.553894
fish01,top,158,Full_SAM,579.5,60.9080696105957,13.92715072631836,138.32590091228485,65.95264,35.046814
fish01,top,159,Full_SAM,649.0,76.8661117553711,16.133277893066406,180.02438485622406,71.44696,36.873657
fish01,top,160,Full_SAM,650.0,77.87348175048828,15.83696460723877,180.3675309419632,70.39398,36.228577
fish01,top,161,Full_SAM,610.0,72.91033172607422,14.511995315551758,166.3675309419632,70.8822,36.154648
fish01,top,162,Full_SAM,651.5,79.69335174560547,14.933528900146484,183.0954531431198,71.094604,36.74388
fish01,top,163,Full_SAM,704.0,81.13873291015625,15.181224822998047,183.68123960494995,89.8678,37.95192
fish01,top,164,Full_SAM,675.0,81.43644714355469,14.058638572692871,185.3380936384201,90.45178,37.453247
fish01,top,165,Full_SAM,565.0,58.17228317260742,13.643820762634277,132.02438485622406,75.40881,41.904297
fish01,top,166,Full_SAM,563.0,58.66679382324219,13.300236701965332,132.85281240940094,68.59064,43.006958
fish01,top,167,Full_SAM,558.5,57.80119705200195,13.82046127319336,131.43859887123108,66.75311,43.388412
fish01,top,168,Full_SAM,561.0,58.30952072143555,13.548388481140137,132.85281240940094,65.615906,44.096252
fish01,top,169,Full_SAM,547.5,57.9782829284668,13.561022758483887,132.2670259475708,65.808105,43.10826
fish01,top,170,Full_SAM,557.5,57.932918548583984,13.218317985534668,131.09545278549194,65.63391,43.572815
fish01,top,171,Full_SAM,552.5,59.053802490234375,13.484725952148438,133.92387986183167,64.697266,44.675537
fish01,top,172,Full_SAM,605.0,68.09175872802734,13.430944442749023,154.65180230140686,61.67621,46.70996
fish01,top,173,Full_SAM,609.5,67.72125244140625,14.00244426727295,154.06601548194885,58.43457,46.16272
fish01,top,174,Full_SAM,611.5,69.51053619384766,14.25753402709961,158.89444231987,55.462463,46.560898
fish01,top,175,Full_SAM,538.0,55.154327392578125,14.142135620117188,126.50966596603394,53.073975,46.849136
fish01,top,176,Full_SAM,538.0,56.56468200683594,13.379294395446777,128.16652059555054,51.60315,47.07495
fish01,top,177,Full_SAM,608.0,69.76939392089844,13.348787307739258,161.96550941467285,52.737793,48.379745
fish01,top,178,Full_SAM,613.5,69.23705291748047,13.358236312866211,160.55129647254944,51.52832,50.4433
fish01,top,179,Full_SAM,622.0,69.80967712402344,13.899465560913086,161.96551036834717,50.976562,52.347305
fish01,top,180,Full_SAM,645.0,71.29544067382812,13.85202407836914,159.6223646402359,50.45294,54.7213
fish01,top,181,Full_SAM,724.0,78.42036437988281,15.510526657104492,178.45079219341278,52.541687,56.24054
fish01,top,182,Full_SAM,739.5,77.89722442626953,16.35247039794922,177.86500668525696,52.829346,54.19574
fish01,top,183,Full_SAM,714.5,73.7492446899414,15.748537063598633,166.2081526517868,51.250122,51.70323
fish01,top,184,Full_SAM,698.0,71.66728973388672,15.333205223083496,163.137082695961,50.28418,53.25531
fish01,top,185,Full_SAM,734.0,73.79998779296875,15.599997520446777,171.96550917625427,49.08972,51.725113
fish01,top,186,Full_SAM,725.0,73.32125854492188,15.729253768920898,171.13708424568176,46.647095,49.860718
fish01,top,187,Full_SAM,718.5,72.31155395507812,15.574795722961426,167.23758792877197,47.41089,53.840332
fish01,top,188,Full_SAM,720.5,71.09715270996094,15.604814529418945,166.40916061401367,47.194946,55.25537
fish01,top,189,Full_SAM,700.0,72.54389953613281,15.949369430541992,172.6518017053604,45.596313,54.440445
fish01,top,190,Full_SAM,720.5,74.71112823486328,17.09838104248047,177.58073365688324,45.004944,57.47328
fish01,top,191,Full_SAM,711.0,74.10912322998047,16.900375366210938,176.99494802951813,43.586243,58.03894
fish01,top,192,Full_SAM,733.0,76.1148681640625,16.624298095703125,179.82337486743927,44.083496,58.237442
fish01,top,193,Full_SAM,708.0,74.68582153320312,16.000179290771484,176.50966620445251,42.184937,55.186523
fish01,top,3417,Full_SAM,655.0,76.98457336425781,13.799674987792969,169.5979790687561,30.935913,72.26297
fish01,top,3418,Full_SAM,620.5,70.0,13.0,157.35533845424652,30.700806,70.95709
fish01,top,3419,Full_SAM,623.0,71.0,13.0,155.94112491607666,29.934387,70.29721
fish01,top,3420,Full_SAM,634.0,70.0,14.0,153.94112491607666,30.984375,70.50116
fish01,top,3421,Full_SAM,644.0,72.0,13.0,157.11269783973694,30.008057,70.83276
fish01,top,3422,Full_SAM,607.5,60.0,14.0,134.5269113779068,29.04602,70.06354
fish01,top,3423,Full_SAM,607.0,61.98493194580078,13.893174171447754,137.94112491607666,28.970093,70.408264
fish01,top,3424,Full_SAM,600.5,62.0,13.0,137.69848430156708,28.478394,68.209076
fish01,top,3425,Full_SAM,586.5,58.0,14.0,130.5269113779068,28.409668,67.743164
fish01,top,3426,Full_SAM,583.0,59.0,14.0,131.94112491607666,28.053223,68.78769
fish01,top,3427,Full_SAM,565.0,60.0,13.0,133.94112491607666,26.688354,68.991394
fish01,top,3428,Full_SAM,568.0,61.0,13.0,135.94112491607666,27.518127,68.83746
fish01,top,3429,Full_SAM,586.0,64.0,14.0,140.76955199241638,26.608887,69.0376
fish01,top,3430,Full_SAM,578.0,61.0,14.0,135.94112491607666,26.890442,69.727356
fish01,top,3431,Full_SAM,585.5,62.0,13.0,138.5269113779068,27.54358,68.85321
fish01,top,3432,Full_SAM,596.0,62.0,14.0,137.94112491607666,28.34436,71.56207
fish01,top,3433,Full_SAM,614.5,63.0,15.0,141.35533845424652,28.736328,71.51477
fish01,top,3434,Full_SAM,606.0,63.0,15.0,140.76955199241638,28.487549,71.04199
fish01,top,3435,Full_SAM,588.0,63.0,14.0,139.94112491607666,27.480347,70.94733
fish01,top,3436,Full_SAM,604.5,64.0,14.0,144.18376553058624,26.917542,71.712524
fish01,top,3437,Full_SAM,603.0,70.74714660644531,15.02506160736084,156.42640602588654,26.379333,71.24744
fish01,top,3438,Full_SAM,605.5,69.89334869384766,13.821927070617676,152.18376553058624,26.2724,71.25064
fish01,top,3439,Full_SAM,583.0,64.0,13.0,141.94112491607666,27.30017,72.11896
fish01,top,3440,Full_SAM,591.5,61.0,13.0,135.69848430156708,26.755493,70.850555
fish01,top,3441,Full_SAM,608.5,63.0,14.0,140.5269113779068,27.834839,71.714294
fish01,top,3442,Full_SAM,618.0,66.0,14.0,145.94112491607666,27.378296,72.10376
fish01,top,3443,Full_SAM,625.0,64.0,14.0,143.94112491607666,29.070374,73.115906
fish01,top,3444,Full_SAM,621.0,64.0,13.0,142.28427076339722,29.821045,73.46832
fish01,top,3445,Full_SAM,613.5,66.0,13.0,146.5269113779068,29.664062,73.367004
fish01,top,3446,Full_SAM,610.5,66.0,14.0,146.5269113779068,29.783875,73.0195
fish01,top,3447,Full_SAM,623.0,68.0,13.0,149.11269783973694,30.705566,80.275024
fish01,top,3448,Full_SAM,607.5,63.0,13.0,139.69848430156708,30.57727,79.80676
fish01,top,3449,Full_SAM,609.5,64.0,13.0,141.69848430156708,30.092651,81.01181
fish01,top,3450,Full_SAM,606.5,62.0,14.0,138.5269113779068,29.749512,80.842255
fish01,top,3451,Full_SAM,593.0,61.0,13.0,135.11269772052765,29.97754,81.067505
fish01,top,3452,Full_SAM,591.5,61.0,14.0,137.35533845424652,29.895264,80.88556
fish01,top,3453,Full_SAM,609.0,65.0,14.0,143.94112491607666,30.301392,80.33252
fish01,top,3454,Full_SAM,619.5,67.0,14.0,149.35533845424652,30.236267,81.21655
fish01,top,3455,Full_SAM,623.5,64.0,14.0,143.35533845424652,30.56958,80.80316
fish01,top,3456,Full_SAM,641.0,67.0,13.0,147.11269783973694,31.183472,80.7605
fish01,top,3457,Full_SAM,675.0,76.0,14.0,165.94112491607666,31.73413,80.05826
fish01,top,3458,Full_SAM,638.5,67.0,14.0,148.5269113779068,32.023743,80.78638
fish01,top,3459,Full_SAM,643.5,68.23499298095703,14.386895179748535,151.35533845424652,31.944092,80.174286
fish01,top,3460,Full_SAM,650.5,69.23326873779297,14.44561767578125,153.35533845424652,32.222656,80.54291
fish01,top,3461,Full_SAM,650.0,70.23794555664062,14.596519470214844,154.76955199241638,32.88324,81.44089
fish01,top,3462,Full_SAM,644.5,70.24958801269531,13.750680923461914,155.35533845424652,32.43927,81.5509
fish01,top,3463,Full_SAM,635.0,69.24627685546875,14.700698852539062,153.5979790687561,32.329285,81.614746
fish01,top,3464,Full_SAM,630.0,66.25292205810547,13.835952758789062,146.76955199241638,32.587036,81.87927
fish01,top,3465,Full_SAM,631.0,64.44329833984375,14.532959938049316,143.5979790687561,32.229492,80.928345
fish01,top,3466,Full_SAM,716.0,83.38411712646484,14.627046585083008,182.42640614509583,32.515137,81.02319
fish01,top,3467,Full_SAM,751.0,84.379150390625,14.826054573059082,186.08326029777527,32.891968,82.19629
fish01,top,3468,Full_SAM,745.0,84.33544158935547,14.534140586853027,185.25483322143555,33.172913,81.94443
fish11,front,2101,FastSAM,2955.0,67.0,47.0,219.79898953437805,51.631348,61.502686
fish11,front,2102,FastSAM,2955.0,67.0,47.0,219.79898953437805,52.35376,61.978455
fish11,front,2103,FastSAM,2955.0,67.0,47.0,219.79898953437805,53.230957,62.487915
fish11,front,2104,FastSAM,2955.0,67.0,47.0,219.79898953437805,52.990845,62.755432
fish11,front,2105,FastSAM,2955.0,67.0,47.0,219.79898953437805,52.821167,62.648743
fish11,front,2106,FastSAM,2955.0,67.0,47.0,219.79898953437805,50.28894,62.74286
fish11,front,2107,FastSAM,2955.0,67.0,47.0,219.79898953437805,50.031128,63.363342
fish11,front,2108,FastSAM,2955.0,67.0,47.0,219.79898953437805,50.35254,63.35309
fish11,front,2109,FastSAM,2966.0,67.0,47.0,220.62741661071777,50.13977,63.340576
fish11,front,2110,FastSAM,2966.0,67.0,47.0,220.62741661071777,51.146606,63.465927
fish11,front,2111,FastSAM,2965.0,67.0,47.0,220.62741661071777,50.713074,63.289978
fish11,front,2112,FastSAM,2967.0,67.0,47.0,220.62741661071777,51.645508,63.503647
fish11,front,2113,FastSAM,2966.0,67.0,47.0,220.62741661071777,52.62329,64.1933
fish11,front,2114,FastSAM,2921.5,67.0,47.0,216.87005722522736,52.425903,63.856445
fish11,front,2115,FastSAM,2925.0,67.0,47.0,217.4558436870575,51.472168,63.894165
fish11,front,2116,FastSAM,2922.5,67.0,47.0,216.87005722522736,51.31604,63.869934
fish11,front,2117,FastSAM,2914.0,67.0,47.0,217.4558436870575,54.772217,63.910645
fish11,front,2118,FastSAM,2915.0,67.0,47.0,217.4558436870575,57.11975,63.446594
fish11,front,2119,FastSAM,3755.0,75.0,55.0,248.28427076339722,53.794678,63.81067
fish11,front,2120,FastSAM,3749.0,75.0,55.0,248.28427076339722,58.624817,64.07385
fish11,front,2121,FastSAM,3750.0,75.0,55.0,248.28427076339722,57.108826,63.697754
fish11,front,2122,FastSAM,3759.0,75.0,55.0,248.28427076339722,56.31433,63.894653
fish11,front,2123,FastSAM,3755.0,75.0,55.0,248.28427076339722,60.80188,63.75354
fish11,front,2124,FastSAM,3754.0,75.0,55.0,248.28427076339722,63.15735,62.575424
fish11,front,2125,FastSAM,3754.0,75.0,55.0,248.28427076339722,62.85327,62.589355
fish11,front,2126,FastSAM,3752.0,75.0,55.0,248.28427076339722,61.629395,62.440857
fish11,front,2127,FastSAM,3733.0,75.0,55.0,248.28427076339722,61.52112,62.256577
fish11,front,2128,FastSAM,3725.0,75.0,55.0,248.28427076339722,58.0166,62.657104
fish11,front,2129,FastSAM,3727.0,75.0,55.0,248.28427076339722,57.999878,62.094666
fish11,front,2130,FastSAM,297469.0,637.0,467.0,2205.6568541526794,60.19409,61.864563
fish11,front,2131,FastSAM,298748.0,637.0,469.0,2210.8284270763397,60.582764,61.377014
fish11,front,2132,FastSAM,2934.5,67.0,47.0,218.04163014888763,61.6532,61.888947
fish11,front,2133,FastSAM,2937.0,67.0,47.0,218.62741661071777,61.00818,61.62683
fish11,front,2134,FastSAM,2938.0,67.0,47.0,218.62741661071777,59.59796,61.74597
fish11,front,2135,FastSAM,2981.5,66.99998474121094,46.99999237060547,220.3847759962082,59.572388,60.978455
fish11,front,2136,FastSAM,2963.5,66.99998474121094,46.99999237060547,220.3847759962082,57.174072,61.272552
fish11,front,2137,FastSAM,2980.5,66.99998474121094,46.99999237060547,220.3847759962082,60.921265,61.012146
fish11,front,2138,FastSAM,2916.5,66.0,47.0,216.04163014888763,60.331665,60.881653
fish11,front,2139,FastSAM,2966.5,67.0,47.0,219.2132030725479,59.272217,61.991394
fish11,front,2140,FastSAM,2958.0,67.0,47.0,218.62741661071777,59.76123,60.348022
fish11,front,2141,FastSAM,10025.0,131.0,79.0,415.94112491607666,60.29602,61.3609
fish11,front,2142,FastSAM,2966.0,67.0,47.0,218.62741661071777,61.532227,65.03822
fish11,front,2143,FastSAM,2971.5,67.0,47.0,219.2132030725479,57.723755,62.919678
fish11,front,2144,FastSAM,3674.0,75.0,55.0,245.94112491607666,59.92993,64.01367
fish11,front,2145,FastSAM,3664.5,75.0,54.0,244.5269113779068,58.808594,63.064575
fish11,front,2146,FastSAM,3673.0,75.0,55.0,245.94112491607666,57.374756,59.296005
fish11,front,2147,FastSAM,10439.0,131.0,83.0,424.4264061450958,43.128662,67.4303
fish11,front,2148,FastSAM,10439.0,131.0,83.0,424.4264061450958,42.808777,67.28888
fish11,front,2149,FastSAM,10437.0,131.0,83.0,424.4264061450958,42.598633,67.41455
fish11,front,2150,FastSAM,10473.0,131.0,83.0,422.7695519924164,43.140747,67.322754
fish11,front,2151,FastSAM,10378.5,131.0,83.0,421.6984843015671,40.288452,67.74451
fish11,front,2152,FastSAM,10374.5,131.0,83.0,421.6984843015671,40.527344,67.69342
fish11,front,2153,FastSAM,10379.0,131.0,83.0,423.5979790687561,40.468384,67.76027
fish11,front,2154,FastSAM,10384.0,131.0,83.0,423.5979790687561,40.40222,67.8371
fish11,front,2155,FastSAM,10411.0,131.0,83.0,433.94112491607666,39.707397,67.90173
fish11,front,2156,FastSAM,10439.0,131.0,83.0,423.5979790687561,40.487244,67.601685
fish11,front,2157,FastSAM,10289.5,130.0,83.0,421.8406196832657,40.93042,67.2832
fish11,front,2158,FastSAM,10285.5,129.99996948242188,82.99998474121094,421.8406196832657,40.828064,67.20648
fish11,front,2159,FastSAM,10430.0,131.0,83.0,422.7695519924164,40.429688,67.38365
fish11,front,2160,FastSAM,10437.0,131.0,83.0,422.7695519924164,40.428955,67.56964
fish11,front,2161,FastSAM,10433.0,131.0,83.0,422.7695519924164,40.398376,66.94765
fish11,front,2162,FastSAM,10433.0,131.0,83.0,422.7695519924164,40.38562,66.02478
fish11,front,2163,FastSAM,10442.5,131.0,83.0,424.5269113779068,40.25293,66.44452
fish11,front,2164,FastSAM,10403.5,131.0,83.0,425.3553384542465,40.73639,66.174576
fish11,front,2165,FastSAM,10431.5,131.0,83.0,433.6984843015671,39.824463,66.286255
fish11,front,2166,FastSAM,1470.0,39.0,39.0,151.3137083053589,39.552856,66.500015
fish11,front,2167,FastSAM,1463.5,39.0,39.0,148.3847759962082,40.555664,66.14703
fish11,front,2168,FastSAM,2970.5,67.0,47.0,216.87005722522736,40.802673,66.02875
fish11,front,2169,FastSAM,2978.5,67.0,47.0,220.3847759962082,39.916748,65.16547
fish11,front,2170,FastSAM,2967.5,67.0,47.0,216.87005722522736,40.479736,65.86621
fish11,front,2171,FastSAM,2970.5,67.0,47.0,216.87005722522736,40.292847,65.885605
fish11,front,2172,FastSAM,2961.5,67.0,47.0,219.2132030725479,38.43445,65.84839
fish11,front,2173,FastSAM,2973.5,67.0,47.0,220.3847759962082,37.92517,65.81348
fish11,front,2174,FastSAM,2983.5,67.0,47.0,216.87005722522736,41.342407,66.233765
fish11,front,2175,FastSAM,2983.5,67.0,47.0,216.87005722522736,41.159485,66.17357
fish11,front,2176,FastSAM,2983.5,67.0,47.0,216.87005722522736,41.393066,66.406235
fish11,front,2177,FastSAM,2983.5,67.0,47.0,216.87005722522736,41.590332,66.52284
fish11,front,2178,FastSAM,2983.5,67.0,47.0,216.87005722522736,40.163574,67.91705
fish11,front,2179,FastSAM,3014.0,67.0,47.0,220.97056245803833,38.4256,67.13751
fish11,front,2180,FastSAM,2991.0,67.0,47.0,220.97056245803833,38.412598,66.99933
fish11,front,2181,FastSAM,297473.0,637.0,467.0,2205.6568541526794,40.35968,67.48944
fish11,front,2182,FastSAM,3773.5,75.0,55.0,251.2132030725479,39.611023,66.7702
fish11,front,2183,FastSAM,3767.5,75.0,55.0,247.69848430156708,40.2854,66.62085
fish11,front,2184,FastSAM,3767.5,75.0,55.0,247.69848430156708,40.16284,66.69997
fish11,front,2185,FastSAM,3774.5,75.0,55.0,251.2132030725479,39.899475,66.53992
fish11,front,2186,FastSAM,3767.5,75.0,55.0,247.69848430156708,40.47998,66.32733
fish11,front,2187,FastSAM,3767.5,75.0,55.0,247.69848430156708,40.28253,66.080444
fish11,front,2188,FastSAM,3764.5,75.0,55.0,247.69848430156708,40.288208,66.487
fish11,front,2189,FastSAM,3764.5,75.0,55.0,247.69848430156708,40.657593,66.64392
fish11,front,2190,FastSAM,3764.5,75.0,55.0,247.69848430156708,40.443604,66.6134
fish11,front,2191,FastSAM,3764.5,75.0,55.0,247.69848430156708,40.46228,66.52179
fish11,front,2192,FastSAM,3764.5,75.0,55.0,247.69848430156708,40.599854,66.425964
fish11,front,2193,FastSAM,3767.5,75.0,55.0,247.69848430156708,40.655518,66.380615
fish11,front,2194,FastSAM,3767.5,75.0,55.0,247.69848430156708,40.425415,66.41383
fish11,front,2195,FastSAM,3766.5,75.0,55.0,247.69848430156708,40.344055,66.410034
fish11,front,2196,FastSAM,3003.5,66.99998474121094,46.99999237060547,218.04163014888763,40.454834,66.45343
fish11,front,2197,FastSAM,10298.0,131.0,83.0,418.083260178566,40.23181,71.441956
fish11,front,2198,FastSAM,10298.0,131.0,83.0,418.083260178566,40.148315,71.42053
fish11,front,2199,FastSAM,10298.0,131.0,83.0,418.083260178566,40.13739,71.41376
fish11,front,2200,FastSAM,10299.0,131.0,83.0,418.083260178566,40.157227,71.41795
fish11,front,2201,FastSAM,10298.0,131.0,83.0,418.083260178566,40.13501,71.40814
fish11,top,2101,Full_SAM,121.5,24.647058486938477,7.2941179275512695,57.35533905029297,45.41809,28.925903
fish11,top,2102,Full_SAM,120.5,24.59674644470215,7.155416965484619,57.35533845424652,44.643677,29.299438
fish11,top,2103,Full_SAM,120.5,24.647058486938477,7.2941179275512695,57.35533905029297,44.649902,29.08435
fish11,top,2104,Full_SAM,125.0,26.038318634033203,7.408391952514648,60.76955163478851,44.76068,29.209839
fish11,top,2105,Full_SAM,125.0,25.117647171020508,7.2941179275512695,58.76955258846283,45.375977,29.24292
fish11,top,2106,Full_SAM,131.5,28.761991500854492,7.517338752746582,71.01219236850739,43.97577,29.796143
fish11,top,2107,Full_SAM,130.5,27.039569854736328,7.814188003540039,67.01219248771667,43.927856,30.114502
fish11,top,2108,Full_SAM,129.5,27.907812118530273,7.814188003540039,69.01219248771667,44.137573,29.896118
fish11,top,2109,Full_SAM,99.5,17.8885440826416,7.602630615234375,44.041630029678345,43.743835,29.985657
fish11,top,2110,Full_SAM,136.5,29.272192001342773,7.814188003540039,71.8406195640564,43.66394,30.322693
fish11,top,2111,Full_SAM,116.0,22.807889938354492,7.602630138397217,55.11269772052765,43.703125,30.268005
fish11,top,2112,Full_SAM,134.5,27.890417098999023,7.789706230163574,69.01219260692596,44.136475,29.409973
fish11,top,2113,Full_SAM,133.0,27.890417098999023,7.789706230163574,69.5979790687561,44.1604,29.736023
fish11,top,2114,Full_SAM,120.5,21.466251373291016,7.602630615234375,51.6984840631485,43.88867,29.917969
fish11,top,2115,Full_SAM,143.5,28.697114944458008,7.74614143371582,67.01219260692596,43.610718,29.69629
fish11,top,2116,Full_SAM,112.0,19.230182647705078,8.049844741821289,47.455843567848206,46.804688,28.944092
fish11,top,2117,Full_SAM,133.0,24.59674644470215,8.049844741821289,57.94112479686737,45.76648,29.226562
fish11,top,2118,Full_SAM,142.5,26.47058868408203,8.117647171020508,62.183765053749084,46.053345,28.111084
fish11,top,2119,Full_SAM,145.5,26.385602951049805,8.497057914733887,62.183765172958374,47.24597,27.911743
fish11,top,2120,Full_SAM,145.5,26.385602951049805,8.497057914733887,62.183765172958374,47.36035,27.333923
fish11,top,2121,Full_SAM,145.5,26.47058868408203,8.117647171020508,62.1837660074234,48.357178,27.182007
fish11,top,2122,Full_SAM,155.0,29.176471710205078,8.117647171020508,67.2548336982727,48.4635,27.16925
fish11,top,2123,Full_SAM,159.0,30.772377014160156,8.547883033752441,70.91168808937073,47.576538,26.629639
fish11,top,2124,Full_SAM,144.0,27.72724151611328,8.049844741821289,64.42640602588654,47.175232,27.518188
fish11,top,2125,Full_SAM,146.5,27.72724151611328,8.049844741821289,65.01219260692596,46.558716,28.543457
fish11,top,2126,Full_SAM,164.0,32.64659118652344,8.049844741821289,74.08326017856598,48.587646,25.00708
fish11,top,2127,Full_SAM,153.0,31.752164840698242,8.049844741821289,72.08326029777527,46.00775,23.06372
fish11,top,2128,Full_SAM,147.5,30.410520553588867,8.049844741821289,69.84061932563782,43.36487,22.595825
fish11,top,2129,Full_SAM,151.0,32.172611236572266,8.043152809143066,73.25483286380768,44.13269,23.505432
fish11,top,2130,Full_SAM,153.0,30.857738494873047,8.049844741821289,71.25483322143555,48.138794,24.678589
fish11,top,2131,Full_SAM,153.5,29.96331024169922,7.602630615234375,69.01219248771667,44.265503,22.381592
fish11,top,2136,Full_SAM,141.5,22.600000381469727,9.0,54.5269113779068,50.024536,17.858398
fish11,top,2138,Full_SAM,100.0,21.91065788269043,7.488452911376953,51.11269724369049,46.98413,23.266174
fish11,top,2139,Full_SAM,113.5,20.589765548706055,7.938222408294678,49.6984840631485,45.481506,24.920105
fish11,top,2140,Full_SAM,115.0,21.63330841064453,7.765803337097168,51.11269819736481,46.177002,23.943848
fish11,top,2141,Full_SAM,115.0,21.63330841064453,7.765803337097168,51.11269819736481,45.935303,24.163208
fish11,top,2142,Full_SAM,116.5,20.246559143066406,8.043152809143066,48.870057106018066,46.893433,27.068542
fish11,top,2143,Full_SAM,124.5,22.435794830322266,7.904839515686035,52.52691090106964,47.65515,24.932251
fish11,top,2144,Full_SAM,755.0,41.0,23.0,113.25483286380768,38.310913,21.56836
fish11,top,2145,Full_SAM,730.5,39.0,23.0,111.01219248771667,37.81311,21.18695
fish11,top,2146,Full_SAM,717.0,38.0,22.0,113.25483310222626,37.906982,21.88501
fish11,top,2147,Full_SAM,153.5,34.08043670654297,8.757638931274414,78.66904628276825,46.218628,25.11145
fish11,top,2148,Full_SAM,161.5,38.189937591552734,8.851499557495117,87.49747335910797,46.145203,25.336609
fish11,top,2149,Full_SAM,153.0,32.24302673339844,8.64518928527832,74.08326005935669,46.45874,24.058167
fish11,top,2150,Full_SAM,140.5,25.45584487915039,8.485280990600586,60.1837660074234,48.292603,22.973999
fish11,top,2151,Full_SAM,150.5,29.91102409362793,8.572061538696289,68.66904699802399,47.627075,23.58789
fish11,top,2152,Full_SAM,150.5,29.91102409362793,8.572061538696289,68.66904699802399,47.332397,23.63263
fish11,top,2153,Full_SAM,156.0,30.5949649810791,8.572061538696289,70.08326065540314,47.899902,24.390625
fish11,top,2154,Full_SAM,149.5,32.42107009887695,8.082564353942871,73.49747467041016,47.3739,25.055847
fish11,top,2155,Full_SAM,438.0,36.055511474609375,15.698015213012695,91.59797894954681,35.093506,20.683533
fish11,top,2156,Full_SAM,530.0,38.0,17.0,100.76955187320709,36.920166,21.334045
fish11,top,2157,Full_SAM,384.5,32.0,14.0,84.38477599620819,34.168945,19.290161
fish11,top,2187,Full_SAM,428.5,46.0,11.0,104.87005722522736,41.07495,15.914429
fish11,top,2189,Full_SAM,457.5,45.0,12.0,104.87005722522736,40.573364,15.395142
fish11,top,2190,Full_SAM,481.0,45.0,13.0,108.2842708826065,41.36975,15.970093
fish11,top,2191,Full_SAM,435.0,43.0,12.0,102.28427076339722,40.245728,14.875122
fish11,top,2192,Full_SAM,444.0,44.0,12.0,103.45584380626678,40.00067,15.055603
fish11,top,2193,Full_SAM,451.0,44.0,13.0,105.94112491607666,41.347534,15.762451
fish11,top,2194,Full_SAM,457.5,44.0,13.0,106.52691113948822,40.38037,15.527893
fish11,top,2198,Full_SAM,468.0,39.0,18.0,106.42640602588654,46.710938,20.691284
fish11,top,2199,Full_SAM,576.5,40.0,20.0,106.18376517295837,47.484863,21.177307
fish11,top,2201,Full_SAM,579.5,34.0,20.0,101.35533845424652,32.29187,20.815552
fish12,front,1192,FastSAM,297507.0,629.0,473.0,2201.65685403347,84.12976,89.458496
fish12,front,1193,FastSAM,3061.5,70.2540054321289,59.74470138549805,217.23758804798126,86.56177,86.14563
fish12,front,1194,FastSAM,3236.0,72.43415069580078,58.73423385620117,223.13708221912384,83.52478,87.56586
fish12,front,1195,FastSAM,299399.0,633.0,473.0,2209.65685403347,83.485596,82.25525
fish12,front,1196,FastSAM,299399.0,633.0,473.0,2209.65685403347,85.13086,81.76709
fish12,front,1197,FastSAM,3209.0,75.39999389648438,55.999996185302734,221.13708293437958,84.076904,81.073364
fish12,front,1198,FastSAM,2972.5,69.89556121826172,55.03217315673828,208.89444530010223,83.541626,82.11542
fish12,front,1199,FastSAM,2944.0,73.30841064453125,52.458919525146484,215.48022842407227,77.89148,81.61316
fish12,front,1200,FastSAM,2934.0,73.79380798339844,50.604915618896484,214.30865573883057,80.28235,79.70288
fish12,front,1201,FastSAM,3008.5,74.2986831665039,50.87019348144531,217.37972390651703,78.81738,79.243774
fish12,front,1202,FastSAM,2936.5,72.12489318847656,52.32590103149414,219.0365775823593,76.9729,79.92456
fish12,front,1203,FastSAM,3044.5,76.18241119384766,53.8411750793457,226.20815062522888,76.65729,81.10266
fish12,front,1204,FastSAM,2926.0,71.37141418457031,54.348472595214844,217.13708245754242,75.92493,81.607544
fish12,front,1205,FastSAM,2905.5,74.2462158203125,51.61879348754883,213.72286975383759,77.111206,83.01782
fish12,front,1206,FastSAM,3045.0,74.41279602050781,51.06760025024414,222.10764515399933,74.87854,83.09094
fish12,front,1207,FastSAM,298130.0,633.0,471.0,2204.485281229019,73.18042,80.66113
fish12,front,1208,FastSAM,2844.5,73.56437683105469,50.79893112182617,211.72286880016327,71.84546,79.83142
fish12,front,1209,FastSAM,2870.0,72.83200073242188,49.497474670410156,211.6223647594452,74.01807,78.685425
fish12,front,1210,FastSAM,2814.0,72.12489318847656,48.08325958251953,210.79393768310547,73.55176,75.01123
fish12,front,1211,FastSAM,2827.0,71.41778564453125,49.497474670410156,213.62236440181732,70.67993,76.061646
fish12,front,1212,FastSAM,2828.0,74.24620819091797,48.790367126464844,211.13708245754242,70.875854,75.53723
fish12,front,1213,FastSAM,2813.5,75.21615600585938,49.76520538330078,213.72286999225616,72.81018,75.36804
fish12,front,1214,FastSAM,2796.0,72.23683166503906,47.64917755126953,209.62236380577087,69.53284,75.22345
fish12,front,1215,FastSAM,2760.0,72.12489318847656,49.497474670410156,208.79393935203552,71.89209,74.59265
fish12,front,1216,FastSAM,2739.0,73.32916259765625,46.75461196899414,211.6223646402359,72.95624,74.43115
fish12,front,1217,FastSAM,2812.5,74.2462158203125,47.37614822387695,214.69343280792236,74.41809,74.79974
fish12,front,1218,FastSAM,2806.0,74.32941436767578,47.942474365234375,211.13708412647247,73.54675,73.80017
fish12,front,1219,FastSAM,2879.0,74.2462158203125,48.790367126464844,215.2792181968689,73.50537,75.575195
fish12,front,1220,FastSAM,2783.5,73.57829284667969,49.57815170288086,212.20815110206604,72.5553,76.88629
fish12,front,1221,FastSAM,2933.0,75.76654815673828,49.25016403198242,216.4507919549942,71.60916,76.80896
fish12,front,1222,FastSAM,2868.5,74.56336212158203,47.53855514526367,211.86500453948975,71.002686,75.43848
fish12,front,1223,FastSAM,2854.5,76.36752319335938,48.790367126464844,213.37972271442413,69.21387,75.66382
fish12,front,1224,FastSAM,2991.5,78.48883819580078,50.20458221435547,219.37972331047058,71.313354,76.9516
fish12,front,1225,FastSAM,2985.0,75.6604232788086,48.08325958251953,216.10764515399933,74.82959,74.86139
fish12,front,1226,FastSAM,3111.5,79.19595336914062,48.08325958251953,220.35028719902039,73.08142,75.830444
fish12,front,1227,FastSAM,3019.5,80.41607666015625,49.126914978027344,218.55129754543304,75.827515,78.412964
fish12,front,1228,FastSAM,3001.0,82.30091857910156,46.28001403808594,216.79393863677979,74.88611,78.82446
fish12,front,1229,FastSAM,2939.0,81.67887878417969,46.695953369140625,219.13708329200745,76.15784,78.68628
fish12,front,1230,FastSAM,2866.5,82.94970703125,45.48188781738281,216.40916168689728,76.94681,80.35248
fish12,front,1231,FastSAM,2922.0,82.02438354492188,46.66904067993164,217.4802303314209,76.5459,79.12695
fish12,front,1232,FastSAM,2849.5,81.9110107421875,45.489601135253906,214.89444315433502,77.72644,79.081116
fish12,front,1233,FastSAM,2850.5,81.11099243164062,46.17957305908203,214.0660150051117,77.65451,79.8374
fish12,front,1234,FastSAM,2862.0,81.30152893066406,46.58852005004883,214.65180218219757,76.94153,79.74072
fish12,front,1235,FastSAM,2831.0,80.4327163696289,44.6534423828125,213.1370815038681,77.37341,79.14044
fish12,front,1236,FastSAM,2838.0,81.11099243164062,44.6534423828125,213.13708186149597,79.27438,79.80859
fish12,front,1237,FastSAM,2803.0,80.61016845703125,44.547725677490234,211.13708353042603,79.83984,80.50964
fish12,front,1238,FastSAM,2659.0,78.48883819580078,43.133514404296875,206.30865705013275,78.43982,79.53546
fish12,front,1239,FastSAM,2666.5,78.51643371582031,42.40435028076172,206.55129635334015,78.46341,78.70801
fish12,front,1240,FastSAM,2675.0,80.61016845703125,41.01219177246094,211.13708317279816,77.48245,78.48993
fish12,front,1241,FastSAM,2714.0,80.61016845703125,41.719295501708984,209.96550989151,76.65369,77.81421
fish12,front,1242,FastSAM,2725.0,80.90446472167969,42.19599533081055,211.13708472251892,75.789825,77.92566
fish12,front,1243,FastSAM,2733.5,80.61016845703125,42.42640686035156,211.72286903858185,76.07495,78.52826
fish12,front,1244,FastSAM,2723.5,79.88432312011719,42.3587532043457,210.5512968301773,75.80734,79.20911
fish12,front,1245,FastSAM,2576.5,78.48883819580078,41.01219177246094,206.8944432735443,73.600464,78.65259
fish12,front,1246,FastSAM,2556.0,78.48883819580078,40.305084228515625,203.13708329200745,74.24475,78.44769
fish12,front,1247,FastSAM,2563.5,77.78174591064453,41.719295501708984,207.37972366809845,76.21484,81.83417
fish12,front,1248,FastSAM,2564.5,77.78174591064453,41.719295501708984,207.37972342967987,76.0238,81.548096
fish12,front,1249,FastSAM,2590.5,77.78174591064453,41.719295501708984,208.20815110206604,76.03366,82.1333
fish12,front,1250,FastSAM,2582.5,77.78174591064453,41.719295501708984,207.37972402572632,76.433716,82.6488
fish12,front,1251,FastSAM,2550.0,77.78174591064453,41.01219177246094,207.62236332893372,76.00952,82.54297
fish12,front,1252,FastSAM,2535.0,78.48883819580078,41.01219177246094,208.79393672943115,75.67114,82.66394
fish12,front,1253,FastSAM,2508.0,77.07463073730469,43.133514404296875,201.82337379455566,78.46179,83.04553
fish12,front,1254,FastSAM,2535.0,77.07463073730469,42.42640686035156,202.65180051326752,78.56079,83.76538
fish12,front,1255,FastSAM,2508.5,76.9686508178711,41.77037811279297,200.89444184303284,78.51575,81.99658
fish12,front,1256,FastSAM,2513.0,77.02102661132812,41.70570755004883,201.48022866249084,78.82019,82.09497
fish12,front,1257,FastSAM,2592.0,78.48883819580078,42.4264030456543,207.96550869941711,79.12866,81.46582
fish12,front,1258,FastSAM,2635.0,74.95331573486328,43.133514404296875,204.45079064369202,81.18579,81.53821
fish12,front,1259,FastSAM,2589.0,76.10344696044922,43.17241287231445,206.3086553812027,77.704346,80.492065
fish12,front,1260,FastSAM,2702.0,75.6604232788086,45.96194076538086,208.65180230140686,77.98755,78.276855
fish12,front,1261,FastSAM,2654.5,75.01292419433594,44.61154556274414,206.89444398880005,80.908936,77.632935
fish12,front,1262,FastSAM,2594.0,70.50520324707031,45.485538482666016,203.13708364963531,82.40552,77.483154
fish12,front,1263,FastSAM,2541.5,68.46385192871094,48.83544921875,198.06601667404175,75.51489,74.50232
fish12,front,1264,FastSAM,2500.0,68.1175537109375,49.443946838378906,195.3380936384201,72.31909,74.25641
fish12,front,1265,FastSAM,2516.0,64.34671783447266,49.497474670410156,194.65180134773254,72.89966,73.559204
fish12,front,1266,FastSAM,2557.5,63.639610290527344,50.91168212890625,198.8944422006607,74.07202,74.13849
fish12,front,1267,FastSAM,2545.5,62.93250274658203,50.20458221435547,196.8944432735443,70.24609,74.38818
fish12,front,1268,FastSAM,2528.5,64.53345489501953,50.14042663574219,195.58073365688324,67.77783,72.918335
fish12,front,1269,FastSAM,2558.0,62.0,54.0,194.5096675157547,71.06018,74.04932
fish12,front,1270,FastSAM,2468.5,65.43680572509766,48.257694244384766,197.72287011146545,71.096436,75.16199
fish12,front,1271,FastSAM,2600.0,62.331668853759766,51.037879943847656,198.30865621566772,70.09863,75.04297
fish12,front,1272,FastSAM,2507.0,61.0,53.0,191.6812391281128,74.345215,76.29132
fish12,front,1273,FastSAM,2486.5,59.0,54.0,190.26702535152435,73.596924,75.03015
fish12,front,1274,FastSAM,2490.5,60.81117630004883,52.325897216796875,189.9238806962967,73.13745,76.78516
fish12,top,1192,Full_SAM,193.0,37.107948303222656,8.48874568939209,83.11269760131836,24.360962,34.497192
fish12,top,1193,Full_SAM,195.0,37.065948486328125,8.629109382629395,83.94112479686737,24.370361,34.052246
fish12,top,1194,Full_SAM,186.0,37.107948303222656,8.731282234191895,83.11269760131836,24.367615,33.485962
fish12,top,1195,Full_SAM,196.5,37.631099700927734,9.17060375213623,84.5269113779068,24.909607,33.38733
fish12,top,1196,Full_SAM,203.0,38.07809066772461,8.973817825317383,85.94112479686737,24.798859,33.561462
fish12,top,1197,Full_SAM,196.0,37.26206588745117,8.825225830078125,85.11269772052765,23.681458,34.00647
fish12,top,1198,Full_SAM,190.0,37.065948486328125,8.825225830078125,83.11269760131836,23.474854,33.76935
fish12,top,1199,Full_SAM,199.0,36.98977279663086,9.206343650817871,83.11269760131836,23.591064,34.23889
fish12,top,1200,Full_SAM,191.0,36.99864196777344,8.854375839233398,83.11269795894623,23.915802,34.584473
fish12,top,1201,Full_SAM,200.0,37.350486755371094,8.731282234191895,85.11269772052765,24.43097,34.910706
fish12,top,1202,Full_SAM,207.5,39.223228454589844,8.629110336303711,87.35533821582794,25.247314,35.629883
fish12,top,1203,Full_SAM,208.0,38.56315994262695,8.731282234191895,87.94112479686737,25.191772,35.526123
fish12,top,1204,Full_SAM,202.0,37.31486892700195,8.538147926330566,83.94112503528595,25.744202,35.04785
fish12,top,1205,Full_SAM,203.5,37.593021392822266,8.973817825317383,86.5269113779068,24.972748,35.822388
fish12,top,1206,Full_SAM,200.0,37.461544036865234,9.076924324035645,84.76955211162567,25.13617,35.401367
fish12,top,1207,Full_SAM,199.0,37.654296875,9.41357421875,84.76955211162567,25.46167,34.572327
fish12,top,1208,Full_SAM,202.0,38.142845153808594,9.014892578125,87.5979790687561,26.0094,34.741028
fish12,top,1209,Full_SAM,204.5,38.80845642089844,10.159282684326172,87.8406194448471,24.739563,34.190308
fish12,top,1210,Full_SAM,196.5,39.35479736328125,9.391485214233398,89.84061932563782,25.885986,35.01068
fish12,top,1211,Full_SAM,212.5,40.63712692260742,9.820640563964844,93.49747359752655,26.096863,34.982544
fish12,top,1212,Full_SAM,210.5,41.166542053222656,9.97300910949707,94.32590126991272,25.89972,34.345337
fish12,top,1213,Full_SAM,208.5,39.05104064941406,10.907022476196289,91.49747347831726,26.493408,33.590942
fish12,top,1214,Full_SAM,167.5,26.90673828125,9.799367904663086,64.18376564979553,27.620758,34.31195
fish12,top,1215,Full_SAM,175.0,28.412521362304688,9.877314567565918,67.5979790687561,28.168213,33.219543
fish12,top,1216,Full_SAM,179.5,28.37928581237793,10.513568878173828,68.18376529216766,29.432068,33.112793
fish12,top,1217,Full_SAM,176.0,26.30689811706543,9.81715202331543,63.94112491607666,30.884125,34.069214
fish12,top,1218,Full_SAM,159.5,25.793560028076172,9.707253456115723,62.52691149711609,30.324738,33.138428
fish12,top,1219,Full_SAM,193.5,29.343414306640625,10.760831832885742,72.18376588821411,32.720825,33.474
fish12,top,1220,Full_SAM,168.5,28.174455642700195,8.497058868408203,67.35533845424652,32.71289,31.056396
fish12,top,1221,Full_SAM,166.0,29.96331024169922,8.049844741821289,69.59797894954681,33.39862,29.850098
fish12,top,1222,Full_SAM,190.5,38.533260345458984,8.846281051635742,87.15432846546173,35.19873,26.354858
fish12,top,1223,Full_SAM,189.0,38.9075813293457,8.497057914733887,87.74011421203613,36.293884,22.123291
fish12,top,1224,Full_SAM,180.0,32.97465133666992,8.811848640441895,76.42640590667725,37.694214,22.971619
fish12,top,1225,Full_SAM,161.0,31.304948806762695,8.497057914733887,71.59797894954681,38.59619,21.667969
fish12,top,1226,Full_SAM,167.5,32.12529373168945,8.727680206298828,73.01219248771667,40.650208,21.701416
fish12,top,1227,Full_SAM,171.5,34.22500228881836,8.59785270690918,77.84061932563782,41.313446,21.56665
fish12,top,1228,Full_SAM,171.5,34.882659912109375,8.497057914733887,77.84061932563782,41.962524,22.229675
fish12,top,1229,Full_SAM,171.0,35.77708435058594,8.497057914733887,80.42640578746796,42.178925,22.19159
fish12,top,1230,Full_SAM,168.5,31.752164840698242,8.497057914733887,72.18376541137695,42.14569,21.460083
fish12,top,1231,Full_SAM,165.0,30.756874084472656,8.885319709777832,70.76955187320709,40.335693,20.166504
fish12,top,1232,Full_SAM,181.0,31.622774124145508,9.486830711364746,72.76955223083496,42.367065,20.730347
fish12,top,1233,Full_SAM,167.0,33.541019439697266,8.497057914733887,76.42640590667725,43.042145,20.819336
fish12,top,1234,Full_SAM,170.5,35.417503356933594,8.538147926330566,80.18376529216766,43.02841,20.753723
fish12,top,1235,Full_SAM,177.5,36.224300384521484,8.497057914733887,82.18376541137695,43.389587,20.761292
fish12,top,1236,Full_SAM,171.0,30.35786247253418,8.538147926330566,69.94112491607666,43.150146,20.532837
fish12,top,1237,Full_SAM,173.5,28.861740112304688,9.45888900756836,67.35533845424652,41.028076,19.397156
fish12,top,1238,Full_SAM,174.0,28.705486297607422,9.428810119628906,67.11269748210907,42.657166,18.382019
fish12,top,1239,Full_SAM,164.0,25.70877456665039,9.216353416442871,60.284271240234375,42.128113,19.306152
fish12,top,1240,Full_SAM,171.0,28.922630310058594,9.984427452087402,65.94112491607666,42.76877,19.99353
fish12,top,1241,Full_SAM,186.5,28.922630310058594,11.20832347869873,68.52691125869751,43.34668,20.182129
fish12,top,1242,Full_SAM,192.5,29.040979385375977,11.322306632995605,68.52691113948822,43.99701,20.999634
fish12,top,1243,Full_SAM,180.0,33.5201416015625,10.11928653717041,76.76955199241638,43.493286,20.939392
fish12,top,1244,Full_SAM,173.5,32.57146072387695,9.17060375213623,74.18376541137695,42.74707,20.032654
fish12,top,1245,Full_SAM,196.0,32.6364631652832,11.192084312438965,75.94112503528595,43.091614,20.393188
fish12,top,1246,Full_SAM,173.0,29.96331024169922,8.497057914733887,68.76955187320709,42.54123,19.408325
fish12,top,1247,Full_SAM,167.5,33.941932678222656,8.5440034866333,79.49747443199158,41.53003,20.791992
fish12,top,1248,Full_SAM,155.5,29.96331024169922,8.049844741821289,69.01219260692596,41.4646,20.977905
fish12,top,1249,Full_SAM,163.5,33.09380340576172,8.049844741821289,75.84061968326569,41.833923,21.155884
fish12,top,1250,Full_SAM,145.5,29.516096115112305,7.602630615234375,67.84061908721924,41.50714,21.73877
fish12,top,1251,Full_SAM,157.0,30.4105224609375,8.497057914733887,70.4264063835144,40.494446,21.773682
fish12,top,1252,Full_SAM,144.5,30.8697452545166,7.71743631362915,69.8406194448471,40.482788,22.042969
fish12,top,1253,Full_SAM,145.0,32.93312454223633,7.700780391693115,76.91168713569641,39.811646,21.673645
fish12,top,1254,Full_SAM,152.5,34.0,7.599998950958252,77.49747395515442,38.875244,21.757935
fish12,top,1255,Full_SAM,134.5,29.166044235229492,7.234987735748291,67.49747359752655,38.407288,21.803345
fish12,top,1256,Full_SAM,158.0,33.88970947265625,8.901905059814453,81.74011397361755,38.938477,22.081543
fish12,top,1257,Full_SAM,137.0,31.292680740356445,8.17623519897461,73.25483274459839,38.487305,22.025146
fish12,top,1258,Full_SAM,149.5,33.746639251708984,8.330486297607422,78.66904652118683,37.73703,23.512756
fish12,top,1259,Full_SAM,144.5,30.490018844604492,8.673226356506348,73.8406194448471,37.20401,24.236877
fish12,top,1260,Full_SAM,144.5,28.98287582397461,8.387594223022461,69.84061932563782,37.38275,24.988098
fish12,top,1261,Full_SAM,143.0,29.206029891967773,8.332050323486328,70.42640590667725,36.398956,25.686157
fish12,top,1262,Full_SAM,140.0,28.399995803833008,8.799999237060547,69.59797894954681,36.891357,26.448364
fish12,top,1263,Full_SAM,135.0,27.05596160888672,8.107678413391113,66.76955199241638,36.684753,27.735107
fish12,top,1264,Full_SAM,110.5,19.869401931762695,7.799203872680664,50.041630148887634,36.07361,28.166382
fish12,top,1265,Full_SAM,152.0,31.92241859436035,10.365395545959473,83.5979790687561,35.668335,28.761597
fish12,top,1266,Full_SAM,168.5,31.865623474121094,10.415506362915039,81.84061980247498,34.348328,28.675537
fish12,top,1267,Full_SAM,177.0,31.49166488647461,10.219650268554688,78.76955211162567,33.0896,28.321838
fish12,top,1268,Full_SAM,164.0,29.150028228759766,9.716676712036133,73.11269795894623,33.282684,28.570984
fish12,top,1269,Full_SAM,197.5,31.92308235168457,11.307693481445312,81.35533833503723,32.58203,28.543701
fish12,top,1270,Full_SAM,169.5,29.119998931884766,10.239999771118164,72.87005734443665,31.631104,28.902832
fish12,top,1271,Full_SAM,176.5,30.363277435302734,11.200508117675781,77.69848430156708,30.592682,29.22229
fish12,top,1272,Full_SAM,198.5,32.0089225769043,12.287419319152832,82.5269113779068,30.264404,29.827393
fish12,top,1273,Full_SAM,183.0,29.39623260498047,10.418916702270508,75.11269783973694,30.278748,29.759888
fish12,top,1274,Full_SAM,215.0,32.7423095703125,13.096923828125,87.11269783973694,30.870544,30.160767
fish13,front,754,FastSAM,992.0,47.0,30.0,132.9116871356964,36.94574,48.65802
fish13,front,755,FastSAM,992.0,47.0,30.0,132.9116871356964,36.94513,48.657654
fish13,front,756,FastSAM,992.0,47.0,30.0,132.9116871356964,36.955444,48.667053
fish13,front,757,FastSAM,992.0,47.0,30.0,132.9116871356964,36.95581,48.667862
fish13,front,758,FastSAM,987.0,47.0,30.0,132.9116872549057,37.391846,49.024353
fish13,front,759,FastSAM,986.0,47.0,30.0,132.9116871356964,37.41681,48.85559
fish13,front,760,FastSAM,986.0,47.0,30.0,132.9116871356964,37.41681,48.85559
fish13,front,761,FastSAM,986.0,47.0,30.0,132.9116871356964,37.427917,48.872787
fish13,front,762,FastSAM,981.0,47.0,30.0,132.9116872549057,37.44458,48.891968
fish13,front,763,FastSAM,981.0,47.0,30.0,132.9116872549057,37.45044,48.89601
fish13,front,764,FastSAM,974.5,51.14896011352539,27.0856990814209,132.32590079307556,37.53296,48.90204
fish13,front,765,FastSAM,975.5,51.14896011352539,27.0856990814209,132.32590079307556,37.525208,48.89453
fish13,front,766,FastSAM,972.0,51.201995849609375,27.034652709960938,131.74011433124542,37.41382,48.965027
fish13,front,767,FastSAM,972.0,51.201995849609375,27.034652709960938,131.74011433124542,37.425293,48.972656
fish13,front,768,FastSAM,971.0,51.201995849609375,27.034652709960938,131.74011433124542,37.435425,48.984985
fish13,front,769,FastSAM,971.0,51.201995849609375,27.034652709960938,131.74011433124542,37.44458,48.98912
fish13,front,770,FastSAM,964.0,51.371971130371094,26.797542572021484,131.740114569664,37.038574,48.838684
fish13,front,771,FastSAM,964.0,51.371971130371094,26.797542572021484,131.740114569664,37.03955,48.837646
fish13,front,772,FastSAM,964.0,51.371971130371094,26.797542572021484,131.740114569664,37.04065,48.842285
fish13,front,773,FastSAM,964.0,51.371971130371094,26.797542572021484,131.740114569664,37.04065,48.840073
fish13,front,774,FastSAM,970.5,51.371971130371094,27.338300704956055,132.32590079307556,37.229248,48.996704
fish13,front,775,FastSAM,970.5,51.371971130371094,27.338300704956055,132.32590079307556,37.233643,48.999573
fish13,front,776,FastSAM,970.5,51.371971130371094,27.338300704956055,132.32590079307556,37.233887,48.99977
fish13,front,777,FastSAM,970.5,51.371971130371094,27.338300704956055,132.32590079307556,37.227173,49.01361
fish13,front,778,FastSAM,970.0,51.371971130371094,27.338300704956055,131.740114569664,37.189575,49.005722
fish13,front,779,FastSAM,977.0,47.0,30.0,134.08326017856598,37.03485,48.604187
fish13,front,780,FastSAM,965.0,46.0,30.0,130.9116871356964,37.3479,48.893616
fish13,front,781,FastSAM,966.0,46.0,30.0,130.9116871356964,37.34265,48.89093
fish13,front,782,FastSAM,972.0,46.0,30.0,130.91168749332428,37.35205,48.834854
fish13,front,783,FastSAM,967.0,46.0,30.0,130.911687374115,37.36267,48.854065
fish13,front,784,FastSAM,967.0,46.0,30.0,130.911687374115,37.357788,48.851547
fish13,front,785,FastSAM,969.0,46.0,30.0,130.91168701648712,37.357056,48.85048
fish13,front,786,FastSAM,984.5,46.0,30.0,130.3259004354477,37.70459,49.307312
fish13,front,787,FastSAM,984.5,46.0,30.0,130.3259004354477,37.70404,49.30652
fish13,front,788,FastSAM,982.0,46.0,30.0,129.7401144504547,37.35681,48.844604
fish13,front,789,FastSAM,982.0,46.0,30.0,129.7401144504547,37.349,48.874878
fish13,front,790,FastSAM,982.0,46.0,30.0,129.7401144504547,37.3443,48.871765
fish13,front,791,FastSAM,982.0,46.0,30.0,129.7401144504547,37.34485,48.87506
fish13,front,792,FastSAM,982.0,46.0,30.0,129.7401144504547,37.34485,48.87506
fish13,front,793,FastSAM,982.0,46.0,30.0,129.7401144504547,37.358765,48.887634
fish13,front,794,FastSAM,982.0,46.0,30.0,129.7401144504547,37.376465,48.88629
fish13,front,795,FastSAM,974.0,46.0,30.0,129.74011421203613,37.27191,49.143494
fish13,front,796,FastSAM,962.0,50.26591110229492,27.31024932861328,129.74011373519897,37.17688,49.256454
fish13,front,797,FastSAM,879.0,46.504878997802734,27.507442474365234,124.91168701648712,36.731873,48.603653
fish13,front,798,FastSAM,879.0,46.504878997802734,27.507442474365234,124.91168701648712,36.914795,48.742905
fish13,front,799,FastSAM,879.0,46.504878997802734,27.507442474365234,124.91168701648712,36.912964,48.741684
fish13,front,800,FastSAM,879.0,46.504878997802734,27.507442474365234,124.91168701648712,36.912964,48.741684
fish13,front,801,FastSAM,879.0,46.504878997802734,27.507442474365234,124.91168701648712,36.91333,48.74164
fish13,front,802,FastSAM,879.0,46.504878997802734,27.507442474365234,124.91168701648712,36.91388,48.73987
fish13,front,803,FastSAM,879.0,46.504878997802734,27.507442474365234,124.91168701648712,36.93701,48.75612
fish13,front,804,FastSAM,879.0,46.504878997802734,27.507442474365234,124.91168701648712,37.07898,48.87059
fish13,front,805,FastSAM,879.0,46.504878997802734,27.507442474365234,124.91168701648712,37.080627,48.874146
fish13,front,806,FastSAM,879.0,46.504878997802734,27.507442474365234,124.91168701648712,37.081482,48.874695
fish13,front,807,FastSAM,879.0,46.504878997802734,27.507442474365234,124.91168701648712,37.079956,48.87152
fish13,front,808,FastSAM,879.0,46.504878997802734,27.507442474365234,124.91168701648712,37.07959,48.871338
fish13,front,809,FastSAM,879.0,46.504878997802734,27.507442474365234,124.91168701648712,37.07959,48.871338
fish13,front,810,FastSAM,879.0,46.504878997802734,27.507442474365234,124.91168701648712,37.07306,48.8761
fish13,front,811,FastSAM,879.0,46.504878997802734,27.507442474365234,124.91168701648712,37.070312,48.875366
fish13,front,812,FastSAM,880.0,46.504878997802734,27.507442474365234,124.91168773174286,37.057434,48.862732
fish13,front,813,FastSAM,880.0,46.504878997802734,27.507442474365234,124.91168773174286,37.05835,48.862366
fish13,front,814,FastSAM,880.0,46.504878997802734,27.507442474365234,124.91168773174286,37.059326,48.865982
fish13,front,815,FastSAM,880.0,46.504878997802734,27.507442474365234,124.91168773174286,37.07086,48.876343
fish13,front,816,FastSAM,880.0,46.504878997802734,27.507442474365234,124.91168773174286,37.07495,48.878677
fish13,front,817,FastSAM,880.0,46.504878997802734,27.507442474365234,124.91168773174286,37.07556,48.88098
fish13,front,818,FastSAM,880.0,46.504878997802734,27.507442474365234,124.91168773174286,37.0708,48.879883
fish13,front,819,FastSAM,880.0,46.504878997802734,27.507442474365234,124.91168773174286,37.072205,48.879395
fish13,front,820,FastSAM,880.0,46.504878997802734,27.507442474365234,124.91168773174286,37.09015,48.890625
fish13,front,821,FastSAM,880.0,46.504878997802734,27.507442474365234,124.91168773174286,37.093628,48.893295
fish13,front,822,FastSAM,880.0,46.504878997802734,27.507442474365234,124.91168773174286,37.016968,48.830322
fish13,front,823,FastSAM,880.0,46.504878997802734,27.507442474365234,124.91168773174286,37.016968,48.830322
fish13,front,824,FastSAM,880.0,46.504878997802734,27.507442474365234,124.91168773174286,37.02643,48.83728
fish13,front,825,FastSAM,880.0,46.504878997802734,27.507442474365234,124.91168773174286,37.00757,48.821793
fish13,front,826,FastSAM,880.0,46.504878997802734,27.507442474365234,124.91168773174286,37.00952,48.82141
fish13,front,827,FastSAM,880.0,46.504878997802734,27.507442474365234,124.91168773174286,37.009216,48.81871
fish13,front,828,FastSAM,880.0,46.504878997802734,27.507442474365234,124.91168773174286,37.01245,48.821533
fish13,front,829,FastSAM,880.0,46.504878997802734,27.507442474365234,124.91168773174286,37.014404,48.823242
fish13,front,830,FastSAM,880.0,46.504878997802734,27.507442474365234,124.91168773174286,37.03485,48.84059
fish13,front,831,FastSAM,880.0,46.504878997802734,27.507442474365234,124.91168773174286,37.027954,48.82794
fish13,front,832,FastSAM,886.5,43.0,30.0,125.497474193573,37.066284,48.862183
fish13,front,833,FastSAM,892.5,43.0,30.0,126.6690468788147,37.06488,48.862244
fish13,front,834,FastSAM,939.0,49.38522720336914,27.364465713500977,130.56854104995728,37.308105,49.141968
fish13,front,835,FastSAM,939.0,49.38522720336914,27.364465713500977,130.56854104995728,37.320923,49.151917
fish13,front,836,FastSAM,939.0,49.38522720336914,27.364465713500977,130.56854104995728,37.32007,49.15126
fish13,front,837,FastSAM,939.0,49.38522720336914,27.364465713500977,130.56854104995728,37.32007,49.15126
fish13,front,838,FastSAM,939.0,49.38522720336914,27.364465713500977,130.56854104995728,37.318542,49.148422
fish13,front,839,FastSAM,939.0,49.38522720336914,27.364465713500977,130.56854104995728,37.318542,49.148422
fish13,front,840,FastSAM,939.0,49.38522720336914,27.364465713500977,130.56854104995728,37.3407,49.1651
fish13,front,841,FastSAM,939.0,49.38522720336914,27.364465713500977,130.56854104995728,37.33484,49.167297
fish13,front,842,FastSAM,939.0,49.38522720336914,27.364465713500977,130.56854104995728,37.334656,49.167053
fish13,front,843,FastSAM,939.0,49.38522720336914,27.364465713500977,130.56854104995728,37.30664,49.109863
fish13,front,844,FastSAM,939.0,49.38522720336914,27.364465713500977,130.56854104995728,37.31006,49.112656
fish13,front,845,FastSAM,939.0,49.38522720336914,27.364465713500977,130.56854104995728,37.30835,49.110733
fish13,front,846,FastSAM,939.0,49.38522720336914,27.364465713500977,130.56854104995728,37.31079,49.11212
fish13,front,847,FastSAM,1453.5,39.0,39.0,150.72792184352875,38.203735,50.331055
fish13,front,848,FastSAM,1453.5,39.0,39.0,150.72792184352875,38.205322,50.333145
fish13,front,849,FastSAM,1453.5,39.0,39.0,150.72792184352875,38.205322,50.333435
fish13,front,850,FastSAM,1453.5,39.0,39.0,150.72792184352875,38.20575,50.333267
fish13,front,851,FastSAM,1453.5,39.0,39.0,150.72792184352875,38.19507,50.325058
fish13,front,852,FastSAM,1453.5,39.0,39.0,150.72792184352875,38.19409,50.3257
fish13,front,853,FastSAM,1453.5,39.0,39.0,150.72792184352875,38.2041,50.334824
fish13,front,854,FastSAM,1453.5,39.0,39.0,150.72792184352875,38.205627,50.33667
fish13,front,855,FastSAM,1453.5,39.0,39.0,150.72792184352875,38.205627,50.33667
fish13,front,856,FastSAM,1453.5,39.0,39.0,150.72792184352875,38.21057,50.339233
fish13,front,857,FastSAM,1453.5,39.0,39.0,150.72792184352875,38.209595,50.33728
fish13,front,858,FastSAM,1453.5,39.0,39.0,150.72792184352875,38.21167,50.340103
fish13,front,859,FastSAM,1453.5,39.0,39.0,150.72792184352875,38.212524,50.34056
fish13,front,860,FastSAM,1453.5,39.0,39.0,150.72792184352875,38.212524,50.34056
fish13,front,861,FastSAM,1453.5,39.0,39.0,150.72792184352875,38.211426,50.339737
fish13,front,862,FastSAM,1453.5,39.0,39.0,150.72792184352875,38.209167,50.338013
fish13,front,863,FastSAM,1453.5,39.0,39.0,150.72792184352875,38.229065,50.34117
fish13,front,864,FastSAM,1453.5,39.0,39.0,150.72792184352875,38.228638,50.340942
fish13,front,865,FastSAM,1453.5,39.0,39.0,150.72792184352875,38.231323,50.342896
fish13,front,866,FastSAM,1453.5,39.0,39.0,150.72792184352875,38.225586,50.33751
fish13,front,867,FastSAM,1453.5,39.0,39.0,150.72792184352875,38.2489,50.356262
fish13,front,868,FastSAM,1453.5,39.0,39.0,150.72792184352875,38.246704,50.354843
fish13,front,869,FastSAM,1453.5,39.0,39.0,150.72792184352875,38.250305,50.358215
fish13,front,870,FastSAM,1453.5,39.0,39.0,150.72792184352875,38.156494,50.284607
fish13,front,871,FastSAM,1453.5,39.0,39.0,150.72792184352875,38.15912,50.285904
fish13,front,872,FastSAM,1453.5,39.0,39.0,150.72792184352875,38.15918,50.285828
fish13,front,873,FastSAM,1453.5,39.0,39.0,150.72792184352875,38.160645,50.287964
fish13,front,874,FastSAM,1453.5,39.0,39.0,150.72792184352875,38.164124,50.29669
fish13,front,875,FastSAM,1453.5,39.0,39.0,150.72792184352875,38.173706,50.304443
fish13,front,876,FastSAM,1453.5,39.0,39.0,150.72792184352875,38.17737,50.306274
fish13,front,877,FastSAM,1453.5,39.0,39.0,150.72792184352875,38.177124,50.306137
fish13,front,878,FastSAM,1453.5,39.0,39.0,150.72792184352875,38.16864,50.300476
fish13,front,879,FastSAM,1453.5,39.0,39.0,150.72792184352875,38.169006,50.300674
fish13,front,880,FastSAM,1453.5,39.0,39.0,150.72792184352875,38.170227,50.301636
fish13,front,881,FastSAM,1453.5,39.0,39.0,150.72792184352875,38.170227,50.301636
fish13,front,882,FastSAM,1453.5,39.0,39.0,150.72792184352875,38.170227,50.301636
fish13,front,883,FastSAM,1455.5,39.0,39.0,150.72792184352875,38.165894,50.300354
fish13,front,884,FastSAM,1455.5,39.0,39.0,150.72792184352875,38.11255,50.259705
fish13,front,885,FastSAM,1455.5,39.0,39.0,150.72792184352875,38.11255,50.259705
fish13,front,886,FastSAM,1455.5,39.0,39.0,150.72792184352875,38.11255,50.259705
fish13,front,887,FastSAM,1455.5,39.0,39.0,150.72792184352875,38.11322,50.260193
fish13,front,888,FastSAM,1455.5,39.0,39.0,150.72792184352875,38.108948,50.260757
fish13,front,889,FastSAM,1455.5,39.0,39.0,150.72792184352875,38.045166,50.242065
fish13,front,890,FastSAM,1455.5,39.0,39.0,150.72792184352875,38.045715,50.23987
fish13,front,891,FastSAM,1455.5,39.0,39.0,150.72792184352875,38.045715,50.23987
fish13,front,892,FastSAM,1455.5,39.0,39.0,150.72792184352875,38.045715,50.23987
fish13,front,893,FastSAM,1455.5,39.0,39.0,150.72792184352875,38.045044,50.23938
fish13,front,894,FastSAM,1455.5,39.0,39.0,150.72792184352875,38.045044,50.23938
fish13,front,895,FastSAM,1455.5,39.0,39.0,150.72792184352875,38.045044,50.23938
fish13,front,896,FastSAM,1455.5,39.0,39.0,150.72792184352875,38.045044,50.23938
fish13,front,897,FastSAM,1001.5,46.901859283447266,28.69115447998047,127.49747371673584,41.623413,50.87854
fish13,front,898,FastSAM,1001.5,46.901859283447266,28.69115447998047,127.49747371673584,41.64856,50.892334
fish13,front,899,FastSAM,1001.5,46.901859283447266,28.69115447998047,127.49747371673584,41.645874,50.89003
fish13,front,900,FastSAM,1001.5,46.901859283447266,28.69115447998047,127.49747371673584,41.645935,50.890625
fish13,front,901,FastSAM,1001.5,46.901859283447266,28.69115447998047,127.49747371673584,41.651245,50.894165
fish13,front,902,FastSAM,1001.5,46.901859283447266,28.69115447998047,127.49747371673584,41.657288,50.899902
fish13,front,903,FastSAM,1001.5,46.901859283447266,28.69115447998047,127.49747371673584,41.67688,50.922424
fish13,front,904,FastSAM,1001.5,46.901859283447266,28.69115447998047,127.49747371673584,41.677917,50.923218
fish13,front,905,FastSAM,1001.5,46.901859283447266,28.69115447998047,127.49747371673584,41.679688,50.920914
fish13,front,906,FastSAM,1001.5,46.901859283447266,28.69115447998047,127.49747371673584,41.679688,50.920914
fish13,front,907,FastSAM,1001.5,46.901859283447266,28.69115447998047,127.49747371673584,41.679077,50.920532
fish13,front,908,FastSAM,1001.5,46.901859283447266,28.69115447998047,127.49747371673584,41.679565,50.92566
fish13,front,909,FastSAM,1001.5,46.901859283447266,28.69115447998047,127.49747371673584,41.692017,50.934143
fish13,front,910,FastSAM,1001.5,46.901859283447266,28.69115447998047,127.49747371673584,41.69629,50.935776
fish13,front,911,FastSAM,1001.5,46.901859283447266,28.69115447998047,127.49747371673584,41.68451,50.916443
fish13,top,754,Full_SAM,176.5,32.16300964355469,9.138830184936523,75.01219272613525,50.10376,24.434753
fish13,top,755,Full_SAM,186.0,37.10893630981445,9.688692092895508,84.91168713569641,51.085693,24.905762
fish13,top,756,Full_SAM,189.0,37.11872863769531,9.838699340820312,84.91168785095215,51.032715,24.99176
fish13,top,757,Full_SAM,189.0,37.11872863769531,9.838699340820312,84.91168785095215,51.032227,24.990906
fish13,top,758,Full_SAM,187.5,37.11872863769531,9.391485214233398,84.32590126991272,51.06598,24.920654
fish13,top,759,Full_SAM,186.5,37.11872863769531,9.391485214233398,84.32590079307556,51.043335,24.93689
fish13,top,760,Full_SAM,187.5,37.11872863769531,9.391485214233398,84.32590079307556,51.126587,25.001404
fish13,top,761,Full_SAM,191.0,37.10893630981445,9.688692092895508,84.91168677806854,51.474,24.941345
fish13,top,762,Full_SAM,198.5,37.58882141113281,9.664798736572266,85.1543276309967,52.14026,25.568726
fish13,top,763,Full_SAM,201.0,38.06104278564453,9.664798736572266,85.74011409282684,52.46631,25.622803
fish13,top,764,Full_SAM,203.0,38.06104278564453,9.664798736572266,85.74011409282684,52.5011,25.61792
fish13,top,765,Full_SAM,203.0,38.06104278564453,9.664798736572266,85.74011409282684,52.389526,25.627563
fish13,top,766,Full_SAM,202.0,38.06104278564453,9.664798736572266,85.74011409282684,52.478638,25.63623
fish13,top,767,Full_SAM,197.5,37.565940856933594,9.391485214233398,84.32590067386627,52.42865,25.6203
fish13,top,768,Full_SAM,196.0,36.671512603759766,9.391485214233398,82.91168737411499,52.398804,25.379578
fish13,top,769,Full_SAM,201.5,37.581607818603516,9.535140991210938,84.32590126991272,52.442993,25.722473
fish13,top,770,Full_SAM,200.5,37.565940856933594,9.391485214233398,84.32590115070343,52.440063,25.739014
fish13,top,771,Full_SAM,200.5,37.565940856933594,9.391485214233398,84.32590115070343,52.439026,25.739563
fish13,top,772,Full_SAM,205.5,37.581607818603516,9.535140991210938,84.32590126991272,52.527588,25.734863
fish13,top,773,Full_SAM,205.5,37.581607818603516,9.535140991210938,84.32590126991272,52.526978,25.734009
fish13,top,774,Full_SAM,205.5,37.565940856933594,9.391485214233398,84.32590115070343,52.94275,25.825195
fish13,top,775,Full_SAM,205.5,37.565940856933594,9.391485214233398,84.32590115070343,52.94702,25.827515
fish13,top,776,Full_SAM,197.5,34.84748458862305,9.12852668762207,78.66904664039612,52.843933,25.80664
fish13,top,777,Full_SAM,205.5,36.224300384521484,8.944271087646484,81.497474193573,52.796814,25.821533
fish13,top,778,Full_SAM,193.0,33.98823165893555,8.9442720413208,77.25483298301697,52.730957,25.708862
fish13,top,779,Full_SAM,196.0,33.98823165893555,8.9442720413208,77.25483286380768,52.661377,25.761353
fish13,top,780,Full_SAM,196.0,33.98823165893555,8.9442720413208,77.25483286380768,52.86206,25.92102
fish13,top,781,Full_SAM,196.0,33.98823165893555,8.9442720413208,77.25483286380768,52.846313,25.909058
fish13,top,782,Full_SAM,196.0,33.98823165893555,8.9442720413208,77.25483286380768,52.83435,25.918213
fish13,top,783,Full_SAM,199.5,34.435447692871094,8.9442720413208,78.66904640197754,52.88037,25.805054
fish13,top,784,Full_SAM,198.5,34.435447692871094,8.9442720413208,78.66904640197754,52.82202,25.726624
fish13,top,785,Full_SAM,198.5,34.435447692871094,8.9442720413208,78.66904640197754,52.82843,25.731812
fish13,top,786,Full_SAM,198.5,34.435447692871094,8.9442720413208,78.66904640197754,52.8291,25.7323
fish13,top,787,Full_SAM,199.5,34.435447692871094,8.9442720413208,78.66904640197754,52.75702,25.685059
fish13,top,788,Full_SAM,205.5,34.435447692871094,8.944271087646484,78.66904640197754,52.650757,25.546448
fish13,top,789,Full_SAM,205.5,34.435447692871094,8.944271087646484,78.66904640197754,52.650757,25.546448
fish13,top,790,Full_SAM,205.5,34.435447692871094,8.944271087646484,78.66904640197754,52.65271,25.54657
fish13,top,791,Full_SAM,205.5,34.435447692871094,8.944271087646484,78.66904640197754,52.65271,25.54657
fish13,top,792,Full_SAM,205.5,34.435447692871094,8.944271087646484,78.66904640197754,52.65619,25.548767
fish13,top,793,Full_SAM,206.0,34.435447692871094,8.9442720413208,79.25483286380768,52.390503,25.519165
fish13,top,794,Full_SAM,206.0,34.435447692871094,8.9442720413208,79.25483286380768,52.390503,25.519165
fish13,top,795,Full_SAM,206.0,34.435447692871094,8.9442720413208,79.25483286380768,52.3396,25.509094
fish13,top,796,Full_SAM,206.0,34.435447692871094,8.9442720413208,79.25483286380768,52.39496,25.526184
fish13,top,797,Full_SAM,208.5,33.98823547363281,9.391485214233398,79.8406195640564,53.567505,27.140442
fish13,top,798,Full_SAM,208.5,33.98823547363281,9.391485214233398,79.8406195640564,53.56671,27.13971
fish13,top,799,Full_SAM,208.5,33.98823547363281,9.391485214233398,79.8406195640564,53.565674,27.1391
fish13,top,800,Full_SAM,208.5,33.98823547363281,9.391485214233398,79.8406195640564,53.562744,27.138123
fish13,top,801,Full_SAM,207.5,33.98823547363281,9.391485214233398,79.8406195640564,53.561707,27.139526
fish13,top,802,Full_SAM,208.5,33.98823547363281,9.391485214233398,79.8406195640564,53.5708,27.144653
fish13,top,803,Full_SAM,208.5,33.98823547363281,9.391485214233398,79.8406195640564,53.574707,27.146118
fish13,top,804,Full_SAM,208.5,33.98823547363281,9.391485214233398,79.8406195640564,53.564636,27.138794
fish13,top,805,Full_SAM,208.5,33.98823547363281,9.391485214233398,79.8406195640564,53.564453,27.138855
fish13,top,806,Full_SAM,208.5,33.98823547363281,9.391485214233398,79.8406195640564,53.565063,27.14264
fish13,top,807,Full_SAM,208.5,33.98823547363281,9.391485214233398,79.8406195640564,53.56421,27.142212
fish13,top,808,Full_SAM,207.5,33.98823547363281,9.391485214233398,79.8406194448471,53.437317,27.12268
fish13,top,809,Full_SAM,207.5,33.98823547363281,9.391485214233398,79.8406194448471,53.438477,27.122253
fish13,top,810,Full_SAM,207.5,33.98823547363281,9.391485214233398,79.8406194448471,53.437866,27.122192
fish13,top,811,Full_SAM,210.5,33.98823547363281,9.391485214233398,79.84061932563782,53.59131,27.141357
fish13,top,812,Full_SAM,210.5,33.98823547363281,9.391485214233398,79.84061932563782,53.593994,27.142822
fish13,top,813,Full_SAM,210.5,33.98823547363281,9.391485214233398,79.84061932563782,53.591614,27.141113
fish13,top,814,Full_SAM,210.5,33.98823547363281,9.391485214233398,79.84061932563782,53.5932,27.142334
fish13,top,815,Full_SAM,210.5,33.98823547363281,9.391485214233398,79.84061932563782,53.591797,27.141785
fish13,top,816,Full_SAM,210.5,33.98823547363281,9.391485214233398,79.84061932563782,53.589417,27.139832
fish13,top,817,Full_SAM,206.5,33.98823547363281,9.391485214233398,79.84061968326569,53.735474,27.205872
fish13,top,818,Full_SAM,206.5,33.98823547363281,9.391485214233398,79.84061968326569,53.71405,27.21405
fish13,top,819,Full_SAM,206.5,33.98823547363281,9.391485214233398,79.84061968326569,53.712036,27.222229
fish13,top,820,Full_SAM,206.5,33.98823547363281,9.391485214233398,79.84061968326569,53.712036,27.222229
fish13,top,821,Full_SAM,205.5,33.98823547363281,9.391485214233398,79.84061968326569,53.712708,27.223022
fish13,top,822,Full_SAM,205.5,33.98823547363281,9.391485214233398,79.84061968326569,53.71106,27.221313
fish13,top,823,Full_SAM,206.5,33.98823547363281,9.391485214233398,79.84061968326569,53.822388,27.296387
fish13,top,824,Full_SAM,203.5,34.078311920166016,9.337616920471191,79.84061980247498,53.99756,27.386597
fish13,top,825,Full_SAM,203.5,34.078311920166016,9.337616920471191,79.84061980247498,53.994263,27.38562
fish13,top,826,Full_SAM,203.5,34.078311920166016,9.337616920471191,79.84061980247498,53.99463,27.385864
fish13,top,827,Full_SAM,211.0,35.7770881652832,9.391485214233398,83.25483322143555,53.954468,27.2677
fish13,top,828,Full_SAM,201.0,33.541019439697266,9.391485214233398,78.42640614509583,53.85669,27.279602
fish13,top,829,Full_SAM,208.0,35.7770881652832,9.391485214233398,83.25483322143555,53.850464,27.290466
fish13,top,830,Full_SAM,208.0,35.7770881652832,9.391485214233398,83.25483322143555,53.851013,27.290283
fish13,top,831,Full_SAM,208.0,35.7770881652832,9.391485214233398,83.25483322143555,53.85266,27.29065
fish13,top,832,Full_SAM,203.0,33.541019439697266,9.391485214233398,78.42640614509583,53.77649,27.348328
fish13,top,833,Full_SAM,203.0,33.541019439697266,9.391485214233398,78.42640614509583,53.777466,27.349731
fish13,top,834,Full_SAM,203.0,33.541019439697266,9.391485214233398,78.42640614509583,53.77771,27.349731
fish13,top,835,Full_SAM,203.0,33.541019439697266,9.391485214233398,78.42640614509583,53.775146,27.34784
fish13,top,836,Full_SAM,214.5,37.15946960449219,9.559696197509766,86.66904652118683,53.78723,27.335327
fish13,top,837,Full_SAM,214.5,37.15946960449219,9.559696197509766,86.66904652118683,53.786377,27.335693
fish13,top,838,Full_SAM,214.5,37.15946960449219,9.559696197509766,86.66904652118683,53.786133,27.33667
fish13,top,839,Full_SAM,214.5,37.15946960449219,9.559696197509766,86.66904652118683,53.78589,27.336548
fish13,top,840,Full_SAM,214.5,37.15946960449219,9.559696197509766,86.66904652118683,53.78711,27.336792
fish13,top,841,Full_SAM,200.5,33.541019439697266,9.391485214233398,79.01219236850739,53.67688,27.371826
fish13,top,842,Full_SAM,200.5,33.541019439697266,9.391485214233398,79.01219236850739,53.678223,27.371948
fish13,top,843,Full_SAM,200.5,33.541019439697266,9.391485214233398,79.01219236850739,53.677917,27.372803
fish13,top,844,Full_SAM,200.5,33.541019439697266,9.391485214233398,79.01219236850739,53.680298,27.37738
fish13,top,845,Full_SAM,200.5,33.541019439697266,9.391485214233398,79.01219236850739,53.68335,27.380127
fish13,top,846,Full_SAM,200.5,33.541019439697266,9.391485214233398,79.01219236850739,53.682983,27.37976
fish13,top,847,Full_SAM,253.0,38.24418258666992,10.804409980773926,88.91168713569641,52.933716,26.406128
fish13,top,848,Full_SAM,254.5,38.7586784362793,10.804409980773926,90.32590067386627,52.957886,26.411072
fish13,top,849,Full_SAM,254.5,38.7586784362793,10.804409980773926,90.32590067386627,52.95813,26.410461
fish13,top,850,Full_SAM,254.5,38.7586784362793,10.804409980773926,90.32590067386627,52.958252,26.410217
fish13,top,851,Full_SAM,254.5,38.7586784362793,10.804409980773926,90.32590067386627,52.95874,26.4104
fish13,top,852,Full_SAM,260.0,38.24418258666992,11.3189058303833,88.91168701648712,52.91748,26.517273
fish13,top,853,Full_SAM,261.0,38.24418258666992,11.3189058303833,88.91168737411499,52.931763,26.520325
fish13,top,854,Full_SAM,266.0,38.24418258666992,11.661903381347656,88.9116872549057,53.14691,26.537964
fish13,top,855,Full_SAM,266.0,38.24418258666992,11.661903381347656,88.9116872549057,53.147156,26.538635
fish13,top,856,Full_SAM,266.0,38.24418258666992,11.661903381347656,88.9116872549057,53.144775,26.538757
fish13,top,857,Full_SAM,266.0,38.24418258666992,11.661903381347656,88.9116872549057,53.146362,26.522217
fish13,top,858,Full_SAM,266.0,38.24418258666992,11.661903381347656,88.9116872549057,53.145325,26.520874
fish13,top,859,Full_SAM,266.0,38.24418258666992,11.661903381347656,88.9116872549057,53.14203,26.51892
fish13,top,860,Full_SAM,254.5,39.10167694091797,10.804409980773926,90.32590055465698,53.365845,26.59552
fish13,top,861,Full_SAM,254.5,39.10167694091797,10.804409980773926,90.32590055465698,53.364502,26.595154
fish13,top,862,Full_SAM,254.0,39.10167694091797,10.804409980773926,89.74011397361755,53.26367,26.504883
fish13,top,863,Full_SAM,254.0,39.10167694091797,10.804409980773926,89.74011397361755,53.301514,26.553833
fish13,top,864,Full_SAM,253.5,39.616172790527344,10.804409980773926,91.154327750206,53.402405,26.553589
fish13,top,865,Full_SAM,253.5,39.616172790527344,10.804409980773926,91.98275434970856,53.4516,26.50232
fish13,top,866,Full_SAM,253.5,39.616172790527344,10.804409980773926,91.98275434970856,53.44525,26.50293
fish13,top,867,Full_SAM,251.0,39.10167694091797,10.804409980773926,91.39696788787842,53.359314,26.547485
fish13,top,868,Full_SAM,251.0,39.10167694091797,10.804409980773926,91.39696788787842,53.35388,26.544678
fish13,top,869,Full_SAM,238.0,38.18086242675781,10.330471992492676,90.08326005935669,53.22119,26.687134
fish13,top,870,Full_SAM,238.0,38.18086242675781,10.330471992492676,90.08326005935669,53.22119,26.687134
fish13,top,871,Full_SAM,238.0,38.18086242675781,10.330471992492676,90.08326005935669,53.203552,26.682678
fish13,top,872,Full_SAM,238.0,38.18086242675781,10.330471992492676,90.08326005935669,53.203735,26.683533
fish13,top,873,Full_SAM,238.0,38.18086242675781,10.330471992492676,90.08326005935669,53.204712,26.684204
fish13,top,874,Full_SAM,238.5,37.72969055175781,10.461414337158203,87.49747347831726,53.30542,26.657288
fish13,top,875,Full_SAM,238.5,37.72969055175781,10.461414337158203,87.49747347831726,53.30542,26.657288
fish13,top,876,Full_SAM,240.0,38.587181091308594,10.461414337158203,88.91168713569641,53.401733,26.641235
fish13,top,877,Full_SAM,240.0,38.587181091308594,10.461414337158203,88.91168713569641,53.41748,26.640137
fish13,top,878,Full_SAM,232.0,38.56005096435547,9.907115936279297,90.08326017856598,53.49231,26.689331
fish13,top,879,Full_SAM,237.5,38.574798583984375,10.418916702270508,89.49747371673584,53.611755,26.65332
fish13,top,880,Full_SAM,244.5,38.574798583984375,10.791021347045898,90.32590067386627,53.45569,26.550049
fish13,top,881,Full_SAM,244.5,38.574798583984375,10.791021347045898,90.32590067386627,53.45581,26.549622
fish13,top,882,Full_SAM,242.0,38.574798583984375,10.915055274963379,90.08326017856598,53.42151,26.369263
fish13,top,883,Full_SAM,243.5,38.55561065673828,10.748472213745117,89.49747359752655,53.597656,26.424622
fish13,top,884,Full_SAM,243.5,38.55561065673828,10.748472213745117,89.49747359752655,53.598083,26.425537
fish13,top,885,Full_SAM,243.5,38.55561065673828,10.748472213745117,89.49747359752655,53.598145,26.425781
fish13,top,886,Full_SAM,243.5,38.55561065673828,10.748472213745117,89.49747359752655,53.599,26.425842
fish13,top,887,Full_SAM,243.5,38.55561065673828,10.748472213745117,89.49747359752655,53.58667,26.425781
fish13,top,888,Full_SAM,247.0,39.939178466796875,10.915055274963379,92.9116872549057,53.61035,26.459473
fish13,top,889,Full_SAM,249.0,39.939178466796875,10.915055274963379,92.91168737411499,53.784424,26.446228
fish13,top,890,Full_SAM,249.0,39.939178466796875,10.915055274963379,92.91168737411499,53.811523,26.468384
fish13,top,891,Full_SAM,249.0,39.939178466796875,10.915055274963379,92.91168737411499,53.811523,26.468384
fish13,top,892,Full_SAM,251.0,39.91985321044922,11.16978931427002,92.91168713569641,53.853516,26.496094
fish13,top,893,Full_SAM,251.0,39.91985321044922,11.16978931427002,92.91168713569641,53.865173,26.446411
fish13,top,894,Full_SAM,251.0,39.91985321044922,11.16978931427002,92.91168713569641,53.840027,26.422668
fish13,top,895,Full_SAM,253.0,39.91985321044922,11.16978931427002,92.91168713569641,53.86316,26.406738
fish13,top,896,Full_SAM,256.0,39.91985321044922,11.16978931427002,92.91168713569641,53.913086,26.39917
fish13,top,897,Full_SAM,246.0,38.90758514404297,10.285913467407227,88.91168737411499,53.269043,26.464355
fish13,top,898,Full_SAM,246.0,38.90758514404297,10.285913467407227,88.91168737411499,53.269043,26.463745
fish13,top,899,Full_SAM,246.0,38.90758514404297,10.285913467407227,88.91168737411499,53.288086,26.473877
fish13,top,900,Full_SAM,244.0,38.90758514404297,10.285913467407227,88.91168737411499,53.353577,26.45581
fish13,top,901,Full_SAM,242.0,38.90758514404297,10.285913467407227,88.9116872549057,53.41443,26.42517
fish13,top,902,Full_SAM,246.0,38.90758514404297,10.285913467407227,88.9116872549057,53.886963,26.420837
fish13,top,903,Full_SAM,248.0,38.9075813293457,10.285911560058594,88.91168713569641,53.943115,26.405884
fish13,top,904,Full_SAM,248.5,38.9075813293457,10.285911560058594,89.15432786941528,54.106995,26.497925
fish13,top,905,Full_SAM,254.0,38.9075813293457,10.285911560058594,89.74011421203613,54.064026,26.46399
fish13,top,906,Full_SAM,255.0,38.9075813293457,10.285911560058594,89.74011421203613,54.057983,26.45404
fish13,top,907,Full_SAM,254.0,38.9075813293457,10.285911560058594,89.74011421203613,54.058044,26.45404
fish13,top,908,Full_SAM,252.0,38.9075813293457,10.285911560058594,89.74011433124542,54.019165,26.43103
fish13,top,909,Full_SAM,255.0,38.93017578125,10.632911682128906,89.74011433124542,54.056763,26.441772
fish13,top,910,Full_SAM,255.0,38.93017578125,10.632911682128906,89.74011433124542,54.05835,26.44281
fish13,top,911,Full_SAM,259.0,38.93017578125,10.632911682128906,89.74011421203613,53.980225,26.38562
fish14,front,4453,FastSAM,301294.5,636.9998779296875,472.99993896484375,2218.2426406145096,83.347534,69.664
fish14,front,4454,FastSAM,300345.0,634.9998779296875,472.99993896484375,2213.6568541526794,84.19043,62.52237
fish14,front,4461,FastSAM,300345.0,634.9998779296875,472.99993896484375,2213.6568541526794,57.181396,56.2368
fish14,front,4465,FastSAM,300345.0,634.9998779296875,472.99993896484375,2213.6568541526794,59.759277,56.40741
fish14,front,4466,FastSAM,300345.0,634.9998779296875,472.99993896484375,2213.6568541526794,60.520996,58.947815
fish14,front,4467,FastSAM,301296.0,636.9998779296875,472.99993896484375,2218.8284270763397,59.03833,59.05475
fish14,front,4468,FastSAM,301296.0,636.9998779296875,472.99993896484375,2218.8284270763397,65.68701,60.870102
fish14,front,4469,FastSAM,300345.0,634.9998779296875,472.99993896484375,2213.6568541526794,63.70337,59.62018
fish14,front,4470,FastSAM,301296.0,636.9998779296875,472.99993896484375,2218.8284270763397,68.0813,59.10962
fish14,front,4471,FastSAM,300345.0,634.9998779296875,472.99993896484375,2213.6568541526794,65.6228,58.99298
fish14,front,4472,FastSAM,300345.0,634.9998779296875,472.99993896484375,2213.6568541526794,65.38623,58.560852
fish14,front,4473,FastSAM,300345.0,634.9998779296875,472.99993896484375,2213.6568541526794,68.13818,58.286377
fish14,front,4474,FastSAM,300345.0,634.9998779296875,472.99993896484375,2213.6568541526794,74.421875,58.973007
fish14,front,4475,FastSAM,301296.0,636.9998779296875,472.99993896484375,2218.8284270763397,69.49658,58.18457
fish14,front,4476,FastSAM,1458.0,39.0,39.0,149.79898953437805,67.66382,59.90338
fish14,front,4477,FastSAM,1451.0,39.0,39.0,149.79898953437805,75.249756,61.45294
fish14,front,4478,FastSAM,3726.5,75.0,55.0,248.87005722522736,73.77173,60.608047
fish14,front,4479,FastSAM,1453.0,39.0,39.0,149.79898953437805,73.67969,61.2265
fish14,top,4445,Full_SAM,135.0,29.10427474975586,7.518604278564453,65.4558435678482,44.250214,18.24115
fish14,top,4446,Full_SAM,135.5,28.144268035888672,7.273237705230713,64.04163014888763,41.18521,18.490234
fish14,top,4447,Full_SAM,124.0,28.144268035888672,6.957010269165039,63.455843567848206,40.600433,18.1521
fish14,top,4448,Full_SAM,112.0,26.879358291625977,6.640782833099365,61.455843687057495,41.84497,18.442871
fish14,top,4449,Full_SAM,119.5,26.19384765625,7.276068687438965,60.041630148887634,41.348602,18.183533
fish14,top,4450,Full_SAM,119.0,27.828041076660156,6.957010269165039,62.62741661071777,40.554077,17.700195
fish14,top,4451,Full_SAM,125.5,27.828041076660156,7.273237705230713,64.04163014888763,40.74713,17.489319
fish14,top,4452,Full_SAM,132.0,29.725406646728516,7.273237705230713,67.4558436870575,39.673004,18.046814
fish14,top,4453,Full_SAM,126.0,26.879358291625977,7.273237705230713,61.455843687057495,39.2323,17.74176
fish14,top,4454,Full_SAM,125.0,26.563129425048828,7.273237705230713,60.62741661071777,40.85849,17.24585
fish14,top,4455,Full_SAM,121.5,24.66576385498047,7.273237705230713,56.38477599620819,40.41101,17.26831
fish14,top,4456,Full_SAM,128.5,26.867910385131836,7.452413558959961,61.21320307254791,40.709473,17.457031
fish14,top,4457,Full_SAM,132.5,28.861740112304688,7.033533096313477,65.21320307254791,39.577576,17.755188
fish14,top,4458,Full_SAM,126.0,28.619203567504883,7.033533096313477,64.62741649150848,38.726685,17.289185
fish14,top,4459,Full_SAM,116.5,25.61444854736328,6.957010269165039,58.38477599620819,38.980896,17.526917
fish14,top,4460,Full_SAM,116.0,26.678918838500977,6.790997505187988,59.79898941516876,40.084778,17.408936
fish14,top,4461,Full_SAM,113.5,23.717082977294922,6.640782833099365,55.21320307254791,40.42508,17.547485
fish14,top,4462,Full_SAM,100.5,22.79834747314453,6.5484619140625,52.38477599620819,39.332214,17.749512
fish14,top,4463,Full_SAM,107.5,23.084627151489258,6.957010269165039,53.21320295333862,38.420044,18.16449
fish14,top,4464,Full_SAM,119.5,25.043960571289062,7.602630138397217,58.041630148887634,39.154358,18.254822
fish14,top,4465,Full_SAM,105.5,23.084627151489258,6.957010269165039,52.870057106018066,39.594147,18.58313
fish14,top,4466,Full_SAM,117.0,25.491172790527344,7.155416965484619,58.28427064418793,40.697845,19.167236
fish14,top,4467,Full_SAM,117.5,24.6657657623291,7.273237705230713,57.69848430156708,41.83319,19.545898
fish14,top,4468,Full_SAM,119.5,25.938386917114258,7.155416965484619,59.69848418235779,41.71585,20.419617
fish14,top,4469,Full_SAM,127.5,26.385601043701172,7.155416965484619,61.69848430156708,42.405487,20.652344
fish14,top,4470,Full_SAM,134.0,27.280029296875,7.602630138397217,63.11269772052765,43.003204,20.845093
fish14,top,4471,Full_SAM,117.5,26.246902465820312,7.273237228393555,60.52691125869751,41.090637,20.209412
fish14,top,4472,Full_SAM,130.0,25.491172790527344,7.602630615234375,59.11269783973694,41.580315,20.590576
fish14,top,4473,Full_SAM,119.5,24.149534225463867,7.602630138397217,55.69848442077637,41.999237,20.544922
fish14,top,4474,Full_SAM,125.5,24.14039421081543,7.984899044036865,55.69848430156708,39.263313,21.164734
fish14,top,4475,Full_SAM,136.0,26.385601043701172,7.602630138397217,61.11269783973694,41.308235,22.184937
fish14,top,4476,Full_SAM,134.5,25.938386917114258,8.049844741821289,60.52691125869751,41.70398,22.3042
fish14,top,4477,Full_SAM,128.5,25.043960571289062,8.049844741821289,57.69848442077637,40.324158,21.95282
fish14,top,4478,Full_SAM,126.5,25.491174697875977,8.049844741821289,58.52691113948822,39.47989,22.282837
fish14,top,4479,Full_SAM,126.0,25.491174697875977,8.049844741821289,59.11269772052765,40.072998,22.891785
fish15,front,2151,FastSAM,4597.0,94.0,59.0,266.16652023792267,100.085205,111.09982
fish15,front,2152,FastSAM,10382.0,135.0,83.0,407.6812387704849,102.447525,104.67099
fish15,front,2153,FastSAM,9944.0,131.0,83.0,403.1959578990936,102.6095,104.444084
fish15,front,2154,FastSAM,301931.0,632.9998779296875,476.99993896484375,2217.65685403347,92.1817,96.909454
fish15,front,2155,FastSAM,2614.5,67.0,47.0,202.81118178367615,80.47717,101.948456
fish15,front,2156,FastSAM,3347.5,98.0,43.0,255.43859910964966,74.0509,99.77246
fish15,front,2157,FastSAM,2529.0,86.0,39.0,225.39696860313416,60.520264,89.837036
fish15,front,2158,FastSAM,2372.0,83.0,39.0,219.396968126297,64.0719,88.88623
fish15,front,2159,FastSAM,2895.0,67.0,47.0,211.5979790687561,61.803284,91.708435
fish15,front,2160,FastSAM,2633.5,87.0,39.0,224.46803605556488,56.099487,84.00653
fish15,front,2161,FastSAM,2843.5,90.99998474121094,42.99999237060547,238.12489008903503,57.423523,92.08008
fish15,front,2162,FastSAM,2491.5,91.99998474121094,34.99999237060547,226.4680359363556,53.6438,78.48645
fish15,front,2163,FastSAM,2246.0,90.0,35.0,223.05382251739502,54.00244,85.67566
fish15,front,2164,FastSAM,2322.0,91.0,35.0,223.88224947452545,54.193176,85.04785
fish15,front,2165,FastSAM,2019.0,80.0,35.0,198.3675309419632,49.820557,83.12927
fish15,front,2166,FastSAM,1928.0,79.0,35.0,197.53910386562347,46.536133,87.40909
fish15,front,2167,FastSAM,1776.0,78.0,30.0,189.05382239818573,45.85547,84.362915
fish15,front,2168,FastSAM,1914.0,79.0,35.0,196.3675309419632,45.913147,82.33383
fish15,front,2169,FastSAM,1832.5,83.0,31.0,198.12489020824432,51.43347,88.22281
fish15,front,2170,FastSAM,1706.5,78.0,30.0,186.12489008903503,50.635986,83.42096
fish15,front,2171,FastSAM,1567.0,72.0,27.0,176.911687374115,46.896362,78.45419
fish15,front,2172,FastSAM,1743.5,75.0,31.0,186.81118202209473,51.795715,76.09802
fish15,front,2173,FastSAM,1532.0,71.0,35.0,183.88224959373474,50.30951,77.00238
fish15,front,2174,FastSAM,1570.0,70.0,30.0,174.2253954410553,51.663513,76.768005
fish15,front,2175,FastSAM,1621.0,73.0,30.0,181.396968126297,51.53357,77.621765
fish15,front,2176,FastSAM,1794.0,70.0,35.0,183.05382239818573,51.093567,77.70676
fish15,front,2177,FastSAM,1763.5,70.0,35.0,183.63960886001587,52.5907,76.537994
fish15,front,2178,FastSAM,1644.5,69.0,35.0,183.982754945755,55.750366,76.451416
fish15,front,2179,FastSAM,1804.5,67.0,39.0,183.2964631319046,59.1239,76.90964
fish15,front,2180,FastSAM,1665.0,63.0,36.0,171.05382227897644,64.30115,75.28168
fish15,front,2181,FastSAM,1721.5,66.1257095336914,38.81471252441406,182.46803617477417,61.193054,75.0365
fish15,front,2182,FastSAM,1749.0,61.0,39.0,173.05382299423218,62.424683,72.70087
fish15,front,2183,FastSAM,1773.5,61.0,39.0,174.8111823797226,60.85199,72.802795
fish15,front,2184,FastSAM,1742.5,63.0,39.0,178.81118214130402,62.46289,72.414
fish15,front,2185,FastSAM,1566.5,62.0,35.0,171.15432810783386,57.835632,72.07324
fish15,front,2186,FastSAM,1614.0,62.0,34.0,167.39696848392487,58.22412,71.37781
fish15,front,2187,FastSAM,1527.5,59.0,35.0,166.32590115070343,56.62195,69.80405
fish15,front,2188,FastSAM,1576.5,58.99999237060547,35.99999237060547,164.8111822605133,55.286255,69.50873
fish15,front,2189,FastSAM,1539.5,58.99999237060547,33.99999237060547,163.15432846546173,56.18445,70.021484
fish15,front,2190,FastSAM,1375.5,59.0,31.0,157.154327750206,52.72461,69.69873
fish15,front,2191,FastSAM,1420.0,54.99999237060547,36.99999237060547,158.22539579868317,51.561646,68.55237
fish15,front,2192,FastSAM,1311.5,52.751197814941406,37.642845153808594,154.95331728458405,52.364624,67.06485
fish15,front,2193,FastSAM,1371.0,56.0,35.0,153.88224983215332,49.9942,66.41144
fish15,top,2151,Full_SAM,185.0,31.390926361083984,8.1210355758667,72.08326005935669,37.713196,35.133423
fish15,top,2152,Full_SAM,204.0,37.63743591308594,8.026427268981934,85.39696824550629,37.082825,33.75354
fish15,top,2153,Full_SAM,211.0,36.769554138183594,8.485280990600586,83.39696884155273,40.243103,33.321167
fish15,top,2154,Full_SAM,199.0,34.31388854980469,8.194360733032227,77.74011421203613,42.23999,33.69568
fish15,top,2155,Full_SAM,206.5,35.21678161621094,8.234403610229492,79.15432751178741,44.651245,31.866882
fish15,top,2156,Full_SAM,188.5,32.4499626159668,8.320503234863281,73.49747335910797,42.916992,31.957275
fish15,top,2157,Full_SAM,191.0,34.10039138793945,8.007599830627441,76.91168785095215,40.356323,29.545227
fish15,top,2158,Full_SAM,187.0,34.46306610107422,7.845936298370361,78.08326041698456,43.406006,26.91986
fish15,top,2159,Full_SAM,216.0,47.5008659362793,8.007599830627441,104.71067714691162,45.157227,26.400513
fish15,top,2160,Full_SAM,212.0,45.634971618652344,8.255572319030762,101.05382323265076,49.66797,26.317505
fish15,top,2161,Full_SAM,206.5,44.280479431152344,7.822420120239258,97.98275446891785,53.463623,24.952393
fish15,top,2162,Full_SAM,207.5,42.530609130859375,7.469636917114258,96.32590091228485,58.664673,25.241577
fish15,top,2163,Full_SAM,216.0,41.41581344604492,8.087278366088867,94.42640602588654,58.52295,26.672363
fish15,top,2164,Full_SAM,248.0,50.28664016723633,8.786870002746582,111.74011433124542,55.536743,25.46753
fish15,top,2165,Full_SAM,222.5,44.24367904663086,9.25505542755127,100.66904664039612,50.641724,24.838013
fish15,top,2166,Full_SAM,213.5,38.976646423339844,9.073029518127441,87.35533833503723,49.77765,24.192749
fish15,top,2167,Full_SAM,182.5,34.293663024902344,8.221083641052246,76.87005710601807,48.486206,23.269592
fish15,top,2168,Full_SAM,178.5,31.0,8.0,70.38477599620819,44.60852,23.189331
fish15,top,2169,Full_SAM,192.5,33.0,7.0,72.3847758769989,43.339966,22.530212
fish15,top,2170,Full_SAM,191.5,36.0,6.0,77.55634868144989,47.900635,23.052063
fish15,top,2171,Full_SAM,198.0,33.05778503417969,7.515294551849365,74.97056245803833,49.31903,22.805908
fish15,top,2172,Full_SAM,229.5,39.0,8.0,87.21320307254791,52.39209,22.660522
fish15,top,2173,Full_SAM,216.0,40.0,8.0,88.62741661071777,57.25476,22.353943
fish15,top,2174,Full_SAM,209.0,45.0,8.0,97.79898953437805,60.220093,22.7052
fish15,top,2175,Full_SAM,179.0,36.11111068725586,7.3989129066467285,79.79898953437805,56.058105,21.384033
fish15,top,2176,Full_SAM,136.5,27.0,6.0,60.72792184352875,49.753174,19.82373
fish15,top,2177,Full_SAM,167.5,30.13590431213379,7.513991832733154,69.55634891986847,49.23633,20.843445
fish15,top,2178,Full_SAM,184.5,33.16244888305664,7.550378799438477,75.55634891986847,50.707275,19.815308
fish15,top,2179,Full_SAM,169.0,34.0,7.0,76.14213538169861,49.29944,19.83606
fish15,top,2180,Full_SAM,217.0,38.0,7.0,84.97056245803833,51.670288,18.965027
fish15,top,2181,Full_SAM,186.5,36.054649353027344,7.734908103942871,82.87005722522736,51.9646,19.371033
fish15,top,2182,Full_SAM,243.5,42.0,8.0,91.21320295333862,51.33551,19.53601
fish15,top,2183,Full_SAM,499.0,46.09623718261719,18.854955673217773,124.42640614509583,52.413208,18.192444
fish15,top,2184,Full_SAM,510.0,47.0,19.0,134.0832600593567,56.57843,19.244324
fish15,top,2185,Full_SAM,606.0,51.0,19.0,132.0832599401474,54.925842,19.098206
fish15,top,2186,Full_SAM,640.5,48.0,19.0,127.0121922492981,53.925964,18.922852
fish15,top,2187,Full_SAM,667.0,48.0,20.0,130.42640590667725,51.311157,18.242188
fish15,top,2188,Full_SAM,645.5,46.0,19.0,121.01219248771667,50.964783,18.427612
fish15,top,2189,Full_SAM,742.0,49.0,20.0,130.42640602588654,54.10913,17.820557
fish15,top,2190,Full_SAM,706.0,44.0,20.0,115.94112467765808,51.50885,18.440979
fish15,top,2191,Full_SAM,697.5,43.0,21.0,115.35533833503723,49.04236,18.651733
fish15,top,2192,Full_SAM,700.5,47.0,22.0,151.63960897922516,48.365234,20.649658
fish15,top,2193,Full_SAM,708.0,46.0,22.0,126.42640614509583,47.18329,21.180237
fish2,front,259,FastSAM,9979.0,131.0,79.0,424.4264061450958,31.187866,29.147766
fish2,front,260,FastSAM,9967.5,131.0,79.0,425.0121924877167,30.318726,28.29657
fish2,front,261,FastSAM,301939.5,632.9998779296875,476.99993896484375,2219.41421353817,30.716309,28.7984
fish2,front,262,FastSAM,301939.5,632.9998779296875,476.99993896484375,2219.41421353817,30.647583,28.77179
fish2,front,263,FastSAM,301939.5,632.9998779296875,476.99993896484375,2219.41421353817,30.83081,28.896576
fish2,front,264,FastSAM,301939.5,632.9998779296875,476.99993896484375,2219.41421353817,30.579346,28.68872
fish2,front,265,FastSAM,301939.5,632.9998779296875,476.99993896484375,2219.41421353817,31.417358,28.972412
fish2,front,266,FastSAM,301939.5,632.9998779296875,476.99993896484375,2219.41421353817,31.409058,29.65741
fish2,front,267,FastSAM,9922.5,131.0,79.0,425.8406194448471,31.40802,29.718414
fish2,front,268,FastSAM,9887.0,131.0,79.0,426.08326065540314,31.945679,29.73938
fish2,front,269,FastSAM,9898.5,130.99996948242188,78.99998474121094,426.6690467596054,34.59021,31.070374
fish2,front,270,FastSAM,9949.5,131.0,79.0,425.84062016010284,34.865112,31.041779
fish2,front,271,FastSAM,9904.0,131.0,79.0,425.2548327445984,40.035828,34.008423
fish2,front,272,FastSAM,9813.5,131.0,79.0,426.6690466403961,46.93628,37.135803
fish2,front,273,FastSAM,9839.5,131.0,79.0,426.66904640197754,45.420288,36.638123
fish2,front,274,FastSAM,9763.0,131.0,79.0,428.083260178566,44.461548,36.832123
fish2,front,275,FastSAM,9574.0,131.0,77.0,420.4264061450958,42.386536,34.768158
fish2,front,276,FastSAM,9780.0,131.0,79.0,427.25483322143555,43.713013,35.304688
fish2,front,277,FastSAM,9753.5,130.99996948242188,78.99998474121094,427.49747359752655,41.00171,34.03528
fish2,front,278,FastSAM,9827.0,130.99996948242188,78.99998474121094,424.4264061450958,40.612366,34.07312
fish2,front,279,FastSAM,9966.5,130.99996948242188,78.99998474121094,423.35533833503723,40.76996,33.969727
fish2,front,280,FastSAM,9932.5,130.99996948242188,78.99998474121094,423.3553384542465,40.81433,34.867188
fish2,front,281,FastSAM,9820.5,130.99996948242188,76.99998474121094,410.04163014888763,38.882263,32.762817
fish2,front,282,FastSAM,10025.5,131.0,79.0,420.87005722522736,39.983887,33.513184
fish2,front,283,FastSAM,9892.0,131.0,79.0,421.94112491607666,41.493652,34.063934
fish2,front,284,FastSAM,9738.0,131.0,77.0,409.4558436870575,40.66931,33.55414
fish2,front,285,FastSAM,9700.0,131.0,77.0,410.2842707633972,39.964233,33.5708
fish2,front,286,FastSAM,3665.5,71.0,59.0,250.04163014888763,40.585632,34.270508
fish2,front,287,FastSAM,3664.5,71.0,59.0,250.04163014888763,39.858643,34.388153
fish2,front,288,FastSAM,3665.5,71.0,59.0,250.04163014888763,39.321655,34.115234
fish2,front,289,FastSAM,3664.5,71.0,59.0,250.04163014888763,37.58496,33.05066
fish2,front,290,FastSAM,3665.5,71.0,59.0,250.04163014888763,38.315918,33.180664
fish2,front,291,FastSAM,3665.5,71.0,59.0,250.04163014888763,37.980835,33.75592
fish2,front,292,FastSAM,3665.5,71.0,59.0,250.04163014888763,37.938843,33.41919
fish2,front,293,FastSAM,3665.5,71.0,59.0,250.04163014888763,37.91687,33.817444
fish2,front,294,FastSAM,3665.5,71.0,59.0,250.04163014888763,40.52185,35.59784
fish2,front,295,FastSAM,3665.5,71.0,59.0,250.04163014888763,39.470215,34.535522
fish2,front,296,FastSAM,3665.5,71.0,59.0,250.04163014888763,39.132446,35.570526
fish2,front,297,FastSAM,3665.5,71.0,59.0,250.04163014888763,39.42157,36.563293
fish2,front,298,FastSAM,3665.5,71.0,59.0,250.04163014888763,37.600037,34.804565
fish2,front,299,FastSAM,3665.5,71.0,59.0,250.04163014888763,36.68689,32.885925
fish2,front,300,FastSAM,3673.0,71.0,59.0,249.4558436870575,34.180176,32.646545
fish2,front,301,FastSAM,3673.0,71.0,59.0,249.4558436870575,34.17932,32.646545
fish2,front,302,FastSAM,3673.0,71.0,59.0,249.4558436870575,34.117798,32.55829
fish2,front,303,FastSAM,3673.0,71.0,59.0,249.4558436870575,34.204834,32.602905
fish2,front,304,FastSAM,3673.0,71.0,59.0,249.4558436870575,33.938477,32.26062
fish2,front,305,FastSAM,3673.0,71.0,59.0,249.4558436870575,34.017273,32.616943
fish2,front,306,FastSAM,3673.0,71.0,59.0,249.4558436870575,33.994263,32.667664
fish2,front,307,FastSAM,3673.0,71.0,59.0,249.4558436870575,34.28412,33.897522
fish2,front,308,FastSAM,3673.0,71.0,59.0,249.4558436870575,34.198242,33.889618
fish2,front,309,FastSAM,3673.0,71.0,59.0,249.4558436870575,34.228516,33.731384
fish2,front,310,FastSAM,3673.0,71.0,59.0,249.4558436870575,33.94873,32.098297
fish2,front,311,FastSAM,3673.0,71.0,59.0,249.4558436870575,34.516846,33.0625
fish2,front,312,FastSAM,159822.5,629.0,257.0,1901.781744480133,34.32617,32.76013
fish2,front,313,FastSAM,159750.5,629.0,257.0,1895.7817445993423,34.6308,32.436523
fish2,front,314,FastSAM,159805.0,629.0,257.0,1904.3675310611725,34.83136,29.80194
fish2,front,315,FastSAM,3673.0,71.0,59.0,249.4558436870575,36.638794,31.883484
fish2,front,316,FastSAM,159716.0,629.0,257.0,1891.6812393665314,39.214966,34.053772
fish2,front,317,FastSAM,160946.5,633.0,257.0,1902.953317284584,40.52112,33.949646
fish2,front,318,FastSAM,159868.0,629.0,257.0,1845.1959578990936,44.36267,41.724396
fish2,front,319,FastSAM,159696.0,629.0,257.0,1839.5391038656235,46.196167,51.46591
fish2,front,320,FastSAM,160826.0,633.0,257.0,1843.195958018303,49.135376,47.611267
fish2,front,321,FastSAM,160519.0,633.0,257.0,1829.1959581375122,53.68512,55.009094
fish2,front,322,FastSAM,159461.5,629.0,257.0,1820.610171675682,53.95996,55.104767
fish2,front,323,FastSAM,159460.0,629.0,257.0,1819.5391039848328,55.34796,57.057312
fish2,front,324,FastSAM,160610.5,633.0,257.0,1826.9533175230026,60.21759,56.042084
fish2,front,325,FastSAM,159586.5,629.0,257.0,1819.7817445993423,58.569336,54.89099
fish2,front,326,FastSAM,161954.0,633.0,261.0,1881.4802287817001,59.553833,55.306885
fish2,front,327,FastSAM,161311.0,633.0,261.0,1897.2792184352875,57.95862,55.041412
fish2,front,328,FastSAM,161084.0,633.0,261.0,1898.4507912397385,57.473022,53.971924
fish2,top,259,Full_SAM,122.5,21.21320343017578,7.77817440032959,50.52691102027893,27.748169,56.308594
fish2,top,260,Full_SAM,119.5,21.083457946777344,7.652514457702637,50.52691173553467,27.830322,56.24521
fish2,top,261,Full_SAM,135.5,21.239633560180664,9.05807876586914,52.5269113779068,29.308105,57.197815
fish2,top,262,Full_SAM,126.0,21.21320343017578,8.485280990600586,51.11269795894623,29.839966,56.533447
fish2,top,263,Full_SAM,129.5,21.209938049316406,8.682430267333984,51.69848430156708,31.909058,55.01593
fish2,top,264,Full_SAM,134.0,22.0,8.800000190734863,53.11269772052765,32.857483,54.46283
fish2,top,265,Full_SAM,123.0,22.078182220458984,8.186291694641113,53.11269783973694,34.808594,53.452698
fish2,top,266,Full_SAM,129.5,23.574758529663086,8.320503234863281,55.35533833503723,38.381348,50.77362
fish2,top,267,Full_SAM,129.5,23.702322006225586,8.049844741821289,55.35533893108368,39.9364,51.123993
fish2,top,268,Full_SAM,130.5,20.124608993530273,8.497057914733887,49.69848418235779,42.289307,46.45221
fish2,top,269,Full_SAM,155.5,25.491174697875977,8.497057914733887,62.18376553058624,44.54358,39.926025
fish2,top,270,Full_SAM,144.5,25.043960571289062,8.049844741821289,59.69848418235779,45.64453,38.31888
fish2,top,271,Full_SAM,128.0,20.124608993530273,8.497057914733887,49.455843448638916,45.447693,40.210022
fish2,top,272,Full_SAM,138.5,24.14039421081543,8.356289863586426,56.870057344436646,45.872253,31.773804
fish2,top,273,Full_SAM,136.0,23.76900291442871,8.356289863586426,55.455843567848206,46.132202,29.352356
fish2,top,274,Full_SAM,143.0,23.18025779724121,9.04194450378418,56.627416491508484,47.249756,28.380188
fish2,top,275,Full_SAM,138.5,23.837854385375977,8.548747062683105,58.870057106018066,48.24518,28.373718
fish2,top,276,Full_SAM,144.5,23.348169326782227,8.181838035583496,56.3847758769989,48.382812,28.267197
fish2,top,277,Full_SAM,143.0,24.0,8.0,58.62741661071777,47.509766,28.194702
fish2,top,278,Full_SAM,143.5,24.0,8.0,58.38477599620819,46.929443,27.282166
fish2,top,279,Full_SAM,157.0,24.0,8.0,56.97056245803833,47.331116,27.023926
fish2,top,280,Full_SAM,156.5,25.17839241027832,8.834522247314453,60.38477599620819,47.991394,27.458801
fish2,top,281,Full_SAM,164.5,25.0,9.0,61.21320307254791,48.162476,28.228027
fish2,top,282,Full_SAM,173.0,24.278907775878906,9.552356719970703,60.627416491508484,48.852234,28.921814
fish2,top,283,Full_SAM,162.0,24.49544906616211,8.713146209716797,59.79898941516876,48.83484,28.137268
fish2,top,284,Full_SAM,169.5,24.724897384643555,9.203156471252441,60.041630029678345,49.166748,27.694519
fish2,top,285,Full_SAM,182.5,25.951313018798828,9.701424598693848,62.041630148887634,50.05133,27.679932
fish2,top,286,Full_SAM,200.0,26.02783203125,10.73312759399414,63.455843806266785,50.285583,27.880615
fish2,top,287,Full_SAM,197.0,26.56313133239746,10.435516357421875,63.455843806266785,50.25305,28.123413
fish2,top,288,Full_SAM,196.0,27.482912063598633,10.39893913269043,64.28427052497864,50.486816,28.047913
fish2,top,289,Full_SAM,196.5,27.83696937561035,9.979290962219238,65.69848430156708,50.828247,27.703064
fish2,top,290,Full_SAM,201.5,28.174455642700195,9.838699340820312,66.52691149711609,50.588257,28.383072
fish2,top,291,Full_SAM,214.0,27.72724151611328,10.733125686645508,65.94112503528595,49.695557,28.595032
fish2,top,292,Full_SAM,198.0,26.832813262939453,10.28591251373291,65.11269783973694,50.23169,29.281631
fish2,top,293,Full_SAM,223.5,29.149946212768555,11.12997817993164,70.18376564979553,49.09424,30.2182
fish2,top,294,Full_SAM,239.5,30.47542953491211,11.551170349121094,73.01219248771667,49.35791,29.343262
fish2,top,295,Full_SAM,229.5,29.20514678955078,11.889361381530762,70.18376576900482,48.81079,30.24945
fish2,top,296,Full_SAM,248.0,30.549388885498047,11.818376541137695,73.59797883033752,49.157227,32.33484
fish2,top,297,Full_SAM,269.0,32.526920318603516,12.727923393249512,78.42640590667725,49.671265,32.818726
fish2,top,298,Full_SAM,253.0,30.97596549987793,11.875503540039062,74.42640590667725,47.026367,33.71216
fish2,top,299,Full_SAM,259.5,30.872438430786133,12.278810501098633,75.01219248771667,42.935364,34.47203
fish2,top,300,Full_SAM,252.0,30.304119110107422,11.266915321350098,74.42640578746796,36.23938,36.413635
fish2,top,301,Full_SAM,248.5,29.516094207763672,11.180339813232422,73.01219248771667,36.815247,36.068726
fish2,top,302,Full_SAM,264.5,30.410520553588867,11.180339813232422,75.01219284534454,36.842896,37.14984
fish2,top,303,Full_SAM,266.0,31.304948806762695,11.180339813232422,76.42640590667725,36.01361,37.761536
fish2,top,304,Full_SAM,277.5,33.09380340576172,11.62755298614502,79.84061932563782,35.599,38.53479
fish2,top,305,Full_SAM,283.5,33.98823165893555,11.627553939819336,80.66904640197754,35.195923,39.40721
fish2,top,306,Full_SAM,276.0,33.98823165893555,11.627553939819336,81.25483286380768,34.54663,40.46881
fish2,top,307,Full_SAM,266.5,33.09380340576172,11.180338859558105,79.01219248771667,34.108887,40.865845
fish2,top,308,Full_SAM,263.0,34.882659912109375,10.733125686645508,82.42640602588654,33.737,39.47046
fish2,top,309,Full_SAM,268.5,34.435447692871094,11.180338859558105,81.01219248771667,32.944702,40.11212
fish2,top,310,Full_SAM,264.5,34.1743049621582,10.850341796875,80.18376517295837,31.942322,40.301025
fish2,top,311,Full_SAM,241.5,31.31887435913086,10.618589401245117,74.87005722522736,31.47876,40.905518
fish2,top,312,Full_SAM,237.5,31.04669189453125,10.22399616241455,74.87005722522736,30.792114,40.739563
fish2,top,313,Full_SAM,241.5,31.772165298461914,10.914102554321289,75.69848430156708,30.248047,41.164795
fish2,top,314,Full_SAM,246.5,32.49977493286133,10.671567916870117,76.04163014888763,31.055054,40.772644
fish2,top,315,Full_SAM,243.0,31.573284149169922,10.464799880981445,74.62741661071777,29.924866,41.114197
fish2,top,316,Full_SAM,248.5,32.37306594848633,10.294883728027344,76.87005722522736,30.369263,42.925293
fish2,top,317,Full_SAM,254.0,34.0,10.0,78.62741649150848,29.933228,42.468872
fish2,top,318,Full_SAM,253.0,35.0,10.0,80.62741661071777,28.108398,43.620483
fish2,top,319,Full_SAM,250.0,35.0,10.0,81.4558435678482,27.321411,44.371582
fish2,top,320,Full_SAM,245.5,34.12977600097656,9.751364707946777,79.21320295333862,26.810364,44.33142
fish2,top,321,Full_SAM,257.0,37.41339874267578,9.054838180541992,84.62741661071777,26.588928,44.453003
fish2,top,322,Full_SAM,268.5,38.32748031616211,9.647951126098633,86.87005722522736,26.333069,44.823853
fish2,top,323,Full_SAM,273.0,38.0,9.0,86.97056245803833,25.78125,44.543335
fish2,top,324,Full_SAM,246.0,37.05239486694336,9.050968170166016,83.4558435678482,26.022217,42.840454
fish2,top,325,Full_SAM,225.0,36.332176208496094,8.713146209716797,81.79898953437805,25.80066,42.757935
fish2,top,326,Full_SAM,228.0,37.33523941040039,8.34386157989502,83.4558436870575,25.98944,42.825623
fish2,top,327,Full_SAM,235.0,39.75524139404297,8.25761890411377,89.4558435678482,25.998901,44.054443
fish2,top,328,Full_SAM,249.5,41.77277755737305,8.700713157653809,91.69848418235779,25.924683,44.00476
fish3,front,587,FastSAM,7959.0,115.0,86.0,343.9066346883774,139.05725,113.54538
fish3,front,588,FastSAM,8349.5,123.0,91.0,356.7766926288605,141.68256,114.37378
fish3,front,589,FastSAM,8159.5,120.0,87.0,348.977702498436,142.7554,114.19241
fish3,front,590,FastSAM,8199.5,119.0,87.0,349.3208487033844,143.03851,113.590515
fish3,front,591,FastSAM,8114.0,115.0,87.0,343.078208565712,142.7442,112.23602
fish3,front,592,FastSAM,8019.0,119.0,87.0,344.0487710237503,143.06845,111.52112
fish3,front,593,FastSAM,7755.0,115.0,86.0,337.5634888410568,143.53873,111.44003
fish3,front,594,FastSAM,7968.0,119.0,86.0,343.22034299373627,143.14182,111.49066
fish3,front,595,FastSAM,8046.0,119.0,87.0,344.0487710237503,146.75186,110.77826
fish3,front,596,FastSAM,8133.0,107.69792938232422,99.58182525634766,351.7056232690811,145.94244,110.43344
fish3,front,597,FastSAM,8180.0,123.0,87.0,357.5634890794754,141.95837,105.39404
fish3,front,598,FastSAM,8182.0,123.0,87.0,357.5634890794754,142.1908,105.48749
fish3,front,599,FastSAM,8238.5,121.0,87.0,355.3208487033844,143.42053,105.97266
fish3,front,600,FastSAM,8372.5,120.0,87.0,356.8355677127838,145.14413,106.59784
fish3,front,601,FastSAM,8353.5,121.0,87.0,358.4924224615097,144.64154,106.35602
fish3,front,602,FastSAM,8442.0,124.0,87.0,362.73506236076355,146.26291,107.26282
fish3,front,603,FastSAM,8559.0,123.0,87.0,365.0782068967819,148.2735,106.820984
fish3,front,604,FastSAM,8516.5,126.99998474121094,82.99998474121094,372.00714004039764,150.27963,106.41687
fish3,front,605,FastSAM,8609.5,131.0,83.0,376.1492762565613,148.2432,107.50876
fish3,front,606,FastSAM,8591.5,130.0,83.0,373.32084906101227,148.41367,107.77127
fish3,front,607,FastSAM,8616.5,134.99996948242188,82.99998474121094,377.1198390722275,149.51617,107.85013
fish3,front,608,FastSAM,8485.5,131.0,83.0,372.6345565319061,148.86111,107.68158
fish3,front,609,FastSAM,8321.5,131.0,82.0,368.97770154476166,150.16754,108.64874
fish3,front,610,FastSAM,8500.5,131.0,82.0,374.9777019023895,150.07901,108.31073
fish3,front,611,FastSAM,8398.0,127.0,87.0,374.8771975040436,149.25113,110.197845
fish3,front,612,FastSAM,8114.0,126.0,83.0,367.5634890794754,149.20386,108.95209
fish3,front,613,FastSAM,8240.0,125.0,83.0,369.07820749282837,149.15228,109.88837
fish3,front,614,FastSAM,8260.5,129.0,82.0,374.1492758989334,148.36862,110.61688
fish3,front,615,FastSAM,8052.5,127.0,82.0,372.49242091178894,148.078,111.474976
fish3,front,616,FastSAM,8196.5,113.14503479003906,95.70370483398438,379.1198378801346,147.21893,109.62567
fish3,front,617,FastSAM,8174.0,131.0,83.0,373.2203435897827,150.31223,110.46655
fish3,front,618,FastSAM,7959.5,123.0,83.0,353.66399359703064,147.4238,109.756805
fish3,front,619,FastSAM,8368.5,131.0,83.0,366.9777030944824,150.55688,109.81818
fish3,front,620,FastSAM,8453.0,131.0,83.0,373.90663385391235,150.78412,110.5585
fish3,front,621,FastSAM,8374.0,130.99996948242188,82.99998474121094,373.0782073736191,151.25208,110.852905
fish3,front,622,FastSAM,8398.5,131.0,79.0,371.17871272563934,151.09332,111.02557
fish3,front,623,FastSAM,7645.0,119.0,78.0,348.1076453924179,151.14429,110.25275
fish3,front,624,FastSAM,7705.0,115.0,78.0,344.79393696784973,151.02875,110.33334
fish3,front,625,FastSAM,8036.0,119.0,80.0,359.96550941467285,152.64728,111.03613
fish3,front,626,FastSAM,8222.5,123.0,80.0,363.03657710552216,151.81949,110.99432
fish3,front,627,FastSAM,8316.5,123.0,83.0,362.35028517246246,150.69128,110.482056
fish3,front,628,FastSAM,8083.5,115.0,83.0,355.03657722473145,150.43896,112.46039
fish3,front,629,FastSAM,7912.0,111.0,83.0,352.79393696784973,149.04086,112.41443
fish3,front,630,FastSAM,8178.0,118.99998474121094,82.99998474121094,363.279217839241,148.5668,111.60327
fish3,front,631,FastSAM,8229.5,119.0,83.0,361.86500453948975,148.97092,112.22226
fish3,front,632,FastSAM,7946.5,119.0,83.0,355.1787140369415,148.45184,112.27707
fish3,front,633,FastSAM,7844.0,119.0,81.0,354.1076456308365,149.55646,109.43393
fish3,front,634,FastSAM,7703.0,115.0,81.0,347.27921736240387,147.09015,108.89758
fish3,front,635,FastSAM,7477.0,115.0,77.0,340.7939372062683,147.62048,108.312195
fish3,front,636,FastSAM,7474.0,115.0,77.0,340.7939372062683,145.87445,108.66077
fish3,front,637,FastSAM,7546.0,119.0,78.0,344.93607199192047,144.58948,108.96901
fish3,front,638,FastSAM,7572.5,119.0,78.0,348.6934311389923,145.39877,109.36473
fish3,front,639,FastSAM,7519.5,116.41010284423828,78.67166137695312,351.8650040626526,144.3912,108.151505
fish3,front,640,FastSAM,7546.0,117.20480346679688,79.58850860595703,350.93607234954834,143.32062,107.925415
fish3,front,641,FastSAM,7834.0,115.0,83.0,351.96550989151,144.11536,107.334656
fish3,front,642,FastSAM,7801.0,115.0,83.0,351.6223648786545,145.15515,107.19017
fish3,front,643,FastSAM,7570.5,111.0,83.0,343.37972378730774,143.98538,107.13281
fish3,front,644,FastSAM,7499.0,111.0,83.0,339.27921962738037,143.9711,108.624084
fish3,front,645,FastSAM,7298.5,107.0,83.0,333.3797245025635,142.28662,108.520935
fish3,front,646,FastSAM,7154.0,103.0,85.0,329.9655097723007,142.04294,108.32367
fish3,front,647,FastSAM,6790.0,102.96098327636719,81.19208526611328,326.4507919549942,139.7826,108.73291
fish3,front,648,FastSAM,6765.5,99.32049560546875,83.95516967773438,326.6934322118759,139.9249,108.92299
fish3,front,649,FastSAM,6923.0,109.14102172851562,79.30914306640625,330.2497800588608,140.15808,109.75964
fish3,front,650,FastSAM,6753.0,104.52989959716797,80.21149444580078,324.5929266214371,138.96146,109.46706
fish3,front,651,FastSAM,6804.0,110.67442321777344,76.50647735595703,326.39191591739655,138.37817,110.12132
fish3,front,652,FastSAM,6604.0,105.26111602783203,78.49293518066406,321.9066344499588,138.68112,110.19849
fish3,front,653,FastSAM,6602.0,106.75316619873047,76.9537582397461,321.9066345691681,137.56006,110.14809
fish3,front,654,FastSAM,6516.5,108.67289733886719,75.57909393310547,320.9777021408081,137.1962,110.486755
fish3,front,655,FastSAM,6502.5,109.4337387084961,74.70606994628906,319.8061292171478,135.97421,110.51532
fish3,front,656,FastSAM,6285.5,103.81207275390625,78.15966796875,316.97770261764526,134.67026,110.390686
fish3,front,657,FastSAM,6317.0,105.98961639404297,74.23745727539062,311.5634882450104,134.64365,110.53949
fish3,front,658,FastSAM,6099.5,107.33126068115234,73.34302520751953,310.49242103099823,134.22116,111.04198
fish3,front,659,FastSAM,5987.0,107.35810852050781,73.40139770507812,310.3919150829315,133.99344,112.5918
fish3,front,660,FastSAM,5827.5,100.87144470214844,76.3888168334961,300.8355680704117,131.75446,112.40723
fish3,front,661,FastSAM,5712.5,92.15780639648438,81.61485290527344,300.35028755664825,132.14316,111.47711
fish3,front,662,FastSAM,5553.5,95.80157470703125,76.88378143310547,298.83556735515594,130.25226,111.6431
fish3,front,663,FastSAM,5688.5,103.72544860839844,70.25402069091797,302.97770285606384,129.69263,112.333984
fish3,front,664,FastSAM,5623.0,103.38642120361328,70.22245788574219,301.22034204006195,129.28735,112.35846
fish3,front,665,FastSAM,5661.0,103.15849304199219,69.98855590820312,305.70562398433685,128.40906,112.91223
fish3,front,666,FastSAM,5741.0,104.33587646484375,69.91502380371094,315.01933312416077,127.58334,111.08853
fish3,top,587,Full_SAM,1151.0,96.0,19.0,213.39696836471558,103.40619,52.94446
fish3,top,588,Full_SAM,1097.0,86.0,18.0,193.25483310222626,103.673035,53.430267
fish3,top,589,Full_SAM,1068.5,84.0,18.0,189.8406196832657,104.17377,53.39853
fish3,top,590,Full_SAM,1060.5,87.0,18.0,191.8406196832657,105.123886,53.027237
fish3,top,591,Full_SAM,1025.0,84.0,17.0,187.5979789495468,105.44005,53.70488
fish3,top,592,Full_SAM,1031.5,87.20639038085938,17.95425796508789,192.6690467596054,105.0802,52.31198
fish3,top,593,Full_SAM,1079.5,98.0,18.0,218.81118214130402,106.45509,51.95718
fish3,top,594,Full_SAM,1078.5,98.0,17.0,217.15432810783386,106.77489,51.816532
fish3,top,595,Full_SAM,1092.5,97.0,18.0,218.81118190288544,107.22284,51.107224
fish3,top,596,Full_SAM,1086.0,97.0,18.0,217.39696860313416,107.37158,51.665985
fish3,top,597,Full_SAM,1072.0,97.0,18.0,218.56854152679443,107.76642,46.656494
fish3,top,598,Full_SAM,1085.5,97.29938507080078,18.59113311767578,218.81118202209473,106.6864,47.04294
fish3,top,599,Full_SAM,1091.5,97.2125015258789,18.104127883911133,217.9827550649643,106.17079,46.536438
fish3,top,600,Full_SAM,1103.0,97.24311828613281,18.21812629699707,221.0538227558136,105.73065,47.902817
fish3,top,601,Full_SAM,1107.5,97.33895874023438,17.502092361450195,218.81118214130402,105.26599,49.220596
fish3,top,602,Full_SAM,1118.0,96.16607666015625,19.04205894470215,215.39696848392487,104.83644,49.17166
fish3,top,603,Full_SAM,1104.5,96.34970092773438,18.082609176635742,215.9827550649643,104.941895,49.691742
fish3,top,604,Full_SAM,1100.0,96.62397766113281,18.214460372924805,218.71067690849304,104.97984,49.200226
fish3,top,605,Full_SAM,1027.5,85.84276580810547,18.384777069091797,190.32590079307556,104.22667,50.98871
fish3,top,606,Full_SAM,1010.0,85.84276580810547,18.52619743347168,190.56854152679443,104.08063,51.165836
fish3,top,607,Full_SAM,994.0,85.78144836425781,18.096750259399414,190.56854152679443,102.799255,51.156162
fish3,top,608,Full_SAM,982.5,83.970458984375,19.374835968017578,189.63960909843445,102.44183,52.229977
fish3,top,609,Full_SAM,941.5,83.67908477783203,17.755088806152344,188.46803629398346,102.7964,51.555573
fish3,top,610,Full_SAM,928.5,82.89559936523438,18.595027923583984,188.1248903274536,103.35956,53.291653
fish3,top,611,Full_SAM,889.5,80.21149444580078,17.65045166015625,182.12489020824432,102.43506,52.328854
fish3,top,612,Full_SAM,883.0,81.73450469970703,17.220029830932617,183.53910386562347,100.83215,51.07747
fish3,top,613,Full_SAM,878.0,80.33850860595703,17.102628707885742,181.53910386562347,98.75452,52.40718
fish3,top,614,Full_SAM,884.0,80.64897155761719,17.528223037719727,182.36753106117249,99.324646,52.851437
fish3,top,615,Full_SAM,807.5,68.6077651977539,16.963733673095703,160.1248905658722,98.84326,54.00809
fish3,top,616,Full_SAM,828.0,70.22703552246094,17.354957580566406,164.3675309419632,100.69275,56.171055
fish3,top,617,Full_SAM,811.0,69.27920532226562,16.32874870300293,161.19595789909363,99.59364,57.450165
fish3,top,618,Full_SAM,842.0,71.5051040649414,16.61501693725586,166.02438521385193,99.61192,59.6053
fish3,top,619,Full_SAM,860.5,76.28108978271484,16.61501693725586,176.26702618598938,99.69115,60.02374
fish3,top,620,Full_SAM,836.0,70.00714111328125,16.526885986328125,162.0243854522705,98.73102,61.002716
fish3,top,621,Full_SAM,818.5,68.53846740722656,16.384618759155273,160.26702535152435,96.80798,60.171604
fish3,top,622,Full_SAM,873.0,75.61538696289062,16.384618759155273,174.50966620445251,96.144714,60.868362
fish3,top,623,Full_SAM,817.0,68.42367553710938,16.546903610229492,159.68123877048492,95.992004,60.99838
fish3,top,624,Full_SAM,837.0,71.1069564819336,16.546903610229492,164.50966584682465,95.09741,60.328217
fish3,top,625,Full_SAM,831.5,70.21253204345703,16.54690170288086,162.7523069381714,94.66669,59.473724
fish3,top,626,Full_SAM,856.5,72.44860076904297,16.994115829467773,167.58073341846466,94.87207,57.924667
fish3,top,627,Full_SAM,872.0,76.47352600097656,16.994115829467773,176.9949470758438,93.290955,58.0728
fish3,top,628,Full_SAM,856.0,73.34302520751953,16.54690170288086,170.9949473142624,93.21307,58.938995
fish3,top,629,Full_SAM,863.0,72.62590789794922,16.83963394165039,168.9949471950531,94.808044,58.07057
fish3,top,630,Full_SAM,898.5,78.4117660522461,17.294116973876953,181.7228696346283,95.05762,57.772278
fish3,top,631,Full_SAM,904.0,78.90376281738281,16.864408493041992,183.48022866249084,95.25568,59.67325
fish3,top,632,Full_SAM,903.0,77.17500305175781,17.318485260009766,177.13708245754242,94.321106,59.96033
fish3,top,633,Full_SAM,1031.0,91.46075439453125,18.27619171142578,210.9360717535019,93.773926,61.434025
fish3,top,634,Full_SAM,985.5,85.06329345703125,18.178850173950195,193.86500549316406,93.3584,62.552246
fish3,top,635,Full_SAM,963.5,81.78226470947266,17.483144760131836,187.03657829761505,92.5954,64.263916
fish3,top,636,Full_SAM,965.5,82.65032958984375,16.91835594177246,187.86500430107117,92.32811,65.91925
fish3,top,637,Full_SAM,798.5,64.88523864746094,16.87322998046875,153.23758959770203,92.47119,67.17053
fish3,top,638,Full_SAM,717.0,55.100337982177734,16.59518051147461,129.33809351921082,92.80768,68.06256
fish3,top,639,Full_SAM,692.0,54.415672302246094,16.00461196899414,127.33809411525726,92.53075,67.51364
fish3,top,640,Full_SAM,864.5,75.91600036621094,16.569122314453125,172.2081503868103,91.147095,66.35788
fish3,top,641,Full_SAM,759.5,64.53345489501953,16.650760650634766,148.40916216373444,90.4787,66.03757
fish3,top,642,Full_SAM,741.0,62.22539520263672,16.970561981201172,144.16652059555054,90.30565,66.604126
fish3,top,643,Full_SAM,729.5,62.15715789794922,16.86676788330078,143.58073329925537,89.20795,66.54259
fish3,top,644,Full_SAM,724.0,61.30634689331055,17.014925003051758,140.99494791030884,88.67348,66.58533
fish3,top,645,Full_SAM,669.5,53.03300476074219,16.970561981201172,125.09545254707336,88.37781,66.83052
fish3,top,646,Full_SAM,664.5,50.91168975830078,16.970561981201172,121.43859803676605,88.99805,67.070694
fish3,top,647,Full_SAM,701.0,55.86143493652344,16.263456344604492,130.16652154922485,88.36243,73.348145
fish3,top,648,Full_SAM,730.5,57.37898635864258,16.884084701538086,134.7523066997528,87.92938,73.90022
fish3,top,649,Full_SAM,733.0,56.56854248046875,16.263456344604492,132.1665209531784,87.305786,73.6933
fish3,top,650,Full_SAM,876.0,69.35391998291016,17.63027000427246,158.79393637180328,87.61133,72.85896
fish3,top,651,Full_SAM,886.5,70.02964782714844,17.630268096923828,160.2081516981125,86.91443,72.542496
fish3,top,652,Full_SAM,927.5,73.53910827636719,16.970561981201172,166.69343316555023,87.525635,72.57143
fish3,top,653,Full_SAM,869.5,68.58935546875,16.26345443725586,156.20815241336823,86.92767,73.51172
fish3,top,654,Full_SAM,785.0,61.51828384399414,16.263456344604492,141.4802302122116,85.27466,73.38907
fish3,top,655,Full_SAM,770.0,59.73577880859375,16.462615966796875,137.82337546348572,86.30615,74.35188
fish3,top,656,Full_SAM,736.5,58.36968994140625,16.38344383239746,135.5807353258133,86.333496,74.62488
fish3,top,657,Full_SAM,703.0,56.19303512573242,16.426799774169922,131.33809351921082,85.525024,74.90625
fish3,top,658,Full_SAM,686.0,54.8834114074707,16.378250122070312,128.50966584682465,83.841064,75.78641
fish3,top,659,Full_SAM,660.0,54.348472595214844,15.929723739624023,126.50966835021973,83.20923,76.26749
fish3,top,660,Full_SAM,659.0,53.80000686645508,16.200000762939453,126.85281229019165,82.20032,77.114105
fish3,top,661,Full_SAM,648.0,52.171775817871094,16.48671531677246,124.02438545227051,81.19,77.578156
fish3,top,662,Full_SAM,656.5,53.20000076293945,16.200000762939453,125.43859899044037,81.626465,78.30635
fish3,top,663,Full_SAM,654.5,53.20000076293945,15.800002098083496,125.43859887123108,80.74597,78.621735
fish3,top,664,Full_SAM,649.0,52.535770416259766,16.225570678710938,125.19595777988434,80.50159,79.96025
fish3,top,665,Full_SAM,602.0,46.478946685791016,15.988396644592285,113.53910338878632,80.10303,81.69627
fish3,top,666,Full_SAM,689.0,54.31507873535156,17.040023803710938,129.19595777988434,79.02783,82.56775
fish4,front,311,FastSAM,12743.0,147.55026245117188,108.16654968261719,455.0437172651291,150.90308,138.49347
fish4,front,312,FastSAM,12798.0,146.1634979248047,109.55328369140625,451.7300102710724,150.47696,136.60718
fish4,front,313,FastSAM,12858.5,145.94261169433594,110.72408294677734,451.14422476291656,150.95609,136.21063
fish4,front,314,FastSAM,12952.5,145.74424743652344,111.72998046875,457.9726496934891,151.45657,137.83734
fish4,front,315,FastSAM,12974.0,144.05535888671875,113.18404388427734,455.38686430454254,151.86926,139.22028
fish4,front,316,FastSAM,13138.0,144.2357177734375,114.27278900146484,454.0731565952301,150.9385,139.94855
fish4,front,317,FastSAM,13087.5,142.35768127441406,115.00975799560547,453.4873677492142,150.28644,141.13245
fish4,front,318,FastSAM,13101.0,142.35768127441406,116.06975555419922,452.4163010120392,150.3407,141.33429
fish4,front,319,FastSAM,13233.5,142.61190795898438,117.04460906982422,451.34523236751556,150.11713,142.38605
fish4,front,320,FastSAM,13132.5,142.01437377929688,116.93597412109375,453.8305150270462,150.45264,142.27325
fish4,front,321,FastSAM,13328.5,142.0584259033203,118.12492370605469,457.1442233324051,150.94043,142.9851
fish4,front,322,FastSAM,13254.0,141.8458709716797,117.14777374267578,456.5584383010864,151.76987,144.05841
fish4,front,323,FastSAM,13416.5,143.9476776123047,117.12975311279297,458.80107629299164,151.39148,144.84874
fish4,front,324,FastSAM,13378.0,143.20132446289062,117.1335220336914,457.7300100326538,151.43356,144.54466
fish4,front,325,FastSAM,13434.0,143.2839813232422,117.74190521240234,457.38686311244965,151.262,144.03345
fish4,front,326,FastSAM,13470.0,143.82826232910156,117.9397964477539,458.5584360361099,151.34695,144.24554
fish4,front,327,FastSAM,13374.5,142.99371337890625,118.50774383544922,458.31579554080963,151.34967,143.97278
fish4,front,328,FastSAM,13246.0,141.40370178222656,118.2957534790039,452.41630029678345,151.4635,143.20184
fish4,front,329,FastSAM,13131.0,140.40716552734375,118.11119842529297,449.93101930618286,151.47931,142.33392
fish4,front,330,FastSAM,13219.0,140.19606018066406,118.3805160522461,451.5878735780716,151.3594,141.38622
fish4,front,331,FastSAM,13090.5,139.5244598388672,118.83467864990234,448.51680624485016,150.14706,140.43544
fish4,front,332,FastSAM,13164.5,137.9239959716797,119.85552215576172,449.00208699703217,150.89764,140.24133
fish4,front,333,FastSAM,13083.0,137.50001525878906,120.53520202636719,447.93101966381073,151.28394,140.88947
fish4,front,334,FastSAM,13039.0,136.61961364746094,121.35607147216797,445.10259330272675,151.46954,141.5951
fish4,front,335,FastSAM,13096.0,135.57373046875,122.42977142333984,446.75944685935974,150.16171,142.56451
fish4,front,336,FastSAM,13059.0,134.71484375,123.76033782958984,445.93102169036865,150.80627,142.56458
fish4,front,337,FastSAM,12972.0,133.27061462402344,123.4608383178711,445.93102037906647,150.9325,142.11449
fish4,front,338,FastSAM,13116.5,133.59739685058594,124.33647155761719,448.5168055295944,150.725,142.46222
fish4,front,339,FastSAM,13065.0,131.65428161621094,124.45612335205078,449.93102073669434,149.38629,141.1712
fish4,front,340,FastSAM,12948.0,130.85342407226562,125.0224609375,447.93101954460144,149.06036,140.72984
fish4,front,341,FastSAM,12759.5,128.3502960205078,124.32537841796875,444.5168060064316,149.4891,141.6961
fish4,front,342,FastSAM,12603.5,126.37844848632812,125.34346008300781,443.3452332019806,147.98407,140.99706
fish4,front,343,FastSAM,12463.0,126.56144714355469,124.32537841796875,441.1025927066803,145.36694,140.14276
fish4,front,344,FastSAM,12269.0,126.11422729492188,121.64208984375,437.93101930618286,143.20486,139.79152
fish4,front,345,FastSAM,11964.5,126.11422729492188,119.40602111816406,435.8305138349533,140.16644,138.93556
fish4,front,346,FastSAM,11785.5,127.33538055419922,118.9135513305664,427.20309841632843,139.00537,138.80017
fish4,front,347,FastSAM,11548.0,127.251953125,116.44754028320312,422.6173130273819,137.72171,137.41528
fish4,front,348,FastSAM,11419.5,127.42344665527344,114.21805572509766,422.0315252542496,137.23315,136.45436
fish4,front,349,FastSAM,11400.0,127.89324951171875,113.01587677001953,423.1025927066803,137.77481,136.36139
fish4,front,350,FastSAM,11344.0,127.90308380126953,110.90896606445312,429.93101954460144,132.84796,134.16315
fish4,front,351,FastSAM,11271.0,128.38626098632812,111.5368423461914,423.44573998451233,131.54758,133.70319
fish4,front,352,FastSAM,11145.5,129.3529510498047,110.29411315917969,421.20309841632843,130.96625,133.26062
fish4,front,353,FastSAM,11199.0,129.7914276123047,109.86012268066406,423.93101966381073,128.76987,133.73302
fish4,front,354,FastSAM,11569.0,133.1298370361328,110.21810150146484,441.3036037683487,128.3292,134.53624
fish4,front,355,FastSAM,11664.0,133.7705078125,113.07464599609375,444.2741650342941,128.24988,134.81212
fish4,front,356,FastSAM,11403.0,130.4723663330078,109.65283203125,424.61731231212616,128.52747,135.62817
fish4,front,357,FastSAM,11156.5,129.24514770507812,109.55328369140625,416.2325360774994,128.51083,136.40538
fish4,front,358,FastSAM,11140.0,128.69044494628906,109.27593994140625,414.4751752614975,130.14862,137.65314
fish4,front,359,FastSAM,11073.5,128.3502960205078,109.1201171875,415.0609624385834,131.1619,136.54173
fish4,front,360,FastSAM,11020.0,127.43269348144531,108.58975219726562,415.44573950767517,132.5433,136.89867
fish4,front,361,FastSAM,10916.5,127.42344665527344,110.10208129882812,414.37467086315155,132.91406,136.95056
fish4,front,362,FastSAM,10944.0,126.90714263916016,110.88530731201172,414.2741665840149,134.0116,137.60304
fish4,front,363,FastSAM,10918.0,126.28826141357422,110.85243225097656,412.2741668224335,133.88055,139.58588
fish4,front,364,FastSAM,10585.5,125.83030700683594,109.18223571777344,407.40410900115967,132.13287,137.80609
fish4,front,365,FastSAM,10550.5,125.63873291015625,109.29042053222656,406.2325346469879,131.00128,137.46411
fish4,front,366,FastSAM,10470.0,125.25419616699219,108.7817611694336,404.4751752614975,130.4638,137.06972
fish4,front,367,FastSAM,10422.5,125.34346008300781,108.07536315917969,404.7178169488907,130.5021,136.37292
fish4,front,368,FastSAM,10388.0,125.34346008300781,106.82247924804688,402.9604580402374,129.26294,136.63466
fish4,front,369,FastSAM,10569.0,125.53006744384766,108.40895080566406,408.6173120737076,127.71469,137.22852
fish4,front,370,FastSAM,10501.0,125.1987075805664,108.92403411865234,405.3036034107208,128.89832,136.40936
fish4,front,371,FastSAM,10637.0,125.291748046875,109.60379791259766,406.96045649051666,128.96027,136.56677
fish4,front,372,FastSAM,10676.0,125.16261291503906,109.92705535888672,408.96045792102814,129.64227,137.29701
fish4,front,373,FastSAM,10768.0,125.39910125732422,111.25914764404297,410.9604570865631,130.63956,137.31642
fish4,front,374,FastSAM,10850.5,125.19396209716797,112.67456817626953,413.5462443828583,131.60846,137.60498
fish4,front,375,FastSAM,10964.0,125.39299011230469,113.05767059326172,414.617312669754,131.86694,136.961
fish4,front,376,FastSAM,11057.5,125.89311218261719,114.18093872070312,420.0315251350403,132.20175,136.657
fish4,front,377,FastSAM,11132.0,125.89311218261719,114.43445587158203,418.6173117160797,132.7666,137.06818
fish4,front,378,FastSAM,11169.5,125.36546325683594,114.21806335449219,419.20309829711914,133.11588,137.80627
fish4,front,379,FastSAM,11188.5,125.71685791015625,114.2923583984375,417.3452352285385,133.96262,138.22339
fish4,front,380,FastSAM,11185.5,125.71685791015625,114.86121368408203,418.1736605167389,133.82593,139.09027
fish4,front,381,FastSAM,11192.0,124.86750030517578,113.8950424194336,416.4163028001785,135.2655,140.50136
fish4,front,382,FastSAM,11184.5,125.15092468261719,115.0692138671875,416.1736614704132,134.14551,139.48743
fish4,front,383,FastSAM,11174.5,125.21542358398438,114.70069885253906,417.00208854675293,133.48645,140.09766
fish4,front,384,FastSAM,10991.0,125.21542358398438,114.64060974121094,414.61731231212616,132.86932,139.4668
fish4,front,385,FastSAM,10894.5,124.25407409667969,114.64060974121094,417.2030985355377,131.93524,140.53656
fish4,front,386,FastSAM,10857.5,124.25407409667969,115.4817886352539,418.3746713399887,131.38162,139.53857
fish4,front,387,FastSAM,10955.0,125.64717102050781,115.35228729248047,417.3036040067673,131.5268,139.67677
fish4,front,388,FastSAM,11105.0,124.53020477294922,116.76438903808594,417.7888832092285,131.44739,140.09227
fish4,front,389,FastSAM,11217.5,124.80755615234375,118.4284896850586,418.03152537345886,132.71237,139.71838
fish4,front,390,FastSAM,11433.0,124.96621704101562,121.0137939453125,425.10259425640106,133.05875,140.24188
fish4,front,391,FastSAM,11419.5,126.51541900634766,119.81754302978516,422.51680541038513,134.25256,140.0857
fish4,front,392,FastSAM,11470.0,124.8490219116211,120.74993896484375,423.10259342193604,134.419,139.30653
fish4,front,393,FastSAM,11671.5,126.03971862792969,122.72856903076172,425.2030979394913,135.21317,140.00084
fish4,front,394,FastSAM,11734.5,125.39567565917969,124.0738296508789,426.3746703863144,135.79218,140.42212
fish4,front,395,FastSAM,11889.5,125.39227294921875,124.35516357421875,427.2030985355377,137.03857,139.90509
fish4,front,396,FastSAM,11996.0,125.39567565917969,125.15534210205078,431.1025929450989,137.23788,139.68996
fish4,front,397,FastSAM,12023.0,126.37300109863281,124.53865814208984,428.9604583978653,138.74677,140.3985
fish4,front,398,FastSAM,12219.5,126.56372833251953,124.86772918701172,432.0315252542496,139.1589,141.33978
fish4,front,399,FastSAM,12202.0,126.98773193359375,124.33773803710938,432.2741655111313,140.09283,141.64221
fish4,front,400,FastSAM,12521.0,128.16958618164062,124.7574234008789,440.0731576681137,139.46457,140.41754
fish4,front,401,FastSAM,12511.5,128.18670654296875,124.67757415771484,441.48736917972565,140.26343,141.51073
fish4,front,402,FastSAM,12489.0,128.10943603515625,123.82197570800781,442.41630148887634,140.45209,141.55426
fish4,front,403,FastSAM,12470.5,128.75074768066406,122.77777099609375,445.4873684644699,140.77121,141.95201
fish4,front,404,FastSAM,12603.0,130.1010284423828,122.94026184082031,445.2447292804718,140.52509,141.51178
fish4,front,405,FastSAM,12828.5,131.40676879882812,122.32890319824219,453.8305138349533,139.41956,141.34593
fish4,front,406,FastSAM,12703.5,132.25225830078125,121.48341369628906,446.1736602783203,140.93784,141.87164
fish4,front,407,FastSAM,12685.5,132.3968963623047,121.93549346923828,445.0020866394043,142.27966,141.79468
fish4,front,408,FastSAM,12833.5,134.6263885498047,121.93549346923828,448.6589413881302,144.23874,142.5598
fish4,front,409,FastSAM,13090.5,136.10372924804688,122.21776580810547,448.6589411497116,145.4143,142.74474
fish4,front,410,FastSAM,13226.0,137.16372680664062,122.74775695800781,450.41630041599274,145.60034,143.25311
fish4,front,411,FastSAM,13324.5,137.65284729003906,122.69188690185547,450.17366003990173,146.29663,143.32819
fish4,front,412,FastSAM,13480.5,139.0347900390625,122.69188690185547,455.0020877122879,147.15137,143.9292
fish4,front,413,FastSAM,13567.5,140.7856903076172,120.6734390258789,461.9726514816284,147.9115,143.71307
fish4,front,414,FastSAM,13646.5,142.68826293945312,120.59493255615234,462.3157956600189,147.55179,143.63788
fish4,front,415,FastSAM,13698.0,142.8717041015625,123.01260375976562,464.90158319473267,149.45087,141.86859
fish4,front,416,FastSAM,13884.0,143.2189178466797,124.0147476196289,472.55843698978424,150.53372,141.52419
fish4,front,417,FastSAM,13978.0,144.03082275390625,122.87376403808594,477.38686442375183,152.80878,142.59483
fish4,front,418,FastSAM,13814.5,144.18067932128906,120.13031768798828,477.1442230939865,151.07397,140.62709
fish4,front,419,FastSAM,13774.5,143.31280517578125,120.17700958251953,480.3157945871353,150.98279,140.53345
fish4,front,420,FastSAM,13571.0,143.20130920410156,120.22050476074219,478.5584365129471,150.67749,139.68102
fish4,front,421,FastSAM,13683.5,144.72628784179688,120.26011657714844,478.315794467926,150.96674,139.2394
fish4,front,422,FastSAM,13625.0,144.58497619628906,119.57962799072266,476.70057344436646,151.45068,138.70103
fish4,front,423,FastSAM,13445.5,144.58822631835938,117.4117660522461,467.14422369003296,151.2315,137.12718
fish4,front,424,FastSAM,13685.0,145.571044921875,116.83992004394531,477.7300103902817,152.31128,138.22888
fish4,front,425,FastSAM,13569.5,146.48545837402344,116.4873046875,464.3157979249954,152.27612,139.46393
fish4,front,426,FastSAM,13371.0,145.98960876464844,116.31477355957031,461.2447303533554,151.64069,139.76404
fish4,front,427,FastSAM,13388.0,146.45314025878906,115.56690216064453,463.73001062870026,152.61157,140.57104
fish4,front,428,FastSAM,13110.5,145.9662628173828,114.43128204345703,456.6589424610138,153.28656,139.96948
fish4,front,429,FastSAM,13476.0,147.47250366210938,115.20650482177734,466.21529018878937,152.64706,140.16591
fish4,front,430,FastSAM,13254.5,147.5492706298828,115.160400390625,459.00208699703217,151.91461,139.75885
fish4,top,311,Full_SAM,1363.0,69.83043670654297,27.404598236083984,176.02438509464264,47.03717,62.280243
fish4,top,312,Full_SAM,1354.0,70.68181610107422,27.064571380615234,175.19595801830292,46.149933,61.51873
fish4,top,313,Full_SAM,1383.0,73.0769271850586,27.000001907348633,179.19595801830292,45.5235,62.142303
fish4,top,314,Full_SAM,1388.0,74.23624420166016,27.64203643798828,188.02438533306122,45.15985,63.12403
fish4,top,315,Full_SAM,1383.0,76.5877456665039,26.047863006591797,185.19595801830292,44.66516,64.48883
fish4,top,316,Full_SAM,1392.0,76.27737426757812,26.335403442382812,184.3675308227539,43.78119,66.53702
fish4,top,317,Full_SAM,1383.5,76.72189331054688,26.34022331237793,184.95331740379333,42.71515,66.91448
fish4,top,318,Full_SAM,1359.5,76.0034408569336,26.325000762939453,185.78174459934235,42.31128,67.47092
fish4,top,319,Full_SAM,1306.0,73.22738647460938,25.43842887878418,178.71067667007446,41.041656,67.711914
fish4,top,320,Full_SAM,1258.0,71.83406829833984,24.531949996948242,172.2253955602646,40.741547,67.49289
fish4,top,321,Full_SAM,1247.0,71.7905502319336,24.981168746948242,173.39696848392487,40.543427,68.868164
fish4,top,322,Full_SAM,1240.0,73.32203674316406,25.259267807006836,180.22539567947388,39.41107,69.41724
fish4,top,323,Full_SAM,1228.5,73.07737731933594,24.10062026977539,180.46803629398346,38.368835,70.088196
fish4,top,324,Full_SAM,1248.0,75.26219940185547,24.349536895751953,187.0538226366043,38.424194,71.3244
fish4,top,325,Full_SAM,1207.5,72.79480743408203,23.658309936523438,175.982754945755,38.336304,71.09344
fish4,top,326,Full_SAM,1247.0,74.41747283935547,23.792715072631836,184.2253955602646,38.41089,72.46655
fish4,top,327,Full_SAM,1211.5,72.73237609863281,24.033308029174805,178.81118214130402,38.4635,71.96695
fish4,top,328,Full_SAM,1191.0,72.79480743408203,23.56252670288086,174.56854140758514,38.80609,70.70777
fish4,top,329,Full_SAM,1193.0,72.79185485839844,23.548599243164062,176.56854152679443,38.54706,70.49762
fish4,top,330,Full_SAM,1167.5,72.53269958496094,22.978919982910156,173.9827550649643,38.836945,72.64227
fish4,top,331,Full_SAM,1295.0,82.31416320800781,23.920024871826172,204.2253955602646,38.74994,74.40222
fish4,top,332,Full_SAM,1223.5,74.46222686767578,23.680566787719727,184.81118202209473,37.920227,73.753876
fish4,top,333,Full_SAM,1250.5,80.1653823852539,23.667875289916992,199.63960886001587,37.980347,75.17152
fish4,top,334,Full_SAM,1140.0,71.37012481689453,22.994630813598633,171.74011421203613,37.39218,73.24531
fish4,top,335,Full_SAM,1195.5,77.85810089111328,23.337820053100586,189.982754945755,37.191254,74.611694
fish4,top,336,Full_SAM,1164.0,78.02961730957031,22.30245018005371,186.911687374115,36.813873,74.35477
fish4,top,337,Full_SAM,1114.0,77.02556610107422,22.450286865234375,186.56854140758514,36.437256,73.50421
fish4,top,338,Full_SAM,1089.0,77.96466827392578,22.528032302856445,185.7401144504547,36.095154,72.19058
fish4,top,339,Full_SAM,1056.5,78.0867691040039,21.730350494384766,183.98275470733643,35.835815,71.86676
fish4,top,340,Full_SAM,1058.5,83.0,21.0,192.32590067386627,36.167603,72.47358
fish4,top,341,Full_SAM,1078.5,84.0,21.0,194.32590079307556,35.664062,73.47248
fish4,top,342,Full_SAM,1080.5,84.0,20.0,196.32590079307556,35.037598,77.458374
fish4,top,343,Full_SAM,1076.5,82.0,21.0,195.98275482654572,35.22638,78.741394
fish4,top,344,Full_SAM,1085.5,83.0,21.0,194.32590079307556,35.386017,78.29864
fish4,top,345,Full_SAM,1061.5,81.03638458251953,20.846317291259766,189.154327750206,35.32135,80.183235
fish4,top,346,Full_SAM,1070.0,80.0,21.0,187.74011433124542,35.346375,79.32944
fish4,top,347,Full_SAM,1056.0,78.98112487792969,21.727148056030273,184.9116872549057,35.20822,80.049286
fish4,top,348,Full_SAM,1045.5,79.0,20.0,182.81118190288544,34.954346,78.84323
fish4,top,349,Full_SAM,1066.5,79.95243835449219,20.87156105041504,184.81118202209473,35.59845,78.87076
fish4,top,350,Full_SAM,1049.5,78.0,22.0,183.9827550649643,35.236694,83.035065
fish4,top,351,Full_SAM,1057.0,83.15495300292969,20.87156105041504,194.2253955602646,34.96875,83.34677
fish4,top,352,Full_SAM,1067.0,83.0,21.0,192.22539567947388,35.4917,82.968864
fish4,top,353,Full_SAM,1000.0,74.43476867675781,21.08652114868164,176.56854152679443,35.47174,82.91821
fish4,top,354,Full_SAM,963.0,72.56031799316406,20.465730667114258,172.56854140758514,35.260498,82.227875
fish4,top,355,Full_SAM,947.5,72.69058227539062,19.79899024963379,170.32590079307556,34.800964,83.03665
fish4,top,356,Full_SAM,1004.0,83.6488037109375,20.02467918395996,197.88224971294403,35.12259,83.79056
fish4,top,357,Full_SAM,993.5,83.72615814208984,20.024391174316406,196.46803629398346,35.165955,84.44861
fish4,top,358,Full_SAM,1006.0,83.15495300292969,19.435951232910156,195.88224983215332,35.359497,84.16293
fish4,top,359,Full_SAM,1029.5,84.84967803955078,19.19778060913086,196.46803641319275,35.01184,84.31396
fish4,top,360,Full_SAM,1033.5,84.99427032470703,19.070283889770508,197.63960909843445,35.33008,83.91327
fish4,top,361,Full_SAM,1022.0,83.8434829711914,18.741485595703125,195.0538227558136,35.451416,83.77161
fish4,top,362,Full_SAM,1038.0,84.47734069824219,19.202056884765625,199.53910374641418,35.214172,82.56921
fish4,top,363,Full_SAM,1000.0,82.52828979492188,19.234682083129883,193.88224983215332,35.12625,82.1929
fish4,top,364,Full_SAM,979.0,81.706298828125,18.9058837890625,190.71067678928375,35.218933,83.16571
fish4,top,365,Full_SAM,962.5,81.0484390258789,19.258691787719727,191.78174436092377,34.587646,81.10843
fish4,top,366,Full_SAM,939.0,79.4636459350586,19.86160659790039,189.19595777988434,34.953735,79.84433
fish4,top,367,Full_SAM,923.5,80.36688232421875,19.754045486450195,191.09545278549194,35.654114,81.16394
fish4,top,368,Full_SAM,917.0,81.13198852539062,20.499929428100586,193.68123936653137,36.51288,78.67663
fish4,top,369,Full_SAM,895.5,81.47692108154297,20.076921463012695,193.92387986183167,37.913574,79.66095
fish4,top,370,Full_SAM,865.5,82.75619506835938,19.348093032836914,194.7523069381714,38.757233,79.11316
fish4,top,371,Full_SAM,833.5,82.301513671875,18.245521545410156,198.40916097164154,39.722717,76.49358
fish4,top,372,Full_SAM,728.5,65.29318237304688,16.099689483642578,150.6101713180542,40.245544,74.3443
fish4,top,373,Full_SAM,694.0,63.05711364746094,16.099689483642578,144.85281252861023,41.75772,74.530525
fish4,top,374,Full_SAM,688.0,63.454471588134766,15.949368476867676,145.68123996257782,44.53369,73.87329
fish4,top,375,Full_SAM,664.5,63.13367462158203,15.256270408630371,145.09545278549194,45.57007,72.87671
fish4,top,376,Full_SAM,647.5,61.373878479003906,15.58197021484375,142.26702547073364,47.239594,73.44028
fish4,top,377,Full_SAM,667.5,64.39875793457031,15.652474403381348,147.92387986183167,47.73935,73.39316
fish4,top,378,Full_SAM,650.5,62.76156997680664,15.380305290222168,143.92388010025024,48.458984,73.66754
fish4,top,379,Full_SAM,655.0,63.599876403808594,15.58197021484375,146.50966656208038,48.90164,73.690186
fish4,top,380,Full_SAM,664.5,63.599876403808594,15.58197021484375,147.92387998104095,49.023193,73.42044
fish4,top,381,Full_SAM,674.5,64.12987518310547,15.899969100952148,147.92388021945953,49.078552,73.118355
fish4,top,382,Full_SAM,681.5,64.10486602783203,15.929086685180664,147.92387974262238,49.479004,73.14011
fish4,top,383,Full_SAM,687.5,64.65496826171875,15.777870178222656,147.9238793849945,49.351532,72.61319
fish4,top,384,Full_SAM,682.5,64.65496826171875,15.777870178222656,147.58073341846466,48.567017,71.66125
fish4,top,385,Full_SAM,696.0,64.34187316894531,16.00596809387207,146.99494755268097,47.58844,70.870056
fish4,top,386,Full_SAM,713.5,64.86618041992188,16.042173385620117,146.4091626405716,47.87677,70.155914
fish4,top,387,Full_SAM,724.5,65.28063201904297,16.554418563842773,150.4091602563858,48.795868,69.46955
fish4,top,388,Full_SAM,712.5,64.97067260742188,15.944389343261719,147.237588763237,49.667114,68.35438
fish4,top,389,Full_SAM,707.0,63.639610290527344,16.263456344604492,145.8233745098114,50.86261,68.36432
fish4,top,390,Full_SAM,710.5,64.34671783447266,16.26345443725586,147.23758792877197,51.835144,68.01849
fish4,top,391,Full_SAM,594.0,52.32590103149414,15.55634880065918,122.02438461780548,54.447052,68.16998
fish4,top,392,Full_SAM,595.5,52.32590103149414,16.26345443725586,122.61017107963562,55.509705,68.15479
fish4,top,393,Full_SAM,587.5,50.91168975830078,16.263456344604492,120.95331704616547,56.723785,65.6626
fish4,top,394,Full_SAM,598.5,51.61880111694336,16.263460159301758,120.6101713180542,57.292633,65.349884
fish4,top,395,Full_SAM,592.5,51.52098846435547,16.269784927368164,120.61017191410065,58.4339,65.55115
fish4,top,396,Full_SAM,597.5,51.61879348754883,16.26345443725586,121.78174448013306,58.881287,65.10279
fish4,top,397,Full_SAM,596.0,50.756473541259766,16.398244857788086,121.53910410404205,57.82556,67.013115
fish4,top,398,Full_SAM,594.0,50.978660583496094,16.052854537963867,121.5391036272049,59.191437,64.36301
fish4,top,399,Full_SAM,581.0,49.641475677490234,16.050161361694336,118.71067690849304,57.964172,65.66241
fish4,top,400,Full_SAM,583.5,52.419166564941406,15.808955192565918,123.78174483776093,55.631653,66.03942
fish4,top,401,Full_SAM,577.0,51.381019592285156,16.12334442138672,123.53910326957703,56.75827,66.260345
fish4,top,402,Full_SAM,586.5,52.15098571777344,16.254850387573242,126.95331740379333,56.922607,66.05163
fish4,top,403,Full_SAM,579.5,51.647056579589844,15.352941513061523,124.12489020824432,58.05609,65.46014
fish4,top,404,Full_SAM,590.0,52.32398986816406,15.652474403381348,125.53910410404205,58.733643,65.48486
fish4,top,405,Full_SAM,599.0,53.21841049194336,16.099689483642578,126.36753118038177,59.087708,65.266106
fish4,top,406,Full_SAM,580.5,50.72868728637695,16.458038330078125,121.29646360874176,59.649353,65.64191
fish4,top,407,Full_SAM,582.5,50.535133361816406,16.54690170288086,121.29646289348602,60.14325,65.87257
fish4,top,408,Full_SAM,572.5,50.087921142578125,15.652474403381348,119.29646265506744,60.96875,64.96557
fish4,top,409,Full_SAM,570.5,50.53513717651367,15.205260276794434,119.2964631319046,61.882446,63.60681
fish4,top,410,Full_SAM,567.0,51.876773834228516,14.310833930969238,123.88224947452545,62.570404,62.3851
fish4,top,411,Full_SAM,557.0,50.53513717651367,14.310833930969238,121.0538227558136,64.36127,60.243713
fish4,top,412,Full_SAM,543.0,49.64070510864258,14.758047103881836,119.05382227897644,66.30646,60.633484
fish4,top,413,Full_SAM,554.0,49.64070510864258,15.205260276794434,119.05382239818573,67.025635,60.89727
fish4,top,414,Full_SAM,553.0,49.80062484741211,15.083843231201172,119.05382227897644,65.32263,63.04358
fish4,top,415,Full_SAM,571.0,51.278076171875,15.263374328613281,121.88224947452545,64.946594,63.36621
fish4,top,416,Full_SAM,579.0,51.1867561340332,15.44344425201416,121.88224935531616,65.14032,63.347565
fish4,top,417,Full_SAM,592.0,52.54656219482422,15.44344425201416,124.71067678928375,65.60156,62.432137
fish4,top,418,Full_SAM,615.0,54.915313720703125,15.808955192565918,129.53910398483276,64.74466,62.76178
fish4,top,419,Full_SAM,637.0,56.10551071166992,15.961738586425781,132.3675309419632,65.95856,62.90329
fish4,top,420,Full_SAM,623.5,55.26616668701172,15.540572166442871,130.95331704616547,68.224365,56.701385
fish4,top,421,Full_SAM,694.5,62.162689208984375,15.652474403381348,146.26702570915222,67.1355,60.77643
fish4,top,422,Full_SAM,715.0,64.74613189697266,15.504340171813965,150.50966620445251,68.02609,55.9776
fish4,top,423,Full_SAM,765.5,70.79031372070312,15.722312927246094,160.40916109085083,68.2962,49.57312
fish4,top,424,Full_SAM,747.5,70.31145477294922,15.403078079223633,159.5807341337204,70.21411,48.33484
fish4,top,425,Full_SAM,754.0,70.30223083496094,15.713022232055664,160.99494743347168,71.93851,47.063873
fish4,top,426,Full_SAM,744.0,69.3375244140625,16.086305618286133,158.99494743347168,70.58142,46.011963
fish4,top,427,Full_SAM,743.5,70.1695785522461,16.36365509033203,160.40916085243225,70.7287,46.20697
fish4,top,428,Full_SAM,730.0,69.97142028808594,15.4348726272583,159.8233743906021,69.36603,46.076538
fish4,top,429,Full_SAM,725.0,69.97142028808594,15.4348726272583,159.82337379455566,67.50983,45.73986
fish4,top,430,Full_SAM,707.0,69.4000015258789,15.200002670288086,157.82337498664856,67.03143,46.37568
fish5,front,1874,FastSAM,5184.5,96.00288391113281,69.9555892944336,280.0071405172348,107.6062,89.2887
fish5,front,1875,FastSAM,5278.0,97.04737091064453,69.83260345458984,283.90663492679596,109.00708,89.65698
fish5,front,1876,FastSAM,5160.5,95.0588607788086,69.7688217163086,278.6934312582016,103.19299,89.97565
fish5,front,1877,FastSAM,5116.0,93.74380493164062,73.74763488769531,278.9360727071762,100.51172,88.71973
fish5,front,1878,FastSAM,5171.0,90.0,75.0,277.2792184352875,105.20169,87.95038
fish5,front,1879,FastSAM,5223.5,93.0,71.0,277.03657960891724,103.06543,88.500854
fish5,front,1880,FastSAM,5281.5,93.0,71.0,280.5512959957123,102.203125,87.740845
fish5,front,1881,FastSAM,5338.5,92.0,75.0,280.6934312582016,100.80496,87.59863
fish5,front,1882,FastSAM,5352.0,92.0,75.0,283.6223636865616,102.84375,89.144714
fish5,front,1883,FastSAM,5323.5,91.0,75.0,281.03657627105713,102.37244,90.480835
fish5,front,1884,FastSAM,5313.0,93.99998474121094,71.99998474121094,282.7939374446869,105.22571,90.38568
fish5,front,1885,FastSAM,5230.5,94.0,71.0,280.20815193653107,104.80832,88.87915
fish5,front,1886,FastSAM,5379.0,97.0,72.0,286.4507910013199,105.77783,87.99072
fish5,front,1887,FastSAM,5402.5,93.99998474121094,70.99998474121094,282.5512968301773,103.86597,88.10901
fish5,front,1888,FastSAM,5436.5,93.0,75.0,286.2081506252289,104.140015,89.13959
fish5,front,1889,FastSAM,5471.5,95.0,75.0,287.86500430107117,105.57153,88.622375
fish5,front,1890,FastSAM,5437.5,93.0,75.0,285.0365780591965,103.856476,89.892944
fish5,front,1891,FastSAM,5440.0,97.0,71.0,283.27921772003174,104.01169,89.907715
fish5,front,1892,FastSAM,5408.5,95.0,75.0,284.3502870798111,104.140015,90.41644
fish5,front,1893,FastSAM,5480.0,96.0,75.0,286.9360725879669,106.59299,89.92554
fish5,front,1894,FastSAM,5554.5,97.0,75.0,288.35028636455536,106.36838,90.2926
fish5,front,465,FastSAM,3661.5,70.72427368164062,66.00931549072266,231.23758780956268,87.1373,78.36597
fish5,front,466,FastSAM,3693.0,70.81199645996094,66.92161560058594,233.96551072597504,88.14914,78.702515
fish5,front,467,FastSAM,3591.5,69.08921813964844,67.16619873046875,230.06601572036743,87.53204,78.73041
fish5,front,468,FastSAM,3547.5,70.0,63.0,225.58073449134827,92.773346,79.03113
fish5,front,469,FastSAM,3717.0,70.29225158691406,66.70721435546875,227.96550941467285,91.19598,82.42737
fish5,front,470,FastSAM,3700.0,68.88957214355469,67.62271118164062,230.45079219341278,93.991394,83.62683
fish5,front,471,FastSAM,3698.5,69.51211547851562,67.2004165649414,231.03657841682434,92.06999,82.57825
fish5,front,472,FastSAM,3824.0,69.40426635742188,69.25721740722656,236.10764622688293,93.73282,84.53046
fish5,front,473,FastSAM,3762.5,70.00357055664062,69.29645538330078,232.20815181732178,94.80362,83.65668
fish5,front,474,FastSAM,3874.0,70.9703369140625,69.99479675292969,238.10764575004578,96.6759,84.52875
fish5,front,475,FastSAM,3765.5,75.0,63.0,230.8944435119629,93.370056,85.47681
fish5,front,476,FastSAM,3787.0,71.28190612792969,68.53172302246094,233.62236499786377,87.468506,86.58655
fish5,front,477,FastSAM,3836.0,70.93626403808594,68.65849304199219,238.1076444387436,86.640686,86.405396
fish5,front,478,FastSAM,3709.5,70.71067810058594,67.88224792480469,232.208150267601,87.53468,88.68164
fish5,front,479,FastSAM,3713.5,70.55754089355469,67.8880844116211,235.52185952663422,88.263275,88.24414
fish5,front,480,FastSAM,3718.5,79.0,62.0,233.37972342967987,91.11212,88.25885
fish5,front,481,FastSAM,3939.5,72.99710083007812,68.65849304199219,238.69343221187592,90.36328,88.63037
fish5,front,482,FastSAM,3767.5,78.0,61.0,232.89444267749786,90.79526,87.82141
fish5,front,483,FastSAM,4003.5,73.49542236328125,68.37803649902344,241.1787143945694,91.81813,89.128784
fish5,front,484,FastSAM,4171.5,74.95331573486328,69.29645538330078,244.35028421878815,93.31279,89.97839
fish5,front,485,FastSAM,4148.0,76.19999694824219,68.80000305175781,246.93607258796692,94.499054,89.952576
fish5,front,486,FastSAM,4275.5,75.49363708496094,69.69393920898438,250.00714087486267,93.546936,89.42609
fish5,front,487,FastSAM,4061.5,74.2462158203125,70.00357055664062,243.86500477790833,92.01764,88.03204
fish5,front,488,FastSAM,4080.5,74.24620819091797,70.71067810058594,244.69343090057373,88.73538,89.18976
fish5,front,489,FastSAM,4049.0,74.95331573486328,70.00357055664062,241.62236499786377,87.595764,89.31537
fish5,front,490,FastSAM,4050.5,83.0,62.0,243.37972342967987,92.355545,90.473145
fish5,front,491,FastSAM,4113.0,78.23466491699219,67.53987884521484,247.27921783924103,92.91325,90.27228
fish5,front,492,FastSAM,4274.5,83.0,67.0,251.03657817840576,96.56419,92.055786
fish5,front,493,FastSAM,4516.5,83.0,71.0,255.86500573158264,95.633224,92.18561
fish5,front,494,FastSAM,4666.0,82.30357360839844,71.68376159667969,264.24978148937225,96.29108,93.521484
fish5,front,495,FastSAM,4662.0,83.0,71.0,260.7939361333847,96.81836,93.027466
fish5,front,496,FastSAM,4860.0,83.2239761352539,74.13336181640625,268.24978041648865,97.97487,95.13049
fish5,front,497,FastSAM,4767.5,84.0,73.0,263.86500453948975,94.55661,95.14087
fish5,front,498,FastSAM,5010.0,86.9154281616211,74.48123931884766,271.27921891212463,96.79088,96.687744
fish5,front,499,FastSAM,5138.0,86.81057739257812,74.32982635498047,277.9066346883774,96.30191,96.81976
fish5,front,500,FastSAM,5139.0,87.91998291015625,75.16188049316406,276.5929251909256,95.79764,97.855286
fish5,front,501,FastSAM,5204.0,89.42919921875,75.13570404052734,283.07820749282837,96.22217,98.422485
fish5,top,1884,Full_SAM,643.0,38.11821746826172,25.398853302001953,111.5979790687561,39.972412,43.395874
fish5,top,1885,Full_SAM,817.0,44.342124938964844,27.638721466064453,121.74011480808258,62.55896,45.944824
fish5,top,1886,Full_SAM,1025.0,45.56333923339844,33.48314666748047,136.56854128837585,55.651062,47.913452
fish5,top,1887,Full_SAM,1037.5,50.087921142578125,28.174457550048828,131.63960909843445,57.112427,46.717163
fish5,top,1888,Full_SAM,872.0,43.187904357910156,27.903520584106445,120.08326017856598,59.067383,44.383972
fish5,top,1889,Full_SAM,1022.0,44.0,31.0,127.74011421203613,61.491333,42.027466
fish5,top,1892,Full_SAM,533.0,48.0,16.0,112.42640602588654,64.88049,16.143738
fish5,top,1893,Full_SAM,867.5,51.0,24.0,130.6690467596054,63.194336,28.739136
fish5,top,1894,Full_SAM,824.0,53.4601936340332,21.685869216918945,131.25483322143555,62.163086,30.628296
fish5,top,465,Full_SAM,337.5,57.48887252807617,9.963211059570312,127.49747371673584,54.579468,26.280914
fish5,top,466,Full_SAM,337.0,58.136871337890625,10.473807334899902,130.08326017856598,53.11682,25.565964
fish5,top,467,Full_SAM,329.5,57.79136276245117,10.410676956176758,127.84061968326569,53.20691,25.794327
fish5,top,468,Full_SAM,326.5,54.7158317565918,10.438246726989746,121.35533833503723,52.484375,25.457886
fish5,top,469,Full_SAM,332.0,55.56686019897461,10.685934066772461,121.94112491607666,52.533447,25.475586
fish5,top,470,Full_SAM,315.0,55.0,10.0,119.94112479686737,52.913147,25.414337
fish5,top,471,Full_SAM,328.0,58.0,10.0,125.94112491607666,53.235596,25.05069
fish5,top,472,Full_SAM,325.0,54.0,10.0,118.28427076339722,51.96692,25.52948
fish5,top,473,Full_SAM,330.5,57.0,10.0,123.69848430156708,53.302002,25.884308
fish5,top,474,Full_SAM,327.0,55.0,10.0,118.28427064418793,55.474365,26.298096
fish5,top,475,Full_SAM,335.5,53.0,10.0,114.87005722522736,56.43268,26.491287
fish5,top,476,Full_SAM,346.0,57.0,10.0,123.4558436870575,58.446594,26.088837
fish5,top,477,Full_SAM,299.0,42.0,10.0,94.62741661071777,58.965454,26.942535
fish5,top,478,Full_SAM,311.0,42.0,11.0,96.28427076339722,57.54315,27.537415
fish5,top,479,Full_SAM,315.0,43.0,11.0,98.28427076339722,59.030823,27.829285
fish5,top,480,Full_SAM,299.0,42.0,10.0,94.62741661071777,58.52661,27.429764
fish5,top,481,Full_SAM,321.5,45.0,11.0,103.69848430156708,59.787354,27.997284
fish5,top,482,Full_SAM,330.0,48.0,11.0,107.4558436870575,59.545288,28.14325
fish5,top,483,Full_SAM,346.0,48.49769973754883,11.014732360839844,108.28427076339722,62.628906,27.986053
fish5,top,484,Full_SAM,355.0,48.63679885864258,10.982503890991211,110.28427076339722,64.304565,28.717545
fish5,top,485,Full_SAM,363.5,50.357093811035156,11.034061431884766,112.87005722522736,62.673584,29.191193
fish5,top,486,Full_SAM,376.5,51.72248458862305,11.163125038146973,115.69848430156708,60.500244,30.6492
fish5,top,487,Full_SAM,381.0,51.68196105957031,11.264017105102539,115.94112491607666,59.62433,30.612976
fish5,top,488,Full_SAM,395.0,52.60874557495117,11.313708305358887,117.11269783973694,61.129272,30.462189
fish5,top,489,Full_SAM,395.0,53.53300094604492,11.442927360534668,119.94112491607666,59.90027,30.13855
fish5,top,490,Full_SAM,401.5,51.68196105957031,11.374448776245117,116.5269113779068,56.958984,30.124252
fish5,top,491,Full_SAM,401.0,52.590728759765625,11.783299446105957,117.94112491607666,58.367676,31.640793
fish5,top,492,Full_SAM,396.0,51.298160552978516,12.028790473937988,117.11269783973694,57.309143,30.299133
fish5,top,493,Full_SAM,375.0,51.419185638427734,11.30823040008545,115.94112491607666,57.355225,29.609863
fish5,top,494,Full_SAM,372.0,51.51161575317383,11.32828140258789,115.94112491607666,57.43524,29.980423
fish5,top,495,Full_SAM,360.5,50.357093811035156,11.17028522491455,114.5269113779068,58.66504,29.899109
fish5,top,496,Full_SAM,380.5,52.73697280883789,11.24392032623291,119.35533845424652,60.199585,31.191711
fish5,top,497,Full_SAM,398.0,55.878360748291016,10.932723045349121,124.76955199241638,64.1239,33.125183
fish5,top,498,Full_SAM,442.5,59.90877914428711,11.907333374023438,133.35533845424652,64.53546,33.420273
fish5,top,499,Full_SAM,419.5,58.97270584106445,11.455129623413086,131.35533845424652,61.295715,31.915604
fish5,top,500,Full_SAM,391.5,51.128082275390625,11.836727142333984,114.52691125869751,62.11267,31.852356
fish5,top,501,Full_SAM,404.5,50.30609130859375,12.165525436401367,114.18376553058624,60.329285,32.80136
fish6,front,450,FastSAM,1747.5,59.0,40.0,168.12489092350006,49.17212,66.57434
fish6,front,451,FastSAM,1738.5,55.0,43.0,167.29646396636963,48.841614,67.124084
fish6,front,452,FastSAM,1743.0,55.0,43.0,169.05382215976715,48.48236,66.90343
fish6,front,453,FastSAM,1714.5,55.0,43.0,167.29646277427673,48.361572,67.655334
fish6,front,454,FastSAM,1795.0,63.609806060791016,39.62779998779297,174.71067690849304,48.879578,68.83276
fish6,front,455,FastSAM,1805.5,59.0,43.0,175.29646360874176,48.683228,68.392456
fish6,front,456,FastSAM,1818.5,59.0,43.0,174.12489008903503,49.386353,69.96924
fish6,front,457,FastSAM,1839.5,59.0,43.0,177.63960945606232,49.641907,70.7484
fish6,front,458,FastSAM,1839.5,59.0,43.0,177.63960945606232,49.64673,70.75073
fish6,front,459,FastSAM,1842.0,59.0,43.0,178.22539520263672,49.78076,70.97638
fish6,front,460,FastSAM,1842.0,59.0,43.0,178.22539520263672,49.777344,70.97095
fish6,front,461,FastSAM,1842.0,59.0,43.0,178.22539520263672,49.7688,71.01898
fish6,front,462,FastSAM,1844.5,59.0,43.0,177.63960874080658,49.763733,71.02321
fish6,front,463,FastSAM,1850.5,59.0,43.0,177.6396086215973,49.389526,70.26515
fish6,front,464,FastSAM,1858.0,59.0,43.0,177.05382347106934,49.701965,70.58862
fish6,front,465,FastSAM,1962.0,63.0,43.0,183.88225042819977,50.227478,70.91406
fish6,front,466,FastSAM,1877.5,64.3505859375,39.31163787841797,176.46803617477417,50.292114,71.44562
fish6,front,467,FastSAM,1906.5,59.0,43.0,177.63960921764374,51.194458,72.09337
fish6,front,468,FastSAM,1927.5,59.0,43.0,177.63960886001587,51.29248,71.6792
fish6,front,469,FastSAM,1920.5,59.0,43.0,177.63960909843445,51.131958,72.04945
fish6,front,470,FastSAM,1981.5,67.0,40.235294342041016,180.95331811904907,50.984802,71.89014
fish6,front,471,FastSAM,1988.5,66.52941131591797,40.29412078857422,180.95331704616547,50.962524,71.826675
fish6,front,472,FastSAM,1973.0,67.13784790039062,39.67411804199219,180.02438533306122,51.7771,71.51088
fish6,front,473,FastSAM,2040.5,67.79627990722656,40.704856872558594,182.61017155647278,51.352905,72.63843
fish6,front,474,FastSAM,2033.5,67.79627990722656,40.704856872558594,182.61017179489136,51.109985,72.25734
fish6,front,475,FastSAM,2013.5,68.27037811279297,40.298484802246094,182.61017155647278,51.32495,71.56175
fish6,front,476,FastSAM,2023.0,63.0,43.0,181.53910398483276,51.238525,70.15126
fish6,front,477,FastSAM,1970.0,63.0,42.0,179.53910434246063,51.69983,70.83685
fish6,front,478,FastSAM,2007.5,67.38227844238281,40.55324172973633,183.4385987520218,51.886963,70.75073
fish6,front,479,FastSAM,1937.5,63.0,43.0,182.12489020824432,52.16992,71.14612
fish6,front,480,FastSAM,1965.0,63.0,43.0,181.53910446166992,52.445435,70.41016
fish6,front,481,FastSAM,1956.5,63.0,43.0,182.1248903274536,53.163452,70.6234
fish6,front,482,FastSAM,2007.5,63.0,43.0,183.2964630126953,52.574707,69.70679
fish6,front,483,FastSAM,2050.5,63.0,43.0,184.46803629398346,52.772034,71.89331
fish6,front,484,FastSAM,2035.0,63.0,43.0,182.71067643165588,52.39685,69.70752
fish6,front,485,FastSAM,1996.0,62.0,42.0,178.71067655086517,53.147156,72.21271
fish6,front,486,FastSAM,1990.0,62.0,42.0,178.71067667007446,52.88806,69.83984
fish6,front,487,FastSAM,2032.5,63.0,42.0,182.46803617477417,52.493286,70.90631
fish6,front,488,FastSAM,2026.5,63.0,42.0,181.29646348953247,51.999146,71.66516
fish6,front,489,FastSAM,2041.5,63.0,42.0,183.63960933685303,52.286438,72.06592
fish6,front,490,FastSAM,2025.0,63.0,42.0,181.8822499513626,52.360718,71.892395
fish6,front,491,FastSAM,2041.0,63.0,42.0,183.05382204055786,52.13922,72.11005
fish6,front,492,FastSAM,2021.0,64.0,42.0,181.53910386562347,51.29541,69.22386
fish6,front,493,FastSAM,2043.0,64.0,42.0,183.88224947452545,51.661682,71.2693
fish6,front,494,FastSAM,2034.5,64.0,42.0,184.46803617477417,51.550842,70.42981
fish6,front,495,FastSAM,2041.5,63.99999237060547,41.99999237060547,183.2964632511139,52.382507,72.122925
fish6,front,496,FastSAM,2075.5,71.85791015625,40.645164489746094,188.6101713180542,52.02655,71.9353
fish6,front,497,FastSAM,2046.0,63.0,43.0,181.53910398483276,53.00171,68.1935
fish6,front,498,FastSAM,2046.0,63.0,43.0,181.53910398483276,52.99878,68.189514
fish6,front,499,FastSAM,2070.5,67.39607238769531,42.434566497802734,185.43859839439392,53.22412,68.26686
fish6,front,500,FastSAM,2089.5,65.95899200439453,42.566558837890625,187.7817441225052,53.410706,67.304504
fish6,front,501,FastSAM,2106.0,65.6247329711914,42.15284729003906,186.02438509464264,53.571533,66.84216
fish6,front,502,FastSAM,2047.5,63.0,43.0,183.2964632511139,54.549683,67.16101
fish6,front,503,FastSAM,2063.5,63.0,43.0,184.4680358171463,54.35498,67.45459
fish6,front,504,FastSAM,2019.0,63.0,43.0,183.8822499513626,54.170288,67.59511
fish6,front,505,FastSAM,2014.0,63.0,43.0,181.53910422325134,54.733276,67.339294
fish6,front,506,FastSAM,1968.5,63.0,42.0,181.29646289348602,54.482056,68.43457
fish6,front,507,FastSAM,2044.0,63.0,44.0,183.53910374641418,55.97284,68.30902
fish6,front,508,FastSAM,2087.0,67.90512084960938,42.71046447753906,189.53910410404205,56.019653,68.49841
fish6,front,509,FastSAM,2101.0,67.9559326171875,41.54971694946289,190.71067678928375,55.495117,69.1615
fish6,front,510,FastSAM,2191.5,68.29560852050781,43.096710205078125,195.7817441225052,55.804077,69.23511
fish6,front,511,FastSAM,2233.5,69.30965423583984,43.096710205078125,194.61017179489136,55.81427,69.23024
fish6,front,512,FastSAM,2159.0,63.0,46.0,188.71067762374878,57.07312,69.6765
fish6,front,513,FastSAM,2137.0,68.88390350341797,41.54458999633789,188.71067702770233,57.03296,69.95448
fish6,front,514,FastSAM,2145.5,68.88390350341797,41.54458999633789,186.95331704616547,57.166016,70.08545
fish6,front,515,FastSAM,2149.0,69.34965515136719,41.54458999633789,187.53910446166992,56.886353,70.048035
fish6,front,516,FastSAM,2153.5,63.0,46.0,188.12488996982574,57.726685,71.06152
fish6,front,517,FastSAM,2221.0,70.60716247558594,41.54458999633789,191.19595754146576,57.705994,70.89038
fish6,front,518,FastSAM,2226.0,71.07291412353516,41.96376037597656,193.1959583759308,58.077637,70.960205
fish6,front,519,FastSAM,2255.0,70.97893524169922,42.81614685058594,192.0243855714798,57.923157,70.95807
fish6,front,520,FastSAM,2204.0,68.30519104003906,43.323204040527344,188.36753141880035,57.618103,70.59259
fish6,front,521,FastSAM,2254.0,69.25386810302734,43.323204040527344,196.36753129959106,57.377197,70.63049
fish6,front,522,FastSAM,2270.0,69.75652313232422,43.30522537231445,197.5391035079956,57.497375,70.49252
fish6,front,523,FastSAM,2319.0,74.73760223388672,41.72667694091797,198.71067678928375,57.377808,70.28137
fish6,front,524,FastSAM,2337.0,72.39785766601562,42.61191940307617,197.53910374641418,57.836548,71.0188
fish6,front,525,FastSAM,2385.5,73.66985321044922,42.61191940307617,200.26702558994293,57.257202,71.16992
fish6,front,526,FastSAM,2392.5,73.74439239501953,42.703147888183594,200.26702523231506,57.402588,72.10425
fish6,front,527,FastSAM,2433.5,74.7888412475586,42.757049560546875,202.6101713180542,57.07782,72.13391
fish6,front,528,FastSAM,2413.5,73.00000762939453,44.600006103515625,201.43859899044037,58.265686,72.412384
fish6,front,529,FastSAM,2338.5,67.0,47.0,200.46803605556488,58.30719,72.05591
fish6,front,530,FastSAM,2527.5,74.74723052978516,45.336578369140625,207.0954521894455,57.79431,73.97131
fish6,front,531,FastSAM,2458.5,71.82392883300781,44.99665069580078,201.09545230865479,57.003235,74.385376
fish6,front,532,FastSAM,2482.5,67.0,51.0,203.7817438840866,56.9729,74.243225
fish6,front,533,FastSAM,2432.0,71.99610900878906,46.22743225097656,200.8528115749359,57.901978,74.52734
fish6,front,534,FastSAM,2393.5,72.00000762939453,45.000003814697266,199.43859922885895,58.644897,75.117615
fish6,front,535,FastSAM,2409.0,73.0035171508789,45.10408401489258,201.19595801830292,59.055542,75.216034
fish6,front,536,FastSAM,2471.0,73.31486511230469,45.52275848388672,198.85281217098236,59.934082,75.23877
fish6,front,537,FastSAM,2541.5,67.0,51.0,203.78174448013306,59.574036,75.468414
fish6,front,538,FastSAM,2402.5,67.0,47.0,199.2964631319046,59.79187,75.86444
fish6,front,539,FastSAM,2570.5,67.0,50.0,204.12489008903503,60.656982,76.891174
fish6,front,540,FastSAM,2710.0,80.9537582397461,46.36848068237305,216.85281205177307,60.33203,76.9162
fish6,front,541,FastSAM,2600.0,79.56010437011719,45.894527435302734,211.1959582567215,60.562866,76.63663
fish6,front,542,FastSAM,2519.0,67.0,51.0,204.3675309419632,60.7594,76.84448
fish6,front,543,FastSAM,2566.5,76.99366760253906,46.071258544921875,209.43859803676605,60.502686,76.44672
fish6,front,544,FastSAM,2716.5,80.29936218261719,47.206092834472656,216.2670260667801,60.22632,77.55408
fish6,front,545,FastSAM,2674.0,77.39785766601562,46.5258674621582,213.33809399604797,59.974792,77.16443
fish6,front,546,FastSAM,2733.0,67.0,55.0,212.36753058433533,60.55786,77.61914
fish6,front,547,FastSAM,2381.5,75.76737976074219,42.74201583862305,199.0954532623291,58.84192,76.97522
fish6,front,548,FastSAM,2380.5,75.76737976074219,42.74201583862305,199.0954531431198,58.84729,76.97797
fish6,front,549,FastSAM,2419.5,79.53047180175781,42.74201583862305,203.43859899044037,59.02588,76.91379
fish6,front,550,FastSAM,2418.5,79.53047180175781,42.74201583862305,203.43859899044037,58.98999,77.04855
fish6,front,551,FastSAM,2410.5,77.93070983886719,42.63543701171875,205.09545350074768,58.987915,78.20566
fish6,front,552,FastSAM,2354.0,74.93313598632812,42.356571197509766,197.68123972415924,58.91626,78.22681
fish6,front,553,FastSAM,2393.5,75.49601745605469,42.356571197509766,199.58073437213898,58.901123,77.46222
fish6,front,554,FastSAM,2378.0,75.60000610351562,42.599998474121094,198.5096673965454,59.27527,78.30255
fish6,front,555,FastSAM,2444.0,76.33578491210938,42.862667083740234,204.994948387146,59.037292,78.19437
fish6,front,556,FastSAM,2485.0,77.12841033935547,42.67975616455078,208.9949482679367,59.37744,78.04785
fish6,front,557,FastSAM,2475.0,77.73812103271484,42.67975616455078,210.16652071475983,59.52124,78.082855
fish6,front,558,FastSAM,2487.0,78.34783172607422,42.67975616455078,210.16652083396912,59.729492,78.05084
fish6,front,559,FastSAM,2485.5,78.20000457763672,42.599998474121094,207.0954532623291,59.726868,77.915405
fish6,front,560,FastSAM,2472.5,78.08688354492188,42.32309341430664,207.09545266628265,59.521362,77.95126
fish6,front,561,FastSAM,2508.0,79.38433837890625,42.67975616455078,205.33809351921082,60.20111,77.87729
fish6,front,562,FastSAM,2499.0,77.9744644165039,42.380210876464844,204.16652023792267,60.374786,77.68765
fish6,top,450,Full_SAM,164.0,34.335205078125,8.133916854858398,80.08326053619385,33.63037,24.224365
fish6,top,451,Full_SAM,165.0,34.335205078125,8.133916854858398,80.08326053619385,33.44641,23.953125
fish6,top,452,Full_SAM,165.0,33.89985275268555,8.129828453063965,78.08326053619385,33.79898,24.348999
fish6,top,453,Full_SAM,166.5,34.706214904785156,7.829838275909424,79.49747359752655,33.578247,24.444397
fish6,top,454,Full_SAM,164.5,34.706214904785156,7.829838275909424,79.49747359752655,33.672974,24.503906
fish6,top,455,Full_SAM,162.5,34.74351501464844,7.592953205108643,79.49747395515442,33.763855,24.643433
fish6,top,456,Full_SAM,164.0,34.74351501464844,7.592953205108643,80.0832599401474,33.833923,24.691284
fish6,top,457,Full_SAM,159.5,34.74351501464844,7.592953205108643,79.49747347831726,33.94519,24.671509
fish6,top,458,Full_SAM,163.0,35.615928649902344,7.631983757019043,80.91168701648712,34.108093,24.643555
fish6,top,459,Full_SAM,163.0,35.615928649902344,7.631983757019043,80.91168701648712,33.99341,24.549805
fish6,top,460,Full_SAM,162.0,35.10380554199219,7.530920028686523,80.91168773174286,33.944275,24.585571
fish6,top,461,Full_SAM,162.0,34.22005081176758,7.5204010009765625,77.25483298301697,33.70453,24.29602
fish6,top,462,Full_SAM,163.0,34.16658020019531,8.04905891418457,77.25483286380768,33.72711,24.412231
fish6,top,463,Full_SAM,157.0,34.43545150756836,7.60263204574585,77.25483357906342,33.766083,24.35254
fish6,top,464,Full_SAM,157.5,33.541019439697266,7.602630138397217,75.84062027931213,34.136078,24.367676
fish6,top,465,Full_SAM,166.0,35.329872131347656,7.602630615234375,79.25483322143555,34.500732,24.052002
fish6,top,466,Full_SAM,163.0,35.329872131347656,7.602630615234375,79.25483334064484,34.728546,24.068481
fish6,top,467,Full_SAM,168.0,34.175445556640625,8.049996376037598,77.25483345985413,34.698425,24.042175
fish6,top,468,Full_SAM,162.0,33.541019439697266,7.602630615234375,75.25483286380768,34.38147,23.802307
fish6,top,469,Full_SAM,168.5,34.27348709106445,8.058773040771484,77.8406195640564,34.442444,23.809326
fish6,top,470,Full_SAM,165.5,34.53154754638672,8.054393768310547,78.66904652118683,34.379272,23.708862
fish6,top,471,Full_SAM,167.0,33.752037048339844,8.058773040771484,77.25483310222626,34.473785,23.547424
fish6,top,472,Full_SAM,169.0,34.70814895629883,8.062129974365234,79.25483334064484,34.523834,23.588318
fish6,top,473,Full_SAM,178.5,35.500205993652344,8.060433387756348,80.66904675960541,35.072052,23.382935
fish6,top,474,Full_SAM,186.0,38.9075813293457,8.049844741821289,87.25483298301697,34.941437,23.61621
fish6,top,475,Full_SAM,177.5,35.77708435058594,8.049844741821289,81.84061968326569,34.89554,23.498291
fish6,top,476,Full_SAM,176.0,36.671512603759766,7.602631568908691,82.42640602588654,35.188354,23.76123
fish6,top,477,Full_SAM,177.0,35.500205993652344,8.403430938720703,80.42640602588654,35.19635,23.610474
fish6,top,478,Full_SAM,181.5,36.39371109008789,8.257067680358887,82.66904675960541,35.36023,24.13208
fish6,top,479,Full_SAM,178.0,36.01470184326172,8.060433387756348,81.25483322143555,35.43152,24.248108
fish6,top,480,Full_SAM,184.0,36.94003677368164,8.062129974365234,83.25483322143555,35.270233,24.209229
fish6,top,481,Full_SAM,186.0,35.954071044921875,8.381185531616211,81.25483298301697,35.19928,24.529541
fish6,top,482,Full_SAM,174.0,33.55936050415039,8.59785270690918,76.42640626430511,34.980103,24.223389
fish6,top,483,Full_SAM,173.0,33.55936050415039,8.043152809143066,76.42640626430511,34.858215,24.726257
fish6,top,484,Full_SAM,173.0,33.785221099853516,8.060433387756348,76.42640602588654,35.189484,24.907593
fish6,top,485,Full_SAM,184.5,37.11872863769531,8.049844741821289,82.6690468788147,35.48886,25.014404
fish6,top,486,Full_SAM,171.5,34.882659912109375,8.049844741821289,77.8406195640564,36.41278,25.158447
fish6,top,487,Full_SAM,174.5,34.882659912109375,8.497057914733887,79.01219260692596,36.463074,24.965332
fish6,top,488,Full_SAM,176.0,35.77708435058594,8.049844741821289,80.42640614509583,36.160126,24.818726
fish6,top,489,Full_SAM,175.0,35.77708435058594,8.049844741821289,80.42640578746796,36.63318,25.150696
fish6,top,490,Full_SAM,180.5,36.96234893798828,7.938222408294678,83.84061932563782,36.43042,24.88916
fish6,top,491,Full_SAM,181.0,36.466209411621094,8.062257766723633,82.42640590667725,36.162262,24.656982
fish6,top,492,Full_SAM,181.5,35.77708435058594,8.049844741821289,81.01219248771667,35.753357,24.421753
fish6,top,493,Full_SAM,188.0,36.671512603759766,8.497057914733887,82.42640614509583,35.95169,24.59314
fish6,top,494,Full_SAM,186.5,36.671512603759766,8.049844741821289,83.01219248771667,36.20642,24.698853
fish6,top,495,Full_SAM,188.0,37.669342041015625,8.22430419921875,84.42640590667725,36.24054,24.496704
fish6,top,496,Full_SAM,190.0,37.6961555480957,7.984899044036865,84.42640602588654,36.318848,24.599854
fish6,top,497,Full_SAM,165.0,33.98823165893555,8.497057914733887,76.7695517539978,36.14389,24.183472
fish6,top,498,Full_SAM,163.5,34.882659912109375,8.049844741821289,78.18376517295837,36.106506,23.98291
fish6,top,499,Full_SAM,165.5,34.674903869628906,8.54731559753418,78.18376529216766,36.098816,24.161377
fish6,top,500,Full_SAM,171.0,34.882659912109375,8.497057914733887,79.59797894954681,36.08783,24.21991
fish6,top,501,Full_SAM,174.5,36.9986457824707,8.221921920776367,83.01219260692596,35.343872,23.848572
fish6,top,502,Full_SAM,182.5,37.565940856933594,8.497057914733887,85.01219248771667,35.629395,23.965698
fish6,top,503,Full_SAM,186.0,38.18622970581055,8.7910737991333,85.5979791879654,35.252014,23.688599
fish6,top,504,Full_SAM,182.5,37.11872863769531,8.497057914733887,84.18376553058624,35.227478,23.868286
fish6,top,505,Full_SAM,184.5,37.314876556396484,8.5381498336792,84.18376529216766,34.950806,23.720947
fish6,top,506,Full_SAM,185.5,37.314876556396484,8.5381498336792,84.18376529216766,35.078705,23.815552
fish6,top,507,Full_SAM,183.5,36.049964904785156,8.5381498336792,81.0121922492981,35.563812,24.550781
fish6,top,508,Full_SAM,183.0,35.329872131347656,8.497057914733887,79.5979790687561,35.652588,24.433289
fish6,top,509,Full_SAM,180.0,35.329872131347656,8.497057914733887,79.5979790687561,35.44641,24.353027
fish6,top,510,Full_SAM,180.0,35.329872131347656,8.497057914733887,79.5979791879654,35.48694,24.404907
fish6,top,511,Full_SAM,177.5,35.329872131347656,8.497057914733887,79.01219248771667,35.40143,24.512573
fish6,top,512,Full_SAM,176.0,34.43545150756836,8.049844741821289,77.5979791879654,35.11853,24.272339
fish6,top,513,Full_SAM,171.0,34.43545150756836,7.602631568908691,77.59797883033752,35.21289,24.27649
fish6,top,514,Full_SAM,175.5,33.541019439697266,8.497057914733887,76.18376553058624,34.666687,23.617859
fish6,top,515,Full_SAM,176.5,33.541019439697266,8.049844741821289,76.18376553058624,35.016724,23.647644
fish6,top,516,Full_SAM,176.5,33.541019439697266,8.049844741821289,76.18376553058624,35.015778,23.649414
fish6,top,517,Full_SAM,176.5,33.541019439697266,8.049844741821289,76.18376553058624,35.16339,23.823486
fish6,top,518,Full_SAM,172.5,33.541019439697266,8.497057914733887,76.18376564979553,34.834106,23.729492
fish6,top,519,Full_SAM,177.5,33.541019439697266,8.497057914733887,76.18376564979553,34.79297,23.646606
fish6,top,520,Full_SAM,180.0,34.435447692871094,8.497057914733887,77.5979791879654,34.86731,23.666016
fish6,top,521,Full_SAM,174.0,34.435447692871094,8.497057914733887,77.59797871112823,34.754272,23.598755
fish6,top,522,Full_SAM,176.0,35.329872131347656,8.497057914733887,79.59797871112823,34.96106,23.614868
fish6,top,523,Full_SAM,188.0,36.671512603759766,8.497057914733887,83.5979790687561,34.8985,23.616028
fish6,top,524,Full_SAM,181.5,35.77708435058594,8.497057914733887,81.01219236850739,35.267273,23.83728
fish6,top,525,Full_SAM,185.0,36.671512603759766,8.497057914733887,82.42640602588654,35.142334,23.881226
fish6,top,526,Full_SAM,180.0,36.671512603759766,8.497057914733887,82.42640590667725,35.11673,23.991394
fish6,top,527,Full_SAM,181.0,36.671512603759766,8.497057914733887,82.42640590667725,35.081818,24.103516
fish6,top,528,Full_SAM,180.0,36.671512603759766,8.497057914733887,82.42640578746796,34.904785,23.85144
fish6,top,529,Full_SAM,180.0,35.77708435058594,8.497058868408203,80.42640602588654,34.99478,23.927002
fish6,top,530,Full_SAM,177.0,35.72275924682617,8.057414054870605,80.42640602588654,34.962524,23.875
fish6,top,531,Full_SAM,178.0,35.27574157714844,8.446303367614746,80.42640626430511,35.06009,23.927612
fish6,top,532,Full_SAM,183.0,36.16295623779297,8.446303367614746,83.25483322143555,35.16815,24.100342
fish6,top,533,Full_SAM,180.5,36.224300384521484,8.497058868408203,83.8406195640564,35.059692,23.950806
fish6,top,534,Full_SAM,182.0,36.62430953979492,8.836679458618164,84.42640602588654,35.26416,24.121643
fish6,top,535,Full_SAM,183.0,36.62430953979492,8.836679458618164,84.42640602588654,35.3089,24.16455
fish6,top,536,Full_SAM,179.5,35.68459701538086,8.389910697937012,81.8406195640564,35.26648,23.977295
fish6,top,537,Full_SAM,183.5,35.73322296142578,8.441829681396484,82.66904675960541,35.283936,24.043518
fish6,top,538,Full_SAM,180.5,35.77708435058594,8.049844741821289,82.6690468788147,35.179962,24.126465
fish6,top,539,Full_SAM,177.0,35.77708435058594,8.049844741821289,82.08326053619385,35.21222,24.077515
fish6,top,540,Full_SAM,177.0,35.77708435058594,8.049844741821289,82.08326017856598,35.246887,24.21698
fish6,top,541,Full_SAM,176.0,34.882659912109375,8.049844741821289,81.25483334064484,35.401367,24.13208
fish6,top,542,Full_SAM,177.0,35.329872131347656,8.049844741821289,80.42640626430511,34.828766,24.200195
fish6,top,543,Full_SAM,181.0,35.264530181884766,8.478672981262207,80.42640614509583,34.46411,24.113953
fish6,top,544,Full_SAM,175.0,35.329872131347656,8.049844741821289,80.42640626430511,34.072327,24.006226
fish6,top,545,Full_SAM,176.0,35.37576675415039,7.753098011016846,81.5979790687561,34.25659,23.901611
fish6,top,546,Full_SAM,172.0,35.329872131347656,7.602630615234375,80.42640614509583,33.931824,23.797852
fish6,top,547,Full_SAM,173.0,35.329872131347656,8.049844741821289,80.42640602588654,33.993835,24.123108
fish6,top,548,Full_SAM,164.0,34.378700256347656,7.9724836349487305,78.42640578746796,33.89203,23.930481
fish6,top,549,Full_SAM,163.5,35.27065658569336,7.94071626663208,79.8406194448471,33.875916,23.994263
fish6,top,550,Full_SAM,170.0,35.27065658569336,7.979262828826904,80.42640578746796,34.645386,24.577759
fish6,top,551,Full_SAM,168.5,36.224300384521484,7.602630138397217,81.8406195640564,35.228424,24.868408
fish6,top,552,Full_SAM,162.0,35.329872131347656,7.155416965484619,79.59797894954681,34.86502,24.783691
fish6,top,553,Full_SAM,163.5,36.224300384521484,7.602630138397217,81.01219248771667,34.37152,24.684998
fish6,top,554,Full_SAM,163.5,35.46780776977539,7.984899520874023,79.01219260692596,34.435852,24.625244
fish6,top,555,Full_SAM,169.5,37.11872863769531,7.602630138397217,83.01219248771667,34.230347,24.523804
fish6,top,556,Full_SAM,169.0,36.671512603759766,7.602630138397217,82.42640614509583,34.117645,24.724121
fish6,top,557,Full_SAM,164.0,35.77708435058594,7.602630138397217,80.42640602588654,33.977722,24.900574
fish6,top,558,Full_SAM,160.0,34.882659912109375,7.602630138397217,78.42640602588654,33.55655,24.905151
fish6,top,559,Full_SAM,164.0,33.98823547363281,7.602630138397217,76.42640614509583,33.523376,24.83313
fish6,top,560,Full_SAM,161.0,33.98823547363281,7.602630615234375,76.42640614509583,33.476807,24.881958
fish6,top,561,Full_SAM,165.5,36.671512603759766,7.602630615234375,81.84061968326569,33.175415,24.801636
fish6,top,562,Full_SAM,161.0,34.882659912109375,7.602630615234375,78.42640578746796,33.328705,25.087097
fish7,front,700,FastSAM,2462.0,70.0,45.0,200.71067678928375,60.33191,82.20221
fish7,front,701,FastSAM,2472.5,71.0,45.0,202.12489008903503,60.470703,83.056885
fish7,front,702,FastSAM,2554.5,71.0,47.0,206.12489008903503,61.29593,83.42792
fish7,front,703,FastSAM,2573.5,72.0,47.0,208.12489020824432,61.89258,83.43262
fish7,front,704,FastSAM,2606.5,73.0,47.0,210.12489020824432,61.678345,82.80322
fish7,front,705,FastSAM,2649.0,75.0,47.0,212.3675309419632,61.58011,83.08856
fish7,front,706,FastSAM,2666.0,75.0,47.0,213.5391035079956,62.30124,83.14415
fish7,front,707,FastSAM,2619.5,75.0,45.0,210.12489020824432,62.91809,83.35693
fish7,front,708,FastSAM,2690.5,75.0,47.0,214.12489008903503,63.015015,83.69556
fish7,front,709,FastSAM,2705.0,75.0,47.0,213.5391035079956,63.32251,83.44507
fish7,front,710,FastSAM,2858.5,75.0,51.0,217.43859815597534,63.730988,83.52496
fish7,front,711,FastSAM,2715.5,75.0,47.0,212.95331692695618,63.356567,83.38489
fish7,front,712,FastSAM,2724.5,75.0,47.0,212.95331704616547,63.385742,83.38551
fish7,front,713,FastSAM,2751.0,75.0,50.0,213.68123841285706,63.959106,83.318985
fish7,front,714,FastSAM,2788.0,75.0,50.0,214.8528116941452,64.465576,84.348755
fish7,front,715,FastSAM,2784.0,75.0,50.0,213.6812388896942,64.33499,83.91864
fish7,front,716,FastSAM,2796.5,74.0,50.0,213.43859827518463,64.673065,83.64697
fish7,front,717,FastSAM,2827.0,75.68685150146484,50.70738220214844,215.68123853206635,65.452515,83.415405
fish7,front,718,FastSAM,2818.5,73.0,51.0,213.43859803676605,65.57764,83.023315
fish7,front,719,FastSAM,2850.5,73.99988555908203,52.647499084472656,217.09545290470123,65.884766,83.09894
fish7,front,720,FastSAM,2874.0,74.31351470947266,52.493804931640625,218.85281205177307,66.21805,83.23212
fish7,front,721,FastSAM,2908.5,72.0,55.0,215.92388093471527,66.86182,84.39476
fish7,front,722,FastSAM,2921.0,71.0,55.0,214.50966703891754,66.754425,84.77696
fish7,front,723,FastSAM,2923.0,71.0,55.0,214.50966715812683,66.70361,84.77269
fish7,front,724,FastSAM,2920.5,71.0,55.0,217.4385986328125,66.06055,84.62392
fish7,front,725,FastSAM,2906.5,71.0,53.0,214.61017155647278,66.14426,84.65039
fish7,front,726,FastSAM,2911.5,71.0,53.0,214.61017155647278,66.22766,84.8784
fish7,front,727,FastSAM,2922.0,71.0,54.0,216.02438485622406,66.41867,84.887634
fish7,front,728,FastSAM,2936.5,71.0,54.0,216.6101713180542,66.20325,84.75592
fish7,front,729,FastSAM,2957.5,71.0,54.0,216.61017167568207,66.386505,84.624146
fish7,front,730,FastSAM,2998.5,71.0,55.0,219.78174424171448,66.43167,84.36865
fish7,front,731,FastSAM,2991.5,71.0,55.0,217.43859899044037,66.82837,84.72162
fish7,front,732,FastSAM,2959.5,71.0,54.0,215.43859958648682,66.794556,84.56836
fish7,front,733,FastSAM,2973.5,71.0,56.0,215.9238818883896,67.068085,85.02301
fish7,front,734,FastSAM,3044.5,71.0,59.0,221.92388200759888,66.88953,84.803894
fish7,front,735,FastSAM,3045.5,71.0,59.0,221.92388141155243,66.784424,84.83754
fish7,front,736,FastSAM,3065.5,71.0,59.0,221.92388129234314,67.256805,85.20148
fish7,front,737,FastSAM,3058.0,71.0,59.0,220.16652071475983,67.34436,84.91406
fish7,front,738,FastSAM,3056.0,70.0,59.0,219.33809399604797,67.19162,84.9212
fish7,front,739,FastSAM,3061.5,70.0,58.0,217.92388117313385,67.68848,85.11621
fish7,front,740,FastSAM,3163.0,71.0,63.0,228.1665197610855,68.07922,85.05151
fish7,front,741,FastSAM,3305.5,81.11932373046875,56.39677429199219,230.8944410085678,68.465454,85.46181
fish7,front,742,FastSAM,3309.0,80.72915649414062,56.50813674926758,230.30865585803986,68.35437,85.77411
fish7,front,743,FastSAM,3306.0,82.30447387695312,56.50605010986328,232.65180206298828,68.40051,85.93358
fish7,front,744,FastSAM,3332.0,82.2630386352539,57.00846862792969,232.65180218219757,68.55325,85.9176
fish7,front,745,FastSAM,3361.5,75.0,63.0,233.23758780956268,68.80994,85.827515
fish7,front,746,FastSAM,3368.0,75.0,63.0,233.8233745098114,68.86331,86.18956
fish7,front,747,FastSAM,3313.0,82.96250915527344,55.55615234375,236.50966608524323,69.296875,86.29651
fish7,front,748,FastSAM,3313.0,82.96250915527344,55.55615234375,236.50966608524323,69.63034,86.51393
fish7,front,749,FastSAM,3313.0,82.96250915527344,55.55615234375,236.50966608524323,69.636475,86.52203
fish7,front,750,FastSAM,3313.0,82.96250915527344,55.55615234375,236.50966608524323,69.65036,86.55113
fish7,front,751,FastSAM,3328.5,83.50501251220703,55.55615234375,235.58073377609253,69.68225,86.58374
fish7,front,752,FastSAM,3330.5,83.50501251220703,55.55615234375,235.58073377609253,69.767944,86.68512
fish7,front,753,FastSAM,3314.0,82.86785125732422,55.40961456298828,236.50966608524323,69.914185,86.848206
fish7,front,754,FastSAM,3393.0,82.86785125732422,56.86932373046875,239.8233745098114,69.76175,87.051636
fish7,front,755,FastSAM,3381.5,82.86785125732422,56.49453353881836,239.23758780956268,69.65552,87.0235
fish7,front,756,FastSAM,3334.5,80.65135955810547,55.960426330566406,232.40916073322296,69.9624,87.01776
fish7,front,757,FastSAM,3278.0,75.0,59.0,228.16652023792267,69.76233,87.15912
fish7,front,758,FastSAM,3260.0,74.0,59.0,227.33809447288513,69.96997,87.18825
fish7,front,759,FastSAM,3261.0,74.0,59.0,227.33809435367584,70.24426,87.26573
fish7,front,760,FastSAM,3245.5,80.10811614990234,53.918922424316406,226.75230717658997,70.13672,87.39137
fish7,front,761,FastSAM,3251.0,80.10811614990234,53.918922424316406,226.16652035713196,70.15137,87.48279
fish7,front,762,FastSAM,3250.0,80.10811614990234,53.918922424316406,226.16652035713196,70.28635,87.4671
fish7,front,763,FastSAM,3255.5,80.43244171142578,53.918922424316406,226.7523068189621,70.228485,87.51283
fish7,front,764,FastSAM,3338.0,82.80995178222656,55.27363967895508,232.99494755268097,70.6084,87.6261
fish7,front,765,FastSAM,3345.0,82.80995178222656,55.27363967895508,232.99494743347168,70.53259,87.35455
fish7,front,766,FastSAM,3414.5,82.91082000732422,56.163291931152344,233.5807341337204,71.062744,87.8031
fish7,front,767,FastSAM,3370.0,82.91082000732422,55.33895492553711,232.994948387146,70.49344,87.76349
fish7,front,768,FastSAM,3383.0,82.89366149902344,55.39923095703125,232.99494850635529,70.58118,87.911026
fish7,front,769,FastSAM,3361.0,82.49864196777344,54.92679214477539,232.99494814872742,70.63513,87.65491
fish7,front,770,FastSAM,3369.0,82.08216094970703,54.94683074951172,232.99494767189026,70.54236,87.33844
fish7,front,771,FastSAM,3322.5,81.48072814941406,55.312992095947266,231.58073365688324,69.74881,86.6225
fish7,front,772,FastSAM,3232.0,73.0,58.0,225.68123960494995,69.54492,86.34827
fish7,front,773,FastSAM,3348.0,82.68357849121094,53.65670394897461,228.99494743347168,69.45325,86.24461
fish7,front,774,FastSAM,3302.0,82.9022216796875,54.15557861328125,232.65180242061615,68.47827,86.81732
fish7,front,775,FastSAM,3259.5,81.50841522216797,55.217979431152344,228.06601679325104,68.49585,86.25537
fish7,front,776,FastSAM,3253.0,79.90306091308594,55.86143493652344,230.30865728855133,68.78052,86.05031
fish7,front,777,FastSAM,3373.0,81.05418395996094,54.50464630126953,231.9655100107193,68.13867,85.47717
fish7,front,778,FastSAM,3438.0,81.01852416992188,55.591514587402344,233.62236440181732,68.11157,85.2879
fish7,front,779,FastSAM,3415.5,84.11656951904297,54.391170501708984,234.89444243907928,68.36243,86.29193
fish7,front,780,FastSAM,3433.5,84.50860595703125,54.2518196105957,236.55129718780518,68.21008,85.487915
fish7,front,781,FastSAM,3338.5,82.99758911132812,54.92679214477539,233.23758828639984,68.319824,85.57892
fish7,front,782,FastSAM,3298.5,83.13406372070312,52.789981842041016,230.89444291591644,68.31433,85.667725
fish7,front,783,FastSAM,3196.0,74.0,59.0,227.33809387683868,68.4292,85.59949
fish7,front,784,FastSAM,3312.0,81.80391693115234,55.14870834350586,232.3086552619934,69.35278,86.02016
fish7,front,785,FastSAM,3311.5,80.14434051513672,54.91433334350586,230.06601548194885,69.09766,85.76552
fish7,front,786,FastSAM,3221.5,80.84442901611328,53.95344924926758,227.58073484897614,68.069824,85.4715
fish7,front,787,FastSAM,3290.5,81.8800277709961,54.52200698852539,230.4091625213623,68.54932,86.07384
fish7,front,788,FastSAM,3301.0,80.82669067382812,54.852943420410156,230.16652023792267,68.23352,85.918335
fish7,front,789,FastSAM,3316.0,81.65038299560547,54.72492599487305,232.16652011871338,68.076904,86.529785
fish7,front,790,FastSAM,3362.0,81.53722381591797,55.54861068725586,232.1665210723877,68.64819,86.35004
fish7,front,791,FastSAM,3407.5,84.24710845947266,54.903358459472656,238.06601560115814,67.9375,85.803406
fish7,front,792,FastSAM,3414.5,84.06529235839844,55.9600715637207,237.72286999225616,67.933716,85.91046
fish7,front,793,FastSAM,3443.0,83.84614562988281,57.08942794799805,238.30865561962128,68.644165,86.67041
fish7,top,700,Full_SAM,169.5,32.57146072387695,8.22192096710205,72.52691149711609,42.17845,24.713745
fish7,top,701,Full_SAM,176.5,33.46991729736328,8.48874568939209,74.52691149711609,40.42894,24.970459
fish7,top,702,Full_SAM,176.0,33.339744567871094,8.629109382629395,75.11269783973694,40.729065,24.964111
fish7,top,703,Full_SAM,173.0,32.57146072387695,8.22192096710205,73.11269783973694,41.702286,24.986694
fish7,top,704,Full_SAM,179.0,33.46991729736328,8.48874568939209,75.11269783973694,43.4032,25.424133
fish7,top,705,Full_SAM,181.0,33.339744567871094,8.629109382629395,75.11269772052765,43.219345,25.263977
fish7,top,706,Full_SAM,177.5,34.46882247924805,8.22192096710205,76.52691149711609,42.563538,25.350769
fish7,top,707,Full_SAM,178.5,35.130977630615234,8.528907775878906,78.5269113779068,43.376343,25.195557
fish7,top,708,Full_SAM,180.0,36.08536911010742,8.43299388885498,79.94112491607666,43.074585,24.890747
fish7,top,709,Full_SAM,181.0,36.28148651123047,8.43299388885498,81.11269772052765,41.818466,24.532227
fish7,top,710,Full_SAM,183.0,37.31486892700195,7.905693054199219,83.11269772052765,42.350082,24.691162
fish7,top,711,Full_SAM,190.0,37.94732666015625,8.22192096710205,83.94112503528595,42.271835,24.37732
fish7,top,712,Full_SAM,191.0,38.263553619384766,8.22192096710205,85.11269783973694,42.29358,24.37091
fish7,top,713,Full_SAM,193.0,38.89601135253906,8.221921920776367,85.94112503528595,42.604965,24.442139
fish7,top,714,Full_SAM,192.0,39.84469223022461,8.22192096710205,87.94112503528595,42.807846,24.610352
fish7,top,715,Full_SAM,191.0,39.84469223022461,8.221921920776367,87.94112503528595,42.458267,24.666748
fish7,top,716,Full_SAM,187.0,39.84469223022461,8.221921920776367,87.94112503528595,42.887634,24.791748
fish7,top,717,Full_SAM,190.0,39.844703674316406,8.221921920776367,87.94112503528595,43.10785,25.190552
fish7,top,718,Full_SAM,199.0,40.98851776123047,8.48874568939209,89.11269760131836,43.895264,25.908264
fish7,top,719,Full_SAM,192.5,39.94895553588867,8.38434886932373,87.69848442077637,43.831055,25.970581
fish7,top,720,Full_SAM,186.5,37.75950241088867,8.34386157989502,82.87005722522736,41.798706,25.347168
fish7,top,721,Full_SAM,179.0,36.825374603271484,8.219949722290039,81.11269795894623,41.53357,25.177124
fish7,top,722,Full_SAM,185.0,36.812625885009766,8.378993034362793,81.11269795894623,41.489014,24.891907
fish7,top,723,Full_SAM,187.5,36.812625885009766,8.653715133666992,81.69848430156708,41.960693,24.639282
fish7,top,724,Full_SAM,182.0,36.68241500854492,8.538147926330566,81.11269795894623,42.146576,24.50299
fish7,top,725,Full_SAM,188.0,38.04887008666992,8.791075706481934,84.28427076339722,42.869354,24.821777
fish7,top,726,Full_SAM,181.0,36.865413665771484,8.48874568939209,82.76955211162567,42.395355,24.593872
fish7,top,727,Full_SAM,167.0,31.306547164916992,8.221921920776367,70.2842708826065,41.785522,24.384766
fish7,top,728,Full_SAM,168.0,30.081960678100586,8.378993034362793,67.94112467765808,39.160767,23.891357
fish7,top,729,Full_SAM,176.0,31.622774124145508,8.538147926330566,71.11269795894623,39.421387,24.305237
fish7,top,730,Full_SAM,176.5,33.5201416015625,8.538147926330566,74.52691113948822,39.64099,24.60254
fish7,top,731,Full_SAM,181.5,34.10421371459961,8.942248344421387,76.52691113948822,38.828613,24.50116
fish7,top,732,Full_SAM,178.0,33.83636474609375,8.854375839233398,75.94112467765808,39.143738,24.715332
fish7,top,733,Full_SAM,182.5,32.64659118652344,8.497057914733887,74.52691125869751,39.609436,24.883972
fish7,top,734,Full_SAM,192.0,34.96858215332031,8.56916618347168,78.76955199241638,40.25818,25.240723
fish7,top,735,Full_SAM,193.0,34.882659912109375,8.497057914733887,79.59797894954681,39.10135,25.717163
fish7,top,736,Full_SAM,188.0,34.72502899169922,8.356289863586426,78.76955199241638,39.00992,25.796936
fish7,top,737,Full_SAM,191.0,35.85646057128906,8.125744819641113,81.5979790687561,39.33673,25.929443
fish7,top,738,Full_SAM,192.5,35.418575286865234,8.158431053161621,80.18376541137695,39.201965,25.678223
fish7,top,739,Full_SAM,194.5,37.11872863769531,8.497057914733887,84.18376553058624,38.977173,25.803955
fish7,top,740,Full_SAM,195.0,37.18925476074219,8.082751274108887,83.59797894954681,39.852905,25.956055
fish7,top,741,Full_SAM,196.0,37.18925476074219,8.125744819641113,83.5979790687561,40.54422,26.057617
fish7,top,742,Full_SAM,194.5,38.09211730957031,8.082751274108887,86.18376553058624,40.348694,26.40747
fish7,top,743,Full_SAM,194.5,38.99497604370117,8.082751274108887,87.01219272613525,39.70517,25.878906
fish7,top,744,Full_SAM,188.5,36.224300384521484,8.049844741821289,82.18376553058624,38.150604,25.594543
fish7,top,745,Full_SAM,189.0,36.224300384521484,8.049844741821289,81.5979790687561,38.37085,25.914307
fish7,top,746,Full_SAM,192.0,37.18362045288086,8.119208335876465,83.5979791879654,38.911133,26.042847
fish7,top,747,Full_SAM,181.5,35.05882263183594,8.66622543334961,79.01219236850739,37.779053,25.596802
fish7,top,748,Full_SAM,184.0,34.533599853515625,8.66622543334961,77.59797894954681,37.311768,25.692383
fish7,top,749,Full_SAM,181.5,34.53933334350586,8.541985511779785,78.18376541137695,37.28882,25.587646
fish7,top,750,Full_SAM,188.5,34.533599853515625,8.797532081604004,78.18376553058624,37.262024,25.928223
fish7,top,751,Full_SAM,186.0,34.533599853515625,8.797532081604004,77.59797883033752,36.983093,25.673462
fish7,top,752,Full_SAM,189.0,34.533599853515625,8.797532081604004,78.42640602588654,37.402924,25.75708
fish7,top,753,Full_SAM,181.5,33.98823547363281,8.497057914733887,77.01219248771667,36.714783,25.726929
fish7,top,754,Full_SAM,181.5,33.98823547363281,8.497057914733887,77.01219260692596,36.11975,25.345093
fish7,top,755,Full_SAM,186.5,33.98823547363281,8.497057914733887,77.01219248771667,35.960693,25.380493
fish7,top,756,Full_SAM,187.0,33.98823547363281,8.497057914733887,76.42640602588654,35.88156,25.489136
fish7,top,757,Full_SAM,195.0,35.329872131347656,8.497057914733887,79.25483322143555,36.095398,25.756348
fish7,top,758,Full_SAM,189.0,35.329872131347656,8.497057914733887,79.25483322143555,36.019012,25.533447
fish7,top,759,Full_SAM,193.0,36.224300384521484,8.497057914733887,82.08326029777527,36.03882,25.670105
fish7,top,760,Full_SAM,202.5,40.1702995300293,8.877761840820312,90.66904640197754,36.14612,25.625488
fish7,top,761,Full_SAM,193.5,39.23995590209961,8.838702201843262,90.32590043544769,36.22223,25.60913
fish7,top,762,Full_SAM,187.0,34.66876220703125,8.59785270690918,79.25483298301697,36.247406,25.98645
fish7,top,763,Full_SAM,195.0,36.35770034790039,8.574929237365723,82.9116872549057,36.88513,26.911377
fish7,top,764,Full_SAM,194.0,33.17612075805664,8.784663200378418,76.0832599401474,36.980164,27.4198
fish7,top,765,Full_SAM,203.0,35.399993896484375,8.799999237060547,80.91168737411499,36.849274,28.211792
fish7,top,766,Full_SAM,198.0,35.399993896484375,8.799999237060547,80.91168773174286,36.47461,28.20636
fish7,top,767,Full_SAM,196.5,34.59999465942383,8.799999237060547,79.49747395515442,36.23468,28.665344
fish7,top,768,Full_SAM,200.0,34.582340240478516,8.977015495300293,80.08326053619385,36.08136,29.220459
fish7,top,769,Full_SAM,201.0,34.313880920410156,8.962581634521484,78.9116872549057,35.9516,29.594482
fish7,top,770,Full_SAM,208.0,34.30023193359375,8.937383651733398,78.91168749332428,35.68976,29.81018
fish7,top,771,Full_SAM,202.0,33.47805404663086,8.821621894836426,76.91168713569641,35.733337,29.41101
fish7,top,772,Full_SAM,206.5,33.47805404663086,8.821621894836426,76.32590138912201,36.0094,30.159607
fish7,top,773,Full_SAM,207.5,33.47805404663086,8.821621894836426,76.32590126991272,36.00888,30.420288
fish7,top,774,Full_SAM,210.0,33.53532028198242,8.937383651733398,76.91168773174286,35.68744,30.814026
fish7,top,775,Full_SAM,210.5,34.131690979003906,8.802821159362793,78.32590126991272,35.660217,31.211304
fish7,top,776,Full_SAM,218.5,35.53624725341797,8.942895889282227,81.15432858467102,35.929718,31.562439
fish7,top,777,Full_SAM,220.0,34.786163330078125,8.91952896118164,79.74011492729187,35.315247,31.71637
fish7,top,778,Full_SAM,217.5,34.73942565917969,9.380929946899414,80.32590019702911,35.407593,31.852173
fish7,top,779,Full_SAM,224.5,34.73942565917969,9.380929946899414,80.32590067386627,35.75482,32.279175
fish7,top,780,Full_SAM,228.5,35.46208572387695,9.370391845703125,81.15432739257812,35.90097,32.169067
fish7,top,781,Full_SAM,226.5,35.46208572387695,9.370391845703125,81.1543288230896,35.771027,32.011963
fish7,top,782,Full_SAM,220.5,34.64822769165039,9.192387580871582,79.15432870388031,35.638306,31.815247
fish7,top,783,Full_SAM,222.0,35.35533905029297,9.192387580871582,80.56854212284088,35.664978,32.963562
fish7,top,784,Full_SAM,230.5,37.476661682128906,9.192387580871582,85.98275470733643,35.712097,33.757202
fish7,top,785,Full_SAM,224.5,35.35533905029297,9.192387580871582,81.15432786941528,35.50482,34.066406
fish7,top,786,Full_SAM,219.0,35.291358947753906,9.164811134338379,80.5685418844223,34.937744,34.250122
fish7,top,787,Full_SAM,217.0,35.291358947753906,9.164811134338379,80.56854152679443,34.79779,34.503784
fish7,top,788,Full_SAM,213.0,34.64822769165039,8.485280990600586,78.56854152679443,34.693848,34.25122
fish7,top,789,Full_SAM,208.5,33.941123962402344,8.485280990600586,77.15432810783386,34.601837,34.214233
fish7,top,790,Full_SAM,202.0,33.941123962402344,8.485280990600586,77.74011397361755,34.512634,33.539673
fish7,top,791,Full_SAM,209.5,33.919525146484375,9.081531524658203,78.32590067386627,34.211365,33.53418
fish7,top,792,Full_SAM,215.5,34.55522918701172,9.081531524658203,80.32590055465698,34.345886,33.869995
fish7,top,793,Full_SAM,219.5,34.514404296875,9.68277359008789,80.32589995861053,34.54132,34.3219
fish8,front,501,FastSAM,160869.5,629.0,257.0,1810.4680362939835,50.306854,56.69052
fish8,front,502,FastSAM,160810.5,629.0,257.0,1814.9533174037933,50.075256,56.33197
fish8,front,503,FastSAM,160871.0,629.0,257.0,1806.5685412883759,50.332245,56.887146
fish8,front,504,FastSAM,160854.0,629.0,257.0,1813.0538226366043,50.23987,56.660095
fish8,front,505,FastSAM,160881.5,629.0,257.0,1808.8111820220947,50.129944,56.762665
fish8,front,506,FastSAM,160884.0,629.0,257.0,1809.3969683647156,49.946533,56.85742
fish8,front,507,FastSAM,160892.5,629.0,257.0,1809.9827547073364,50.044373,56.437317
fish8,front,508,FastSAM,160867.0,629.0,257.0,1813.0538223981857,50.203125,56.56491
fish8,front,509,FastSAM,160889.0,629.0,257.0,1808.5685414075851,50.604065,56.4382
fish8,front,510,FastSAM,160873.0,629.0,257.0,1810.2253956794739,50.7453,56.467926
fish8,front,511,FastSAM,160894.5,629.0,257.0,1809.982754945755,50.820435,56.345825
fish8,front,512,FastSAM,160829.5,629.0,257.0,1815.2964633703232,50.8974,56.391663
fish8,front,513,FastSAM,160745.0,629.0,257.0,1816.3675310611725,50.723267,56.02826
fish8,front,514,FastSAM,160832.0,629.0,257.0,1818.7106767892838,50.329285,55.763
fish8,front,515,FastSAM,160883.0,629.0,257.0,1811.3969686031342,49.305817,53.97711
fish8,front,516,FastSAM,160790.0,629.0,257.0,1820.3675309419632,49.400024,54.240356
fish8,front,517,FastSAM,160657.0,629.0,257.0,1819.5391038656235,49.17209,53.623077
fish8,front,518,FastSAM,160599.5,629.0,257.0,1820.6101715564728,49.000977,52.790802
fish8,front,519,FastSAM,160649.0,629.0,257.0,1824.0243849754333,48.182983,52.423462
fish8,front,520,FastSAM,160530.0,629.0,257.0,1820.3675310611725,48.51416,52.376343
fish8,front,521,FastSAM,160486.0,629.0,257.0,1819.5391038656235,48.19519,51.702026
fish8,front,522,FastSAM,160442.0,629.0,257.0,1814.3675309419632,47.898987,51.501434
fish8,front,523,FastSAM,160419.0,629.0,257.0,1818.8528122901917,48.048767,51.133087
fish8,front,524,FastSAM,160347.5,629.0,257.0,1816.2670254707336,47.43921,50.73761
fish8,front,525,FastSAM,160368.5,629.0,257.0,1814.6101714372635,47.67273,50.097443
fish8,front,526,FastSAM,160296.0,629.0,257.0,1814.3675310611725,46.959045,49.01596
fish8,front,527,FastSAM,160274.5,629.0,257.0,1819.095452785492,46.95233,49.18094
fish8,front,528,FastSAM,300021.0,637.0,471.0,2213.6568541526794,46.755188,48.752808
fish8,front,529,FastSAM,300021.0,637.0,471.0,2213.6568541526794,46.75128,48.864624
fish8,front,530,FastSAM,300021.0,637.0,471.0,2213.6568541526794,46.4162,48.379425
fish8,front,531,FastSAM,300021.0,637.0,471.0,2213.6568541526794,46.59137,48.614838
fish8,front,532,FastSAM,300021.0,637.0,471.0,2213.6568541526794,46.681427,48.639893
fish8,front,533,FastSAM,300021.0,637.0,471.0,2213.6568541526794,46.625183,48.797974
fish8,front,534,FastSAM,300021.0,637.0,471.0,2213.6568541526794,46.54712,48.645386
fish8,front,535,FastSAM,300021.0,637.0,471.0,2213.6568541526794,46.7948,48.370148
fish8,front,536,FastSAM,300021.0,637.0,471.0,2213.6568541526794,46.870483,48.60956
fish8,front,537,FastSAM,300021.0,637.0,471.0,2213.6568541526794,47.14746,49.70508
fish8,front,538,FastSAM,300021.0,637.0,471.0,2213.6568541526794,47.30609,49.59485
fish8,front,539,FastSAM,300021.0,637.0,471.0,2213.6568541526794,46.99951,50.31952
fish8,front,540,FastSAM,300021.0,637.0,471.0,2213.6568541526794,46.950745,49.861176
fish8,front,541,FastSAM,300021.0,637.0,471.0,2213.6568541526794,46.925873,49.924255
fish8,front,542,FastSAM,300021.0,637.0,471.0,2213.6568541526794,47.657654,51.26935
fish8,front,543,FastSAM,300021.0,637.0,471.0,2213.6568541526794,47.760254,50.935913
fish8,front,544,FastSAM,300021.0,637.0,471.0,2213.6568541526794,47.783478,51.169495
fish8,front,545,FastSAM,300021.0,637.0,471.0,2213.6568541526794,48.007263,52.70105
fish8,front,546,FastSAM,300021.0,637.0,471.0,2213.6568541526794,48.214233,52.995056
fish8,front,547,FastSAM,2837.5,63.0,47.0,210.04163014888763,50.513794,53.927216
fish8,front,548,FastSAM,2841.5,63.0,47.0,210.04163014888763,50.63208,54.062897
fish8,front,549,FastSAM,2841.5,63.0,47.0,210.04163014888763,50.83911,54.412323
fish8,front,550,FastSAM,2841.5,63.0,47.0,210.04163014888763,50.828217,54.682465
fish8,front,551,FastSAM,2841.5,63.0,47.0,210.04163014888763,50.611023,54.97693
fish8,front,552,FastSAM,2841.5,63.0,47.0,210.04163014888763,50.420288,54.903015
fish8,front,553,FastSAM,2841.5,63.0,47.0,210.04163014888763,50.424316,55.453674
fish8,front,554,FastSAM,2841.5,63.0,47.0,210.04163014888763,51.081512,56.751984
fish8,front,555,FastSAM,2841.5,63.0,47.0,210.04163014888763,50.96039,57.65448
fish8,front,556,FastSAM,2841.5,63.0,47.0,210.04163014888763,50.89377,57.22351
fish8,front,557,FastSAM,2841.5,63.0,47.0,210.04163014888763,51.7789,57.31555
fish8,front,558,FastSAM,2841.5,63.0,47.0,210.04163014888763,52.258636,57.740234
fish8,front,559,FastSAM,2841.5,63.0,47.0,210.04163014888763,52.212463,56.308228
fish8,front,560,FastSAM,2841.5,63.0,47.0,210.04163014888763,52.61371,55.865936
fish8,front,561,FastSAM,157373.0,629.0,253.0,1808.5096663236618,52.89334,55.908478
fish8,front,562,FastSAM,157740.0,629.0,253.0,1808.5096662044525,53.120148,55.960938
fish8,front,563,FastSAM,157838.0,629.0,253.0,1800.3675309419632,53.335266,56.53888
fish8,front,564,FastSAM,156754.5,625.0,253.0,1791.7817445993423,53.327087,56.64325
fish8,front,565,FastSAM,156760.5,625.0,253.0,1791.781744480133,53.17508,57.11322
fish8,front,566,FastSAM,156779.5,625.0,253.0,1790.1248903274536,53.140015,57.840805
fish8,front,567,FastSAM,156915.5,625.0,253.0,1780.4680360555649,53.1203,56.948486
fish8,front,568,FastSAM,156914.5,625.0,253.0,1780.4680361747742,53.067078,56.73822
fish8,front,569,FastSAM,156914.5,625.0,253.0,1777.6396089792252,52.510315,56.415146
fish8,front,570,FastSAM,156928.5,625.0,253.0,1782.124890089035,53.48224,56.773376
fish8,front,571,FastSAM,156897.0,625.0,253.0,1782.3675310611725,53.634064,56.628906
fish8,front,572,FastSAM,157019.0,625.0,253.0,1779.8822494745255,54.07904,57.386047
fish8,front,573,FastSAM,157091.0,625.0,253.0,1782.7106766700745,54.17871,57.86412
fish8,front,574,FastSAM,157123.5,625.0,253.0,1783.296463251114,54.13452,57.453613
fish8,front,575,FastSAM,157100.5,625.0,253.0,1782.4680359363556,54.510864,57.993835
fish8,front,576,FastSAM,157027.0,625.0,253.0,1776.5685412883759,54.82483,57.716858
fish8,front,577,FastSAM,2840.0,63.0,47.0,210.62741661071777,54.742554,58.37941
fish8,front,578,FastSAM,2840.0,63.0,47.0,210.62741661071777,54.958862,58.80719
fish8,front,579,FastSAM,2840.0,63.0,47.0,210.62741661071777,55.39087,58.333725
fish8,front,580,FastSAM,157179.0,625.0,253.0,1776.5685414075851,54.629883,58.21881
fish8,front,581,FastSAM,157164.5,625.0,253.0,1777.1543279886246,54.57837,58.1819
fish8,front,582,FastSAM,2840.0,63.0,47.0,210.62741661071777,55.00464,58.01683
fish8,front,583,FastSAM,2840.0,63.0,47.0,210.62741661071777,54.742065,57.77025
fish8,front,584,FastSAM,2840.0,63.0,47.0,210.62741661071777,54.850708,57.792007
fish8,front,585,FastSAM,2836.0,63.0,47.0,210.62741661071777,54.954895,57.98065
fish8,front,586,FastSAM,2836.0,63.0,47.0,210.62741661071777,55.225403,57.44861
fish8,front,587,FastSAM,2836.0,63.0,47.0,210.62741661071777,54.109375,57.0542
fish8,front,588,FastSAM,2836.0,63.0,47.0,210.62741661071777,54.215393,57.156372
fish8,front,589,FastSAM,2836.0,63.0,47.0,210.62741661071777,53.807556,56.8703
fish8,front,590,FastSAM,2841.0,63.0,47.0,210.62741661071777,53.616577,56.83876
fish8,front,591,FastSAM,2841.0,63.0,47.0,210.62741661071777,53.925964,56.96057
fish8,front,592,FastSAM,2841.0,63.0,47.0,210.62741661071777,53.971863,56.628036
fish8,front,593,FastSAM,2841.0,63.0,47.0,210.62741661071777,54.030792,56.62404
fish8,front,594,FastSAM,2841.0,63.0,47.0,210.62741661071777,54.070496,56.650497
fish8,front,595,FastSAM,2841.0,63.0,47.0,210.62741661071777,53.93805,56.790146
fish8,front,596,FastSAM,2841.0,63.0,47.0,210.62741661071777,53.73871,56.55603
fish8,front,597,FastSAM,157254.5,629.0,253.0,1830.6101713180542,49.714355,53.45331
fish8,front,598,FastSAM,157255.5,629.0,253.0,1831.4385986328125,49.716125,53.455093
fish8,front,599,FastSAM,157234.5,629.0,253.0,1799.7817441225052,49.641693,53.261414
fish8,front,600,FastSAM,157173.5,628.9998779296875,252.99996948242188,1798.1248902082443,49.476044,53.30548
fish8,top,501,Full_SAM,230.0,33.941123962402344,9.192388534545898,77.74011492729187,32.338135,39.672333
fish8,top,502,Full_SAM,229.0,33.23401641845703,9.192388534545898,76.91168749332428,31.886597,39.64438
fish8,top,503,Full_SAM,221.5,32.52690887451172,8.485280990600586,74.32590055465698,31.94165,39.433395
fish8,top,504,Full_SAM,220.5,33.11337661743164,9.219064712524414,76.32590126991272,31.43164,38.20315
fish8,top,505,Full_SAM,213.5,31.819805145263672,9.192388534545898,73.49747407436371,30.7771,37.499058
fish8,top,506,Full_SAM,210.0,30.297710418701172,9.370426177978516,71.25483286380768,30.704407,37.570877
fish8,top,507,Full_SAM,215.5,31.047849655151367,9.4722261428833,72.66904675960541,29.9682,37.284805
fish8,top,508,Full_SAM,219.0,31.063207626342773,9.707252502441406,73.25483286380768,29.343384,37.389767
fish8,top,509,Full_SAM,209.5,31.340560913085938,9.15255355834961,72.66904699802399,28.539978,36.766933
fish8,top,510,Full_SAM,214.5,30.18375015258789,9.946918487548828,71.01219248771667,27.527954,36.181522
fish8,top,511,Full_SAM,215.0,31.304948806762695,9.838698387145996,74.42640614509583,26.708618,35.40506
fish8,top,512,Full_SAM,232.0,33.98823165893555,10.28591251373291,79.25483310222626,26.183228,34.943604
fish8,top,513,Full_SAM,235.0,34.435447692871094,10.28591251373291,78.42640626430511,25.789917,34.719437
fish8,top,514,Full_SAM,238.5,34.882659912109375,10.733126640319824,79.8406195640564,25.886719,35.69771
fish8,top,515,Full_SAM,238.0,34.53933334350586,10.956025123596191,79.25483345985413,25.679321,35.729477
fish8,top,516,Full_SAM,240.0,34.152591705322266,10.75174331665039,79.25483322143555,25.450195,35.609665
fish8,top,517,Full_SAM,238.0,33.6661376953125,12.016376495361328,82.08326029777527,25.293152,35.903446
fish8,top,518,Full_SAM,221.0,33.83636474609375,9.803059577941895,77.59797871112823,25.006958,35.02681
fish8,top,519,Full_SAM,216.5,34.6558837890625,9.41270923614502,79.35533845424652,24.340698,33.73369
fish8,top,520,Full_SAM,212.0,33.312679290771484,8.989134788513184,77.11269760131836,23.6958,33.438663
fish8,top,521,Full_SAM,207.5,32.809757232666016,9.0509672164917,74.87005710601807,23.349731,34.30801
fish8,top,522,Full_SAM,202.5,32.591461181640625,8.558600425720215,74.04163026809692,23.521729,34.8387
fish8,top,523,Full_SAM,207.5,32.48610305786133,8.749590873718262,74.04163002967834,23.643127,34.867855
fish8,top,524,Full_SAM,208.5,32.38773727416992,8.719776153564453,74.04163026809692,23.385498,34.44104
fish8,top,525,Full_SAM,205.0,32.18698501586914,9.121816635131836,73.45584380626678,22.930054,34.12628
fish8,top,526,Full_SAM,199.0,32.0,8.0,70.62741649150848,22.881592,32.92372
fish8,top,527,Full_SAM,217.5,32.0,9.0,72.87005710601807,23.23523,34.795883
fish8,top,528,Full_SAM,213.5,31.0,9.0,72.04163014888763,23.027344,35.483364
fish8,top,529,Full_SAM,226.5,32.0,10.0,72.87005722522736,22.931885,36.989864
fish8,top,530,Full_SAM,217.0,31.85585594177246,9.860145568847656,73.45584380626678,22.55066,35.35733
fish8,top,531,Full_SAM,209.0,31.02134895324707,9.814664840698242,72.28427064418793,23.060852,37.846924
fish8,top,532,Full_SAM,199.5,31.0,9.0,71.21320307254791,22.68164,36.63257
fish8,top,533,Full_SAM,206.0,32.00477600097656,9.214426040649414,73.4558435678482,22.891846,36.73499
fish8,top,534,Full_SAM,211.5,33.0,9.0,74.04162991046906,23.629028,37.8287
fish8,top,535,Full_SAM,219.0,32.386600494384766,9.206343650817871,74.62741661071777,23.989014,37.5567
fish8,top,536,Full_SAM,225.0,33.14362716674805,9.41357421875,76.28427076339722,24.147278,38.02673
fish8,top,537,Full_SAM,224.5,33.22737503051758,9.216353416442871,76.87005722522736,23.96045,37.847687
fish8,top,538,Full_SAM,212.0,33.1038932800293,9.203156471252441,75.11269760131836,24.32489,38.233124
fish8,top,539,Full_SAM,212.0,33.608367919921875,9.275577545166016,78.28427076339722,24.250366,37.715855
fish8,top,540,Full_SAM,212.5,33.89339828491211,9.04314136505127,78.5269113779068,24.27478,37.74155
fish8,top,541,Full_SAM,208.0,32.88768768310547,9.17060375213623,76.28427076339722,24.582214,37.75557
fish8,top,542,Full_SAM,215.0,33.12264633178711,9.714414596557617,77.11269783973694,24.74292,38.286804
fish8,top,543,Full_SAM,217.5,33.443763732910156,9.879271507263184,77.35533881187439,25.090332,37.910477
fish8,top,544,Full_SAM,216.0,33.33350372314453,9.808662414550781,76.76955235004425,25.609375,38.24979
fish8,top,545,Full_SAM,213.5,33.68355941772461,9.682988166809082,77.35533845424652,25.618347,38.12408
fish8,top,546,Full_SAM,211.0,33.62080764770508,9.458539009094238,77.5979791879654,26.235596,38.78705
fish8,top,547,Full_SAM,188.0,30.87755584716797,8.309943199157715,72.76955199241638,29.289124,39.436855
fish8,top,548,Full_SAM,191.0,31.3685302734375,8.49929428100586,73.59797883033752,30.94397,39.565567
fish8,top,549,Full_SAM,189.0,30.528528213500977,8.2009859085083,72.42640614509583,32.05005,39.31732
fish8,top,550,Full_SAM,175.0,28.77605438232422,8.062257766723633,67.59797883033752,32.28882,39.444992
fish8,top,551,Full_SAM,170.0,29.235702514648438,8.06167221069336,69.59797894954681,33.878296,39.519566
fish8,top,552,Full_SAM,185.0,31.62260627746582,8.034408569335938,73.25483298301697,33.110107,39.280426
fish8,top,553,Full_SAM,185.0,32.186981201171875,8.296509742736816,75.25483322143555,32.860107,39.606968
fish8,top,554,Full_SAM,185.0,32.19581604003906,8.520011901855469,75.25483298301697,33.680542,39.555508
fish8,top,555,Full_SAM,196.5,33.599998474121094,8.799999237060547,77.49747383594513,33.830627,39.777187
fish8,top,556,Full_SAM,193.5,33.599998474121094,8.399999618530273,77.49747383594513,32.731567,40.0894
fish8,top,557,Full_SAM,200.5,34.20205307006836,9.05807876586914,79.49747359752655,33.598633,39.824738
fish8,top,558,Full_SAM,178.5,31.24058723449707,8.414023399353027,72.66904699802399,32.84912,39.447697
fish8,top,559,Full_SAM,174.5,29.06591796875,8.221502304077148,67.49747371673584,33.56378,38.84044
fish8,top,560,Full_SAM,179.5,31.144758224487305,8.722990989685059,72.66904664039612,32.847107,38.968994
fish8,top,561,Full_SAM,155.0,26.16897201538086,8.661561012268066,61.597978949546814,32.961304,39.1463
fish8,top,562,Full_SAM,143.0,24.041629791259766,8.485280990600586,57.94112479686737,34.480225,39.295628
fish8,top,563,Full_SAM,155.5,26.16295051574707,8.485280990600586,61.01219356060028,34.722412,39.474487
fish8,top,564,Full_SAM,161.5,28.284271240234375,7.77817440032959,65.84062063694,34.56067,39.88278
fish8,top,565,Full_SAM,146.5,25.455841064453125,8.485280990600586,60.183765292167664,33.901855,39.401337
fish8,top,566,Full_SAM,149.5,27.577163696289062,7.071067810058594,62.66904640197754,33.898743,39.418243
fish8,top,567,Full_SAM,149.0,26.16295051574707,7.77817440032959,60.42640686035156,34.62494,39.175797
fish8,top,568,Full_SAM,139.5,24.748737335205078,7.071067810058594,57.01219201087952,35.917786,39.138367
fish8,top,569,Full_SAM,157.0,28.284271240234375,7.0710673332214355,64.08326041698456,35.77649,38.732998
fish8,top,570,Full_SAM,154.0,27.57958221435547,7.735736846923828,63.254833579063416,35.4776,38.028133
fish8,top,571,Full_SAM,148.5,25.45584487915039,7.77817440032959,59.01219284534454,35.89331,37.84363
fish8,top,572,Full_SAM,141.5,25.479341506958008,7.682214260101318,59.01219296455383,35.704834,35.383392
fish8,top,573,Full_SAM,147.5,26.870054244995117,7.77817440032959,61.840619802474976,36.601746,35.97833
fish8,top,574,Full_SAM,154.5,28.284271240234375,7.77817440032959,64.66904616355896,36.469604,35.539062
fish8,top,575,Full_SAM,145.0,24.748737335205078,7.77817440032959,57.597978591918945,37.10742,35.645584
fish8,top,576,Full_SAM,153.0,25.60000228881836,8.40000057220459,59.5979790687561,36.723267,35.524597
fish8,top,577,Full_SAM,149.0,26.18128204345703,8.33285140991211,61.597978591918945,37.21277,35.83911
fish8,top,578,Full_SAM,158.5,27.000003814697266,8.600000381469727,63.012192487716675,38.180542,35.578766
fish8,top,579,Full_SAM,151.5,26.400001525878906,8.199999809265137,61.012192726135254,36.891724,35.385437
fish8,top,580,Full_SAM,144.5,25.0,8.0,58.183765172958374,37.514526,35.432156
fish8,top,581,Full_SAM,148.0,24.748737335205078,8.485280990600586,58.76955223083496,38.310303,34.209274
fish8,top,582,Full_SAM,154.5,26.07594871520996,8.797983169555664,60.18376588821411,38.170532,34.14826
fish8,top,583,Full_SAM,151.5,25.21029281616211,8.574928283691406,59.35533821582794,35.12549,33.711643
fish8,top,584,Full_SAM,164.0,27.411672592163086,8.682430267333984,63.5979790687561,35.54541,33.9978
fish8,top,585,Full_SAM,164.0,26.832815170288086,8.944271087646484,62.76955211162567,36.991516,33.53876
fish8,top,586,Full_SAM,167.0,26.832815170288086,8.9442720413208,62.76955187320709,39.821777,32.93466
fish8,top,587,Full_SAM,165.5,27.280027389526367,8.944271087646484,63.35533845424652,40.319214,32.765446
fish8,top,588,Full_SAM,160.5,26.410781860351562,8.917926788330078,61.35533857345581,40.697388,34.065765
fish8,top,589,Full_SAM,170.5,28.174455642700195,8.9442720413208,65.35533821582794,41.770264,34.654144
fish8,top,590,Full_SAM,176.5,29.45506477355957,9.256003379821777,68.1837660074234,41.04944,34.55151
fish8,top,591,Full_SAM,165.0,29.03890037536621,8.427372932434082,67.5979791879654,40.723022,32.572636
fish8,top,592,Full_SAM,175.5,29.96331024169922,8.9442720413208,70.18376564979553,42.60327,32.845245
fish8,top,593,Full_SAM,149.5,26.385601043701172,8.497057914733887,61.69848418235779,42.173645,32.08179
fish8,top,594,Full_SAM,156.5,27.14302635192871,8.828940391540527,63.69848430156708,46.777588,33.458218
fish8,top,595,Full_SAM,163.5,28.460498809814453,8.5381498336792,66.52691125869751,47.402893,33.15294
fish8,top,596,Full_SAM,158.0,26.99015998840332,8.760530471801758,64.28427076339722,46.902466,33.402645
fish8,top,597,Full_SAM,117.0,24.284706115722656,7.08572244644165,56.62741661071777,41.481323,27.23938
fish8,top,598,Full_SAM,134.0,26.879358291625977,6.957010269165039,62.28427076339722,41.256714,27.512482
fish8,top,599,Full_SAM,138.0,27.746829986572266,7.280109405517578,64.28427076339722,41.739624,27.574295
fish8,top,600,Full_SAM,139.0,27.698734283447266,7.2789692878723145,64.28427064418793,42.77661,27.9407
fish9,front,3458,FastSAM,2941.5,67.0,47.0,219.2132030725479,34.011353,30.973328
fish9,front,3459,FastSAM,2941.5,67.0,47.0,219.2132030725479,34.200195,30.927124
fish9,front,3460,FastSAM,2941.5,67.0,47.0,219.2132030725479,33.647522,30.970337
fish9,front,3461,FastSAM,2941.5,67.0,47.0,219.2132030725479,33.81079,30.978882
fish9,front,3462,FastSAM,296203.5,637.0,465.0,2203.41421353817,33.809753,30.970337
fish9,front,3463,FastSAM,296203.5,637.0,465.0,2203.41421353817,33.53186,30.415466
fish9,front,3464,FastSAM,296203.5,637.0,465.0,2203.41421353817,33.711914,30.726868
fish9,front,3465,FastSAM,10728.5,131.0,83.0,428.3847759962082,34.221863,31.259277
fish9,front,3466,FastSAM,296203.5,637.0,465.0,2203.41421353817,34.09497,30.749298
fish9,front,3467,FastSAM,296203.5,637.0,465.0,2203.41421353817,33.935913,30.85321
fish9,front,3468,FastSAM,296203.5,637.0,465.0,2203.41421353817,34.099243,30.877167
fish9,front,3469,FastSAM,296203.5,637.0,465.0,2203.41421353817,34.099,30.874695
fish9,front,3470,FastSAM,296203.5,637.0,465.0,2203.41421353817,34.91089,31.194275
fish9,front,3471,FastSAM,10733.0,131.0,83.0,427.79898953437805,34.343567,30.904968
fish9,front,3472,FastSAM,10730.0,131.0,83.0,427.79898953437805,34.643433,30.772705
fish9,front,3473,FastSAM,10730.0,131.0,83.0,427.79898953437805,34.648926,30.772095
fish9,front,3474,FastSAM,296203.5,637.0,465.0,2203.41421353817,34.662354,30.755249
fish9,front,3475,FastSAM,296203.5,637.0,465.0,2203.41421353817,34.65979,30.757812
fish9,front,3476,FastSAM,296203.5,637.0,465.0,2203.41421353817,34.704346,30.945923
fish9,front,3477,FastSAM,296203.5,637.0,465.0,2203.41421353817,34.99701,30.885376
fish9,front,3478,FastSAM,296203.5,637.0,465.0,2203.41421353817,34.997192,30.889038
fish9,front,3479,FastSAM,296203.5,637.0,465.0,2203.41421353817,34.997192,30.889038
fish9,front,3480,FastSAM,296203.5,637.0,465.0,2203.41421353817,35.045776,31.016235
fish9,front,3481,FastSAM,296203.5,637.0,465.0,2203.41421353817,34.725952,30.48999
fish9,front,3482,FastSAM,296203.5,637.0,465.0,2203.41421353817,34.382935,30.733978
fish9,front,3483,FastSAM,10736.5,130.99996948242188,82.99998474121094,428.3847759962082,34.621338,30.749756
fish9,front,3484,FastSAM,10732.5,131.0,83.0,428.3847759962082,34.619507,30.751099
fish9,front,3485,FastSAM,10738.5,130.99996948242188,82.99998474121094,428.3847759962082,34.129272,30.614624
fish9,front,3486,FastSAM,10738.5,130.99996948242188,82.99998474121094,428.3847759962082,34.017883,30.481842
fish9,front,3487,FastSAM,10738.5,130.99996948242188,82.99998474121094,428.3847759962082,34.037476,30.494568
fish9,front,3488,FastSAM,2945.5,67.0,47.0,219.2132030725479,33.965027,30.792542
fish9,front,3489,FastSAM,296203.5,637.0,465.0,2203.41421353817,34.004883,30.714478
fish9,front,3490,FastSAM,296203.5,637.0,465.0,2203.41421353817,34.156006,30.772644
fish9,front,3491,FastSAM,10723.5,131.0,83.0,428.3847759962082,34.28064,30.533417
fish9,front,3492,FastSAM,10724.5,131.0,83.0,428.3847759962082,34.333557,30.610718
fish9,front,3493,FastSAM,10725.5,131.0,83.0,428.3847759962082,34.204163,30.667358
fish9,front,3494,FastSAM,10725.5,131.0,83.0,428.3847759962082,34.241272,30.713135
fish9,front,3495,FastSAM,10733.5,131.0,83.0,428.3847759962082,34.210938,30.732727
fish9,front,3496,FastSAM,10738.5,131.0,83.0,428.3847759962082,33.872314,30.353424
fish9,front,3497,FastSAM,10581.5,131.0,83.0,425.6984843015671,34.41626,28.93811
fish9,front,3498,FastSAM,10581.5,131.0,83.0,425.6984843015671,34.42285,28.945404
fish9,front,3499,FastSAM,10586.5,131.0,83.0,425.6984843015671,34.67682,29.302734
fish9,front,3500,FastSAM,10586.5,131.0,83.0,425.6984843015671,34.676636,29.30194
fish9,front,3501,FastSAM,10522.0,131.0,83.0,430.7695519924164,34.59973,29.318268
fish9,front,3502,FastSAM,10522.0,131.0,83.0,430.7695519924164,34.60016,29.318695
fish9,front,3503,FastSAM,10520.5,131.0,83.0,431.3553384542465,34.5943,29.312225
fish9,front,3504,FastSAM,10634.0,131.0,83.0,427.4558436870575,34.433105,28.998718
fish9,front,3505,FastSAM,10552.0,131.0,83.0,433.11269783973694,34.77948,29.090332
fish9,front,3506,FastSAM,10580.0,131.0,83.0,434.2842707633972,34.710205,29.502869
fish9,front,3507,FastSAM,10571.0,131.0,83.0,433.11269783973694,34.612793,29.76175
fish9,front,3508,FastSAM,10545.0,131.0,83.0,428.2842707633972,34.77246,29.73175
fish9,front,3509,FastSAM,10449.5,135.0,83.0,427.6984843015671,34.333252,30.004028
fish9,front,3510,FastSAM,2873.0,67.0,47.0,218.62741661071777,34.857544,30.887512
fish9,front,3511,FastSAM,3764.0,75.0,55.0,249.4558435678482,34.03125,30.538727
fish9,front,3512,FastSAM,3789.0,75.0,55.0,250.62741661071777,34.030884,30.797668
fish9,front,3513,FastSAM,10335.5,131.0,83.0,424.3847759962082,34.0766,31.297668
fish9,front,3514,FastSAM,10329.5,131.0,83.0,422.72792184352875,34.11194,31.556152
fish9,front,3515,FastSAM,10292.5,131.0,83.0,422.3847759962082,34.503418,30.934692
fish9,front,3516,FastSAM,1443.0,39.0,38.0,149.3137083053589,34.50305,30.945374
fish9,front,3517,FastSAM,1443.0,39.0,38.0,149.3137083053589,34.36902,30.582275
fish9,front,3518,FastSAM,1443.0,39.0,38.0,149.3137083053589,34.37567,30.591919
fish9,front,3519,FastSAM,1443.0,39.0,38.0,149.3137083053589,34.366333,30.601593
fish9,front,3520,FastSAM,1443.0,39.0,38.0,149.3137083053589,34.193115,30.676819
fish9,front,3521,FastSAM,1446.5,39.0,38.0,149.89949476718903,34.155273,30.698822
fish9,front,3522,FastSAM,1446.5,39.0,38.0,149.89949476718903,34.147827,30.69339
fish9,front,3523,FastSAM,1446.5,39.0,38.0,149.89949476718903,34.145813,30.693665
fish9,front,3524,FastSAM,1446.5,39.0,38.0,149.89949476718903,34.073364,30.700104
fish9,front,3525,FastSAM,1446.5,39.0,38.0,149.89949476718903,34.06897,30.708862
fish9,front,3526,FastSAM,1446.5,39.0,38.0,149.89949476718903,34.322876,30.60376
fish9,front,3527,FastSAM,10242.0,135.0,83.0,426.4264061450958,33.90332,30.81134
fish9,front,3528,FastSAM,10275.5,135.0,83.0,427.8406195640564,34.146423,31.131958
fish9,front,3529,FastSAM,1446.5,39.0,38.0,149.89949476718903,34.21881,31.02533
fish9,front,3530,FastSAM,1377.0,38.0,38.0,146.1421353816986,34.342102,31.11444
fish9,front,3531,FastSAM,1377.0,38.0,38.0,146.1421353816986,34.045288,31.025635
fish9,front,3532,FastSAM,1377.0,38.0,38.0,146.1421353816986,34.088745,31.070618
fish9,front,3533,FastSAM,1377.0,38.0,38.0,146.1421353816986,34.254517,31.147705
fish9,front,3534,FastSAM,1377.0,38.0,38.0,146.1421353816986,34.265686,31.162231
fish9,front,3535,FastSAM,1377.0,38.0,38.0,146.1421353816986,34.26416,31.16861
fish9,front,3536,FastSAM,1377.0,38.0,38.0,146.1421353816986,34.25891,31.236633
fish9,front,3537,FastSAM,1377.0,38.0,38.0,146.1421353816986,34.220947,31.210022
fish9,front,3538,FastSAM,1377.0,38.0,38.0,146.1421353816986,34.220276,31.19934
fish9,front,3539,FastSAM,1377.0,38.0,38.0,146.1421353816986,34.44165,30.991272
fish9,front,3540,FastSAM,1377.0,38.0,38.0,146.1421353816986,34.43103,31.0
fish9,front,3541,FastSAM,1377.0,38.0,38.0,146.1421353816986,34.429565,30.996033
fish9,front,3542,FastSAM,1377.0,38.0,38.0,146.1421353816986,34.325684,30.867523
fish9,front,3543,FastSAM,1377.0,38.0,38.0,146.1421353816986,34.260376,30.800415
fish9,front,3544,FastSAM,3750.5,75.0,55.0,250.04163014888763,34.267944,30.826782
fish9,front,3545,FastSAM,10240.0,131.0,83.0,427.11269783973694,34.25,30.826477
fish9,front,3546,FastSAM,10240.5,131.0,83.0,428.5269113779068,34.271484,30.82605
fish9,front,3547,FastSAM,1498.5,39.0,39.0,153.0710676908493,33.56787,31.144623
fish9,front,3548,FastSAM,1498.5,39.0,39.0,153.0710676908493,33.627075,31.210266
fish9,front,3549,FastSAM,1498.5,39.0,39.0,153.0710676908493,33.62799,31.210754
fish9,front,3550,FastSAM,1481.5,39.0,39.0,151.89949476718903,33.626648,31.209595
fish9,front,3551,FastSAM,1481.5,39.0,39.0,151.89949476718903,33.626648,31.209595
fish9,front,3552,FastSAM,1481.5,39.0,39.0,151.89949476718903,33.62683,31.21521
fish9,front,3553,FastSAM,1481.5,39.0,39.0,151.89949476718903,33.635376,31.237
fish9,front,3554,FastSAM,1481.5,39.0,39.0,151.89949476718903,33.633545,31.221191
fish9,front,3555,FastSAM,1481.5,39.0,39.0,151.89949476718903,33.62683,31.215363
fish9,front,3556,FastSAM,1481.5,39.0,39.0,151.89949476718903,33.62848,31.199036
fish9,front,3557,FastSAM,1481.5,39.0,39.0,151.89949476718903,33.625732,31.193604
fish9,front,3558,FastSAM,1481.5,39.0,39.0,151.89949476718903,33.625244,31.193329
fish9,front,3559,FastSAM,301299.5,637.0,473.0,2219.41421353817,33.627197,31.194702
fish9,front,3560,FastSAM,1481.5,39.0,39.0,151.89949476718903,33.635498,31.195953
fish9,front,3561,FastSAM,301299.5,637.0,473.0,2219.41421353817,33.613464,31.175537
fish9,front,3562,FastSAM,1498.5,39.0,39.0,153.0710676908493,33.61377,31.174622
fish9,front,3563,FastSAM,1498.5,39.0,39.0,153.0710676908493,33.61017,31.169373
fish9,front,3564,FastSAM,302090.0,638.9998779296875,472.99993896484375,2233.798989534378,33.593384,31.147644
fish9,front,3565,FastSAM,302093.0,638.9998779296875,472.99993896484375,2233.798989534378,33.627075,31.168274
fish9,front,3566,FastSAM,301142.5,636.9998779296875,472.99993896484375,2229.213203072548,33.76709,31.279236
fish9,front,3567,FastSAM,301141.5,636.9998779296875,472.99993896484375,2229.213203072548,33.766357,31.279114
fish9,front,3568,FastSAM,301139.5,636.9998779296875,472.99993896484375,2229.213203072548,33.657837,31.035706
fish9,front,3569,FastSAM,1469.0,39.0,39.0,151.3137083053589,33.668396,31.039185
fish9,top,3458,Full_SAM,189.5,31.893404006958008,9.04194450378418,76.52691125869751,19.932617,35.968872
fish9,top,3459,Full_SAM,187.5,31.982440948486328,8.359918594360352,72.87005722522736,19.975586,36.045166
fish9,top,3460,Full_SAM,189.0,32.059139251708984,8.359918594360352,73.4558436870575,19.813232,35.986633
fish9,top,3461,Full_SAM,184.5,31.983617782592773,8.326313018798828,75.69848430156708,19.802246,35.986755
fish9,top,3462,Full_SAM,184.5,31.983617782592773,8.326313018798828,75.69848430156708,19.800903,35.986572
fish9,top,3463,Full_SAM,201.0,33.861480712890625,8.310327529907227,78.28427076339722,19.82251,35.85205
fish9,top,3464,Full_SAM,201.0,33.861480712890625,8.310327529907227,78.28427076339722,19.81189,35.847046
fish9,top,3465,Full_SAM,199.5,32.99323654174805,8.558396339416504,76.87005722522736,19.817139,35.72046
fish9,top,3466,Full_SAM,196.0,32.86920166015625,8.558396339416504,76.28427076339722,19.744263,35.59558
fish9,top,3467,Full_SAM,198.0,33.861480712890625,8.434361457824707,78.28427076339722,19.756653,35.592285
fish9,top,3468,Full_SAM,197.0,33.861480712890625,8.558396339416504,79.11269783973694,19.818481,35.599487
fish9,top,3469,Full_SAM,195.5,31.008682250976562,8.6824312210083,72.87005722522736,19.753113,35.475952
fish9,top,3470,Full_SAM,193.5,31.008682250976562,8.558396339416504,72.87005722522736,19.815552,35.61133
fish9,top,3471,Full_SAM,200.5,31.983617782592773,8.590641021728516,74.87005710601807,19.818604,35.729126
fish9,top,3472,Full_SAM,201.0,31.983617782592773,8.260231018066406,75.4558436870575,19.793457,35.528564
fish9,top,3473,Full_SAM,201.0,32.00096130371094,8.558396339416504,76.28427076339722,19.829346,35.470398
fish9,top,3474,Full_SAM,226.5,33.98551559448242,9.426639556884766,84.5269113779068,19.687683,35.552246
fish9,top,3475,Full_SAM,225.5,34.01291275024414,9.386679649353027,84.5269113779068,19.682007,35.552002
fish9,top,3476,Full_SAM,226.5,33.98551559448242,9.426639556884766,84.5269113779068,19.690674,35.50714
fish9,top,3477,Full_SAM,233.5,34.605690002441406,9.426639556884766,87.35533845424652,19.797241,35.644043
fish9,top,3478,Full_SAM,219.5,34.01291275024414,9.276249885559082,87.35533845424652,19.853699,35.649536
fish9,top,3479,Full_SAM,212.5,33.57118606567383,9.276249885559082,80.52691125869751,19.875244,35.649048
fish9,top,3480,Full_SAM,211.0,33.908756256103516,8.66726016998291,85.94112491607666,19.980286,35.787537
fish9,top,3481,Full_SAM,202.5,32.692298889160156,8.66726016998291,76.87005722522736,19.916382,35.845093
fish9,top,3482,Full_SAM,200.5,32.715396881103516,8.548747062683105,77.69848430156708,19.89441,35.836
fish9,top,3483,Full_SAM,200.0,32.715396881103516,8.548747062683105,76.28427076339722,19.974182,35.816284
fish9,top,3484,Full_SAM,236.0,36.0,12.0,108.08326005935669,20.046143,36.075684
fish9,top,3485,Full_SAM,211.5,35.69313430786133,9.413573265075684,82.5269113779068,20.076294,36.26654
fish9,top,3486,Full_SAM,207.5,34.71199417114258,9.28912353515625,81.35533845424652,20.073303,36.255737
fish9,top,3487,Full_SAM,207.5,34.71199417114258,9.28912353515625,81.35533845424652,20.043457,36.245483
fish9,top,3488,Full_SAM,207.0,36.66759490966797,9.28912353515625,84.76955199241638,19.942627,36.43109
fish9,top,3489,Full_SAM,203.0,35.899322509765625,9.28912353515625,84.76955199241638,19.808105,36.51703
fish9,top,3490,Full_SAM,208.0,34.92151641845703,9.498652458190918,81.94112491607666,19.821838,36.463135
fish9,top,3491,Full_SAM,230.5,35.291778564453125,11.191051483154297,98.66904664039612,19.565552,36.703857
fish9,top,3492,Full_SAM,224.0,35.824344635009766,9.755913734436035,96.08326029777527,19.642029,36.638916
fish9,top,3493,Full_SAM,248.5,35.0,12.0,97.8406195640564,19.655762,36.61194
fish9,top,3494,Full_SAM,257.0,36.0,12.0,97.59797894954681,19.609009,36.667664
fish9,top,3495,Full_SAM,272.5,38.52400207519531,12.823885917663574,102.66904664039612,19.543823,36.733276
fish9,top,3496,Full_SAM,247.5,36.0,13.0,99.01219260692596,19.480835,36.521362
fish9,top,3497,Full_SAM,153.0,32.75638198852539,7.892262935638428,74.76955187320709,19.634155,36.27063
fish9,top,3498,Full_SAM,153.0,32.75638198852539,7.892262935638428,74.76955187320709,19.634155,36.27063
fish9,top,3499,Full_SAM,153.0,32.75638198852539,7.892262935638428,74.76955187320709,19.634094,36.270752
fish9,top,3500,Full_SAM,153.0,32.75638198852539,7.892262935638428,74.76955187320709,19.634033,36.270752
fish9,top,3501,Full_SAM,154.0,32.7423095703125,7.518604278564453,74.76955187320709,19.558044,36.16211
fish9,top,3502,Full_SAM,154.0,32.7423095703125,7.518604278564453,74.76955187320709,19.558105,36.16223
fish9,top,3503,Full_SAM,154.0,32.7423095703125,7.518604278564453,74.76955187320709,19.558044,36.16223
fish9,top,3504,Full_SAM,167.0,32.98484420776367,7.761139392852783,75.11269772052765,19.485962,35.94745
fish9,top,3505,Full_SAM,167.0,32.98484420776367,7.761139392852783,75.11269772052765,19.48291,35.946045
fish9,top,3506,Full_SAM,167.0,32.98484420776367,7.761139392852783,75.11269772052765,19.484009,35.94574
fish9,top,3507,Full_SAM,171.0,33.69491195678711,7.838393688201904,76.76955187320709,19.379639,35.838135
fish9,top,3508,Full_SAM,182.0,38.5302848815918,7.838393688201904,88.42640602588654,19.343018,35.81787
fish9,top,3509,Full_SAM,182.5,38.52056121826172,7.601047992706299,87.35533845424652,18.958618,35.605835
fish9,top,3510,Full_SAM,182.5,38.52056121826172,7.601047992706299,87.35533845424652,18.95874,35.605713
fish9,top,3511,Full_SAM,182.5,38.52056121826172,7.601047992706299,87.35533845424652,18.95874,35.605713
fish9,top,3512,Full_SAM,182.5,38.52056121826172,7.601047992706299,88.18376553058624,18.966064,35.564087
fish9,top,3513,Full_SAM,178.5,38.52056121826172,7.601047992706299,89.01219260692596,18.934204,35.45868
fish9,top,3514,Full_SAM,178.5,38.52056121826172,7.601047992706299,89.01219260692596,18.934143,35.45868
fish9,top,3515,Full_SAM,172.5,37.593021392822266,7.518604278564453,87.01219260692596,18.890564,35.43628
fish9,top,3516,Full_SAM,174.5,37.593021392822266,7.761139392852783,87.01219260692596,18.844849,35.3891
fish9,top,3517,Full_SAM,165.5,31.778581619262695,8.101792335510254,74.18376564979553,18.724365,34.835693
fish9,top,3518,Full_SAM,166.5,31.770809173583984,8.23687744140625,74.18376529216766,18.629822,34.9021
fish9,top,3519,Full_SAM,166.5,31.770809173583984,8.23687744140625,74.18376529216766,18.633667,34.90442
fish9,top,3520,Full_SAM,168.5,32.75138854980469,8.23687744140625,76.18376564979553,18.696411,34.955933
fish9,top,3521,Full_SAM,158.5,31.756921768188477,8.051957130432129,74.18376553058624,18.54486,34.67859
fish9,top,3522,Full_SAM,152.5,30.790685653686523,8.051957130432129,71.35533845424652,18.793823,34.641113
fish9,top,3523,Full_SAM,152.5,30.790685653686523,8.051957130432129,70.5269113779068,18.773071,34.440857
fish9,top,3524,Full_SAM,152.5,30.790685653686523,8.051957130432129,70.5269113779068,18.773438,34.441406
fish9,top,3525,Full_SAM,152.5,30.790685653686523,8.051957130432129,71.35533845424652,18.795532,34.66382
fish9,top,3526,Full_SAM,153.0,30.790685653686523,8.051957130432129,72.76955199241638,18.747437,34.473328
fish9,top,3527,Full_SAM,152.5,30.790685653686523,8.051957130432129,72.18376553058624,18.749023,34.571655
fish9,top,3528,Full_SAM,152.5,30.790685653686523,8.051957130432129,72.18376553058624,18.63562,34.55237
fish9,top,3529,Full_SAM,151.5,30.790685653686523,7.601047992706299,70.5269113779068,18.630798,34.618286
fish9,top,3530,Full_SAM,151.5,30.790685653686523,7.601047992706299,70.5269113779068,18.629517,34.618225
fish9,top,3531,Full_SAM,142.0,29.807241439819336,7.829551696777344,70.76955199241638,18.65039,34.654175
fish9,top,3532,Full_SAM,142.0,29.807241439819336,7.829551696777344,70.76955199241638,18.65039,34.654175
fish9,top,3533,Full_SAM,141.0,29.807241439819336,7.417469501495361,69.94112491607666,18.691284,34.634033
fish9,top,3534,Full_SAM,141.0,29.807241439819336,7.417469501495361,69.94112491607666,18.64801,34.617493
fish9,top,3535,Full_SAM,141.0,29.807241439819336,7.417469501495361,69.94112491607666,18.654785,34.621155
fish9,top,3536,Full_SAM,140.5,30.081960678100586,7.417469501495361,70.5269113779068,18.796997,34.69104
fish9,top,3537,Full_SAM,139.0,30.081960678100586,7.417469501495361,69.94112491607666,18.814697,34.695435
fish9,top,3538,Full_SAM,139.0,30.081960678100586,7.417469501495361,69.94112491607666,18.812256,34.694336
fish9,top,3539,Full_SAM,139.0,30.081960678100586,7.417469501495361,69.94112491607666,18.812744,34.701782
fish9,top,3540,Full_SAM,136.5,27.1973876953125,7.417469501495361,62.870057225227356,18.810425,34.701294
fish9,top,3541,Full_SAM,137.5,29.807241439819336,7.417469501495361,69.35533845424652,18.796875,34.67871
fish9,top,3542,Full_SAM,140.0,30.081960678100586,7.417469501495361,69.94112491607666,18.656738,34.44641
fish9,top,3543,Full_SAM,138.5,27.1973876953125,7.829551696777344,63.69848430156708,18.603088,34.261963
fish9,top,3544,Full_SAM,148.0,31.730287551879883,7.829551696777344,74.76955199241638,18.66272,34.17511
fish9,top,3545,Full_SAM,148.0,31.730287551879883,7.829551696777344,74.76955199241638,18.66101,34.17285
fish9,top,3546,Full_SAM,149.5,30.768762588500977,7.829551696777344,73.84061968326569,18.69983,34.196533
fish9,top,3547,Full_SAM,301.0,42.02968215942383,15.799479484558105,118.08326029777527,19.008545,36.117737
fish9,top,3548,Full_SAM,287.5,41.0,16.0,116.66904664039612,18.942505,36.120422
fish9,top,3549,Full_SAM,287.5,41.0,16.0,116.66904664039612,18.941406,36.119995
fish9,top,3550,Full_SAM,281.5,40.0,16.0,115.49747371673584,18.813232,36.01538
fish9,top,3551,Full_SAM,294.0,41.0,16.0,118.08326017856598,18.88562,36.135742
fish9,top,3552,Full_SAM,292.0,41.0,16.0,117.25483310222626,18.89154,36.1261
fish9,top,3553,Full_SAM,274.0,40.0,16.0,124.9116872549057,18.687988,36.00305
fish9,top,3554,Full_SAM,270.5,40.0,15.0,128.32590079307556,18.660034,35.958984
fish9,top,3555,Full_SAM,308.0,42.0,16.0,121.39696860313416,18.659424,36.022827
fish9,top,3556,Full_SAM,304.0,41.0,16.0,117.25483322143555,18.63507,35.97473
fish9,top,3557,Full_SAM,297.5,41.0,16.0,115.84061968326569,18.700256,35.993164
fish9,top,3558,Full_SAM,295.5,41.0,15.0,115.01219260692596,18.630615,35.982666
fish9,top,3559,Full_SAM,182.0,39.72328186035156,9.2777738571167,94.42640614509583,17.986572,35.905518
fish9,top,3560,Full_SAM,180.0,39.58816909790039,9.2777738571167,93.59797894954681,18.01764,35.967407
fish9,top,3561,Full_SAM,260.5,40.0,15.0,131.982754945755,18.866516,36.136353
fish9,top,3562,Full_SAM,176.0,38.63376235961914,8.877545356750488,88.76955187320709,18.019165,35.92505
fish9,top,3563,Full_SAM,176.0,38.63376235961914,8.877545356750488,88.76955187320709,18.013733,35.922485
fish9,top,3564,Full_SAM,174.0,37.64736557006836,8.877545356750488,86.76955187320709,17.9917,35.89038
fish9,top,3565,Full_SAM,191.5,38.63925552368164,9.74925708770752,90.18376529216766,17.691284,35.51013
fish9,top,3566,Full_SAM,190.5,38.63925552368164,8.9442720413208,89.35533833503723,17.659058,35.597168
fish9,top,3567,Full_SAM,190.5,38.63925552368164,8.9442720413208,89.35533833503723,17.662598,35.593994
fish9,top,3568,Full_SAM,194.0,38.818145751953125,8.9442720413208,91.59797894954681,17.448608,35.477234
fish9,top,3569,Full_SAM,193.0,38.818145751953125,8.9442720413208,90.76955187320709,17.529541,35.516968
