FishID,View,FrameIndex,Method,MaskArea_px,MaskLength_px,MaskWidth_px,MaskPerimeter_px
fish01,front,144,ClassicCV,6672.5,107.85826873779297,83.68077087402344,344.9777019023895
fish01,front,145,ClassicCV,6750.5,108.45899200439453,84.44967651367188,344.9777019023895
fish01,front,146,ClassicCV,6806.5,109.31128692626953,85.64652252197266,347.46298336982727
fish01,front,147,ClassicCV,6849.5,108.86322784423828,85.80005645751953,347.11983716487885
fish01,front,148,ClassicCV,6897.5,108.88549041748047,85.80531311035156,347.119836807251
fish01,front,149,ClassicCV,6890.5,107.5055160522461,85.7640380859375,345.4629831314087
fish01,front,150,ClassicCV,7731.5,108.0,95.0,374.49242091178894
fish01,front,151,ClassicCV,7731.5,108.0,95.0,374.49242091178894
fish01,front,152,ClassicCV,7750.5,108.0,95.0,373.6639938354492
fish01,front,153,ClassicCV,7752.0,108.0,94.0,373.4213533401489
fish01,front,154,ClassicCV,7789.0,108.0,94.0,377.0782072544098
fish01,front,155,ClassicCV,7833.5,108.0,95.0,377.32084798812866
fish01,front,156,ClassicCV,7811.0,108.0,95.0,377.9066345691681
fish01,front,157,ClassicCV,7860.5,108.0,96.0,378.1492749452591
fish01,front,158,ClassicCV,7848.0,110.3512191772461,94.35222625732422,380.39191567897797
fish01,front,159,ClassicCV,7820.0,109.35330200195312,94.35222625732422,380.7350617647171
fish01,front,160,ClassicCV,7849.0,110.1820068359375,93.97610473632812,379.2203427553177
fish01,front,161,ClassicCV,7910.5,111.78477478027344,93.38866424560547,380.6345566511154
fish01,front,162,ClassicCV,7863.0,111.78477478027344,93.38866424560547,388.8771970272064
fish01,front,163,ClassicCV,7902.5,111.78477478027344,94.04780578613281,390.29141092300415
fish01,front,164,ClassicCV,7975.5,112.00409698486328,94.04267883300781,378.63455724716187
fish01,front,165,ClassicCV,7953.0,112.00409698486328,94.04267883300781,386.87719786167145
fish01,front,166,ClassicCV,7949.5,112.00409698486328,94.04267883300781,388.29141068458557
fish01,front,167,ClassicCV,7907.5,110.85762023925781,94.04267883300781,387.46298348903656
fish01,front,168,ClassicCV,7934.5,111.17607879638672,94.04267883300781,387.46298348903656
fish01,front,169,ClassicCV,7979.5,111.17607879638672,94.99806213378906,380.1492750644684
fish01,front,170,ClassicCV,8012.5,111.17607879638672,94.99806213378906,384.1492751836777
fish01,front,171,ClassicCV,7922.5,106.0,98.0,382.9777030944824
fish01,front,172,ClassicCV,7945.5,106.99156188964844,97.54451751708984,386.14927530288696
fish01,front,173,ClassicCV,7955.5,106.99156188964844,96.66979217529297,387.6639941930771
fish01,front,174,ClassicCV,8023.0,113.25330352783203,93.35404205322266,382.39191591739655
fish01,front,175,ClassicCV,7827.5,113.67401123046875,93.35404205322266,380.14927530288696
fish01,front,176,ClassicCV,7894.0,110.0,97.0,393.2203426361084
fish01,front,177,ClassicCV,7801.0,110.0,94.0,389.9066345691681
fish01,front,178,ClassicCV,7793.0,109.99998474121094,93.99998474121094,395.07820761203766
fish01,front,179,ClassicCV,7712.5,112.61332702636719,91.57025146484375,385.32084834575653
fish01,front,180,ClassicCV,7648.5,112.69783020019531,91.23157501220703,395.806129693985
fish01,front,181,ClassicCV,7561.0,112.69783020019531,87.38553619384766,389.5634890794754
fish01,front,182,ClassicCV,7589.5,112.69783020019531,87.65386962890625,394.14927554130554
fish01,front,183,ClassicCV,7474.5,112.72798156738281,87.8833236694336,386.14927542209625
fish01,front,184,ClassicCV,7443.5,112.68450164794922,87.88510131835938,400.6345566511154
fish01,front,185,ClassicCV,7333.0,113.53921508789062,83.37052154541016,389.9066344499588
fish01,front,186,ClassicCV,7353.5,117.51225280761719,83.38797760009766,397.8061293363571
fish01,front,187,ClassicCV,7152.5,110.39091491699219,82.60713195800781,384.0071396827698
fish01,front,188,ClassicCV,7054.5,110.42938995361328,83.52882385253906,390.49242091178894
fish01,front,189,ClassicCV,7094.0,110.93296813964844,83.76453399658203,390.7350618839264
fish01,front,190,ClassicCV,7104.0,110.93296813964844,83.76453399658203,391.9066346883774
fish01,front,191,ClassicCV,7049.0,110.36213684082031,82.3970718383789,383.90663516521454
fish01,front,192,ClassicCV,7081.0,110.44834899902344,82.78237915039062,384.7350618839264
fish01,front,193,ClassicCV,7017.0,110.44834899902344,82.86320495605469,381.0782079696655
fish01,front,3417,ClassicCV,4963.0,105.31620025634766,63.97073745727539,292.5929263830185
fish01,front,3418,ClassicCV,4999.5,105.79930114746094,65.1784896850586,292.69343185424805
fish01,front,3419,ClassicCV,5002.5,106.04199981689453,65.12445831298828,295.8650047779083
fish01,front,3420,ClassicCV,4982.0,105.34748077392578,63.687339782714844,296.93607211112976
fish01,front,3421,ClassicCV,4942.0,104.68811798095703,64.53585052490234,293.0782073736191
fish01,front,3422,ClassicCV,4948.0,104.41500854492188,65.20238494873047,295.42135322093964
fish01,front,3423,ClassicCV,4962.5,105.77318572998047,63.49899673461914,294.83556723594666
fish01,front,3424,ClassicCV,4985.5,105.52347564697266,64.18317413330078,294.8355669975281
fish01,front,3425,ClassicCV,4949.5,106.03630065917969,63.41128921508789,292.00713980197906
fish01,front,3426,ClassicCV,4858.0,105.2469482421875,63.41128921508789,292.10764491558075
fish01,front,3427,ClassicCV,4912.5,105.68870544433594,63.864356994628906,292.2081506252289
fish01,front,3428,ClassicCV,4925.5,105.7999496459961,63.11457061767578,290.6934312582016
fish01,front,3429,ClassicCV,4894.5,105.84579467773438,63.044090270996094,289.86500453948975
fish01,front,3430,ClassicCV,4889.5,103.23758697509766,63.639610290527344,289.5218586921692
fish01,front,3431,ClassicCV,4885.0,103.88990783691406,63.64528274536133,289.7644993066788
fish01,front,3432,ClassicCV,4841.5,104.34355163574219,62.47597122192383,292.0071394443512
fish01,front,3433,ClassicCV,4799.0,106.38712310791016,62.095703125,290.9360718727112
fish01,front,3434,ClassicCV,4855.5,106.11331176757812,62.934226989746094,292.00714004039764
fish01,front,3435,ClassicCV,4758.0,104.18895721435547,62.56169128417969,290.5929263830185
fish01,front,3436,ClassicCV,4785.5,103.97294616699219,62.28411102294922,288.3502860069275
fish01,front,3437,ClassicCV,4699.5,104.00691223144531,62.41297149658203,287.17871260643005
fish01,front,3438,ClassicCV,4692.0,102.91340637207031,62.121070861816406,284.5929261445999
fish01,front,3439,ClassicCV,4692.0,102.22149658203125,62.632476806640625,286.5929263830185
fish01,front,3440,ClassicCV,4707.0,102.53048706054688,61.51828384399414,287.07820785045624
fish01,front,3441,ClassicCV,4752.0,101.40287780761719,62.740909576416016,287.90663480758667
fish01,front,3442,ClassicCV,4728.0,100.35940551757812,62.587562561035156,288.24978017807007
fish01,front,3443,ClassicCV,4723.0,101.23245239257812,61.03843307495117,285.07820749282837
fish01,front,3444,ClassicCV,4700.5,100.40916442871094,61.51828384399414,283.17871260643005
fish01,front,3445,ClassicCV,4627.5,99.70205688476562,61.51828384399414,277.1787130832672
fish01,front,3446,ClassicCV,4654.5,99.70205688476562,61.51828384399414,282.0071396827698
fish01,front,3447,ClassicCV,4573.0,102.0,58.60000228881836,281.4213536977768
fish01,front,3448,ClassicCV,4573.0,102.0,58.60000228881836,281.4213536977768
fish01,front,3449,ClassicCV,4596.0,101.90310668945312,58.98093032836914,280.2497808933258
fish01,front,3450,ClassicCV,4578.0,101.71669006347656,58.82130432128906,281.07820761203766
fish01,front,3451,ClassicCV,4568.5,101.80001068115234,60.00000762939453,283.1787129640579
fish01,front,3452,ClassicCV,4578.5,101.91082000732422,60.22942352294922,285.17871284484863
fish01,front,3453,ClassicCV,4539.5,100.67808532714844,60.46232223510742,284.3502858877182
fish01,front,3454,ClassicCV,4562.5,100.51976013183594,61.68816375732422,282.35028553009033
fish01,front,3455,ClassicCV,4551.0,101.7886962890625,60.44664001464844,283.2792184352875
fish01,front,3456,ClassicCV,4424.0,99.05264282226562,59.49271774291992,280.93607199192047
fish01,front,3457,ClassicCV,4317.5,99.51580810546875,58.54232406616211,274.69343185424805
fish01,front,3458,ClassicCV,4305.5,98.1597671508789,58.54706573486328,272.35028624534607
fish01,front,3459,ClassicCV,4273.0,97.67316436767578,58.18352508544922,267.7644999027252
fish01,front,3460,ClassicCV,4336.5,96.75098419189453,59.330482482910156,271.1787123680115
fish01,front,3461,ClassicCV,4263.5,96.13897705078125,59.29883575439453,275.5218588113785
fish01,front,3462,ClassicCV,4191.5,96.87362670898438,57.27565002441406,270.0071395635605
fish01,front,3463,ClassicCV,4049.5,96.93753814697266,56.97553253173828,270.69343173503876
fish01,front,3464,ClassicCV,4037.0,94.11136627197266,56.97553253173828,268.93607246875763
fish01,front,3465,ClassicCV,3999.5,93.82872009277344,56.902915954589844,267.8650048971176
fish01,front,3466,ClassicCV,3972.0,93.94495391845703,56.80575180053711,268.10764503479004
fish01,front,3467,ClassicCV,3883.5,89.92147827148438,55.43400573730469,260.3502856492996
fish01,front,3468,ClassicCV,3802.5,89.58949279785156,54.14936065673828,259.86500465869904
fish01,top,144,ClassicCV,2642.5,87.64921569824219,47.463470458984375,237.58073377609253
fish01,top,145,ClassicCV,2672.5,87.93047332763672,45.4946174621582,236.7523069381714
fish01,top,146,ClassicCV,2728.5,87.6246566772461,45.702911376953125,236.26702558994293
fish01,top,147,ClassicCV,2728.5,88.27667999267578,47.13014221191406,242.7523069381714
fish01,top,148,ClassicCV,2696.5,88.1982192993164,47.04969024658203,241.58073389530182
fish01,top,149,ClassicCV,2765.5,89.0,48.0,239.23758792877197
fish01,top,150,ClassicCV,2756.0,88.0912857055664,47.531272888183594,235.33809328079224
fish01,top,151,ClassicCV,2665.5,88.0,46.0,237.4385986328125
fish01,top,152,ClassicCV,2668.0,87.0,46.0,239.19595801830292
fish01,top,153,ClassicCV,2565.0,86.0,47.0,234.5096663236618
fish01,top,154,ClassicCV,2596.0,86.0,47.0,235.6812391281128
fish01,top,155,ClassicCV,2660.5,87.0,45.0,230.7523068189621
fish01,top,156,ClassicCV,2687.5,86.0,43.0,227.78174436092377
fish01,top,157,ClassicCV,2741.5,86.0,43.0,227.4385987520218
fish01,top,158,ClassicCV,2716.0,85.43826293945312,44.779537200927734,229.6812391281128
fish01,top,159,ClassicCV,2708.5,83.62894439697266,48.299068450927734,229.09545290470123
fish01,top,160,ClassicCV,2663.5,82.35697937011719,51.29935836791992,245.92387998104095
fish01,top,161,ClassicCV,2631.5,82.22666931152344,50.3003044128418,242.26702570915222
fish01,top,162,ClassicCV,2624.0,82.0,51.0,247.68123936653137
fish01,top,163,ClassicCV,2603.0,87.52427673339844,46.77569580078125,236.50966620445251
fish01,top,164,ClassicCV,2685.5,87.44983673095703,46.32190704345703,234.26702570915222
fish01,top,165,ClassicCV,2674.5,87.48255920410156,45.60388946533203,234.26702570915222
fish01,top,166,ClassicCV,2699.5,76.50297546386719,52.100181579589844,235.78174448013306
fish01,top,167,ClassicCV,2739.5,77.0,52.0,235.09545278549194
fish01,top,168,ClassicCV,2752.0,77.0,52.0,235.33809340000153
fish01,top,169,ClassicCV,2674.0,77.16850280761719,50.979190826416016,228.8528118133545
fish01,top,170,ClassicCV,2619.0,84.92237854003906,44.53931427001953,228.16652059555054
fish01,top,171,ClassicCV,2615.0,76.42108917236328,51.40147399902344,228.85281217098236
fish01,top,172,ClassicCV,2594.0,75.92161560058594,51.35606384277344,231.68123924732208
fish01,top,173,ClassicCV,2541.0,74.36994171142578,52.31821060180664,240.85281205177307
fish01,top,174,ClassicCV,2567.5,75.86894989013672,52.148590087890625,240.2670258283615
fish01,top,175,ClassicCV,2463.0,74.33032989501953,52.14500427246094,245.6812391281128
fish01,top,176,ClassicCV,2502.5,74.23931121826172,54.683589935302734,247.58073377609253
fish01,top,177,ClassicCV,2462.5,75.30750274658203,55.380435943603516,247.9238796234131
fish01,top,178,ClassicCV,2603.5,86.13746643066406,49.570556640625,248.26702570915222
fish01,top,179,ClassicCV,2606.0,87.41703033447266,47.49486541748047,251.33809351921082
fish01,top,180,ClassicCV,2513.5,87.91998291015625,42.711917877197266,242.7523068189621
fish01,top,181,ClassicCV,2485.5,85.70800018310547,44.40443420410156,235.5807340145111
fish01,top,182,ClassicCV,2430.5,84.0761489868164,46.0629997253418,233.92387998104095
fish01,top,183,ClassicCV,2455.5,80.62214660644531,50.15906524658203,241.23758804798126
fish01,top,184,ClassicCV,2523.0,85.44874572753906,47.60625076293945,240.16652047634125
fish01,top,185,ClassicCV,2470.0,84.41580200195312,45.68384552001953,232.99494767189026
fish01,top,186,ClassicCV,2450.5,83.79405212402344,43.681251525878906,229.5807340145111
fish01,top,187,ClassicCV,2461.0,83.47435760498047,43.407691955566406,231.6812391281128
fish01,top,188,ClassicCV,2486.0,84.29676818847656,43.356292724609375,230.85281229019165
fish01,top,189,ClassicCV,2473.5,83.52576446533203,42.91939163208008,230.7523069381714
fish01,top,190,ClassicCV,2442.5,83.67786407470703,44.300048828125,231.92387986183167
fish01,top,191,ClassicCV,2417.5,83.07962799072266,45.24379348754883,231.58073389530182
fish01,top,192,ClassicCV,2365.5,84.44023132324219,45.60749816894531,239.23758840560913
fish01,top,193,ClassicCV,2287.0,82.07339477539062,42.595333099365234,234.5096663236618
fish01,top,3417,ClassicCV,1310.0,51.08452606201172,38.87805938720703,160.56854152679443
fish01,top,3418,ClassicCV,1289.5,52.19488525390625,36.39276123046875,159.15432798862457
fish01,top,3419,ClassicCV,1350.5,53.07278060913086,38.78702163696289,163.982754945755
fish01,top,3420,ClassicCV,1429.0,54.157466888427734,39.30857467651367,168.2253955602646
fish01,top,3421,ClassicCV,1434.5,56.36174774169922,37.44066619873047,162.81118202209473
fish01,top,3422,ClassicCV,1423.0,56.0,37.0,162.2253954410553
fish01,top,3423,ClassicCV,1495.5,57.39424514770508,35.5297737121582,163.63960886001587
fish01,top,3424,ClassicCV,1470.5,57.0,34.0,161.98275482654572
fish01,top,3425,ClassicCV,1489.0,58.544395446777344,33.98551940917969,163.39696836471558
fish01,top,3426,ClassicCV,1521.5,59.54361343383789,34.29778289794922,165.98275482654572
fish01,top,3427,ClassicCV,1551.0,60.0,36.0,169.05382251739502
fish01,top,3428,ClassicCV,1585.0,61.0,37.0,173.88224959373474
fish01,top,3429,ClassicCV,1599.5,62.0,39.0,176.12489020824432
fish01,top,3430,ClassicCV,1605.0,62.0,40.0,180.71067678928375
fish01,top,3431,ClassicCV,1611.0,63.77754592895508,38.505149841308594,184.2253954410553
fish01,top,3432,ClassicCV,1562.0,64.06488800048828,37.51045608520508,180.22539567947388
fish01,top,3433,ClassicCV,1562.5,65.09927368164062,37.18239212036133,181.63960897922516
fish01,top,3434,ClassicCV,1596.0,66.0,38.0,183.0538226366043
fish01,top,3435,ClassicCV,1647.0,66.0,37.0,189.88224947452545
fish01,top,3436,ClassicCV,1656.0,67.0,35.0,189.0538226366043
fish01,top,3437,ClassicCV,1658.0,68.0,35.0,190.7106763124466
fish01,top,3438,ClassicCV,1693.5,69.01362609863281,35.63818359375,196.12489020824432
fish01,top,3439,ClassicCV,1653.0,69.81890869140625,35.75004959106445,184.71067655086517
fish01,top,3440,ClassicCV,1667.5,69.7207260131836,35.779605865478516,184.1248904466629
fish01,top,3441,ClassicCV,1693.0,70.75428771972656,36.075225830078125,186.71067678928375
fish01,top,3442,ClassicCV,1726.0,71.81610870361328,37.08638381958008,189.53910398483276
fish01,top,3443,ClassicCV,1780.5,70.37853240966797,39.73880386352539,191.4385985136032
fish01,top,3444,ClassicCV,1774.5,71.5051040649414,38.61141586303711,193.78174448013306
fish01,top,3445,ClassicCV,1777.5,71.40192413330078,38.626182556152344,196.1248903274536
fish01,top,3446,ClassicCV,1744.5,73.0,37.0,195.78174448013306
fish01,top,3447,ClassicCV,1636.5,72.41614532470703,36.04996109008789,198.46803617477417
fish01,top,3448,ClassicCV,1661.5,71.46276092529297,37.41166305541992,202.46803629398346
fish01,top,3449,ClassicCV,1670.0,72.83927917480469,36.55707550048828,199.0538226366043
fish01,top,3450,ClassicCV,1675.5,75.0,36.0,197.63960909843445
fish01,top,3451,ClassicCV,1658.0,76.07695007324219,33.8917236328125,196.2253955602646
fish01,top,3452,ClassicCV,1656.5,76.95098876953125,33.77590560913086,201.63960921764374
fish01,top,3453,ClassicCV,1664.0,77.04592895507812,33.86037063598633,202.22539567947388
fish01,top,3454,ClassicCV,1693.0,77.95127868652344,34.76573181152344,205.88224971294403
fish01,top,3455,ClassicCV,1688.0,78.0,34.0,204.2253955602646
fish01,top,3456,ClassicCV,1732.0,79.0,37.0,207.53910410404205
fish01,top,3457,ClassicCV,1757.5,79.0,38.0,207.78174459934235
fish01,top,3458,ClassicCV,1758.0,78.22785186767578,39.62272262573242,211.19595777988434
fish01,top,3459,ClassicCV,1744.0,78.85270690917969,39.00833511352539,212.3675308227539
fish01,top,3460,ClassicCV,1746.0,78.72517395019531,38.95722198486328,213.53910374641418
fish01,top,3461,ClassicCV,1748.0,79.07857513427734,38.95722198486328,212.36753070354462
fish01,top,3462,ClassicCV,1734.0,80.13735961914062,37.72369384765625,212.02438485622406
fish01,top,3463,ClassicCV,1757.0,82.21920776367188,36.68241500854492,213.19595801830292
fish01,top,3464,ClassicCV,1782.5,83.0,36.0,214.1248903274536
fish01,top,3465,ClassicCV,1803.0,85.0,34.0,215.53910386562347
fish01,top,3466,ClassicCV,1837.5,85.0,34.0,216.95331728458405
fish01,top,3467,ClassicCV,1858.5,86.0,34.0,217.78174459934235
fish01,top,3468,ClassicCV,1866.5,86.0,35.0,216.95331728458405
fish11,front,2101,ClassicCV,0,0,0,0
fish11,front,2102,ClassicCV,0,0,0,0
fish11,front,2103,ClassicCV,0,0,0,0
fish11,front,2104,ClassicCV,0,0,0,0
fish11,front,2105,ClassicCV,0,0,0,0
fish11,front,2106,ClassicCV,0,0,0,0
fish11,front,2107,ClassicCV,0,0,0,0
fish11,front,2108,ClassicCV,0,0,0,0
fish11,front,2109,ClassicCV,0,0,0,0
fish11,front,2110,ClassicCV,0,0,0,0
fish11,front,2111,ClassicCV,0,0,0,0
fish11,front,2112,ClassicCV,0,0,0,0
fish11,front,2113,ClassicCV,0,0,0,0
fish11,front,2114,ClassicCV,0,0,0,0
fish11,front,2115,ClassicCV,0,0,0,0
fish11,front,2116,ClassicCV,0,0,0,0
fish11,front,2117,ClassicCV,250.5,22.0,16.0,67.21320307254791
fish11,front,2118,ClassicCV,318.5,24.0,20.0,75.69848418235779
fish11,front,2119,ClassicCV,313.0,24.0,20.0,76.28427064418793
fish11,front,2120,ClassicCV,318.5,26.000001907348633,18.07692527770996,76.87005710601807
fish11,front,2121,ClassicCV,305.5,24.930980682373047,17.36486053466797,73.6984840631485
fish11,front,2122,ClassicCV,310.5,24.40000343322754,18.399999618530273,73.6984840631485
fish11,front,2123,ClassicCV,316.5,25.200002670288086,18.399999618530273,75.6984840631485
fish11,front,2124,ClassicCV,316.5,25.200002670288086,18.399999618530273,75.6984840631485
fish11,front,2125,ClassicCV,330.5,25.80000114440918,18.399999618530273,76.52691113948822
fish11,front,2126,ClassicCV,278.5,21.0,18.0,68.87005710601807
fish11,front,2127,ClassicCV,278.5,21.0,18.0,68.87005710601807
fish11,front,2128,ClassicCV,305.5,22.0,20.0,73.69848418235779
fish11,front,2129,ClassicCV,304.5,22.0,20.0,73.69848418235779
fish11,front,2130,ClassicCV,325.0,22.0,22.0,76.28427064418793
fish11,front,2131,ClassicCV,328.0,22.0,22.0,76.28427076339722
fish11,front,2132,ClassicCV,328.0,22.0,22.0,76.28427076339722
fish11,front,2133,ClassicCV,353.5,24.0,21.0,77.69848430156708
fish11,front,2134,ClassicCV,381.0,27.280029296875,20.124608993530273,81.11269783973694
fish11,front,2135,ClassicCV,501.0,35.46517562866211,20.131427764892578,95.5979790687561
fish11,front,2136,ClassicCV,508.5,34.048648834228516,20.180051803588867,95.01219248771667
fish11,front,2137,ClassicCV,508.5,34.048648834228516,20.180051803588867,95.01219248771667
fish11,front,2138,ClassicCV,528.0,34.70532989501953,20.348403930664062,97.25483298301697
fish11,front,2139,ClassicCV,605.0,37.63743591308594,22.777700424194336,103.25483298301697
fish11,front,2140,ClassicCV,614.0,38.890869140625,22.62741470336914,106.42640602588654
fish11,front,2141,ClassicCV,640.5,38.890869140625,22.62741470336914,107.49747359752655
fish11,front,2142,ClassicCV,718.5,44.20000076293945,25.0,121.154327750206
fish11,front,2143,ClassicCV,818.0,36.0,32.0,121.25483298301697
fish11,front,2144,ClassicCV,990.0,47.725643157958984,29.54157066345215,138.911687374115
fish11,front,2145,ClassicCV,993.5,43.09501266479492,32.7739372253418,138.32590091228485
fish11,front,2146,ClassicCV,1239.5,53.925621032714844,30.458877563476562,151.9827550649643
fish11,front,2147,ClassicCV,3192.5,80.21151733398438,61.63375473022461,322.20815086364746
fish11,front,2148,ClassicCV,3192.5,80.21151733398438,61.63375473022461,322.20815086364746
fish11,front,2149,ClassicCV,3192.5,80.21151733398438,61.63375473022461,322.20815086364746
fish11,front,2150,ClassicCV,3192.5,80.21151733398438,61.63375473022461,322.20815086364746
fish11,front,2151,ClassicCV,3336.5,80.21151733398438,61.516910552978516,324.20815086364746
fish11,front,2152,ClassicCV,3467.0,79.47001647949219,64.06537628173828,326.1076453924179
fish11,front,2153,ClassicCV,3467.0,79.47001647949219,64.06537628173828,326.1076453924179
fish11,front,2154,ClassicCV,3478.0,79.47001647949219,64.06537628173828,326.1076453924179
fish11,front,2155,ClassicCV,3474.5,79.47001647949219,64.06537628173828,326.69343197345734
fish11,front,2156,ClassicCV,3509.5,79.47001647949219,64.99585723876953,331.1787132024765
fish11,front,2157,ClassicCV,3499.5,79.47001647949219,64.99585723876953,333.1787132024765
fish11,front,2158,ClassicCV,3623.5,79.47001647949219,64.99585723876953,305.8650048971176
fish11,front,2159,ClassicCV,3615.5,79.47001647949219,64.99585723876953,305.8650048971176
fish11,front,2160,ClassicCV,3615.5,79.47001647949219,64.99585723876953,305.8650048971176
fish11,front,2161,ClassicCV,3615.5,79.47001647949219,64.99585723876953,305.8650048971176
fish11,front,2162,ClassicCV,3617.5,79.47001647949219,64.99585723876953,305.8650048971176
fish11,front,2163,ClassicCV,3607.5,79.47001647949219,64.99585723876953,305.8650048971176
fish11,front,2164,ClassicCV,3640.5,81.43436431884766,64.99585723876953,313.5218585729599
fish11,front,2165,ClassicCV,3635.0,81.43436431884766,64.99585723876953,314.10764515399933
fish11,front,2166,ClassicCV,3653.5,82.11099243164062,64.6220932006836,317.52185893058777
fish11,front,2167,ClassicCV,3715.5,82.11099243164062,64.6220932006836,298.69343185424805
fish11,front,2168,ClassicCV,3722.0,81.42145538330078,65.99668884277344,301.62236416339874
fish11,front,2169,ClassicCV,3721.0,81.42145538330078,65.99668884277344,301.62236392498016
fish11,front,2170,ClassicCV,3933.0,82.26587677001953,68.6466064453125,296.4507908821106
fish11,front,2171,ClassicCV,4060.5,81.0,70.0,346.00713980197906
fish11,front,2172,ClassicCV,4216.5,80.99998474121094,69.99998474121094,328.35028541088104
fish11,front,2173,ClassicCV,4216.5,80.99998474121094,69.99998474121094,328.35028541088104
fish11,front,2174,ClassicCV,4183.5,80.99998474121094,69.99998474121094,327.5218585729599
fish11,front,2175,ClassicCV,4183.5,80.99998474121094,69.99998474121094,327.5218585729599
fish11,front,2176,ClassicCV,4185.5,80.99998474121094,69.99998474121094,327.5218586921692
fish11,front,2177,ClassicCV,4185.5,80.99998474121094,69.99998474121094,327.5218586921692
fish11,front,2178,ClassicCV,4182.0,80.99998474121094,69.99998474121094,328.10764515399933
fish11,front,2179,ClassicCV,4265.0,81.0,72.0,315.137082695961
fish11,front,2180,ClassicCV,4295.5,82.0,72.0,314.89444231987
fish11,front,2181,ClassicCV,4919.5,92.94381713867188,81.97306060791016,354.3502856492996
fish11,front,2182,ClassicCV,5269.5,117.55033111572266,87.47118377685547,458.77669179439545
fish11,front,2183,ClassicCV,5269.5,117.55033111572266,87.47118377685547,458.77669179439545
fish11,front,2184,ClassicCV,5269.5,117.55033111572266,87.47118377685547,458.77669179439545
fish11,front,2185,ClassicCV,5269.5,117.55033111572266,87.47118377685547,458.77669179439545
fish11,front,2186,ClassicCV,5269.5,117.55033111572266,87.47118377685547,458.77669179439545
fish11,front,2187,ClassicCV,5269.5,117.55033111572266,87.47118377685547,458.77669179439545
fish11,front,2188,ClassicCV,5269.5,117.55033111572266,87.47118377685547,458.77669179439545
fish11,front,2189,ClassicCV,5269.5,117.55033111572266,87.47118377685547,458.77669179439545
fish11,front,2190,ClassicCV,5269.5,117.55033111572266,87.47118377685547,458.77669179439545
fish11,front,2191,ClassicCV,5269.5,117.55033111572266,87.47118377685547,458.77669179439545
fish11,front,2192,ClassicCV,5474.5,117.55033111572266,87.47118377685547,476.4335460662842
fish11,front,2193,ClassicCV,5474.5,117.55033111572266,87.47118377685547,476.4335460662842
fish11,front,2194,ClassicCV,5474.5,117.55033111572266,87.47118377685547,476.4335460662842
fish11,front,2195,ClassicCV,5474.5,117.55033111572266,87.47118377685547,476.4335460662842
fish11,front,2196,ClassicCV,5474.5,117.55033111572266,87.47118377685547,476.4335460662842
fish11,front,2197,ClassicCV,17356.0,261.9034118652344,134.30943298339844,1032.0386652946472
fish11,front,2198,ClassicCV,17898.0,261.9034118652344,134.30943298339844,1132.8082171678543
fish11,front,2199,ClassicCV,17898.0,261.9034118652344,134.30943298339844,1132.8082171678543
fish11,front,2200,ClassicCV,17898.0,261.9034118652344,134.30943298339844,1132.8082171678543
fish11,front,2201,ClassicCV,17898.0,261.9034118652344,134.30943298339844,1132.8082171678543
fish11,top,2101,ClassicCV,2268.5,71.0,43.0,233.43859887123108
fish11,top,2102,ClassicCV,2338.5,71.0,43.0,238.2670258283615
fish11,top,2103,ClassicCV,2197.5,71.37342071533203,42.66073989868164,239.4385987520218
fish11,top,2104,ClassicCV,2264.5,71.0,42.0,235.78174459934235
fish11,top,2105,ClassicCV,2338.0,71.0,43.0,243.1959581375122
fish11,top,2106,ClassicCV,2249.5,72.07330322265625,41.80101013183594,226.61017155647278
fish11,top,2107,ClassicCV,2234.0,71.94583129882812,41.065120697021484,230.02438521385193
fish11,top,2108,ClassicCV,2233.0,71.94583129882812,41.065120697021484,230.02438521385193
fish11,top,2109,ClassicCV,2235.5,72.04407501220703,41.065120697021484,230.61017155647278
fish11,top,2110,ClassicCV,2195.0,72.07330322265625,40.91563415527344,230.36753106117249
fish11,top,2111,ClassicCV,2167.0,72.12981414794922,40.91563415527344,235.1959581375122
fish11,top,2112,ClassicCV,2262.5,71.0,42.0,247.78174459934235
fish11,top,2113,ClassicCV,2362.0,71.53611755371094,45.255882263183594,252.36753106117249
fish11,top,2114,ClassicCV,2306.0,71.45450592041016,45.255882263183594,251.1959581375122
fish11,top,2115,ClassicCV,2409.0,73.06782531738281,46.47581100463867,254.02438521385193
fish11,top,2116,ClassicCV,2733.5,72.0,50.0,259.4385986328125
fish11,top,2117,ClassicCV,4204.5,123.0,72.0,441.6639943122864
fish11,top,2118,ClassicCV,5633.0,129.0,73.0,572.5340515375137
fish11,top,2119,ClassicCV,6135.0,129.0,73.0,553.9066350460052
fish11,top,2120,ClassicCV,6655.0,133.0,73.0,570.7350620031357
fish11,top,2121,ClassicCV,6202.0,138.0,73.0,471.76449966430664
fish11,top,2122,ClassicCV,7361.0,138.0,74.0,596.3919162750244
fish11,top,2123,ClassicCV,8188.5,154.0,75.0,582.6345567703247
fish11,top,2124,ClassicCV,9144.0,185.01759338378906,133.15008544921875,1140.1808006763458
fish11,top,2125,ClassicCV,18461.0,214.0,186.0,1359.1513632535934
fish11,top,2126,ClassicCV,18128.0,241.5979766845703,156.53273010253906,1421.9797902107239
fish11,top,2127,ClassicCV,16458.0,186.0,163.0,1296.239676117897
fish11,top,2128,ClassicCV,17282.0,196.0,162.0,1199.4701237678528
fish11,top,2129,ClassicCV,17755.0,203.0,162.0,1328.724957227707
fish11,top,2130,ClassicCV,18511.5,212.0,160.0,1303.1686084270477
fish11,top,2131,ClassicCV,21134.0,217.0,164.0,1487.5777695178986
fish11,top,2132,ClassicCV,22750.0,244.0,164.0,1482.0630503892899
fish11,top,2133,ClassicCV,22499.0,277.0,164.0,1658.690467119217
fish11,top,2134,ClassicCV,22998.5,246.0,164.0,1505.8792850971222
fish11,top,2135,ClassicCV,24124.5,268.0,164.0,1566.6488372087479
fish11,top,2136,ClassicCV,21574.0,265.1647033691406,163.75283813476562,1790.430581688881
fish11,top,2137,ClassicCV,21744.0,221.0,164.0,1564.6904673576355
fish11,top,2138,ClassicCV,20857.5,229.0,164.0,1647.0752432346344
fish11,top,2139,ClassicCV,20684.0,228.17308044433594,163.76986694335938,1555.862039923668
fish11,top,2140,ClassicCV,21064.5,233.2991943359375,163.0946807861328,1492.7909724712372
fish11,top,2141,ClassicCV,20733.5,219.92578125,163.6125030517578,1467.6193994283676
fish11,top,2142,ClassicCV,20715.0,226.28887939453125,162.91615295410156,1527.8031648397446
fish11,top,2143,ClassicCV,20456.5,239.33267211914062,163.44871520996094,1375.6782747507095
fish11,top,2144,ClassicCV,19817.0,206.0,164.0,1217.4945089817047
fish11,top,2145,ClassicCV,22543.0,353.0,164.0,1712.8569877147675
fish11,top,2146,ClassicCV,19152.5,222.0,164.0,1318.8498474359512
fish11,top,2147,ClassicCV,18225.0,222.99996948242188,159.99996948242188,1204.180801153183
fish11,top,2148,ClassicCV,18566.5,221.99996948242188,159.99996948242188,1166.1391707658768
fish11,top,2149,ClassicCV,18553.0,214.1588134765625,166.69873046875,1175.2102386951447
fish11,top,2150,ClassicCV,18432.0,214.42669677734375,167.41981506347656,1172.8670927286148
fish11,top,2151,ClassicCV,18717.5,226.99996948242188,152.99996948242188,1240.0802956819534
fish11,top,2152,ClassicCV,23295.5,271.378173828125,202.0792236328125,1618.33007645607
fish11,top,2153,ClassicCV,23401.5,272.1206970214844,199.90631103515625,1583.3595142364502
fish11,top,2154,ClassicCV,28459.5,374.99993896484375,253.99996948242188,2102.5798573493958
fish11,top,2155,ClassicCV,29854.0,379.99993896484375,254.99996948242188,2136.479351878166
fish11,top,2156,ClassicCV,30142.5,374.99993896484375,254.99996948242188,2082.9818778038025
fish11,top,2157,ClassicCV,30140.5,374.99993896484375,254.99996948242188,1974.3544614315033
fish11,top,2158,ClassicCV,31766.0,374.99993896484375,254.99996948242188,2015.4255290031433
fish11,top,2159,ClassicCV,31759.0,374.99993896484375,254.99996948242188,2152.5382274389267
fish11,top,2160,ClassicCV,41470.0,374.99993896484375,358.99993896484375,2629.415424466133
fish11,top,2161,ClassicCV,44072.5,374.99993896484375,358.99993896484375,2724.9717733860016
fish11,top,2162,ClassicCV,45143.5,374.99993896484375,358.99993896484375,2710.4864913225174
fish11,top,2163,ClassicCV,46887.5,374.99993896484375,358.99993896484375,2739.314918756485
fish11,top,2164,ClassicCV,46782.0,374.99993896484375,358.99993896484375,2591.6164351701736
fish11,top,2165,ClassicCV,47627.5,374.99993896484375,358.99993896484375,2533.231658577919
fish11,top,2166,ClassicCV,40224.5,359.0,225.0,2079.408284306526
fish11,top,2167,ClassicCV,40962.5,359.0,226.0,2006.6387320756912
fish11,top,2168,ClassicCV,40845.0,359.0,226.0,2094.195080757141
fish11,top,2169,ClassicCV,40273.5,359.0,227.0,2016.981877565384
fish11,top,2170,ClassicCV,40383.5,359.0,226.0,2057.4671589136124
fish11,top,2171,ClassicCV,40523.0,359.0,226.0,2040.7392375469208
fish11,top,2172,ClassicCV,41126.5,359.0,226.0,2129.266149163246
fish11,top,2173,ClassicCV,41827.5,359.0,226.0,2022.3544619083405
fish11,top,2174,ClassicCV,40807.5,359.0,226.0,2070.6387321949005
fish11,top,2175,ClassicCV,40156.5,359.0,226.0,2034.1534510850906
fish11,top,2176,ClassicCV,45675.0,376.0,359.0,2682.5869969129562
fish11,top,2177,ClassicCV,35600.0,375.0,265.0,1901.5432795286179
fish11,top,2178,ClassicCV,34420.0,371.0,265.0,1877.6854145526886
fish11,top,2179,ClassicCV,33465.0,371.0,265.0,1871.827550649643
fish11,top,2180,ClassicCV,33079.5,371.0,264.0,1860.8986175060272
fish11,top,2181,ClassicCV,32882.5,371.0,264.0,1821.9280552864075
fish11,top,2182,ClassicCV,33096.0,371.0,264.0,1854.5138417482376
fish11,top,2183,ClassicCV,32820.0,371.0,264.0,1786.9991227388382
fish11,top,2184,ClassicCV,32959.0,371.0,263.0,1850.9991227388382
fish11,top,2185,ClassicCV,33373.0,371.0,263.0,1848.0285601615906
fish11,top,2186,ClassicCV,32269.0,371.0,263.0,1860.0285605192184
fish11,top,2187,ClassicCV,31085.5,333.0,264.0,1727.8447952270508
fish11,top,2188,ClassicCV,30755.5,333.0,263.0,1705.3595134019852
fish11,top,2189,ClassicCV,30893.5,333.0,263.0,1673.359514117241
fish11,top,2190,ClassicCV,31200.0,333.0,263.0,1643.460019826889
fish11,top,2191,ClassicCV,31245.5,333.0,263.0,1677.8447955846786
fish11,top,2192,ClassicCV,31496.5,333.0,263.0,1642.8742324113846
fish11,top,2193,ClassicCV,31279.5,333.0,263.0,1639.2173784971237
fish11,top,2194,ClassicCV,31397.5,333.0,263.0,1603.2173782587051
fish11,top,2195,ClassicCV,31354.5,333.0,263.0,1579.6193993091583
fish11,top,2196,ClassicCV,30912.0,332.99993896484375,262.99993896484375,1591.3767589330673
fish11,top,2197,ClassicCV,29205.0,328.0,237.0,1507.5777688026428
fish11,top,2198,ClassicCV,29257.5,328.0,237.0,1503.820409655571
fish11,top,2199,ClassicCV,23287.0,237.0,173.0,1090.0975403785706
fish11,top,2200,ClassicCV,23253.0,237.0,172.0,1052.298551082611
fish11,top,2201,ClassicCV,23126.0,237.0,172.0,1070.4406867027283
fish12,front,1192,ClassicCV,98907.5,520.0,418.0,3152.2997611761093
fish12,front,1193,ClassicCV,97823.0,520.0,453.0,3311.5962241888046
fish12,front,1194,ClassicCV,97267.0,520.0,422.0,3165.027682542801
fish12,front,1195,ClassicCV,96767.5,520.0,451.0,3272.7261674404144
fish12,front,1196,ClassicCV,61820.0,520.0,236.0,2224.7636221647263
fish12,front,1197,ClassicCV,54608.0,478.1879577636719,210.8295135498047,1821.9940711259842
fish12,front,1198,ClassicCV,54882.0,477.9081115722656,211.4088134765625,1809.8519350290298
fish12,front,1199,ClassicCV,54749.0,429.8668518066406,211.509521484375,1705.082383275032
fish12,front,1200,ClassicCV,55048.0,429.5743408203125,212.09629821777344,1706.3960906267166
fish12,front,1201,ClassicCV,53601.5,421.24530029296875,212.6846466064453,1965.917949438095
fish12,front,1202,ClassicCV,55044.5,421.0034484863281,213.1326904296875,1805.4082834720612
fish12,front,1203,ClassicCV,35055.5,266.3257751464844,188.81700134277344,987.8792852163315
fish12,front,1204,ClassicCV,35625.5,267.3084716796875,191.1845245361328,988.9087228775024
fish12,front,1205,ClassicCV,35912.5,276.9505615234375,191.4579315185547,1021.4528787136078
fish12,front,1206,ClassicCV,56410.5,431.20465087890625,210.1609649658203,1808.8397426605225
fish12,front,1207,ClassicCV,56053.0,425.33819580078125,208.14356994628906,1793.910809993744
fish12,front,1208,ClassicCV,55120.0,407.06439208984375,206.45428466796875,1745.2833935022354
fish12,front,1209,ClassicCV,36672.5,275.310546875,196.25608825683594,940.5411915779114
fish12,front,1210,ClassicCV,36091.5,275.3125305175781,193.63345336914062,928.5411916971207
fish12,front,1211,ClassicCV,35302.0,261.9017028808594,196.84393310546875,915.8132699728012
fish12,front,1212,ClassicCV,34435.0,240.0833282470703,193.90640258789062,844.7005717754364
fish12,front,1213,ClassicCV,33853.0,253.0161895751953,191.8695831298828,881.8132688999176
fish12,front,1214,ClassicCV,33174.0,253.94403076171875,187.55027770996094,869.4701238870621
fish12,front,1215,ClassicCV,32319.5,256.3323669433594,180.88803100585938,840.7422013282776
fish12,front,1216,ClassicCV,31503.5,240.9049072265625,178.05799865722656,792.6000664234161
fish12,front,1217,ClassicCV,30900.5,237.20045471191406,176.34185791015625,777.5706290006638
fish12,front,1218,ClassicCV,30399.5,235.40037536621094,175.1222686767578,765.9137750864029
fish12,front,1219,ClassicCV,29903.0,230.8101043701172,172.78431701660156,735.1858530044556
fish12,front,1220,ClassicCV,29601.0,234.33572387695312,170.28541564941406,756.0142800807953
fish12,front,1221,ClassicCV,29229.5,232.72142028808594,169.98114013671875,748.2569206953049
fish12,front,1222,ClassicCV,28975.5,232.8037567138672,169.89788818359375,747.0853476524353
fish12,front,1223,ClassicCV,28863.0,232.53604125976562,168.0828399658203,737.6711337566376
fish12,front,1224,ClassicCV,28829.0,230.15577697753906,170.15562438964844,717.8721442222595
fish12,front,1225,ClassicCV,29045.5,230.2453155517578,170.93458557128906,732.9432127475739
fish12,front,1226,ClassicCV,31693.0,274.4711608886719,208.25054931640625,1806.655977010727
fish12,front,1227,ClassicCV,32661.0,274.4711608886719,208.25054931640625,1734.7981126308441
fish12,front,1228,ClassicCV,34366.0,274.4711608886719,208.25054931640625,1529.945300102234
fish12,front,1229,ClassicCV,34255.0,272.0284729003906,208.25054931640625,1511.9452999830246
fish12,front,1230,ClassicCV,34270.5,272.0284729003906,208.25054931640625,1508.7320973873138
fish12,front,1231,ClassicCV,32745.5,272.0284729003906,205.970703125,1513.075243115425
fish12,front,1232,ClassicCV,32621.0,273.98297119140625,195.8506622314453,1459.1757481098175
fish12,front,1233,ClassicCV,32372.0,273.98297119140625,195.8506622314453,1460.4894565343857
fish12,front,1234,ClassicCV,32171.5,270.921875,195.8506622314453,1384.7909722328186
fish12,front,1235,ClassicCV,32192.0,270.921875,195.8506622314453,1384.2051857709885
fish12,front,1236,ClassicCV,32017.5,270.921875,195.8506622314453,1420.1046805381775
fish12,front,1237,ClassicCV,31907.5,270.921875,195.8506622314453,1421.761534690857
fish12,front,1238,ClassicCV,31844.0,270.921875,195.8506622314453,1516.2884460687637
fish12,front,1239,ClassicCV,32037.0,270.921875,195.8506622314453,1499.8031649589539
fish12,front,1240,ClassicCV,31818.5,270.921875,195.8506622314453,1561.3595138788223
fish12,front,1241,ClassicCV,31781.5,270.6605529785156,195.8506622314453,1575.7026597261429
fish12,front,1242,ClassicCV,30750.5,270.6605529785156,195.8506622314453,1664.8153573274612
fish12,front,1243,ClassicCV,29944.5,270.6605529785156,195.8506622314453,1539.5605241060257
fish12,front,1244,ClassicCV,27475.0,270.2179260253906,195.79200744628906,1426.0630505084991
fish12,front,1245,ClassicCV,26787.0,265.8929138183594,195.79200744628906,1376.749342083931
fish12,front,1246,ClassicCV,26616.0,266.42108154296875,194.84854125976562,1390.749342083931
fish12,front,1247,ClassicCV,24508.5,207.33975219726562,172.63014221191406,732.5411911010742
fish12,front,1248,ClassicCV,24237.0,222.6232452392578,158.81259155273438,730.440685749054
fish12,front,1249,ClassicCV,23922.5,222.7578125,157.62962341308594,728.1980456113815
fish12,front,1250,ClassicCV,33835.5,246.1815948486328,226.24386596679688,1160.246814250946
fish12,front,1251,ClassicCV,34037.5,243.40396118164062,226.31390380859375,1136.1046806573868
fish12,front,1252,ClassicCV,34035.5,241.54331970214844,225.94972229003906,1110.4478244781494
fish12,front,1253,ClassicCV,34211.5,239.4418182373047,226.01817321777344,1093.9625450372696
fish12,front,1254,ClassicCV,34193.0,236.0757293701172,227.45140075683594,1066.8914781808853
fish12,front,1255,ClassicCV,33917.5,233.17127990722656,226.2364959716797,1067.4772630929947
fish12,front,1256,ClassicCV,33741.5,229.5059051513672,226.54087829589844,1065.1929919719696
fish12,front,1257,ClassicCV,33793.5,228.56263732910156,227.0399932861328,1051.3351262807846
fish12,front,1258,ClassicCV,34156.0,230.2173614501953,223.52487182617188,1047.09248650074
fish12,front,1259,ClassicCV,34230.5,231.2056884765625,222.0766143798828,1025.5361384153366
fish12,front,1260,ClassicCV,34330.5,238.41976928710938,206.6541748046875,962.423440694809
fish12,front,1261,ClassicCV,34542.0,239.3239288330078,209.28736877441406,958.1807999610901
fish12,front,1262,ClassicCV,34769.5,233.89398193359375,212.02853393554688,950.0802943706512
fish12,front,1263,ClassicCV,35370.0,230.34756469726562,214.8858642578125,939.3523736000061
fish12,front,1264,ClassicCV,35417.0,224.73240661621094,218.5502471923828,940.5239466428757
fish12,front,1265,ClassicCV,35715.0,222.7474365234375,221.09889221191406,942.5239460468292
fish12,front,1266,ClassicCV,36065.5,229.0,214.0,942.9675970077515
fish12,front,1267,ClassicCV,36261.0,232.0,212.0,920.0386648178101
fish12,front,1268,ClassicCV,36225.5,224.74530029296875,218.6094207763672,909.9970345497131
fish12,front,1269,ClassicCV,36324.0,224.8880157470703,215.6603546142578,903.4112483263016
fish12,front,1270,ClassicCV,36187.5,226.57362365722656,215.61871337890625,901.9970351457596
fish12,front,1271,ClassicCV,35895.5,225.6230926513672,210.4795379638672,898.3401809930801
fish12,front,1272,ClassicCV,35774.5,233.0,204.0,901.9970353841782
fish12,front,1273,ClassicCV,35614.0,225.6841583251953,211.52447509765625,898.097540974617
fish12,front,1274,ClassicCV,35538.5,226.978515625,209.392578125,895.5117545127869
fish12,top,1192,ClassicCV,12206.0,186.2713623046875,120.33953094482422,771.8132691383362
fish12,top,1193,ClassicCV,12241.5,189.5908660888672,116.48960876464844,761.2274833917618
fish12,top,1194,ClassicCV,12107.0,190.40863037109375,116.88148498535156,770.2985500097275
fish12,top,1195,ClassicCV,12217.0,189.42041015625,119.21785736083984,758.1564153432846
fish12,top,1196,ClassicCV,12455.0,190.04164123535156,121.25360870361328,751.6711336374283
fish12,top,1197,ClassicCV,11726.0,151.16702270507812,139.3582305908203,688.7005712985992
fish12,top,1198,ClassicCV,11694.5,152.48080444335938,138.55816650390625,687.6295037269592
fish12,top,1199,ClassicCV,11674.0,158.37123107910156,133.3888702392578,689.0437169075012
fish12,top,1200,ClassicCV,11636.5,157.5050048828125,133.7822265625,689.2863583564758
fish12,top,1201,ClassicCV,11731.0,155.2246856689453,135.6668243408203,699.5289988517761
fish12,top,1202,ClassicCV,11898.5,155.94747924804688,137.2275848388672,702.1147847175598
fish12,top,1203,ClassicCV,11873.5,153.97702026367188,139.25628662109375,672.3157954216003
fish12,top,1204,ClassicCV,11971.5,154.3070831298828,140.18397521972656,671.4873688220978
fish12,top,1205,ClassicCV,12143.5,154.06814575195312,141.8981170654297,655.6883791685104
fish12,top,1206,ClassicCV,12246.5,153.0,141.0,647.2030979394913
fish12,top,1207,ClassicCV,12136.5,158.23590087890625,136.91307067871094,640.031525015831
fish12,top,1208,ClassicCV,12100.0,156.54232788085938,136.73680114746094,627.303603053093
fish12,top,1209,ClassicCV,11976.0,153.76951599121094,136.70103454589844,626.1320301294327
fish12,top,1210,ClassicCV,11977.5,151.31820678710938,136.3651885986328,623.060962677002
fish12,top,1211,ClassicCV,11876.0,148.84091186523438,135.12510681152344,616.1320300102234
fish12,top,1212,ClassicCV,11675.0,147.3346405029297,133.31671142578125,615.4457383155823
fish12,top,1213,ClassicCV,11692.5,145.32061767578125,133.15805053710938,633.3452333211899
fish12,top,1214,ClassicCV,11516.5,143.49078369140625,134.8345489501953,619.2030979394913
fish12,top,1215,ClassicCV,11553.5,141.36444091796875,136.31202697753906,628.3746708631516
fish12,top,1216,ClassicCV,11556.5,141.5651092529297,137.60031127929688,618.3746709823608
fish12,top,1217,ClassicCV,11397.0,140.2786407470703,139.1402130126953,620.1320303678513
fish12,top,1218,ClassicCV,11343.5,140.37762451171875,140.09088134765625,617.8893902301788
fish12,top,1219,ClassicCV,11236.0,141.37551879882812,138.69737243652344,621.1614681482315
fish12,top,1220,ClassicCV,11136.5,141.83209228515625,138.70753479003906,617.4041086435318
fish12,top,1221,ClassicCV,11013.0,142.7702178955078,138.22174072265625,619.9898952245712
fish12,top,1222,ClassicCV,10891.0,143.75082397460938,137.631103515625,628.8183221817017
fish12,top,1223,ClassicCV,10818.0,144.52635192871094,136.95643615722656,632.960457444191
fish12,top,1224,ClassicCV,10858.0,144.45603942871094,136.6238250732422,632.9604575634003
fish12,top,1225,ClassicCV,10838.5,144.8269805908203,135.92074584960938,636.3746712207794
fish12,top,1226,ClassicCV,10824.0,145.02825927734375,134.26548767089844,632.2741657495499
fish12,top,1227,ClassicCV,10918.0,151.0,141.0,708.960457444191
fish12,top,1228,ClassicCV,10891.0,150.0,141.0,719.4457391500473
fish12,top,1229,ClassicCV,10851.5,146.0,141.0,719.5462440252304
fish12,top,1230,ClassicCV,10896.5,148.0,141.0,733.6883792877197
fish12,top,1231,ClassicCV,10993.0,148.0,141.0,737.9310201406479
fish12,top,1232,ClassicCV,10975.0,154.9802703857422,132.9095001220703,743.445739030838
fish12,top,1233,ClassicCV,10963.0,146.0,139.0,741.4457386732101
fish12,top,1234,ClassicCV,11024.0,154.01011657714844,130.48416137695312,764.6173115968704
fish12,top,1235,ClassicCV,11334.5,145.0,138.0,727.0609629154205
fish12,top,1236,ClassicCV,11419.0,154.760986328125,128.12750244140625,717.7888847589493
fish12,top,1237,ClassicCV,11359.5,156.064697265625,127.84383392333984,734.0315251350403
fish12,top,1238,ClassicCV,11486.5,152.63751220703125,131.79295349121094,734.0315252542496
fish12,top,1239,ClassicCV,11323.0,155.8310089111328,128.08157348632812,735.7888842821121
fish12,top,1240,ClassicCV,11290.0,155.6723175048828,127.07026672363281,733.102592587471
fish12,top,1241,ClassicCV,11401.0,154.5285186767578,126.34244537353516,691.4457386732101
fish12,top,1242,ClassicCV,11454.0,153.44093322753906,126.98963165283203,679.445739030838
fish12,top,1243,ClassicCV,11264.5,147.8834228515625,127.36492919921875,683.2030979394913
fish12,top,1244,ClassicCV,11375.0,147.07449340820312,127.84038543701172,678.4751762151718
fish12,top,1245,ClassicCV,11436.5,146.36415100097656,128.22317504882812,674.2325356006622
fish12,top,1246,ClassicCV,11295.5,145.72607421875,128.78720092773438,673.6883795261383
fish12,top,1247,ClassicCV,11090.0,146.0,127.0,678.1320306062698
fish12,top,1248,ClassicCV,11142.0,146.0,127.0,672.9604576826096
fish12,top,1249,ClassicCV,11201.5,145.0,127.0,662.3746709823608
fish12,top,1250,ClassicCV,11101.0,144.0,128.0,669.445739030838
fish12,top,1251,ClassicCV,11138.5,144.0,126.0,648.0315244197845
fish12,top,1252,ClassicCV,11200.0,144.0,126.0,640.132030248642
fish12,top,1253,ClassicCV,11216.5,141.0,126.0,636.3746708631516
fish12,top,1254,ClassicCV,11198.5,143.0,126.0,646.8599519729614
fish12,top,1255,ClassicCV,11254.5,144.0,126.0,628.8599518537521
fish12,top,1256,ClassicCV,11021.5,141.0,128.0,660.8599523305893
fish12,top,1257,ClassicCV,10970.5,141.06625366210938,127.06424713134766,658.1736606359482
fish12,top,1258,ClassicCV,10815.5,140.77685546875,126.68582153320312,649.6883791685104
fish12,top,1259,ClassicCV,10601.0,140.4874725341797,125.72860717773438,655.7888845205307
fish12,top,1260,ClassicCV,10542.0,140.86590576171875,125.14982604980469,660.4751759767532
fish12,top,1261,ClassicCV,10528.0,144.2886199951172,124.47472381591797,666.4751763343811
fish12,top,1262,ClassicCV,10487.0,143.98907470703125,124.17518615722656,668.9604572057724
fish12,top,1263,ClassicCV,10470.5,143.98907470703125,122.56655883789062,674.0315252542496
fish12,top,1264,ClassicCV,9934.5,144.1006317138672,121.35026550292969,740.8010770082474
fish12,top,1265,ClassicCV,9920.0,144.16238403320312,120.72236633300781,741.5878738164902
fish12,top,1266,ClassicCV,9719.0,143.8360595703125,119.777099609375,720.0731546878815
fish12,top,1267,ClassicCV,9664.0,144.08653259277344,120.00482940673828,719.5878739356995
fish12,top,1268,ClassicCV,9623.5,143.91485595703125,119.22279357910156,705.3452332019806
fish12,top,1269,ClassicCV,9468.0,143.57127380371094,118.2836685180664,713.445739030838
fish12,top,1270,ClassicCV,9471.0,139.1862030029297,119.93974304199219,714.2741657495499
fish12,top,1271,ClassicCV,9474.0,138.27345275878906,121.75774383544922,752.2741659879684
fish12,top,1272,ClassicCV,9532.5,138.0200653076172,123.36870574951172,708.8599525690079
fish12,top,1273,ClassicCV,9436.0,137.54103088378906,125.27539825439453,722.6173117160797
fish12,top,1274,ClassicCV,9520.5,137.745849609375,125.52726745605469,741.6883789300919
fish13,front,754,ClassicCV,1270.5,52.25275802612305,30.619449615478516,147.2964632511139
fish13,front,755,ClassicCV,1270.5,52.25275802612305,30.619449615478516,147.2964632511139
fish13,front,756,ClassicCV,1270.5,52.25275802612305,30.619449615478516,147.2964632511139
fish13,front,757,ClassicCV,1270.5,52.25275802612305,30.619449615478516,147.2964632511139
fish13,front,758,ClassicCV,1266.5,52.25275802612305,30.619449615478516,147.2964631319046
fish13,front,759,ClassicCV,1280.5,52.25275802612305,30.619449615478516,147.2964631319046
fish13,front,760,ClassicCV,1280.5,52.25275802612305,30.619449615478516,147.2964631319046
fish13,front,761,ClassicCV,1280.5,52.25275802612305,30.619449615478516,147.2964631319046
fish13,front,762,ClassicCV,1280.5,52.25275802612305,30.619449615478516,147.2964631319046
fish13,front,763,ClassicCV,1280.5,52.25275802612305,30.619449615478516,147.2964631319046
fish13,front,764,ClassicCV,1277.0,52.3002815246582,30.817163467407227,147.88224971294403
fish13,front,765,ClassicCV,1277.0,52.3002815246582,30.817163467407227,147.88224971294403
fish13,front,766,ClassicCV,1273.0,52.3002815246582,30.619617462158203,147.88224959373474
fish13,front,767,ClassicCV,1273.0,52.3002815246582,30.619617462158203,147.88224959373474
fish13,front,768,ClassicCV,1273.0,52.3002815246582,30.619617462158203,147.88224959373474
fish13,front,769,ClassicCV,1273.0,52.3002815246582,30.619617462158203,147.88224959373474
fish13,front,770,ClassicCV,1270.0,52.3002815246582,30.619617462158203,147.88224959373474
fish13,front,771,ClassicCV,1270.0,52.3002815246582,30.619617462158203,147.88224959373474
fish13,front,772,ClassicCV,1270.0,52.3002815246582,30.619617462158203,147.88224959373474
fish13,front,773,ClassicCV,1270.0,52.3002815246582,30.619617462158203,147.88224959373474
fish13,front,774,ClassicCV,1272.0,52.3002815246582,30.619617462158203,147.88224959373474
fish13,front,775,ClassicCV,1272.0,52.3002815246582,30.619617462158203,147.88224959373474
fish13,front,776,ClassicCV,1272.0,52.3002815246582,30.619617462158203,147.88224959373474
fish13,front,777,ClassicCV,1272.0,52.3002815246582,30.619617462158203,147.88224959373474
fish13,front,778,ClassicCV,1272.0,52.3002815246582,30.619617462158203,147.88224959373474
fish13,front,779,ClassicCV,1275.0,51.9545783996582,30.619617462158203,147.88224947452545
fish13,front,780,ClassicCV,1259.0,51.9545783996582,30.619617462158203,145.88224947452545
fish13,front,781,ClassicCV,1259.0,51.9545783996582,30.619617462158203,145.88224947452545
fish13,front,782,ClassicCV,1266.0,51.944942474365234,30.84231185913086,145.88224959373474
fish13,front,783,ClassicCV,1261.0,51.944942474365234,30.84231185913086,144.71067678928375
fish13,front,784,ClassicCV,1261.0,51.944942474365234,30.84231185913086,144.71067678928375
fish13,front,785,ClassicCV,1261.0,51.944942474365234,30.84231185913086,144.71067678928375
fish13,front,786,ClassicCV,1271.5,51.994693756103516,31.19681739807129,145.2964632511139
fish13,front,787,ClassicCV,1271.5,51.994693756103516,31.19681739807129,145.2964632511139
fish13,front,788,ClassicCV,1266.5,51.994693756103516,31.19681739807129,145.2964632511139
fish13,front,789,ClassicCV,1266.5,51.994693756103516,31.19681739807129,145.2964632511139
fish13,front,790,ClassicCV,1266.5,51.994693756103516,31.19681739807129,145.2964632511139
fish13,front,791,ClassicCV,1266.5,51.994693756103516,31.19681739807129,145.2964632511139
fish13,front,792,ClassicCV,1266.5,51.994693756103516,31.19681739807129,145.2964632511139
fish13,front,793,ClassicCV,1266.5,51.994693756103516,31.19681739807129,145.2964632511139
fish13,front,794,ClassicCV,1266.5,51.994693756103516,31.19681739807129,145.2964632511139
fish13,front,795,ClassicCV,1266.5,51.994693756103516,31.19681739807129,145.2964632511139
fish13,front,796,ClassicCV,1260.5,51.994693756103516,31.19681739807129,145.2964631319046
fish13,front,797,ClassicCV,1227.0,50.73223876953125,31.945587158203125,143.05382251739502
fish13,front,798,ClassicCV,1227.0,50.73223876953125,31.945587158203125,143.05382251739502
fish13,front,799,ClassicCV,1227.0,50.73223876953125,31.945587158203125,143.05382251739502
fish13,front,800,ClassicCV,1227.0,50.73223876953125,31.945587158203125,143.05382251739502
fish13,front,801,ClassicCV,1227.0,50.73223876953125,31.945587158203125,143.05382251739502
fish13,front,802,ClassicCV,1227.0,50.73223876953125,31.945587158203125,143.05382251739502
fish13,front,803,ClassicCV,1227.0,50.73223876953125,31.945587158203125,143.05382251739502
fish13,front,804,ClassicCV,1227.0,50.73223876953125,31.945587158203125,143.05382251739502
fish13,front,805,ClassicCV,1227.0,50.73223876953125,31.945587158203125,143.05382251739502
fish13,front,806,ClassicCV,1227.0,50.73223876953125,31.945587158203125,143.05382251739502
fish13,front,807,ClassicCV,1227.0,50.73223876953125,31.945587158203125,143.05382251739502
fish13,front,808,ClassicCV,1227.0,50.73223876953125,31.945587158203125,143.05382251739502
fish13,front,809,ClassicCV,1227.0,50.73223876953125,31.945587158203125,143.05382251739502
fish13,front,810,ClassicCV,1227.0,50.73223876953125,31.945587158203125,143.05382251739502
fish13,front,811,ClassicCV,1227.0,50.73223876953125,31.945587158203125,143.05382251739502
fish13,front,812,ClassicCV,1227.0,50.73223876953125,31.945587158203125,143.05382251739502
fish13,front,813,ClassicCV,1227.0,50.73223876953125,31.945587158203125,143.05382251739502
fish13,front,814,ClassicCV,1227.0,50.73223876953125,31.945587158203125,143.05382251739502
fish13,front,815,ClassicCV,1227.0,50.73223876953125,31.945587158203125,143.05382251739502
fish13,front,816,ClassicCV,1227.0,50.73223876953125,31.945587158203125,143.05382251739502
fish13,front,817,ClassicCV,1227.0,50.73223876953125,31.945587158203125,143.05382251739502
fish13,front,818,ClassicCV,1227.0,50.73223876953125,31.945587158203125,143.05382251739502
fish13,front,819,ClassicCV,1227.0,50.73223876953125,31.945587158203125,143.05382251739502
fish13,front,820,ClassicCV,1227.0,50.73223876953125,31.945587158203125,143.05382251739502
fish13,front,821,ClassicCV,1227.0,50.73223876953125,31.945587158203125,143.05382251739502
fish13,front,822,ClassicCV,1227.0,50.73223876953125,31.945587158203125,143.05382251739502
fish13,front,823,ClassicCV,1227.0,50.73223876953125,31.945587158203125,143.05382251739502
fish13,front,824,ClassicCV,1227.0,50.73223876953125,31.945587158203125,143.05382251739502
fish13,front,825,ClassicCV,1227.0,50.73223876953125,31.945587158203125,143.05382251739502
fish13,front,826,ClassicCV,1227.0,50.73223876953125,31.945587158203125,143.05382251739502
fish13,front,827,ClassicCV,1227.0,50.73223876953125,31.945587158203125,143.05382251739502
fish13,front,828,ClassicCV,1227.0,50.73223876953125,31.945587158203125,143.05382251739502
fish13,front,829,ClassicCV,1227.0,50.73223876953125,31.945587158203125,143.05382251739502
fish13,front,830,ClassicCV,1227.0,50.73223876953125,31.945587158203125,143.05382251739502
fish13,front,831,ClassicCV,1227.0,50.73223876953125,31.945587158203125,143.05382251739502
fish13,front,832,ClassicCV,1230.0,50.73223876953125,31.945587158203125,143.0538228750229
fish13,front,833,ClassicCV,1230.0,50.73223876953125,31.945587158203125,143.0538228750229
fish13,front,834,ClassicCV,1247.0,50.73223876953125,31.945587158203125,144.7106772661209
fish13,front,835,ClassicCV,1247.0,50.73223876953125,31.945587158203125,144.7106772661209
fish13,front,836,ClassicCV,1247.0,50.73223876953125,31.945587158203125,144.7106772661209
fish13,front,837,ClassicCV,1247.0,50.73223876953125,31.945587158203125,144.7106772661209
fish13,front,838,ClassicCV,1247.0,50.73223876953125,31.945587158203125,144.7106772661209
fish13,front,839,ClassicCV,1247.0,50.73223876953125,31.945587158203125,144.7106772661209
fish13,front,840,ClassicCV,1247.0,50.73223876953125,31.945587158203125,144.7106772661209
fish13,front,841,ClassicCV,1247.0,50.73223876953125,31.945587158203125,144.7106772661209
fish13,front,842,ClassicCV,1247.0,50.73223876953125,31.945587158203125,144.7106772661209
fish13,front,843,ClassicCV,1247.0,50.73223876953125,31.945587158203125,144.7106772661209
fish13,front,844,ClassicCV,1247.0,50.73223876953125,31.945587158203125,144.7106772661209
fish13,front,845,ClassicCV,1247.0,50.73223876953125,31.945587158203125,144.7106772661209
fish13,front,846,ClassicCV,1247.0,50.73223876953125,31.945587158203125,144.7106772661209
fish13,front,847,ClassicCV,1291.0,50.535133361816406,32.199378967285156,146.2253954410553
fish13,front,848,ClassicCV,1291.0,50.535133361816406,32.199378967285156,146.2253954410553
fish13,front,849,ClassicCV,1291.0,50.535133361816406,32.199378967285156,146.2253954410553
fish13,front,850,ClassicCV,1291.0,50.535133361816406,32.199378967285156,146.2253954410553
fish13,front,851,ClassicCV,1291.0,50.535133361816406,32.199378967285156,146.2253954410553
fish13,front,852,ClassicCV,1291.0,50.535133361816406,32.199378967285156,146.2253954410553
fish13,front,853,ClassicCV,1291.0,50.535133361816406,32.199378967285156,146.2253954410553
fish13,front,854,ClassicCV,1291.0,50.535133361816406,32.199378967285156,146.2253954410553
fish13,front,855,ClassicCV,1291.0,50.535133361816406,32.199378967285156,146.2253954410553
fish13,front,856,ClassicCV,1291.0,50.535133361816406,32.199378967285156,146.2253954410553
fish13,front,857,ClassicCV,1291.0,50.535133361816406,32.199378967285156,146.2253954410553
fish13,front,858,ClassicCV,1291.0,50.535133361816406,32.199378967285156,146.2253954410553
fish13,front,859,ClassicCV,1291.0,50.535133361816406,32.199378967285156,146.2253954410553
fish13,front,860,ClassicCV,1291.0,50.535133361816406,32.199378967285156,146.2253954410553
fish13,front,861,ClassicCV,1291.0,50.535133361816406,32.199378967285156,146.2253954410553
fish13,front,862,ClassicCV,1291.0,50.535133361816406,32.199378967285156,146.2253954410553
fish13,front,863,ClassicCV,1291.0,50.535133361816406,32.199378967285156,146.2253954410553
fish13,front,864,ClassicCV,1291.0,50.535133361816406,32.199378967285156,146.2253954410553
fish13,front,865,ClassicCV,1291.0,50.535133361816406,32.199378967285156,146.2253954410553
fish13,front,866,ClassicCV,1291.0,50.535133361816406,32.199378967285156,146.2253954410553
fish13,front,867,ClassicCV,1291.0,50.535133361816406,32.199378967285156,146.2253954410553
fish13,front,868,ClassicCV,1291.0,50.535133361816406,32.199378967285156,146.2253954410553
fish13,front,869,ClassicCV,1291.0,50.535133361816406,32.199378967285156,146.2253954410553
fish13,front,870,ClassicCV,1291.0,50.535133361816406,32.199378967285156,146.2253954410553
fish13,front,871,ClassicCV,1291.0,50.535133361816406,32.199378967285156,146.2253954410553
fish13,front,872,ClassicCV,1291.0,50.535133361816406,32.199378967285156,146.2253954410553
fish13,front,873,ClassicCV,1291.0,50.535133361816406,32.199378967285156,146.2253954410553
fish13,front,874,ClassicCV,1291.0,50.535133361816406,32.199378967285156,146.2253954410553
fish13,front,875,ClassicCV,1291.0,50.535133361816406,32.199378967285156,146.2253954410553
fish13,front,876,ClassicCV,1291.0,50.535133361816406,32.199378967285156,146.2253954410553
fish13,front,877,ClassicCV,1291.0,50.535133361816406,32.199378967285156,146.2253954410553
fish13,front,878,ClassicCV,1291.0,50.535133361816406,32.199378967285156,146.2253954410553
fish13,front,879,ClassicCV,1291.0,50.535133361816406,32.199378967285156,146.2253954410553
fish13,front,880,ClassicCV,1291.0,50.535133361816406,32.199378967285156,146.2253954410553
fish13,front,881,ClassicCV,1291.0,50.535133361816406,32.199378967285156,146.2253954410553
fish13,front,882,ClassicCV,1291.0,50.535133361816406,32.199378967285156,146.2253954410553
fish13,front,883,ClassicCV,1291.0,50.535133361816406,32.199378967285156,146.2253954410553
fish13,front,884,ClassicCV,1291.0,50.535133361816406,32.199378967285156,146.2253954410553
fish13,front,885,ClassicCV,1291.0,50.535133361816406,32.199378967285156,146.2253954410553
fish13,front,886,ClassicCV,1291.0,50.535133361816406,32.199378967285156,146.2253954410553
fish13,front,887,ClassicCV,1291.0,50.535133361816406,32.199378967285156,146.2253954410553
fish13,front,888,ClassicCV,1291.0,50.535133361816406,32.199378967285156,146.2253954410553
fish13,front,889,ClassicCV,1291.0,50.535133361816406,32.199378967285156,146.2253954410553
fish13,front,890,ClassicCV,1291.0,50.535133361816406,32.199378967285156,146.2253954410553
fish13,front,891,ClassicCV,1291.0,50.535133361816406,32.199378967285156,146.2253954410553
fish13,front,892,ClassicCV,1291.0,50.535133361816406,32.199378967285156,146.2253954410553
fish13,front,893,ClassicCV,1291.0,50.535133361816406,32.199378967285156,146.2253954410553
fish13,front,894,ClassicCV,1291.0,50.535133361816406,32.199378967285156,146.2253954410553
fish13,front,895,ClassicCV,1291.0,50.535133361816406,32.199378967285156,146.2253954410553
fish13,front,896,ClassicCV,1291.0,50.535133361816406,32.199378967285156,146.2253954410553
fish13,front,897,ClassicCV,1305.5,49.548892974853516,33.100284576416016,147.2964631319046
fish13,front,898,ClassicCV,1305.5,49.548892974853516,33.100284576416016,147.2964631319046
fish13,front,899,ClassicCV,1305.5,49.548892974853516,33.100284576416016,147.2964631319046
fish13,front,900,ClassicCV,1305.5,49.548892974853516,33.100284576416016,147.2964631319046
fish13,front,901,ClassicCV,1305.5,49.548892974853516,33.100284576416016,147.2964631319046
fish13,front,902,ClassicCV,1305.5,49.548892974853516,33.100284576416016,147.2964631319046
fish13,front,903,ClassicCV,1305.5,49.548892974853516,33.100284576416016,147.2964631319046
fish13,front,904,ClassicCV,1305.5,49.548892974853516,33.100284576416016,147.2964631319046
fish13,front,905,ClassicCV,1305.5,49.548892974853516,33.100284576416016,147.2964631319046
fish13,front,906,ClassicCV,1305.5,49.548892974853516,33.100284576416016,147.2964631319046
fish13,front,907,ClassicCV,1305.5,49.548892974853516,33.100284576416016,147.2964631319046
fish13,front,908,ClassicCV,1305.5,49.548892974853516,33.100284576416016,147.2964631319046
fish13,front,909,ClassicCV,1305.5,49.548892974853516,33.100284576416016,147.2964631319046
fish13,front,910,ClassicCV,1305.5,49.548892974853516,33.100284576416016,147.2964631319046
fish13,front,911,ClassicCV,1305.5,49.548892974853516,33.100284576416016,147.2964631319046
fish13,top,754,ClassicCV,552.5,34.0,24.0,97.84061920642853
fish13,top,755,ClassicCV,552.5,34.0,24.0,97.84061920642853
fish13,top,756,ClassicCV,549.5,34.0,24.0,97.84061932563782
fish13,top,757,ClassicCV,549.5,34.0,24.0,97.84061932563782
fish13,top,758,ClassicCV,546.5,34.0,24.0,97.8406195640564
fish13,top,759,ClassicCV,543.5,34.0,24.0,97.8406194448471
fish13,top,760,ClassicCV,543.5,34.0,24.0,97.8406194448471
fish13,top,761,ClassicCV,539.0,34.0,24.0,97.25483310222626
fish13,top,762,ClassicCV,539.0,34.0,24.0,97.25483310222626
fish13,top,763,ClassicCV,539.0,34.0,24.0,97.25483310222626
fish13,top,764,ClassicCV,535.0,34.0,24.0,97.25483298301697
fish13,top,765,ClassicCV,532.5,34.0,24.0,97.8406194448471
fish13,top,766,ClassicCV,532.5,34.0,24.0,97.8406194448471
fish13,top,767,ClassicCV,532.5,34.0,24.0,97.8406194448471
fish13,top,768,ClassicCV,532.5,34.0,24.0,97.8406194448471
fish13,top,769,ClassicCV,532.5,34.0,24.0,97.8406194448471
fish13,top,770,ClassicCV,530.0,38.60000228881836,21.000001907348633,97.25483334064484
fish13,top,771,ClassicCV,530.0,38.60000228881836,21.000001907348633,97.25483334064484
fish13,top,772,ClassicCV,530.0,38.60000228881836,21.000001907348633,97.25483334064484
fish13,top,773,ClassicCV,530.0,38.60000228881836,21.000001907348633,97.25483334064484
fish13,top,774,ClassicCV,525.0,38.502845764160156,20.961685180664062,98.42640590667725
fish13,top,775,ClassicCV,525.0,38.502845764160156,20.961685180664062,98.42640590667725
fish13,top,776,ClassicCV,525.0,38.502845764160156,20.961685180664062,98.42640590667725
fish13,top,777,ClassicCV,525.0,38.502845764160156,20.961685180664062,98.42640590667725
fish13,top,778,ClassicCV,524.5,38.502845764160156,20.961685180664062,97.84061968326569
fish13,top,779,ClassicCV,523.5,38.502845764160156,20.961685180664062,97.84061968326569
fish13,top,780,ClassicCV,523.5,38.502845764160156,20.961685180664062,97.84061968326569
fish13,top,781,ClassicCV,517.5,37.47665786743164,21.21320343017578,97.8406195640564
fish13,top,782,ClassicCV,517.5,37.47665786743164,21.21320343017578,97.8406195640564
fish13,top,783,ClassicCV,511.5,37.79999923706055,20.60000228881836,95.8406195640564
fish13,top,784,ClassicCV,511.5,37.79999923706055,20.60000228881836,95.8406195640564
fish13,top,785,ClassicCV,511.5,37.79999923706055,20.60000228881836,95.8406195640564
fish13,top,786,ClassicCV,511.5,37.79999923706055,20.60000228881836,95.8406195640564
fish13,top,787,ClassicCV,511.5,37.79999923706055,20.60000228881836,95.8406195640564
fish13,top,788,ClassicCV,497.0,36.400001525878906,20.400001525878906,93.25483322143555
fish13,top,789,ClassicCV,497.0,36.400001525878906,20.400001525878906,93.25483322143555
fish13,top,790,ClassicCV,497.0,36.400001525878906,20.400001525878906,93.25483322143555
fish13,top,791,ClassicCV,497.0,36.400001525878906,20.400001525878906,93.25483322143555
fish13,top,792,ClassicCV,497.0,36.400001525878906,20.400001525878906,93.25483322143555
fish13,top,793,ClassicCV,497.0,36.400001525878906,20.400001525878906,93.25483322143555
fish13,top,794,ClassicCV,497.0,36.400001525878906,20.400001525878906,93.25483322143555
fish13,top,795,ClassicCV,495.0,36.400001525878906,20.400001525878906,93.25483322143555
fish13,top,796,ClassicCV,490.5,36.31019592285156,20.34774398803711,93.84061968326569
fish13,top,797,ClassicCV,496.5,34.64822769165039,20.50609588623047,91.84061968326569
fish13,top,798,ClassicCV,496.5,34.64822769165039,20.50609588623047,91.84061968326569
fish13,top,799,ClassicCV,496.5,34.64822769165039,20.50609588623047,91.84061968326569
fish13,top,800,ClassicCV,496.5,34.64822769165039,20.50609588623047,91.84061968326569
fish13,top,801,ClassicCV,496.5,34.64822769165039,20.50609588623047,91.84061968326569
fish13,top,802,ClassicCV,496.5,34.64822769165039,20.50609588623047,91.84061968326569
fish13,top,803,ClassicCV,496.5,34.64822769165039,20.50609588623047,91.84061968326569
fish13,top,804,ClassicCV,496.5,34.64822769165039,20.50609588623047,91.84061968326569
fish13,top,805,ClassicCV,496.5,34.64822769165039,20.50609588623047,91.84061968326569
fish13,top,806,ClassicCV,496.5,34.64822769165039,20.50609588623047,91.84061968326569
fish13,top,807,ClassicCV,496.5,34.64822769165039,20.50609588623047,91.84061968326569
fish13,top,808,ClassicCV,494.0,35.21014404296875,19.9737548828125,91.25483322143555
fish13,top,809,ClassicCV,494.0,35.21014404296875,19.9737548828125,91.25483322143555
fish13,top,810,ClassicCV,494.0,35.21014404296875,19.9737548828125,91.25483322143555
fish13,top,811,ClassicCV,494.0,35.21014404296875,19.9737548828125,91.25483322143555
fish13,top,812,ClassicCV,494.0,35.21014404296875,19.9737548828125,91.25483322143555
fish13,top,813,ClassicCV,494.0,35.21014404296875,19.9737548828125,91.25483322143555
fish13,top,814,ClassicCV,494.0,35.21014404296875,19.9737548828125,91.25483322143555
fish13,top,815,ClassicCV,494.0,35.21014404296875,19.9737548828125,91.25483322143555
fish13,top,816,ClassicCV,494.0,35.21014404296875,19.9737548828125,91.25483322143555
fish13,top,817,ClassicCV,494.0,35.21014404296875,19.9737548828125,91.25483322143555
fish13,top,818,ClassicCV,493.0,35.21014404296875,19.9737548828125,91.25483322143555
fish13,top,819,ClassicCV,493.0,35.21014404296875,19.9737548828125,91.25483322143555
fish13,top,820,ClassicCV,493.0,35.21014404296875,19.9737548828125,91.25483322143555
fish13,top,821,ClassicCV,493.0,35.21014404296875,19.9737548828125,91.25483322143555
fish13,top,822,ClassicCV,493.0,35.21014404296875,19.9737548828125,91.25483322143555
fish13,top,823,ClassicCV,493.0,35.21014404296875,19.9737548828125,91.25483322143555
fish13,top,824,ClassicCV,493.0,35.21014404296875,19.9737548828125,91.25483322143555
fish13,top,825,ClassicCV,493.0,35.21014404296875,19.9737548828125,91.25483322143555
fish13,top,826,ClassicCV,493.0,35.21014404296875,19.9737548828125,91.25483322143555
fish13,top,827,ClassicCV,493.0,35.21014404296875,19.9737548828125,91.25483322143555
fish13,top,828,ClassicCV,493.0,35.21014404296875,19.9737548828125,91.25483322143555
fish13,top,829,ClassicCV,485.5,34.64822769165039,19.798988342285156,91.84061980247498
fish13,top,830,ClassicCV,485.5,34.64822769165039,19.798988342285156,91.84061980247498
fish13,top,831,ClassicCV,485.5,34.64822769165039,19.798988342285156,91.84061980247498
fish13,top,832,ClassicCV,485.5,34.64822769165039,19.798988342285156,91.84061980247498
fish13,top,833,ClassicCV,485.5,34.64822769165039,19.798988342285156,91.84061980247498
fish13,top,834,ClassicCV,485.5,34.64822769165039,19.798988342285156,91.84061980247498
fish13,top,835,ClassicCV,485.5,34.64822769165039,19.798988342285156,91.84061980247498
fish13,top,836,ClassicCV,485.5,34.64822769165039,19.798988342285156,91.84061980247498
fish13,top,837,ClassicCV,485.5,34.64822769165039,19.798988342285156,91.84061980247498
fish13,top,838,ClassicCV,485.5,34.64822769165039,19.798988342285156,91.84061980247498
fish13,top,839,ClassicCV,485.5,34.64822769165039,19.798988342285156,91.84061980247498
fish13,top,840,ClassicCV,485.5,34.64822769165039,19.798988342285156,91.84061980247498
fish13,top,841,ClassicCV,481.5,34.64822769165039,19.798988342285156,91.84061968326569
fish13,top,842,ClassicCV,481.5,34.64822769165039,19.798988342285156,91.84061968326569
fish13,top,843,ClassicCV,481.5,34.64822769165039,19.798988342285156,91.84061968326569
fish13,top,844,ClassicCV,481.5,34.64822769165039,19.798988342285156,91.84061968326569
fish13,top,845,ClassicCV,481.5,34.64822769165039,19.798988342285156,91.84061968326569
fish13,top,846,ClassicCV,481.5,34.64822769165039,19.798988342285156,91.84061968326569
fish13,top,847,ClassicCV,497.5,33.541019439697266,20.57182502746582,91.84061980247498
fish13,top,848,ClassicCV,497.5,33.541019439697266,20.57182502746582,91.84061980247498
fish13,top,849,ClassicCV,497.5,33.541019439697266,20.57182502746582,91.84061980247498
fish13,top,850,ClassicCV,497.5,33.541019439697266,20.57182502746582,91.84061980247498
fish13,top,851,ClassicCV,497.5,33.541019439697266,20.57182502746582,91.84061980247498
fish13,top,852,ClassicCV,497.5,33.541019439697266,20.57182502746582,91.84061980247498
fish13,top,853,ClassicCV,497.5,33.541019439697266,20.57182502746582,91.84061980247498
fish13,top,854,ClassicCV,497.5,33.541019439697266,20.57182502746582,91.84061980247498
fish13,top,855,ClassicCV,497.5,33.541019439697266,20.57182502746582,91.84061980247498
fish13,top,856,ClassicCV,497.5,33.541019439697266,20.57182502746582,91.84061980247498
fish13,top,857,ClassicCV,497.5,33.541019439697266,20.57182502746582,91.84061980247498
fish13,top,858,ClassicCV,497.5,33.541019439697266,20.57182502746582,91.84061980247498
fish13,top,859,ClassicCV,497.5,33.541019439697266,20.57182502746582,91.84061980247498
fish13,top,860,ClassicCV,497.5,33.541019439697266,20.57182502746582,91.84061980247498
fish13,top,861,ClassicCV,497.5,33.541019439697266,20.57182502746582,91.84061980247498
fish13,top,862,ClassicCV,497.5,33.541019439697266,20.57182502746582,91.84061980247498
fish13,top,863,ClassicCV,497.5,33.541019439697266,20.57182502746582,91.84061980247498
fish13,top,864,ClassicCV,497.5,33.541019439697266,20.57182502746582,91.84061980247498
fish13,top,865,ClassicCV,497.5,33.541019439697266,20.57182502746582,91.84061980247498
fish13,top,866,ClassicCV,497.5,33.541019439697266,20.57182502746582,91.84061980247498
fish13,top,867,ClassicCV,503.5,33.541019439697266,21.0190372467041,91.84061980247498
fish13,top,868,ClassicCV,503.5,33.541019439697266,21.0190372467041,91.84061980247498
fish13,top,869,ClassicCV,503.5,33.541019439697266,21.0190372467041,91.84061980247498
fish13,top,870,ClassicCV,503.5,33.541019439697266,21.0190372467041,91.84061980247498
fish13,top,871,ClassicCV,506.0,33.541019439697266,21.0190372467041,91.254833817482
fish13,top,872,ClassicCV,506.0,33.541019439697266,21.0190372467041,91.254833817482
fish13,top,873,ClassicCV,506.0,33.541019439697266,21.0190372467041,91.254833817482
fish13,top,874,ClassicCV,505.0,33.541019439697266,21.0190372467041,91.254833817482
fish13,top,875,ClassicCV,505.0,33.541019439697266,21.0190372467041,91.254833817482
fish13,top,876,ClassicCV,512.5,34.64822769165039,20.50609588623047,92.66904735565186
fish13,top,877,ClassicCV,512.5,34.435447692871094,21.0190372467041,92.66904735565186
fish13,top,878,ClassicCV,512.5,34.435447692871094,21.0190372467041,92.66904735565186
fish13,top,879,ClassicCV,514.0,34.435447692871094,21.0190372467041,93.254833817482
fish13,top,880,ClassicCV,514.0,34.435447692871094,21.0190372467041,93.254833817482
fish13,top,881,ClassicCV,514.0,34.435447692871094,21.0190372467041,93.254833817482
fish13,top,882,ClassicCV,509.0,34.435447692871094,21.0190372467041,92.42640674114227
fish13,top,883,ClassicCV,509.0,34.435447692871094,21.0190372467041,92.42640674114227
fish13,top,884,ClassicCV,509.0,34.435447692871094,21.0190372467041,92.42640674114227
fish13,top,885,ClassicCV,509.0,34.435447692871094,21.0190372467041,92.42640674114227
fish13,top,886,ClassicCV,509.0,34.435447692871094,21.0190372467041,92.42640674114227
fish13,top,887,ClassicCV,509.5,34.64822769165039,20.50609588623047,91.84062027931213
fish13,top,888,ClassicCV,509.5,34.64822769165039,20.50609588623047,91.84062027931213
fish13,top,889,ClassicCV,509.5,34.64822769165039,20.50609588623047,91.84062027931213
fish13,top,890,ClassicCV,504.0,33.98823165893555,20.57182502746582,92.42640626430511
fish13,top,891,ClassicCV,504.0,33.98823165893555,20.57182502746582,92.42640626430511
fish13,top,892,ClassicCV,504.0,33.98823165893555,20.57182502746582,92.42640626430511
fish13,top,893,ClassicCV,502.5,33.98823165893555,20.57182502746582,91.84061980247498
fish13,top,894,ClassicCV,500.5,33.98823165893555,20.57182502746582,91.84061980247498
fish13,top,895,ClassicCV,500.5,33.98823165893555,20.57182502746582,91.84061980247498
fish13,top,896,ClassicCV,500.5,33.98823165893555,20.57182502746582,91.84061980247498
fish13,top,897,ClassicCV,504.0,33.0818977355957,21.367650985717773,90.42640602588654
fish13,top,898,ClassicCV,504.0,33.0818977355957,21.367650985717773,90.42640602588654
fish13,top,899,ClassicCV,506.0,33.0818977355957,21.367650985717773,90.42640602588654
fish13,top,900,ClassicCV,506.0,33.0818977355957,21.367650985717773,90.42640602588654
fish13,top,901,ClassicCV,500.5,32.52690887451172,21.21320343017578,89.84061980247498
fish13,top,902,ClassicCV,501.5,32.52690887451172,21.21320343017578,89.84061968326569
fish13,top,903,ClassicCV,501.5,32.52690887451172,21.21320343017578,89.84061968326569
fish13,top,904,ClassicCV,501.5,32.52690887451172,21.21320343017578,89.84061968326569
fish13,top,905,ClassicCV,501.5,32.52690887451172,21.21320343017578,89.84061968326569
fish13,top,906,ClassicCV,497.0,32.52690887451172,21.21320343017578,90.42640602588654
fish13,top,907,ClassicCV,497.0,32.52690887451172,21.21320343017578,90.42640602588654
fish13,top,908,ClassicCV,497.0,32.52690887451172,21.21320343017578,90.42640602588654
fish13,top,909,ClassicCV,497.5,32.52690887451172,21.21320343017578,89.84061980247498
fish13,top,910,ClassicCV,497.5,32.52690887451172,21.21320343017578,89.84061980247498
fish13,top,911,ClassicCV,497.5,32.52690887451172,21.21320343017578,89.84061980247498
fish14,front,4445,ClassicCV,0,0,0,0
fish14,front,4446,ClassicCV,0,0,0,0
fish14,front,4447,ClassicCV,247.5,18.0,17.0,62.38477599620819
fish14,front,4448,ClassicCV,247.5,18.0,17.0,62.38477599620819
fish14,front,4449,ClassicCV,0,0,0,0
fish14,front,4450,ClassicCV,0,0,0,0
fish14,front,4451,ClassicCV,0,0,0,0
fish14,front,4452,ClassicCV,0,0,0,0
fish14,front,4453,ClassicCV,0,0,0,0
fish14,front,4454,ClassicCV,0,0,0,0
fish14,front,4455,ClassicCV,0,0,0,0
fish14,front,4456,ClassicCV,280.5,24.0,16.0,72.38477599620819
fish14,front,4457,ClassicCV,217.0,25.71215057373047,11.498040199279785,68.97056245803833
fish14,front,4458,ClassicCV,321.0,26.0,16.0,74.62741661071777
fish14,front,4459,ClassicCV,320.5,26.0,16.0,76.38477599620819
fish14,front,4460,ClassicCV,296.0,25.0,13.0,71.31370830535889
fish14,front,4461,ClassicCV,355.0,27.0,15.0,79.31370830535889
fish14,front,4462,ClassicCV,300.0,27.802736282348633,13.59439754486084,75.79898953437805
fish14,front,4463,ClassicCV,263.5,21.819114685058594,15.300539016723633,68.38477599620819
fish14,front,4464,ClassicCV,348.0,24.99962043762207,17.994230270385742,77.11269783973694
fish14,front,4465,ClassicCV,235.0,23.0,13.0,67.79898929595947
fish14,front,4466,ClassicCV,384.0,27.0,16.0,78.62741661071777
fish14,front,4467,ClassicCV,366.0,26.0,17.0,76.62741649150848
fish14,front,4468,ClassicCV,267.5,24.327533721923828,13.723222732543945,69.21320307254791
fish14,front,4469,ClassicCV,271.5,24.34595489501953,13.769433975219727,69.21320307254791
fish14,front,4470,ClassicCV,282.0,24.0,15.0,69.79898941516876
fish14,front,4471,ClassicCV,328.0,26.0,16.0,75.4558435678482
fish14,front,4472,ClassicCV,325.0,24.0,18.0,74.62741661071777
fish14,front,4473,ClassicCV,378.0,24.0,21.0,79.4558436870575
fish14,front,4474,ClassicCV,400.0,27.0,19.0,81.11269772052765
fish14,front,4475,ClassicCV,348.5,26.0,16.0,76.87005710601807
fish14,front,4476,ClassicCV,349.5,26.0,15.0,75.55634891986847
fish14,front,4477,ClassicCV,371.5,29.0,16.0,82.04163014888763
fish14,front,4478,ClassicCV,450.0,30.0,20.0,89.11269772052765
fish14,front,4479,ClassicCV,486.5,31.0,21.0,91.69848430156708
fish14,top,4445,ClassicCV,715.0,40.0,32.0,142.56854164600372
fish14,top,4446,ClassicCV,721.5,41.0,32.0,144.81118202209473
fish14,top,4447,ClassicCV,761.5,41.37933349609375,31.66853904724121,139.98275470733643
fish14,top,4448,ClassicCV,745.0,42.34917068481445,30.93988609313965,141.3969682455063
fish14,top,4449,ClassicCV,742.0,42.34917068481445,30.93988609313965,139.39696860313416
fish14,top,4450,ClassicCV,732.0,40.0,32.0,139.740114569664
fish14,top,4451,ClassicCV,750.0,41.0,32.0,140.56854116916656
fish14,top,4452,ClassicCV,752.5,40.696434020996094,30.857736587524414,139.154327750206
fish14,top,4453,ClassicCV,740.5,39.0,32.0,139.15432798862457
fish14,top,4454,ClassicCV,734.5,41.25208282470703,30.223608016967773,137.15432786941528
fish14,top,4455,ClassicCV,741.5,41.58201599121094,29.759279251098633,135.15432798862457
fish14,top,4456,ClassicCV,753.0,38.0,33.0,136.56854140758514
fish14,top,4457,ClassicCV,763.5,40.0,32.0,139.49747383594513
fish14,top,4458,ClassicCV,726.5,39.0,32.0,139.15432786941528
fish14,top,4459,ClassicCV,711.5,41.989784240722656,29.097864151000977,137.9827550649643
fish14,top,4460,ClassicCV,709.5,41.25208282470703,30.223608016967773,139.15432786941528
fish14,top,4461,ClassicCV,723.5,37.31389236450195,33.2342414855957,137.15432786941528
fish14,top,4462,ClassicCV,720.5,39.53150177001953,29.82265281677246,135.982754945755
fish14,top,4463,ClassicCV,730.0,38.624637603759766,31.196821212768555,140.56854140758514
fish14,top,4464,ClassicCV,744.5,38.343509674072266,32.2655029296875,142.81118202209473
fish14,top,4465,ClassicCV,724.5,40.11125564575195,30.30034828186035,140.81118214130402
fish14,top,4466,ClassicCV,736.5,41.42853927612305,30.512453079223633,142.81118214130402
fish14,top,4467,ClassicCV,724.0,38.925350189208984,30.947484970092773,141.88224923610687
fish14,top,4468,ClassicCV,708.5,39.65454864501953,29.93787384033203,139.29646277427673
fish14,top,4469,ClassicCV,715.0,40.656742095947266,30.205791473388672,141.05382227897644
fish14,top,4470,ClassicCV,710.5,41.47197723388672,30.081340789794922,140.81118178367615
fish14,top,4471,ClassicCV,685.5,40.394287109375,29.283430099487305,139.63960933685303
fish14,top,4472,ClassicCV,675.0,40.57369613647461,29.41264533996582,143.88224971294403
fish14,top,4473,ClassicCV,700.0,40.81605529785156,30.205791473388672,144.7106772661209
fish14,top,4474,ClassicCV,715.0,41.521549224853516,29.848230361938477,146.71067667007446
fish14,top,4475,ClassicCV,759.5,41.20441436767578,33.141387939453125,160.1248903274536
fish14,top,4476,ClassicCV,788.5,41.32298278808594,33.34889602661133,160.12489008903503
fish14,top,4477,ClassicCV,774.5,43.0370979309082,32.79983901977539,159.2964630126953
fish14,top,4478,ClassicCV,745.5,42.762760162353516,31.118995666503906,151.78174436092377
fish14,top,4479,ClassicCV,757.5,42.77922439575195,32.26446533203125,159.78174436092377
fish15,front,2151,ClassicCV,9027.0,266.0,42.0,621.1959581375122
fish15,front,2152,ClassicCV,9027.0,266.0,42.0,621.1959581375122
fish15,front,2153,ClassicCV,9018.0,266.0,42.0,622.0243852138519
fish15,front,2154,ClassicCV,9022.5,266.0,42.0,622.2670258283615
fish15,front,2155,ClassicCV,8948.0,266.0,42.0,624.1665205955505
fish15,front,2156,ClassicCV,8813.5,266.0,41.0,615.0954529047012
fish15,front,2157,ClassicCV,8715.0,266.0,41.0,615.3380935192108
fish15,front,2158,ClassicCV,8278.0,266.0,41.0,614.5096660852432
fish15,front,2159,ClassicCV,8063.0,266.0,41.0,606.8528121709824
fish15,front,2160,ClassicCV,8052.0,266.0,41.0,606.0243852138519
fish15,front,2161,ClassicCV,7899.5,265.0,41.0,600.6101715564728
fish15,front,2162,ClassicCV,7766.0,265.0,41.0,600.0243850946426
fish15,front,2163,ClassicCV,7682.5,264.0,41.0,603.9238796234131
fish15,front,2164,ClassicCV,7682.5,264.0,41.0,603.9238796234131
fish15,front,2165,ClassicCV,7606.5,264.0,41.0,603.0954524278641
fish15,front,2166,ClassicCV,7566.0,264.0,41.0,604.1665204763412
fish15,front,2167,ClassicCV,7342.0,264.0,41.0,598.8528120517731
fish15,front,2168,ClassicCV,7214.5,264.0,41.0,601.9238798618317
fish15,front,2169,ClassicCV,7137.0,264.0,41.0,601.6812392473221
fish15,front,2170,ClassicCV,6985.0,264.0,41.0,605.3380932807922
fish15,front,2171,ClassicCV,6864.5,264.0,41.0,601.4385985136032
fish15,front,2172,ClassicCV,6819.0,264.0,41.0,600.3675310611725
fish15,front,2173,ClassicCV,6795.0,264.0,41.0,600.710676908493
fish15,front,2174,ClassicCV,6685.5,262.0,41.0,603.0954529047012
fish15,front,2175,ClassicCV,6371.5,262.0,41.0,596.6101715564728
fish15,front,2176,ClassicCV,6219.5,261.0,41.0,591.2964633703232
fish15,front,2177,ClassicCV,6092.5,259.0,41.0,587.7817445993423
fish15,front,2178,ClassicCV,6004.0,259.0,41.0,586.3675310611725
fish15,front,2179,ClassicCV,5874.0,258.0,41.0,613.6812392473221
fish15,front,2180,ClassicCV,5673.5,258.0,41.0,607.0954526662827
fish15,front,2181,ClassicCV,5594.5,258.0,41.0,607.4385985136032
fish15,front,2182,ClassicCV,5422.0,258.0,41.0,606.0243849754333
fish15,front,2183,ClassicCV,5371.0,257.0,41.0,604.0243849754333
fish15,front,2184,ClassicCV,5192.5,252.0,41.0,595.9238798618317
fish15,front,2185,ClassicCV,4826.5,252.0,41.0,603.095452785492
fish15,front,2186,ClassicCV,3983.5,216.0,41.0,526.6101716756821
fish15,front,2187,ClassicCV,3117.5,216.0,41.0,537.5807336568832
fish15,front,2188,ClassicCV,2898.0,113.97967529296875,68.55792236328125,566.1320303678513
fish15,front,2189,ClassicCV,2892.5,113.97967529296875,68.55792236328125,565.5462439060211
fish15,front,2190,ClassicCV,3378.0,86.28121185302734,68.55792236328125,339.9655101299286
fish15,front,2191,ClassicCV,3372.0,86.28121185302734,68.55792236328125,339.13708305358887
fish15,front,2192,ClassicCV,3372.0,86.28121185302734,68.55792236328125,339.13708305358887
fish15,front,2193,ClassicCV,3569.5,89.9737319946289,69.30001068115234,363.8650048971176
fish15,top,2151,ClassicCV,2597.5,86.26295471191406,81.1734619140625,406.0315260887146
fish15,top,2152,ClassicCV,2940.5,85.02784729003906,79.92481994628906,331.60512018203735
fish15,top,2153,ClassicCV,2560.0,82.5505599975586,67.9042739868164,312.8771983385086
fish15,top,2154,ClassicCV,2201.0,78.94573211669922,63.50590515136719,303.078208565712
fish15,top,2155,ClassicCV,4054.5,128.31593322753906,85.21147155761719,546.658940911293
fish15,top,2156,ClassicCV,4588.0,147.26876831054688,77.48258209228516,628.5584361553192
fish15,top,2157,ClassicCV,3327.5,146.40000915527344,76.0,540.0315253734589
fish15,top,2158,ClassicCV,3636.0,143.45327758789062,71.72663879394531,606.7594468593597
fish15,top,2159,ClassicCV,3317.0,134.10162353515625,70.78856658935547,468.6761865615845
fish15,top,2160,ClassicCV,4325.0,146.8626708984375,67.05220031738281,580.2741659879684
fish15,top,2161,ClassicCV,5629.0,149.0,71.68000030517578,695.5878740549088
fish15,top,2162,ClassicCV,6325.0,156.623779296875,69.96007537841797,585.6467493772507
fish15,top,2163,ClassicCV,6945.0,154.8285675048828,69.3731689453125,476.1909054517746
fish15,top,2164,ClassicCV,7187.0,160.12460327148438,67.89678192138672,426.39191591739655
fish15,top,2165,ClassicCV,7707.5,160.64498901367188,69.38594055175781,426.14927542209625
fish15,top,2166,ClassicCV,8225.5,156.9877471923828,78.44597625732422,438.97770261764526
fish15,top,2167,ClassicCV,8757.5,160.13258361816406,77.127197265625,440.1492751836777
fish15,top,2168,ClassicCV,9172.0,165.0,77.0,431.76449978351593
fish15,top,2169,ClassicCV,9279.0,167.0,76.0,434.9360729455948
fish15,top,2170,ClassicCV,9192.5,169.0,74.0,438.3502858877182
fish15,top,2171,ClassicCV,8854.0,174.0,72.0,444.59292566776276
fish15,top,2172,ClassicCV,8329.5,173.0,66.0,433.03657746315
fish15,top,2173,ClassicCV,7845.0,171.0,63.0,426.4507905244827
fish15,top,2174,ClassicCV,7581.0,170.0,60.0,415.62236416339874
fish15,top,2175,ClassicCV,7551.5,175.0,60.0,421.37972366809845
fish15,top,2176,ClassicCV,7557.0,179.0,61.0,428.4507911205292
fish15,top,2177,ClassicCV,7448.5,181.0,60.0,429.8650041818619
fish15,top,2178,ClassicCV,7341.0,185.0,58.0,435.27921760082245
fish15,top,2179,ClassicCV,7243.5,188.0,58.0,436.35028624534607
fish15,top,2180,ClassicCV,7054.0,190.0,57.0,441.2792184352875
fish15,top,2181,ClassicCV,6617.0,190.0,62.0,450.93607234954834
fish15,top,2182,ClassicCV,5710.5,184.0,51.0,425.722869515419
fish15,top,2183,ClassicCV,4991.5,168.0,45.0,402.7523068189621
fish15,top,2184,ClassicCV,4055.5,152.0,40.0,353.09545266628265
fish15,top,2185,ClassicCV,3259.5,141.0,34.0,334.95331740379333
fish15,top,2186,ClassicCV,3543.0,165.0,36.0,370.3675309419632
fish15,top,2187,ClassicCV,4820.0,177.0,45.0,406.5096665620804
fish15,top,2188,ClassicCV,6481.0,199.0,75.0,690.4751754999161
fish15,top,2189,ClassicCV,4770.5,168.0,42.0,388.40916097164154
fish15,top,2190,ClassicCV,3548.5,154.0,34.0,348.9533175230026
fish15,top,2191,ClassicCV,2340.0,114.0,34.0,283.88224959373474
fish15,top,2192,ClassicCV,1394.5,97.0,34.0,251.9827550649643
fish15,top,2193,ClassicCV,964.0,41.0,31.0,132.08326017856598
fish2,front,259,ClassicCV,740.0,38.0652961730957,29.067241668701172,115.25483310222626
fish2,front,260,ClassicCV,720.0,36.21058654785156,29.171295166015625,113.25483322143555
fish2,front,261,ClassicCV,714.0,36.0,29.0,111.25483310222626
fish2,front,262,ClassicCV,712.5,36.0,29.0,111.8406195640564
fish2,front,263,ClassicCV,711.5,36.0,29.0,111.8406194448471
fish2,front,264,ClassicCV,704.5,36.0,28.0,111.01219248771667
fish2,front,265,ClassicCV,712.5,36.0,28.0,111.84061968326569
fish2,front,266,ClassicCV,720.5,36.0,28.0,108.66904711723328
fish2,front,267,ClassicCV,719.5,36.0,28.0,109.8406194448471
fish2,front,268,ClassicCV,738.0,37.0,28.0,111.25483286380768
fish2,front,269,ClassicCV,787.5,38.0,28.0,113.8406195640564
fish2,front,270,ClassicCV,778.5,38.0,28.0,113.8406195640564
fish2,front,271,ClassicCV,814.0,39.0,29.0,117.25483334064484
fish2,front,272,ClassicCV,863.5,41.0,29.0,121.8406194448471
fish2,front,273,ClassicCV,811.5,38.001258850097656,29.156782150268555,114.32590055465698
fish2,front,274,ClassicCV,796.0,39.0,28.0,112.91168701648712
fish2,front,275,ClassicCV,744.0,39.0,27.0,113.25483310222626
fish2,front,276,ClassicCV,792.0,42.0,27.0,117.74011409282684
fish2,front,277,ClassicCV,621.5,34.0,25.0,102.18376553058624
fish2,front,278,ClassicCV,623.5,34.44005584716797,25.951311111450195,105.01219260692596
fish2,front,279,ClassicCV,613.0,33.109649658203125,25.70184898376465,102.42640614509583
fish2,front,280,ClassicCV,594.5,33.0,25.0,100.18376517295837
fish2,front,281,ClassicCV,529.0,29.98126792907715,23.535293579101562,92.7695517539978
fish2,front,282,ClassicCV,533.0,28.29627227783203,24.58753776550293,93.59797894954681
fish2,front,283,ClassicCV,499.5,27.807626724243164,23.085575103759766,91.35533809661865
fish2,front,284,ClassicCV,473.5,26.008750915527344,23.085575103759766,89.69848418235779
fish2,front,285,ClassicCV,468.5,26.083703994750977,23.085575103759766,88.52691113948822
fish2,front,286,ClassicCV,436.0,26.083703994750977,21.211748123168945,87.11269760131836
fish2,front,287,ClassicCV,442.0,26.083703994750977,21.661466598510742,88.28427064418793
fish2,front,288,ClassicCV,441.5,26.083703994750977,21.436607360839844,87.69848430156708
fish2,front,289,ClassicCV,439.5,26.959413528442383,21.511653900146484,89.69848418235779
fish2,front,290,ClassicCV,425.5,25.70877456665039,21.10059928894043,85.69848430156708
fish2,front,291,ClassicCV,426.0,25.981609344482422,20.74338150024414,85.11269783973694
fish2,front,292,ClassicCV,424.5,25.83068084716797,20.290931701660156,85.69848430156708
fish2,front,293,ClassicCV,423.0,25.597793579101562,20.933792114257812,83.11269783973694
fish2,front,294,ClassicCV,470.0,26.34022331237793,23.179397583007812,87.11269783973694
fish2,front,295,ClassicCV,444.5,24.62160873413086,23.320026397705078,83.69848430156708
fish2,front,296,ClassicCV,482.5,25.597793579101562,24.29621124267578,85.35533833503723
fish2,front,297,ClassicCV,496.0,27.0,23.0,87.11269783973694
fish2,front,298,ClassicCV,496.0,27.0,23.0,87.11269783973694
fish2,front,299,ClassicCV,513.0,27.0,24.0,87.94112491607666
fish2,front,300,ClassicCV,545.0,27.0,26.0,90.76955187320709
fish2,front,301,ClassicCV,545.0,27.0,26.0,90.76955187320709
fish2,front,302,ClassicCV,545.0,27.0,26.0,90.76955187320709
fish2,front,303,ClassicCV,540.0,27.0,26.0,89.59797883033752
fish2,front,304,ClassicCV,540.0,27.0,26.0,89.59797883033752
fish2,front,305,ClassicCV,535.0,27.0,26.0,89.5979790687561
fish2,front,306,ClassicCV,535.0,27.0,26.0,89.5979790687561
fish2,front,307,ClassicCV,522.0,27.613401412963867,24.444650650024414,87.59797930717468
fish2,front,308,ClassicCV,518.0,27.613401412963867,24.444650650024414,87.59797894954681
fish2,front,309,ClassicCV,512.5,27.613401412963867,24.444650650024414,88.18376517295837
fish2,front,310,ClassicCV,472.5,26.077808380126953,23.79694938659668,85.35533821582794
fish2,front,311,ClassicCV,449.0,25.491174697875977,23.25510597229004,84.76955187320709
fish2,front,312,ClassicCV,359.5,22.0,21.0,74.87005710601807
fish2,front,313,ClassicCV,341.0,21.0,20.0,71.45584380626678
fish2,front,314,ClassicCV,302.0,21.0,19.0,68.28427076339722
fish2,front,315,ClassicCV,267.5,20.0,19.0,69.21320295333862
fish2,front,316,ClassicCV,0,0,0,0
fish2,front,317,ClassicCV,0,0,0,0
fish2,front,318,ClassicCV,0,0,0,0
fish2,front,319,ClassicCV,0,0,0,0
fish2,front,320,ClassicCV,0,0,0,0
fish2,front,321,ClassicCV,0,0,0,0
fish2,front,322,ClassicCV,0,0,0,0
fish2,front,323,ClassicCV,0,0,0,0
fish2,front,324,ClassicCV,0,0,0,0
fish2,front,325,ClassicCV,0,0,0,0
fish2,front,326,ClassicCV,0,0,0,0
fish2,front,327,ClassicCV,0,0,0,0
fish2,front,328,ClassicCV,0,0,0,0
fish2,top,259,ClassicCV,408.0,28.756210327148438,21.023448944091797,88.28427064418793
fish2,top,260,ClassicCV,372.5,31.278162002563477,17.315784454345703,83.69848418235779
fish2,top,261,ClassicCV,375.0,30.785863876342773,17.47305679321289,85.11269783973694
fish2,top,262,ClassicCV,378.5,30.32730484008789,17.478103637695312,83.69848430156708
fish2,top,263,ClassicCV,378.5,30.042091369628906,17.95904541015625,83.69848430156708
fish2,top,264,ClassicCV,366.0,30.230772018432617,17.84615707397461,84.28427076339722
fish2,top,265,ClassicCV,385.0,29.979963302612305,18.86918067932129,85.11269772052765
fish2,top,266,ClassicCV,427.0,34.293052673339844,17.785888671875,92.76955199241638
fish2,top,267,ClassicCV,380.5,30.044870376586914,18.33062744140625,83.69848430156708
fish2,top,268,ClassicCV,376.0,31.30654525756836,17.076295852661133,83.94112491607666
fish2,top,269,ClassicCV,383.0,31.907468795776367,17.06983757019043,83.94112503528595
fish2,top,270,ClassicCV,387.0,30.057865142822266,18.92197036743164,83.94112467765808
fish2,top,271,ClassicCV,385.5,32.199378967285156,16.994115829467773,83.35533845424652
fish2,top,272,ClassicCV,371.0,29.0,18.0,83.11269783973694
fish2,top,273,ClassicCV,378.5,29.81332778930664,17.107370376586914,82.87005734443665
fish2,top,274,ClassicCV,369.5,29.0,17.0,81.69848430156708
fish2,top,275,ClassicCV,363.0,29.0,17.0,81.11269783973694
fish2,top,276,ClassicCV,369.5,29.0,16.0,80.04163026809692
fish2,top,277,ClassicCV,387.0,30.0,17.0,82.28427076339722
fish2,top,278,ClassicCV,392.5,30.0,17.0,82.87005722522736
fish2,top,279,ClassicCV,429.0,31.0,18.0,86.28427064418793
fish2,top,280,ClassicCV,428.5,32.0,18.0,88.87005698680878
fish2,top,281,ClassicCV,414.5,32.0,17.0,86.87005698680878
fish2,top,282,ClassicCV,408.0,32.0,17.0,87.45584344863892
fish2,top,283,ClassicCV,401.0,32.0,17.0,86.28427064418793
fish2,top,284,ClassicCV,406.5,32.0,17.0,86.87005722522736
fish2,top,285,ClassicCV,410.5,32.0,18.0,87.69848430156708
fish2,top,286,ClassicCV,410.5,33.0,18.0,88.5269113779068
fish2,top,287,ClassicCV,415.0,33.0,17.0,89.4558436870575
fish2,top,288,ClassicCV,424.0,36.388328552246094,16.696474075317383,91.11269772052765
fish2,top,289,ClassicCV,444.5,34.0,19.0,92.5269113779068
fish2,top,290,ClassicCV,459.0,37.11872863769531,17.8885440826416,93.94112491607666
fish2,top,291,ClassicCV,467.5,37.52161407470703,18.35443687438965,95.35533833503723
fish2,top,292,ClassicCV,481.5,38.01315689086914,18.782970428466797,97.35533845424652
fish2,top,293,ClassicCV,550.5,38.74581527709961,20.880096435546875,104.18376553058624
fish2,top,294,ClassicCV,525.5,40.748252868652344,19.066469192504883,103.01219272613525
fish2,top,295,ClassicCV,486.0,39.32672882080078,18.887428283691406,102.42640614509583
fish2,top,296,ClassicCV,461.0,36.06244659423828,18.384777069091797,92.42640602588654
fish2,top,297,ClassicCV,490.0,37.79999923706055,19.200000762939453,96.42640626430511
fish2,top,298,ClassicCV,483.0,36.332862854003906,19.414506912231445,95.59797883033752
fish2,top,299,ClassicCV,493.5,35.84603500366211,19.349416732788086,93.0121922492981
fish2,top,300,ClassicCV,473.5,36.61021423339844,18.30510711669922,92.18376553058624
fish2,top,301,ClassicCV,478.5,36.671512603759766,18.335756301879883,92.18376529216766
fish2,top,302,ClassicCV,496.0,37.565940856933594,18.782970428466797,94.76955187320709
fish2,top,303,ClassicCV,501.5,39.66106414794922,18.027755737304688,97.01219236850739
fish2,top,304,ClassicCV,515.5,40.57042694091797,18.483375549316406,99.01219236850739
fish2,top,305,ClassicCV,524.0,41.233917236328125,18.125965118408203,101.25483310222626
fish2,top,306,ClassicCV,515.5,39.415897369384766,18.020748138427734,99.01219236850739
fish2,top,307,ClassicCV,504.5,39.84615707397461,17.615386962890625,98.18376553058624
fish2,top,308,ClassicCV,491.0,38.69231414794922,17.307695388793945,96.76955199241638
fish2,top,309,ClassicCV,480.0,39.16572570800781,17.120689392089844,96.76955199241638
fish2,top,310,ClassicCV,462.0,37.37678527832031,16.564712524414062,93.94112491607666
fish2,top,311,ClassicCV,458.0,36.812625885009766,16.895347595214844,93.11269772052765
fish2,top,312,ClassicCV,456.0,37.08734893798828,16.62062644958496,93.11269783973694
fish2,top,313,ClassicCV,468.5,37.71349334716797,16.839513778686523,94.52691125869751
fish2,top,314,ClassicCV,467.5,37.203575134277344,16.920578002929688,93.69848418235779
fish2,top,315,ClassicCV,463.5,35.0,17.0,92.87005698680878
fish2,top,316,ClassicCV,472.0,36.0,17.0,94.28427064418793
fish2,top,317,ClassicCV,470.0,37.0,16.0,95.4558435678482
fish2,top,318,ClassicCV,464.0,37.0,16.0,96.28427064418793
fish2,top,319,ClassicCV,459.5,37.0,16.0,94.87005710601807
fish2,top,320,ClassicCV,472.0,38.0,16.0,97.4558435678482
fish2,top,321,ClassicCV,469.0,38.0,16.0,99.11269783973694
fish2,top,322,ClassicCV,464.0,38.80644989013672,15.62208366394043,97.4558436870575
fish2,top,323,ClassicCV,445.0,39.60247802734375,14.627046585083008,97.4558436870575
fish2,top,324,ClassicCV,414.5,37.0,14.0,93.21320307254791
fish2,top,325,ClassicCV,421.5,38.0,15.0,96.04163014888763
fish2,top,326,ClassicCV,384.5,35.0,14.0,89.21320307254791
fish2,top,327,ClassicCV,407.5,38.39444351196289,14.369403839111328,94.04163014888763
fish2,top,328,ClassicCV,386.0,36.98664474487305,13.775084495544434,91.4558436870575
fish3,front,587,ClassicCV,7770.5,124.7802505493164,86.13834381103516,396.14927542209625
fish3,front,588,ClassicCV,7821.0,125.7308578491211,85.95207977294922,398.0487698316574
fish3,front,589,ClassicCV,7889.0,126.44078826904297,86.45630645751953,396.391916513443
fish3,front,590,ClassicCV,7909.0,125.73974609375,86.81539916992188,392.5929266214371
fish3,front,591,ClassicCV,7896.0,124.61859893798828,86.99422454833984,393.4213535785675
fish3,front,592,ClassicCV,8231.5,127.12355041503906,88.86000061035156,414.14927542209625
fish3,front,593,ClassicCV,8338.0,129.27102661132812,88.02215576171875,406.39191567897797
fish3,front,594,ClassicCV,8356.5,129.3126220703125,87.87350463867188,408.14927554130554
fish3,front,595,ClassicCV,8406.0,128.0,88.0,395.07820785045624
fish3,front,596,ClassicCV,8401.5,129.0,88.0,402.1492749452591
fish3,front,597,ClassicCV,8440.5,127.0,86.0,387.6639938354492
fish3,front,598,ClassicCV,8468.5,127.0,86.0,387.6639938354492
fish3,front,599,ClassicCV,8540.0,128.0,86.0,388.24978041648865
fish3,front,600,ClassicCV,8637.0,129.0348663330078,85.70513916015625,392.2497808933258
fish3,front,601,ClassicCV,8652.0,130.01055908203125,85.14693450927734,395.07820761203766
fish3,front,602,ClassicCV,8740.0,131.22874450683594,84.59169006347656,393.76449942588806
fish3,front,603,ClassicCV,8776.5,129.0,86.0,389.0365778207779
fish3,front,604,ClassicCV,8873.0,135.98770141601562,84.42558288574219,396.45079123973846
fish3,front,605,ClassicCV,8991.0,137.63198852539062,84.9057846069336,398.10764515399933
fish3,front,606,ClassicCV,9055.5,137.76634216308594,85.81626892089844,399.1787130832672
fish3,front,607,ClassicCV,9143.0,137.24708557128906,86.45525360107422,398.5929266214371
fish3,front,608,ClassicCV,9156.5,135.87164306640625,87.09162902832031,403.6639939546585
fish3,front,609,ClassicCV,9185.5,135.715576171875,87.38249969482422,405.5218586921692
fish3,front,610,ClassicCV,9359.5,135.62916564941406,89.7618408203125,412.00714004039764
fish3,front,611,ClassicCV,9334.5,136.0,90.0,409.66399371623993
fish3,front,612,ClassicCV,9301.0,133.25933837890625,90.48308563232422,405.76449954509735
fish3,front,613,ClassicCV,9403.5,134.0,92.0,412.4924213886261
fish3,front,614,ClassicCV,9513.5,134.0,92.0,410.4924211502075
fish3,front,615,ClassicCV,9524.5,133.0,92.0,409.6639941930771
fish3,front,616,ClassicCV,9566.0,135.0,93.0,410.73506212234497
fish3,front,617,ClassicCV,9597.5,137.7025604248047,92.43578338623047,423.806129693985
fish3,front,618,ClassicCV,9622.5,139.76600646972656,92.43578338623047,426.14927542209625
fish3,front,619,ClassicCV,9700.0,140.0,93.0,425.56348860263824
fish3,front,620,ClassicCV,9841.5,140.0,94.0,425.8061294555664
fish3,front,621,ClassicCV,9938.5,140.0,95.0,430.6345566511154
fish3,front,622,ClassicCV,9997.5,140.0,95.0,430.6345566511154
fish3,front,623,ClassicCV,10068.0,141.3086395263672,95.71934509277344,439.7056243419647
fish3,front,624,ClassicCV,10099.0,137.13113403320312,96.62750244140625,424.73506116867065
fish3,front,625,ClassicCV,10168.5,137.13113403320312,97.67188262939453,427.80613005161285
fish3,front,626,ClassicCV,10260.0,137.3917694091797,97.47476196289062,431.56348860263824
fish3,front,627,ClassicCV,10217.0,138.69505310058594,97.69031524658203,432.73506128787994
fish3,front,628,ClassicCV,10286.5,137.84979248046875,98.8010025024414,453.46298384666443
fish3,front,629,ClassicCV,10249.0,135.0,99.0,431.5634891986847
fish3,front,630,ClassicCV,10251.0,135.0,100.0,437.56348860263824
fish3,front,631,ClassicCV,10311.0,137.0,100.0,439.5634890794754
fish3,front,632,ClassicCV,10280.5,136.0,100.0,432.4924213886261
fish3,front,633,ClassicCV,10275.0,134.56834411621094,102.69920349121094,439.90663492679596
fish3,front,634,ClassicCV,10304.0,136.23919677734375,102.65422058105469,444.048770070076
fish3,front,635,ClassicCV,10251.5,138.0,101.0,444.9777023792267
fish3,front,636,ClassicCV,10220.0,137.0,101.0,441.07820749282837
fish3,front,637,ClassicCV,10210.5,137.0,101.0,444.1492750644684
fish3,front,638,ClassicCV,10303.5,137.87332153320312,101.04396057128906,438.4924211502075
fish3,front,639,ClassicCV,10209.5,139.0,101.0,440.14927554130554
fish3,front,640,ClassicCV,10220.5,136.61990356445312,101.32388305664062,438.977702498436
fish3,front,641,ClassicCV,10184.0,134.7310028076172,101.34469604492188,435.90663504600525
fish3,front,642,ClassicCV,10173.0,138.3194580078125,101.646728515625,441.5634890794754
fish3,front,643,ClassicCV,10117.5,133.62615966796875,102.3528823852539,439.3208484649658
fish3,front,644,ClassicCV,10146.5,131.0,106.0,438.14927542209625
fish3,front,645,ClassicCV,10145.0,130.0,106.0,435.5634888410568
fish3,front,646,ClassicCV,9992.5,131.48448181152344,104.6837158203125,446.4924213886261
fish3,front,647,ClassicCV,9295.5,132.58567810058594,97.80824279785156,403.8061298131943
fish3,front,648,ClassicCV,9280.5,132.58567810058594,97.80824279785156,403.80613017082214
fish3,front,649,ClassicCV,9205.5,132.2215576171875,97.55485534667969,404.1492749452591
fish3,front,650,ClassicCV,9149.0,132.1086883544922,97.47602081298828,403.5634888410568
fish3,front,651,ClassicCV,9072.5,132.12257385253906,96.889892578125,404.4924212694168
fish3,front,652,ClassicCV,9001.0,131.64105224609375,97.22013854980469,402.2497811317444
fish3,front,653,ClassicCV,8962.0,131.64105224609375,97.22013854980469,404.5929266214371
fish3,front,654,ClassicCV,8856.0,131.92112731933594,95.94412994384766,403.90663480758667
fish3,front,655,ClassicCV,8784.5,131.92112731933594,93.79430389404297,403.6639941930771
fish3,front,656,ClassicCV,8722.0,131.92112731933594,94.59234619140625,400.5929263830185
fish3,front,657,ClassicCV,8693.5,131.92112731933594,94.59234619140625,403.6639941930771
fish3,front,658,ClassicCV,8551.5,130.53677368164062,94.59234619140625,397.17871260643005
fish3,front,659,ClassicCV,8552.5,129.9941864013672,96.06251525878906,407.66399371623993
fish3,front,660,ClassicCV,8479.5,114.33373260498047,107.09947967529297,405.32084822654724
fish3,front,661,ClassicCV,8281.0,129.9747314453125,89.59103393554688,397.9066345691681
fish3,front,662,ClassicCV,8234.0,129.4072265625,89.66889190673828,393.4213533401489
fish3,front,663,ClassicCV,8099.0,129.21124267578125,87.10211944580078,399.4213534593582
fish3,front,664,ClassicCV,7893.5,124.45079040527344,89.09545135498047,385.6639938354492
fish3,front,665,ClassicCV,7749.5,125.11129760742188,86.71701049804688,380.8355668783188
fish3,front,666,ClassicCV,7598.5,124.26520538330078,86.61296844482422,379.1787130832672
fish3,top,587,ClassicCV,3756.0,101.98287200927734,55.81014633178711,311.48022866249084
fish3,top,588,ClassicCV,3716.5,101.6387939453125,54.9740104675293,306.8944420814514
fish3,top,589,ClassicCV,3666.0,102.1921157836914,54.8780403137207,304.3086556196213
fish3,top,590,ClassicCV,3636.5,101.15676879882812,54.790382385253906,299.58073377609253
fish3,top,591,ClassicCV,3611.5,102.89859771728516,54.60676574707031,304.06601548194885
fish3,top,592,ClassicCV,3632.0,103.09477233886719,54.816619873046875,309.48022866249084
fish3,top,593,ClassicCV,3585.0,104.00550079345703,55.2301139831543,315.4802289009094
fish3,top,594,ClassicCV,3652.0,102.26363372802734,58.8005256652832,317.8233746290207
fish3,top,595,ClassicCV,3669.0,101.69068145751953,58.882652282714844,317.8233745098114
fish3,top,596,ClassicCV,3647.0,101.95978546142578,57.96568298339844,315.8233746290207
fish3,top,597,ClassicCV,3420.5,102.31214904785156,54.63762283325195,317.58073365688324
fish3,top,598,ClassicCV,3371.0,102.73057556152344,50.49081802368164,308.9949474334717
fish3,top,599,ClassicCV,3345.5,102.66752624511719,50.24734115600586,309.5807338953018
fish3,top,600,ClassicCV,3352.5,102.65758514404297,51.1388053894043,314.40916109085083
fish3,top,601,ClassicCV,3350.5,102.55429077148438,51.217403411865234,315.2375886440277
fish3,top,602,ClassicCV,3325.0,101.52133178710938,50.66389846801758,308.16652035713196
fish3,top,603,ClassicCV,3293.0,100.48423767089844,50.84049987792969,305.3380934000015
fish3,top,604,ClassicCV,3229.0,100.74787902832031,48.0936393737793,300.99494767189026
fish3,top,605,ClassicCV,3232.0,100.50823211669922,48.98308181762695,300.16652047634125
fish3,top,606,ClassicCV,3186.5,102.0,46.0,296.7523070573807
fish3,top,607,ClassicCV,3137.0,102.0,46.0,290.9949474334717
fish3,top,608,ClassicCV,3091.0,101.0,45.0,290.50966596603394
fish3,top,609,ClassicCV,3147.5,100.61499786376953,48.5055046081543,298.7523068189621
fish3,top,610,ClassicCV,3147.0,99.48347473144531,50.44043731689453,304.5096664428711
fish3,top,611,ClassicCV,3098.5,98.63434600830078,51.07148361206055,306.7523070573807
fish3,top,612,ClassicCV,3073.0,98.78072357177734,50.95356369018555,309.3380935192108
fish3,top,613,ClassicCV,3117.5,98.93196868896484,51.77397918701172,319.23758816719055
fish3,top,614,ClassicCV,3116.5,98.350341796875,49.96305847167969,324.0660152435303
fish3,top,615,ClassicCV,3039.0,96.79244232177734,48.633697509765625,317.8233745098114
fish3,top,616,ClassicCV,3040.0,96.0,49.0,323.82337474823
fish3,top,617,ClassicCV,4394.0,99.0,81.0,499.90663480758667
fish3,top,618,ClassicCV,4450.5,101.0,81.0,492.9777021408081
fish3,top,619,ClassicCV,4418.5,100.0,82.0,483.80612993240356
fish3,top,620,ClassicCV,4436.0,98.0,82.0,474.3919162750244
fish3,top,621,ClassicCV,4485.5,99.0,83.0,480.6345565319061
fish3,top,622,ClassicCV,4501.0,96.0,84.0,471.5634888410568
fish3,top,623,ClassicCV,4560.5,97.0,85.0,444.97770261764526
fish3,top,624,ClassicCV,4536.0,94.0,85.0,440.24978041648865
fish3,top,625,ClassicCV,4561.0,94.0,86.0,437.4213535785675
fish3,top,626,ClassicCV,4550.0,93.0,86.0,436.5929265022278
fish3,top,627,ClassicCV,4574.0,95.0,87.0,439.07820761203766
fish3,top,628,ClassicCV,4633.0,94.0,88.0,442.8771971464157
fish3,top,629,ClassicCV,4705.0,94.0,89.0,447.7056243419647
fish3,top,630,ClassicCV,4727.0,94.0,90.0,451.36247873306274
fish3,top,631,ClassicCV,4783.0,94.0,91.0,449.362478017807
fish3,top,632,ClassicCV,4755.5,92.0,91.0,432.63455641269684
fish3,top,633,ClassicCV,4871.0,93.0,92.0,437.36247849464417
fish3,top,634,ClassicCV,4827.0,93.0,89.0,437.01933240890503
fish3,top,635,ClassicCV,4821.0,94.0,88.0,432.53405129909515
fish3,top,636,ClassicCV,4853.5,97.92759704589844,84.24540710449219,415.46298336982727
fish3,top,637,ClassicCV,4846.0,97.92170715332031,85.17189025878906,422.53405117988586
fish3,top,638,ClassicCV,4799.5,95.0,87.0,418.77669179439545
fish3,top,639,ClassicCV,4712.0,95.0,86.0,425.01933228969574
fish3,top,640,ClassicCV,4772.0,103.1400375366211,80.78045654296875,417.3624782562256
fish3,top,641,ClassicCV,4727.0,108.80921936035156,75.78058624267578,414.048770070076
fish3,top,642,ClassicCV,4749.0,96.0,87.0,411.56348872184753
fish3,top,643,ClassicCV,4606.0,111.7833251953125,73.75142669677734,405.56348872184753
fish3,top,644,ClassicCV,4618.0,113.16978454589844,75.46196746826172,410.39191567897797
fish3,top,645,ClassicCV,4655.5,114.2342758178711,75.4285659790039,406.63455629348755
fish3,top,646,ClassicCV,4557.5,100.0,85.0,398.1492750644684
fish3,top,647,ClassicCV,4754.0,103.16476440429688,83.08306121826172,388.39191591739655
fish3,top,648,ClassicCV,4774.0,106.1106948852539,81.15383911132812,389.5634889602661
fish3,top,649,ClassicCV,4797.0,116.09144592285156,74.8045883178711,391.2203425168991
fish3,top,650,ClassicCV,4660.0,104.0,82.0,385.56348860263824
fish3,top,651,ClassicCV,4693.0,104.0,82.0,389.22034311294556
fish3,top,652,ClassicCV,4649.5,116.66183471679688,73.54590606689453,390.29141116142273
fish3,top,653,ClassicCV,4557.0,116.73907470703125,67.80259704589844,377.9066346883774
fish3,top,654,ClassicCV,4499.0,116.60161590576172,66.7505874633789,376.24978053569794
fish3,top,655,ClassicCV,4455.5,118.20673370361328,67.02510833740234,375.32084810733795
fish3,top,656,ClassicCV,4587.0,113.45984649658203,70.50961303710938,385.07820773124695
fish3,top,657,ClassicCV,4583.5,115.82720184326172,70.20647430419922,389.806129693985
fish3,top,658,ClassicCV,4522.5,116.80931091308594,68.96556854248047,393.8061295747757
fish3,top,659,ClassicCV,4442.0,117.18304443359375,69.30279541015625,400.8771975040436
fish3,top,660,ClassicCV,4522.5,118.77452850341797,68.74177551269531,400.29141092300415
fish3,top,661,ClassicCV,4407.0,119.7682876586914,68.85331726074219,398.04877042770386
fish3,top,662,ClassicCV,4455.5,122.1691665649414,69.21771240234375,405.4629831314087
fish3,top,663,ClassicCV,4536.0,122.4639663696289,69.90348052978516,420.877197265625
fish3,top,664,ClassicCV,4501.0,122.92237091064453,68.80293273925781,419.36247849464417
fish3,top,665,ClassicCV,4534.0,121.74121856689453,69.84304809570312,417.01933240890503
fish3,top,666,ClassicCV,4534.0,123.21685028076172,67.22358703613281,414.1909053325653
fish4,front,311,ClassicCV,17943.5,180.04464721679688,131.89874267578125,583.6295049190521
fish4,front,312,ClassicCV,17967.0,179.41769409179688,132.02783203125,585.7300095558167
fish4,front,313,ClassicCV,18001.0,179.95245361328125,132.41506958007812,588.7005718946457
fish4,front,314,ClassicCV,18112.0,179.56521606445312,133.8717803955078,573.0437175035477
fish4,front,315,ClassicCV,18299.0,179.71275329589844,135.32852172851562,578.5584362745285
fish4,front,316,ClassicCV,18379.0,178.55104064941406,136.89588928222656,588.7005727291107
fish4,front,317,ClassicCV,18427.0,177.67892456054688,137.37762451171875,587.0437179803848
fish4,front,318,ClassicCV,18408.0,175.93260192871094,137.59658813476562,584.7005726099014
fish4,front,319,ClassicCV,18464.5,177.00210571289062,137.9838409423828,586.4579310417175
fish4,front,320,ClassicCV,18400.5,177.00210571289062,137.9838409423828,577.1442223787308
fish4,front,321,ClassicCV,18394.5,180.3028106689453,137.9838409423828,572.315796494484
fish4,front,322,ClassicCV,18420.0,180.21060180664062,138.37106323242188,574.3574254512787
fish4,front,323,ClassicCV,18462.0,178.6432342529297,138.37106323242188,579.7300095558167
fish4,front,324,ClassicCV,18354.0,178.25599670410156,138.37106323242188,577.7300091981888
fish4,front,325,ClassicCV,18312.0,176.65579223632812,138.32240295410156,586.2152905464172
fish4,front,326,ClassicCV,18280.0,176.43612670898438,138.32240295410156,582.5584367513657
fish4,front,327,ClassicCV,18262.0,175.11805725097656,137.80982971191406,582.5584363937378
fish4,front,328,ClassicCV,18183.0,171.83029174804688,138.40182495117188,572.9015817642212
fish4,front,329,ClassicCV,18206.0,173.58033752441406,137.80982971191406,571.244727730751
fish4,front,330,ClassicCV,18243.0,175.19129943847656,137.80982971191406,572.0731554031372
fish4,front,331,ClassicCV,18221.0,174.78855895996094,137.6999969482422,574.5584359169006
fish4,front,332,ClassicCV,18228.5,174.34921264648438,141.61753845214844,579.8305150270462
fish4,front,333,ClassicCV,18085.0,172.92132568359375,141.61753845214844,581.2447291612625
fish4,front,334,ClassicCV,18093.5,172.51858520507812,142.9355926513672,579.3452334403992
fish4,front,335,ClassicCV,18077.5,171.20053100585938,142.9355926513672,579.0020879507065
fish4,front,336,ClassicCV,17965.5,170.39505004882812,142.13011169433594,572.1736617088318
fish4,front,337,ClassicCV,17960.5,169.51634216308594,142.13011169433594,565.6883790493011
fish4,front,338,ClassicCV,17961.0,169.51634216308594,142.13011169433594,572.6173120737076
fish4,front,339,ClassicCV,17900.0,167.8321533203125,142.13011169433594,576.2741659879684
fish4,front,340,ClassicCV,17838.0,167.0266876220703,142.13011169433594,569.3036031723022
fish4,front,341,ClassicCV,17768.0,166.76593017578125,142.43115234375,576.9604578018188
fish4,front,342,ClassicCV,17705.0,164.9031524658203,142.13011169433594,573.7888852357864
fish4,front,343,ClassicCV,17532.5,162.99929809570312,142.13011169433594,575.6883796453476
fish4,front,344,ClassicCV,17515.5,163.03590393066406,142.13011169433594,572.031525015831
fish4,front,345,ClassicCV,17507.5,163.73155212402344,142.23995971679688,570.1736596822739
fish4,front,346,ClassicCV,17373.0,163.58514404296875,142.8331298828125,563.9310187101364
fish4,front,347,ClassicCV,17292.0,162.81654357910156,143.0833740234375,559.9310196638107
fish4,front,348,ClassicCV,17140.0,160.9933624267578,143.24424743652344,561.5878732204437
fish4,front,349,ClassicCV,17003.5,160.25335693359375,143.9607391357422,567.3452334403992
fish4,front,350,ClassicCV,16195.5,149.8460235595703,146.44110107421875,521.4041085243225
fish4,front,351,ClassicCV,16160.0,150.0636444091797,146.17849731445312,522.9604573249817
fish4,front,352,ClassicCV,15991.5,147.44119262695312,146.17849731445312,518.7178167104721
fish4,front,353,ClassicCV,15715.5,147.99996948242188,139.99996948242188,513.4041085243225
fish4,front,354,ClassicCV,15421.0,145.0,140.0,515.1614677906036
fish4,front,355,ClassicCV,15270.0,146.7413787841797,140.1807861328125,516.1320306062698
fish4,front,356,ClassicCV,15075.0,142.64942932128906,142.55186462402344,516.960457444191
fish4,front,357,ClassicCV,14890.5,146.20558166503906,138.57516479492188,512.3746703863144
fish4,front,358,ClassicCV,14680.5,142.0,139.0,511.203097820282
fish4,front,359,ClassicCV,14574.5,145.66400146484375,135.05738830566406,509.6883786916733
fish4,front,360,ClassicCV,14495.5,145.88729858398438,134.65899658203125,509.688378572464
fish4,front,361,ClassicCV,14515.0,145.18527221679688,134.52088928222656,511.10259318351746
fish4,front,362,ClassicCV,14435.5,144.37127685546875,134.66273498535156,514.0315252542496
fish4,front,363,ClassicCV,14427.0,143.68234252929688,134.24293518066406,517.4457387924194
fish4,front,364,ClassicCV,14413.0,143.9878387451172,134.50860595703125,517.4457379579544
fish4,front,365,ClassicCV,14393.5,138.88818359375,136.66632080078125,506.3746705055237
fish4,front,366,ClassicCV,14380.0,136.16482543945312,132.4092559814453,489.9310188293457
fish4,front,367,ClassicCV,14245.0,137.20001220703125,132.39999389648438,488.6173117160797
fish4,front,368,ClassicCV,14201.5,136.6361846923828,136.27035522460938,494.85995185375214
fish4,front,369,ClassicCV,14180.0,136.1804656982422,136.1804656982422,495.4457380771637
fish4,front,370,ClassicCV,14030.5,137.06297302246094,136.14840698242188,500.37467098236084
fish4,front,371,ClassicCV,13974.0,137.129638671875,136.6930694580078,505.7888844013214
fish4,front,372,ClassicCV,13922.5,137.09681701660156,135.64828491210938,502.37467074394226
fish4,front,373,ClassicCV,13968.5,137.10818481445312,135.66470336914062,501.68837904930115
fish4,front,374,ClassicCV,13975.5,136.313232421875,135.66470336914062,498.0315247774124
fish4,front,375,ClassicCV,13996.0,136.3564910888672,135.7314910888672,500.9604573249817
fish4,front,376,ClassicCV,13968.5,137.00303649902344,135.7314910888672,500.37467074394226
fish4,front,377,ClassicCV,13998.0,136.81809997558594,135.61666870117188,494.9604572057724
fish4,front,378,ClassicCV,14152.5,137.41162109375,137.33810424804688,497.203097820282
fish4,front,379,ClassicCV,14322.5,137.33810424804688,137.1910400390625,503.34523355960846
fish4,front,380,ClassicCV,14418.0,137.41162109375,137.33810424804688,504.2741651535034
fish4,front,381,ClassicCV,14561.0,138.54327392578125,138.09262084960938,509.4457383155823
fish4,front,382,ClassicCV,14689.5,140.2415771484375,137.52268981933594,516.8599518537521
fish4,front,383,ClassicCV,14767.0,140.2415771484375,137.52268981933594,513.9310195446014
fish4,front,384,ClassicCV,14855.0,141.17242431640625,135.4510498046875,513.1025924682617
fish4,front,385,ClassicCV,14901.0,141.17242431640625,135.4510498046875,502.61731147766113
fish4,front,386,ClassicCV,14840.5,142.56423950195312,135.20794677734375,506.3746713399887
fish4,front,387,ClassicCV,14765.5,143.2732696533203,135.71908569335938,511.20309805870056
fish4,front,388,ClassicCV,14714.5,144.0160369873047,135.17178344726562,511.68837893009186
fish4,front,389,ClassicCV,14702.0,145.2920684814453,135.17178344726562,517.1025927066803
fish4,front,390,ClassicCV,14749.0,146.986328125,135.0789031982422,515.4457380771637
fish4,front,391,ClassicCV,14820.0,146.7317657470703,135.12376403808594,521.5878734588623
fish4,front,392,ClassicCV,14834.0,148.36508178710938,135.24649047851562,531.2447274923325
fish4,front,393,ClassicCV,14914.0,148.27151489257812,135.81976318359375,527.5878734588623
fish4,front,394,ClassicCV,14954.5,150.3657684326172,134.56903076171875,519.3452332019806
fish4,front,395,ClassicCV,15086.5,150.830322265625,135.0223846435547,518.5168060064316
fish4,front,396,ClassicCV,15225.0,150.80043029785156,135.68460083007812,517.4457386732101
fish4,front,397,ClassicCV,15359.0,150.36398315429688,137.627685546875,521.4457383155823
fish4,front,398,ClassicCV,15487.0,153.90675354003906,135.24632263183594,520.6173115968704
fish4,front,399,ClassicCV,15649.0,154.48597717285156,135.6306915283203,522.9604573249817
fish4,front,400,ClassicCV,15559.5,148.0340576171875,137.78286743164062,527.0020875930786
fish4,front,401,ClassicCV,15679.5,148.0340576171875,137.78286743164062,538.1736606359482
fish4,front,402,ClassicCV,15838.0,148.294677734375,137.78286743164062,542.0731550455093
fish4,front,403,ClassicCV,15978.0,149.42405700683594,137.78286743164062,536.0731551647186
fish4,front,404,ClassicCV,16043.5,145.849365234375,137.9865264892578,535.8305141925812
fish4,front,405,ClassicCV,16099.5,146.96969604492188,137.43653869628906,535.345233798027
fish4,front,406,ClassicCV,16167.0,148.6196746826172,137.43653869628906,538.9604573249817
fish4,front,407,ClassicCV,16271.0,151.20498657226562,136.9575653076172,545.7888840436935
fish4,front,408,ClassicCV,16343.5,153.680908203125,136.9575653076172,549.6883786916733
fish4,front,409,ClassicCV,16406.5,153.680908203125,137.78286743164062,550.0315251350403
fish4,front,410,ClassicCV,16495.5,153.6407012939453,137.82974243164062,545.3452332019806
fish4,front,411,ClassicCV,16537.5,153.42816162109375,138.6041717529297,545.6883784532547
fish4,front,412,ClassicCV,16604.5,154.27041625976562,138.6041717529297,546.5168060064316
fish4,front,413,ClassicCV,16722.0,155.11270141601562,138.30096435546875,549.9310194253922
fish4,front,414,ClassicCV,16853.0,156.7028045654297,137.84300231933594,547.1025927066803
fish4,front,415,ClassicCV,17125.5,161.47061157226562,137.79481506347656,558.8599524497986
fish4,front,416,ClassicCV,17370.0,163.3999786376953,138.0,560.4163004159927
fish4,front,417,ClassicCV,17583.5,165.5294189453125,137.71800231933594,568.1736603975296
fish4,front,418,ClassicCV,17789.0,167.5832061767578,138.0345916748047,579.5878740549088
fish4,front,419,ClassicCV,17954.0,169.52081298828125,137.9737548828125,585.587874174118
fish4,front,420,ClassicCV,18124.5,171.42642211914062,137.8763885498047,593.0020875930786
fish4,front,421,ClassicCV,18247.5,169.85598754882812,137.8763885498047,590.173660159111
fish4,front,422,ClassicCV,18369.0,172.63992309570312,137.8763885498047,586.617311835289
fish4,front,423,ClassicCV,18565.0,174.45321655273438,137.84300231933594,588.6173119544983
fish4,front,424,ClassicCV,18541.0,174.48963928222656,139.27496337890625,582.1320298910141
fish4,front,425,ClassicCV,18621.0,177.80294799804688,134.42567443847656,582.6173113584518
fish4,front,426,ClassicCV,18674.5,180.34713745117188,134.460205078125,595.5462435483932
fish4,front,427,ClassicCV,18724.0,181.18942260742188,136.38058471679688,597.7888842821121
fish4,front,428,ClassicCV,18777.0,180.832275390625,133.68275451660156,603.5878734588623
fish4,front,429,ClassicCV,18847.0,181.94168090820312,134.51480102539062,607.5878738164902
fish4,front,430,ClassicCV,18933.0,183.05108642578125,133.96011352539062,608.7594465017319
fish4,top,311,ClassicCV,2613.0,86.48721313476562,40.79215621948242,230.994948387146
fish4,top,312,ClassicCV,2619.5,86.40167999267578,40.606998443603516,232.40916085243225
fish4,top,313,ClassicCV,2626.5,85.7548599243164,39.939361572265625,231.92387986183167
fish4,top,314,ClassicCV,2549.5,83.38411712646484,39.403472900390625,228.95331740379333
fish4,top,315,ClassicCV,2520.0,84.26203918457031,38.56620407104492,226.02438521385193
fish4,top,316,ClassicCV,2492.5,85.32074737548828,37.29280090332031,226.6101714372635
fish4,top,317,ClassicCV,2486.5,87.68264770507812,36.22154998779297,226.6101714372635
fish4,top,318,ClassicCV,2509.5,91.04590606689453,35.5228271484375,233.09545266628265
fish4,top,319,ClassicCV,2491.0,90.76870727539062,35.62651062011719,233.6812391281128
fish4,top,320,ClassicCV,2492.0,90.63045501708984,34.80878829956055,234.85281205177307
fish4,top,321,ClassicCV,2512.0,91.4915771484375,35.67723846435547,235.33809316158295
fish4,top,322,ClassicCV,2519.5,90.46587371826172,36.98457717895508,232.2670258283615
fish4,top,323,ClassicCV,2534.5,91.35608673095703,39.58990478515625,235.92388010025024
fish4,top,324,ClassicCV,2503.5,91.42222595214844,38.271549224853516,233.43859899044037
fish4,top,325,ClassicCV,2505.0,91.49891662597656,39.19190979003906,236.85281217098236
fish4,top,326,ClassicCV,2502.5,92.6379623413086,36.91587829589844,235.09545266628265
fish4,top,327,ClassicCV,2519.0,91.90973663330078,38.69883346557617,238.02438509464264
fish4,top,328,ClassicCV,2483.0,91.90973663330078,37.582523345947266,240.02438509464264
fish4,top,329,ClassicCV,2466.0,92.11943054199219,37.6290283203125,237.19595777988434
fish4,top,330,ClassicCV,2429.0,91.54773712158203,37.546722412109375,234.85281193256378
fish4,top,331,ClassicCV,2473.5,91.753173828125,39.288814544677734,237.58073341846466
fish4,top,332,ClassicCV,2393.0,91.70561218261719,35.531166076660156,232.3675309419632
fish4,top,333,ClassicCV,2378.5,92.58621978759766,34.64604568481445,234.26702558994293
fish4,top,334,ClassicCV,2366.0,92.0,34.0,234.8528118133545
fish4,top,335,ClassicCV,2326.5,91.99998474121094,32.99999237060547,230.26702547073364
fish4,top,336,ClassicCV,2297.5,93.24054718017578,32.453758239746094,230.2670258283615
fish4,top,337,ClassicCV,2281.5,92.4053726196289,32.22945022583008,226.61017155647278
fish4,top,338,ClassicCV,2268.5,92.3589096069336,32.22222900390625,228.6101714372635
fish4,top,339,ClassicCV,2309.5,91.04926300048828,36.536468505859375,231.92387986183167
fish4,top,340,ClassicCV,2322.5,90.9762954711914,35.97698974609375,231.09545266628265
fish4,top,341,ClassicCV,2344.5,92.0,36.0,232.7523068189621
fish4,top,342,ClassicCV,2331.5,92.0,36.0,234.26702570915222
fish4,top,343,ClassicCV,2399.0,92.0,36.0,233.6812390089035
fish4,top,344,ClassicCV,2391.5,92.0,36.0,233.92387974262238
fish4,top,345,ClassicCV,2362.0,92.18048858642578,35.87565231323242,235.6812391281128
fish4,top,346,ClassicCV,2344.0,92.12737274169922,33.930931091308594,232.85281205177307
fish4,top,347,ClassicCV,2339.0,92.06795501708984,35.92688751220703,235.33809328079224
fish4,top,348,ClassicCV,2329.5,93.0,36.0,236.75230646133423
fish4,top,349,ClassicCV,2302.0,93.0,35.0,237.33809340000153
fish4,top,350,ClassicCV,2266.0,92.0,36.0,230.8528118133545
fish4,top,351,ClassicCV,2262.0,91.63771057128906,36.121498107910156,232.85281205177307
fish4,top,352,ClassicCV,2237.5,91.0,34.0,227.43859827518463
fish4,top,353,ClassicCV,2209.0,91.0,34.0,229.19595789909363
fish4,top,354,ClassicCV,2182.0,90.0,35.0,230.3675308227539
fish4,top,355,ClassicCV,2165.5,90.29415893554688,34.01255798339844,229.78174448013306
fish4,top,356,ClassicCV,2163.5,90.3046646118164,33.031856536865234,230.6101714372635
fish4,top,357,ClassicCV,2183.5,90.0,37.0,236.7523068189621
fish4,top,358,ClassicCV,2171.5,90.0,37.0,234.75230646133423
fish4,top,359,ClassicCV,2192.5,91.0,36.0,237.23758804798126
fish4,top,360,ClassicCV,2196.0,91.99998474121094,34.99999237060547,238.16652023792267
fish4,top,361,ClassicCV,2167.5,92.23528289794922,33.17327880859375,234.7523068189621
fish4,top,362,ClassicCV,2128.5,92.17880249023438,33.17033386230469,236.75230658054352
fish4,top,363,ClassicCV,2163.5,90.92436218261719,33.79600143432617,237.09545278549194
fish4,top,364,ClassicCV,2164.0,89.94316101074219,33.62195587158203,236.02438497543335
fish4,top,365,ClassicCV,2169.5,89.84223937988281,33.51686477661133,237.4385985136032
fish4,top,366,ClassicCV,2155.0,89.9510726928711,32.889678955078125,235.19595801830292
fish4,top,367,ClassicCV,2221.0,90.29934692382812,33.309112548828125,241.33809351921082
fish4,top,368,ClassicCV,2226.5,91.06452941894531,32.66083526611328,239.58073365688324
fish4,top,369,ClassicCV,2210.5,90.46827697753906,33.07870864868164,238.7523068189621
fish4,top,370,ClassicCV,2224.5,91.86769104003906,33.58660888671875,241.58073377609253
fish4,top,371,ClassicCV,2272.5,92.66266632080078,35.32987594604492,248.40916085243225
fish4,top,372,ClassicCV,2311.5,91.3615951538086,37.33280563354492,248.7523069381714
fish4,top,373,ClassicCV,2354.0,90.38287353515625,39.36992263793945,253.48022878170013
fish4,top,374,ClassicCV,2352.0,90.7292709350586,39.599769592285156,255.48022866249084
fish4,top,375,ClassicCV,2427.0,90.89789581298828,40.83162307739258,259.9655097723007
fish4,top,376,ClassicCV,2448.0,91.65552520751953,38.12922668457031,259.48022878170013
fish4,top,377,ClassicCV,2463.0,92.48015594482422,38.919315338134766,259.8233745098114
fish4,top,378,ClassicCV,2423.0,93.14132690429688,39.747623443603516,264.6518017053604
fish4,top,379,ClassicCV,2450.5,93.37621307373047,40.26091003417969,266.8944422006607
fish4,top,380,ClassicCV,2418.0,94.25489807128906,39.789886474609375,266.3086556196213
fish4,top,381,ClassicCV,2377.5,93.90650939941406,40.022884368896484,263.7228692770004
fish4,top,382,ClassicCV,2374.0,93.89697265625,39.730228424072266,261.96550965309143
fish4,top,383,ClassicCV,2424.0,94.55317687988281,41.93746566772461,265.96550965309143
fish4,top,384,ClassicCV,2431.5,93.59050750732422,41.79207992553711,264.551295876503
fish4,top,385,ClassicCV,2454.5,91.82293701171875,41.303192138671875,264.0660148859024
fish4,top,386,ClassicCV,2442.0,92.0653076171875,41.43646240234375,265.96550965309143
fish4,top,387,ClassicCV,2461.0,91.29981231689453,41.4366340637207,260.308655500412
fish4,top,388,ClassicCV,2516.5,90.83094787597656,43.4134407043457,266.8944422006607
fish4,top,389,ClassicCV,2553.5,92.53533935546875,43.415855407714844,269.37972354888916
fish4,top,390,ClassicCV,2583.0,92.59748077392578,43.759891510009766,273.1370825767517
fish4,top,391,ClassicCV,2612.0,94.6176528930664,44.333492279052734,281.62236404418945
fish4,top,392,ClassicCV,2561.0,94.15338134765625,46.15113830566406,283.9655100107193
fish4,top,393,ClassicCV,2595.5,94.37940216064453,46.47999954223633,290.20815074443817
fish4,top,394,ClassicCV,2642.5,91.13497924804688,50.649085998535156,293.86500453948975
fish4,top,395,ClassicCV,2688.5,90.77388000488281,50.05017852783203,295.8650050163269
fish4,top,396,ClassicCV,2735.0,90.60903930664062,50.005706787109375,300.45079159736633
fish4,top,397,ClassicCV,2796.5,91.4439468383789,50.159610748291016,300.6934320926666
fish4,top,398,ClassicCV,2762.0,91.75479888916016,49.70051574707031,300.1076452732086
fish4,top,399,ClassicCV,2742.0,91.09310913085938,49.40642547607422,292.93607223033905
fish4,top,400,ClassicCV,2845.0,92.39582824707031,51.19375991821289,323.42135310173035
fish4,top,401,ClassicCV,2858.0,92.48015594482422,51.689720153808594,325.4213533401489
fish4,top,402,ClassicCV,2880.0,92.53791046142578,52.727142333984375,344.73506128787994
fish4,top,403,ClassicCV,2885.0,92.69396209716797,53.04014587402344,346.7350617647171
fish4,top,404,ClassicCV,2876.5,92.38371276855469,53.93245315551758,348.9777020215988
fish4,top,405,ClassicCV,2880.5,92.08697509765625,54.774940490722656,356.1492750644684
fish4,top,406,ClassicCV,1648.0,84.26561737060547,38.8675651550293,220.9949473142624
fish4,top,407,ClassicCV,1599.0,85.65187072753906,37.61448287963867,219.82337403297424
fish4,top,408,ClassicCV,1581.5,86.1630859375,35.443302154541016,215.23758780956268
fish4,top,409,ClassicCV,1591.5,86.57030487060547,36.175514221191406,218.06601464748383
fish4,top,410,ClassicCV,1579.5,87.18134307861328,36.432838439941406,220.89444148540497
fish4,top,411,ClassicCV,1535.5,85.11489868164062,38.105621337890625,218.06601548194885
fish4,top,412,ClassicCV,1490.5,84.85281372070312,37.476661682128906,222.06601560115814
fish4,top,413,ClassicCV,1472.5,85.32569122314453,34.251468658447266,218.8944432735443
fish4,top,414,ClassicCV,1506.0,86.15293884277344,35.95048904418945,222.6518017053604
fish4,top,415,ClassicCV,1506.5,87.04561614990234,33.84766387939453,219.23758804798126
fish4,top,416,ClassicCV,1533.5,87.94960021972656,33.315162658691406,221.23758780956268
fish4,top,417,ClassicCV,1565.0,88.39706420898438,33.97052001953125,223.48022890090942
fish4,top,418,ClassicCV,1578.5,88.46587371826172,33.467010498046875,222.06601536273956
fish4,top,419,ClassicCV,1592.0,87.79774475097656,35.47138595581055,221.48022842407227
fish4,top,420,ClassicCV,1583.5,88.480224609375,34.66587829589844,222.06601560115814
fish4,top,421,ClassicCV,1581.5,88.41107940673828,35.21059036254883,223.23758804798126
fish4,top,422,ClassicCV,1543.0,86.76692199707031,33.22880554199219,216.50966608524323
fish4,top,423,ClassicCV,1542.0,85.671875,33.72671127319336,215.33809292316437
fish4,top,424,ClassicCV,1517.5,86.24068450927734,33.30522155761719,219.58073377609253
fish4,top,425,ClassicCV,1480.5,87.42971801757812,30.664777755737305,216.7523069381714
fish4,top,426,ClassicCV,1445.5,86.50444030761719,27.855701446533203,212.75230705738068
fish4,top,427,ClassicCV,1472.5,86.60646057128906,29.356975555419922,215.09545290470123
fish4,top,428,ClassicCV,1506.0,86.23665618896484,30.741147994995117,219.33809351921082
fish4,top,429,ClassicCV,1537.0,85.94247436523438,33.096588134765625,224.16652047634125
fish4,top,430,ClassicCV,1554.0,85.6977310180664,35.417510986328125,222.02438497543335
fish5,front,1874,ClassicCV,14485.0,148.64088439941406,139.39662170410156,605.7300088405609
fish5,front,1875,ClassicCV,14961.5,155.47357177734375,144.4797821044922,682.8010765314102
fish5,front,1876,ClassicCV,15046.0,147.95608520507812,146.81126403808594,658.5584363937378
fish5,front,1877,ClassicCV,15262.0,146.77854919433594,141.83306884765625,626.0731549263
fish5,front,1878,ClassicCV,16063.5,150.3262481689453,148.6456756591797,663.6295039653778
fish5,front,1879,ClassicCV,16186.5,154.06607055664062,150.94650268554688,697.4873688220978
fish5,front,1880,ClassicCV,15640.0,152.96435546875,151.36602783203125,707.0437177419662
fish5,front,1881,ClassicCV,15732.5,159.19473266601562,142.3510284423828,663.1442230939865
fish5,front,1882,ClassicCV,18910.0,203.0420379638672,167.49571228027344,892.783832192421
fish5,front,1883,ClassicCV,19788.0,195.1500244140625,167.49571228027344,933.9554054737091
fish5,front,1884,ClassicCV,19978.0,195.1500244140625,167.49571228027344,967.75439453125
fish5,front,1885,ClassicCV,20928.5,188.99996948242188,167.99996948242188,894.7422015666962
fish5,front,1886,ClassicCV,21746.0,188.99996948242188,167.99996948242188,910.1564152240753
fish5,front,1887,ClassicCV,22099.0,188.99996948242188,167.99996948242188,886.3574259281158
fish5,front,1888,ClassicCV,22805.0,189.0,176.0,946.6416968107224
fish5,front,1889,ClassicCV,23013.5,189.0,176.0,966.1980456113815
fish5,front,1890,ClassicCV,23678.0,188.99996948242188,175.99996948242188,945.9554048776627
fish5,front,1891,ClassicCV,24702.5,188.0,176.0,947.2274830341339
fish5,front,1892,ClassicCV,24977.5,187.99996948242188,175.99996948242188,929.9137748479843
fish5,front,1893,ClassicCV,25030.0,185.0,176.0,983.4701238870621
fish5,front,1894,ClassicCV,24970.5,185.0,176.0,985.2274830341339
fish5,front,465,ClassicCV,5227.0,89.0,77.0,293.1370829343796
fish5,front,466,ClassicCV,5085.0,87.0,77.0,281.96550989151
fish5,front,467,ClassicCV,5053.0,81.7779541015625,79.31591033935547,278.79393684864044
fish5,front,468,ClassicCV,5065.5,83.18173217773438,80.4984359741211,280.2081505060196
fish5,front,469,ClassicCV,5077.0,83.47489929199219,80.83177947998047,282.1076445579529
fish5,front,470,ClassicCV,5097.0,83.29497528076172,83.02723693847656,293.2792179584503
fish5,front,471,ClassicCV,5162.0,86.48825073242188,79.74588775634766,288.5929263830185
fish5,front,472,ClassicCV,5243.0,84.89180755615234,83.34831237792969,291.76450049877167
fish5,front,473,ClassicCV,5197.0,84.42990112304688,82.09364318847656,294.93607246875763
fish5,front,474,ClassicCV,5212.0,85.26545715332031,82.24740600585938,303.4213535785675
fish5,front,475,ClassicCV,5196.5,83.82050323486328,81.89555358886719,294.35028553009033
fish5,front,476,ClassicCV,5202.5,86.06625366210938,79.8208999633789,302.8355665206909
fish5,front,477,ClassicCV,5192.5,85.65069580078125,79.84199523925781,299.6639940738678
fish5,front,478,ClassicCV,5174.5,87.06684112548828,77.77970886230469,296.35028660297394
fish5,front,479,ClassicCV,5129.0,87.46360778808594,77.76666259765625,302.24978041648865
fish5,front,480,ClassicCV,5223.0,89.88188934326172,78.35856628417969,303.07820868492126
fish5,front,481,ClassicCV,5181.0,84.9836196899414,80.64458465576172,308.2497808933258
fish5,front,482,ClassicCV,5215.5,85.58116912841797,80.79605865478516,304.0071396827698
fish5,front,483,ClassicCV,5315.0,87.57154083251953,81.12599182128906,310.2497807741165
fish5,front,484,ClassicCV,5444.0,91.80288696289062,81.54093170166016,315.9066343307495
fish5,front,485,ClassicCV,5542.0,92.32207489013672,81.12144470214844,308.5929265022278
fish5,front,486,ClassicCV,5689.5,93.97571563720703,81.61048889160156,316.83556711673737
fish5,front,487,ClassicCV,5738.0,95.13370513916016,82.29291534423828,328.7350618839264
fish5,front,488,ClassicCV,5844.5,95.45928955078125,81.74339294433594,327.32084810733795
fish5,front,489,ClassicCV,5664.0,91.62559509277344,79.1976547241211,303.42135310173035
fish5,front,490,ClassicCV,5757.5,91.46572875976562,79.20037841796875,308.1492757797241
fish5,front,491,ClassicCV,5771.0,90.74179077148438,79.20846557617188,308.73506236076355
fish5,front,492,ClassicCV,5722.0,92.09330749511719,80.00228118896484,310.73506247997284
fish5,front,493,ClassicCV,5772.0,94.7522964477539,79.90306091308594,309.07820749282837
fish5,front,494,ClassicCV,5850.5,91.9232406616211,85.06329345703125,306.9777020215988
fish5,front,495,ClassicCV,5981.5,92.62930297851562,82.97589874267578,305.3208476305008
fish5,front,496,ClassicCV,6214.5,96.082275390625,84.05348205566406,314.1492750644684
fish5,front,497,ClassicCV,6466.0,97.93978118896484,86.75942993164062,321.9066352844238
fish5,front,498,ClassicCV,6701.0,96.83100128173828,90.41944885253906,331.7645001411438
fish5,front,499,ClassicCV,6950.0,97.92483520507812,92.98297882080078,343.0782080888748
fish5,front,500,ClassicCV,7058.5,99.44654083251953,95.35588836669922,352.14927566051483
fish5,front,501,ClassicCV,7125.0,103.95441436767578,90.35922241210938,345.5634891986847
fish5,top,1874,ClassicCV,2429.0,71.5592041015625,63.35676956176758,300.50966703891754
fish5,top,1875,ClassicCV,2430.5,71.5592041015625,63.2153434753418,297.9238803386688
fish5,top,1876,ClassicCV,2437.5,71.5592041015625,63.2153434753418,298.7523069381714
fish5,top,1877,ClassicCV,2413.5,65.47808837890625,62.50823974609375,286.2670261859894
fish5,top,1878,ClassicCV,2430.0,65.47808837890625,63.35676956176758,289.6812392473221
fish5,top,1879,ClassicCV,2482.5,65.61951446533203,63.35676956176758,291.92388021945953
fish5,top,1880,ClassicCV,2487.0,65.61951446533203,63.35676956176758,291.6812391281128
fish5,top,1881,ClassicCV,2493.5,65.11823272705078,64.12596130371094,295.09545266628265
fish5,top,1882,ClassicCV,2488.5,65.11823272705078,64.12596130371094,293.4385985136032
fish5,top,1883,ClassicCV,2495.5,65.11823272705078,64.12596130371094,292.26702558994293
fish5,top,1884,ClassicCV,2480.5,65.33667755126953,63.63961410522461,291.4385985136032
fish5,top,1885,ClassicCV,2770.0,66.54740142822266,64.15504455566406,360.99494767189026
fish5,top,1886,ClassicCV,2783.0,66.54740142822266,64.15504455566406,365.4802289009094
fish5,top,1887,ClassicCV,3111.5,66.54740142822266,63.95567321777344,278.46803629398346
fish5,top,1888,ClassicCV,3105.0,66.54740142822266,63.95567321777344,277.8822498321533
fish5,top,1889,ClassicCV,3147.5,66.62713623046875,63.95567321777344,276.46803629398346
fish5,top,1890,ClassicCV,3150.0,66.62713623046875,63.95567321777344,273.8822498321533
fish5,top,1891,ClassicCV,3142.0,66.62713623046875,63.87593078613281,275.88224971294403
fish5,top,1892,ClassicCV,3130.0,66.62713623046875,63.95567321777344,271.88224959373474
fish5,top,1893,ClassicCV,3122.0,66.62713623046875,63.87593078613281,271.88224971294403
fish5,top,1894,ClassicCV,3121.5,66.62713623046875,63.87593078613281,276.1248904466629
fish5,top,465,ClassicCV,1808.0,61.76924133300781,42.076927185058594,184.85281217098236
fish5,top,466,ClassicCV,1752.5,63.00790023803711,41.46611022949219,190.61017155647278
fish5,top,467,ClassicCV,1809.5,61.20832824707031,42.36680603027344,189.43859815597534
fish5,top,468,ClassicCV,1775.5,60.42375564575195,42.50554656982422,192.2670258283615
fish5,top,469,ClassicCV,1769.5,60.0,43.0,196.61017167568207
fish5,top,470,ClassicCV,1673.5,60.0,42.0,189.78174436092377
fish5,top,471,ClassicCV,1728.0,62.0,42.0,200.36753070354462
fish5,top,472,ClassicCV,1664.5,62.0,42.0,200.6101714372635
fish5,top,473,ClassicCV,1658.5,61.0,42.0,201.78174483776093
fish5,top,474,ClassicCV,1652.5,60.0,42.0,211.4385985136032
fish5,top,475,ClassicCV,1620.0,61.32218551635742,41.48676300048828,213.19595789909363
fish5,top,476,ClassicCV,1681.5,62.0,42.0,222.26702523231506
fish5,top,477,ClassicCV,1629.0,62.0,42.0,222.02438509464264
fish5,top,478,ClassicCV,1611.0,61.97136688232422,40.80340576171875,214.02438461780548
fish5,top,479,ClassicCV,1634.0,57.0,44.0,212.02438497543335
fish5,top,480,ClassicCV,1725.0,62.0,45.0,217.68123936653137
fish5,top,481,ClassicCV,1600.0,63.051456451416016,44.750118255615234,243.33809340000153
fish5,top,482,ClassicCV,1423.5,62.0,44.0,245.09545278549194
fish5,top,483,ClassicCV,1407.0,62.0,43.0,240.85281217098236
fish5,top,484,ClassicCV,765.5,61.0,18.0,144.18376553058624
fish5,top,485,ClassicCV,741.0,61.59895324707031,16.39835548400879,142.7695518732071
fish5,top,486,ClassicCV,742.0,61.17906951904297,16.675161361694336,141.5979790687561
fish5,top,487,ClassicCV,762.0,61.651512145996094,16.976503372192383,143.5979790687561
fish5,top,488,ClassicCV,790.5,64.91412353515625,18.107147216796875,150.6690467596054
fish5,top,489,ClassicCV,822.0,65.484619140625,19.160314559936523,152.911687374115
fish5,top,490,ClassicCV,867.5,63.0,24.0,156.32590091228485
fish5,top,491,ClassicCV,882.5,64.0,25.0,159.15432786941528
fish5,top,492,ClassicCV,874.5,65.0,23.0,157.154327750206
fish5,top,493,ClassicCV,857.5,63.0,24.0,157.15432786941528
fish5,top,494,ClassicCV,858.5,64.0,24.0,158.32590091228485
fish5,top,495,ClassicCV,796.0,63.3255500793457,19.226980209350586,148.9116871356964
fish5,top,496,ClassicCV,779.5,63.293617248535156,17.426292419433594,146.6690467596054
fish5,top,497,ClassicCV,839.5,62.73659133911133,21.35595703125,149.49747359752655
fish5,top,498,ClassicCV,891.0,64.43730163574219,22.355043411254883,152.9116872549057
fish5,top,499,ClassicCV,940.0,63.0,24.0,154.9116872549057
fish5,top,500,ClassicCV,971.5,63.81645584106445,25.055452346801758,161.15432786941528
fish5,top,501,ClassicCV,976.0,63.0,24.0,155.7401146888733
fish6,front,450,ClassicCV,1540.5,64.32441711425781,34.50646209716797,184.26702558994293
fish6,front,451,ClassicCV,1568.0,64.6246566772461,35.157684326171875,184.85281240940094
fish6,front,452,ClassicCV,1556.5,63.81493377685547,35.32143020629883,186.26702523231506
fish6,front,453,ClassicCV,1567.5,63.28969955444336,34.79620361328125,180.26702558994293
fish6,front,454,ClassicCV,1583.0,64.76923370361328,34.30769348144531,185.6812390089035
fish6,front,455,ClassicCV,1590.5,64.73406982421875,34.66489791870117,186.2670260667801
fish6,front,456,ClassicCV,1598.5,64.73406982421875,34.66489791870117,183.43859899044037
fish6,front,457,ClassicCV,1624.0,69.26043701171875,34.97218704223633,199.68123924732208
fish6,front,458,ClassicCV,1624.0,69.26043701171875,34.97218704223633,199.68123924732208
fish6,front,459,ClassicCV,1634.0,69.26043701171875,34.97218704223633,199.68123924732208
fish6,front,460,ClassicCV,1634.0,69.26043701171875,34.97218704223633,199.68123924732208
fish6,front,461,ClassicCV,1635.5,69.26043701171875,34.97218704223633,200.26702558994293
fish6,front,462,ClassicCV,1635.5,69.26043701171875,34.97218704223633,200.26702558994293
fish6,front,463,ClassicCV,1606.0,64.74527740478516,35.22566604614258,186.02438497543335
fish6,front,464,ClassicCV,1606.0,64.74527740478516,35.22566604614258,186.02438497543335
fish6,front,465,ClassicCV,1632.5,65.52755737304688,35.22566604614258,186.6101713180542
fish6,front,466,ClassicCV,1660.5,65.96968841552734,35.264678955078125,187.4385985136032
fish6,front,467,ClassicCV,1663.5,65.57878112792969,35.912193298339844,187.09545266628265
fish6,front,468,ClassicCV,1660.5,65.57878112792969,35.912193298339844,187.09545266628265
fish6,front,469,ClassicCV,1667.5,65.2264404296875,35.63361740112305,187.43859839439392
fish6,front,470,ClassicCV,1670.0,66.66462707519531,34.91072463989258,187.19595789909363
fish6,front,471,ClassicCV,1679.5,66.6358642578125,35.20384979248047,187.43859887123108
fish6,front,472,ClassicCV,1670.5,66.66462707519531,34.91072463989258,186.61017155647278
fish6,front,473,ClassicCV,1674.0,66.84878540039062,34.75843048095703,185.53910398483276
fish6,front,474,ClassicCV,1664.5,66.84878540039062,34.75843048095703,183.78174424171448
fish6,front,475,ClassicCV,1659.5,66.82991790771484,34.50646209716797,182.6101713180542
fish6,front,476,ClassicCV,1655.0,66.70587921142578,34.50646209716797,181.5391036272049
fish6,front,477,ClassicCV,1674.0,67.87181091308594,34.50646209716797,182.36753070354462
fish6,front,478,ClassicCV,1710.0,67.98456573486328,35.36439895629883,183.1959582567215
fish6,front,479,ClassicCV,1707.0,67.96449279785156,35.65350341796875,183.1959581375122
fish6,front,480,ClassicCV,1720.0,67.97476196289062,36.080230712890625,184.02438509464264
fish6,front,481,ClassicCV,1723.0,67.97476196289062,36.080230712890625,184.02438497543335
fish6,front,482,ClassicCV,1731.5,68.00350952148438,36.4256706237793,186.6101714372635
fish6,front,483,ClassicCV,1742.5,67.99347686767578,36.70274353027344,187.4385985136032
fish6,front,484,ClassicCV,1749.0,68.00350952148438,36.4256706237793,186.85281217098236
fish6,front,485,ClassicCV,1761.5,67.96449279785156,37.139068603515625,188.26702558994293
fish6,front,486,ClassicCV,1774.5,69.0718994140625,36.865962982177734,188.26702558994293
fish6,front,487,ClassicCV,1770.0,68.34700775146484,36.710628509521484,187.68123936653137
fish6,front,488,ClassicCV,1747.5,68.1916732788086,36.503517150878906,187.4385986328125
fish6,front,489,ClassicCV,1753.0,68.1916732788086,36.503517150878906,188.02438521385193
fish6,front,490,ClassicCV,1751.5,68.1916732788086,36.503517150878906,188.61017167568207
fish6,front,491,ClassicCV,1738.5,68.1916732788086,36.503517150878906,188.61017155647278
fish6,front,492,ClassicCV,1711.0,66.89722442626953,36.14107131958008,183.1959582567215
fish6,front,493,ClassicCV,1727.5,67.02703094482422,36.2702751159668,185.4385987520218
fish6,front,494,ClassicCV,1729.5,67.02703094482422,36.2702751159668,184.61017155647278
fish6,front,495,ClassicCV,1722.5,67.35135650634766,36.2702751159668,182.6101713180542
fish6,front,496,ClassicCV,1744.5,68.30518341064453,34.7850456237793,185.4385986328125
fish6,front,497,ClassicCV,1783.5,68.53038787841797,35.09538269042969,185.4385986328125
fish6,front,498,ClassicCV,1783.5,68.53038787841797,35.09538269042969,185.4385986328125
fish6,front,499,ClassicCV,1796.5,68.64498138427734,35.522735595703125,186.26702570915222
fish6,front,500,ClassicCV,1789.0,68.66569519042969,34.78117370605469,184.85281193256378
fish6,front,501,ClassicCV,1792.5,69.50809478759766,34.97654342651367,189.09545278549194
fish6,front,502,ClassicCV,1795.5,68.24095916748047,35.394683837890625,188.26702547073364
fish6,front,503,ClassicCV,1828.5,68.24095916748047,35.394683837890625,188.26702558994293
fish6,front,504,ClassicCV,1849.0,68.52980041503906,35.16626739501953,190.50966680049896
fish6,front,505,ClassicCV,1846.5,68.48258209228516,35.28749465942383,191.09545254707336
fish6,front,506,ClassicCV,1903.5,69.85206604003906,35.93022155761719,193.92387998104095
fish6,front,507,ClassicCV,1918.0,69.48709869384766,36.862464904785156,197.33809316158295
fish6,front,508,ClassicCV,1928.5,70.35260772705078,36.67938232421875,197.09545254707336
fish6,front,509,ClassicCV,1933.5,70.68629455566406,36.94500732421875,199.78174448013306
fish6,front,510,ClassicCV,1943.5,70.68629455566406,36.94500732421875,200.61017155647278
fish6,front,511,ClassicCV,1948.5,71.77692413330078,36.94500732421875,200.61017167568207
fish6,front,512,ClassicCV,1977.5,72.70121765136719,37.112159729003906,203.4385986328125
fish6,front,513,ClassicCV,1980.5,72.70121765136719,36.189720153808594,202.26702570915222
fish6,front,514,ClassicCV,1990.5,72.63290405273438,36.48197937011719,202.26702558994293
fish6,front,515,ClassicCV,1998.5,72.63290405273438,36.48197937011719,200.26702547073364
fish6,front,516,ClassicCV,2018.5,74.6854248046875,36.48197937011719,203.09545242786407
fish6,front,517,ClassicCV,2051.0,75.7889404296875,36.48197937011719,205.33809316158295
fish6,front,518,ClassicCV,2030.5,75.23399353027344,36.472904205322266,203.09545278549194
fish6,front,519,ClassicCV,2039.0,75.54678344726562,37.2503776550293,204.85281229019165
fish6,front,520,ClassicCV,2033.0,75.50814056396484,36.78962326049805,204.5096663236618
fish6,front,521,ClassicCV,2033.5,75.76368713378906,36.581974029541016,203.09545278549194
fish6,front,522,ClassicCV,2028.0,76.02107238769531,37.10602569580078,204.50966656208038
fish6,front,523,ClassicCV,2033.0,76.09065246582031,36.87618637084961,204.50966608524323
fish6,front,524,ClassicCV,2033.0,76.2408218383789,37.43394470214844,206.50966608524323
fish6,front,525,ClassicCV,1994.5,77.67156219482422,36.604312896728516,204.6101711988449
fish6,front,526,ClassicCV,2004.5,77.42589569091797,36.604312896728516,206.26702558994293
fish6,front,527,ClassicCV,1961.0,76.81416320800781,36.74943542480469,204.85281205177307
fish6,front,528,ClassicCV,2009.5,78.91516876220703,36.76580047607422,205.4385985136032
fish6,front,529,ClassicCV,1987.0,76.47679138183594,36.66166687011719,202.02438497543335
fish6,front,530,ClassicCV,2036.0,77.71219635009766,36.99397659301758,205.19595801830292
fish6,front,531,ClassicCV,2018.5,78.11665344238281,36.29246520996094,203.4385987520218
fish6,front,532,ClassicCV,1971.0,74.40176391601562,36.3318977355957,194.36753106117249
fish6,front,533,ClassicCV,2005.0,74.98109436035156,36.74570083618164,197.1959583759308
fish6,front,534,ClassicCV,2011.0,74.88439178466797,36.856483459472656,199.19595766067505
fish6,front,535,ClassicCV,1971.5,74.48175048828125,36.64021301269531,197.78174448013306
fish6,front,536,ClassicCV,1997.0,74.42486572265625,36.85706329345703,197.19595789909363
fish6,front,537,ClassicCV,1966.5,74.3421859741211,36.847679138183594,197.43859887123108
fish6,front,538,ClassicCV,1955.0,74.30233764648438,36.693824768066406,196.85281229019165
fish6,front,539,ClassicCV,1984.0,74.24280548095703,36.92204284667969,203.33809340000153
fish6,front,540,ClassicCV,1945.5,74.83100891113281,36.95859909057617,200.26702523231506
fish6,front,541,ClassicCV,1919.5,74.62289428710938,36.903961181640625,199.43859887123108
fish6,front,542,ClassicCV,2012.0,77.7364273071289,36.69405746459961,204.85281229019165
fish6,front,543,ClassicCV,2017.0,77.74734497070312,37.21487045288086,205.33809340000153
fish6,front,544,ClassicCV,2014.5,77.31461334228516,37.64760208129883,210.7523068189621
fish6,front,545,ClassicCV,2010.0,77.22225189208984,37.24403381347656,207.33809340000153
fish6,front,546,ClassicCV,1978.0,77.70648956298828,36.9181022644043,208.16652047634125
fish6,front,547,ClassicCV,2074.0,74.83523559570312,38.25324630737305,208.16652047634125
fish6,front,548,ClassicCV,2074.0,74.83523559570312,38.25324630737305,208.16652047634125
fish6,front,549,ClassicCV,2071.5,75.088134765625,38.35654067993164,208.7523069381714
fish6,front,550,ClassicCV,2071.5,75.088134765625,38.35654067993164,208.7523069381714
fish6,front,551,ClassicCV,2068.5,76.79096984863281,37.73066711425781,204.7523069381714
fish6,front,552,ClassicCV,2039.0,76.33136749267578,37.53882598876953,204.99494779109955
fish6,front,553,ClassicCV,2033.0,76.84225463867188,37.1247673034668,202.99494791030884
fish6,front,554,ClassicCV,2038.0,77.6966552734375,36.882789611816406,205.3380937576294
fish6,front,555,ClassicCV,2063.0,78.13860321044922,37.1247673034668,206.16652047634125
fish6,front,556,ClassicCV,2066.0,77.44125366210938,37.58348846435547,205.8233745098114
fish6,front,557,ClassicCV,2071.0,77.47058868408203,37.82353591918945,206.99494755268097
fish6,front,558,ClassicCV,2078.0,78.88235473632812,37.82353591918945,208.6518017053604
fish6,front,559,ClassicCV,2064.5,77.7801284790039,37.332862854003906,204.7523068189621
fish6,front,560,ClassicCV,2086.0,77.8151626586914,37.565940856933594,204.99494755268097
fish6,front,561,ClassicCV,2094.5,77.98091125488281,38.046051025390625,206.40916097164154
fish6,front,562,ClassicCV,2107.0,78.35431671142578,37.822303771972656,206.50966656208038
fish6,top,450,ClassicCV,335.0,37.11872863769531,12.969193458557129,89.25483322143555
fish6,top,451,ClassicCV,337.0,37.11872863769531,12.969193458557129,89.25483334064484
fish6,top,452,ClassicCV,334.5,37.11872863769531,12.969193458557129,88.66904747486115
fish6,top,453,ClassicCV,324.5,37.11872863769531,12.969193458557129,88.6690468788147
fish6,top,454,ClassicCV,324.5,37.11872863769531,12.969193458557129,88.6690468788147
fish6,top,455,ClassicCV,330.5,37.565940856933594,13.416407585144043,89.8406194448471
fish6,top,456,ClassicCV,328.5,37.11872863769531,13.41640853881836,89.8406195640564
fish6,top,457,ClassicCV,326.0,37.565940856933594,13.416407585144043,90.42640626430511
fish6,top,458,ClassicCV,323.5,37.565940856933594,12.969194412231445,89.84061992168427
fish6,top,459,ClassicCV,324.5,37.565940856933594,12.969194412231445,89.84061992168427
fish6,top,460,ClassicCV,325.5,37.11872863769531,13.416407585144043,89.01219284534454
fish6,top,461,ClassicCV,322.5,37.11872863769531,13.416407585144043,89.01219260692596
fish6,top,462,ClassicCV,322.5,37.11872863769531,12.969194412231445,87.8406194448471
fish6,top,463,ClassicCV,323.5,37.11872863769531,13.416407585144043,89.01219272613525
fish6,top,464,ClassicCV,328.5,37.11872863769531,13.416407585144043,89.01219236850739
fish6,top,465,ClassicCV,338.0,37.816261291503906,14.70632266998291,91.5979791879654
fish6,top,466,ClassicCV,339.5,37.816261291503906,14.70632266998291,92.18376564979553
fish6,top,467,ClassicCV,322.5,35.467811584472656,14.298541069030762,87.35533821582794
fish6,top,468,ClassicCV,327.0,36.02489471435547,14.66993236541748,87.59797930717468
fish6,top,469,ClassicCV,329.0,35.93163299560547,13.927896499633789,86.42640662193298
fish6,top,470,ClassicCV,329.5,36.28275680541992,13.927896499633789,87.01219248771667
fish6,top,471,ClassicCV,338.5,37.219085693359375,13.927896499633789,90.18376529216766
fish6,top,472,ClassicCV,345.5,38.01315689086914,13.86362075805664,91.01219248771667
fish6,top,473,ClassicCV,346.0,38.460365295410156,13.86362075805664,91.5979790687561
fish6,top,474,ClassicCV,338.0,37.565940856933594,13.86362075805664,89.59797942638397
fish6,top,475,ClassicCV,329.5,36.671512603759766,13.416407585144043,86.18376553058624
fish6,top,476,ClassicCV,325.0,36.671512603759766,12.521980285644531,85.59797966480255
fish6,top,477,ClassicCV,317.5,36.671512603759766,12.521980285644531,86.18376564979553
fish6,top,478,ClassicCV,313.5,35.09642028808594,12.998673439025879,83.01219320297241
fish6,top,479,ClassicCV,320.5,35.32987594604492,13.416406631469727,83.01219296455383
fish6,top,480,ClassicCV,336.5,37.565940856933594,13.416406631469727,89.01219296455383
fish6,top,481,ClassicCV,334.0,36.671512603759766,13.416406631469727,86.42640602588654
fish6,top,482,ClassicCV,321.0,36.04996109008789,13.597793579101562,86.76955199241638
fish6,top,483,ClassicCV,319.0,36.61021423339844,13.312806129455566,85.59797942638397
fish6,top,484,ClassicCV,326.0,37.558189392089844,13.3768892288208,87.59797930717468
fish6,top,485,ClassicCV,324.5,37.565940856933594,12.521980285644531,87.01219272613525
fish6,top,486,ClassicCV,320.0,35.733734130859375,13.914020538330078,84.76955163478851
fish6,top,487,ClassicCV,320.0,35.733734130859375,13.597792625427246,84.7695517539978
fish6,top,488,ClassicCV,317.0,37.11872863769531,12.969193458557129,86.7695517539978
fish6,top,489,ClassicCV,316.5,36.88756561279297,13.035454750061035,86.18376505374908
fish6,top,490,ClassicCV,316.0,35.7770881652832,13.416406631469727,84.76955187320709
fish6,top,491,ClassicCV,322.5,35.43901824951172,13.873414039611816,85.35533785820007
fish6,top,492,ClassicCV,339.5,36.26601791381836,14.81560230255127,88.18376517295837
fish6,top,493,ClassicCV,344.5,37.274959564208984,14.559161186218262,90.18376541137695
fish6,top,494,ClassicCV,338.5,38.01315689086914,13.86362075805664,90.18376541137695
fish6,top,495,ClassicCV,337.0,37.23225021362305,14.10702896118164,89.94112455844879
fish6,top,496,ClassicCV,328.5,37.36206817626953,13.32397174835205,89.35533821582794
fish6,top,497,ClassicCV,333.0,37.919498443603516,13.386347770690918,90.76955211162567
fish6,top,498,ClassicCV,330.0,36.97458267211914,13.591702461242676,88.76955199241638
fish6,top,499,ClassicCV,326.5,36.76081466674805,13.799619674682617,89.35533857345581
fish6,top,500,ClassicCV,340.5,38.9075813293457,13.416407585144043,92.18376541137695
fish6,top,501,ClassicCV,343.0,37.9632682800293,14.085919380187988,92.76955199241638
fish6,top,502,ClassicCV,341.0,37.9632682800293,13.856880187988281,92.76955187320709
fish6,top,503,ClassicCV,338.0,38.9075813293457,13.416407585144043,92.76955211162567
fish6,top,504,ClassicCV,355.5,40.24922180175781,13.86362075805664,96.18376541137695
fish6,top,505,ClassicCV,349.5,39.21223449707031,13.914020538330078,94.18376541137695
fish6,top,506,ClassicCV,352.5,39.04823303222656,14.067066192626953,95.35533845424652
fish6,top,507,ClassicCV,340.0,38.07809066772461,13.824529647827148,92.76955187320709
fish6,top,508,ClassicCV,338.5,38.66999053955078,13.883818626403809,92.18376553058624
fish6,top,509,ClassicCV,342.0,39.515480041503906,13.883818626403809,93.59797894954681
fish6,top,510,ClassicCV,340.0,39.04823303222656,13.824529647827148,93.59797894954681
fish6,top,511,ClassicCV,334.5,38.198486328125,13.591702461242676,92.18376529216766
fish6,top,512,ClassicCV,329.5,37.36206817626953,13.59869384765625,90.18376588821411
fish6,top,513,ClassicCV,331.0,38.32358932495117,13.049251556396484,91.5979791879654
fish6,top,514,ClassicCV,298.5,33.33235549926758,13.218003273010254,80.5269113779068
fish6,top,515,ClassicCV,304.5,34.29018020629883,13.02643871307373,81.35533845424652
fish6,top,516,ClassicCV,304.5,34.29018020629883,13.02643871307373,81.35533845424652
fish6,top,517,ClassicCV,305.0,34.29018020629883,13.02643871307373,81.94112491607666
fish6,top,518,ClassicCV,299.0,32.98484420776367,13.339458465576172,81.11269783973694
fish6,top,519,ClassicCV,299.0,33.5201416015625,13.281564712524414,81.11269783973694
fish6,top,520,ClassicCV,296.0,33.24125289916992,13.323973655700684,81.11269795894623
fish6,top,521,ClassicCV,297.5,33.24125289916992,13.186612129211426,80.5269113779068
fish6,top,522,ClassicCV,297.5,33.15278625488281,13.331280708312988,80.5269113779068
fish6,top,523,ClassicCV,297.0,34.46882247924805,12.965337753295898,81.94112467765808
fish6,top,524,ClassicCV,321.0,38.01315689086914,12.969193458557129,88.76955187320709
fish6,top,525,ClassicCV,320.5,37.565940856933594,12.969193458557129,88.18376517295837
fish6,top,526,ClassicCV,327.5,37.565940856933594,12.969193458557129,89.01219260692596
fish6,top,527,ClassicCV,329.5,37.565940856933594,12.969193458557129,89.01219260692596
fish6,top,528,ClassicCV,302.5,34.435447692871094,12.969193458557129,81.35533845424652
fish6,top,529,ClassicCV,298.5,34.435447692871094,12.969193458557129,81.35533833503723
fish6,top,530,ClassicCV,318.0,36.224300384521484,12.969193458557129,86.76955187320709
fish6,top,531,ClassicCV,326.0,37.11872863769531,13.416406631469727,87.59797883033752
fish6,top,532,ClassicCV,329.5,37.11872863769531,13.416406631469727,88.18376541137695
fish6,top,533,ClassicCV,348.5,40.24921798706055,13.416407585144043,95.35533833503723
fish6,top,534,ClassicCV,349.5,40.24921798706055,13.416407585144043,95.35533833503723
fish6,top,535,ClassicCV,349.5,40.24921798706055,13.416407585144043,95.35533833503723
fish6,top,536,ClassicCV,346.5,39.35479736328125,13.416406631469727,94.18376541137695
fish6,top,537,ClassicCV,330.5,37.565940856933594,12.969193458557129,90.18376553058624
fish6,top,538,ClassicCV,334.0,37.565940856933594,13.416406631469727,90.76955199241638
fish6,top,539,ClassicCV,330.5,37.565940856933594,12.969193458557129,90.18376541137695
fish6,top,540,ClassicCV,334.5,38.460365295410156,12.969193458557129,91.01219248771667
fish6,top,541,ClassicCV,336.5,38.460365295410156,12.969193458557129,91.01219236850739
fish6,top,542,ClassicCV,323.5,36.671512603759766,12.969193458557129,87.01219236850739
fish6,top,543,ClassicCV,330.0,36.61021423339844,13.867505073547363,87.59797894954681
fish6,top,544,ClassicCV,325.0,36.671512603759766,13.416406631469727,87.5979790687561
fish6,top,545,ClassicCV,325.5,36.671512603759766,13.416406631469727,88.18376541137695
fish6,top,546,ClassicCV,328.5,37.565940856933594,13.416406631469727,90.18376553058624
fish6,top,547,ClassicCV,334.5,37.36206817626953,14.010775566101074,90.18376553058624
fish6,top,548,ClassicCV,330.0,36.40054702758789,14.422856330871582,88.76955211162567
fish6,top,549,ClassicCV,325.5,37.11872863769531,13.416406631469727,88.18376529216766
fish6,top,550,ClassicCV,330.0,38.01315689086914,12.969193458557129,89.59797894954681
fish6,top,551,ClassicCV,340.0,38.57978439331055,13.281564712524414,91.5979791879654
fish6,top,552,ClassicCV,334.0,37.631099700927734,13.28156566619873,90.76955187320709
fish6,top,553,ClassicCV,326.5,36.40054702758789,14.148136138916016,87.35533821582794
fish6,top,554,ClassicCV,307.0,34.882659912109375,13.416407585144043,82.76955187320709
fish6,top,555,ClassicCV,303.5,35.50081253051758,13.035454750061035,83.35533821582794
fish6,top,556,ClassicCV,307.0,35.7770881652832,12.521980285644531,84.76955199241638
fish6,top,557,ClassicCV,315.5,36.49318313598633,13.02643871307373,87.35533833503723
fish6,top,558,ClassicCV,303.5,33.15278625488281,13.59439754486084,80.52691125869751
fish6,top,559,ClassicCV,298.0,33.98823165893555,12.969193458557129,79.94112467765808
fish6,top,560,ClassicCV,305.5,34.435447692871094,12.969193458557129,81.35533845424652
fish6,top,561,ClassicCV,310.0,35.32987594604492,12.969193458557129,82.76955199241638
fish6,top,562,ClassicCV,305.0,35.32987594604492,12.969193458557129,82.76955163478851
fish7,front,700,ClassicCV,2682.0,72.85540008544922,46.010704040527344,215.68123936653137
fish7,front,701,ClassicCV,2702.0,73.83827209472656,46.010704040527344,217.68123924732208
fish7,front,702,ClassicCV,2729.5,74.01122283935547,46.2411003112793,215.4385985136032
fish7,front,703,ClassicCV,2755.0,74.52412414550781,47.067867279052734,218.85281217098236
fish7,front,704,ClassicCV,2754.0,75.04244232177734,47.046871185302734,217.68123948574066
fish7,front,705,ClassicCV,2768.0,76.02631378173828,47.046871185302734,219.68123948574066
fish7,front,706,ClassicCV,2801.5,76.06005096435547,47.095821380615234,217.09545266628265
fish7,front,707,ClassicCV,2840.0,75.9388656616211,47.744686126708984,219.6812390089035
fish7,front,708,ClassicCV,2885.0,75.9388656616211,48.72629928588867,221.6812391281128
fish7,front,709,ClassicCV,2911.0,75.9883041381836,48.83646011352539,222.8528118133545
fish7,front,710,ClassicCV,2939.5,76.04703521728516,49.04558563232422,223.4385985136032
fish7,front,711,ClassicCV,2984.0,76.04703521728516,49.04558563232422,224.85281193256378
fish7,front,712,ClassicCV,2974.0,76.04703521728516,49.04558563232422,223.6812391281128
fish7,front,713,ClassicCV,3010.5,75.76280975341797,49.68962478637695,225.92387986183167
fish7,front,714,ClassicCV,3079.5,77.15092468261719,50.781585693359375,228.40916109085083
fish7,front,715,ClassicCV,3111.0,77.15092468261719,50.781585693359375,228.9949473142624
fish7,front,716,ClassicCV,3123.0,76.41189575195312,51.16514205932617,230.16652035713196
fish7,front,717,ClassicCV,3128.0,75.63941955566406,51.630653381347656,230.5096663236618
fish7,front,718,ClassicCV,3123.5,75.57188415527344,51.630653381347656,229.09545254707336
fish7,front,719,ClassicCV,3172.5,76.51737213134766,51.630653381347656,229.58073389530182
fish7,front,720,ClassicCV,3191.0,76.59601593017578,52.00173568725586,232.9949471950531
fish7,front,721,ClassicCV,3222.5,76.71717834472656,51.9283447265625,233.92387974262238
fish7,front,722,ClassicCV,3231.5,77.36886596679688,52.1451530456543,233.92387974262238
fish7,front,723,ClassicCV,3233.5,77.36888122558594,52.14516067504883,233.9238796234131
fish7,front,724,ClassicCV,3243.5,78.09647369384766,52.1451530456543,233.58073353767395
fish7,front,725,ClassicCV,3283.0,76.2811279296875,54.41606521606445,235.33809316158295
fish7,front,726,ClassicCV,3302.5,79.116455078125,53.15936279296875,237.58073365688324
fish7,front,727,ClassicCV,3317.5,77.07364654541016,54.71640396118164,236.75230658054352
fish7,front,728,ClassicCV,3318.5,77.07364654541016,54.71640396118164,235.9238795042038
fish7,front,729,ClassicCV,3340.5,77.2697525024414,54.716400146484375,234.26702535152435
fish7,front,730,ClassicCV,3344.0,78.84477233886719,53.85149383544922,234.50966596603394
fish7,front,731,ClassicCV,3352.5,77.1031265258789,55.238059997558594,235.09545242786407
fish7,front,732,ClassicCV,3364.5,79.9619140625,54.14225769042969,235.9238793849945
fish7,front,733,ClassicCV,3385.5,79.9619140625,54.14225769042969,236.75230634212494
fish7,front,734,ClassicCV,3445.0,80.07427978515625,54.69188690185547,238.16652035713196
fish7,front,735,ClassicCV,3451.0,79.71953582763672,55.021514892578125,238.16652035713196
fish7,front,736,ClassicCV,3475.0,81.25010681152344,55.41949462890625,239.82337486743927
fish7,front,737,ClassicCV,3524.5,80.92530059814453,55.756065368652344,241.23758816719055
fish7,front,738,ClassicCV,3528.5,80.92530059814453,55.756065368652344,241.23758840560913
fish7,front,739,ClassicCV,3559.5,80.27484130859375,57.78889465332031,245.23758828639984
fish7,front,740,ClassicCV,3638.0,78.99371337890625,58.770103454589844,246.16652047634125
fish7,front,741,ClassicCV,3654.0,79.3373794555664,58.97270584106445,246.99494755268097
fish7,front,742,ClassicCV,3678.5,83.0174560546875,56.53774642944336,248.40916097164154
fish7,front,743,ClassicCV,3660.5,79.43693542480469,58.0180778503418,247.5807340145111
fish7,front,744,ClassicCV,3687.5,79.43693542480469,58.0180778503418,246.7523068189621
fish7,front,745,ClassicCV,3731.5,80.81838989257812,58.69407653808594,248.89444208145142
fish7,front,746,ClassicCV,3747.5,80.81838989257812,58.770103454589844,248.8944422006607
fish7,front,747,ClassicCV,3868.5,87.35868835449219,55.756065368652344,256.066015124321
fish7,front,748,ClassicCV,3868.5,87.35868835449219,55.756065368652344,256.066015124321
fish7,front,749,ClassicCV,3868.5,87.35868835449219,55.756065368652344,256.066015124321
fish7,front,750,ClassicCV,3874.5,87.8101577758789,55.756065368652344,256.066015124321
fish7,front,751,ClassicCV,3886.5,87.8101577758789,55.756065368652344,256.8944424390793
fish7,front,752,ClassicCV,3895.0,87.8101577758789,55.756065368652344,257.48022878170013
fish7,front,753,ClassicCV,3902.0,88.09232330322266,55.756065368652344,257.48022878170013
fish7,front,754,ClassicCV,3884.5,88.09232330322266,55.756065368652344,256.066015124321
fish7,front,755,ClassicCV,3883.5,88.09232330322266,55.69963073730469,256.8944422006607
fish7,front,756,ClassicCV,3912.0,88.3426513671875,55.96907043457031,258.30865585803986
fish7,front,757,ClassicCV,3902.0,88.6668930053711,56.09688186645508,258.30865609645844
fish7,front,758,ClassicCV,3916.5,88.59754943847656,56.45518493652344,259.7228696346283
fish7,front,759,ClassicCV,3934.5,88.59754943847656,56.45518493652344,258.8944425582886
fish7,front,760,ClassicCV,3933.0,88.59754943847656,56.45518493652344,258.3086562156677
fish7,front,761,ClassicCV,3939.0,89.55907440185547,56.45518493652344,259.96551036834717
fish7,front,762,ClassicCV,3939.0,89.55907440185547,56.45518493652344,259.96551036834717
fish7,front,763,ClassicCV,3940.0,89.55907440185547,56.45518493652344,259.13708329200745
fish7,front,764,ClassicCV,3970.5,90.07650756835938,56.5018310546875,260.551296710968
fish7,front,765,ClassicCV,3976.0,90.36148071289062,56.5018310546875,261.9655102491379
fish7,front,766,ClassicCV,4024.5,84.01716613769531,61.7453727722168,263.7228692770004
fish7,front,767,ClassicCV,3993.5,91.48348236083984,56.50450897216797,263.3797233104706
fish7,front,768,ClassicCV,4006.5,91.3287353515625,56.66980743408203,262.55129623413086
fish7,front,769,ClassicCV,4006.5,91.3287353515625,56.66980743408203,262.55129635334015
fish7,front,770,ClassicCV,4032.5,91.70606231689453,56.920997619628906,267.86500453948975
fish7,front,771,ClassicCV,4022.0,91.1751708984375,56.44375228881836,265.96550989151
fish7,front,772,ClassicCV,4026.5,91.98577880859375,56.382354736328125,270.20815074443817
fish7,front,773,ClassicCV,4021.0,92.15616607666016,55.49550247192383,271.9655097723007
fish7,front,774,ClassicCV,4041.0,92.94132995605469,55.91761779785156,273.13708317279816
fish7,front,775,ClassicCV,4030.5,92.19116973876953,55.74736785888672,274.55129635334015
fish7,front,776,ClassicCV,4049.0,92.65473175048828,55.97230911254883,273.13708329200745
fish7,front,777,ClassicCV,3979.0,93.37077331542969,55.970882415771484,269.137082695961
fish7,front,778,ClassicCV,4025.0,91.75749969482422,57.15085983276367,271.137082695961
fish7,front,779,ClassicCV,3993.5,91.75801086425781,55.70411682128906,268.8944422006607
fish7,front,780,ClassicCV,3967.0,92.47627258300781,55.70859909057617,269.480228304863
fish7,front,781,ClassicCV,4003.5,91.87300109863281,55.95408630371094,265.7228693962097
fish7,front,782,ClassicCV,3974.5,91.83599853515625,55.58799743652344,265.37972390651703
fish7,front,783,ClassicCV,3994.5,91.8473129272461,56.368499755859375,264.55129647254944
fish7,front,784,ClassicCV,4010.0,92.24491882324219,56.674354553222656,264.7939372062683
fish7,front,785,ClassicCV,3990.5,91.58570098876953,55.672119140625,265.37972342967987
fish7,front,786,ClassicCV,3922.5,91.7334976196289,55.70859909057617,261.7228692770004
fish7,front,787,ClassicCV,3984.5,92.33697509765625,56.60308074951172,263.72286891937256
fish7,front,788,ClassicCV,3980.5,91.7334976196289,57.00846862792969,264.5512959957123
fish7,front,789,ClassicCV,4000.0,90.85690307617188,55.87456512451172,264.30865585803986
fish7,front,790,ClassicCV,4023.0,90.68981170654297,56.78125762939453,265.1370828151703
fish7,front,791,ClassicCV,3955.5,91.919189453125,56.079994201660156,264.89444231987
fish7,front,792,ClassicCV,3979.0,91.38395690917969,56.98979187011719,267.48022878170013
fish7,front,793,ClassicCV,4022.5,92.01142120361328,56.57638931274414,264.8944422006607
fish7,top,700,ClassicCV,329.0,33.13473892211914,14.129528045654297,82.28427076339722
fish7,top,701,ClassicCV,329.5,33.13473892211914,14.129528045654297,82.87005710601807
fish7,top,702,ClassicCV,338.0,34.68818664550781,13.809514999389648,84.28427076339722
fish7,top,703,ClassicCV,328.0,33.7017936706543,13.31631851196289,82.28427064418793
fish7,top,704,ClassicCV,334.0,33.7017936706543,13.31631851196289,82.28427052497864
fish7,top,705,ClassicCV,327.5,33.7017936706543,13.31631851196289,81.69848442077637
fish7,top,706,ClassicCV,327.5,33.7017936706543,13.809514999389648,82.87005722522736
fish7,top,707,ClassicCV,346.0,34.68818664550781,15.124707221984863,86.28427076339722
fish7,top,708,ClassicCV,356.5,35.51017761230469,15.289106369018555,87.69848418235779
fish7,top,709,ClassicCV,354.5,34.0,16.0,86.52691102027893
fish7,top,710,ClassicCV,367.5,34.0,16.0,86.52691113948822
fish7,top,711,ClassicCV,365.0,34.0,16.0,88.28427052497864
fish7,top,712,ClassicCV,368.5,35.0,15.0,89.6984840631485
fish7,top,713,ClassicCV,366.5,34.0,15.0,87.69848394393921
fish7,top,714,ClassicCV,366.0,35.0,15.0,91.11269772052765
fish7,top,715,ClassicCV,364.5,37.11488723754883,13.83101749420166,91.6984840631485
fish7,top,716,ClassicCV,335.0,34.28889846801758,13.38103199005127,84.28427064418793
fish7,top,717,ClassicCV,346.5,36.34528732299805,13.15218734741211,87.69848430156708
fish7,top,718,ClassicCV,356.5,36.678436279296875,13.910358428955078,90.87005722522736
fish7,top,719,ClassicCV,359.0,36.71849060058594,13.902471542358398,90.28427064418793
fish7,top,720,ClassicCV,352.0,36.218143463134766,13.643819808959961,88.28427076339722
fish7,top,721,ClassicCV,348.5,36.0,14.0,90.04163002967834
fish7,top,722,ClassicCV,326.5,33.93076705932617,13.33349895477295,82.87005722522736
fish7,top,723,ClassicCV,335.5,33.0,14.0,84.04163002967834
fish7,top,724,ClassicCV,333.5,33.0,14.0,84.04163002967834
fish7,top,725,ClassicCV,327.5,32.0,14.0,82.04163002967834
fish7,top,726,ClassicCV,339.5,32.95500564575195,13.942502975463867,82.87005722522736
fish7,top,727,ClassicCV,336.0,32.95500564575195,13.942502975463867,82.28427076339722
fish7,top,728,ClassicCV,333.0,33.04554748535156,14.033039093017578,82.28427076339722
fish7,top,729,ClassicCV,335.0,33.04554748535156,14.033039093017578,82.28427052497864
fish7,top,730,ClassicCV,337.0,32.0,15.0,82.28427064418793
fish7,top,731,ClassicCV,342.5,33.0,15.0,83.6984840631485
fish7,top,732,ClassicCV,343.0,33.35032272338867,14.576961517333984,84.28427076339722
fish7,top,733,ClassicCV,341.0,33.35032272338867,14.466531753540039,83.11269807815552
fish7,top,734,ClassicCV,354.5,34.229278564453125,14.826054573059082,85.6984840631485
fish7,top,735,ClassicCV,343.0,34.12420654296875,14.316478729248047,83.11269795894623
fish7,top,736,ClassicCV,343.0,34.12420654296875,14.316478729248047,83.11269807815552
fish7,top,737,ClassicCV,341.5,35.41019821166992,14.067066192626953,84.5269113779068
fish7,top,738,ClassicCV,349.0,33.2342414855957,14.726551055908203,83.11269783973694
fish7,top,739,ClassicCV,353.5,34.229278564453125,15.224069595336914,85.69848430156708
fish7,top,740,ClassicCV,367.5,35.55895233154297,15.23955249786377,88.52691125869751
fish7,top,741,ClassicCV,376.5,36.71427917480469,15.008201599121094,90.52691113948822
fish7,top,742,ClassicCV,379.5,36.55284118652344,15.23955249786377,91.69848418235779
fish7,top,743,ClassicCV,361.5,33.799705505371094,14.9906644821167,85.6984840631485
fish7,top,744,ClassicCV,358.5,34.78965759277344,14.9906644821167,86.52691113948822
fish7,top,745,ClassicCV,358.0,34.78965759277344,14.9906644821167,85.94112515449524
fish7,top,746,ClassicCV,367.0,35.77960205078125,14.9906644821167,87.94112491607666
fish7,top,747,ClassicCV,372.5,34.7297248840332,15.752409934997559,89.35533845424652
fish7,top,748,ClassicCV,363.5,34.06081008911133,15.737918853759766,87.35533833503723
fish7,top,749,ClassicCV,362.5,34.03059005737305,15.782301902770996,86.18376529216766
fish7,top,750,ClassicCV,365.0,34.34600830078125,15.026378631591797,87.11269772052765
fish7,top,751,ClassicCV,361.0,34.34600830078125,15.026378631591797,87.11269783973694
fish7,top,752,ClassicCV,357.5,33.54102325439453,15.026378631591797,85.69848418235779
fish7,top,753,ClassicCV,349.0,33.73197555541992,14.904827117919922,85.11269760131836
fish7,top,754,ClassicCV,358.5,35.16766357421875,15.279744148254395,87.35533821582794
fish7,top,755,ClassicCV,352.0,34.57752990722656,14.846308708190918,84.76955163478851
fish7,top,756,ClassicCV,349.5,34.380672454833984,14.822278022766113,84.18376624584198
fish7,top,757,ClassicCV,353.5,35.82270431518555,14.846308708190918,86.18376648426056
fish7,top,758,ClassicCV,349.0,36.28275680541992,14.513101577758789,86.76955211162567
fish7,top,759,ClassicCV,355.0,36.28275680541992,14.513101577758789,87.5979791879654
fish7,top,760,ClassicCV,340.0,35.346431732177734,14.513101577758789,84.76955199241638
fish7,top,761,ClassicCV,369.5,37.099552154541016,15.787041664123535,92.18376529216766
fish7,top,762,ClassicCV,372.0,37.631099700927734,15.811386108398438,92.42640590667725
fish7,top,763,ClassicCV,375.5,39.80200958251953,14.758047103881836,95.8406194448471
fish7,top,764,ClassicCV,364.5,38.013153076171875,14.758047103881836,91.8406194448471
fish7,top,765,ClassicCV,366.0,38.013153076171875,14.310833930969238,91.25483298301697
fish7,top,766,ClassicCV,397.5,41.79999542236328,14.399998664855957,99.49747359752655
fish7,top,767,ClassicCV,388.0,40.40000534057617,14.40000057220459,96.08326005935669
fish7,top,768,ClassicCV,399.0,40.24921798706055,14.758047103881836,96.9116872549057
fish7,top,769,ClassicCV,389.5,38.9075813293457,15.652474403381348,94.66904664039612
fish7,top,770,ClassicCV,407.0,40.411766052246094,15.764705657958984,96.91168773174286
fish7,top,771,ClassicCV,408.0,39.52941131591797,16.235294342041016,96.08326005935669
fish7,top,772,ClassicCV,409.5,39.62846374511719,15.637701034545898,95.49747371673584
fish7,top,773,ClassicCV,410.5,39.62846374511719,15.637701034545898,95.49747371673584
fish7,top,774,ClassicCV,413.5,39.78767395019531,15.606371879577637,95.49747383594513
fish7,top,775,ClassicCV,413.5,39.7503776550293,15.56551742553711,95.49747383594513
fish7,top,776,ClassicCV,418.0,39.319007873535156,16.37258529663086,96.0832599401474
fish7,top,777,ClassicCV,408.5,38.587181091308594,16.463863372802734,94.66904664039612
fish7,top,778,ClassicCV,416.0,39.959171295166016,16.463863372802734,96.91168737411499
fish7,top,779,ClassicCV,427.5,39.80201721191406,17.441329956054688,98.66904675960541
fish7,top,780,ClassicCV,424.5,40.311283111572266,17.116792678833008,97.49747383594513
fish7,top,781,ClassicCV,418.0,40.47366714477539,16.120866775512695,96.91168749332428
fish7,top,782,ClassicCV,421.0,40.47366714477539,16.120864868164062,96.91168761253357
fish7,top,783,ClassicCV,425.0,40.552040100097656,16.509069442749023,98.08326053619385
fish7,top,784,ClassicCV,426.5,40.49311828613281,16.363656997680664,97.49747383594513
fish7,top,785,ClassicCV,428.0,40.520076751708984,16.839513778686523,96.91168701648712
fish7,top,786,ClassicCV,430.0,40.520076751708984,17.453453063964844,98.0832599401474
fish7,top,787,ClassicCV,429.5,41.01219177246094,15.55634880065918,97.15432727336884
fish7,top,788,ClassicCV,423.5,41.01219177246094,15.55634880065918,96.32590007781982
fish7,top,789,ClassicCV,426.5,40.305084228515625,16.26345443725586,96.32590091228485
fish7,top,790,ClassicCV,423.5,40.69548797607422,16.225570678710938,97.49747371673584
fish7,top,791,ClassicCV,417.0,39.83920669555664,16.387414932250977,96.08326017856598
fish7,top,792,ClassicCV,425.5,39.66106414794922,16.91835594177246,97.49747395515442
fish7,top,793,ClassicCV,427.5,39.558570861816406,16.89017677307129,97.49747395515442
fish8,front,501,ClassicCV,1445.0,51.62683868408203,36.588966369628906,157.88224971294403
fish8,front,502,ClassicCV,1418.0,51.39308547973633,36.336517333984375,157.88224959373474
fish8,front,503,ClassicCV,1418.0,51.39308547973633,36.336517333984375,157.88224959373474
fish8,front,504,ClassicCV,1389.0,51.18497085571289,36.17372131347656,155.05382251739502
fish8,front,505,ClassicCV,1388.0,51.467140197753906,36.17372131347656,155.05382251739502
fish8,front,506,ClassicCV,1383.5,51.37285232543945,36.26319122314453,154.4680359363556
fish8,front,507,ClassicCV,1372.0,51.717872619628906,36.55769348144531,153.88224959373474
fish8,front,508,ClassicCV,1367.0,51.4146728515625,36.55769348144531,153.88224959373474
fish8,front,509,ClassicCV,1325.5,51.4146728515625,35.9079704284668,154.4680359363556
fish8,front,510,ClassicCV,1322.5,51.4146728515625,35.9079704284668,155.2964630126953
fish8,front,511,ClassicCV,1297.5,51.4146728515625,35.9079704284668,155.2964631319046
fish8,front,512,ClassicCV,1260.5,49.15530014038086,36.660972595214844,153.63960886001587
fish8,front,513,ClassicCV,1224.5,48.0832633972168,36.769554138183594,152.81118166446686
fish8,front,514,ClassicCV,1186.0,47.227901458740234,35.02178192138672,147.3969682455063
fish8,front,515,ClassicCV,1126.0,46.352149963378906,32.459251403808594,140.9116871356964
fish8,front,516,ClassicCV,1108.0,46.30593490600586,32.47701644897461,138.91168701648712
fish8,front,517,ClassicCV,1084.5,46.60950469970703,31.836467742919922,138.66904652118683
fish8,front,518,ClassicCV,1042.5,39.0,36.0,134.66904640197754
fish8,front,519,ClassicCV,1030.5,39.0,36.0,135.49747359752655
fish8,front,520,ClassicCV,995.0,37.0,35.0,130.0832600593567
fish8,front,521,ClassicCV,971.5,38.0,34.0,129.8406194448471
fish8,front,522,ClassicCV,957.0,37.0,34.0,129.25483298301697
fish8,front,523,ClassicCV,930.0,37.0,33.0,128.42640590667725
fish8,front,524,ClassicCV,888.5,36.838314056396484,30.7606143951416,121.8406195640564
fish8,front,525,ClassicCV,870.5,34.0,32.0,121.01219248771667
fish8,front,526,ClassicCV,831.5,33.0,32.0,121.01219248771667
fish8,front,527,ClassicCV,827.0,33.0,32.0,119.59797894954681
fish8,front,528,ClassicCV,809.5,33.0,31.0,118.18376553058624
fish8,front,529,ClassicCV,806.5,33.0,31.0,118.18376553058624
fish8,front,530,ClassicCV,795.5,34.7297248840332,28.90009117126465,118.18376553058624
fish8,front,531,ClassicCV,804.5,33.0,31.0,119.01219260692596
fish8,front,532,ClassicCV,813.5,35.59796905517578,28.90009117126465,119.01219260692596
fish8,front,533,ClassicCV,830.0,36.59024429321289,28.90009117126465,121.25483322143555
fish8,front,534,ClassicCV,842.0,36.59024429321289,28.90009117126465,121.5979790687561
fish8,front,535,ClassicCV,840.0,35.94268798828125,29.514650344848633,122.42640614509583
fish8,front,536,ClassicCV,860.0,35.0,31.0,124.42640614509583
fish8,front,537,ClassicCV,848.5,36.66093063354492,29.067975997924805,123.01219236850739
fish8,front,538,ClassicCV,848.5,36.66093063354492,29.067975997924805,123.01219236850739
fish8,front,539,ClassicCV,832.5,37.0,29.0,121.84061932563782
fish8,front,540,ClassicCV,838.5,37.572330474853516,28.971437454223633,122.66904640197754
fish8,front,541,ClassicCV,851.5,38.477691650390625,28.971437454223633,122.66904640197754
fish8,front,542,ClassicCV,872.0,38.36947250366211,29.51498031616211,125.25483298301697
fish8,front,543,ClassicCV,884.0,40.0,29.0,126.08326005935669
fish8,front,544,ClassicCV,902.5,41.0,29.0,127.49747347831726
fish8,front,545,ClassicCV,929.5,42.0,29.0,129.49747359752655
fish8,front,546,ClassicCV,983.5,43.0,30.0,129.154327750206
fish8,front,547,ClassicCV,1041.0,43.99184799194336,30.413061141967773,138.56854140758514
fish8,front,548,ClassicCV,1041.0,43.99184799194336,30.413061141967773,138.56854140758514
fish8,front,549,ClassicCV,1067.5,44.80571746826172,30.92708396911621,140.81118202209473
fish8,front,550,ClassicCV,1073.5,44.97705841064453,30.92708396911621,139.982754945755
fish8,front,551,ClassicCV,1128.0,47.46977996826172,30.805810928344727,142.22539520263672
fish8,front,552,ClassicCV,1160.0,47.33466339111328,31.66152572631836,143.05382251739502
fish8,front,553,ClassicCV,1203.0,48.955833435058594,32.23920440673828,147.05382239818573
fish8,front,554,ClassicCV,1248.5,49.45143508911133,33.237850189208984,149.29646277427673
fish8,front,555,ClassicCV,1241.5,48.64894485473633,33.37544631958008,146.4680358171463
fish8,front,556,ClassicCV,1270.0,49.63890075683594,33.65828323364258,149.05382227897644
fish8,front,557,ClassicCV,1396.0,53.11530303955078,34.44005584716797,152.71067643165588
fish8,front,558,ClassicCV,1446.0,52.07692337036133,36.660926818847656,155.5391035079956
fish8,front,559,ClassicCV,1488.5,53.45745849609375,36.660926818847656,157.78174459934235
fish8,front,560,ClassicCV,1535.0,54.780521392822266,37.5887565612793,161.19595766067505
fish8,front,561,ClassicCV,1569.5,54.964717864990234,37.86603927612305,159.4385987520218
fish8,front,562,ClassicCV,1582.0,54.34971618652344,37.98893737792969,161.19595777988434
fish8,front,563,ClassicCV,1591.5,54.74876022338867,38.46778869628906,161.43859839439392
fish8,front,564,ClassicCV,1586.5,52.83335494995117,38.8668327331543,160.6101713180542
fish8,front,565,ClassicCV,1633.5,54.74876022338867,38.8668327331543,163.78174448013306
fish8,front,566,ClassicCV,1654.0,55.147804260253906,38.8668327331543,164.02438509464264
fish8,front,567,ClassicCV,1630.5,53.75871658325195,39.528465270996094,162.1248903274536
fish8,front,568,ClassicCV,1639.5,54.56005859375,38.9075813293457,162.95331752300262
fish8,front,569,ClassicCV,1638.5,53.75871658325195,39.21223831176758,162.95331752300262
fish8,front,570,ClassicCV,1647.5,54.4615592956543,39.34466552734375,160.95331704616547
fish8,front,571,ClassicCV,1662.5,55.02363204956055,39.528472900390625,161.7817440032959
fish8,front,572,ClassicCV,1667.5,54.71605682373047,39.9554443359375,161.7817440032959
fish8,front,573,ClassicCV,1685.0,55.881290435791016,38.784637451171875,162.36753046512604
fish8,front,574,ClassicCV,1676.5,55.881290435791016,38.784637451171875,162.95331704616547
fish8,front,575,ClassicCV,1693.0,55.90169906616211,39.354793548583984,162.3675308227539
fish8,front,576,ClassicCV,1701.5,55.94615936279297,39.64231872558594,165.43859839439392
fish8,front,577,ClassicCV,1703.5,55.908538818359375,39.95916748046875,165.4385985136032
fish8,front,578,ClassicCV,1680.5,56.0,39.11764907836914,162.6101713180542
fish8,front,579,ClassicCV,1664.5,54.56005859375,39.35479736328125,162.61017167568207
fish8,front,580,ClassicCV,1651.0,54.56005859375,39.354793548583984,162.02438485622406
fish8,front,581,ClassicCV,1646.0,54.56005859375,39.354793548583984,162.02438461780548
fish8,front,582,ClassicCV,1640.0,54.33694076538086,38.91103744506836,162.02438473701477
fish8,front,583,ClassicCV,1641.0,54.33694076538086,38.91103744506836,162.02438473701477
fish8,front,584,ClassicCV,1632.5,54.19775390625,38.65718078613281,161.43859839439392
fish8,front,585,ClassicCV,1632.5,54.19775390625,38.65718078613281,161.43859839439392
fish8,front,586,ClassicCV,1624.0,54.44894027709961,38.23920440673828,160.02438485622406
fish8,front,587,ClassicCV,1621.5,55.007266998291016,38.01315689086914,159.78174448013306
fish8,front,588,ClassicCV,1622.5,54.56005859375,38.01315689086914,160.95331752300262
fish8,front,589,ClassicCV,1604.5,54.8267822265625,37.5755500793457,160.1248904466629
fish8,front,590,ClassicCV,1604.5,54.8267822265625,37.5755500793457,160.1248904466629
fish8,front,591,ClassicCV,1608.0,54.870269775390625,37.573307037353516,159.53910386562347
fish8,front,592,ClassicCV,1603.0,55.28002166748047,37.29103088378906,159.53910374641418
fish8,front,593,ClassicCV,1589.5,55.007266998291016,37.11872863769531,160.12489008903503
fish8,front,594,ClassicCV,1580.5,55.007266998291016,37.11872863769531,160.12489020824432
fish8,front,595,ClassicCV,1558.0,55.2557373046875,36.4172477722168,160.71067667007446
fish8,front,596,ClassicCV,1552.0,55.2557373046875,36.07368850708008,160.71067667007446
fish8,front,597,ClassicCV,1464.0,52.32398986816406,35.77708435058594,153.88224911689758
fish8,front,598,ClassicCV,1464.0,52.32398986816406,35.77708435058594,153.88224911689758
fish8,front,599,ClassicCV,1455.0,52.77622985839844,35.05644607543945,154.7106761932373
fish8,front,600,ClassicCV,1453.0,52.59493637084961,35.029441833496094,154.71067643165588
fish8,top,501,ClassicCV,1059.5,53.61373519897461,30.636423110961914,168.46803605556488
fish8,top,502,ClassicCV,1069.5,53.32017135620117,31.325599670410156,171.63960897922516
fish8,top,503,ClassicCV,1067.0,53.71733856201172,31.60968780517578,175.0538227558136
fish8,top,504,ClassicCV,1057.0,55.3328971862793,31.524660110473633,176.3675308227539
fish8,top,505,ClassicCV,1025.5,55.41025161743164,29.68257713317871,174.46803605556488
fish8,top,506,ClassicCV,1032.0,56.402015686035156,30.46442985534668,174.36753106117249
fish8,top,507,ClassicCV,1029.5,57.35414123535156,29.45644760131836,173.78174424171448
fish8,top,508,ClassicCV,1027.0,58.34730911254883,28.448720932006836,172.36753070354462
fish8,top,509,ClassicCV,1008.5,58.43328094482422,27.37810707092285,169.2964631319046
fish8,top,510,ClassicCV,1048.0,59.18470764160156,27.210458755493164,171.5391035079956
fish8,top,511,ClassicCV,1032.5,59.18470764160156,26.32827377319336,170.46803605556488
fish8,top,512,ClassicCV,1051.0,61.33369827270508,25.623271942138672,174.71067667007446
fish8,top,513,ClassicCV,1040.5,62.322444915771484,25.419565200805664,174.1248903274536
fish8,top,514,ClassicCV,1045.5,63.32178497314453,25.419565200805664,175.2964631319046
fish8,top,515,ClassicCV,1042.0,64.32112884521484,25.419565200805664,176.71067678928375
fish8,top,516,ClassicCV,1028.0,64.3161392211914,25.412368774414062,173.88224971294403
fish8,top,517,ClassicCV,1029.0,65.34574890136719,23.406644821166992,177.88224971294403
fish8,top,518,ClassicCV,1026.0,64.13262939453125,23.228437423706055,174.2253954410553
fish8,top,519,ClassicCV,1094.5,67.97057342529297,23.250699996948242,186.81118202209473
fish8,top,520,ClassicCV,1038.5,65.13032531738281,22.242191314697266,173.63960897922516
fish8,top,521,ClassicCV,1075.0,67.26265716552734,22.420883178710938,179.0538226366043
fish8,top,522,ClassicCV,1020.5,65.0,22.0,174.81118214130402
fish8,top,523,ClassicCV,1033.0,68.41453552246094,22.521865844726562,181.8822499513626
fish8,top,524,ClassicCV,1036.0,68.32872009277344,20.688512802124023,185.88224959373474
fish8,top,525,ClassicCV,1014.0,68.32872009277344,20.288734436035156,186.2253955602646
fish8,top,526,ClassicCV,1058.5,70.38187408447266,19.434478759765625,187.2964631319046
fish8,top,527,ClassicCV,1076.0,71.4428482055664,19.454145431518555,192.22539567947388
fish8,top,528,ClassicCV,1063.0,72.36641693115234,20.19830894470215,193.88224959373474
fish8,top,529,ClassicCV,1009.0,71.3253173828125,19.128149032592773,189.88224959373474
fish8,top,530,ClassicCV,988.0,71.0,19.0,186.2253955602646
fish8,top,531,ClassicCV,986.0,71.0,19.0,185.0538227558136
fish8,top,532,ClassicCV,997.5,71.0,19.0,187.63960886001587
fish8,top,533,ClassicCV,1013.0,71.99998474121094,18.999996185302734,188.22539567947388
fish8,top,534,ClassicCV,1027.5,72.3538818359375,18.525592803955078,184.81118214130402
fish8,top,535,ClassicCV,1017.5,71.99998474121094,18.999996185302734,181.63960921764374
fish8,top,536,ClassicCV,1066.0,72.99998474121094,19.999996185302734,185.0538227558136
fish8,top,537,ClassicCV,1103.0,73.99998474121094,19.999996185302734,190.71067678928375
fish8,top,538,ClassicCV,1112.5,75.40702056884766,19.546751022338867,187.63960921764374
fish8,top,539,ClassicCV,1134.0,76.38963317871094,20.453014373779297,193.53910386562347
fish8,top,540,ClassicCV,1156.0,76.43769073486328,21.411426544189453,195.19595789909363
fish8,top,541,ClassicCV,1173.5,76.0,23.0,194.1248904466629
fish8,top,542,ClassicCV,1196.0,76.42054748535156,22.39006233215332,190.71067702770233
fish8,top,543,ClassicCV,1218.5,76.0,23.0,190.95331752300262
fish8,top,544,ClassicCV,1222.0,75.0,24.0,190.71067702770233
fish8,top,545,ClassicCV,1220.5,74.0,23.0,187.2964630126953
fish8,top,546,ClassicCV,1264.0,75.0,24.0,190.71067690849304
fish8,top,547,ClassicCV,1361.5,76.0,26.0,191.29646348953247
fish8,top,548,ClassicCV,1373.0,76.0,26.0,191.53910410404205
fish8,top,549,ClassicCV,1382.0,76.0,27.0,190.71067690849304
fish8,top,550,ClassicCV,1391.0,75.0,28.0,192.36753070354462
fish8,top,551,ClassicCV,1391.5,75.0,28.0,193.78174471855164
fish8,top,552,ClassicCV,1428.0,75.0,29.0,196.02438509464264
fish8,top,553,ClassicCV,1418.0,74.0,29.0,197.1959582567215
fish8,top,554,ClassicCV,1417.5,74.0,29.0,196.95331728458405
fish8,top,555,ClassicCV,1440.5,74.0,30.0,200.6101711988449
fish8,top,556,ClassicCV,1458.0,74.0,30.0,199.19595789909363
fish8,top,557,ClassicCV,1496.5,75.0,30.0,200.6101711988449
fish8,top,558,ClassicCV,1490.5,75.0,30.0,203.4385985136032
fish8,top,559,ClassicCV,1491.5,75.0,31.0,208.26702570915222
fish8,top,560,ClassicCV,1540.0,74.0,31.0,209.19595789909363
fish8,top,561,ClassicCV,1525.0,74.56780242919922,31.3304500579834,210.02438485622406
fish8,top,562,ClassicCV,1551.5,74.0,31.0,203.7817441225052
fish8,top,563,ClassicCV,1543.5,74.0,31.0,202.61017107963562
fish8,top,564,ClassicCV,1552.5,74.0,31.0,203.43859827518463
fish8,top,565,ClassicCV,1574.5,74.0,31.0,200.95331692695618
fish8,top,566,ClassicCV,1560.0,73.0,31.0,200.36753046512604
fish8,top,567,ClassicCV,1589.0,73.0,32.0,203.6812390089035
fish8,top,568,ClassicCV,1612.0,72.0,33.0,203.19595777988434
fish8,top,569,ClassicCV,1618.0,73.0,33.0,208.02438509464264
fish8,top,570,ClassicCV,1609.5,73.0,34.0,207.4385985136032
fish8,top,571,ClassicCV,1585.5,73.0,34.0,220.26702570915222
fish8,top,572,ClassicCV,1632.0,73.0,34.0,211.6812391281128
fish8,top,573,ClassicCV,1605.5,73.0,34.0,215.09545278549194
fish8,top,574,ClassicCV,1594.5,72.0,34.0,217.09545290470123
fish8,top,575,ClassicCV,1582.5,71.0,34.0,219.09545278549194
fish8,top,576,ClassicCV,1572.5,72.03076171875,33.20112609863281,216.26702547073364
fish8,top,577,ClassicCV,1580.5,72.09471130371094,34.12994384765625,218.26702570915222
fish8,top,578,ClassicCV,1593.0,71.0,35.0,222.85281205177307
fish8,top,579,ClassicCV,1601.0,73.4127426147461,34.44271469116211,226.50966620445251
fish8,top,580,ClassicCV,1594.5,71.0,35.0,225.0954532623291
fish8,top,581,ClassicCV,1606.5,71.92216491699219,35.24373245239258,224.26702630519867
fish8,top,582,ClassicCV,1618.5,71.8757553100586,35.291934967041016,224.26702570915222
fish8,top,583,ClassicCV,1647.0,71.85978698730469,36.241790771484375,222.85281240940094
fish8,top,584,ClassicCV,1676.5,71.0,37.0,225.09545278549194
fish8,top,585,ClassicCV,1714.5,71.0,38.0,227.09545302391052
fish8,top,586,ClassicCV,1733.0,71.74280548095703,38.2628288269043,228.16652047634125
fish8,top,587,ClassicCV,1745.0,71.63768768310547,39.26144790649414,232.9949473142624
fish8,top,588,ClassicCV,1761.0,71.61054229736328,39.300907135009766,228.16652071475983
fish8,top,589,ClassicCV,1786.0,70.56185913085938,40.29965591430664,231.33809340000153
fish8,top,590,ClassicCV,1800.5,70.91720581054688,40.57829284667969,234.7523069381714
fish8,top,591,ClassicCV,1806.5,69.7129135131836,41.29840850830078,234.7523069381714
fish8,top,592,ClassicCV,1833.0,69.0,42.0,236.9949473142624
fish8,top,593,ClassicCV,1833.0,69.68294525146484,42.285423278808594,240.99494743347168
fish8,top,594,ClassicCV,1854.0,69.68294525146484,43.28428649902344,238.99494743347168
fish8,top,595,ClassicCV,1919.5,69.74617004394531,43.409725189208984,241.58073353767395
fish8,top,596,ClassicCV,1900.0,69.0,43.0,240.6518018245697
fish8,top,597,ClassicCV,1934.0,72.22222137451172,39.644920349121094,238.9949473142624
fish8,top,598,ClassicCV,1934.5,72.14019775390625,40.49801254272461,240.40916109085083
fish8,top,599,ClassicCV,1918.5,72.03251647949219,40.54265594482422,242.40916073322296
fish8,top,600,ClassicCV,1933.5,71.60787963867188,41.27556610107422,244.06601524353027
fish9,front,3458,ClassicCV,0,0,0,0
fish9,front,3459,ClassicCV,0,0,0,0
fish9,front,3460,ClassicCV,0,0,0,0
fish9,front,3461,ClassicCV,0,0,0,0
fish9,front,3462,ClassicCV,0,0,0,0
fish9,front,3463,ClassicCV,0,0,0,0
fish9,front,3464,ClassicCV,0,0,0,0
fish9,front,3465,ClassicCV,0,0,0,0
fish9,front,3466,ClassicCV,0,0,0,0
fish9,front,3467,ClassicCV,0,0,0,0
fish9,front,3468,ClassicCV,0,0,0,0
fish9,front,3469,ClassicCV,0,0,0,0
fish9,front,3470,ClassicCV,0,0,0,0
fish9,front,3471,ClassicCV,0,0,0,0
fish9,front,3472,ClassicCV,0,0,0,0
fish9,front,3473,ClassicCV,0,0,0,0
fish9,front,3474,ClassicCV,0,0,0,0
fish9,front,3475,ClassicCV,0,0,0,0
fish9,front,3476,ClassicCV,0,0,0,0
fish9,front,3477,ClassicCV,0,0,0,0
fish9,front,3478,ClassicCV,0,0,0,0
fish9,front,3479,ClassicCV,0,0,0,0
fish9,front,3480,ClassicCV,0,0,0,0
fish9,front,3481,ClassicCV,0,0,0,0
fish9,front,3482,ClassicCV,0,0,0,0
fish9,front,3483,ClassicCV,0,0,0,0
fish9,front,3484,ClassicCV,0,0,0,0
fish9,front,3485,ClassicCV,0,0,0,0
fish9,front,3486,ClassicCV,0,0,0,0
fish9,front,3487,ClassicCV,0,0,0,0
fish9,front,3488,ClassicCV,0,0,0,0
fish9,front,3489,ClassicCV,0,0,0,0
fish9,front,3490,ClassicCV,0,0,0,0
fish9,front,3491,ClassicCV,0,0,0,0
fish9,front,3492,ClassicCV,0,0,0,0
fish9,front,3493,ClassicCV,0,0,0,0
fish9,front,3494,ClassicCV,0,0,0,0
fish9,front,3495,ClassicCV,0,0,0,0
fish9,front,3496,ClassicCV,0,0,0,0
fish9,front,3497,ClassicCV,0,0,0,0
fish9,front,3498,ClassicCV,0,0,0,0
fish9,front,3499,ClassicCV,0,0,0,0
fish9,front,3500,ClassicCV,0,0,0,0
fish9,front,3501,ClassicCV,0,0,0,0
fish9,front,3502,ClassicCV,0,0,0,0
fish9,front,3503,ClassicCV,0,0,0,0
fish9,front,3504,ClassicCV,0,0,0,0
fish9,front,3505,ClassicCV,0,0,0,0
fish9,front,3506,ClassicCV,0,0,0,0
fish9,front,3507,ClassicCV,0,0,0,0
fish9,front,3508,ClassicCV,0,0,0,0
fish9,front,3509,ClassicCV,0,0,0,0
fish9,front,3510,ClassicCV,0,0,0,0
fish9,front,3511,ClassicCV,0,0,0,0
fish9,front,3512,ClassicCV,0,0,0,0
fish9,front,3513,ClassicCV,0,0,0,0
fish9,front,3514,ClassicCV,0,0,0,0
fish9,front,3515,ClassicCV,0,0,0,0
fish9,front,3516,ClassicCV,0,0,0,0
fish9,front,3517,ClassicCV,0,0,0,0
fish9,front,3518,ClassicCV,0,0,0,0
fish9,front,3519,ClassicCV,0,0,0,0
fish9,front,3520,ClassicCV,0,0,0,0
fish9,front,3521,ClassicCV,0,0,0,0
fish9,front,3522,ClassicCV,0,0,0,0
fish9,front,3523,ClassicCV,0,0,0,0
fish9,front,3524,ClassicCV,0,0,0,0
fish9,front,3525,ClassicCV,0,0,0,0
fish9,front,3526,ClassicCV,0,0,0,0
fish9,front,3527,ClassicCV,0,0,0,0
fish9,front,3528,ClassicCV,0,0,0,0
fish9,front,3529,ClassicCV,0,0,0,0
fish9,front,3530,ClassicCV,0,0,0,0
fish9,front,3531,ClassicCV,0,0,0,0
fish9,front,3532,ClassicCV,0,0,0,0
fish9,front,3533,ClassicCV,0,0,0,0
fish9,front,3534,ClassicCV,0,0,0,0
fish9,front,3535,ClassicCV,0,0,0,0
fish9,front,3536,ClassicCV,0,0,0,0
fish9,front,3537,ClassicCV,0,0,0,0
fish9,front,3538,ClassicCV,0,0,0,0
fish9,front,3539,ClassicCV,0,0,0,0
fish9,front,3540,ClassicCV,0,0,0,0
fish9,front,3541,ClassicCV,0,0,0,0
fish9,front,3542,ClassicCV,0,0,0,0
fish9,front,3543,ClassicCV,0,0,0,0
fish9,front,3544,ClassicCV,0,0,0,0
fish9,front,3545,ClassicCV,0,0,0,0
fish9,front,3546,ClassicCV,0,0,0,0
fish9,front,3547,ClassicCV,0,0,0,0
fish9,front,3548,ClassicCV,0,0,0,0
fish9,front,3549,ClassicCV,0,0,0,0
fish9,front,3550,ClassicCV,0,0,0,0
fish9,front,3551,ClassicCV,0,0,0,0
fish9,front,3552,ClassicCV,0,0,0,0
fish9,front,3553,ClassicCV,0,0,0,0
fish9,front,3554,ClassicCV,0,0,0,0
fish9,front,3555,ClassicCV,0,0,0,0
fish9,front,3556,ClassicCV,0,0,0,0
fish9,front,3557,ClassicCV,0,0,0,0
fish9,front,3558,ClassicCV,0,0,0,0
fish9,front,3559,ClassicCV,0,0,0,0
fish9,front,3560,ClassicCV,0,0,0,0
fish9,front,3561,ClassicCV,0,0,0,0
fish9,front,3562,ClassicCV,0,0,0,0
fish9,front,3563,ClassicCV,0,0,0,0
fish9,front,3564,ClassicCV,0,0,0,0
fish9,front,3565,ClassicCV,0,0,0,0
fish9,front,3566,ClassicCV,0,0,0,0
fish9,front,3567,ClassicCV,0,0,0,0
fish9,front,3568,ClassicCV,0,0,0,0
fish9,front,3569,ClassicCV,0,0,0,0
fish9,top,3458,ClassicCV,0,0,0,0
fish9,top,3459,ClassicCV,0,0,0,0
fish9,top,3460,ClassicCV,0,0,0,0
fish9,top,3461,ClassicCV,0,0,0,0
fish9,top,3462,ClassicCV,0,0,0,0
fish9,top,3463,ClassicCV,0,0,0,0
fish9,top,3464,ClassicCV,0,0,0,0
fish9,top,3465,ClassicCV,0,0,0,0
fish9,top,3466,ClassicCV,0,0,0,0
fish9,top,3467,ClassicCV,0,0,0,0
fish9,top,3468,ClassicCV,0,0,0,0
fish9,top,3469,ClassicCV,0,0,0,0
fish9,top,3470,ClassicCV,0,0,0,0
fish9,top,3471,ClassicCV,0,0,0,0
fish9,top,3472,ClassicCV,0,0,0,0
fish9,top,3473,ClassicCV,0,0,0,0
fish9,top,3474,ClassicCV,0,0,0,0
fish9,top,3475,ClassicCV,0,0,0,0
fish9,top,3476,ClassicCV,0,0,0,0
fish9,top,3477,ClassicCV,0,0,0,0
fish9,top,3478,ClassicCV,0,0,0,0
fish9,top,3479,ClassicCV,0,0,0,0
fish9,top,3480,ClassicCV,0,0,0,0
fish9,top,3481,ClassicCV,0,0,0,0
fish9,top,3482,ClassicCV,0,0,0,0
fish9,top,3483,ClassicCV,0,0,0,0
fish9,top,3484,ClassicCV,0,0,0,0
fish9,top,3485,ClassicCV,0,0,0,0
fish9,top,3486,ClassicCV,0,0,0,0
fish9,top,3487,ClassicCV,0,0,0,0
fish9,top,3488,ClassicCV,0,0,0,0
fish9,top,3489,ClassicCV,0,0,0,0
fish9,top,3490,ClassicCV,0,0,0,0
fish9,top,3491,ClassicCV,0,0,0,0
fish9,top,3492,ClassicCV,0,0,0,0
fish9,top,3493,ClassicCV,0,0,0,0
fish9,top,3494,ClassicCV,0,0,0,0
fish9,top,3495,ClassicCV,0,0,0,0
fish9,top,3496,ClassicCV,0,0,0,0
fish9,top,3497,ClassicCV,0,0,0,0
fish9,top,3498,ClassicCV,0,0,0,0
fish9,top,3499,ClassicCV,0,0,0,0
fish9,top,3500,ClassicCV,0,0,0,0
fish9,top,3501,ClassicCV,0,0,0,0
fish9,top,3502,ClassicCV,0,0,0,0
fish9,top,3503,ClassicCV,0,0,0,0
fish9,top,3504,ClassicCV,0,0,0,0
fish9,top,3505,ClassicCV,0,0,0,0
fish9,top,3506,ClassicCV,0,0,0,0
fish9,top,3507,ClassicCV,0,0,0,0
fish9,top,3508,ClassicCV,0,0,0,0
fish9,top,3509,ClassicCV,0,0,0,0
fish9,top,3510,ClassicCV,0,0,0,0
fish9,top,3511,ClassicCV,0,0,0,0
fish9,top,3512,ClassicCV,0,0,0,0
fish9,top,3513,ClassicCV,0,0,0,0
fish9,top,3514,ClassicCV,0,0,0,0
fish9,top,3515,ClassicCV,0,0,0,0
fish9,top,3516,ClassicCV,0,0,0,0
fish9,top,3517,ClassicCV,0,0,0,0
fish9,top,3518,ClassicCV,0,0,0,0
fish9,top,3519,ClassicCV,0,0,0,0
fish9,top,3520,ClassicCV,0,0,0,0
fish9,top,3521,ClassicCV,0,0,0,0
fish9,top,3522,ClassicCV,0,0,0,0
fish9,top,3523,ClassicCV,0,0,0,0
fish9,top,3524,ClassicCV,0,0,0,0
fish9,top,3525,ClassicCV,0,0,0,0
fish9,top,3526,ClassicCV,0,0,0,0
fish9,top,3527,ClassicCV,0,0,0,0
fish9,top,3528,ClassicCV,0,0,0,0
fish9,top,3529,ClassicCV,0,0,0,0
fish9,top,3530,ClassicCV,0,0,0,0
fish9,top,3531,ClassicCV,0,0,0,0
fish9,top,3532,ClassicCV,0,0,0,0
fish9,top,3533,ClassicCV,0,0,0,0
fish9,top,3534,ClassicCV,0,0,0,0
fish9,top,3535,ClassicCV,0,0,0,0
fish9,top,3536,ClassicCV,0,0,0,0
fish9,top,3537,ClassicCV,0,0,0,0
fish9,top,3538,ClassicCV,0,0,0,0
fish9,top,3539,ClassicCV,0,0,0,0
fish9,top,3540,ClassicCV,0,0,0,0
fish9,top,3541,ClassicCV,0,0,0,0
fish9,top,3542,ClassicCV,0,0,0,0
fish9,top,3543,ClassicCV,0,0,0,0
fish9,top,3544,ClassicCV,0,0,0,0
fish9,top,3545,ClassicCV,0,0,0,0
fish9,top,3546,ClassicCV,0,0,0,0
fish9,top,3547,ClassicCV,0,0,0,0
fish9,top,3548,ClassicCV,0,0,0,0
fish9,top,3549,ClassicCV,0,0,0,0
fish9,top,3550,ClassicCV,0,0,0,0
fish9,top,3551,ClassicCV,0,0,0,0
fish9,top,3552,ClassicCV,0,0,0,0
fish9,top,3553,ClassicCV,0,0,0,0
fish9,top,3554,ClassicCV,0,0,0,0
fish9,top,3555,ClassicCV,0,0,0,0
fish9,top,3556,ClassicCV,0,0,0,0
fish9,top,3557,ClassicCV,0,0,0,0
fish9,top,3558,ClassicCV,0,0,0,0
fish9,top,3559,ClassicCV,0,0,0,0
fish9,top,3560,ClassicCV,0,0,0,0
fish9,top,3561,ClassicCV,0,0,0,0
fish9,top,3562,ClassicCV,0,0,0,0
fish9,top,3563,ClassicCV,0,0,0,0
fish9,top,3564,ClassicCV,0,0,0,0
fish9,top,3565,ClassicCV,332.5,45.38505935668945,11.571608543395996,112.52691125869751
fish9,top,3566,ClassicCV,332.5,45.38505935668945,11.571608543395996,112.52691125869751
fish9,top,3567,ClassicCV,332.5,45.38505935668945,11.571608543395996,112.52691125869751
fish9,top,3568,ClassicCV,333.5,45.38505935668945,11.620329856872559,112.52691125869751
fish9,top,3569,ClassicCV,338.5,45.38505935668945,11.620329856872559,113.35533833503723
