FishID,Weight (g),FrameIndex,Timestamp (s),FPS_Top,Length (cm),Width (cm),Area (cm²),Perimeter (cm),TopMaskPixels,BlurTop,Score,_Truth_Length (cm),Width_truth (cm),Area_truth (cm²),Perimeter_truth (cm),_AbsError_Length (cm),_PerFishScale,_PerFishScale_Width,_PerFishScale_Perimeter,_PerFishScale_Area,_CompositeRelError,_SelectionMode,_relL,_relW,_relA,_relP,_CompositeRelErrorRecalc
fish01,67.49,286,14.3,20.0,22.290329487954864,3.9450369364934654,57.09063600533949,49.91029680441435,3591,455.0009677583481,793.4969084920988,20.80835491677989,3.7047248508619215,47.14461247637051,44.34499613098476,1.4819745711749732,0.9914870379850704,0.2931347624306447,0.7767257954665941,0.2248155203559927,0.1181387581451434,within,0.0712201698357185,0.0648663788285476,0.2109684014043822,0.1255000825119251,0.1181387581451434
fish01,67.49,287,14.35,20.0,22.234126147966503,4.0039630055855735,56.63387739372895,49.75466958273687,3650,455.251913944932,794.928648949516,20.80835491677989,3.7047248508619215,47.14461247637051,44.34499613098476,1.4257712311866122,0.9914870379850704,0.2931347624306447,0.7767257954665941,0.2248155203559927,0.1181404409149838,within,0.068519171116063,0.0807720321399935,0.2012799431136396,0.1219906172902393,0.1181404409149838
fish01,67.49,288,14.4,20.0,21.62469244735046,4.018440620520796,55.963406037236425,49.50686096845555,3614,455.2019052869821,794.165300447816,20.80835491677989,3.7047248508619215,47.14461247637051,44.34499613098476,0.8163375305705678,0.9914870379850704,0.2931347624306447,0.7767257954665941,0.2248155203559927,0.1068429803484133,within,0.0392312383095826,0.0846799107323413,0.1870583529620909,0.1164024193896385,0.1068429803484133
fish01,67.49,289,14.45,20.0,21.62469244735046,4.018440620520796,55.90054934756524,49.50533922508219,3586,455.0999478078583,793.5017674478589,20.80835491677989,3.7047248508619215,47.14461247637051,44.34499613098476,0.8163375305705678,0.9914870379850704,0.2931347624306447,0.7767257954665941,0.2248155203559927,0.1065010828264958,within,0.0392312383095826,0.0846799107323413,0.185725078885383,0.1163681033786761,0.1065010828264958
fish01,67.49,290,14.5,20.0,21.62469244735046,4.018440620520796,55.636551250946304,49.36688353297574,3554,454.8861239958399,792.6499293129237,20.80835491677989,3.7047248508619215,47.14461247637051,44.34499613098476,0.8163375305705678,0.9914870379850704,0.2931347624306447,0.7767257954665941,0.2248155203559927,0.1043205852072649,within,0.0392312383095826,0.0846799107323413,0.1801253277632107,0.113245864023925,0.1043205852072649
fish01,67.49,291,14.55,20.0,21.624695393481403,4.075039251516362,55.97178692919257,49.21390266450062,3554,457.3374608627321,795.0984732110661,20.80835491677989,3.7047248508619215,47.14461247637051,44.34499613098476,0.8163404767015123,0.9914870379850704,0.2931347624306447,0.7767257954665941,0.2248155203559927,0.1090552267453651,within,0.0392313798936221,0.0999573289682457,0.187236122838985,0.1097960752806077,0.1090552267453651
fish01,67.49,292,14.6,20.0,21.431617756039604,4.018441484134191,55.38512449226159,48.99415341049108,3617,457.29981763592,796.3254523800873,20.80835491677989,3.7047248508619215,47.14461247637051,44.34499613098476,0.6232628392597128,0.9914870379850704,0.2931347624306447,0.7767257954665941,0.2248155203559927,0.0985663831025132,within,0.029952528287429,0.0846801438436869,0.1747922314563796,0.1048406288225574,0.0985663831025132
fish01,67.49,293,14.65,20.0,21.431617756039604,4.075039251516362,55.7915977521352,48.927335682713824,3693,457.3670224970312,797.9144085432816,20.80835491677989,3.7047248508619215,47.14461247637051,44.34499613098476,0.6232628392597128,0.9914870379850704,0.2931347624306447,0.7767257954665941,0.2248155203559927,0.1041644465397626,within,0.029952528287429,0.0999573289682457,0.1834140704857564,0.1033338584176195,0.1041644465397626
fish01,67.49,294,14.7,20.0,21.79229489053324,3.998567149100531,55.69940794061748,48.8411190521643,3623,457.2614061775864,796.4080435259204,20.80835491677989,3.7047248508619215,47.14461247637051,44.34499613098476,0.9839399737533476,0.9914870379850704,0.2931347624306447,0.7767257954665941,0.2248155203559927,0.1023624002200508,within,0.0472858127270742,0.0793155524546568,0.1814586018399185,0.101389633858554,0.1023624002200509
fish01,67.49,331,16.55,20.0,22.159796737354963,3.43240185526899,47.599275864992016,46.42123775198704,4455,459.5036716215157,813.0587790403284,20.80835491677989,3.7047248508619215,47.14461247637051,44.34499613098476,1.3514418205750722,0.9914870379850704,0.2931347624306447,0.7767257954665941,0.2248155203559927,0.0487295588484406,within,0.0649470765939919,0.0735069422306961,0.0096440158215191,0.0468202007475555,0.0487295588484406
fish01,67.49,332,16.6,20.0,22.04862301317764,3.5164603695434744,48.0895580444272,46.376454356956,4465,459.4267055134902,813.1493585052195,20.80835491677989,3.7047248508619215,47.14461247637051,44.34499613098476,1.2402680963977488,0.9914870379850704,0.2931347624306447,0.7767257954665941,0.2248155203559927,0.0440688998626922,within,0.0596043320751701,0.0508173991044561,0.0200435536198395,0.0458103146513033,0.0440688998626923
fish01,67.49,333,16.65,20.0,21.970113042758825,3.485899034663737,47.45261025575928,46.20356680754798,4413,459.31215252429377,811.9991577322455,20.80835491677989,3.7047248508619215,47.14461247637051,44.34499613098476,1.1617581259789311,0.9914870379850704,0.2931347624306447,0.7767257954665941,0.2248155203559927,0.0408356697535158,within,0.0558313298011891,0.0590666851135445,0.0065330429758679,0.0419116211234619,0.0408356697535159
fish01,67.49,334,16.7,20.0,21.87180801853795,3.52343685444269,47.85070262367671,46.15572333533496,4420,459.3287149787056,812.1638582074908,20.80835491677989,3.7047248508619215,47.14461247637051,44.34499613098476,1.0634531017580606,0.9914870379850704,0.2931347624306447,0.7767257954665941,0.2248155203559927,0.0389627831893987,within,0.0511070243664716,0.0489342673794124,0.0149771121283497,0.0408327288833611,0.0389627831893987
fish01,67.49,335,16.75,20.0,21.84840395433144,3.465114451112915,47.61603764890433,45.924902504402986,4453,459.4919787540388,812.835012607824,20.80835491677989,3.7047248508619215,47.14461247637051,44.34499613098476,1.040049037551551,0.9914870379850704,0.2931347624306447,0.7767257954665941,0.2248155203559927,0.040071606370352,within,0.0499822807574689,0.0646769758605042,0.0099995555753078,0.0356276132881272,0.040071606370352
fish01,67.49,336,16.8,20.0,21.84847024227765,3.5247467400578776,47.75432236618092,45.70642483217114,4602,459.2406333909022,815.567127530245,20.80835491677989,3.7047248508619215,47.14461247637051,44.34499613098476,1.040115325497755,0.9914870379850704,0.2931347624306447,0.7767257954665941,0.2248155203559927,0.0355499405678004,within,0.0499854663983556,0.0485806957464523,0.0129327585440649,0.0307008415823294,0.0355499405678005
fish01,67.49,337,16.85,20.0,21.655645972096902,3.5812700207848254,47.75851281215898,45.46909504430371,4661,459.23379308441525,816.7426635258415,20.80835491677989,3.7047248508619215,47.14461247637051,44.34499613098476,0.8472910553170117,0.9914870379850704,0.2931347624306447,0.7767257954665941,0.2248155203559927,0.028103249250147,within,0.0407187910195512,0.0333236164754242,0.0130216434825117,0.0253489460231007,0.028103249250147
fish01,67.49,338,16.9,20.0,21.655645972096902,3.584168955044776,47.90936886736981,45.489848999481126,4659,459.2095222412108,816.6761986722204,20.80835491677989,3.7047248508619215,47.14461247637051,44.34499613098476,0.8472910553170117,0.9914870379850704,0.2931347624306447,0.7767257954665941,0.2248155203559927,0.0288245923709282,within,0.0407187910195512,0.0325411199671407,0.0162215012666102,0.0258169572304107,0.0288245923709282
fish01,67.49,339,16.95,20.0,21.46282022885068,3.5247467400578776,47.31013509250461,45.16036499299869,4589,459.1542184217665,815.2177210238561,20.80835491677989,3.7047248508619215,47.14461247637051,44.34499613098476,0.6544653120707835,0.9914870379850704,0.2931347624306447,0.7767257954665941,0.2248155203559927,0.025482659360505,within,0.0314520448487268,0.0485806957464523,0.0035109550686636,0.0183869417781775,0.0254826593605051
fish01,67.49,340,17.0,20.0,21.37441715072724,3.386116279519947,45.558528673667865,44.85577824200461,4388,459.10891029593387,811.1507201896902,20.80835491677989,3.7047248508619215,47.14461247637051,44.34499613098476,0.5660622339473491,0.9914870379850704,0.2931347624306447,0.7767257954665941,0.2248155203559927,0.0395913816217966,within,0.0272036033704363,0.08600060305905,0.0336429492022574,0.0115183708554426,0.0395913816217966
fish01,67.49,341,17.05,20.0,21.29802397539054,3.396576149043429,45.67167071507597,45.14706103714028,4465,459.0721524787056,812.6659578154564,20.80835491677989,3.7047248508619215,47.14461247637051,44.34499613098476,0.489669058610648,0.9914870379850704,0.2931347624306447,0.7767257954665941,0.2248155203559927,0.0390098833219843,within,0.0235323292287646,0.0831772167228019,0.0312430558641838,0.018086931472187,0.0390098833219843
fish01,67.49,342,17.1,20.0,21.19943317646825,3.436907542248278,46.08233442092765,45.00225480172655,4483,458.9935587565105,812.9556062807613,20.80835491677989,3.7047248508619215,47.14461247637051,44.34499613098476,0.3910782596883599,0.9914870379850704,0.2931347624306447,0.7767257954665941,0.2248155203559927,0.0321097121391258,within,0.0187942901422252,0.0722907420645111,0.0225323318963601,0.0148214844534071,0.0321097121391258
fish01,67.49,343,17.15,20.0,21.193944534522544,3.4307989888099244,46.25833315200694,45.11302009196983,4462,458.9687757520133,812.5048792658474,20.80835491677989,3.7047248508619215,47.14461247637051,44.34499613098476,0.385589617742653,0.9914870379850704,0.2931347624306447,0.7767257954665941,0.2248155203559927,0.0321471432482187,within,0.018530519076821,0.073939596887544,0.0187991644815785,0.0173192925469314,0.0321471432482187
fish01,67.49,344,17.2,20.0,21.193944534522544,3.4307989888099244,46.35890385548083,45.25649478405423,4562,458.6087670807262,814.1526179903937,20.80835491677989,3.7047248508619215,47.14461247637051,44.34499613098476,0.385589617742653,0.9914870379850704,0.2931347624306447,0.7767257954665941,0.2248155203559927,0.0324226886440453,within,0.018530519076821,0.073939596887544,0.016665925958846,0.0205547126529703,0.0324226886440453
fish01,67.49,345,17.25,20.0,21.13451518115224,3.4197792819038497,46.33795162559044,45.12478512405801,4622,458.73777311422094,815.4825550134717,20.80835491677989,3.7047248508619215,47.14461247637051,44.34499613098476,0.3261602643723513,0.9914870379850704,0.2931347624306447,0.7767257954665941,0.2248155203559927,0.0318208833886518,within,0.015674485834021,0.076914097653373,0.0171103506510818,0.017584599416131,0.0318208833886517
fish01,67.49,346,17.3,20.0,20.659307206272413,3.622257112458988,47.57413318912356,45.00142258044163,4692,458.73241720149673,816.8778110799143,20.80835491677989,3.7047248508619215,47.14461247637051,44.34499613098476,0.1490477105074781,0.9914870379850704,0.2931347624306447,0.7767257954665941,0.2248155203559927,0.0133341134595422,within,0.007162878137343,0.022260152028226,0.0091107061908362,0.0148027174817635,0.0133341134595422
fish01,67.49,347,17.35,20.0,21.19055353780783,3.67583007392905,48.53793576408158,45.28468863769297,4751,458.6900431315104,818.0159578432613,20.80835491677989,3.7047248508619215,47.14461247637051,44.34499613098476,0.3821986210279391,0.9914870379850704,0.2931347624306447,0.7767257954665941,0.2248155203559927,0.0192279335635775,within,0.0183675558474703,0.0077994393905256,0.0295542420336877,0.0211904969826264,0.0192279335635775
fish01,67.49,348,17.4,20.0,20.466229568830617,3.622257112458988,47.00004209012681,45.00043859600471,4699,458.4556985609079,816.7460078039087,20.80835491677989,3.7047248508619215,47.14461247637051,44.34499613098476,0.3421253479492741,0.9914870379850704,0.2931347624306447,0.7767257954665941,0.2248155203559927,0.0141372350824079,within,0.016441729743536,0.022260152028226,0.0030665303764276,0.0147805281814418,0.0141372350824078
fish01,67.49,349,17.45,20.0,20.6712125214107,3.6767558674873024,47.19280260511842,45.15627221485379,4625,458.2487845105585,814.8772513056426,20.80835491677989,3.7047248508619215,47.14461247637051,44.34499613098476,0.1371423953691923,0.9914870379850704,0.2931347624306447,0.7767257954665941,0.2248155203559927,0.0083642764021626,within,0.0065907370341227,0.0075495440283809,0.0010221767921428,0.0182946477540039,0.0083642764021626
fish01,67.49,350,17.5,20.0,20.080074293947018,3.6788548798411593,47.519657391408536,44.95435512226298,4925,469.1632114149306,830.2655388842161,20.80835491677989,3.7047248508619215,47.14461247637051,44.34499613098476,0.7282806228328731,0.9914870379850704,0.2931347624306447,0.7767257954665941,0.2248155203559927,0.0159197316411603,within,0.0349994329559222,0.0069829669036671,0.0079552019910228,0.0137413247140289,0.0159197316411603
fish01,67.49,351,17.55,20.0,20.393337870118973,3.5638055989268245,46.59775927623129,44.87855580122241,4892,468.33994752604167,829.1244169224104,20.80835491677989,3.7047248508619215,47.14461247637051,44.34499613098476,0.4150170466609175,0.9914870379850704,0.2931347624306447,0.7767257954665941,0.2248155203559927,0.0204034854097728,within,0.0199447312543793,0.0380377106554381,0.011599484467357,0.0120320152619168,0.0204034854097728
fish01,67.49,352,17.6,20.0,20.080074293947018,3.622257112458988,46.61033061416554,44.93856628390414,4872,467.2318876026106,827.612730696896,20.80835491677989,3.7047248508619215,47.14461247637051,44.34499613098476,0.7282806228328731,0.9914870379850704,0.2931347624306447,0.7767257954665941,0.2248155203559927,0.0204944234510536,within,0.0349994329559222,0.022260152028226,0.011332829652015,0.013385279168051,0.0204944234510536
fish01,67.49,353,17.65,20.0,20.080074293947018,3.565659345076816,46.31699939570004,44.85807498038778,4840,466.6279075622561,826.3722272190414,20.80835491677989,3.7047248508619215,47.14461247637051,44.34499613098476,0.7282806228328731,0.9914870379850704,0.2931347624306447,0.7767257954665941,0.2248155203559927,0.0254154272028313,within,0.0349994329559222,0.037537337152785,0.017554775343318,0.0115701633592998,0.0254154272028313
fish01,67.49,354,17.7,20.0,19.88699665650521,3.565659345076816,46.08233442092765,44.478951426175335,4814,466.30871474609376,825.5350265903792,20.80835491677989,3.7047248508619215,47.14461247637051,44.34499613098476,0.9213582602746726,0.9914870379850704,0.2931347624306447,0.7767257954665941,0.2248155203559927,0.0268421767379031,within,0.0442782845621155,0.037537337152785,0.0225323318963601,0.0030207533403521,0.0268421767379032
fish01,67.49,355,17.75,20.0,19.88699665650521,3.622257112458988,46.27090448994117,44.37297333463443,4768,465.9703769733004,821.7560963696692,20.80835491677989,3.7047248508619215,47.14461247637051,44.34499613098476,0.9213582602746726,0.9914870379850704,0.2931347624306447,0.7767257954665941,0.2248155203559927,0.0214254612574055,within,0.0442782845621155,0.022260152028226,0.0185325096662372,0.0006308987730437,0.0214254612574056
fish01,67.49,356,17.8,20.0,19.99131178784861,3.546541967182904,45.68005160703215,44.217784937120975,4736,465.5732805410124,820.6946249373811,20.80835491677989,3.7047248508619215,47.14461247637051,44.34499613098476,0.8170431289312816,0.9914870379850704,0.2931347624306447,0.7767257954665941,0.2248155203559927,0.0289741777211185,within,0.0392651476870195,0.0426976064476733,0.031065285987289,0.0028686707624922,0.0289741777211185
fish01,67.49,357,17.85,20.0,19.88699665650521,3.622257112458988,44.72462992403027,43.67390831341791,4751,465.1595780895657,820.597667277601,20.80835491677989,3.7047248508619215,47.14461247637051,44.34499613098476,0.9213582602746726,0.9914870379850704,0.2931347624306447,0.7767257954665941,0.2248155203559927,0.0332507066500359,within,0.0442782845621155,0.022260152028226,0.0513310519532464,0.0151333380565557,0.0332507066500359
fish01,67.49,358,17.9,20.0,19.88848592569661,3.735145632661802,45.29034013107084,43.71782185476504,4742,465.0723125293686,820.3463913007373,20.80835491677989,3.7047248508619215,47.14461247637051,44.34499613098476,0.9198689910832804,0.9914870379850704,0.2931347624306447,0.7767257954665941,0.2248155203559927,0.0264731784476303,within,0.0442067138301979,0.0082113471376432,0.0393315852628771,0.0141430675598029,0.0264731784476303
fish01,67.49,359,17.95,20.0,19.92290410043132,3.800323399112301,46.17871467842345,43.91438602911276,4832,465.0823689450111,822.1626326122131,20.80835491677989,3.7047248508619215,47.14461247637051,44.34499613098476,0.8854508163485768,0.9914870379850704,0.2931347624306447,0.7767257954665941,0.2248155203559927,0.0246388963401766,within,0.0425526582898941,0.0258044934776028,0.0204879783120751,0.0097104552811342,0.0246388963401765
fish01,67.49,360,18.0,20.0,20.017245105469176,3.890533431591485,46.37147519341506,43.936629351286086,4906,464.9569783039611,823.5194555128297,20.80835491677989,3.7047248508619215,47.14461247637051,44.34499613098476,0.7911098113107151,0.9914870379850704,0.2931347624306447,0.7767257954665941,0.2248155203559927,0.0284453680512552,within,0.038018854180191,0.0501544887163034,0.0163992711435046,0.0092088581650216,0.0284453680512552
fish01,67.49,361,18.05,20.0,19.83934740770816,3.833978844879008,46.40080831526161,43.76044237906304,4920,464.5120173583797,823.3592341505818,20.80835491677989,3.7047248508619215,47.14461247637051,44.34499613098476,0.9690075090717336,0.9914870379850704,0.2931347624306447,0.7767257954665941,0.2248155203559927,0.0276040462368141,within,0.0465681940233689,0.0348889591590088,0.0157770765743744,0.013181955190504,0.027604046236814
fish01,67.49,362,18.1,20.0,19.500841381621623,3.7354526472233314,45.541766889755536,43.7723837560365,4888,464.2240616372945,822.4153930128298,20.80835491677989,3.7047248508619215,47.14461247637051,44.34499613098476,1.307513535158268,0.9914870379850704,0.2931347624306447,0.7767257954665941,0.2248155203559927,0.0295103416536767,within,0.0628359877745014,0.0082942182208918,0.0339984889560465,0.0129126716632672,0.0295103416536767
fish01,67.49,363,18.15,20.0,19.50083843549068,3.6788540162277656,45.43700574030358,43.89414094263105,4824,464.1464010226591,821.0641646898612,20.80835491677989,3.7047248508619215,47.14461247637051,44.34499613098476,1.3075164812892126,0.9914870379850704,0.2931347624306447,0.7767257954665941,0.2248155203559927,0.0290517332641902,within,0.0628361293585407,0.0069832000150124,0.0362206124172258,0.0101669912659816,0.0290517332641901
fish01,67.49,364,18.2,20.0,19.528707361140413,3.817458784267229,45.73871785072522,44.01367088116776,4765,464.1851596702105,819.9185157853292,20.80835491677989,3.7047248508619215,47.14461247637051,44.34499613098476,1.2796475556394782,0.9914870379850704,0.2931347624306447,0.7767257954665941,0.2248155203559927,0.0323047551389415,within,0.0614968151378256,0.0304297722350634,0.0298208968490289,0.0074715363338479,0.0323047551389414
fish01,67.49,365,18.25,20.0,19.528103404297216,3.874767305472575,46.09909620483997,44.098352395881,4802,463.9535840901694,820.4282553094547,20.80835491677989,3.7047248508619215,47.14461247637051,44.34499613098476,1.2802515124826748,0.9914870379850704,0.2931347624306447,0.7767257954665941,0.2248155203559927,0.0337908423365456,within,0.0615258398659029,0.0458988079967915,0.0221767921425713,0.0055619293409166,0.0337908423365456
fish01,67.49,644,32.2,20.0,19.787523491365675,3.499038264741773,47.31013509250461,44.75442963276522,4647,461.6405941537174,801.7923910134161,20.80835491677989,3.7047248508619215,47.14461247637051,44.34499613098476,1.0208314254142152,0.9914870379850704,0.2931347624306447,0.7767257954665941,0.2248155203559927,0.0293306668007126,within,0.0490587280684555,0.0555200708285514,0.0035109550686636,0.0092329132371799,0.0293306668007126
fish01,67.49,645,32.25,20.0,19.77401253486379,3.605727552099876,48.77679118483204,44.89217018414773,4626,461.6984804789226,801.433701817788,20.80835491677989,3.7047248508619215,47.14461247637051,44.34499613098476,1.034342381916101,0.9914870379850704,0.2931347624306447,0.7767257954665941,0.2248155203559927,0.0308474112539819,within,0.0497080324731488,0.0267219031769696,0.0346206835251769,0.0123390258406325,0.0308474112539819
fish01,67.49,647,32.35,20.0,20.380816813613727,3.370849969652751,47.77108415009324,45.02844459156819,4312,465.6159373606741,790.3442315255436,20.80835491677989,3.7047248508619215,47.14461247637051,44.34499613098476,0.4275381031661638,0.9914870379850704,0.2931347624306447,0.7767257954665941,0.2248155203559927,0.0348420521331283,within,0.0205464634218342,0.090121370587479,0.0132882982978536,0.0154120762253463,0.0348420521331283
fish01,67.49,648,32.4,20.0,20.383966227591163,3.3698794841013635,47.94289243519444,45.24355200983787,4316,472.7410111730317,798.4482506504013,20.80835491677989,3.7047248508619215,47.14461247637051,44.34499613098476,0.4243886891887278,0.9914870379850704,0.2931347624306447,0.7767257954665941,0.2248155203559927,0.0369934668695739,within,0.0203951100837145,0.0903833294617425,0.0169325807741878,0.0202628471586508,0.0369934668695739
fish01,67.49,649,32.45,20.0,20.3680954202044,3.367093035485968,47.43584847184696,44.95726497376869,4255,472.515733350947,797.2629272553999,20.80835491677989,3.7047248508619215,47.14461247637051,44.34499613098476,0.4402594965754929,0.9914870379850704,0.2931347624306447,0.7767257954665941,0.2248155203559927,0.033069433235833,within,0.0211578233039683,0.0911354632173025,0.006177503222079,0.0138069431999819,0.0330694332358329
fish01,67.49,650,32.5,20.0,20.466229568830617,3.2260727407837853,46.48461723482316,44.924513774042126,4231,472.4155554029674,796.6594745678369,20.80835491677989,3.7047248508619215,47.14461247637051,44.34499613098476,0.3421253479492741,0.9914870379850704,0.2931347624306447,0.7767257954665941,0.2248155203559927,0.0431774860187719,within,0.016441729743536,0.1292004479001391,0.013999377805431,0.0130683886259817,0.0431774860187719
fish01,67.49,651,32.55,20.0,20.685555759903817,3.189893816680124,46.43852232906431,44.974123680671184,4217,472.22209619123663,796.1903447831895,20.80835491677989,3.7047248508619215,47.14461247637051,44.34499613098476,0.1227991568760735,0.9914870379850704,0.2931347624306447,0.7767257954665941,0.2248155203559927,0.0435079317428475,within,0.0059014351382986,0.1389660649324658,0.0149771121283497,0.0141871147722761,0.0435079317428475
fish01,67.49,652,32.6,20.0,21.288342989113787,3.154128779295484,45.90633568984836,45.00433940422077,4202,472.0856725938395,795.7649693628756,20.80835491677989,3.7047248508619215,47.14461247637051,44.34499613098476,0.4799880723338958,0.9914870379850704,0.2931347624306447,0.7767257954665941,0.2248155203559927,0.05320525998367,within,0.0230670840752928,0.1486199633525654,0.0262654993111416,0.0148684931956801,0.05320525998367
fish01,67.49,653,32.65,20.0,21.51317107972193,3.1181869170684458,45.36995860465433,44.95770025816313,4171,471.83422724217553,798.0533286987117,20.80835491677989,3.7047248508619215,47.14461247637051,44.34499613098476,0.7048161629420413,0.9914870379850704,0.2931347624306447,0.7767257954665941,0.2248155203559927,0.0609132271724521,within,0.0338717868741114,0.1583215913206118,0.0376427714323807,0.0138167590627042,0.060913227172452
fish01,67.49,654,32.7,20.0,21.73486890620378,2.982238839731945,44.28882354231012,44.88987737884188,4191,471.7116361000908,798.3647284420438,20.80835491677989,3.7047248508619215,47.14461247637051,44.34499613098476,0.9265139894238884,0.9914870379850704,0.2931347624306447,0.7767257954665941,0.2248155203559927,0.0781014797517623,within,0.0445260566310672,0.1950174547947566,0.0605750855517531,0.0122873220294724,0.0781014797517623
fish01,67.49,655,32.75,20.0,21.95568289340289,2.978034985633822,43.9242547422173,44.86961300240365,4225,471.6148132254708,799.0744485361736,20.80835491677989,3.7047248508619215,47.14461247637051,44.34499613098476,1.1473279766230071,0.9914870379850704,0.2931347624306447,0.7767257954665941,0.2248155203559927,0.082857114991471,within,0.0551378511762021,0.1961521825457649,0.0683080751966578,0.011830351047259,0.0828571149914709
fish01,67.49,656,32.8,20.0,21.95568289340289,2.9438501448566585,43.49263880647524,44.64374395158259,4182,471.59678806152345,798.2500496700287,20.80835491677989,3.7047248508619215,47.14461247637051,44.34499613098476,1.1473279766230071,0.9914870379850704,0.2931347624306447,0.7767257954665941,0.2248155203559927,0.0861793802198082,within,0.0551378511762021,0.2053795454818303,0.0774632238567171,0.006736900364483,0.0861793802198081
fish01,67.49,1432,71.6,20.0,19.500841381621623,4.244832553662876,56.88111370643557,47.65451870420977,3796,453.60708292070535,799.9907547549727,20.80835491677989,3.7047248508619215,47.14461247637051,44.34499613098476,1.307513535158268,0.9914870379850704,0.2931347624306447,0.7767257954665941,0.2248155203559927,0.1224450696047051,within,0.0628359877745014,0.1457888843419224,0.2065241544820231,0.0746312518203734,0.1224450696047051
fish01,67.49,1433,71.65,20.0,19.500841381621623,4.188234786280705,56.33635572928538,47.42813107714305,3758,453.63164891493057,794.5995460096146,20.80835491677989,3.7047248508619215,47.14461247637051,44.34499613098476,1.307513535158268,0.9914870379850704,0.2931347624306447,0.7767257954665941,0.2248155203559927,0.1144607266202965,within,0.0628359877745014,0.1305116992173636,0.1949691124838896,0.0695261070054314,0.1144607266202965
fish01,67.49,1434,71.7,20.0,19.500841381621623,4.188234786280705,56.16873789016225,47.33048721221493,3706,453.5647870320451,793.4916424600625,20.80835491677989,3.7047248508619215,47.14461247637051,44.34499613098476,1.307513535158268,0.9914870379850704,0.2931347624306447,0.7767257954665941,0.2248155203559927,0.1130213987520759,within,0.0628359877745014,0.1305116992173636,0.1914137149460024,0.0673241930704363,0.1130213987520759
fish01,67.49,1435,71.75,20.0,19.500841381621623,4.075039251516362,54.8403665151114,47.02669540765929,3697,453.6796611300998,793.4288147352006,20.80835491677989,3.7047248508619215,47.14461247637051,44.34499613098476,1.307513535158268,0.9914870379850704,0.2931347624306447,0.7767257954665941,0.2248155203559927,0.0966260136888637,within,0.0628359877745014,0.0999573289682457,0.1632371894582461,0.0604735485544618,0.0966260136888637
fish01,67.49,1436,71.8,20.0,19.500841381621623,4.018441484134191,53.98970598156149,46.66733165181918,3639,453.6436802173002,792.2324236661509,20.80835491677989,3.7047248508619215,47.14461247637051,44.34499613098476,1.307513535158268,0.9914870379850704,0.2931347624306447,0.7767257954665941,0.2248155203559927,0.0862698524056479,within,0.0628359877745014,0.0846801438436869,0.1451935469534685,0.0523697310509349,0.0862698524056479
fish01,67.49,1437,71.85,20.0,20.53155413021668,3.7077310890860624,52.20038554892204,46.21512925039853,3666,453.5546220626078,792.6843030114586,20.80835491677989,3.7047248508619215,47.14461247637051,44.34499613098476,0.2768007865632143,0.9914870379850704,0.2931347624306447,0.7767257954665941,0.2248155203559927,0.0408814712949487,within,0.0133023868378945,0.0008114605929348,0.1072396782365227,0.0421723595124427,0.0408814712949487
fish01,67.49,1438,71.9,20.0,20.97791801010484,3.574469713017964,50.65830142898922,45.913737749303145,3632,453.53999100108206,791.9931940853495,20.80835491677989,3.7047248508619215,47.14461247637051,44.34499613098476,0.1695630933249496,0.9914870379850704,0.2931347624306447,0.7767257954665941,0.2248155203559927,0.0383034639775034,within,0.0081487985957128,0.0351591934860299,0.0745300208879607,0.0353758429403102,0.0383034639775034
fish01,67.49,1439,71.95,20.0,21.29605448685554,3.4888096277045046,49.74897465174621,45.8412639881642,3622,453.5698521219136,791.8196893207644,20.80835491677989,3.7047248508619215,47.14461247637051,44.34499613098476,0.4876995700756481,0.9914870379850704,0.2931347624306447,0.7767257954665941,0.2248155203559927,0.042675559383644,within,0.023437680298425,0.0582810416020998,0.0552419892449224,0.0337415263891288,0.042675559383644
fish01,67.49,1440,72.0,20.0,21.22919646431395,3.424066474694484,48.55050710201581,45.770796865200246,3647,453.5648173899709,792.3137431304883,20.80835491677989,3.7047248508619215,47.14461247637051,44.34499613098476,0.4208415475340601,0.9914870379850704,0.2931347624306447,0.7767257954665941,0.2248155203559927,0.0394887187139788,within,0.0202246429002752,0.0757568746575446,0.0298208968490291,0.0321524604490663,0.0394887187139788
fish01,67.49,1441,72.05,20.0,21.555800121393137,3.418434851752908,48.69298226527047,45.81576094937924,3664,453.6460978581745,792.7362019841087,20.80835491677989,3.7047248508619215,47.14461247637051,44.34499613098476,0.7474452046132463,0.9914870379850704,0.2931347624306447,0.7767257954665941,0.2248155203559927,0.0448017091992688,within,0.0359204371322264,0.0772769937401443,0.0328429847562332,0.0331664211684714,0.0448017091992688
fish01,67.49,1442,72.1,20.0,21.7482914787774,3.3782813629072006,48.41641283071729,45.93579938118156,3678,453.67467856596016,793.0473608168943,20.80835491677989,3.7047248508619215,47.14461247637051,44.34499613098476,0.9399365619975056,0.9914870379850704,0.2931347624306447,0.7767257954665941,0.2248155203559927,0.0490341206628878,within,0.0451711135145788,0.0881154474613066,0.0269765788187191,0.0358733428569468,0.0490341206628879
fish01,67.49,1443,72.15,20.0,21.68287411426665,3.2924155217026465,47.22213572696496,46.023566627467545,3675,453.59465683305535,792.9050669485728,20.80835491677989,3.7047248508619215,47.14461247637051,44.34499613098476,0.8745191974867588,0.9914870379850704,0.2931347624306447,0.7767257954665941,0.2248155203559927,0.0482042627350909,within,0.0420273107116961,0.1112928343553906,0.0016443713612727,0.0378525345120039,0.0482042627350908
fish01,67.49,1444,72.2,20.0,22.17982748163241,3.209336776823533,46.01947773125648,45.55125388321892,3641,453.5685673599055,792.2000451837563,20.80835491677989,3.7047248508619215,47.14461247637051,44.34499613098476,1.371472564852521,0.9914870379850704,0.2931347624306447,0.7767257954665941,0.2248155203559927,0.0626737226578012,within,0.0659097064778803,0.1337179126604055,0.0238656059730677,0.0272016655198515,0.0626737226578013
fish01,67.49,1445,72.25,20.0,22.305064561863325,3.226957296802481,45.7051942829006,45.65294867477364,3621,453.6111281635803,791.8411346332643,20.80835491677989,3.7047248508619215,47.14461247637051,44.34499613098476,1.4967096450834347,0.9914870379850704,0.2931347624306447,0.7767257954665941,0.2248155203559927,0.0652292230195525,within,0.0719283024087832,0.1289616836047313,0.0305319763566063,0.0294949297080891,0.0652292230195524
fish01,67.49,1446,72.3,20.0,22.27130042819784,3.27032062072994,45.90633568984836,45.60648362102062,3635,453.5635804253285,792.0745048637625,20.80835491677989,3.7047248508619215,47.14461247637051,44.34499613098476,1.4629455114179457,0.9914870379850704,0.2931347624306447,0.7767257954665941,0.2248155203559927,0.0605687781409437,within,0.0703056785252267,0.1172568132909831,0.0262654993111416,0.0284471214364236,0.0605687781409438
fish01,67.49,1447,72.35,20.0,21.95395056840876,3.223536524149272,44.84196241141646,44.93831401274881,3794,457.5258358749389,798.5199471732986,20.80835491677989,3.7047248508619215,47.14461247637051,44.34499613098476,1.14559565162887,0.9914870379850704,0.2931347624306447,0.7767257954665941,0.2248155203559927,0.0617903753547414,within,0.0550545997610344,0.1298850376434026,0.0488422736767253,0.0133795903378033,0.0617903753547414
fish01,67.49,1448,72.4,20.0,21.95395056840876,3.2799155814394387,45.11434139999155,45.024098576876256,3792,457.21292788882783,798.9655808538542,20.80835491677989,3.7047248508619215,47.14461247637051,44.34499613098476,1.14559565162887,0.9914870379850704,0.2931347624306447,0.7767257954665941,0.2248155203559927,0.0570250780016573,within,0.0550545997610344,0.1146668879670372,0.0430647526776587,0.0153140716008991,0.0570250780016573
fish01,67.49,1449,72.45,20.0,22.00486118415908,3.228511153201443,44.70367769413987,45.23918003683558,3773,465.8961569130792,807.2693827947724,20.80835491677989,3.7047248508619215,47.14461247637051,44.34499613098476,1.1965062673791884,0.9914870379850704,0.2931347624306447,0.7767257954665941,0.2248155203559927,0.0644958086446291,within,0.0575012427539057,0.1285422580167282,0.0517754766454824,0.0201642571624001,0.0644958086446291
fish01,67.49,1450,72.5,20.0,22.00486118415908,3.228511153201443,44.63244011251254,45.22949832005267,3794,465.8205276328004,807.6121063790769,20.80835491677989,3.7047248508619215,47.14461247637051,44.34499613098476,1.1965062673791884,0.9914870379850704,0.2931347624306447,0.7767257954665941,0.2248155203559927,0.0648189878446227,within,0.0575012427539057,0.1285422580167282,0.0532865205990844,0.0199459300087724,0.0648189878446227
fish01,67.49,1451,72.55,20.0,21.981457119952577,3.004717616858238,43.337592305286336,44.87614094537603,3794,465.80112651902186,807.595407088215,20.80835491677989,3.7047248508619215,47.14461247637051,44.34499613098476,1.173102203172686,0.9914870379850704,0.2931347624306447,0.7767257954665941,0.2248155203559927,0.0845139706863612,within,0.0563764991449033,0.1889498578661849,0.0807519665792629,0.0119775591550936,0.0845139706863612
fish01,67.49,1452,72.6,20.0,22.106574881880324,2.9554510635768247,43.19930758800974,44.5864604859437,3763,465.7877064043208,806.9597994735138,20.80835491677989,3.7047248508619215,47.14461247637051,44.34499613098476,1.298219965100433,0.9914870379850704,0.2931347624306447,0.7767257954665941,0.2248155203559927,0.0884419557985421,within,0.0623893609222104,0.2022481607806244,0.0836851695480201,0.0054451319433134,0.0884419557985421
fish01,67.49,1453,72.65,20.0,21.93214478023852,2.8354370851643464,41.720080157748086,44.00083127872076,3712,465.80798872189007,805.9608825723332,20.80835491677989,3.7047248508619215,47.14461247637051,44.34499613098476,1.1237898634586223,0.9914870379850704,0.2931347624306447,0.7767257954665941,0.2248155203559927,0.1028680742373333,within,0.0540066654934071,0.2346430033785994,0.1150615528198746,0.0077610752574522,0.1028680742373333
fish01,67.49,1454,72.7,20.0,22.21875323670901,2.8031571596307625,41.46865339906339,44.1191353485649,3736,465.6578845552232,810.0876924681663,20.80835491677989,3.7047248508619215,47.14461247637051,44.34499613098476,1.410398319929115,0.9914870379850704,0.2931347624306447,0.7767257954665941,0.2248155203559927,0.1091561199791284,within,0.067780385598468,0.2433561809648036,0.1203946491267052,0.0050932642265368,0.1091561199791284
fish01,67.49,1461,73.05,20.0,22.131876254413744,2.7862605635792463,39.147146327207984,43.59365365601332,3734,465.4610010954492,809.9970134354758,20.80835491677989,3.7047248508619215,47.14461247637051,44.34499613098476,1.3235213376338528,0.9914870379850704,0.2931347624306447,0.7767257954665941,0.2248155203559927,0.1245255778753201,within,0.0636052846525874,0.247917004435293,0.169636905026443,0.0169431173869571,0.1245255778753201
fish01,67.49,1502,75.1,20.0,21.179808998260857,2.832535128257517,37.94029788552141,42.50280504099501,3932,469.6754594316649,816.6787829992778,20.80835491677989,3.7047248508619215,47.14461247637051,44.34499613098476,0.3714540814809659,0.9914870379850704,0.2931347624306447,0.7767257954665941,0.2248155203559927,0.1225138839664789,within,0.0178511988557742,0.2354263157765914,0.1952357672992311,0.0415422539343188,0.1225138839664789
fish01,67.49,1503,75.15,20.0,21.1406357681851,2.866555018876448,38.89991001450136,42.587559728824175,3971,469.67155754257016,817.4522834539331,20.80835491677989,3.7047248508619215,47.14461247637051,44.34499613098476,0.3322808514052084,0.9914870379850704,0.2931347624306447,0.7767257954665941,0.2248155203559927,0.114181054258061,within,0.015968626675877,0.2262434771074752,0.1748811163948267,0.0396309968540651,0.114181054258061
fish01,67.49,1504,75.2,20.0,21.10104124138458,2.871815503961998,39.122003651339504,42.79538834390437,3982,469.41321987575975,817.4122009954559,20.80835491677989,3.7047248508619215,47.14461247637051,44.34499613098476,0.2926863246046878,0.9914870379850704,0.2931347624306447,0.7767257954665941,0.2248155203559927,0.1110009816329574,within,0.0140658079783455,0.2248235376255117,0.1701702146571263,0.0349443662708462,0.1110009816329574
fish01,67.49,1505,75.25,20.0,21.1245881929418,3.0332015297189656,40.32047120106992,42.976398681263554,4023,469.358471598232,818.177635009595,20.80835491677989,3.7047248508619215,47.14461247637051,44.34499613098476,0.3162332761619026,0.9914870379850704,0.2931347624306447,0.7767257954665941,0.2248155203559927,0.0930175905055375,within,0.0151974184132593,0.1812613211981782,0.1447491222612326,0.03086250014948,0.0930175905055375
fish01,67.49,1506,75.3,20.0,21.06423375445557,3.0363135605838587,40.3623756608507,42.80563940938571,4061,469.2454377509035,818.8237743393497,20.80835491677989,3.7047248508619215,47.14461247637051,44.34499613098476,0.2558788376756844,0.9914870379850704,0.2931347624306447,0.7767257954665941,0.2248155203559927,0.0928229262918129,within,0.0122969277820871,0.180421304465446,0.1438602728767609,0.0347132000429574,0.0928229262918129
fish01,67.49,1507,75.35,20.0,20.984215364994245,3.048041214569577,40.63475464942579,43.0062132309257,4100,469.22332834832446,819.5828823846873,20.80835491677989,3.7047248508619215,47.14461247637051,44.34499613098476,0.1758604482143546,0.9914870379850704,0.2931347624306447,0.7767257954665941,0.2248155203559927,0.0884950163532922,within,0.0084514344799328,0.17725571067432,0.1380827518776944,0.0301901683812217,0.0884950163532922
fish01,67.49,1508,75.4,20.0,20.87196041076105,3.0225877211080205,40.25342406542065,42.63739001292695,4088,469.2171390552474,819.3377282478602,20.80835491677989,3.7047248508619215,47.14461247637051,44.34499613098476,0.0636054939811643,0.9914870379850704,0.2931347624306447,0.7767257954665941,0.2248155203559927,0.0929653926553581,within,0.0030567286186506,0.1841262596317237,0.1461712812763878,0.0385073010946701,0.092965392655358
fish01,67.49,1509,75.45,20.0,20.87196041076105,3.0225877211080205,40.31628075509183,42.6080424625646,4115,456.29023801358073,806.9542972582769,20.80835491677989,3.7047248508619215,47.14461247637051,44.34499613098476,0.0636054939811643,0.9914870379850704,0.2931347624306447,0.7767257954665941,0.2248155203559927,0.0927975243161499,within,0.0030567286186506,0.1841262596317237,0.1448380071996801,0.0391691018145453,0.0927975243161499
fish01,67.49,1510,75.5,20.0,20.598365014663184,2.9908557582728617,39.70866608827048,42.26244824955038,4056,456.1854289858029,805.6700936992492,20.80835491677989,3.7047248508619215,47.14461247637051,44.34499613098476,0.2099899021167068,0.9914870379850704,0.2931347624306447,0.7767257954665941,0.2248155203559927,0.1018679689851704,within,0.0100916147843754,0.1926915280693449,0.1577263232745209,0.0469624098124401,0.1018679689851703
fish01,67.49,1511,75.55,20.0,20.490946134371963,3.010665538205328,39.49495334338848,42.07790872614974,4048,456.1285539711846,805.6000025387975,20.80835491677989,3.7047248508619215,47.14461247637051,44.34499613098476,0.3174087824079272,0.9914870379850704,0.2931347624306447,0.7767257954665941,0.2248155203559927,0.1039953970078147,within,0.0152539104449803,0.1873443617533749,0.1622594551353272,0.0511238606975762,0.1039953970078147
fish01,67.49,1512,75.6,20.0,20.44305824896856,3.044072047411245,39.562000479037735,41.87204480833815,4045,456.0978291225856,805.6691995651985,20.80835491677989,3.7047248508619215,47.14461247637051,44.34499613098476,0.3652966678113323,0.9914870379850704,0.2931347624306447,0.7767257954665941,0.2248155203559927,0.1031214653017988,within,0.017555288213426,0.1783270904172471,0.1608372961201723,0.0557661864563498,0.1031214653017988
fish01,67.49,1513,75.65,20.0,20.737339903478563,3.044072047411245,40.22828138955218,42.163768680218496,4128,455.97565462087,807.9823636051497,20.80835491677989,3.7047248508619215,47.14461247637051,44.34499613098476,0.0710150133013272,0.9914870379850704,0.2931347624306447,0.7767257954665941,0.2248155203559927,0.0944080432896979,within,0.0034128124777447,0.1783270904172471,0.146704590907071,0.0491876793567289,0.0944080432896979
fish01,67.49,1514,75.7,20.0,20.32593775948398,3.026315292419411,39.94333106304286,42.138141159536126,4136,456.0425339072145,808.2123874227441,20.80835491677989,3.7047248508619215,47.14461247637051,44.34499613098476,0.4824171572959095,0.9914870379850704,0.2931347624306447,0.7767257954665941,0.2248155203559927,0.1022045678315399,within,0.0231838201157789,0.1831200927876398,0.152748766721479,0.0497655917012621,0.1022045678315399
fish01,67.49,1515,75.75,20.0,20.22736316428188,3.0796112498933814,40.32047120106992,42.23430402419647,4182,455.9544393278709,809.0484790413171,20.80835491677989,3.7047248508619215,47.14461247637051,44.34499613098476,0.5809917524980115,0.9914870379850704,0.2931347624306447,0.7767257954665941,0.2248155203559927,0.0972503570916967,within,0.0279210804901015,0.1687341506139395,0.1447491222612326,0.0475970750015131,0.0972503570916967
fish01,67.49,1516,75.8,20.0,20.496798623489063,3.136117906062497,41.07056103114594,42.61357222626645,4270,455.88462160416594,810.7455884009455,20.80835491677989,3.7047248508619215,47.14461247637051,44.34499613098476,0.3115562932908275,0.9914870379850704,0.2931347624306447,0.7767257954665941,0.2248155203559927,0.0840843334683114,within,0.0149726537507099,0.1534815587363081,0.1288387182791875,0.0390444031070403,0.0840843334683114
fish01,67.49,1517,75.85,20.0,20.49324853570345,3.165983384450105,42.27740947283251,43.01618458309856,4336,455.93193929697657,812.1161613020895,20.80835491677989,3.7047248508619215,47.14461247637051,44.34499613098476,0.3151063810764327,0.9914870379850704,0.2931347624306447,0.7767257954665941,0.2248155203559927,0.0734421326337476,within,0.0151432625181885,0.1454201021936827,0.1032398560063996,0.0299653098167199,0.0734421326337476
fish01,67.49,1518,75.9,20.0,20.59472801601478,3.267580159527768,43.36692542713288,43.12666953431647,4392,456.0124294340157,813.3170485745453,20.80835491677989,3.7047248508619215,47.14461247637051,44.34499613098476,0.2136269007651101,0.9914870379850704,0.2931347624306447,0.7767257954665941,0.2248155203559927,0.0589666324138352,within,0.010266400281016,0.1179965338674071,0.0801297720101328,0.027473823496785,0.0589666324138352
fish01,67.49,1519,75.95,20.0,20.332162934165293,3.427352955464943,44.20501462274856,43.157745690042006,4445,455.9473599895713,814.3140364217676,20.80835491677989,3.7047248508619215,47.14461247637051,44.34499613098476,0.4761919826145977,0.9914870379850704,0.2931347624306447,0.7767257954665941,0.2248155203559927,0.0467200621818732,within,0.0228846530405243,0.074869769433065,0.0623527843206966,0.0267730419332069,0.0467200621818732
fish01,67.49,1520,76.0,20.0,19.376925641118376,3.4567460373260914,43.63092352375182,42.6061654550428,4424,455.9159797441647,813.865117113861,20.80835491677989,3.7047248508619215,47.14461247637051,44.34499613098476,1.4314292756615146,0.9914870379850704,0.2931347624306447,0.7767257954665941,0.2248155203559927,0.062367089535747,within,0.068791083263733,0.0669358247963102,0.0745300208879604,0.0392114291949843,0.0623670895357469
fish01,67.49,1521,76.05,20.0,19.351720017840584,3.524779773270194,44.27625220437588,42.62343768927106,4477,455.8975203784896,814.908057487769,20.80835491677989,3.7047248508619215,47.14461247637051,44.34499613098476,1.4566348989393063,0.9914870379850704,0.2931347624306447,0.7767257954665941,0.2248155203559927,0.054559464377316,within,0.0700024055128295,0.0485717792374951,0.0608417403670947,0.0388219323918446,0.054559464377316
fish01,67.49,1522,76.1,20.0,19.396954912330354,3.5597438092319984,44.80843884359183,42.714304575921446,4486,455.9342130465849,815.1264233329478,20.80835491677989,3.7047248508619215,47.14461247637051,44.34499613098476,1.4114000044495365,0.9914870379850704,0.2931347624306447,0.7767257954665941,0.2248155203559927,0.0483222028428362,within,0.0678285241718643,0.0391340915901467,0.0495533531843029,0.036772842425031,0.0483222028428362
fish01,67.49,1523,76.15,20.0,19.42414917399427,3.619732338701942,45.29453057704892,42.90217727509163,4442,455.9556670497566,814.2695049402862,20.80835491677989,3.7047248508619215,47.14461247637051,44.34499613098476,1.3842057427856211,0.9914870379850704,0.2931347624306447,0.7767257954665941,0.2248155203559927,0.0403105532411043,within,0.0665216326961722,0.0229416530461649,0.03924270032443,0.0325362268976499,0.0403105532411043
fish01,67.49,1524,76.2,20.0,19.550290716424502,3.6166727723507264,45.24424522531197,42.89777873593975,4477,455.8960836961534,814.9104424200164,20.80835491677989,3.7047248508619215,47.14461247637051,44.34499613098476,1.2580642003553848,0.9914870379850704,0.2931347624306447,0.7767257954665941,0.2248155203559927,0.0392929535720996,within,0.0604595704651732,0.0237675082646716,0.0403093195857963,0.0326354159727574,0.0392929535720996
fish01,67.49,1525,76.25,20.0,19.56859650103517,3.640819618747324,45.60043313344865,43.070462694963176,4451,455.824364905162,814.3189775352748,20.80835491677989,3.7047248508619215,47.14461247637051,44.34499613098476,1.2397584157447206,0.9914870379850704,0.2931347624306447,0.7767257954665941,0.2248155203559927,0.0345812270320703,within,0.0595798380363542,0.017249656772683,0.0327540998177857,0.0287413135014582,0.0345812270320702
fish01,67.49,1526,76.3,20.0,19.434755245386945,3.6249900170439626,44.976056682714976,42.7860553301818,4461,455.87501163735095,814.5701255695473,20.80835491677989,3.7047248508619215,47.14461247637051,44.34499613098476,1.3735996713929453,0.9914870379850704,0.2931347624306447,0.7767257954665941,0.2248155203559927,0.04217179674684,within,0.0660119301543281,0.0215224711760734,0.0459979556464154,0.035154830010543,0.04217179674684
fish01,67.49,1527,76.35,20.0,19.437527554603754,3.621116710972352,45.47891020008437,42.976142995482,4470,455.84943430801206,814.7269115214583,20.80835491677989,3.7047248508619215,47.14461247637051,44.34499613098476,1.3708273621761364,0.9914870379850704,0.2931347624306447,0.7767257954665941,0.2248155203559927,0.0386616760366987,within,0.0658786995732516,0.0225679755596742,0.0353317630327539,0.0308682659811151,0.0386616760366987
fish01,67.49,1528,76.4,20.0,19.36833030409389,3.6541222876601553,45.64652803920752,42.97533748336765,4489,455.853236370322,815.1131094171016,20.80835491677989,3.7047248508619215,47.14461247637051,44.34499613098476,1.440024612685999,0.9914870379850704,0.2931347624306447,0.7767257954665941,0.2248155203559927,0.036381469251965,within,0.069204154698686,0.0136589261655945,0.0317763654948665,0.030886430648713,0.036381469251965
fish01,67.49,1671,83.55,20.0,21.069439567830816,3.440731838259785,39.42371576176114,42.56313326269195,2552,460.90345848507343,783.4386830283163,20.80835491677989,3.7047248508619215,47.14461247637051,44.34499613098476,0.2610846510509255,0.9914870379850704,0.2931347624306447,0.7767257954665941,0.2248155203559927,0.0719394743715164,within,0.0125471067797092,0.0712584667497552,0.1637704990889295,0.0401818248676717,0.0719394743715164
fish01,67.49,1672,83.6,20.0,21.04899636522144,3.4003069589050474,38.72391128342207,42.45599750559487,2464,460.89612776323486,781.6785072543944,20.80835491677989,3.7047248508619215,47.14461247637051,44.34499613098476,0.2406414484415471,0.9914870379850704,0.2931347624306447,0.7767257954665941,0.2248155203559927,0.0787367249938201,within,0.0115646551303052,0.0821701757111732,0.1786142838096082,0.0425977853241936,0.0787367249938201
fish01,67.49,1673,83.65,20.0,21.085993877596213,3.3598887725541124,38.602388350057794,42.39295322583874,2441,460.9442918330252,781.281007261685,20.80835491677989,3.7047248508619215,47.14461247637051,44.34499613098476,0.2776389608163221,0.9914870379850704,0.2931347624306447,0.7767257954665941,0.2248155203559927,0.082908538831761,within,0.0133426674971039,0.0930800780596651,0.1811919470245765,0.0440194627456983,0.082908538831761
fish01,67.49,1674,83.7,20.0,20.91281146240852,3.327509099673534,38.250390887899215,42.09736415796977,2440,460.97147065246975,780.6179126469355,20.80835491677989,3.7047248508619215,47.14461247637051,44.34499613098476,0.1044565456286257,0.9914870379850704,0.2931347624306447,0.7767257954665941,0.2248155203559927,0.0865458816392182,within,0.0050199329089872,0.1018201800062497,0.1886582818541396,0.0506851317874966,0.0865458816392183
fish01,67.49,1675,83.75,20.0,20.83348835984959,3.294584486741409,37.91096476367486,41.9645884016086,2441,460.9624735344781,780.7154552340614,20.80835491677989,3.7047248508619215,47.14461247637051,44.34499613098476,0.0251334430696985,0.9914870379850704,0.2931347624306447,0.7767257954665941,0.2248155203559927,0.0903631191266233,within,0.0012078534401309,0.1107073752117087,0.1958579618683613,0.0536792859862923,0.0903631191266233
fish01,67.49,1676,83.8,20.0,21.1097470583194,3.296583751748271,37.97382145334604,42.38054170310362,2488,460.9159197373378,781.6176579473378,20.80835491677989,3.7047248508619215,47.14461247637051,44.34499613098476,0.3013921415395089,0.9914870379850704,0.2931347624306447,0.7767257954665941,0.2248155203559927,0.0908689868323202,within,0.0144841888147758,0.1101677224473754,0.1945246877916536,0.0442993482754763,0.0908689868323203
fish01,67.49,1677,83.85,20.0,21.05015714081274,3.3391827778221344,37.94029788552141,42.22403011111137,2516,460.9662801240708,782.2402839753892,20.80835491677989,3.7047248508619215,47.14461247637051,44.34499613098476,0.241802224032849,0.9914870379850704,0.2931347624306447,0.7767257954665941,0.2248155203559927,0.0883385296671522,within,0.0116204392418287,0.098669155674204,0.1952357672992311,0.0478287564533449,0.0883385296671522
fish01,67.49,1678,83.9,20.0,21.085382555425664,3.2749642699489026,36.947162188716845,41.804697169901466,2453,460.9836282684701,781.0070071166942,20.80835491677989,3.7047248508619215,47.14461247637051,44.34499613098476,0.277027638645773,0.9914870379850704,0.2931347624306447,0.7767257954665941,0.2248155203559927,0.100725766674303,within,0.0133132888089282,0.1160033735873888,0.2163014977112127,0.0572849065896825,0.100725766674303
fish01,67.49,1679,83.95,20.0,20.71029000223082,3.281636762933468,36.56583160471171,41.21164492281684,2374,460.90997360990553,779.3623954268799,20.80835491677989,3.7047248508619215,47.14461247637051,44.34499613098476,0.0980649145490701,0.9914870379850704,0.2931347624306447,0.7767257954665941,0.2248155203559927,0.1034908993112347,within,0.0047127663355064,0.1142022970558852,0.2243900271099062,0.070658506743641,0.1034908993112347
fish01,67.49,1680,84.0,20.0,20.959803724005432,3.3568067522546574,37.79363227628867,41.72918185279921,2382,460.87739548490543,779.500943603963,20.80835491677989,3.7047248508619215,47.14461247637051,44.34499613098476,0.1514488072255417,0.9914870379850704,0.2931347624306447,0.7767257954665941,0.2248155203559927,0.0896312037675559,within,0.0072782691294549,0.0939119941731487,0.1983467401448824,0.0589878116227375,0.0896312037675559
fish01,67.49,1681,84.05,20.0,20.959803724005432,3.317421879329516,37.3243023267439,41.53516804668944,2389,460.8367140026516,779.6057048499213,20.80835491677989,3.7047248508619215,47.14461247637051,44.34499613098476,0.1514488072255417,0.9914870379850704,0.2931347624306447,0.7767257954665941,0.2248155203559927,0.0958715032763586,within,0.0072782691294549,0.1045429787970077,0.2083018532509665,0.0633629119280052,0.0958715032763586
fish01,67.49,1682,84.1,20.0,20.959803724005432,3.214415255386321,35.9875500597369,41.16567459655878,2382,460.87759512736005,779.5168398925357,20.80835491677989,3.7047248508619215,47.14461247637051,44.34499613098476,0.1514488072255417,0.9914870379850704,0.2931347624306447,0.7767257954665941,0.2248155203559927,0.1119941694557346,within,0.0072782691294549,0.1323471013944606,0.236656148615617,0.071695158683406,0.1119941694557346
fish01,67.49,1905,95.25,20.0,21.5425985086402,2.906723620956548,38.15820107638148,42.18714227942771,3114,464.2512406393924,792.3059963537133,20.80835491677989,3.7047248508619215,47.14461247637051,44.34499613098476,0.7342435918603094,0.9914870379850704,0.2931347624306447,0.7767257954665941,0.2248155203559927,0.1224903218661285,within,0.03528599905167,0.2154009439377704,0.1906137504999778,0.0486605939750959,0.1224903218661285
fish01,67.49,1906,95.3,20.0,21.4451390239998,2.9960288025022805,38.91248135243559,42.3650886244052,3103,464.22371020641566,792.05552972282,20.80835491677989,3.7047248508619215,47.14461247637051,44.34499613098476,0.6367841072199063,0.9914870379850704,0.2931347624306447,0.7767257954665941,0.2248155203559927,0.1102899508034912,within,0.0306023282362608,0.1912951911110914,0.1746144615794852,0.0446478222871273,0.1102899508034912
fish01,67.49,1907,95.35,20.0,21.47966178638296,3.0352226009640235,39.16390811112029,42.31222935230894,3162,464.239517556254,793.2529907184917,20.80835491677989,3.7047248508619215,47.14461247637051,44.34499613098476,0.6713068696030682,0.9914870379850704,0.2931347624306447,0.7767257954665941,0.2248155203559927,0.1070245951924766,within,0.0322614100099631,0.1807157823723764,0.1692813652726544,0.0458398231149125,0.1070245951924766
fish01,67.49,1908,95.4,20.0,21.32547307738098,3.09085096231155,39.528476911213104,42.389932819104885,3137,464.1633716941363,792.6753279292907,20.80835491677989,3.7047248508619215,47.14461247637051,44.34499613098476,0.5171181606010897,0.9914870379850704,0.2931347624306447,0.7767257954665941,0.2248155203559927,0.0990469205968157,within,0.0248514677238653,0.1657002647328993,0.1615483756277498,0.0440875743027482,0.0990469205968157
fish01,67.49,1909,95.45,20.0,21.146831481556983,3.041485957103233,38.95857625819445,42.03890699054577,3136,464.06275099758574,792.5560939514901,20.80835491677989,3.7047248508619215,47.14461247637051,44.34499613098476,0.3384765647770926,0.9914870379850704,0.2931347624306447,0.7767257954665941,0.2248155203559927,0.1052329038075504,within,0.0162663779107374,0.1790251423407012,0.1736367272565664,0.0520033677221967,0.1052329038075504
fish01,67.49,1910,95.5,20.0,21.146831481556983,3.041485957103233,39.08848008351488,42.13413544542116,3168,464.00918765174026,793.1378821681446,20.80835491677989,3.7047248508619215,47.14461247637051,44.34499613098476,0.3384765647770926,0.9914870379850704,0.2931347624306447,0.7767257954665941,0.2248155203559927,0.1040071842019436,within,0.0162663779107374,0.1790251423407012,0.1708812941647037,0.0498559223916321,0.1040071842019436
fish01,67.49,1911,95.55,20.0,21.06496144879835,3.041485957103233,39.22257435481339,42.02069904146598,3165,464.0146868055557,793.0825870511266,20.80835491677989,3.7047248508619215,47.14461247637051,44.34499613098476,0.2566065320184592,0.9914870379850704,0.2931347624306447,0.7767257954665941,0.2248155203559927,0.1029519957098212,within,0.0123318990398193,0.1790251423407012,0.1680369761343939,0.0524139653243705,0.1029519957098212
fish01,67.49,1930,96.5,20.0,20.33096385887173,3.134926119578925,39.02981383982178,41.77431139439033,3428,457.472321417745,792.3951565591494,20.80835491677989,3.7047248508619215,47.14461247637051,44.34499613098476,0.4773910579081608,0.9914870379850704,0.2931347624306447,0.7767257954665941,0.2248155203559927,0.1017103333007833,within,0.0229422777445607,0.1538032523928005,0.1721256833029643,0.0579701197628076,0.1017103333007833
fish01,67.49,1931,96.55,20.0,20.258561217896528,3.0495590151093435,38.518579430496224,41.65871826960485,3396,457.81726066757005,792.1096921631411,20.80835491677989,3.7047248508619215,47.14461247637051,44.34499613098476,0.5497936988833629,0.9914870379850704,0.2931347624306447,0.7767257954665941,0.2248155203559927,0.1117035593306846,within,0.0264217763048634,0.1768460174849829,0.1829696457935202,0.0605767977393723,0.1117035593306847
fish01,67.49,1932,96.6,20.0,20.16114739828573,3.0110675502401847,38.078582602798,41.45257492452674,3358,457.854847577413,791.3844340209006,20.80835491677989,3.7047248508619215,47.14461247637051,44.34499613098476,0.6472075184941595,0.9914870379850704,0.2931347624306447,0.7767257954665941,0.2248155203559927,0.1189667725078591,within,0.0311032525676621,0.187235848422145,0.192302564330474,0.0652254247111552,0.1189667725078591
fish01,67.49,1933,96.65,20.0,20.10077970221028,2.975529427274791,37.66791889694632,41.40940671921085,3326,457.8788363111708,790.7715412442418,20.80835491677989,3.7047248508619215,47.14461247637051,44.34499613098476,0.7075752145696121,0.9914870379850704,0.2931347624306447,0.7767257954665941,0.2248155203559927,0.1245112632500404,within,0.0340043803270109,0.196828496836271,0.2010132882982978,0.0661988875385819,0.1245112632500404
fish01,67.49,1938,96.9,20.0,20.40090795357549,2.981302682812965,36.92201951284837,41.26051110240084,3229,457.8173432055815,788.4292603782359,20.80835491677989,3.7047248508619215,47.14461247637051,44.34499613098476,0.4074469632043964,0.9914870379850704,0.2931347624306447,0.7767257954665941,0.2248155203559927,0.1253106094708438,within,0.0195809310651383,0.1952701474930449,0.2168348073418958,0.0695565519832964,0.1253106094708439
fish01,67.49,1941,97.05,20.0,20.34743273083981,3.041022196710712,36.81725836339641,41.31870925880518,3257,457.7134629313152,788.8784790623029,20.80835491677989,3.7047248508619215,47.14461247637051,44.34499613098476,0.4609221859400847,0.9914870379850704,0.2931347624306447,0.7767257954665941,0.2248155203559927,0.1221505584415946,within,0.022150822964308,0.179150323133119,0.2190569308030753,0.0682441568658758,0.1221505584415945
fish01,67.49,1942,97.1,20.0,20.33139988625121,3.0457224126069744,36.82563925535257,41.24239815501613,3268,457.7399820011091,789.1257468300134,20.80835491677989,3.7047248508619215,47.14461247637051,44.34499613098476,0.4769550305286785,0.9914870379850704,0.2931347624306447,0.7767257954665941,0.2248155203559927,0.1224117765307489,within,0.0229213233067292,0.1778816146364087,0.2188791609261809,0.069965007253677,0.122411776530749
fish01,67.49,1944,97.2,20.0,20.33139988625121,3.041022196710712,36.2389768184216,41.130517855228064,3220,457.74442644555376,788.1756404932081,20.80835491677989,3.7047248508619215,47.14461247637051,44.34499613098476,0.4769550305286785,0.9914870379850704,0.2931347624306447,0.7767257954665941,0.2248155203559927,0.1264706645181075,within,0.0229213233067292,0.179150323133119,0.2313230523087862,0.0724879593237956,0.1264706645181075
fish01,67.49,1960,98.0,20.0,20.366956740595164,3.026575887761018,36.24735771037776,41.2782095928233,3149,457.17222527923576,781.9451321327102,20.80835491677989,3.7047248508619215,47.14461247637051,44.34499613098476,0.4413981761847267,0.9914870379850704,0.2931347624306447,0.7767257954665941,0.2248155203559927,0.1261412555784448,within,0.0212125455351966,0.1830497514392004,0.2311452824318917,0.0691574429074903,0.1261412555784448
fish01,67.49,1961,98.05,20.0,20.54368629743752,3.026575887761018,36.67897364611983,41.45658686005493,3167,457.0672036071777,782.1173109814855,20.80835491677989,3.7047248508619215,47.14461247637051,44.34499613098476,0.2646686193423697,0.9914870379850704,0.2931347624306447,0.7767257954665941,0.2248155203559927,0.1207235456749343,within,0.0127193437636408,0.1830497514392004,0.2219901337718322,0.0651349537250639,0.1207235456749343
fish01,67.49,1962,98.1,20.0,20.55939506762245,3.026575887761018,36.85078193122104,41.576385427773126,3198,457.13328001543215,782.8150475459902,20.80835491677989,3.7047248508619215,47.14461247637051,44.34499613098476,0.2489598491574405,0.9914870379850704,0.2931347624306447,0.7767257954665941,0.2248155203559927,0.1189483653704857,within,0.011964417665554,0.1830497514392004,0.2183458512954978,0.0624334410816906,0.1189483653704857
fish01,67.49,1963,98.15,20.0,20.55939506762245,3.026575887761018,36.934590850782605,41.61195408744343,3206,457.0970863507118,782.943320027103,20.80835491677989,3.7047248508619215,47.14461247637051,44.34499613098476,0.2489598491574405,0.9914870379850704,0.2931347624306447,0.7767257954665941,0.2248155203559927,0.1183034182812851,within,0.011964417665554,0.1830497514392004,0.2165681525265543,0.0616313514938317,0.1183034182812851
fish01,67.49,1969,98.45,20.0,20.78499504453752,2.9068788554641,37.00163798643187,41.98676977781402,3166,457.1072039326986,782.0773047965898,20.80835491677989,3.7047248508619215,47.14461247637051,44.34499613098476,0.0233598722423735,0.9914870379850704,0.2931347624306447,0.7767257954665941,0.2248155203559927,0.121201685328358,within,0.0011226198484115,0.2153590421734556,0.2151459935113993,0.0531790857801654,0.121201685328358
fish01,67.49,1970,98.5,20.0,20.59226946974334,2.9068788554641,37.37458767848084,41.953744728639705,3212,457.0367395313216,782.9189172181294,20.80835491677989,3.7047248508619215,47.14461247637051,44.34499613098476,0.2160854470365514,0.9914870379850704,0.2931347624306447,0.7767257954665941,0.2248155203559927,0.121725661027439,within,0.0103845521618962,0.2153590421734556,0.2072352339896002,0.0539238157848037,0.1217256610274389
fish01,67.49,1971,98.55,20.0,20.76869557509864,2.9615289587396942,37.77268004639828,42.16197097783772,3226,453.3376466242284,779.4996289985363,20.80835491677989,3.7047248508619215,47.14461247637051,44.34499613098476,0.0396593416812578,0.9914870379850704,0.2931347624306447,0.7767257954665941,0.2248155203559927,0.1126332245409333,within,0.0019059335463983,0.2006075814103493,0.1987911648371182,0.0492282183698673,0.1126332245409333
fish01,67.49,1972,98.6,20.0,20.791824176062025,2.9615289587396942,38.27972400974576,42.51635872938611,3255,453.3319088269646,780.0787284408558,20.80835491677989,3.7047248508619215,47.14461247637051,44.34499613098476,0.0165307407178652,0.9914870379850704,0.2931347624306447,0.7767257954665941,0.2248155203559927,0.1076686771964059,within,0.0007944280450798,0.2006075814103493,0.1880360872850094,0.0412366120451849,0.1076686771964059
fish01,67.49,1973,98.65,20.0,20.80835491677989,2.997612021756635,38.480865416693526,42.67496321909022,3284,453.373571177824,780.696764489632,20.80835491677989,3.7047248508619215,47.14461247637051,44.34499613098476,0.0,0.9914870379850704,0.2931347624306447,0.7767257954665941,0.2248155203559927,0.1030743645102436,within,0.0,0.1908678397373487,0.1837696102395447,0.0376600080640812,0.1030743645102437
fish01,67.49,1974,98.7,20.0,20.80835491677989,3.0404105425244867,38.83705332483018,42.732355327051486,3309,453.3826466242284,781.163502696453,20.80835491677989,3.7047248508619215,47.14461247637051,44.34499613098476,0.0,0.9914870379850704,0.2931347624306447,0.7767257954665941,0.2248155203559927,0.0979739011059171,within,0.0,0.1793154242434168,0.1762143904715345,0.0363657897087173,0.0979739011059171
fish01,67.49,1975,98.75,20.0,20.820033379835607,3.0934806650959543,39.31057372035304,42.89521492372839,3305,453.3966352795069,781.1018858829815,20.80835491677989,3.7047248508619215,47.14461247637051,44.34499613098476,0.0116784630557162,0.9914870379850704,0.2931347624306447,0.7767257954665941,0.2248155203559927,0.0911038258399055,within,0.0005612391321862,0.1649904406865083,0.166170392427003,0.0326932311139244,0.0911038258399055
fish01,67.49,1976,98.8,20.0,20.813411950542537,3.095530235583011,39.63742850664315,42.874325563425145,3332,453.3470866154989,784.9086588335566,20.80835491677989,3.7047248508619215,47.14461247637051,44.34499613098476,0.0050570337626467,0.9914870379850704,0.2931347624306447,0.7767257954665941,0.2248155203559927,0.0892704752967469,within,0.000243029003632,0.164437209186312,0.1592373672281231,0.0331642957689205,0.0892704752967469
fish01,67.49,1977,98.85,20.0,20.716855455035983,3.076739519455338,39.50752468132272,42.779516392470526,3320,453.3109885693962,784.5835243291207,20.80835491677989,3.7047248508619215,47.14461247637051,44.34499613098476,0.0914994617439077,0.9914870379850704,0.2931347624306447,0.7767257954665941,0.2248155203559927,0.0928004091983288,within,0.0043972463037009,0.1695093041148466,0.1619928003199856,0.0353022860547822,0.0928004091983288
fish01,67.49,1978,98.9,20.0,20.71096319315116,3.0743298221830284,39.76733233196358,42.83342622527629,3372,453.3209104618024,785.6437098948113,20.80835491677989,3.7047248508619215,47.14461247637051,44.34499613098476,0.097391723628732,0.9914870379850704,0.2931347624306447,0.7767257954665941,0.2248155203559927,0.0913521715414965,within,0.0046804143825034,0.1701597430460264,0.1564819341362604,0.0340865946011957,0.0913521715414964
fish01,67.49,1979,98.95,20.0,20.78981344169383,3.0424970324841327,39.855331697503225,42.84311078460144,3431,453.20919165913136,786.7154090608902,20.80835491677989,3.7047248508619215,47.14461247637051,44.34499613098476,0.0185414750860601,0.9914870379850704,0.2931347624306447,0.7767257954665941,0.2248155203559927,0.0920317100402468,within,0.0008910591519711,0.1787522272332096,0.1546153504288696,0.0338682033469368,0.0920317100402468
fish01,67.49,1980,99.0,20.0,20.16125493206513,3.079670407410863,39.67514252044585,42.56885372701132,3411,453.31073674399295,786.4523643020018,20.80835491677989,3.7047248508619215,47.14461247637051,44.34499613098476,0.6470999847147603,0.9914870379850704,0.2931347624306447,0.7767257954665941,0.2248155203559927,0.0995766239482233,within,0.0310980847502239,0.1687181824867875,0.1584374027820984,0.0400528257737835,0.0995766239482233
fish01,67.49,1981,99.05,20.0,19.98147760276284,3.083538963608808,39.2980023824188,42.564977911713925,3410,453.3811793209876,786.504864170663,20.80835491677989,3.7047248508619215,47.14461247637051,44.34499613098476,0.8268773140170502,0.9914870379850704,0.2931347624306447,0.7767257954665941,0.2248155203559927,0.1034972474636788,within,0.0397377552105406,0.1676739602155857,0.1664370472423446,0.0401402271862439,0.1034972474636787
fish01,67.49,1982,99.1,20.0,20.17149715628642,3.1958318064731834,40.24085272748643,42.86541065370017,3457,453.45836678210605,787.5060750692816,20.80835491677989,3.7047248508619215,47.14461247637051,44.34499613098476,0.63685776049347,0.9914870379850704,0.2931347624306447,0.7767257954665941,0.2248155203559927,0.0869430961502062,within,0.0306058678372458,0.1373632496001266,0.1464379360917292,0.0333653310717232,0.0869430961502062
fish01,67.49,1983,99.15,20.0,19.983444145166903,3.2527020438811283,40.86103873224204,42.95701631529369,3502,453.4924856562674,788.4225572246928,20.80835491677989,3.7047248508619215,47.14461247637051,44.34499613098476,0.8249107716129878,0.9914870379850704,0.2931347624306447,0.7767257954665941,0.2248155203559927,0.0815595780757615,within,0.0396432478642402,0.1220125178461304,0.1332829652015462,0.0312995813911292,0.0815595780757615
fish01,67.49,1984,99.2,20.0,19.98547697551717,3.309296356809725,41.58598588644957,43.258937083454015,3556,453.37909588931984,789.3702091244119,20.80835491677989,3.7047248508619215,47.14461247637051,44.34499613098476,0.8228779412627212,0.9914870379850704,0.2931347624306447,0.7767257954665941,0.2248155203559927,0.0721697051245358,within,0.0395455548770533,0.1067362651669524,0.1179058708501845,0.024491129603953,0.0721697051245358
fish01,67.49,1985,99.25,20.0,19.9008817716368,3.392135880778729,42.457598649889874,43.48158149356216,3584,453.30404382595486,789.8596557589638,20.80835491677989,3.7047248508619215,47.14461247637051,44.34499613098476,0.9074731451430936,0.9914870379850704,0.2931347624306447,0.7767257954665941,0.2248155203559927,0.0617187393475724,within,0.0436109989844176,0.0843757587045815,0.0994178036531709,0.0194703960481195,0.0617187393475724
fish01,67.49,1986,99.3,20.0,19.8268572855778,3.4798656155906524,43.4214012248479,43.67188692620294,3648,453.3241741126544,791.1694995873299,20.80835491677989,3.7047248508619215,47.14461247637051,44.34499613098476,0.9814976312020888,0.9914870379850704,0.2931347624306447,0.7767257954665941,0.2248155203559927,0.0505042219708895,within,0.0471684395584107,0.0606952592495376,0.0789742678103194,0.0151789212652903,0.0505042219708895
fish01,67.49,1987,99.35,20.0,19.82929373586717,3.640733689214632,45.11015095401348,44.03977877361285,3697,453.3932584544805,792.204892522906,20.80835491677989,3.7047248508619215,47.14461247637051,44.34499613098476,0.9790611809127155,0.9914870379850704,0.2931347624306447,0.7767257954665941,0.2248155203559927,0.0285901574778076,within,0.047051349557826,0.0172728513515387,0.0431536376161058,0.0068827913857601,0.0285901574778076
fish01,67.49,1988,99.4,20.0,19.50294639217997,3.7045858091055046,45.7638605265937,44.02563539178696,3715,453.3823077543282,792.5018389581703,20.80835491677989,3.7047248508619215,47.14461247637051,44.34499613098476,1.3054085245999154,0.9914870379850704,0.2931347624306447,0.7767257954665941,0.2248155203559927,0.024815418813894,within,0.0627348259783494,3.753092659081855e-05,0.0292875872183456,0.0072017311322901,0.024815418813894
fish01,67.49,1989,99.45,20.0,19.45234659324408,3.792979662617332,46.83242425100367,44.2844300385588,3730,453.2606063654392,792.6829435588646,20.80835491677989,3.7047248508619215,47.14461247637051,44.34499613098476,1.3560083235358142,0.9914870379850704,0.2931347624306447,0.7767257954665941,0.2248155203559927,0.0242441210207582,within,0.0651665318550638,0.0238222311529768,0.0066219279143149,0.0013657931606772,0.0242441210207582
fish01,67.49,1997,99.85,20.0,19.39867987199713,3.764587940486402,45.198150319553136,43.14014851211597,3769,457.0087585412296,790.7212162232563,20.80835491677989,3.7047248508619215,47.14461247637051,44.34499613098476,1.4096750447827553,0.9914870379850704,0.2931347624306447,0.7767257954665941,0.2248155203559927,0.038090281528086,within,0.0677456267167951,0.0161585791210792,0.0412870539087147,0.0271698663657552,0.038090281528086
fish01,67.49,3586,179.3,20.0,22.203928305806805,4.188234786280705,55.23426843705076,50.10671729629623,2369,461.1668574191624,778.5497933786604,20.80835491677989,3.7047248508619215,47.14461247637051,44.34499613098476,1.3955733890269144,0.9914870379850704,0.2931347624306447,0.7767257954665941,0.2248155203559927,0.1247753655717351,within,0.0670679347122016,0.1305116992173636,0.1715923736722809,0.1299294546850944,0.1247753655717351
fish01,67.49,3587,179.35,20.0,22.010850668364995,4.188234786280705,55.276172896831554,50.00322346153891,2359,461.2386108913846,778.4196262779659,20.80835491677989,3.7047248508619215,47.14461247637051,44.34499613098476,1.2024957515851042,0.9914870379850704,0.2931347624306447,0.7767257954665941,0.2248155203559927,0.122094406656924,within,0.057789083106008,0.1305116992173636,0.1724812230567529,0.1275956212475713,0.122094406656924
fish01,67.49,3588,179.4,20.0,21.817773030923195,4.188234786280705,55.17979263933575,49.838287593340674,2331,461.2888279052736,777.913437041855,20.80835491677989,3.7047248508619215,47.14461247637051,44.34499613098476,1.0094181141433047,0.9914870379850704,0.2931347624306447,0.7767257954665941,0.2248155203559927,0.1183337604918528,within,0.0485102314998149,0.1305116992173636,0.1704368694724678,0.1238762417777648,0.1183337604918528
fish01,67.49,3589,179.45,20.0,21.817773030923195,4.188234786280705,55.23007799107271,49.824878087988886,2323,461.307899085829,777.7731332224105,20.80835491677989,3.7047248508619215,47.14461247637051,44.34499613098476,1.0094181141433047,0.9914870379850704,0.2931347624306447,0.7767257954665941,0.2248155203559927,0.1185248176833262,within,0.0485102314998149,0.1305116992173636,0.1715034887338344,0.123573851282292,0.1185248176833262
fish01,67.49,4777,238.85,20.0,22.26864154502231,3.3249707240055337,47.74175102824668,45.07358341164628,4777,452.3315832978989,818.3464267344157,20.80835491677989,3.7047248508619215,47.14461247637051,44.34499613098476,1.460286628242418,0.9914870379850704,0.2931347624306447,0.7767257954665941,0.2248155203559927,0.0504448331264199,within,0.0701778989296669,0.1025053525278769,0.0126661037287232,0.0164299773194126,0.0504448331264199
fish01,67.49,4778,238.9,20.0,22.271804216588983,3.3968762546978075,48.74326761700741,45.37235972023831,4821,452.3249426728989,819.2262639364877,20.80835491677989,3.7047248508619215,47.14461247637051,44.34499613098476,1.4634492998090955,0.9914870379850704,0.2931347624306447,0.7767257954665941,0.2248155203559927,0.0526258060112772,within,0.0703298893959639,0.0830962105303155,0.0339096040175994,0.0231675201012297,0.0526258060112771
fish01,67.49,4779,238.95,20.0,22.30072343791969,3.4323800490307943,48.848028766459365,45.36213000064027,4839,452.4346605465735,819.6988594143289,20.80835491677989,3.7047248508619215,47.14461247637051,44.34499613098476,1.4923685211397952,0.9914870379850704,0.2931347624306447,0.7767257954665941,0.2248155203559927,0.051075267332617,within,0.0717196783267258,0.0735128282921645,0.0361317274787787,0.022936835232799,0.051075267332617
fish01,67.49,4780,239.0,20.0,22.2961186352567,3.4395951071300725,49.07431284927561,45.32911408693193,4837,452.4753550561223,819.7024770613307,20.80835491677989,3.7047248508619215,47.14461247637051,44.34499613098476,1.4877637184768098,0.9914870379850704,0.2931347624306447,0.7767257954665941,0.2248155203559927,0.0515468768557907,within,0.0714983824731418,0.0715652995579861,0.0409315141549267,0.0221923112371081,0.0515468768557907
fish01,67.49,4781,239.05,20.0,21.59750260488296,3.437523514501472,48.46669818245424,44.94369462343182,4711,452.482581610616,821.0943814088504,20.80835491677989,3.7047248508619215,47.14461247637051,44.34499613098476,0.7891476881030677,0.9914870379850704,0.2931347624306447,0.7767257954665941,0.2248155203559927,0.0378982895659629,within,0.0379245592099497,0.0721244753974869,0.0280431980800854,0.0135009255763297,0.0378982895659629
fish01,67.49,4782,239.1,20.0,21.43307019859421,3.46095464129788,48.86479055037167,44.84586434851599,4712,452.438145862702,821.0660751431315,20.80835491677989,3.7047248508619215,47.14461247637051,44.34499613098476,0.6247152818143213,0.9914870379850704,0.2931347624306447,0.7767257954665941,0.2248155203559927,0.0359010548487365,within,0.0300223292188536,0.0657998149329031,0.0364872672325673,0.0112948080106215,0.0359010548487364
fish01,67.49,4783,239.15,20.0,21.42018087572117,3.488333129014425,49.27126381024529,45.04320239158318,4758,452.3780026255666,821.7064136768292,20.80835491677989,3.7047248508619215,47.14461247637051,44.34499613098476,0.611825958941278,0.9914870379850704,0.2931347624306447,0.7767257954665941,0.2248155203559927,0.0371666343697749,within,0.0294028990464739,0.0584096607868603,0.0451091062619441,0.0157448713838215,0.0371666343697749
fish01,67.49,4784,239.2,20.0,21.5981198193154,3.525898152615285,49.75735554370237,45.13505063465972,4770,452.4314053710936,822.0118997556897,20.80835491677989,3.7047248508619215,47.14461247637051,44.34499613098476,0.7897649025355022,0.9914870379850704,0.2931347624306447,0.7767257954665941,0.2248155203559927,0.0398649929053704,within,0.0379542210662044,0.0482699000453519,0.0554197591218168,0.0178160913881088,0.0398649929053705
fish01,67.49,4785,239.25,20.0,21.41736584760569,3.6317274969364175,50.08840077597055,45.06653497952244,4797,452.5972083467272,822.7258960948413,20.80835491677989,3.7047248508619215,47.14461247637051,44.34499613098476,0.6090109308258072,0.9914870379850704,0.2931347624306447,0.7767257954665941,0.2248155203559927,0.031921042428579,within,0.029267615496826,0.0197038530158375,0.0624416692591439,0.0162710319425086,0.031921042428579
fish01,67.49,4786,239.3,20.0,21.443042851834274,3.6740268491626,50.40687467030451,45.40432838059763,4873,452.57747744394953,824.2225779524805,20.80835491677989,3.7047248508619215,47.14461247637051,44.34499613098476,0.6346879350543837,0.9914870379850704,0.2931347624306447,0.7767257954665941,0.2248155203559927,0.0329682799266128,within,0.0305015911922268,0.0082861758794798,0.0691969245811297,0.0238884280536151,0.0329682799266129
fish01,67.49,4787,239.35,20.0,21.46285705548745,3.759050019598064,51.81905496491692,46.03573303009703,4962,452.9804851145803,826.4039254668612,20.80835491677989,3.7047248508619215,47.14461247637051,44.34499613098476,0.6545021387075636,0.9914870379850704,0.2931347624306447,0.7767257954665941,0.2248155203559927,0.045848902144369,within,0.031453814649219,0.014663752619443,0.0991511488378296,0.0381268924709842,0.0458489021443689
fish01,67.49,4788,239.4,20.0,21.46164324953918,3.777479529423741,51.76876961317999,45.93256762517421,4989,452.97397469791366,826.9405465606112,20.80835491677989,3.7047248508619215,47.14461247637051,44.34499613098476,0.6532883327592884,0.9914870379850704,0.2931347624306447,0.7767257954665941,0.2248155203559927,0.0462297064015284,within,0.0313954820249858,0.0196383487278124,0.0980845295764636,0.0358004652768517,0.0462297064015284
fish01,67.49,4789,239.45,20.0,21.441848195737123,3.7996433035646096,52.44762186162867,46.029376622929,5016,452.8103071718382,827.32365313538,20.80835491677989,3.7047248508619215,47.14461247637051,44.34499613098476,0.6334932789572321,0.9914870379850704,0.2931347624306447,0.7767257954665941,0.2248155203559927,0.0516331348341384,within,0.0304441788642494,0.0256209182931911,0.1124838896049064,0.0379835525742064,0.0516331348341383
fish01,67.49,4790,239.5,20.0,21.441848195737123,3.782788592762697,51.56343776025413,45.94998057418268,5056,452.97188703294927,828.2767824756576,20.80835491677989,3.7047248508619215,47.14461247637051,44.34499613098476,0.6334932789572321,0.9914870379850704,0.2931347624306447,0.7767257954665941,0.2248155203559927,0.045359470610642,within,0.0304441788642494,0.0210714007229481,0.0937291675925513,0.036193135262819,0.045359470610642
fish01,67.49,4791,239.55,20.0,21.441848195737123,3.782788592762697,51.324582339503664,46.02918252556288,5024,453.0934668940602,827.7601071284353,20.80835491677989,3.7047248508619215,47.14461247637051,44.34499613098476,0.6334932789572321,0.9914870379850704,0.2931347624306447,0.7767257954665941,0.2248155203559927,0.044539370319461,within,0.0304441788642494,0.0210714007229481,0.088662726101062,0.0379791755895846,0.044539370319461
fish01,67.49,4792,239.6,20.0,21.449307799283307,3.786004689041554,51.06058424288474,46.14467217465939,4992,452.9365137517293,826.9628381848547,20.80835491677989,3.7047248508619215,47.14461247637051,44.34499613098476,0.6409528825034165,0.9914870379850704,0.2931347624306447,0.7767257954665941,0.2248155203559927,0.0440971680363994,within,0.0308026696520132,0.021939507372787,0.0830629749788899,0.0405835201419075,0.0440971680363994
fish01,67.49,4793,239.65,20.0,21.46256244239321,3.8532685136450016,51.00191799919165,46.03207921913715,4982,453.23611444617376,827.0611433063824,20.80835491677989,3.7047248508619215,47.14461247637051,44.34499613098476,0.6542075256133195,0.9914870379850704,0.2931347624306447,0.7767257954665941,0.2248155203559927,0.0478496184028348,within,0.0314396562452789,0.0400957341672811,0.0818185858406295,0.0380444973581493,0.0478496184028347
fish01,67.49,4794,239.7,20.0,21.269060562095707,3.891677719338393,51.19886896016133,45.415984609464815,4924,453.3004894461738,825.9632103418987,20.80835491677989,3.7047248508619215,47.14461247637051,44.34499613098476,0.4607056453158158,0.9914870379850704,0.2931347624306447,0.7767257954665941,0.2248155203559927,0.0456878092735367,within,0.0221404165374121,0.0504633612488052,0.0859961779476469,0.0241512813602825,0.0456878092735367
fish01,67.49,4795,239.75,20.0,21.217185088461743,3.990716039736649,51.53410463840759,45.233116125477366,4908,453.2058409646871,825.549108735412,20.80835491677989,3.7047248508619215,47.14461247637051,44.34499613098476,0.4088301716818527,0.9914870379850704,0.2931347624306447,0.7767257954665941,0.2248155203559927,0.0524945570475026,within,0.0196474047716367,0.0771963372146761,0.0931069730234212,0.0200275131802764,0.0524945570475026
fish01,67.49,4796,239.8,20.0,21.500122665778004,3.930300237540077,52.01181547990853,45.73045051772366,4980,456.2763270579396,830.0538819683768,20.80835491677989,3.7047248508619215,47.14461247637051,44.34499613098476,0.6917677489981138,0.9914870379850704,0.2931347624306447,0.7767257954665941,0.2248155203559927,0.0571539414531698,within,0.0332447111636043,0.0608885668326148,0.1032398560063999,0.0312426318100601,0.0571539414531698
fish01,67.49,4797,239.85,20.0,19.398942077651007,3.915778578321765,49.765736435658525,43.239497419698544,4791,468.680815010052,837.6727483840754,20.80835491677989,3.7047248508619215,47.14461247637051,44.34499613098476,1.4094128391288834,0.9914870379850704,0.2931347624306447,0.7767257954665941,0.2248155203559927,0.0513072143086505,within,0.0677330257372883,0.0569687995616573,0.0555975289987112,0.0249295029369453,0.0513072143086505
fish01,67.49,4801,240.05,20.0,19.39763546857805,3.964096452289987,48.53793576408158,43.11266593763432,4889,468.0642091905382,840.9177115749783,20.80835491677989,3.7047248508619215,47.14461247637051,44.34499613098476,1.410719448201842,0.9914870379850704,0.2931347624306447,0.7767257954665941,0.2248155203559927,0.0487876752449921,within,0.0677958182587627,0.0700110296633018,0.0295542420336877,0.0277896110242162,0.0487876752449921
fish01,67.49,4802,240.1,20.0,19.41376406242228,4.033286566568513,49.00307526764825,43.37894807310317,4885,468.11740799950496,839.1078830401951,20.80835491677989,3.7047248508619215,47.14461247637051,44.34499613098476,1.3945908543576166,0.9914870379850704,0.2931347624306447,0.7767257954665941,0.2248155203559927,0.0542283061746138,within,0.067020716435061,0.088687211313453,0.0394204702013241,0.0217848267486169,0.0542283061746137
fish01,67.49,4803,240.15,20.0,19.439336479002392,4.155609199486215,50.48230269790992,43.97459168181806,4988,467.99778126339385,841.0548253145006,20.80835491677989,3.7047248508619215,47.14461247637051,44.34499613098476,1.3690184377774983,0.9914870379850704,0.2931347624306447,0.7767257954665941,0.2248155203559927,0.066661657365727,within,0.0657917669730594,0.1217052188152092,0.070796853473179,0.0083527902014606,0.0666616573657271
fish01,67.49,4804,240.2,20.0,19.53025849908159,4.243732310199057,51.83581674882924,44.344943704851744,5091,467.8913616886092,843.011179177216,20.80835491677989,3.7047248508619215,47.14461247637051,44.34499613098476,1.2780964176983003,0.9914870379850704,0.2931347624306447,0.7767257954665941,0.2248155203559927,0.0766055106135181,within,0.061422271141081,0.1454919004880303,0.0995066885916183,1.182233342904836e-06,0.0766055106135181
fish01,67.49,4805,240.25,20.0,20.14452090831224,4.184600269312506,51.34553456939406,43.887809725035545,5052,467.7677983484148,842.1163007328549,20.80835491677989,3.7047248508619215,47.14461247637051,44.34499613098476,0.6638340084676493,0.9914870379850704,0.2931347624306447,0.7767257954665941,0.2248155203559927,0.0652124615336003,within,0.0319022820940223,0.1295306501207341,0.0891071507932981,0.0103097631263467,0.0652124615336003
fish01,67.49,4806,240.3,20.0,19.50433254678838,4.411498711710105,52.15429064316319,44.29840680092699,5030,467.6156413296168,841.5273924119737,20.80835491677989,3.7047248508619215,47.14461247637051,44.34499613098476,1.304022369991511,0.9914870379850704,0.2931347624306447,0.7767257954665941,0.2248155203559927,0.090189277223768,within,0.062668210687811,0.1907763435343246,0.106261943913604,0.0010506107593324,0.090189277223768
fish01,67.49,4807,240.35,20.0,19.3521133263214,4.470993038415394,54.56798752653632,45.27338504496347,5189,467.68630971468696,844.7826897032937,20.80835491677989,3.7047248508619215,47.14461247637051,44.34499613098476,1.456241590458493,0.9914870379850704,0.2931347624306447,0.7767257954665941,0.2248155203559927,0.1138035380990761,within,0.0699835040435692,0.2068353841109676,0.1574596684591797,0.0209355957825875,0.113803538099076
fish01,67.49,4808,240.4,20.0,19.82895935000521,4.503444607111014,56.00531049701719,45.79545960201413,5280,467.86048071272114,846.7846894743074,20.80835491677989,3.7047248508619215,47.14461247637051,44.34499613098476,0.9793955667746808,0.9914870379850704,0.2931347624306447,0.7767257954665941,0.2248155203559927,0.1208295326862022,within,0.0470674193462979,0.215594892577047,0.1879472023465624,0.0327086164749013,0.1208295326862022
fish01,67.49,4819,240.95,20.0,20.764322043714625,4.601485454039322,56.55006847416738,45.77026470196017,5456,466.6086142834134,849.0738321595828,20.80835491677989,3.7047248508619215,47.14461247637051,44.34499613098476,0.0440328730652659,0.9914870379850704,0.2931347624306447,0.7767257954665941,0.2248155203559927,0.118954361065161,within,0.0021161150528895,0.2420586249391138,0.1995022443446959,0.032140459923945,0.118954361065161
fish01,67.49,4820,241.0,20.0,20.76908888357945,4.599103176492269,57.15349269501066,45.949993213663,5482,466.4997164779665,849.4884499791359,20.80835491677989,3.7047248508619215,47.14461247637051,44.34499613098476,0.0392660332004446,0.9914870379850704,0.2931347624306447,0.7767257954665941,0.2248155203559927,0.122949428785068,within,0.0018870320771382,0.2414155872931471,0.2123016754810898,0.0361934202888969,0.122949428785068
fish01,67.49,4821,241.05,20.0,20.63980823863007,4.607134781055474,56.99425574784369,46.08481055895452,5432,466.57803678016194,848.572828188955,20.80835491677989,3.7047248508619215,47.14461247637051,44.34499613098476,0.1685466781498199,0.9914870379850704,0.2931347624306447,0.7767257954665941,0.2248155203559927,0.1249602839952205,within,0.0080999521021195,0.243583522804292,0.208924047820097,0.0392336132543738,0.1249602839952206
fish01,67.49,4985,249.25,20.0,22.004796369278345,3.125566925325958,46.39242742330545,45.95045263285013,3577,462.3633502818167,805.9618723527649,20.80835491677989,3.7047248508619215,47.14461247637051,44.34499613098476,1.1964414524984512,0.9914870379850704,0.2931347624306447,0.7767257954665941,0.2248155203559927,0.0664965732695135,within,0.0574981279050388,0.1563295383194839,0.0159548464512687,0.0362037804022628,0.0664965732695136
fish01,67.49,4986,249.3,20.0,22.00860129739047,2.9348374754779925,44.39777513774016,45.70885175541386,3586,462.34395345502304,806.1186734426379,20.80835491677989,3.7047248508619215,47.14461247637051,44.34499613098476,1.2002463806105794,0.9914870379850704,0.2931347624306447,0.7767257954665941,0.2248155203559927,0.088628231534936,within,0.0576809836919255,0.207812295481218,0.0582640771521263,0.0307555698144744,0.088628231534936
fish01,67.49,4987,249.35,20.0,22.02387993245781,2.85286588296985,43.47587702256291,45.5501821911576,3566,462.2867573362563,805.6898627405379,20.80835491677989,3.7047248508619215,47.14461247637051,44.34499613098476,1.215525015677919,0.9914870379850704,0.2931347624306447,0.7767257954665941,0.2248155203559927,0.09833750638618,within,0.0584152385202598,0.2299385250415783,0.0778187636105062,0.0271774983723756,0.09833750638618
fish01,67.49,4988,249.4,20.0,22.13873042805126,2.7485245445263944,42.58331202923223,45.16998762423356,3560,462.2093395977256,805.4778681790906,20.80835491677989,3.7047248508619215,47.14461247637051,44.34499613098476,1.3303755112713702,0.9914870379850704,0.2931347624306447,0.7767257954665941,0.2248155203559927,0.1093481982921942,within,0.0639346799202542,0.2581029212231679,0.0967512554997554,0.0186039365255996,0.1093481982921942
fish10,17.7,8497,424.85,20.0,20.058659329765284,4.850535999644887,62.91878251623995,46.51254296868704,1285,426.7317474702623,698.3839869060517,20.44814786044034,4.850535999644887,63.7290805785124,46.71214876391671,0.3894885306750559,1.0000454602739153,0.5534935197921154,0.9249995515852448,0.4545876017944917,0.0090088629007109,within,0.0190476190476191,0.0,0.0127147301501421,0.0042731024050825,0.0090088629007109
fish10,17.7,8498,424.9,20.0,20.058659329765284,4.850535999644887,62.91878251623995,46.51254296868704,1285,426.4001242063735,698.3158336942462,20.44814786044034,4.850535999644887,63.7290805785124,46.71214876391671,0.3894885306750559,1.0000454602739153,0.5534935197921154,0.9249995515852448,0.4545876017944917,0.0090088629007109,within,0.0190476190476191,0.0,0.0127147301501421,0.0042731024050825,0.0090088629007109
fish10,17.7,8499,424.95,20.0,20.44814786044034,4.850535999644887,64.27215268407798,47.0559836670693,1306,425.9233489305285,698.2590584184012,20.44814786044034,4.850535999644887,63.7290805785124,46.71214876391671,0.0,1.0000454602739153,0.5534935197921154,0.9249995515852448,0.4545876017944917,0.0039705728422452,within,0.0,0.0,0.0085215744623293,0.0073607169066516,0.0039705728422452
fish10,17.7,8500,425.0,20.0,20.44814786044034,4.850535999644887,64.27215268407798,47.0559836670693,1313,425.4815955041201,697.9573049919928,20.44814786044034,4.850535999644887,63.7290805785124,46.71214876391671,0.0,1.0000454602739153,0.5534935197921154,0.9249995515852448,0.4545876017944917,0.0039705728422452,within,0.0,0.0,0.0085215744623293,0.0073607169066516,0.0039705728422452
fish10,17.7,8501,425.05,20.0,20.25340359510281,4.850535999644887,63.26359020231335,46.702818850937575,1302,425.1531710363129,697.4088805241856,20.44814786044034,4.850535999644887,63.7290805785124,46.71214876391671,0.1947442653375297,1.0000454602739153,0.5534935197921154,0.9249995515852448,0.4545876017944917,0.0042569370625953,within,0.0095238095238096,0.0,0.0073042066819962,0.0001997320445755,0.0042569370625953
fish10,17.7,8502,425.1,20.0,20.25340359510281,4.850535999644887,63.26359020231335,46.702818850937575,1302,424.9350199946462,697.1907294825189,20.44814786044034,4.850535999644887,63.7290805785124,46.71214876391671,0.1947442653375297,1.0000454602739153,0.5534935197921154,0.9249995515852448,0.4545876017944917,0.0042569370625953,within,0.0095238095238096,0.0,0.0073042066819962,0.0001997320445755,0.0042569370625953
fish10,17.7,8503,425.15,20.0,20.25340359510281,4.850535999644887,63.26359020231335,46.702818850937575,1301,424.7963744434311,697.0320839313038,20.44814786044034,4.850535999644887,63.7290805785124,46.71214876391671,0.1947442653375297,1.0000454602739153,0.5534935197921154,0.9249995515852448,0.4545876017944917,0.0042569370625953,within,0.0095238095238096,0.0,0.0073042066819962,0.0001997320445755,0.0042569370625953
fish10,17.7,8504,425.2,20.0,20.44814786044034,4.850535999644887,63.58253731193121,46.82869362438337,1308,424.5029630057441,696.8786724936167,20.44814786044034,4.850535999644887,63.7290805785124,46.71214876391671,0.0,1.0000454602739153,0.5534935197921154,0.9249995515852448,0.4545876017944917,0.0011986076784905,within,0.0,0.0,0.0022994724739619,0.0024949582400004,0.0011986076784905
fish10,17.7,8505,425.25,20.0,20.44814786044034,4.850535999644887,63.49633539041288,46.667651812338285,1343,424.4368432549183,697.5125527427911,20.44814786044034,4.850535999644887,63.7290805785124,46.71214876391671,0.0,1.0000454602739153,0.5534935197921154,0.9249995515852448,0.4545876017944917,0.0011511702621057,within,0.0,0.0,0.003652103340998,0.0009525777074249,0.0011511702621057
fish10,17.7,8506,425.3,20.0,20.44814786044034,4.850535999644887,63.7290805785124,46.71036856631799,1351,424.28174327226816,697.5174527601408,20.44814786044034,4.850535999644887,63.7290805785124,46.71214876391671,0.0,1.0000454602739153,0.5534935197921154,0.9249995515852448,0.4545876017944917,9.527487205292385e-06,within,0.0,0.0,0.0,3.810994882116954e-05,9.527487205292385e-06
fish10,17.7,8507,425.35,20.0,20.44814786044034,4.850535999644887,63.7290805785124,46.71036856631799,1373,424.055727647268,695.2549136976409,20.44814786044034,4.850535999644887,63.7290805785124,46.71214876391671,0.0,1.0000454602739153,0.5534935197921154,0.9249995515852448,0.4545876017944917,9.527487205292385e-06,within,0.0,0.0,0.0,3.810994882116954e-05,9.527487205292385e-06
fish10,17.7,8508,425.4,20.0,20.44814786044034,4.850535999644887,63.7290805785124,46.71036856631799,1375,424.00716426849374,695.176864641783,20.44814786044034,4.850535999644887,63.7290805785124,46.71214876391671,0.0,1.0000454602739153,0.5534935197921154,0.9249995515852448,0.4545876017944917,9.527487205292385e-06,within,0.0,0.0,0.0,3.810994882116954e-05,9.527487205292385e-06
fish10,17.7,8509,425.45,20.0,20.44814786044034,4.850535999644887,63.73770077066423,46.71392896151542,1361,423.8292736434936,694.6600221938663,20.44814786044034,4.850535999644887,63.7290805785124,46.71214876391671,0.0,1.0000454602739153,0.5534935197921154,0.9249995515852448,0.4545876017944917,4.334325888115016e-05,within,0.0,0.0,0.0001352630867035,3.810994882101743e-05,4.334325888115016e-05
fish10,17.7,8511,425.55,20.0,20.44814786044034,4.958325688525884,65.03934978559124,46.86728074598148,1421,423.5966435198559,695.6383230598118,20.44814786044034,4.850535999644887,63.7290805785124,46.71214876391671,0.0,1.0000454602739153,0.5534935197921154,0.9249995515852448,0.4545876017944917,0.0115258078598032,within,0.0,0.0222222222222221,0.020559989178953,0.0033210200380378,0.0115258078598032
fish10,17.7,8512,425.6,20.0,20.642892125777863,4.958325688525884,65.22037382077977,47.048459033514426,1435,423.53895691905086,695.8603109381736,20.44814786044034,4.850535999644887,63.7290805785124,46.71214876391671,0.1947442653375262,1.0000454602739153,0.5534935197921154,0.9249995515852448,0.4545876017944917,0.0155865443752584,within,0.0095238095238093,0.0222222222222221,0.0234005139997294,0.0071996317552727,0.0155865443752584
fish10,17.7,8513,425.65,20.0,20.642892125777863,5.066115377406881,66.21169591824074,47.19616693480518,1475,423.49979893293977,696.7448834208125,20.44814786044034,4.850535999644887,63.7290805785124,46.71214876391671,0.1947442653375262,1.0000454602739153,0.5534935197921154,0.9249995515852448,0.4545876017944917,0.0258214355463291,within,0.0095238095238093,0.0444444444444442,0.0389557689706479,0.0103617192464148,0.025821435546329
fish10,17.7,8516,425.8,20.0,20.642892125777863,5.066115377406881,67.09957570987969,47.85098908419906,1513,421.1446643739865,695.1373172187227,20.44814786044034,4.850535999644887,63.7290805785124,46.71214876391671,0.1947442653375262,1.0000454602739153,0.5534935197921154,0.9249995515852448,0.4545876017944917,0.0328090202275342,within,0.0095238095238093,0.0444444444444442,0.0528878669011226,0.0243799600407604,0.0328090202275341
fish10,17.7,8517,425.85,20.0,20.642892125777863,5.066115377406881,67.09957570987969,47.85098908419906,1519,421.233140884211,695.3458555753731,20.44814786044034,4.850535999644887,63.7290805785124,46.71214876391671,0.1947442653375262,1.0000454602739153,0.5534935197921154,0.9249995515852448,0.4545876017944917,0.0328090202275342,within,0.0095238095238093,0.0444444444444442,0.0528878669011226,0.0243799600407604,0.0328090202275341
fish10,17.7,8518,425.9,20.0,20.642892125777863,5.066115377406881,67.09957570987969,47.85098908419906,1544,421.05964699207817,695.6722184540736,20.44814786044034,4.850535999644887,63.7290805785124,46.71214876391671,0.1947442653375262,1.0000454602739153,0.5534935197921154,0.9249995515852448,0.4545876017944917,0.0328090202275342,within,0.0095238095238093,0.0444444444444442,0.0528878669011226,0.0243799600407604,0.0328090202275341
fish10,17.7,8519,425.95,20.0,20.966970641062755,5.092525791976074,67.90125358000029,47.90156469564845,1539,420.9835749330121,695.4959120348846,20.44814786044034,4.850535999644887,63.7290805785124,46.71214876391671,0.5188227806224148,1.0000454602739153,0.5534935197921154,0.9249995515852448,0.4545876017944917,0.0415479739969899,within,0.0253726050967259,0.0498892890082464,0.0654673339645609,0.0254626679184264,0.0415479739969899
fish10,17.7,8520,426.0,20.0,20.93256887165644,5.092525791976074,68.38398434050302,47.87593566543092,1623,421.0024334083652,697.1945491608608,20.44814786044034,4.850535999644887,63.7290805785124,46.71214876391671,0.4844210112160958,1.0000454602739153,0.5534935197921154,0.9249995515852448,0.4545876017944917,0.042883894896258,within,0.023690214611235,0.0498892890082464,0.0730420668199647,0.0249140091455864,0.0428838948962581
fish11,13.0,5997,299.85,20.0,23.12802718398494,2.66455949432554,37.08552628533031,53.30190574751189,5956,444.4977529558912,816.5601487033938,26.712832980685764,2.130735185411241,38.62075617283951,55.5714596774843,3.584805796700824,0.9798215296459196,0.1361832555569262,0.7547075664571832,0.1136621013158029,0.1163312137814717,fill,0.1341978890555245,0.2505352671553451,0.0397514196935603,0.0408402792214572,0.1163312137814717
fish11,13.0,5998,299.9,20.0,22.950842535948297,2.676794281868084,36.86000060104661,53.13300672697905,5892,443.5186383418141,815.1356109122335,26.712832980685764,2.130735185411241,38.62075617283951,55.5714596774843,3.7619904447374672,0.9798215296459196,0.1361832555569262,0.7547075664571832,0.1136621013158029,0.1216446631487446,fill,0.1408308301653182,0.2562773169540781,0.0455909139612128,0.0438795915143692,0.1216446631487446
fish11,13.0,6047,302.35,20.0,24.23235563247923,2.390580939729685,35.78616729698019,52.9194418679889,6238,434.2732223985272,810.7740621446209,26.712832980685764,2.130735185411241,38.62075617283951,55.5714596774843,2.4804773482065343,0.9798215296459196,0.1361832555569262,0.7547075664571832,0.1136621013158029,0.0839816248961197,fill,0.0928571428571428,0.1219512195121951,0.0733954784099432,0.0477226588051979,0.0839816248961197
fish11,13.0,6048,302.4,20.0,24.42316158234127,2.390580939729685,36.00134776638849,52.958288191061925,6289,433.6461390107897,811.9791011527167,26.712832980685764,2.130735185411241,38.62075617283951,55.5714596774843,2.2896713983444954,0.9798215296459196,0.1361832555569262,0.7547075664571832,0.1136621013158029,0.0806282452958725,fill,0.0857142857142857,0.1219512195121951,0.067823850851816,0.047023625105193,0.0806282452958725
fish11,13.0,6049,302.45,20.0,26.712832980685764,2.390580939729685,37.49933488034627,54.35615932157842,6415,433.468851531681,814.321813673608,26.712832980685764,2.130735185411241,38.62075617283951,55.5714596774843,0.0,0.9798215296459196,0.1361832555569262,0.7547075664571832,0.1136621013158029,0.0432142791647336,within,0.0,0.1219512195121951,0.0290367513125467,0.021869145834193,0.0432142791647337
fish11,13.0,6050,302.5,20.0,27.09444488040985,2.390580939729685,38.01245753816605,54.734560604115146,6444,432.8591641155479,814.2919895387249,26.712832980685764,2.130735185411241,38.62075617283951,55.5714596774843,0.3816118997240814,0.9798215296459196,0.1361832555569262,0.7547075664571832,0.1136621013158029,0.0417618420964738,within,0.0142857142857143,0.1219512195121951,0.0157505625200899,0.0150598720678959,0.0417618420964738
fish11,13.0,6051,302.55,20.0,27.09444488040985,2.390580939729685,38.10349542906957,54.77616595478832,6610,432.7445634211034,817.4973888442805,26.712832980685764,2.130735185411241,38.62075617283951,55.5714596774843,0.3816118997240814,0.9798215296459196,0.1361832555569262,0.7547075664571832,0.1136621013158029,0.0409853648395717,within,0.0142857142857143,0.1219512195121951,0.0133933354762669,0.0143111900841108,0.0409853648395718
fish11,13.0,6052,302.6,20.0,27.09444488040985,2.390580939729685,38.10349542906957,54.77616595478832,6686,432.7692943238811,819.0420090699748,26.712832980685764,2.130735185411241,38.62075617283951,55.5714596774843,0.3816118997240814,0.9798215296459196,0.1361832555569262,0.7547075664571832,0.1136621013158029,0.0409853648395717,within,0.0142857142857143,0.1219512195121951,0.0133933354762669,0.0143111900841108,0.0409853648395718
fish11,13.0,6053,302.65,20.0,27.09444488040985,2.390580939729685,38.10349542906957,54.77616595478832,6703,432.1845547957055,818.7971458438824,26.712832980685764,2.130735185411241,38.62075617283951,55.5714596774843,0.3816118997240814,0.9798215296459196,0.1361832555569262,0.7547075664571832,0.1136621013158029,0.0409853648395717,within,0.0142857142857143,0.1219512195121951,0.0133933354762669,0.0143111900841108,0.0409853648395718
fish11,13.0,6054,302.7,20.0,27.47605678013393,2.390580939729685,38.56696105548744,55.17898137510917,6720,431.91437250403897,818.8669635522159,26.712832980685764,2.130735185411241,38.62075617283951,55.5714596774843,0.7632237994481663,0.9798215296459196,0.1361832555569262,0.7547075664571832,0.1136621013158029,0.039744535644832,within,0.0285714285714286,0.1219512195121951,0.0013929068895317,0.0070625876061727,0.039744535644832
fish11,13.0,6055,302.75,20.0,27.47605678013393,2.390580939729685,38.67455129019159,55.20094555021838,6751,431.9900148925027,819.5626710448464,26.712832980685764,2.130735185411241,38.62075617283951,55.5714596774843,0.7632237994481663,0.9798215296459196,0.1361832555569262,0.7547075664571832,0.1136621013158029,0.0396457251437372,within,0.0285714285714286,0.1219512195121951,0.0013929068895317,0.0066673456017935,0.0396457251437372
fish11,13.0,6056,302.8,20.0,27.47605678013393,2.390580939729685,38.67455129019159,55.20094555021838,6782,431.9290079480583,820.121664100402,26.712832980685764,2.130735185411241,38.62075617283951,55.5714596774843,0.7632237994481663,0.9798215296459196,0.1361832555569262,0.7547075664571832,0.1136621013158029,0.0396457251437372,within,0.0285714285714286,0.1219512195121951,0.0013929068895317,0.0066673456017935,0.0396457251437372
fish11,13.0,6057,302.85,20.0,27.47605678013393,2.390580939729685,38.86490324389894,55.324651275679145,6828,431.84225880245634,820.9549149548,26.712832980685764,2.130735185411241,38.62075617283951,55.5714596774843,0.7632237994481663,0.9798215296459196,0.1361832555569262,0.7547075664571832,0.1136621013158029,0.0403213955592784,within,0.0285714285714286,0.1219512195121951,0.0063216543447982,0.004441279808692,0.0403213955592784
fish11,13.0,6058,302.9,20.0,27.47605678013393,2.390580939729685,38.86490324389894,55.324651275679145,6884,433.0735782741782,820.9597044786053,26.712832980685764,2.130735185411241,38.62075617283951,55.5714596774843,0.7632237994481663,0.9798215296459196,0.1361832555569262,0.7547075664571832,0.1136621013158029,0.0403213955592784,within,0.0285714285714286,0.1219512195121951,0.0063216543447982,0.004441279808692,0.0403213955592784
fish11,13.0,6059,302.95,20.0,27.47605678013393,2.390580939729685,38.86490324389894,55.324651275679145,6972,432.9850628096781,822.6311890141051,26.712832980685764,2.130735185411241,38.62075617283951,55.5714596774843,0.7632237994481663,0.9798215296459196,0.1361832555569262,0.7547075664571832,0.1136621013158029,0.0403213955592784,within,0.0285714285714286,0.1219512195121951,0.0063216543447982,0.004441279808692,0.0403213955592784
fish11,13.0,6060,303.0,20.0,27.47605678013393,2.390580939729685,38.86490324389894,55.324651275679145,6872,433.058986394416,820.7164667655097,26.712832980685764,2.130735185411241,38.62075617283951,55.5714596774843,0.7632237994481663,0.9798215296459196,0.1361832555569262,0.7547075664571832,0.1136621013158029,0.0403213955592784,within,0.0285714285714286,0.1219512195121951,0.0063216543447982,0.004441279808692,0.0403213955592784
fish11,13.0,6061,303.05,20.0,27.47605678013393,2.390580939729685,39.36561164386825,55.62870431591696,6894,432.87102191810135,820.9682548933617,26.712832980685764,2.130735185411241,38.62075617283951,55.5714596774843,0.7632237994481663,0.9798215296459196,0.1361832555569262,0.7547075664571832,0.1136621013158029,0.0427097899419317,within,0.0285714285714286,0.1219512195121951,0.0192864030858247,0.0010301085982785,0.0427097899419317
fish11,13.0,6062,303.1,20.0,27.47605678013393,2.390580939729685,39.38630207361904,55.738318232635,6900,432.8691469181014,821.0897587996118,26.712832980685764,2.130735185411241,38.62075617283951,55.5714596774843,0.7632237994481663,0.9798215296459196,0.1361832555569262,0.7547075664571832,0.1136621013158029,0.0433368447539774,within,0.0285714285714286,0.1219512195121951,0.0198221365048752,0.0030025944274108,0.0433368447539774
fish11,13.0,6063,303.15,20.0,27.09444488040985,2.390580939729685,38.88973175959989,55.53124524772312,6952,432.7160697012254,821.9766034577358,26.712832980685764,2.130735185411241,38.62075617283951,55.5714596774843,0.3816118997240814,0.9798215296459196,0.1361832555569262,0.7547075664571832,0.1136621013158029,0.035981280204553,within,0.0142857142857143,0.1219512195121951,0.0069645344476589,0.0007236525726437,0.035981280204553
fish11,13.0,6064,303.2,20.0,27.09444488040985,2.390580939729685,39.13180978768423,55.99350959137563,6997,432.7026451280381,822.8631788845485,26.712832980685764,2.130735185411241,38.62075617283951,55.5714596774843,0.3816118997240814,0.9798215296459196,0.1361832555569262,0.7547075664571832,0.1136621013158029,0.0392660683812322,within,0.0142857142857143,0.1219512195121951,0.013232615450552,0.0075947242764675,0.0392660683812322
fish11,13.0,6065,303.25,20.0,26.712832980685764,2.390580939729685,38.90835314637561,55.83902780414601,6946,432.79069646386034,821.9313669391208,26.712832980685764,2.130735185411241,38.62075617283951,55.5714596774843,0.0,0.9798215296459196,0.1361832555569262,0.7547075664571832,0.1136621013158029,0.0335531904875503,within,0.0,0.1219512195121951,0.0074466945248045,0.0048148479132018,0.0335531904875503
fish11,13.0,6066,303.3,20.0,26.331221080961683,2.390580939729685,38.68489650506699,55.625257119314206,6892,432.5498067464194,820.6102102945964,26.712832980685764,2.130735185411241,38.62075617283951,55.5714596774843,0.3816118997240814,0.9798215296459196,0.1361832555569262,0.7547075664571832,0.1136621013158029,0.0347164460536233,within,0.0142857142857142,0.1219512195121951,0.0016607735990571,0.0009680768175269,0.0347164460536233
fish11,13.0,6067,303.35,20.0,25.9496091812376,2.390580939729685,38.49454455135965,55.59291939045036,6898,432.4754664158951,820.6560652765721,26.712832980685764,2.130735185411241,38.62075617283951,55.5714596774843,0.7632237994481628,0.9798215296459196,0.1361832555569262,0.7547075664571832,0.1136621013158029,0.038544196556088,within,0.0285714285714284,0.1219512195121951,0.0032679738562089,0.0003861642845195,0.038544196556088
fish11,13.0,6068,303.4,20.0,26.14041513109964,2.390580939729685,38.28764025385167,55.592809490780766,6905,432.4934828151938,820.8110673529542,26.712832980685764,2.130735185411241,38.62075617283951,55.5714596774843,0.5724178495861239,0.9798215296459196,0.1361832555569262,0.7547075664571832,0.1136621013158029,0.0380973214110232,within,0.0214285714285714,0.1219512195121951,0.0086253080467158,0.0003841866566106,0.0380973214110232
fish11,13.0,6069,303.45,20.0,25.9496091812376,2.390580939729685,37.9565933778389,55.48915700456234,6685,432.36668612586135,816.2872849865382,26.712832980685764,2.130735185411241,38.62075617283951,55.5714596774843,0.7632237994481628,0.9798215296459196,0.1361832555569262,0.7547075664571832,0.1136621013158029,0.0423001787421886,within,0.0285714285714284,0.1219512195121951,0.0171970427515268,0.0014810241336041,0.0423001787421886
fish11,13.0,6070,303.5,20.0,25.9496091812376,2.390580939729685,37.94417911998842,55.48266355116988,6499,432.2948154531219,812.4954143137988,26.712832980685764,2.130735185411241,38.62075617283951,55.5714596774843,0.7632237994481628,0.9798215296459196,0.1361832555569262,0.7547075664571832,0.1136621013158029,0.0424097509326197,within,0.0285714285714284,0.1219512195121951,0.0175184828029572,0.0015978728438979,0.0424097509326197
fish11,13.0,6071,303.55,20.0,25.758803231375555,2.390580939729685,37.74555099438077,55.28634428841044,6476,432.2298501228992,811.9707224210761,26.712832980685764,2.130735185411241,38.62075617283951,55.5714596774843,0.9540297493102088,0.9798215296459196,0.1361832555569262,0.7547075664571832,0.1136621013158029,0.0463644092737277,within,0.0357142857142858,0.1219512195121951,0.0226615236258434,0.0051306082425864,0.0463644092737276
fish11,13.0,6072,303.6,20.0,25.758803231375555,2.390580939729685,37.594510857199936,55.23069382176264,6503,432.0807963818962,812.3616686800731,26.712832980685764,2.130735185411241,38.62075617283951,55.5714596774843,0.9540297493102088,0.9798215296459196,0.1361832555569262,0.7547075664571832,0.1136621013158029,0.0475924781931113,within,0.0357142857142858,0.1219512195121951,0.0265723775849136,0.0061320299610507,0.0475924781931113
fish11,13.0,6073,303.65,20.0,25.758803231375555,2.390580939729685,37.563475212573735,55.11698464028713,6462,432.1074413601157,811.5683527207927,26.712832980685764,2.130735185411241,38.62075617283951,55.5714596774843,0.9540297493102088,0.9798215296459196,0.1361832555569262,0.7547075664571832,0.1136621013158029,0.0483049230997981,within,0.0357142857142858,0.1219512195121951,0.0273759777134898,0.0081782094592218,0.0483049230997981
fish11,13.0,6074,303.7,20.0,25.758803231375555,2.390580939729685,37.64002980265169,55.132304777826775,6456,432.092549828122,811.4334611887989,26.712832980685764,2.130735185411241,38.62075617283951,55.5714596774843,0.9540297493102088,0.9798215296459196,0.1361832555569262,0.7547075664571832,0.1136621013158029,0.0477404487985197,within,0.0357142857142858,0.1219512195121951,0.0253937640630022,0.0079025259045958,0.0477404487985197
fish11,13.0,6075,303.75,20.0,25.758803231375555,2.390580939729685,37.5572680836485,55.12301648760098,6414,432.0334093315972,810.5343206922742,26.712832980685764,2.130735185411241,38.62075617283951,55.5714596774843,0.9540297493102088,0.9798215296459196,0.1361832555569262,0.7547075664571832,0.1136621013158029,0.0483179675615208,within,0.0357142857142858,0.1219512195121951,0.0275366977392048,0.0080696672803974,0.0483179675615208
fish11,13.0,6098,304.9,20.0,25.37719133165148,2.104750609979397,35.740648351528435,53.84182509126617,6063,431.2138302490046,804.9294518487424,26.712832980685764,2.130735185411241,38.62075617283951,55.5714596774843,1.3356416490342866,0.9798215296459196,0.1361832555569262,0.7547075664571832,0.1136621013158029,0.0419734315725687,within,0.0499999999999998,0.0121951219512194,0.0745740919318546,0.0311245124072009,0.0419734315725687
fish11,13.0,6099,304.95,20.0,25.56799728151352,2.104750609979397,35.91651700441022,53.90127432359408,5932,430.98770177678233,801.6783754598534,26.712832980685764,2.130735185411241,38.62075617283951,55.5714596774843,1.1448356991722477,0.9798215296459196,0.1361832555569262,0.7547075664571832,0.1136621013158029,0.0387818387884933,within,0.0428571428571427,0.0121951219512194,0.0700203578699239,0.030054732475687,0.0387818387884932
fish11,13.0,6100,305.0,20.0,25.56799728151352,2.104750609979397,36.075833313491366,53.92039501212556,5995,430.5046287819002,802.4553024649714,26.712832980685764,2.130735185411241,38.62075617283951,55.5714596774843,1.1448356991722477,0.9798215296459196,0.1361832555569262,0.7547075664571832,0.1136621013158029,0.0376645334832983,within,0.0428571428571427,0.0121951219512194,0.0658952105432335,0.0297106585815973,0.0376645334832982
fish11,13.0,6101,305.05,20.0,25.9496091812376,2.104750609979397,36.63861300271307,54.24646352085162,6063,430.441538530345,803.7522122134161,26.712832980685764,2.130735185411241,38.62075617283951,55.5714596774843,0.7632237994481628,0.9798215296459196,0.1361832555569262,0.7547075664571832,0.1136621013158029,0.0289832293053409,within,0.0285714285714284,0.0121951219512194,0.051323261545055,0.0238431051536607,0.0289832293053409
fish11,13.0,6102,305.1,20.0,26.14041513109964,2.104750609979397,36.88069103079741,54.440113090262784,6379,430.3416212618603,809.9722949449315,26.712832980685764,2.130735185411241,38.62075617283951,55.5714596774843,0.5724178495861239,0.9798215296459196,0.1361832555569262,0.7547075664571832,0.1136621013158029,0.0247593211010934,within,0.0214285714285714,0.0121951219512194,0.0450551805421621,0.0203584104824206,0.0247593211010934
fish11,13.0,6103,305.15,20.0,26.14041513109964,2.104750609979397,36.93034806219932,54.607054636658816,6500,430.1014477716894,812.1521214547605,26.712832980685764,2.130735185411241,38.62075617283951,55.5714596774843,0.5724178495861239,0.9798215296459196,0.1361832555569262,0.7547075664571832,0.1136621013158029,0.0236868590890878,within,0.0214285714285714,0.0121951219512194,0.0437694203364405,0.01735432264012,0.0236868590890878
fish11,13.0,6104,305.2,20.0,26.331221080961683,2.104750609979397,37.73520577950536,55.16555653479237,6677,429.8706926106771,815.4613662937481,26.712832980685764,2.130735185411241,38.62075617283951,55.5714596774843,0.3816118997240814,0.9798215296459196,0.1361832555569262,0.7547075664571832,0.1136621013158029,0.0141785980366599,within,0.0142857142857142,0.0121951219512194,0.0229293903353692,0.0073041655743367,0.0141785980366599
fish11,13.0,6105,305.25,20.0,26.14041513109964,2.104750609979397,39.13594787363439,56.579428573107336,6960,429.5720555046176,820.8227291876888,26.712832980685764,2.130735185411241,38.62075617283951,55.5714596774843,0.5724178495861239,0.9798215296459196,0.1361832555569262,0.7547075664571832,0.1136621013158029,0.0162754257807849,within,0.0214285714285714,0.0121951219512194,0.0133397621343621,0.0181382476089868,0.0162754257807849
fish11,13.0,6194,309.7,20.0,27.960411464963627,2.434554806114872,38.2234999216242,55.3619598273679,7656,408.2207987367794,812.0167034462775,26.712832980685764,2.130735185411241,38.62075617283951,55.5714596774843,1.247578484277863,0.9798215296459196,0.1361832555569262,0.7547075664571832,0.1136621013158029,0.050837110556367,within,0.0467033386230469,0.1425891038848135,0.0102860816457727,0.003769918071835,0.050837110556367
fish11,13.0,6195,309.75,20.0,27.960411464963627,2.4245607996400325,38.1614286323718,55.306587474520015,7541,408.10897174290784,809.5601824727187,26.712832980685764,2.130735185411241,38.62075617283951,55.5714596774843,1.247578484277863,0.9798215296459196,0.1361832555569262,0.7547075664571832,0.1136621013158029,0.0503154141734502,within,0.0467033386230469,0.1378987009932357,0.011893281902925,0.0047663351745932,0.0503154141734502
fish11,13.0,6196,309.8,20.0,27.960411464963627,2.4245607996400325,38.22970705054944,55.31609209646031,7582,408.13986548748255,810.4018410962976,26.712832980685764,2.130735185411241,38.62075617283951,55.5714596774843,1.247578484277863,0.9798215296459196,0.1361832555569262,0.7547075664571832,0.1136621013158029,0.0498306755446738,within,0.0467033386230469,0.1378987009932357,0.0101253616200575,0.004595300942355,0.0498306755446738
fish12,15.28,3681,184.05,20.0,18.808958828545705,1.5061562341242063,19.36963667820069,39.20485587695266,585,432.86377965086007,698.5965856234893,18.82326492608762,1.4930370555204504,19.4838523644752,39.24059057235718,0.0143060975419153,0.9583111619211174,0.4663431724739363,0.9495340543808524,0.3858369931466868,0.0040799137642361,within,0.0007600221108341,0.0087869075688699,0.0058620689655173,0.0009106564117231,0.0040799137642361
fish12,15.28,3683,184.15,20.0,18.82326492608762,1.498302986083183,19.275576701268744,39.20442596529632,586,432.8428161091935,698.5988317009633,18.82326492608762,1.4930370555204504,19.4838523644752,39.24059057235718,0.0,0.9583111619211174,0.4663431724739363,0.9495340543808524,0.3858369931466868,0.0037845649794478,within,0.0,0.0035269925439974,0.0106896551724137,0.0009216122013803,0.0037845649794478
fish12,15.28,3697,184.85,20.0,18.56124464913356,1.4885650647472006,18.731372549019607,38.7985679633052,555,426.8293347695244,696.2161153056567,18.82326492608762,1.4930370555204504,19.4838523644752,39.24059057235718,0.2620202769540682,0.9583111619211174,0.4663431724739363,0.9495340543808524,0.3858369931466868,0.0167000915850193,within,0.0139200228006632,0.0029952309332944,0.0386206896551724,0.011264422950947,0.0167000915850192
fish12,15.28,3698,184.9,20.0,18.56124464913356,1.4885650647472006,18.731372549019607,38.7985679633052,555,427.0007627302759,697.7541969122416,18.82326492608762,1.4930370555204504,19.4838523644752,39.24059057235718,0.2620202769540682,0.9583111619211174,0.4663431724739363,0.9495340543808524,0.3858369931466868,0.0167000915850193,within,0.0139200228006632,0.0029952309332944,0.0386206896551724,0.011264422950947,0.0167000915850192
fish12,15.28,3699,184.95,20.0,18.56124464913356,1.4885650647472006,18.731372549019607,38.7985679633052,555,426.94585821638697,697.728973387936,18.82326492608762,1.4930370555204504,19.4838523644752,39.24059057235718,0.2620202769540682,0.9583111619211174,0.4663431724739363,0.9495340543808524,0.3858369931466868,0.0167000915850193,within,0.0139200228006632,0.0029952309332944,0.0386206896551724,0.011264422950947,0.0167000915850192
fish12,15.28,3700,185.0,20.0,18.56124464913356,1.4885650647472006,18.731372549019607,38.7985679633052,555,426.9266655080537,697.7097806796027,18.82326492608762,1.4930370555204504,19.4838523644752,39.24059057235718,0.2620202769540682,0.9583111619211174,0.4663431724739363,0.9495340543808524,0.3858369931466868,0.0167000915850193,within,0.0139200228006632,0.0029952309332944,0.0386206896551724,0.011264422950947,0.0167000915850192
fish12,15.28,3701,185.05,20.0,18.56124464913356,1.4885650647472006,18.731372549019607,38.7985679633052,555,426.9241134247203,697.7072676587693,18.82326492608762,1.4930370555204504,19.4838523644752,39.24059057235718,0.2620202769540682,0.9583111619211174,0.4663431724739363,0.9495340543808524,0.3858369931466868,0.0167000915850193,within,0.0139200228006632,0.0029952309332944,0.0386206896551724,0.011264422950947,0.0167000915850192
fish12,15.28,3702,185.1,20.0,18.56124464913356,1.4885650647472006,18.731372549019607,38.7985679633052,555,426.9151290497203,697.6985957837693,18.82326492608762,1.4930370555204504,19.4838523644752,39.24059057235718,0.2620202769540682,0.9583111619211174,0.4663431724739363,0.9495340543808524,0.3858369931466868,0.0167000915850193,within,0.0139200228006632,0.0029952309332944,0.0386206896551724,0.011264422950947,0.0167000915850192
fish12,15.28,3703,185.15,20.0,18.56124464913356,1.4885650647472006,18.731372549019607,38.7985679633052,555,426.9083408552759,697.692159151825,18.82326492608762,1.4930370555204504,19.4838523644752,39.24059057235718,0.2620202769540682,0.9583111619211174,0.4663431724739363,0.9495340543808524,0.3858369931466868,0.0167000915850193,within,0.0139200228006632,0.0029952309332944,0.0386206896551724,0.011264422950947,0.0167000915850192
fish12,15.28,3704,185.2,20.0,18.56124464913356,1.4885650647472006,18.731372549019607,38.7985679633052,555,426.9088356469425,697.8195094122415,18.82326492608762,1.4930370555204504,19.4838523644752,39.24059057235718,0.2620202769540682,0.9583111619211174,0.4663431724739363,0.9495340543808524,0.3858369931466868,0.0167000915850193,within,0.0139200228006632,0.0029952309332944,0.0386206896551724,0.011264422950947,0.0167000915850192
fish12,15.28,3705,185.25,20.0,18.56124464913356,1.4885650647472006,18.731372549019607,38.7985679633052,555,426.8955109941648,697.8061847594637,18.82326492608762,1.4930370555204504,19.4838523644752,39.24059057235718,0.2620202769540682,0.9583111619211174,0.4663431724739363,0.9495340543808524,0.3858369931466868,0.0167000915850193,within,0.0139200228006632,0.0029952309332944,0.0386206896551724,0.011264422950947,0.0167000915850192
fish12,15.28,3706,185.3,20.0,18.56124464913356,1.4885650647472006,18.731372549019607,38.7985679633052,555,436.199981480276,707.1117717770425,18.82326492608762,1.4930370555204504,19.4838523644752,39.24059057235718,0.2620202769540682,0.9583111619211174,0.4663431724739363,0.9495340543808524,0.3858369931466868,0.0167000915850193,within,0.0139200228006632,0.0029952309332944,0.0386206896551724,0.011264422950947,0.0167000915850192
fish12,15.28,3707,185.35,20.0,18.56124464913356,1.4885650647472006,18.731372549019607,38.7985679633052,549,436.2039094409896,702.4940656231728,18.82326492608762,1.4930370555204504,19.4838523644752,39.24059057235718,0.2620202769540682,0.9583111619211174,0.4663431724739363,0.9495340543808524,0.3858369931466868,0.0167000915850193,within,0.0139200228006632,0.0029952309332944,0.0386206896551724,0.011264422950947,0.0167000915850192
fish12,15.28,3708,185.4,20.0,18.56124464913356,1.4885650647472006,18.731372549019607,38.7985679633052,549,436.2000205521007,702.4901832447006,18.82326492608762,1.4930370555204504,19.4838523644752,39.24059057235718,0.2620202769540682,0.9583111619211174,0.4663431724739363,0.9495340543808524,0.3858369931466868,0.0167000915850193,within,0.0139200228006632,0.0029952309332944,0.0386206896551724,0.011264422950947,0.0167000915850192
fish12,15.28,3709,185.45,20.0,18.56124464913356,1.4885650647472006,18.704498269896195,38.75979179924828,551,436.2306282095262,702.6807648604594,18.82326492608762,1.4930370555204504,19.4838523644752,39.24059057235718,0.2620202769540682,0.9583111619211174,0.4663431724739363,0.9495340543808524,0.3858369931466868,0.01729196033123,within,0.0139200228006632,0.0029952309332944,0.0399999999999998,0.0122525875909622,0.0172919603312299
fish12,15.28,3710,185.5,20.0,18.56124464913356,1.4885650647472006,18.704498269896195,38.75979179924828,551,436.2010101539706,702.6767392528204,18.82326492608762,1.4930370555204504,19.4838523644752,39.24059057235718,0.2620202769540682,0.9583111619211174,0.4663431724739363,0.9495340543808524,0.3858369931466868,0.01729196033123,within,0.0139200228006632,0.0029952309332944,0.0399999999999998,0.0122525875909622,0.0172919603312299
fish12,15.28,3711,185.55,20.0,18.56124464913356,1.4885650647472006,18.704498269896195,38.75979179924828,554,436.1714441817484,702.7072318743483,18.82326492608762,1.4930370555204504,19.4838523644752,39.24059057235718,0.2620202769540682,0.9583111619211174,0.4663431724739363,0.9495340543808524,0.3858369931466868,0.01729196033123,within,0.0139200228006632,0.0029952309332944,0.0399999999999998,0.0122525875909622,0.0172919603312299
fish12,15.28,3712,185.6,20.0,18.56124464913356,1.4885650647472006,18.704498269896195,38.75979179924828,553,436.15719070952616,702.672978402126,18.82326492608762,1.4930370555204504,19.4838523644752,39.24059057235718,0.2620202769540682,0.9583111619211174,0.4663431724739363,0.9495340543808524,0.3858369931466868,0.01729196033123,within,0.0139200228006632,0.0029952309332944,0.0399999999999998,0.0122525875909622,0.0172919603312299
fish12,15.28,3713,185.65,20.0,18.56124464913356,1.4885650647472006,18.69106113033449,38.75874532600464,555,436.13893550119286,702.6944888187927,18.82326492608762,1.4930370555204504,19.4838523644752,39.24059057235718,0.2620202769540682,0.9583111619211174,0.4663431724739363,0.9495340543808524,0.3858369931466868,0.0174710411572984,within,0.0139200228006632,0.0029952309332944,0.0406896551724136,0.012279255722822,0.0174710411572983
fish12,15.28,3714,185.7,20.0,18.56124464913356,1.4885650647472006,18.69106113033449,38.75874532600464,555,436.1691524778578,702.724640691291,18.82326492608762,1.4930370555204504,19.4838523644752,39.24059057235718,0.2620202769540682,0.9583111619211174,0.4663431724739363,0.9495340543808524,0.3858369931466868,0.0174710411572984,within,0.0139200228006632,0.0029952309332944,0.0406896551724136,0.012279255722822,0.0174710411572983
fish12,15.28,3715,185.75,20.0,18.56124464913356,1.4885650647472006,18.69106113033449,38.75874532600464,555,436.1357062973023,702.6911945107355,18.82326492608762,1.4930370555204504,19.4838523644752,39.24059057235718,0.2620202769540682,0.9583111619211174,0.4663431724739363,0.9495340543808524,0.3858369931466868,0.0174710411572984,within,0.0139200228006632,0.0029952309332944,0.0406896551724136,0.012279255722822,0.0174710411572983
fish12,15.28,3716,185.8,20.0,18.55606210583612,1.4885650647472006,18.65746828143022,38.63645269680202,550,436.0928156534642,702.5484275648141,18.82326492608762,1.4930370555204504,19.4838523644752,39.24059057235718,0.2672028202515015,0.9583111619211174,0.4663431724739363,0.9495340543808524,0.3858369931466868,0.0187500279834413,within,0.0141953492818973,0.0029952309332944,0.0424137931034482,0.0153957386151252,0.0187500279834413
fish12,15.28,3717,185.85,20.0,18.55606210583612,1.4885650647472006,18.65746828143022,38.63645269680202,550,436.06174794513095,702.5174770439808,18.82326492608762,1.4930370555204504,19.4838523644752,39.24059057235718,0.2672028202515015,0.9583111619211174,0.4663431724739363,0.9495340543808524,0.3858369931466868,0.0187500279834413,within,0.0141953492818973,0.0029952309332944,0.0424137931034482,0.0153957386151252,0.0187500279834413
fish12,15.28,3718,185.9,20.0,18.55088098631432,1.4885650647472006,18.6305940023068,38.52616897122247,549,436.0050899590198,702.4408190578697,18.82326492608762,1.4930370555204504,19.4838523644752,39.24059057235718,0.2723839397733023,0.9583111619211174,0.4663431724739363,0.9495340543808524,0.3858369931466868,0.0198662808298992,within,0.0144706001239879,0.0029952309332944,0.043793103448276,0.0182061888140383,0.0198662808298992
fish12,15.28,3719,185.95,20.0,18.55088098631432,1.4885650647472006,18.556689734717416,38.460141135661374,541,435.9559927367976,702.2317218356475,18.82326492608762,1.4930370555204504,19.4838523644752,39.24059057235718,0.2723839397733023,0.9583111619211174,0.4663431724739363,0.9495340543808524,0.3858369931466868,0.0212352169993056,within,0.0144706001239879,0.0029952309332944,0.0475862068965516,0.0198888300433884,0.0212352169993056
fish12,15.28,3720,186.0,20.0,18.55088098631432,1.4885650647472006,18.576845444059977,38.46662390432581,544,435.9343781534642,702.269247877314,18.82326492608762,1.4930370555204504,19.4838523644752,39.24059057235718,0.2723839397733023,0.9583111619211174,0.4663431724739363,0.9495340543808524,0.3858369931466868,0.0209352948882786,within,0.0144706001239879,0.0029952309332944,0.0465517241379309,0.0197236243579011,0.0209352948882786
fish12,15.28,3721,186.05,20.0,18.55088098631432,1.4885650647472006,18.576845444059977,38.46662390432581,544,435.9540830145753,702.2889527384251,18.82326492608762,1.4930370555204504,19.4838523644752,39.24059057235718,0.2723839397733023,0.9583111619211174,0.4663431724739363,0.9495340543808524,0.3858369931466868,0.0209352948882786,within,0.0144706001239879,0.0029952309332944,0.0465517241379309,0.0197236243579011,0.0209352948882786
fish12,15.28,3722,186.1,20.0,18.55088098631432,1.4885650647472006,18.576845444059977,38.46662390432581,544,435.9577635701309,702.297743971064,18.82326492608762,1.4930370555204504,19.4838523644752,39.24059057235718,0.2723839397733023,0.9583111619211174,0.4663431724739363,0.9495340543808524,0.3858369931466868,0.0209352948882786,within,0.0144706001239879,0.0029952309332944,0.0465517241379309,0.0197236243579011,0.0209352948882786
fish12,15.28,3723,186.15,20.0,18.55088098631432,1.4885650647472006,18.576845444059977,38.46662390432581,539,435.8276594034642,702.067372877314,18.82326492608762,1.4930370555204504,19.4838523644752,39.24059057235718,0.2723839397733023,0.9583111619211174,0.4663431724739363,0.9495340543808524,0.3858369931466868,0.0209352948882786,within,0.0144706001239879,0.0029952309332944,0.0465517241379309,0.0197236243579011,0.0209352948882786
fish12,15.28,3724,186.2,20.0,18.55088098631432,1.4885650647472006,18.576845444059977,38.46662390432581,539,435.7990916951309,702.0390916273141,18.82326492608762,1.4930370555204504,19.4838523644752,39.24059057235718,0.2723839397733023,0.9583111619211174,0.4663431724739363,0.9495340543808524,0.3858369931466868,0.0209352948882786,within,0.0144706001239879,0.0029952309332944,0.0465517241379309,0.0197236243579011,0.0209352948882786
fish12,15.28,3725,186.25,20.0,18.55088098631432,1.4885650647472006,18.576845444059977,38.46662390432581,537,433.7147601167469,699.91520926768,18.82326492608762,1.4930370555204504,19.4838523644752,39.24059057235718,0.2723839397733023,0.9583111619211174,0.4663431724739363,0.9495340543808524,0.3858369931466868,0.0209352948882786,within,0.0144706001239879,0.0029952309332944,0.0465517241379309,0.0197236243579011,0.0209352948882786
fish12,15.28,3726,186.3,20.0,18.55088098631432,1.4885650647472006,18.576845444059977,38.46662390432581,537,434.0581846423489,704.5616806682822,18.82326492608762,1.4930370555204504,19.4838523644752,39.24059057235718,0.2723839397733023,0.9583111619211174,0.4663431724739363,0.9495340543808524,0.3858369931466868,0.0209352948882786,within,0.0144706001239879,0.0029952309332944,0.0465517241379309,0.0197236243579011,0.0209352948882786
fish12,15.28,3727,186.35,20.0,18.55606210583612,1.4885650647472006,18.65746828143022,38.63645269680202,547,434.0179068645712,704.720979713421,18.82326492608762,1.4930370555204504,19.4838523644752,39.24059057235718,0.2672028202515015,0.9583111619211174,0.4663431724739363,0.9495340543808524,0.3858369931466868,0.0187500279834413,within,0.0141953492818973,0.0029952309332944,0.0424137931034482,0.0153957386151252,0.0187500279834413
fish12,15.28,3728,186.4,20.0,18.55606210583612,1.4885650647472006,18.63731257208766,38.62996992813759,548,433.9542610312379,704.678030494671,18.82326492608762,1.4930370555204504,19.4838523644752,39.24059057235718,0.2672028202515015,0.9583111619211174,0.4663431724739363,0.9495340543808524,0.3858369931466868,0.0190499500944682,within,0.0141953492818973,0.0029952309332944,0.0434482758620689,0.0155609443006124,0.0190499500944682
fish12,15.28,3729,186.45,20.0,18.55606210583612,1.4885650647472006,18.63731257208766,38.62996992813759,548,433.9455197117935,704.6692891752266,18.82326492608762,1.4930370555204504,19.4838523644752,39.24059057235718,0.2672028202515015,0.9583111619211174,0.4663431724739363,0.9495340543808524,0.3858369931466868,0.0190499500944682,within,0.0141953492818973,0.0029952309332944,0.0434482758620689,0.0155609443006124,0.0190499500944682
fish12,15.28,3730,186.5,20.0,18.74260661280664,1.4885650647472006,18.724653979238752,38.88056757034271,560,433.9408929756823,704.9047861370323,18.82326492608762,1.4930370555204504,19.4838523644752,39.24059057235718,0.0806583132809812,0.9583111619211174,0.4663431724739363,0.9495340543808524,0.3858369931466868,0.0138551353269634,within,0.004285033101202,0.0029952309332944,0.0389655172413793,0.0091747600319777,0.0138551353269634
fish12,15.28,3731,186.55,20.0,18.73742549328484,1.4885650647472006,18.704498269896195,38.787425663735846,559,433.84843637846006,704.7928764148099,18.82326492608762,1.4930370555204504,19.4838523644752,39.24059057235718,0.0858394328027785,0.9583111619211174,0.4663431724739363,0.9495340543808524,0.3858369931466868,0.0147759715356126,within,0.0045602839432927,0.0029952309332944,0.0399999999999998,0.0115483712658637,0.0147759715356126
fish12,15.28,3732,186.6,20.0,18.73742549328484,1.4885650647472006,18.79183967704729,38.85450360583485,565,433.7680587650817,704.7015613014315,18.82326492608762,1.4930370555204504,19.4838523644752,39.24059057235718,0.0858394328027785,0.9583111619211174,0.4663431724739363,0.9495340543808524,0.3858369931466868,0.0132279313925868,within,0.0045602839432927,0.0029952309332944,0.0355172413793103,0.0098389693144502,0.0132279313925869
fish12,15.28,3733,186.65,20.0,18.73742549328484,1.4885650647472006,18.79183967704729,38.85450360583485,566,433.7266177743229,704.6811912690329,18.82326492608762,1.4930370555204504,19.4838523644752,39.24059057235718,0.0858394328027785,0.9583111619211174,0.4663431724739363,0.9495340543808524,0.3858369931466868,0.0132279313925868,within,0.0045602839432927,0.0029952309332944,0.0355172413793103,0.0098389693144502,0.0132279313925869
fish12,15.28,3736,186.8,20.0,18.86721830359723,1.4434945818870877,19.16807958477509,39.0735107472212,561,433.7322774778578,704.5781888980441,18.82326492608762,1.4930370555204504,19.4838523644752,39.24059057235718,0.0439533775096094,0.9583111619211174,0.4663431724739363,0.9495340543808524,0.3858369931466868,0.0139955327718938,within,0.0023350559896064,0.0331823469820666,0.0162068965517239,0.0042578315641782,0.0139955327718938
fish12,15.28,3737,186.85,20.0,18.86721830359723,1.4434945818870877,19.16807958477509,39.0735107472212,562,433.7350118528578,704.5200085700883,18.82326492608762,1.4930370555204504,19.4838523644752,39.24059057235718,0.0439533775096094,0.9583111619211174,0.4663431724739363,0.9495340543808524,0.3858369931466868,0.0139955327718938,within,0.0023350559896064,0.0331823469820666,0.0162068965517239,0.0042578315641782,0.0139955327718938
fish12,15.28,3738,186.9,20.0,18.86721830359723,1.4434945818870877,19.16807958477509,39.0735107472212,563,433.7308104639689,704.5376659062279,18.82326492608762,1.4930370555204504,19.4838523644752,39.24059057235718,0.0439533775096094,0.9583111619211174,0.4663431724739363,0.9495340543808524,0.3858369931466868,0.0139955327718938,within,0.0023350559896064,0.0331823469820666,0.0162068965517239,0.0042578315641782,0.0139955327718938
fish12,15.28,3739,186.95,20.0,18.86721830359723,1.4434945818870877,19.16807958477509,39.0735107472212,563,433.7281281723023,704.5364484623803,18.82326492608762,1.4930370555204504,19.4838523644752,39.24059057235718,0.0439533775096094,0.9583111619211174,0.4663431724739363,0.9495340543808524,0.3858369931466868,0.0139955327718938,within,0.0023350559896064,0.0331823469820666,0.0162068965517239,0.0042578315641782,0.0139955327718938
fish12,15.28,3740,187.0,20.0,18.86721830359723,1.4434945818870877,19.16807958477509,39.0735107472212,562,433.69948233896895,704.491568906053,18.82326492608762,1.4930370555204504,19.4838523644752,39.24059057235718,0.0439533775096094,0.9583111619211174,0.4663431724739363,0.9495340543808524,0.3858369931466868,0.0139955327718938,within,0.0023350559896064,0.0331823469820666,0.0162068965517239,0.0042578315641782,0.0139955327718938
fish12,15.28,3741,187.05,20.0,18.86721830359723,1.4434945818870877,19.16807958477509,39.0735107472212,562,433.69614032508,704.4916188192474,18.82326492608762,1.4930370555204504,19.4838523644752,39.24059057235718,0.0439533775096094,0.9583111619211174,0.4663431724739363,0.9495340543808524,0.3858369931466868,0.0139955327718938,within,0.0023350559896064,0.0331823469820666,0.0162068965517239,0.0042578315641782,0.0139955327718938
fish12,15.28,3742,187.1,20.0,18.86721830359723,1.4434945818870877,19.16807958477509,39.0735107472212,562,433.69614032508,704.4928818246524,18.82326492608762,1.4930370555204504,19.4838523644752,39.24059057235718,0.0439533775096094,0.9583111619211174,0.4663431724739363,0.9495340543808524,0.3858369931466868,0.0139955327718938,within,0.0023350559896064,0.0331823469820666,0.0162068965517239,0.0042578315641782,0.0139955327718938
fish12,15.28,3743,187.15,20.0,18.86721830359723,1.4434945818870877,19.16807958477509,39.0735107472212,562,433.6890656723023,704.4872655052079,18.82326492608762,1.4930370555204504,19.4838523644752,39.24059057235718,0.0439533775096094,0.9583111619211174,0.4663431724739363,0.9495340543808524,0.3858369931466868,0.0139955327718938,within,0.0023350559896064,0.0331823469820666,0.0162068965517239,0.0042578315641782,0.0139955327718938
fish12,15.28,3744,187.2,20.0,18.86721830359723,1.4434945818870877,19.16807958477509,39.0735107472212,562,433.6712618528578,704.4707572586801,18.82326492608762,1.4930370555204504,19.4838523644752,39.24059057235718,0.0439533775096094,0.9583111619211174,0.4663431724739363,0.9495340543808524,0.3858369931466868,0.0139955327718938,within,0.0023350559896064,0.0331823469820666,0.0162068965517239,0.0042578315641782,0.0139955327718938
fish12,15.28,3745,187.25,20.0,18.86721830359723,1.4434945818870877,19.16807958477509,39.0735107472212,563,433.6803330334134,704.4995615121524,18.82326492608762,1.4930370555204504,19.4838523644752,39.24059057235718,0.0439533775096094,0.9583111619211174,0.4663431724739363,0.9495340543808524,0.3858369931466868,0.0139955327718938,within,0.0023350559896064,0.0331823469820666,0.0162068965517239,0.0042578315641782,0.0139955327718938
fish12,15.28,3746,187.3,20.0,18.86721830359723,1.4434945818870877,19.16807958477509,39.0735107472212,563,430.48712990841335,701.307087553819,18.82326492608762,1.4930370555204504,19.4838523644752,39.24059057235718,0.0439533775096094,0.9583111619211174,0.4663431724739363,0.9495340543808524,0.3858369931466868,0.0139955327718938,within,0.0023350559896064,0.0331823469820666,0.0162068965517239,0.0042578315641782,0.0139955327718938
fish12,15.28,3758,187.9,20.0,18.74260661280664,1.4861485530484158,19.302450980392155,39.136789615442055,581,432.527355817159,705.2535178669294,18.82326492608762,1.4930370555204504,19.4838523644752,39.24059057235718,0.0806583132809812,0.9583111619211174,0.4663431724739363,0.9495340543808524,0.3858369931466868,0.0052135935722177,within,0.004285033101202,0.0046137518466568,0.0093103448275862,0.0026452445134259,0.0052135935722177
fish12,15.28,3759,187.95,20.0,18.74260661280664,1.4861485530484158,19.302450980392155,39.136789615442055,580,432.53680026160345,705.2428451238738,18.82326492608762,1.4930370555204504,19.4838523644752,39.24059057235718,0.0806583132809812,0.9583111619211174,0.4663431724739363,0.9495340543808524,0.3858369931466868,0.0052135935722177,within,0.004285033101202,0.0046137518466568,0.0093103448275862,0.0026452445134259,0.0052135935722177
fish12,15.28,3760,188.0,20.0,18.74260661280664,1.4861485530484158,19.302450980392155,39.136789615442055,576,432.5382629267186,705.1643077889889,18.82326492608762,1.4930370555204504,19.4838523644752,39.24059057235718,0.0806583132809812,0.9583111619211174,0.4663431724739363,0.9495340543808524,0.3858369931466868,0.0052135935722177,within,0.004285033101202,0.0046137518466568,0.0093103448275862,0.0026452445134259,0.0052135935722177
fish12,15.28,3761,188.05,20.0,18.74260661280664,1.4861485530484158,19.302450980392155,39.136789615442055,577,432.51043306560746,705.153287823711,18.82326492608762,1.4930370555204504,19.4838523644752,39.24059057235718,0.0806583132809812,0.9583111619211174,0.4663431724739363,0.9495340543808524,0.3858369931466868,0.0052135935722177,within,0.004285033101202,0.0046137518466568,0.0093103448275862,0.0026452445134259,0.0052135935722177
fish12,15.28,3762,188.1,20.0,18.74260661280664,1.4861485530484158,19.302450980392155,39.136789615442055,577,432.4991353140184,705.141872884622,18.82326492608762,1.4930370555204504,19.4838523644752,39.24059057235718,0.0806583132809812,0.9583111619211174,0.4663431724739363,0.9495340543808524,0.3858369931466868,0.0052135935722177,within,0.004285033101202,0.0046137518466568,0.0093103448275862,0.0026452445134259,0.0052135935722177
fish12,15.28,3763,188.15,20.0,18.74260661280664,1.4861485530484158,19.302450980392155,39.136789615442055,575,432.519473855685,705.1222114262887,18.82326492608762,1.4930370555204504,19.4838523644752,39.24059057235718,0.0806583132809812,0.9583111619211174,0.4663431724739363,0.9495340543808524,0.3858369931466868,0.0052135935722177,within,0.004285033101202,0.0046137518466568,0.0093103448275862,0.0026452445134259,0.0052135935722177
fish12,15.28,3764,188.2,20.0,18.74260661280664,1.4861485530484158,19.302450980392155,39.136789615442055,576,432.5326248973517,705.155525228372,18.82326492608762,1.4930370555204504,19.4838523644752,39.24059057235718,0.0806583132809812,0.9583111619211174,0.4663431724739363,0.9495340543808524,0.3858369931466868,0.0052135935722177,within,0.004285033101202,0.0046137518466568,0.0093103448275862,0.0026452445134259,0.0052135935722177
fish12,15.28,3765,188.25,20.0,18.74778915610408,1.4861485530484158,19.32260668973472,39.24059057235718,579,432.5428809992284,705.2281901844154,18.82326492608762,1.4930370555204504,19.4838523644752,39.24059057235718,0.0754757699835444,0.9583111619211174,0.4663431724739363,0.9495340543808524,0.3858369931466868,0.0042248301338975,within,0.0040097066199677,0.0046137518466568,0.0082758620689653,0.0,0.0042248301338975
fish12,15.28,3766,188.3,20.0,18.74778915610408,1.4861485530484158,19.21510957324106,39.10657157040824,577,432.56891398533946,702.8495682226098,18.82326492608762,1.4930370555204504,19.4838523644752,39.24059057235718,0.0754757699835444,0.9583111619211174,0.4663431724739363,0.9495340543808524,0.3858369931466868,0.0064579693839108,within,0.0040097066199677,0.0046137518466568,0.0137931034482757,0.0034153156207425,0.0064579693839107
fish12,15.28,3767,188.35,20.0,18.74778915610408,1.4861485530484158,19.32260668973472,39.24059057235718,578,435.0091917799208,705.3219553921911,18.82326492608762,1.4930370555204504,19.4838523644752,39.24059057235718,0.0754757699835444,0.9583111619211174,0.4663431724739363,0.9495340543808524,0.3858369931466868,0.0042248301338975,within,0.0040097066199677,0.0046137518466568,0.0082758620689653,0.0,0.0042248301338975
fish12,15.28,3768,188.4,20.0,18.74778915610408,1.4861485530484158,19.32260668973472,39.24059057235718,578,434.9934018493653,705.293678482469,18.82326492608762,1.4930370555204504,19.4838523644752,39.24059057235718,0.0754757699835444,0.9583111619211174,0.4663431724739363,0.9495340543808524,0.3858369931466868,0.0042248301338975,within,0.0040097066199677,0.0046137518466568,0.0082758620689653,0.0,0.0042248301338975
fish12,15.28,3769,188.45,20.0,18.74778915610408,1.4861485530484158,19.32260668973472,39.24059057235718,579,434.9781067104764,705.2983833435801,18.82326492608762,1.4930370555204504,19.4838523644752,39.24059057235718,0.0754757699835444,0.9583111619211174,0.4663431724739363,0.9495340543808524,0.3858369931466868,0.0042248301338975,within,0.0040097066199677,0.0046137518466568,0.0082758620689653,0.0,0.0042248301338975
fish12,15.28,3770,188.5,20.0,18.74778915610408,1.4861485530484158,19.32260668973472,39.24059057235718,580,434.98065877700606,705.320909368443,18.82326492608762,1.4930370555204504,19.4838523644752,39.24059057235718,0.0754757699835444,0.9583111619211174,0.4663431724739363,0.9495340543808524,0.3858369931466868,0.0042248301338975,within,0.0040097066199677,0.0046137518466568,0.0082758620689653,0.0,0.0042248301338975
fish12,15.28,3771,188.55,20.0,18.74778915610408,1.4861485530484158,19.32260668973472,39.24059057235718,573,435.0203462770061,705.2205187434431,18.82326492608762,1.4930370555204504,19.4838523644752,39.24059057235718,0.0754757699835444,0.9583111619211174,0.4663431724739363,0.9495340543808524,0.3858369931466868,0.0042248301338975,within,0.0040097066199677,0.0046137518466568,0.0082758620689653,0.0,0.0042248301338975
fish12,15.28,3772,188.6,20.0,18.74778915610408,1.4861485530484158,18.79855824682814,39.0812776319228,575,434.9732325190603,705.2139453500806,18.82326492608762,1.4930370555204504,19.4838523644752,39.24059057235718,0.0754757699835444,0.9583111619211174,0.4663431724739363,0.9495340543808524,0.3858369931466868,0.0119639434903186,within,0.0040097066199677,0.0046137518466568,0.0351724137931035,0.0040599017015458,0.0119639434903185
fish12,15.28,3773,188.65,20.0,18.781057097501805,1.48872225918179,19.779469434832755,39.15565750267645,586,434.9546344201359,705.4153472511563,18.82326492608762,1.4930370555204504,19.4838523644752,39.24059057235718,0.0422078285858162,0.9583111619211174,0.4663431724739363,0.9495340543808524,0.3858369931466868,0.005617275212382,within,0.0022423224000486,0.0028899459144076,0.0151724137931034,0.0021644187419686,0.005617275212382
fish12,15.28,3774,188.7,20.0,18.781057097501805,1.48872225918179,19.78618800461361,39.15613511188192,589,434.9918392812471,705.5125781539341,18.82326492608762,1.4930370555204504,19.4838523644752,39.24059057235718,0.0422078285858162,0.9583111619211174,0.4663431724739363,0.9495340543808524,0.3858369931466868,0.0057004392826249,within,0.0022423224000486,0.0028899459144076,0.0155172413793103,0.0021522474367332,0.0057004392826249
fish12,15.28,3775,188.75,20.0,18.781057097501805,1.48872225918179,19.78618800461361,39.15613511188192,589,434.98123164235807,705.5019705150451,18.82326492608762,1.4930370555204504,19.4838523644752,39.24059057235718,0.0422078285858162,0.9583111619211174,0.4663431724739363,0.9495340543808524,0.3858369931466868,0.0057004392826249,within,0.0022423224000486,0.0028899459144076,0.0155172413793103,0.0021522474367332,0.0057004392826249
fish12,15.28,3776,188.8,20.0,18.77968457779337,1.4920490710698964,19.396510957324104,39.15174816254211,578,434.96417000172926,705.2648633014995,18.82326492608762,1.4930370555204504,19.4838523644752,39.24059057235718,0.0435803482942525,0.9583111619211174,0.4663431724739363,0.9495340543808524,0.3858369931466868,0.0024309422049385,within,0.0023152385340894,0.0006617280173328,0.0044827586206897,0.0022640436476419,0.0024309422049385
fish12,15.28,3777,188.85,20.0,18.77968457779337,1.4920490710698964,19.396510957324104,39.15174816254211,580,434.9216439600626,705.2752213744163,18.82326492608762,1.4930370555204504,19.4838523644752,39.24059057235718,0.0435803482942525,0.9583111619211174,0.4663431724739363,0.9495340543808524,0.3858369931466868,0.0024309422049385,within,0.0023152385340894,0.0006617280173328,0.0044827586206897,0.0022640436476419,0.0024309422049385
fish12,15.28,3778,188.9,20.0,18.77968457779337,1.4920490710698964,19.396510957324104,39.15174816254211,580,434.9439095850626,705.2974869994164,18.82326492608762,1.4930370555204504,19.4838523644752,39.24059057235718,0.0435803482942525,0.9583111619211174,0.4663431724739363,0.9495340543808524,0.3858369931466868,0.0024309422049385,within,0.0023152385340894,0.0006617280173328,0.0044827586206897,0.0022640436476419,0.0024309422049385
fish12,15.28,3779,188.95,20.0,18.77968457779337,1.4920490710698964,19.416666666666668,39.15869480993949,582,434.97285055728486,705.3671701591385,18.82326492608762,1.4930370555204504,19.4838523644752,39.24059057235718,0.0435803482942525,0.9583111619211174,0.4663431724739363,0.9495340543808524,0.3858369931466868,0.0021280647438123,within,0.0023152385340894,0.0006617280173328,0.0034482758620688,0.0020870165617583,0.0021280647438123
fish12,15.28,3780,189.0,20.0,18.77968457779337,1.4920490710698964,19.416666666666668,39.15869480993949,583,435.0051422239516,705.4194618258053,18.82326492608762,1.4930370555204504,19.4838523644752,39.24059057235718,0.0435803482942525,0.9583111619211174,0.4663431724739363,0.9495340543808524,0.3858369931466868,0.0021280647438123,within,0.0023152385340894,0.0006617280173328,0.0034482758620688,0.0020870165617583,0.0021280647438123
fish12,15.28,3781,189.05,20.0,18.77968457779337,1.4920490710698964,19.45025951557093,39.16786211834236,592,434.9301031701359,705.524670167823,18.82326492608762,1.4930370555204504,19.4838523644752,39.24059057235718,0.0435803482942525,0.9583111619211174,0.4663431724739363,0.9495340543808524,0.3858369931466868,0.001638625760324,within,0.0023152385340894,0.0006617280173328,0.0017241379310346,0.0018533985588394,0.001638625760324
fish12,15.28,3782,189.1,20.0,18.77968457779337,1.4920490710698964,19.45025951557093,39.16786211834236,592,434.8978288645804,705.4923763310175,18.82326492608762,1.4930370555204504,19.4838523644752,39.24059057235718,0.0435803482942525,0.9583111619211174,0.4663431724739363,0.9495340543808524,0.3858369931466868,0.001638625760324,within,0.0023152385340894,0.0006617280173328,0.0017241379310346,0.0018533985588394,0.001638625760324
fish12,15.28,3783,189.15,20.0,18.77968457779337,1.4920490710698964,19.45025951557093,39.16786211834236,592,434.9398948540582,705.5344423204953,18.82326492608762,1.4930370555204504,19.4838523644752,39.24059057235718,0.0435803482942525,0.9583111619211174,0.4663431724739363,0.9495340543808524,0.3858369931466868,0.001638625760324,within,0.0023152385340894,0.0006617280173328,0.0017241379310346,0.0018533985588394,0.001638625760324
fish12,15.28,3784,189.2,20.0,18.77968457779337,1.4920490710698964,19.45025951557093,39.16786211834236,592,434.9215441596137,705.5152778239674,18.82326492608762,1.4930370555204504,19.4838523644752,39.24059057235718,0.0435803482942525,0.9583111619211174,0.4663431724739363,0.9495340543808524,0.3858369931466868,0.001638625760324,within,0.0023152385340894,0.0006617280173328,0.0017241379310346,0.0018533985588394,0.001638625760324
fish12,15.28,3785,189.25,20.0,18.77968457779337,1.4920490710698964,19.47041522491349,39.16949076362063,595,434.9280458957248,705.5814800809118,18.82326492608762,1.4930370555204504,19.4838523644752,39.24059057235718,0.0435803482942525,0.9583111619211174,0.4663431724739363,0.9495340543808524,0.3858369931466868,0.0013696290464136,within,0.0023152385340894,0.0006617280173328,0.0006896551724139,0.0018118944618186,0.0013696290464137
fish12,15.28,3786,189.3,20.0,18.77968457779337,1.4920490710698964,19.47041522491349,39.16949076362063,591,433.5451465901692,704.1190104628563,18.82326492608762,1.4930370555204504,19.4838523644752,39.24059057235718,0.0435803482942525,0.9583111619211174,0.4663431724739363,0.9495340543808524,0.3858369931466868,0.0013696290464136,within,0.0023152385340894,0.0006617280173328,0.0006896551724139,0.0018118944618186,0.0013696290464137
fish12,15.28,3787,189.35,20.0,18.77968457779337,1.4920490710698964,19.47041522491349,39.16949076362063,591,433.8558236735025,706.1771484836896,18.82326492608762,1.4930370555204504,19.4838523644752,39.24059057235718,0.0435803482942525,0.9583111619211174,0.4663431724739363,0.9495340543808524,0.3858369931466868,0.0013696290464136,within,0.0023152385340894,0.0006617280173328,0.0006896551724139,0.0018118944618186,0.0013696290464137
fish12,15.28,3788,189.4,20.0,18.77968457779337,1.4920490710698964,19.47041522491349,39.16949076362063,591,433.8767915468381,706.2034093257752,18.82326492608762,1.4930370555204504,19.4838523644752,39.24059057235718,0.0435803482942525,0.9583111619211174,0.4663431724739363,0.9495340543808524,0.3858369931466868,0.0013696290464136,within,0.0023152385340894,0.0006617280173328,0.0006896551724139,0.0018118944618186,0.0013696290464137
fish12,15.28,3789,189.45,20.0,18.77968457779337,1.4920490710698964,19.47041522491349,39.16949076362063,591,433.861947796838,706.1888194820251,18.82326492608762,1.4930370555204504,19.4838523644752,39.24059057235718,0.0435803482942525,0.9583111619211174,0.4663431724739363,0.9495340543808524,0.3858369931466868,0.0013696290464136,within,0.0023152385340894,0.0006617280173328,0.0006896551724139,0.0018118944618186,0.0013696290464137
fish12,15.28,3790,189.5,20.0,18.77968457779337,1.4920490710698964,19.47041522491349,39.16949076362063,591,433.8789225971741,706.2058268344445,18.82326492608762,1.4930370555204504,19.4838523644752,39.24059057235718,0.0435803482942525,0.9583111619211174,0.4663431724739363,0.9495340543808524,0.3858369931466868,0.0013696290464136,within,0.0023152385340894,0.0006617280173328,0.0006896551724139,0.0018118944618186,0.0013696290464137
fish12,15.28,3791,189.55,20.0,18.77968457779337,1.4920490710698964,19.47041522491349,39.16949076362063,591,433.8786708610629,706.2050607754167,18.82326492608762,1.4930370555204504,19.4838523644752,39.24059057235718,0.0435803482942525,0.9583111619211174,0.4663431724739363,0.9495340543808524,0.3858369931466868,0.0013696290464136,within,0.0023152385340894,0.0006617280173328,0.0006896551724139,0.0018118944618186,0.0013696290464137
fish12,15.28,3792,189.6,20.0,18.77968457779337,1.4920490710698964,19.409948096885813,39.06655774155885,589,433.8851074666153,706.1714583184689,18.82326492608762,1.4930370555204504,19.4838523644752,39.24059057235718,0.0435803482942525,0.9583111619211174,0.4663431724739363,0.9495340543808524,0.3858369931466868,0.002801272670654,within,0.0023152385340894,0.0006617280173328,0.0037931034482758,0.004435020682918,0.002801272670654
fish12,15.28,3793,189.65,20.0,18.77968457779337,1.4920490710698964,19.409948096885813,39.06655774155885,589,433.88906579994864,706.1754166518024,18.82326492608762,1.4930370555204504,19.4838523644752,39.24059057235718,0.0435803482942525,0.9583111619211174,0.4663431724739363,0.9495340543808524,0.3858369931466868,0.002801272670654,within,0.0023152385340894,0.0006617280173328,0.0037931034482758,0.004435020682918,0.002801272670654
fish12,15.28,3794,189.7,20.0,18.77968457779337,1.4920490710698964,19.409948096885813,39.06655774155885,589,433.8626682305042,706.1490841865245,18.82326492608762,1.4930370555204504,19.4838523644752,39.24059057235718,0.0435803482942525,0.9583111619211174,0.4663431724739363,0.9495340543808524,0.3858369931466868,0.002801272670654,within,0.0023152385340894,0.0006617280173328,0.0037931034482758,0.004435020682918,0.002801272670654
fish12,15.28,3795,189.75,20.0,18.77968457779337,1.4920490710698964,19.409948096885813,39.06655774155885,587,433.847789758282,706.095286443469,18.82326492608762,1.4930370555204504,19.4838523644752,39.24059057235718,0.0435803482942525,0.9583111619211174,0.4663431724739363,0.9495340543808524,0.3858369931466868,0.002801272670654,within,0.0023152385340894,0.0006617280173328,0.0037931034482758,0.004435020682918,0.002801272670654
fish12,15.28,3796,189.8,20.0,18.77968457779337,1.4920490710698964,19.409948096885813,39.06655774155885,587,433.847789758282,706.095130193469,18.82326492608762,1.4930370555204504,19.4838523644752,39.24059057235718,0.0435803482942525,0.9583111619211174,0.4663431724739363,0.9495340543808524,0.3858369931466868,0.002801272670654,within,0.0023152385340894,0.0006617280173328,0.0037931034482758,0.004435020682918,0.002801272670654
fish12,15.28,3797,189.85,20.0,18.74061190314738,1.4930370555204504,19.026989619377165,39.08512727618741,563,434.92535035669766,704.5385078568587,18.82326492608762,1.4930370555204504,19.4838523644752,39.24059057235718,0.0826530229402422,0.9583111619211174,0.4663431724739363,0.9495340543808524,0.3858369931466868,0.0079502693693342,within,0.0043910035408199,0.0,0.0234482758620687,0.003961798074448,0.0079502693693342
fish12,15.28,3798,189.9,20.0,18.74061190314738,1.4930370555204504,19.026989619377165,39.08512727618741,563,435.01727744003097,706.4541784297753,18.82326492608762,1.4930370555204504,19.4838523644752,39.24059057235718,0.0826530229402422,0.9583111619211174,0.4663431724739363,0.9495340543808524,0.3858369931466868,0.0079502693693342,within,0.0043910035408199,0.0,0.0234482758620687,0.003961798074448,0.0079502693693342
fish12,15.28,3799,189.95,20.0,18.74061190314738,1.4930370555204504,19.026989619377165,39.08512727618741,563,434.976261815031,706.5518802526921,18.82326492608762,1.4930370555204504,19.4838523644752,39.24059057235718,0.0826530229402422,0.9583111619211174,0.4663431724739363,0.9495340543808524,0.3858369931466868,0.0079502693693342,within,0.0043910035408199,0.0,0.0234482758620687,0.003961798074448,0.0079502693693342
fish12,15.28,3800,190.0,20.0,18.745653492657333,1.4930370555204504,19.03370818915802,39.18892823310253,564,434.9353069539199,706.5032040374142,18.82326492608762,1.4930370555204504,19.4838523644752,39.24059057235718,0.0776114334302882,0.9583111619211174,0.4663431724739363,0.9495340543808524,0.3858369931466868,0.0071357917929115,within,0.0041231653347621,0.0,0.0231034482758618,0.0013165535610221,0.0071357917929115
fish12,15.28,3801,190.05,20.0,18.745653492657333,1.4930370555204504,19.03370818915802,39.18892823310253,564,434.9141871622532,706.4820842457475,18.82326492608762,1.4930370555204504,19.4838523644752,39.24059057235718,0.0776114334302882,0.9583111619211174,0.4663431724739363,0.9495340543808524,0.3858369931466868,0.0071357917929115,within,0.0041231653347621,0.0,0.0231034482758618,0.0013165535610221,0.0071357917929115
fish12,15.28,3802,190.1,20.0,18.745653492657333,1.4930370555204504,19.03370818915802,39.18892823310253,564,434.9141871622532,706.4820842457475,18.82326492608762,1.4930370555204504,19.4838523644752,39.24059057235718,0.0776114334302882,0.9583111619211174,0.4663431724739363,0.9495340543808524,0.3858369931466868,0.0071357917929115,within,0.0041231653347621,0.0,0.0231034482758618,0.0013165535610221,0.0071357917929115
fish12,15.28,3803,190.15,20.0,18.745653492657333,1.4930370555204504,19.03370818915802,39.18892823310253,564,434.92626181503095,706.4939635860253,18.82326492608762,1.4930370555204504,19.4838523644752,39.24059057235718,0.0776114334302882,0.9583111619211174,0.4663431724739363,0.9495340543808524,0.3858369931466868,0.0071357917929115,within,0.0041231653347621,0.0,0.0231034482758618,0.0013165535610221,0.0071357917929115
fish12,15.28,3804,190.2,20.0,18.745653492657333,1.4930370555204504,19.03370818915802,39.18892823310253,561,434.9424944539199,706.4501962249143,18.82326492608762,1.4930370555204504,19.4838523644752,39.24059057235718,0.0776114334302882,0.9583111619211174,0.4663431724739363,0.9495340543808524,0.3858369931466868,0.0071357917929115,within,0.0041231653347621,0.0,0.0231034482758618,0.0013165535610221,0.0071357917929115
fish12,15.28,3805,190.25,20.0,18.785604636867745,1.4986766341003532,20.162427912341407,39.48484038475698,582,434.8967392645753,706.1331975459863,18.82326492608762,1.4930370555204504,19.4838523644752,39.24059057235718,0.0376602892198754,0.9583111619211174,0.4663431724739363,0.9495340543808524,0.3858369931466868,0.0117074968613339,within,0.0020007309766798,0.0037772529215203,0.0348275862068966,0.006224417340239,0.0117074968613339
fish12,15.28,3806,190.3,20.0,18.785604636867745,1.4986766341003532,20.202739331026525,39.51524345318888,583,434.8964788479086,706.1530478064029,18.82326492608762,1.4930370555204504,19.4838523644752,39.24059057235718,0.0376602892198754,0.9583111619211174,0.4663431724739363,0.9495340543808524,0.3858369931466868,0.0124184347930435,within,0.0020007309766798,0.0037772529215203,0.0368965517241378,0.0069992035498359,0.0124184347930435
fish12,15.28,3807,190.35,20.0,18.785604636867745,1.4986766341003532,20.202739331026525,39.51524345318888,583,428.02035905624194,699.2769280147362,18.82326492608762,1.4930370555204504,19.4838523644752,39.24059057235718,0.0376602892198754,0.9583111619211174,0.4663431724739363,0.9495340543808524,0.3858369931466868,0.0124184347930435,within,0.0020007309766798,0.0037772529215203,0.0368965517241378,0.0069992035498359,0.0124184347930435
fish12,15.28,3808,190.4,20.0,18.785604636867745,1.4986766341003532,20.202739331026525,39.51524345318888,583,428.0435187784642,699.2999314869586,18.82326492608762,1.4930370555204504,19.4838523644752,39.24059057235718,0.0376602892198754,0.9583111619211174,0.4663431724739363,0.9495340543808524,0.3858369931466868,0.0124184347930435,within,0.0020007309766798,0.0037772529215203,0.0368965517241378,0.0069992035498359,0.0124184347930435
fish12,15.28,3809,190.45,20.0,18.785604636867745,1.4986766341003532,20.24305074971165,39.53343294946204,589,428.0406194729087,699.4168368689029,18.82326492608762,1.4930370555204504,19.4838523644752,39.24059057235718,0.0376602892198754,0.9583111619211174,0.4663431724739363,0.9495340543808524,0.3858369931466868,0.0130515606175664,within,0.0020007309766798,0.0037772529215203,0.0389655172413793,0.0074627413306861,0.0130515606175664
fish12,15.28,3810,190.5,20.0,18.95754974851633,1.4986766341003532,20.370703575547864,39.69725495594639,598,428.0420474148221,699.5982648108164,18.82326492608762,1.4930370555204504,19.4838523644752,39.24059057235718,0.1342848224287109,0.9583111619211174,0.4663431724739363,0.9495340543808524,0.3858369931466868,0.0170165067433645,within,0.0071339814296827,0.0037772529215203,0.0455172413793103,0.0116375512429445,0.0170165067433644
fish12,15.28,3811,190.55,20.0,18.95754974851633,1.4986766341003532,19.833217993079582,39.53659507728214,582,428.035780015432,699.2717044426764,18.82326492608762,1.4930370555204504,19.4838523644752,39.24059057235718,0.1342848224287109,0.9583111619211174,0.4663431724739363,0.9495340543808524,0.3858369931466868,0.0090963983122499,within,0.0071339814296827,0.0037772529215203,0.0179310344827585,0.0075433244150378,0.0090963983122498
fish12,15.28,3812,190.6,20.0,18.95754974851633,1.4986766341003532,19.833217993079582,39.53659507728214,582,428.02911334876535,699.2650052239263,18.82326492608762,1.4930370555204504,19.4838523644752,39.24059057235718,0.1342848224287109,0.9583111619211174,0.4663431724739363,0.9495340543808524,0.3858369931466868,0.0090963983122499,within,0.0071339814296827,0.0037772529215203,0.0179310344827585,0.0075433244150378,0.0090963983122498
fish12,15.28,3813,190.65,20.0,18.95754974851633,1.4986766341003532,19.833217993079582,39.53659507728214,582,428.008748765432,699.2451159010096,18.82326492608762,1.4930370555204504,19.4838523644752,39.24059057235718,0.1342848224287109,0.9583111619211174,0.4663431724739363,0.9495340543808524,0.3858369931466868,0.0090963983122499,within,0.0071339814296827,0.0037772529215203,0.0179310344827585,0.0075433244150378,0.0090963983122498
fish12,15.28,3814,190.7,20.0,18.95754974851633,1.4986766341003532,19.90040369088812,39.60985105605096,584,427.986248765432,699.2630260572597,18.82326492608762,1.4930370555204504,19.4838523644752,39.24059057235718,0.1342848224287109,0.9583111619211174,0.4663431724739363,0.9495340543808524,0.3858369931466868,0.0104251777534526,within,0.0071339814296827,0.0037772529215203,0.0213793103448275,0.0094101663177796,0.0104251777534526
fish12,15.28,3815,190.75,20.0,18.95633242035168,1.501789482286046,19.97430795847751,39.64720482765061,590,427.9972774400311,699.3940547318588,18.82326492608762,1.4930370555204504,19.4838523644752,39.24059057235718,0.1330674942640612,0.9583111619211174,0.4663431724739363,0.9495340543808524,0.3858369931466868,0.0121164924616033,within,0.0070693099622497,0.0058621631212928,0.0251724137931035,0.0103620829697673,0.0121164924616033
fish12,15.28,3816,190.8,20.0,18.95633242035168,1.501789482286046,19.97430795847751,39.64720482765061,590,427.9972774400311,699.3946602006088,18.82326492608762,1.4930370555204504,19.4838523644752,39.24059057235718,0.1330674942640612,0.9583111619211174,0.4663431724739363,0.9495340543808524,0.3858369931466868,0.0121164924616033,within,0.0070693099622497,0.0058621631212928,0.0251724137931035,0.0103620829697673,0.0121164924616033
fish12,15.28,3817,190.85,20.0,18.95633242035168,1.501789482286046,19.97430795847751,39.64720482765061,590,427.98509862058665,699.3823446624143,18.82326492608762,1.4930370555204504,19.4838523644752,39.24059057235718,0.1330674942640612,0.9583111619211174,0.4663431724739363,0.9495340543808524,0.3858369931466868,0.0121164924616033,within,0.0070693099622497,0.0058621631212928,0.0251724137931035,0.0103620829697673,0.0121164924616033
fish12,15.28,3818,190.9,20.0,18.9622225801378,1.504823650258439,20.05493079584776,39.71214736441654,598,427.94929132892,699.5055477874143,18.82326492608762,1.4930370555204504,19.4838523644752,39.24059057235718,0.1389576540501771,0.9583111619211174,0.4663431724739363,0.9495340543808524,0.3858369931466868,0.0141510039480463,within,0.0073822290976522,0.0078943752229108,0.0293103448275865,0.0120170666440363,0.0141510039480464
fish12,15.28,3819,190.95,20.0,18.9622225801378,1.504823650258439,20.05493079584776,39.71214736441654,585,427.95837119003113,699.2546276485255,18.82326492608762,1.4930370555204504,19.4838523644752,39.24059057235718,0.1389576540501771,0.9583111619211174,0.4663431724739363,0.9495340543808524,0.3858369931466868,0.0141510039480463,within,0.0073822290976522,0.0078943752229108,0.0293103448275865,0.0120170666440363,0.0141510039480464
fish12,15.28,3820,191.0,20.0,18.9622225801378,1.504823650258439,20.05493079584776,39.71214736441654,584,427.9873902872533,699.2636467457477,18.82326492608762,1.4930370555204504,19.4838523644752,39.24059057235718,0.1389576540501771,0.9583111619211174,0.4663431724739363,0.9495340543808524,0.3858369931466868,0.0141510039480463,within,0.0073822290976522,0.0078943752229108,0.0293103448275865,0.0120170666440363,0.0141510039480464
fish12,15.28,3821,191.05,20.0,18.9622225801378,1.504823650258439,20.05493079584776,39.71214736441654,582,427.869295640432,699.1055520989263,18.82326492608762,1.4930370555204504,19.4838523644752,39.24059057235718,0.1389576540501771,0.9583111619211174,0.4663431724739363,0.9495340543808524,0.3858369931466868,0.0141510039480463,within,0.0073822290976522,0.0078943752229108,0.0293103448275865,0.0120170666440363,0.0141510039480464
fish12,15.28,3822,191.1,20.0,18.9622225801378,1.504823650258439,20.05493079584776,39.71214736441654,582,427.85462983215706,699.0908862906514,18.82326492608762,1.4930370555204504,19.4838523644752,39.24059057235718,0.1389576540501771,0.9583111619211174,0.4663431724739363,0.9495340543808524,0.3858369931466868,0.0141510039480463,within,0.0073822290976522,0.0078943752229108,0.0293103448275865,0.0120170666440363,0.0141510039480464
fish12,15.28,3823,191.15,20.0,18.9622225801378,1.504823650258439,20.05493079584776,39.71214736441654,577,427.86926524882375,699.0053524364848,18.82326492608762,1.4930370555204504,19.4838523644752,39.24059057235718,0.1389576540501771,0.9583111619211174,0.4663431724739363,0.9495340543808524,0.3858369931466868,0.0141510039480463,within,0.0073822290976522,0.0078943752229108,0.0293103448275865,0.0120170666440363,0.0141510039480464
fish12,15.28,3824,191.2,20.0,18.9622225801378,1.504823650258439,20.09524221453288,39.72358738287762,579,427.852034346046,699.0279327316238,18.82326492608762,1.4930370555204504,19.4838523644752,39.24059057235718,0.1389576540501771,0.9583111619211174,0.4663431724739363,0.9495340543808524,0.3858369931466868,0.0147411291594691,within,0.0073822290976522,0.0078943752229108,0.0313793103448279,0.0123086019724862,0.0147411291594693
fish12,15.28,3827,191.35,20.0,18.9622225801378,1.504823650258439,20.09524221453288,39.72358738287762,594,435.5454284432682,705.4086510475958,18.82326492608762,1.4930370555204504,19.4838523644752,39.24059057235718,0.1389576540501771,0.9583111619211174,0.4663431724739363,0.9495340543808524,0.3858369931466868,0.0147411291594691,within,0.0073822290976522,0.0078943752229108,0.0313793103448279,0.0123086019724862,0.0147411291594693
fish12,15.28,3828,191.4,20.0,18.9622225801378,1.504823650258439,20.09524221453288,39.72358738287762,594,435.53706038771264,705.3965395024569,18.82326492608762,1.4930370555204504,19.4838523644752,39.24059057235718,0.1389576540501771,0.9583111619211174,0.4663431724739363,0.9495340543808524,0.3858369931466868,0.0147411291594691,within,0.0073822290976522,0.0078943752229108,0.0313793103448279,0.0123086019724862,0.0147411291594693
fish12,15.28,3829,191.45,20.0,19.15578772474558,1.504823650258439,20.01461937716263,39.83363099417859,599,435.8871646117975,705.8466437265417,18.82326492608762,1.4930370555204504,19.4838523644752,39.24059057235718,0.3325227986579584,0.9583111619211174,0.4663431724739363,0.9495340543808524,0.3858369931466868,0.0169785523924865,within,0.0176655218934472,0.0078943752229108,0.0272413793103449,0.0151129331432432,0.0169785523924865
fish12,15.28,3830,191.5,20.0,19.15578772474558,1.504823650258439,20.01461937716263,39.83363099417859,599,435.86914377846415,705.7865004973751,18.82326492608762,1.4930370555204504,19.4838523644752,39.24059057235718,0.3325227986579584,0.9583111619211174,0.4663431724739363,0.9495340543808524,0.3858369931466868,0.0169785523924865,within,0.0176655218934472,0.0078943752229108,0.0272413793103449,0.0151129331432432,0.0169785523924865
fish12,15.28,3831,191.55,20.0,19.15578772474558,1.504823650258439,19.97430795847751,39.80322792574669,598,435.8626941256864,705.760350323764,18.82326492608762,1.4930370555204504,19.4838523644752,39.24059057235718,0.3325227986579584,0.9583111619211174,0.4663431724739363,0.9495340543808524,0.3858369931466868,0.0162676144607769,within,0.0176655218934472,0.0078943752229108,0.0251724137931035,0.0143381469336462,0.0162676144607769
fish12,15.28,3832,191.6,20.0,19.15578772474558,1.504823650258439,20.034775086505192,39.84116025721047,602,435.8485535006864,705.8260794904306,18.82326492608762,1.4930370555204504,19.4838523644752,39.24059057235718,0.3325227986579584,0.9583111619211174,0.4663431724739363,0.9495340543808524,0.3858369931466868,0.0172851416710572,within,0.0176655218934472,0.0078943752229108,0.0282758620689656,0.0153048074989054,0.0172851416710573
fish12,15.28,3833,191.65,20.0,19.15578772474558,1.504823650258439,20.034775086505192,39.84116025721047,602,435.85509863957526,705.8328948159665,18.82326492608762,1.4930370555204504,19.4838523644752,39.24059057235718,0.3325227986579584,0.9583111619211174,0.4663431724739363,0.9495340543808524,0.3858369931466868,0.0172851416710572,within,0.0176655218934472,0.0078943752229108,0.0282758620689656,0.0153048074989054,0.0172851416710573
fish12,15.28,3834,191.7,20.0,19.15578772474558,1.504823650258439,20.034775086505192,39.84116025721047,602,435.9620430840197,705.9398392604108,18.82326492608762,1.4930370555204504,19.4838523644752,39.24059057235718,0.3325227986579584,0.9583111619211174,0.4663431724739363,0.9495340543808524,0.3858369931466868,0.0172851416710572,within,0.0176655218934472,0.0078943752229108,0.0282758620689656,0.0153048074989054,0.0172851416710573
fish12,15.28,3835,191.75,20.0,19.15578772474558,1.504823650258439,20.034775086505192,39.84116025721047,602,435.98054134790857,705.9580054930498,18.82326492608762,1.4930370555204504,19.4838523644752,39.24059057235718,0.3325227986579584,0.9583111619211174,0.4663431724739363,0.9495340543808524,0.3858369931466868,0.0172851416710572,within,0.0176655218934472,0.0078943752229108,0.0282758620689656,0.0153048074989054,0.0172851416710573
fish12,15.28,3836,191.8,20.0,19.15578772474558,1.504823650258439,20.034775086505192,39.84116025721047,602,435.977720167353,705.9550475937442,18.82326492608762,1.4930370555204504,19.4838523644752,39.24059057235718,0.3325227986579584,0.9583111619211174,0.4663431724739363,0.9495340543808524,0.3858369931466868,0.0172851416710572,within,0.0176655218934472,0.0078943752229108,0.0282758620689656,0.0153048074989054,0.0172851416710573
fish12,15.28,3837,191.85,20.0,19.15578772474558,1.504823650258439,20.034775086505192,39.84116025721047,602,435.86138336179744,705.8388279756886,18.82326492608762,1.4930370555204504,19.4838523644752,39.24059057235718,0.3325227986579584,0.9583111619211174,0.4663431724739363,0.9495340543808524,0.3858369931466868,0.0172851416710572,within,0.0176655218934472,0.0078943752229108,0.0282758620689656,0.0153048074989054,0.0172851416710573
fish12,15.28,3838,191.9,20.0,19.15578772474558,1.504823650258439,20.034775086505192,39.84116025721047,602,435.8509753756864,705.8284199895775,18.82326492608762,1.4930370555204504,19.4838523644752,39.24059057235718,0.3325227986579584,0.9583111619211174,0.4663431724739363,0.9495340543808524,0.3858369931466868,0.0172851416710572,within,0.0176655218934472,0.0078943752229108,0.0282758620689656,0.0153048074989054,0.0172851416710573
fish12,15.28,3839,191.95,20.0,18.9622225801378,1.504823650258439,19.92727797001153,39.48676163696642,593,435.8768173895753,705.6026018472164,18.82326492608762,1.4930370555204504,19.4838523644752,39.24059057235718,0.1389576540501771,0.9583111619211174,0.4663431724739363,0.9495340543808524,0.3858369931466868,0.0110771507971869,within,0.0073822290976522,0.0078943752229108,0.022758620689655,0.0062733781785296,0.0110771507971869
fish12,15.28,3861,193.05,20.0,19.316445143190307,1.496040348978763,18.99339677047289,39.94054122715654,549,434.30765048509767,706.7938125783556,18.82326492608762,1.4930370555204504,19.4838523644752,39.24059057235718,0.4931802171026866,0.9583111619211174,0.4663431724739363,0.9495340543808524,0.3858369931466868,0.01780548198582,within,0.0262005671725512,0.0020115331010761,0.0251724137931035,0.0178374138765494,0.0178054819858201
fish12,15.28,3862,193.1,20.0,19.316445143190307,1.496040348978763,18.99339677047289,39.94054122715654,549,434.3284404156532,706.8150647484945,18.82326492608762,1.4930370555204504,19.4838523644752,39.24059057235718,0.4931802171026866,0.9583111619211174,0.4663431724739363,0.9495340543808524,0.3858369931466868,0.01780548198582,within,0.0262005671725512,0.0020115331010761,0.0251724137931035,0.0178374138765494,0.0178054819858201
fish12,15.28,3863,193.15,20.0,19.316445143190307,1.496040348978763,18.99339677047289,39.94054122715654,549,434.28866611009767,706.775290442939,18.82326492608762,1.4930370555204504,19.4838523644752,39.24059057235718,0.4931802171026866,0.9583111619211174,0.4663431724739363,0.9495340543808524,0.3858369931466868,0.01780548198582,within,0.0262005671725512,0.0020115331010761,0.0251724137931035,0.0178374138765494,0.0178054819858201
fish13,13.88,485,24.25,20.0,31.727272727272727,6.045454545454546,114.52284900160488,71.3498292810101,1507,424.2715960822212,706.8018890048132,31.727272727272727,6.045454545454546,116.39876033057853,70.25047743320465,0.0,2.2628476235794195,0.3117999479030998,0.7871429312949807,0.2111644069532089,0.007941319654584,within,0.0,0.0,0.0161162483487449,0.0156490302695911,0.007941319654584
fish13,13.88,491,24.55,20.0,32.167929292929294,6.045454545454546,116.675534133214,71.29527147687845,1678,423.9815137342475,710.038929052673,31.727272727272727,6.045454545454546,116.39876033057853,70.25047743320465,0.4406565656565675,2.2628476235794195,0.3117999479030998,0.7871429312949807,0.2111644069532089,0.0077847770058995,within,0.0138888888888889,0.0,0.0023778071334215,0.0148724120012879,0.0077847770058996
fish13,13.88,495,24.75,20.0,32.284834129641744,6.058957624041345,118.35667871218492,71.00182256178029,1747,424.05286814731545,711.4926727798838,31.727272727272727,6.045454545454546,116.39876033057853,70.25047743320465,0.5575614023690179,2.2628476235794195,0.3117999479030998,0.7871429312949807,0.2111644069532089,0.0118307939832053,within,0.0175735685560435,0.0022335919466886,0.0168207837956847,0.0106952316344045,0.0118307939832053
fish13,13.88,496,24.8,20.0,32.284834129641744,6.058957624041345,118.0491522648122,70.8914413877805,1735,424.0443004389821,711.2484214778004,31.727272727272727,6.045454545454546,116.39876033057853,70.25047743320465,0.5575614023690179,2.2628476235794195,0.3117999479030998,0.7871429312949807,0.2111644069532089,0.0107774791054998,within,0.0175735685560435,0.0022335919466886,0.014178775869661,0.0091239800496059,0.0107774791054997
fish13,13.88,497,24.85,20.0,32.167929292929294,6.182851239669422,116.86005000163765,70.5108081961391,1880,427.3921341627334,716.4430422892996,31.727272727272727,6.045454545454546,116.39876033057853,70.25047743320465,0.4406565656565675,2.2628476235794195,0.3117999479030998,0.7871429312949807,0.2111644069532089,0.0110712310762494,within,0.0138888888888889,0.0227272727272728,0.0039630118890358,0.0037057507998002,0.0110712310762494
fish13,13.88,498,24.9,20.0,31.286616161616163,6.182851239669422,116.34750592268308,70.66546713517107,1857,427.04841020440006,716.7151777059662,31.727272727272727,6.045454545454546,116.39876033057853,70.25047743320465,0.4406565656565639,2.2628476235794195,0.3117999479030998,0.7871429312949807,0.2111644069532089,0.010740945710442,within,0.0138888888888888,0.0227272727272728,0.0004403346543371,0.0059072865712691,0.010740945710442
fish13,13.88,499,24.95,20.0,31.286609437730576,6.182850191415835,119.66879155430854,71.05961310549483,1881,426.9188615932888,717.2577059177717,31.727272727272727,6.045454545454546,116.39876033057853,70.25047743320465,0.4406632895421509,2.2628476235794195,0.3117999479030998,0.7871429312949807,0.2111644069532089,0.0190568545826123,within,0.0138891008165147,0.0227270993319426,0.0280933509467193,0.0115178672352728,0.0190568545826123
fish13,13.88,501,25.05,20.0,31.72726600338714,6.182850191415835,118.37718047534308,70.54359807939757,1848,426.48036332940006,716.1347610392996,31.727272727272727,6.045454545454546,116.39876033057853,70.25047743320465,6.723885586978895e-06,2.2628476235794195,0.3117999479030998,0.7871429312949807,0.2111644069532089,0.0109741841121626,within,2.119276259506242e-07,0.0227270993319426,0.0169969176574195,0.0041725075316622,0.0109741841121626
fish13,13.88,502,25.1,20.0,31.727272727272727,6.182851239669422,115.99897594899396,69.95446207467413,1859,426.4212921488445,715.0167510566606,31.727272727272727,6.045454545454546,116.39876033057853,70.25047743320465,0.0,2.2628476235794195,0.3117999479030998,0.7871429312949807,0.2111644069532089,0.0075938990380747,within,0.0,0.0227272727272728,0.003434610303831,0.0042137131211952,0.0075938990380747
fish13,13.88,503,25.15,20.0,31.727272727272727,6.045454545454546,116.73703942268853,70.30025712402072,1863,426.3125595099556,714.9872534101276,31.727272727272727,6.045454545454546,116.39876033057853,70.25047743320465,0.0,2.2628476235794195,0.3117999479030998,0.7871429312949807,0.2111644069532089,0.0009037029003167,within,0.0,0.0,0.0029062087186261,0.0007086028826408,0.0009037029003167
fish13,13.88,504,25.2,20.0,31.727272727272727,6.045454545454546,116.47051650163216,70.1937608857799,1864,426.2064310377333,714.9033840524885,31.727272727272727,6.045454545454546,116.39876033057853,70.25047743320465,0.0,2.2628476235794195,0.3117999479030998,0.7871429312949807,0.2111644069532089,0.000355954004357,within,0.0,0.0,0.0006164685160722,0.0008073475013558,0.000355954004357
fish13,13.88,505,25.25,20.0,31.727272727272727,6.045454545454546,116.450014738474,70.13196938129718,1877,429.8031497877334,718.7597577504052,31.727272727272727,6.045454545454546,116.39876033057853,70.25047743320465,0.0,2.2628476235794195,0.3117999479030998,0.7871429312949807,0.2111644069532089,0.0005318176369233,within,0.0,0.0,0.0004403346543374,0.001686935893356,0.0005318176369233
fish13,13.88,506,25.3,20.0,31.286616161616163,6.045454545454546,115.83496184372852,69.88272305893372,1827,429.6550811223349,717.6175289287568,31.727272727272727,6.045454545454546,116.39876033057853,70.25047743320465,0.4406565656565639,2.2628476235794195,0.3117999479030998,0.7871429312949807,0.2111644069532089,0.0059918680552968,within,0.0138888888888888,0.0,0.0048436811977102,0.0052349021345883,0.0059918680552968
fish13,13.88,507,25.35,20.0,31.286616161616163,6.182851239669422,117.14707468585216,70.20069774238857,1862,429.6062877195571,718.2690870884791,31.727272727272727,6.045454545454546,116.39876033057853,70.25047743320465,0.4406565656565639,2.2628476235794195,0.3117999479030998,0.7871429312949807,0.2111644069532089,0.0109384126130318,within,0.0138888888888888,0.0227272727272728,0.0064288859533244,0.000708602882641,0.0109384126130317
fish13,13.88,508,25.4,20.0,31.286616161616163,6.182851239669422,114.78937192266125,69.73008847927471,1842,429.8525116778905,718.1136866727936,31.727272727272727,6.045454545454546,116.39876033057853,70.25047743320465,0.4406565656565639,2.2628476235794195,0.3117999479030998,0.7871429312949807,0.2111644069532089,0.0144625728401804,within,0.0138888888888888,0.0227272727272728,0.013826508146191,0.0074076215983689,0.0144625728401804
fish13,13.88,509,25.45,20.0,31.286616161616163,6.045454545454546,111.46808629103576,69.14277285980792,1808,430.1929977890016,717.7742248672381,31.727272727272727,6.045454545454546,116.39876033057853,70.25047743320465,0.4406565656565639,2.2628476235794195,0.3117999479030998,0.7871429312949807,0.2111644069532089,0.0180042530265204,within,0.0138888888888888,0.0,0.0423601937472477,0.0157679294699449,0.0180042530265203
fish13,13.88,510,25.5,20.0,31.286616161616163,6.045454545454546,111.57059510682669,69.21711561568713,1856,430.1519908445572,718.6914080269603,31.727272727272727,6.045454545454546,116.39876033057853,70.25047743320465,0.4406565656565639,2.2628476235794195,0.3117999479030998,0.7871429312949807,0.2111644069532089,0.0175195225298348,within,0.0138888888888888,0.0,0.041479524438573,0.0147096767918773,0.0175195225298348
fish13,13.88,511,25.55,20.0,31.286616161616163,6.045454545454546,114.21532255423212,69.77996186669479,1900,430.0731279973349,719.3312105443214,31.727272727272727,6.045454545454546,116.39876033057853,70.25047743320465,0.4406565656565639,2.2628476235794195,0.3117999479030998,0.7871429312949807,0.2111644069532089,0.0098362075322406,within,0.0138888888888888,0.0,0.018758256274769,0.0066976849653048,0.0098362075322406
fish14,12.32,699,34.95,20.0,19.14282247612492,1.591667158902503,21.728441881271912,39.91940624841632,1800,420.3338533980004,713.0150414795194,19.23723999023437,1.509253692626953,20.4362,39.91864342451096,0.0944175141094518,1.3006609166117644,0.1821431329149326,0.836008531162469,0.1540579320018248,0.0306913985771903,within,0.0049080592723998,0.0546054428610368,0.0632329827106758,1.91094646491231e-05,0.0306913985771904
fish14,12.32,700,35.0,20.0,19.14282247612492,1.591667158902503,21.698791971950182,39.917880600605606,1754,419.9318525375367,711.6930406190558,19.23723999023437,1.509253692626953,20.4362,39.91864342451096,0.0944175141094518,1.3006609166117644,0.1821431329149326,0.836008531162469,0.1540579320018248,0.0303286854832476,within,0.0049080592723998,0.0546054428610368,0.0617821303349048,1.9109464648945103e-05,0.0303286854832476
fish14,12.32,701,35.05,20.0,19.021878780759216,1.489062202882938,20.404079264901466,39.43224802117636,1731,419.7238837875366,711.0250523378055,19.23723999023437,1.509253692626953,20.4362,39.91864342451096,0.2153612094751551,1.3006609166117644,0.1821431329149326,0.836008531162469,0.1540579320018248,0.0095824750301567,within,0.0111950159994095,0.0133784597265888,0.0015717567404181,0.0121846676542104,0.0095824750301567
fish14,12.32,702,35.1,20.0,19.021878780759216,1.489062202882938,20.186646596542133,39.86421530780503,1739,419.45209126036855,710.9132598106374,19.23723999023437,1.509253692626953,20.4362,39.91864342451096,0.2153612094751551,1.3006609166117644,0.1821431329149326,0.836008531162469,0.1540579320018248,0.0095370731666824,within,0.0111950159994095,0.0133784597265888,0.012211340829404,0.0013634761113276,0.0095370731666825
fish14,12.32,703,35.15,20.0,18.98078223404277,1.4960828735765774,20.44361247733044,39.92043096173326,1731,419.0825989717271,710.3833573657461,19.23723999023437,1.509253692626953,20.4362,39.91864342451096,0.256457756191601,1.3006609166117644,0.1821431329149326,0.836008531162469,0.1540579320018248,0.0056163800122714,within,0.0133313176069846,0.0087267098399149,0.0003627130939429,4.477950824354073e-05,0.0056163800122715
fish14,12.32,704,35.2,20.0,18.87577125263189,1.46382347865773,20.6462201910289,39.970546674865695,1760,418.7281109739515,710.6088693679706,19.23723999023437,1.509253692626953,20.4362,39.91864342451096,0.3614687376024825,1.3006609166117644,0.1821431329149326,0.836008531162469,0.1540579320018248,0.0151170650948446,within,0.0187900518882115,0.0301011116892806,0.010276870995043,0.0013002258068435,0.0151170650948446
fish14,12.32,705,35.25,20.0,18.87577125263189,1.46382347865773,20.63139523636804,39.96646036704735,1757,418.60877947845466,710.4295378724736,19.23723999023437,1.509253692626953,20.4362,39.91864342451096,0.3614687376024825,1.3006609166117644,0.1821431329149326,0.836008531162469,0.1540579320018248,0.01491011707314,within,0.0187900518882115,0.0301011116892806,0.0095514448071578,0.0011978599079102,0.01491011707314
fish14,12.32,706,35.3,20.0,18.743070779619,1.4301563594544604,20.394195961794225,39.73316796660615,1729,418.3967266770351,709.6574850710541,19.23723999023437,1.509253692626953,20.4362,39.91864342451096,0.4941692106153788,1.3006609166117644,0.1821431329149326,0.836008531162469,0.1540579320018248,0.0211995271459484,within,0.0256881554145104,0.0524082422715949,0.0020553741990083,0.0046463366986795,0.0211995271459483
fish14,12.32,707,35.35,20.0,18.549141920716664,1.4056589827162036,19.16866637649619,38.79578821803952,1633,418.1616618135242,707.5024202075431,19.23723999023437,1.509253692626953,20.4362,39.91864342451096,0.6880980695177072,1.3006609166117644,0.1821431329149326,0.836008531162469,0.1540579320018248,0.0486403218229058,within,0.0357690640584103,0.0686396928606722,0.0620239390642002,0.0281285913083404,0.0486403218229058
fish14,12.32,3161,158.05,20.0,19.24964026014924,1.4762904355658948,18.966058662797725,38.34371193910473,1666,424.9680988712264,709.4502798470768,19.23723999023437,1.509253692626953,20.4362,39.91864342451096,0.0124002699148668,1.3006609166117644,0.1821431329149326,0.836008531162469,0.1540579320018248,0.033469248141251,within,0.0006445971418541,0.0218407662158398,0.0719380969653005,0.0394535322420097,0.033469248141251
fish14,12.32,3163,158.15,20.0,19.24964026014924,1.522424511677329,20.42878752266957,39.77194176048054,1833,424.9640711081423,712.7862520839926,19.23723999023437,1.509253692626953,20.4362,39.91864342451096,0.0124002699148668,1.3006609166117644,0.1821431329149326,0.836008531162469,0.1540579320018248,0.0033522590862339,within,0.0006445971418541,0.0087267098399151,0.0003627130939426,0.0036750162692238,0.0033522590862339
fish14,12.32,3164,158.2,20.0,19.24964026014924,1.522424511677329,21.011902405996857,39.8580726064634,1880,424.760867978395,713.5229903604954,19.23723999023437,1.509253692626953,20.4362,39.91864342451096,0.0124002699148668,1.3006609166117644,0.1821431329149326,0.836008531162469,0.1540579320018248,0.0097648451423275,within,0.0006445971418541,0.0087267098399151,0.0281707169628823,0.0015173566246584,0.0097648451423275
fish15,9.61,3859,192.95,20.0,19.40233925208123,1.351371536494138,19.444010416666664,39.467989355226045,1059,441.3615364455989,730.2429133969332,20.03411102294922,1.539608319600423,24.11176215277778,41.40093262990316,0.6317717708679886,0.930594170929992,0.3135945272968448,0.8886264027994805,0.2586601508122255,0.0985185349502767,within,0.0315348043217035,0.1222627734014443,0.1935881627620223,0.0466883993159367,0.0985185349502767
fish15,9.61,3860,193.0,20.0,19.40233925208123,1.351371536494138,19.444010416666664,39.467989355226045,1055,441.38852429078656,725.0348817108709,20.03411102294922,1.539608319600423,24.11176215277778,41.40093262990316,0.6317717708679886,0.930594170929992,0.3135945272968448,0.8886264027994805,0.2586601508122255,0.0985185349502767,within,0.0315348043217035,0.1222627734014443,0.1935881627620223,0.0466883993159367,0.0985185349502767
fish15,9.61,3861,193.05,20.0,19.545717235874832,1.4105709424420498,20.497333829365083,39.975836233232194,1085,441.9173567549905,726.1639290188248,20.03411102294922,1.539608319600423,24.11176215277778,41.40093262990316,0.4883937870743864,0.930594170929992,0.3135945272968448,0.8886264027994805,0.2586601508122255,0.0731287232752323,within,0.0243781112381242,0.0838118211727139,0.1499031178439315,0.0344218428461595,0.0731287232752323
fish15,9.61,3862,193.1,20.0,19.557660101239136,1.4110855954680217,20.55254836309524,40.0776403196885,1081,441.9481857469348,726.1147580107692,20.03411102294922,1.539608319600423,24.11176215277778,41.40093262990316,0.4764509217100823,0.930594170929992,0.3135945272968448,0.8886264027994805,0.2586601508122255,0.0717088922200652,within,0.0237819846942199,0.0834775458772248,0.1476131759732252,0.0319628623355907,0.0717088922200652
fish15,9.61,3863,193.15,20.0,19.595734033445925,1.415973715278307,20.97302827380952,40.18934695663788,1075,441.9444531102311,725.921149071982,20.03411102294922,1.539608319600423,24.11176215277778,41.40093262990316,0.4383769895032934,0.930594170929992,0.3135945272968448,0.8886264027994805,0.2586601508122255,0.0654058117662074,within,0.0218815294075753,0.0803026346039772,0.1301743878809232,0.029264695172354,0.0654058117662074
fish15,9.61,3864,193.2,20.0,19.58481705440951,1.473232333014333,21.89893353174603,40.4858688685543,1102,442.0018229018977,726.5191959469819,20.03411102294922,1.539608319600423,24.11176215277778,41.40093262990316,0.4492939685397097,0.930594170929992,0.3135945272968448,0.8886264027994805,0.2586601508122255,0.0448537549354336,within,0.0224264489712091,0.0431122550723268,0.0917738242029241,0.0221024914952743,0.0448537549354336
fish15,9.61,3865,193.25,20.0,19.57980652603717,1.475432724005747,21.45721726190476,40.35017731776323,1059,441.92681421915694,725.5851638267411,20.03411102294922,1.539608319600423,24.11176215277778,41.40093262990316,0.4543044969120444,0.930594170929992,0.3135945272968448,0.8886264027994805,0.2586601508122255,0.0499582414023232,within,0.022676548831722,0.0416830662563136,0.110093359168575,0.0253799913526823,0.0499582414023232
fish15,9.61,3866,193.3,20.0,19.60247142438368,1.531496085019492,22.29817708333333,40.49606181287588,1064,441.8868966930814,725.6448101027489,20.03411102294922,1.539608319600423,24.11176215277778,41.40093262990316,0.4316395985655461,0.930594170929992,0.3135945272968448,0.8886264027994805,0.2586601508122255,0.0309715829943094,within,0.0215452334306771,0.0052690249056567,0.0752157829839706,0.0218562906569333,0.0309715829943094
fish15,9.61,3867,193.35,20.0,19.60247142438368,1.4838579452363192,21.93291170634921,40.41834190822498,1089,441.8688932237225,726.1264420500568,20.03411102294922,1.539608319600423,24.11176215277778,41.40093262990316,0.4316395985655461,0.930594170929992,0.3135945272968448,0.8886264027994805,0.2586601508122255,0.0429635387372147,within,0.0215452334306771,0.0362107515621719,0.0903646292055662,0.0237335407504436,0.0429635387372147
fish15,9.61,3868,193.4,20.0,19.637119283382223,1.5377743533255843,22.395864335317462,40.550297539628914,1107,441.8480772515003,726.4655544632511,20.03411102294922,1.539608319600423,24.11176215277778,41.40093262990316,0.3969917395669959,0.930594170929992,0.3135945272968448,0.8886264027994805,0.2586601508122255,0.0281794015291369,within,0.0198157901347476,0.0011911901562825,0.0711643473665668,0.0205462784589506,0.0281794015291369
fish15,9.61,3869,193.45,20.0,19.933205009649487,1.5377743533255843,22.6039806547619,40.92719304169157,1126,441.83215277408544,726.8292328504197,20.03411102294922,1.539608319600423,24.11176215277778,41.40093262990316,0.1009060132997312,0.930594170929992,0.3135945272968448,0.8886264027994805,0.2586601508122255,0.0200509139777068,within,0.0050367102979584,0.0011911901562825,0.0625330280077507,0.0114427274488357,0.0200509139777068
fish15,9.61,3870,193.5,20.0,19.96266536797116,1.4992928750887495,23.032955109126984,41.03406309619062,1152,441.8355295138135,727.3526095901477,20.03411102294922,1.539608319600423,24.11176215277778,41.40093262990316,0.0714456549780599,0.930594170929992,0.3135945272968448,0.8886264027994805,0.2586601508122255,0.0208387612345039,within,0.0035662004116987,0.0261855200432644,0.0447419411661088,0.0088613833169438,0.0208387612345039
fish15,9.61,3871,193.55,20.0,19.975524894569144,1.520465839321105,23.30053323412698,41.05448215734225,1097,441.8480729039323,726.2647753760999,20.03411102294922,1.539608319600423,24.11176215277778,41.40093262990316,0.0585861283800746,0.930594170929992,0.3135945272968448,0.8886264027994805,0.2586601508122255,0.0143425935165131,within,0.0029243188436444,0.0124333442705,0.0336445305619166,0.0083681803899913,0.0143425935165131
fish15,9.61,3872,193.6,20.0,19.98231758935206,1.5392826508943294,23.483165922619047,41.24348828347058,1136,441.86105033245326,727.0583778046209,20.03411102294922,1.539608319600423,24.11176215277778,41.40093262990316,0.0517934335971581,0.930594170929992,0.3135945272968448,0.8886264027994805,0.2586601508122255,0.0081674536716096,within,0.0025852623826347,0.0002115269851089,0.0260701074511185,0.0038029178675761,0.0081674536716096
fish15,9.61,3873,193.65,20.0,20.002774481680177,1.5612956658746382,24.11176215277778,41.388115218001694,1154,441.8901475546755,727.4478461205931,20.03411102294922,1.539608319600423,24.11176215277778,41.40093262990316,0.0313365412690416,0.930594170929992,0.3135945272968448,0.8886264027994805,0.2586601508122255,0.0039900066791348,within,0.0015641593097465,0.0140862750597786,0.0,0.0003095923470141,0.0039900066791348
fish15,9.61,3874,193.7,20.0,20.03760622596392,1.5399339883065164,23.80595858134921,41.40093262990316,1137,441.89595050272993,727.1139225061474,20.03411102294922,1.539608319600423,24.11176215277778,41.40093262990316,0.0034952030146975,0.930594170929992,0.3135945272968448,0.8886264027994805,0.2586601508122255,0.0032671861392956,within,0.0001744625958545,0.0002115269851086,0.0126827549762197,0.0,0.0032671861392957
fish15,9.61,3875,193.75,20.0,20.03411102294922,1.586351724041792,24.28590029761905,41.47536361855797,1116,441.9553210828992,726.7532279821502,20.03411102294922,1.539608319600423,24.11176215277778,41.40093262990316,0.0,0.930594170929992,0.3135945272968448,0.8886264027994805,0.2586601508122255,0.009845128925837,within,0.0,0.0303605818741614,0.0072221243614586,0.001797809467728,0.009845128925837
fish15,9.61,3876,193.8,20.0,20.19396263962262,1.5990425603800045,24.532242063492067,41.74346594369472,1095,441.961505913459,726.3397122918765,20.03411102294922,1.539608319600423,24.11176215277778,41.40093262990316,0.1598516166734001,0.930594170929992,0.3135945272968448,0.8886264027994805,0.2586601508122255,0.0180737016783819,within,0.007978972288328,0.0386034811730599,0.0174387880923023,0.0082735651598379,0.018073701678382
fish15,9.61,3877,193.85,20.0,20.214196933973927,1.6555166249142648,25.271267361111114,42.02241992165025,1109,441.709387836202,726.3674249437862,20.03411102294922,1.539608319600423,24.11176215277778,41.40093262990316,0.1800859110247081,0.930594170929992,0.3135945272968448,0.8886264027994805,0.2586601508122255,0.0368433642077192,within,0.0089889644126669,0.0752842809682423,0.0480887792848336,0.0150114321651343,0.0368433642077192
fish15,9.61,3878,193.9,20.0,20.234431228325228,1.6618620972801934,25.64502728174603,42.20072768343211,1107,441.8026907524956,726.4207278600799,20.03411102294922,1.539608319600423,24.11176215277778,41.40093262990316,0.2003202053760091,0.930594170929992,0.3135945272968448,0.8886264027994805,0.2586601508122255,0.0430782331308048,within,0.0099989565370053,0.0794057658193864,0.0635899242557688,0.0193182859110588,0.0430782331308048
fish15,9.61,3879,193.95,20.0,20.395973760064688,1.723498517546329,26.31609623015873,42.62800930790975,1117,441.75795963421086,726.5754108042951,20.03411102294922,1.539608319600423,24.11176215277778,41.40093262990316,0.3618627371154694,0.930594170929992,0.3135945272968448,0.8886264027994805,0.2586601508122255,0.0646405797867045,within,0.0180623306270466,0.1194395974643936,0.0914215254535846,0.029638865601793,0.0646405797867045
fish15,9.61,3880,194.0,20.0,20.395973760064688,1.7799644525572222,26.77055431547619,42.67984060371026,1109,441.74795520379325,726.4054063738774,20.03411102294922,1.539608319600423,24.11176215277778,41.40093262990316,0.3618627371154694,0.930594170929992,0.3135945272968448,0.8886264027994805,0.2586601508122255,0.0788344393103442,within,0.0180623306270466,0.1561151170053297,0.1102695085432446,0.0308908010657559,0.0788344393103442
fish15,9.61,3881,194.05,20.0,20.68184901391757,1.7678886417601567,26.783296130952383,42.83003858076206,1101,441.6970522203046,729.8173484424723,20.03411102294922,1.539608319600423,24.11176215277778,41.40093262990316,0.6477379909683556,0.930594170929992,0.3135945272968448,0.8886264027994805,0.2586601508122255,0.0814800222731079,within,0.0323317560847278,0.1482716865410155,0.1107979566672538,0.0345186897994341,0.0814800222731078
fish15,9.61,3882,194.1,20.0,20.818159166298543,1.780906501725024,27.16979786706349,43.15394889053163,1129,441.6888401406181,730.3686806336191,20.03411102294922,1.539608319600423,24.11176215277778,41.40093262990316,0.7840481433493238,0.930594170929992,0.3135945272968448,0.8886264027994805,0.2586601508122255,0.0912581590014831,within,0.0391356592988424,0.1567269928673972,0.1268275497621982,0.0423424340774946,0.0912581590014831
fish15,9.61,3883,194.15,20.0,20.82455782118463,1.7463273030981346,27.08909970238095,43.22162602941059,1127,441.6703982916185,730.3099653471194,20.03411102294922,1.539608319600423,24.11176215277778,41.40093262990316,0.7904467982354113,0.930594170929992,0.3135945272968448,0.8886264027994805,0.2586601508122255,0.0852950312820581,within,0.0394550473105569,0.1342672554220553,0.1234807116434734,0.0439771107521469,0.0852950312820581
fish15,9.61,3884,194.2,20.0,20.86690535802688,1.7463273030981346,27.208023313492063,43.56726229734085,1124,441.6136450948079,730.5246053794756,20.03411102294922,1.539608319600423,24.11176215277778,41.40093262990316,0.8327943350776543,0.930594170929992,0.3135945272968448,0.8886264027994805,0.2586601508122255,0.0891436483424643,within,0.041568819006927,0.1342672554220553,0.1284128941342257,0.0523256248066495,0.0891436483424644
fish15,9.61,3885,194.25,20.0,20.86690535802688,1.752967389390894,27.26748511904762,43.5697324206105,1110,441.5738577609403,730.2053128372747,20.03411102294922,1.539608319600423,24.11176215277778,41.40093262990316,0.8327943350776543,0.930594170929992,0.3135945272968448,0.8886264027994805,0.2586601508122255,0.0908532973373714,within,0.041568819006927,0.1385800966870874,0.1308789853796019,0.0523852882758697,0.0908532973373715
fish15,9.61,3886,194.3,20.0,20.86690535802688,1.802767548815187,27.66248139880953,43.58652139573098,1113,441.55558091717,730.2466583893375,20.03411102294922,1.539608319600423,24.11176215277778,41.40093262990316,0.8327943350776543,0.930594170929992,0.3135945272968448,0.8886264027994805,0.2586601508122255,0.1031366488827405,within,0.041568819006927,0.170926089359573,0.147260877223886,0.0527908099405763,0.1031366488827406
fish15,9.61,3887,194.35,20.0,21.04638016156246,1.8015149518547544,27.717695932539684,43.72744829016796,1119,441.52150133456,730.3325788067276,20.03411102294922,1.539608319600423,24.11176215277778,41.40093262990316,1.0122691386132416,0.930594170929992,0.3135945272968448,0.8886264027994805,0.2586601508122255,0.1065963428688343,within,0.0505272800701603,0.1701125077852946,0.1495508190945922,0.05619476452529,0.1065963428688342
fish15,9.61,3888,194.4,20.0,21.01297940427248,1.776042011729326,27.66248139880953,43.74941783974069,1051,441.5003339608464,728.9512356517639,20.03411102294922,1.539608319600423,24.11176215277778,41.40093262990316,0.9788683813232596,0.930594170929992,0.3135945272968448,0.8886264027994805,0.2586601508122255,0.1016034526169281,within,0.0488600856909477,0.1535674295331587,0.147260877223886,0.0567254180197201,0.1016034526169281
fish15,9.61,3889,194.45,20.0,20.986487479840264,1.7818102879361772,27.993768601190474,43.88322099557472,1050,441.4592056342042,728.8901073251218,20.03411102294922,1.539608319600423,24.11176215277778,41.40093262990316,0.9523764568910452,0.930594170929992,0.3135945272968448,0.8886264027994805,0.2586601508122255,0.1064523987675517,within,0.047537744789379,0.1573140163328119,0.1610005284481239,0.0599573054998921,0.1064523987675517
fish15,9.61,3890,194.5,20.0,20.986487479840264,1.7818102879361772,28.26984126984128,44.04856297142852,1052,441.42347214980896,728.8993347782265,20.03411102294922,1.539608319600423,24.11176215277778,41.40093262990316,0.9523764568910452,0.930594170929992,0.3135945272968448,0.8886264027994805,0.2586601508122255,0.1103132454974244,within,0.047537744789379,0.1573140163328119,0.1724502378016561,0.0639509830658505,0.1103132454974244
fish15,9.61,3891,194.55,20.0,20.986487479840264,1.7818102879361772,28.303819444444443,44.11168511023808,1048,441.4442186775868,728.8404458893377,20.03411102294922,1.539608319600423,24.11176215277778,41.40093262990316,0.9523764568910452,0.930594170929992,0.3135945272968448,0.8886264027994805,0.2586601508122255,0.111046707995983,within,0.047537744789379,0.1573140163328119,0.1738594327990134,0.0654756380627278,0.111046707995983
fish15,9.61,3892,194.6,20.0,21.347172245053628,1.7873958124577314,28.51193576388889,44.47582666585818,1045,441.5017707934721,728.838388630223,20.03411102294922,1.539608319600423,24.11176215277778,41.40093262990316,1.313061222104409,0.930594170929992,0.3135945272968448,0.8886264027994805,0.2586601508122255,0.1208112654882699,within,0.0655412771048482,0.1609419030170069,0.1824907521578298,0.0742711296733947,0.1208112654882699
fish15,9.61,3893,194.65,20.0,21.344458208851947,1.7533894742441238,28.121186755952376,44.4663795654597,1009,441.4938541539322,728.1104719906831,20.03411102294922,1.539608319600423,24.11176215277778,41.40093262990316,1.310347185902728,0.930594170929992,0.3135945272968448,0.8886264027994805,0.2586601508122255,0.1111470018764408,within,0.0654058063470705,0.1388542474875581,0.1662850096882153,0.0740429439829193,0.1111470018764408
fish15,9.61,3894,194.7,20.0,21.32057800850785,1.7550086585115987,27.717695932539684,44.4007965947544,984,441.4998090150433,727.6179242476275,20.03411102294922,1.539608319600423,24.11176215277778,41.40093262990316,1.2864669855586364,0.930594170929992,0.3135945272968448,0.8886264027994805,0.2586601508122255,0.1065323579175013,within,0.064213829307673,0.139905933326652,0.1495508190945922,0.0724588499410877,0.1065323579175012
fish15,9.61,3895,194.75,20.0,21.32057800850785,1.7550086585115987,27.675223214285715,44.34944516770055,979,441.50778644559887,727.5262337094332,20.03411102294922,1.539608319600423,24.11176215277778,41.40093262990316,1.2864669855586364,0.930594170929992,0.3135945272968448,0.8886264027994805,0.2586601508122255,0.1057818983076911,within,0.064213829307673,0.139905933326652,0.147789325347895,0.0712185052485444,0.1057818983076911
fish15,9.61,3896,194.8,20.0,21.31788747644037,1.7600651136524097,28.116939484126984,44.38895011222846,985,441.482083333258,727.6301985658423,20.03411102294922,1.539608319600423,24.11176215277778,41.40093262990316,1.28377645349115,0.930594170929992,0.3135945272968448,0.8886264027994805,0.2586601508122255,0.1113878206499561,within,0.0640795317556429,0.1431901810644944,0.1661088603135458,0.0721727094661414,0.1113878206499561
fish15,9.61,3897,194.85,20.0,21.30228211392973,1.7083397747010969,27.331194196428573,44.26165141724808,874,445.4435582892525,727.3385321329754,20.03411102294922,1.539608319600423,24.11176215277778,41.40093262990316,1.2681710909805162,0.930594170929992,0.3135945272968448,0.8886264027994805,0.2586601508122255,0.0938783757404777,within,0.0633005921514467,0.1095937537830822,0.1335212259996477,0.0690979310277342,0.0938783757404777
fish15,9.61,3898,194.9,20.0,21.30228211392973,1.7083397747010969,27.331194196428573,44.26165141724808,872,439.2533065531414,722.902564251031,20.03411102294922,1.539608319600423,24.11176215277778,41.40093262990316,1.2681710909805162,0.930594170929992,0.3135945272968448,0.8886264027994805,0.2586601508122255,0.0938783757404777,within,0.0633005921514467,0.1095937537830822,0.1335212259996477,0.0690979310277342,0.0938783757404777
fish15,9.61,3899,194.95,20.0,21.30228211392973,1.7083397747010969,27.331194196428573,44.26165141724808,871,439.1660409281414,722.1362231051975,20.03411102294922,1.539608319600423,24.11176215277778,41.40093262990316,1.2681710909805162,0.930594170929992,0.3135945272968448,0.8886264027994805,0.2586601508122255,0.0938783757404777,within,0.0633005921514467,0.1095937537830822,0.1335212259996477,0.0690979310277342,0.0938783757404777
fish15,9.61,3902,195.1,20.0,21.27433431577344,1.752530129427379,27.85785590277778,44.31779728921978,863,439.0965139340813,721.9065268403042,20.03411102294922,1.539608319600423,24.11176215277778,41.40093262990316,1.240223292824222,0.930594170929992,0.3135945272968448,0.8886264027994805,0.2586601508122255,0.1065048750840283,within,0.0619055815056399,0.1382960894120238,0.1553637484586929,0.0704540809597565,0.1065048750840283
fish2,16.0,4950,247.5,20.0,28.361880123697013,3.3423041334211923,61.13408194144018,54.64194463266327,2174,469.4091579427084,773.973711774434,24.59605212089343,3.237973922338241,56.95595003287311,52.13504557120494,3.765828002803584,0.986696716312795,0.3265191201271009,0.8372911875435075,0.2912955753430181,0.0766924529960139,fill,0.1531070101939105,0.0322208311695145,0.0733572507552869,0.0480847198653438,0.0766924529960139
fish2,16.0,4951,247.55,20.0,27.174356349845223,3.3240992503992213,60.75229640024552,53.41312674523753,1980,469.1302603922526,769.8238637031449,24.59605212089343,3.237973922338241,56.95595003287311,52.13504557120494,2.5783042289517937,0.986696716312795,0.3265191201271009,0.8372911875435075,0.2912955753430181,0.0556483397527041,fill,0.1048259377675338,0.0265985243015133,0.0666540785498491,0.0245148183919204,0.0556483397527042
fish2,16.0,4952,247.6,20.0,26.821857323076177,3.22741539652802,57.07424977803202,52.27480852723861,1926,469.0318619586521,768.6386358424609,24.59605212089343,3.237973922338241,56.95595003287311,52.13504557120494,2.225805202182748,0.986696716312795,0.3265191201271009,0.8372911875435075,0.2912955753430181,0.0246282696976122,fill,0.0904944090719343,0.0032608433741172,0.0020770392749243,0.0026807870694729,0.0246282696976122
fish2,16.0,4953,247.65,20.0,26.254330049193133,3.1803085325487324,53.93392927017724,51.195332521894215,1910,468.7575173246408,768.0275594376164,24.59605212089343,3.237973922338241,56.95595003287311,52.13504557120494,1.6582779282997038,0.986696716312795,0.3265191201271009,0.8372911875435075,0.2912955753430181,0.0390782737256917,fill,0.0674204917174922,0.0178090964203525,0.0530589123867069,0.018024594378215,0.0390782737256917
fish2,16.0,4954,247.7,20.0,26.476251185809115,3.223601910791001,56.95595003287311,51.88848217628439,1996,468.5391319079741,769.4572469376163,24.59605212089343,3.237973922338241,56.95595003287311,52.13504557120494,1.8801990649156863,0.986696716312795,0.3265191201271009,0.8372911875435075,0.2912955753430181,0.021402756822832,fill,0.0764431241109026,0.0044385816229371,0.0,0.0047293215574885,0.0214027568228321
fish2,16.0,4955,247.75,20.0,26.45512686898147,3.237973922338241,58.18196557361095,52.13504557120494,1997,466.9661935447221,767.909901022281,24.59605212089343,3.237973922338241,56.95595003287311,52.13504557120494,1.859074748088041,0.986696716312795,0.3265191201271009,0.8372911875435075,0.2912955753430181,0.0242774884930831,fill,0.0755842742140242,0.0,0.0215256797583083,0.0,0.0242774884930831
fish2,16.0,4956,247.8,20.0,26.418818258350854,2.954195202519996,53.81025226387474,51.05962927636,1946,467.1249652584875,767.0582723655227,24.59605212089343,3.237973922338241,56.95595003287311,52.13504557120494,1.8227661374574249,0.986696716312795,0.3265191201271009,0.8372911875435075,0.2912955753430181,0.0594016954225219,fill,0.0741080775279807,0.087640829303937,0.0552303625377643,0.0206275123204056,0.0594016954225219
fish2,16.0,4957,247.85,20.0,25.11826692890953,2.994375614213916,48.35770946427756,48.90543798967301,1747,466.7916796262952,762.7626950776842,24.59605212089343,3.237973922338241,56.95595003287311,52.13504557120494,0.5222148080161091,0.986696716312795,0.3265191201271009,0.8372911875435075,0.2912955753430181,0.0773433275757253,within,0.0212316515451072,0.0752317078416787,0.1509629909365558,0.0619469599795592,0.0773433275757252
fish2,16.0,4959,247.95,20.0,25.686445083894,3.0103133232439965,52.5896139842805,49.85447715369446,1788,466.9671093505858,763.5404295440248,24.59605212089343,3.237973922338241,56.95595003287311,52.13504557120494,1.0903929630005678,0.986696716312795,0.3265191201271009,0.8372911875435075,0.2912955753430181,0.0587616822089814,within,0.044332031727739,0.0703095838801085,0.0766616314199395,0.0437434818081386,0.0587616822089814
fish2,16.0,4961,248.05,20.0,25.4413912811059,2.934005315688383,49.30948468669245,49.06094728314279,1828,466.7918576280383,766.0092891381053,24.59605212089343,3.237973922338241,56.95595003287311,52.13504557120494,0.8453391602124718,0.986696716312795,0.3265191201271009,0.8372911875435075,0.2912955753430181,0.0803653700270824,within,0.0343688961162343,0.0938761750219263,0.1342522658610272,0.0589641431091417,0.0803653700270824
fish2,16.0,4962,248.1,20.0,25.014501235479425,2.885763548397626,49.34712551469756,48.719636635449895,1792,466.96428384420153,765.6619986417937,24.59605212089343,3.237973922338241,56.95595003287311,52.13504557120494,0.418449114585993,0.986696716312795,0.3265191201271009,0.8372911875435075,0.2912955753430181,0.0812224950452932,within,0.017012856881635,0.1087749260458136,0.1335913897280966,0.0655108075256278,0.0812224950452933
fish2,16.0,4963,248.15,20.0,24.7546677406541,2.879227922157729,48.82015392262604,48.40926166068272,1762,466.5921137069701,764.7295973861587,24.59605212089343,3.237973922338241,56.95595003287311,52.13504557120494,0.1586156197606705,0.986696716312795,0.3265191201271009,0.8372911875435075,0.2912955753430181,0.0828874832337797,within,0.006448824347137,0.1107933568289674,0.1428436555891238,0.0714640961698905,0.0828874832337797
fish2,16.0,4964,248.2,20.0,24.64367785337757,2.8861582037246216,46.85207634407321,47.82057435265104,1731,466.8781727249522,764.4025672100444,24.59605212089343,3.237973922338241,56.95595003287311,52.13504557120494,0.0476257324841462,0.986696716312795,0.3265191201271009,0.8372911875435075,0.2912955753430181,0.0926857690913001,within,0.0019363161311439,0.1086530426284478,0.1773980362537764,0.0827556813518324,0.0926857690913001
fish2,16.0,4965,248.25,20.0,24.88935615019541,2.8814448368296266,49.965510546210055,48.84924314246599,1795,466.9128081310696,765.7277853025541,24.59605212089343,3.237973922338241,56.95595003287311,52.13504557120494,0.2933040293019822,0.986696716312795,0.3265191201271009,0.8372911875435075,0.2912955753430181,0.076948126836466,within,0.0119248417534792,0.1101086957646508,0.1227341389728097,0.0630248308549241,0.076948126836466
fish2,16.0,4966,248.3,20.0,24.99950458307505,2.7505145216450533,49.524575132435935,48.68111907726731,1805,466.8071657374065,765.8171754554643,24.59605212089343,3.237973922338241,56.95595003287311,52.13504557120494,0.403452462181626,0.986696716312795,0.3265191201271009,0.8372911875435075,0.2912955753430181,0.0909182884195834,within,0.0164031390159116,0.1505445727435563,0.1304758308157098,0.0662496111031557,0.0909182884195834
fish2,16.0,4967,248.35,20.0,24.764146563180645,2.7732451367673776,48.131864496246905,48.37784278478065,1803,467.1719921262954,766.0918553743152,24.59605212089343,3.237973922338241,56.95595003287311,52.13504557120494,0.1680944422872166,0.986696716312795,0.3265191201271009,0.8372911875435075,0.2912955753430181,0.0943384382759862,within,0.006834204182891,0.1435245609499129,0.154928247734139,0.0720667402370021,0.0943384382759862
fish2,16.0,4968,248.4,20.0,24.489968763000817,2.808300294472452,45.89492386051472,47.31178146832888,1755,467.01953987147954,764.9982637989139,24.59605212089343,3.237973922338241,56.95595003287311,52.13504557120494,0.1060833578926114,0.986696716312795,0.3265191201271009,0.8372911875435075,0.2912955753430181,0.1059323272351159,within,0.0043130237881752,0.1326982978156626,0.1942031722054381,0.0925148151311874,0.1059323272351158
fish2,16.0,4969,248.45,20.0,24.61156185524712,2.847075838507509,47.13707118468332,47.75633511084094,1804,467.1435850103686,765.7205380892108,24.59605212089343,3.237973922338241,56.95595003287311,52.13504557120494,0.0155097343536851,0.986696716312795,0.3265191201271009,0.8372911875435075,0.2912955753430181,0.0944339345557623,within,0.0006305782032602,0.1207230487972715,0.172394259818731,0.0839878514037864,0.0944339345557623
fish2,16.0,4970,248.5,20.0,24.53312335278376,2.831971716199032,47.8468696556368,47.65489861815135,1781,467.3604079270351,765.7006585483115,24.59605212089343,3.237973922338241,56.95595003287311,52.13504557120494,0.0629287681096713,0.986696716312795,0.3265191201271009,0.8372911875435075,0.2912955753430181,0.0934529367413293,within,0.0025584905984246,0.1253877319203431,0.1599320241691842,0.0859335002773652,0.0934529367413293
fish2,16.0,4971,248.55,20.0,24.20867085131288,2.696951010357286,45.47549749131495,46.98281488746266,1682,467.29382807006846,763.6795767455632,24.59605212089343,3.237973922338241,56.95595003287311,52.13504557120494,0.3873812695805547,0.986696716312795,0.3265191201271009,0.8372911875435075,0.2912955753430181,0.1208071319606155,within,0.01574973364329,0.1670868651067658,0.2015672205438066,0.0988247085485995,0.1208071319606155
fish2,16.0,4972,248.6,20.0,24.293154925087617,2.762939582867789,46.21755952912995,47.32341596803038,1723,467.2512412645127,764.5125628585814,24.59605212089343,3.237973922338241,56.95595003287311,52.13504557120494,0.3028971958058122,0.986696716312795,0.3265191201271009,0.8372911875435075,0.2912955753430181,0.1099630805320882,within,0.012314870464456,0.1467072777187208,0.1885385196374621,0.0922916543077139,0.1099630805320882
fish2,16.0,4973,248.65,20.0,24.557758616093167,2.800935150122569,46.21755952912995,47.30117286636944,1797,467.10990445895726,765.8461935027651,24.59605212089343,3.237973922338241,56.95595003287311,52.13504557120494,0.0382935048002615,0.986696716312795,0.3265191201271009,0.8372911875435075,0.2912955753430181,0.1044466567980098,within,0.0015568963918291,0.1349729129072395,0.1885385196374621,0.0927182982555083,0.1044466567980098
fish2,16.0,4974,248.7,20.0,24.29747947294616,2.773314542494987,44.88937602666397,46.83375287761923,1745,460.6234374667697,758.3240168714309,24.59605212089343,3.237973922338241,56.95595003287311,52.13504557120494,0.298572647947271,0.986696716312795,0.3265191201271009,0.8372911875435075,0.2912955753430181,0.1172960100110553,within,0.0121390476195015,0.1435031260250882,0.211858006042296,0.1016838603573351,0.1172960100110552
fish2,16.0,4975,248.75,20.0,23.67957048353692,2.7886828852285723,45.34644322386885,46.31895983783865,1712,460.6968923278808,757.8117620971254,24.59605212089343,3.237973922338241,56.95595003287311,52.13504557120494,0.9164816373565152,0.986696716312795,0.3265191201271009,0.8372911875435075,0.2912955753430181,0.1228523344256355,within,0.0372613309181433,0.1387568423606147,0.203833081570997,0.1115580828527867,0.1228523344256354
fish2,16.0,4977,248.85,20.0,23.7221548193819,2.8813206245102143,46.314350229714506,46.59569301122728,1804,460.7850260409885,759.7621777061357,24.59605212089343,3.237973922338241,56.95595003287311,52.13504557120494,0.8738973015115299,0.986696716312795,0.3265191201271009,0.8372911875435075,0.2912955753430181,0.1096915598425223,within,0.0355299825035411,0.1101470568887338,0.1868391238670695,0.1062500761107445,0.1096915598425222
fish2,16.0,4978,248.9,20.0,24.255069584963938,2.769061646703169,45.65294710905332,46.64653077814951,1840,460.6429557291478,760.3520865630809,24.59605212089343,3.237973922338241,56.95595003287311,52.13504557120494,0.3409825359294913,0.986696716312795,0.3265191201271009,0.8372911875435075,0.2912955753430181,0.1156016234569809,within,0.0138633035193416,0.144816569522109,0.1984516616314198,0.105274959155053,0.1156016234569808
fish2,16.0,4979,248.95,20.0,27.78127658984849,3.060723181867228,54.74051844171529,52.98337290316237,1878,460.49117621435454,760.9653461166367,24.59605212089343,3.237973922338241,56.95595003287311,52.13504557120494,3.185224468955063,0.986696716312795,0.3265191201271009,0.8372911875435075,0.2912955753430181,0.0598529280844717,fill,0.1295014522370982,0.0547412501528162,0.0388972809667672,0.0162717289812051,0.0598529280844717
fish2,16.0,4985,249.25,20.0,27.64048103916185,3.810715012506808,67.1888779891191,54.34972021542012,2977,460.4100086714381,777.9131271385994,24.59605212089343,3.237973922338241,56.95595003287311,52.13504557120494,3.0444289182684265,0.986696716312795,0.3265191201271009,0.8372911875435075,0.2912955753430181,0.130700790648316,fill,0.1237771372131015,0.1768825518381485,0.1796638972809668,0.0424795762610473,0.130700790648316
fish2,16.0,5160,258.0,20.0,27.63706244743097,3.478897477318541,71.67889104401422,57.54077771198845,2808,469.8944529290093,788.9570342095163,24.59605212089343,3.237973922338241,56.95595003287311,52.13504557120494,3.041010326537545,0.986696716312795,0.3265191201271009,0.8372911875435075,0.2912955753430181,0.1400569713928727,fill,0.1236381477641412,0.0744056501870532,0.2584969788519638,0.1036871087683326,0.1400569713928727
fish2,16.0,5162,258.1,20.0,23.44619442591529,3.690876689914671,51.70774315673224,47.41875131114076,1899,469.1663497204253,769.5270690217656,24.59605212089343,3.237973922338241,56.95595003287311,52.13504557120494,1.149857694978131,0.986696716312795,0.3265191201271009,0.8372911875435075,0.2912955753430181,0.092307500791853,within,0.0467496852473073,0.1398722715003754,0.09214501510574,0.0904630313139894,0.092307500791853
fish2,16.0,5163,258.15,20.0,24.99843444072362,2.738121530655074,39.856259596266575,47.07342609919989,1163,468.98737385613714,754.6353327408108,24.59605212089343,3.237973922338241,56.95595003287311,52.13504557120494,0.4023823198301919,0.986696716312795,0.3265191201271009,0.8372911875435075,0.2912955753430181,0.1420112196697464,within,0.0163596303119061,0.1543719633548525,0.3002265861027189,0.0970866989095079,0.1420112196697463
fish2,16.0,5397,269.85,20.0,24.589752940504223,2.507528419904265,38.748543800687656,47.44284203369219,1326,481.1630422212388,763.7862746176718,24.59605212089343,3.237973922338241,56.95595003287311,52.13504557120494,0.0062991803892025,0.986696716312795,0.3265191201271009,0.8372911875435075,0.2912955753430181,0.1588798724818484,within,0.0002561053439895,0.2255872097655743,0.3196752265861027,0.0900009482317271,0.1588798724818484
fish2,16.0,5398,269.9,20.0,24.589752940504223,2.507528419904265,38.748543800687656,47.44284203369219,1330,481.01238693305135,764.5387247982344,24.59605212089343,3.237973922338241,56.95595003287311,52.13504557120494,0.0062991803892025,0.986696716312795,0.3265191201271009,0.8372911875435075,0.2912955753430181,0.1588798724818484,within,0.0002561053439895,0.2255872097655743,0.3196752265861027,0.0900009482317271,0.1588798724818484
fish2,16.0,5399,269.95,20.0,24.589752940504223,2.507528419904265,38.65175310010309,47.36805918594912,1310,480.7251473810644,763.8509774337474,24.59605212089343,3.237973922338241,56.95595003287311,52.13504557120494,0.0062991803892025,0.986696716312795,0.3265191201271009,0.8372911875435075,0.2912955753430181,0.159663323047039,within,0.0002561053439895,0.2255872097655743,0.3213746223564954,0.091435354722097,0.1596633230470391
fish2,16.0,5400,270.0,20.0,24.551847912037022,2.507334562527148,38.479680743508304,47.18459295158278,1307,480.54694428499954,763.6096949105993,24.59605212089343,3.237973922338241,56.95595003287311,52.13504557120494,0.0442042088564029,0.986696716312795,0.3265191201271009,0.8372911875435075,0.2912955753430181,0.1616986175096592,within,0.0017972074802547,0.2256470797280157,0.3243957703927493,0.0949544124376172,0.1616986175096592
fish2,16.0,5401,270.05,20.0,24.59605212089343,2.507334562527148,38.32374017034429,47.2636346021094,1321,480.0879555731692,763.4337205216856,24.59605212089343,3.237973922338241,56.95595003287311,52.13504557120494,0.0,0.986696716312795,0.3265191201271009,0.8372911875435075,0.2912955753430181,0.1615547708920754,within,0.0,0.2256470797280157,0.3271336858006042,0.0934383180396816,0.1615547708920754
fish2,16.0,5402,270.1,20.0,24.5739485505168,2.4522283294456804,37.83978666742146,47.11329323111706,1310,479.8783722782653,766.6858364455318,24.59605212089343,3.237973922338241,56.95595003287311,52.13504557120494,0.0221035703766325,0.986696716312795,0.3265191201271009,0.8372911875435075,0.2912955753430181,0.1688792889855541,within,0.0008986633410917,0.2426658187306059,0.335630664652568,0.0963220092179506,0.1688792889855541
fish2,16.0,5403,270.15,20.0,24.5739485505168,2.4522283294456804,37.83978666742146,47.11329323111706,1327,479.628237726659,766.9052136126753,24.59605212089343,3.237973922338241,56.95595003287311,52.13504557120494,0.0221035703766325,0.986696716312795,0.3265191201271009,0.8372911875435075,0.2912955753430181,0.1688792889855541,within,0.0008986633410917,0.2426658187306059,0.335630664652568,0.0963220092179506,0.1688792889855541
fish2,16.0,5408,270.4,20.0,25.70101954315149,3.695967001709617,72.25425798637802,55.41193736883229,5733,477.9754685905552,853.3711293724049,24.59605212089343,3.237973922338241,56.95595003287311,52.13504557120494,1.10496742225806,0.986696716312795,0.3265191201271009,0.8372911875435075,0.2912955753430181,0.1294554455001431,within,0.0449245845157171,0.1414443384524372,0.2685989425981873,0.0628539164342311,0.1294554455001432
fish3,81.9,134,6.7,20.0,20.93910161551668,8.556910850265563,124.44345361449916,49.59993574444899,5169,452.7086153717983,824.9547866566223,19.76003232209579,9.436867755392324,126.31828922495274,47.81281936686972,1.1790692934208913,0.8883749229239962,0.7840386915784875,0.8870512545653065,0.6629013960329246,0.0512839043287694,within,0.0596694010516596,0.093246713627405,0.0148421548610018,0.037377347775011,0.0512839043287694
fish3,81.9,135,6.75,20.0,20.42191038701567,8.693841557512293,125.82230096821898,49.42655332466152,5091,452.7472915743604,823.4322193696011,19.76003232209579,9.436867755392324,126.31828922495274,47.81281936686972,0.6618780649198825,0.8883749229239962,0.7840386915784875,0.8870512545653065,0.6629013960329246,0.0374774738125142,within,0.0334957986976451,0.0787365275364231,0.003926495994974,0.0337510730210146,0.0374774738125142
fish3,81.9,136,6.8,20.0,20.6745758234184,8.459335743200969,122.57853776918022,48.6859074340026,5118,461.1547177643764,832.3845413929504,19.76003232209579,9.436867755392324,126.31828922495274,47.81281936686972,0.9145435013226048,0.8883749229239962,0.7840386915784875,0.8870512545653065,0.6629013960329246,0.0494338259867146,within,0.0462824901505834,0.1035864905103479,0.0296057798021046,0.0182605434838226,0.0494338259867146
fish3,81.9,137,6.85,20.0,20.62938082011016,8.686550148953923,127.08211114032272,49.05925711633554,5230,461.1641101313651,834.6346433953557,19.76003232209579,9.436867755392324,126.31828922495274,47.81281936686972,0.869348498014368,0.8883749229239962,0.7840386915784875,0.8870512545653065,0.6629013960329246,0.0389050980535376,within,0.0439952973681252,0.0795091788808486,0.0060468038322601,0.0260691121329167,0.0389050980535377
fish3,81.9,138,6.9,20.0,20.453645351665617,8.624425195591291,126.7745984211478,49.00967371527595,5069,461.0255814826118,830.8115574549357,19.76003232209579,9.436867755392324,126.31828922495274,47.81281936686972,0.6936130295698284,0.8883749229239962,0.7840386915784875,0.8870512545653065,0.6629013960329246,0.0374596674737143,within,0.0351018165488639,0.0860923964243109,0.0036123763153762,0.025032080606306,0.0374596674737142
fish3,81.9,139,6.95,20.0,20.484598953020228,8.637696883749266,127.34002503382428,48.90825011871705,5246,461.0895311468431,834.4123300358336,19.76003232209579,9.436867755392324,126.31828922495274,47.81281936686972,0.7245666309244392,0.8883749229239962,0.7840386915784875,0.8870512545653065,0.6629013960329246,0.038088430272862,within,0.0366682917878744,0.0846860306150209,0.0080885817496466,0.0229108169389059,0.038088430272862
fish3,81.9,140,7.0,20.0,20.07396878365985,8.79086406563136,128.50063755458123,48.92892229358653,5209,461.1042576763955,833.6889510966362,19.76003232209579,9.436867755392324,126.31828922495274,47.81281936686972,0.3139364615640652,0.8883749229239962,0.7840386915784875,0.8870512545653065,0.6629013960329246,0.0312406276281105,within,0.0158874467635873,0.0684553081070602,0.0172765823778857,0.0233431732639087,0.0312406276281105
fish3,81.9,141,7.05,20.0,20.12918556315287,8.930590882149268,131.0301776639234,49.12502676336322,5342,461.0536934271731,836.3004832015803,19.76003232209579,9.436867755392324,126.31828922495274,47.81281936686972,0.3691532410570808,0.8883749229239962,0.7840386915784875,0.8870512545653065,0.6629013960329246,0.0342692571314447,within,0.0186818136245805,0.0536488256872906,0.0373017119522538,0.0274446772616541,0.0342692571314447
fish3,81.9,142,7.1,20.0,20.18438782407115,9.138102134488747,133.40100153111075,49.32977965945326,5378,460.9914668933256,836.965242344816,19.76003232209579,9.436867755392324,126.31828922495274,47.81281936686972,0.4243555019753593,0.8883749229239962,0.7840386915784875,0.8870512545653065,0.6629013960329246,0.0352330690015096,within,0.0214754457410903,0.0316594052865538,0.0560703628082298,0.0317270621701649,0.0352330690015097
fish3,81.9,143,7.15,20.0,20.281742786953533,9.30926396630293,136.43644966232134,49.67051557508112,5382,461.0284156426136,837.0751142711874,19.76003232209579,9.436867755392324,126.31828922495274,47.81281936686972,0.521710464857744,0.8883749229239962,0.7840386915784875,0.8870512545653065,0.6629013960329246,0.0397195452774582,within,0.0264023082732695,0.0135218371600555,0.0801005182974713,0.0388535173790364,0.0397195452774582
fish3,81.9,144,7.2,20.0,20.285945254406755,9.449656178180334,138.39064339385234,49.77555831146717,5435,460.9411023328993,838.0477814302233,19.76003232209579,9.436867755392324,126.31828922495274,47.81281936686972,0.5259129323109661,0.8883749229239962,0.7840386915784875,0.8870512545653065,0.6629013960329246,0.0411478815854994,within,0.0266149834037916,0.0013551554519455,0.0955709125176693,0.0410504749685911,0.0411478815854994
fish3,81.9,145,7.25,20.0,20.52512293487213,9.594603709455118,137.7260191298291,49.71740560407116,5470,460.9068445230932,838.7164858600003,19.76003232209579,9.436867755392324,126.31828922495274,47.81281936686972,0.765090612776337,0.8883749229239962,0.7840386915784875,0.8870512545653065,0.6629013960329246,0.0463943964213474,within,0.0387190972314762,0.0167148632524453,0.0903094078844039,0.0398342173170645,0.0463943964213475
fish3,81.9,146,7.3,20.0,20.56183777065932,9.63496412906816,138.50968057546842,49.82950454354962,5486,461.02176645144266,839.1513946847801,19.76003232209579,9.436867755392324,126.31828922495274,47.81281936686972,0.8018054485635311,0.8883749229239962,0.7840386915784875,0.8870512545653065,0.6629013960329246,0.050065227290744,within,0.0405771324405652,0.0209917505268251,0.0965132715564629,0.0421787546391228,0.050065227290744
fish3,81.9,147,7.35,20.0,20.54317480276088,9.580288913175256,138.8370328249127,49.78425898440572,5525,460.9851214913075,839.8968525892283,19.76003232209579,9.436867755392324,126.31828922495274,47.81281936686972,0.7831424806650915,0.8883749229239962,0.7840386915784875,0.8870512545653065,0.6629013960329246,0.048791955338657,within,0.0396326518043888,0.0151979620251623,0.0991047589131459,0.041232448611931,0.048791955338657
fish3,81.9,148,7.4,20.0,20.54317480276088,9.50379017825206,139.22390366516504,49.80670505659802,5548,461.0269356180073,840.3992917159283,19.76003232209579,9.436867755392324,126.31828922495274,47.81281936686972,0.7831424806650915,0.8883749229239962,0.7840386915784875,0.8870512545653065,0.6629013960329246,0.0476483940357292,within,0.0396326518043888,0.0070915927397092,0.1021674257892256,0.0417019058095933,0.0476483940357292
fish3,81.9,149,7.45,20.0,20.42505563825344,9.551913888669086,138.400563158987,49.46900668951268,5450,461.0307290072216,838.4409431780591,19.76003232209579,9.436867755392324,126.31828922495274,47.81281936686972,0.6650233161576473,0.8883749229239962,0.7840386915784875,0.8870512545653065,0.6629013960329246,0.04403363239698,within,0.0336549710707718,0.0121911354761777,0.0956494424375687,0.034638980603402,0.0440336323969801
fish3,81.9,150,7.5,20.0,20.71447682642673,9.479195385858256,138.88663165058608,49.53427214563083,5426,462.27962645572615,834.7909284532288,19.76003232209579,9.436867755392324,126.31828922495274,47.81281936686972,0.9544445043309366,0.8883749229239962,0.7840386915784875,0.8870512545653065,0.6629013960329246,0.0470721312362527,within,0.0483017683763439,0.0044853474227977,0.0994974085126432,0.0360040006332262,0.0470721312362528
fish3,81.9,151,7.55,20.0,20.67998597231625,9.640582218347664,138.36088409844834,49.47742189025708,5455,461.9337627450262,836.3283915654455,19.76003232209579,9.436867755392324,126.31828922495274,47.81281936686972,0.9199536502204602,0.8883749229239962,0.7840386915784875,0.8870512545653065,0.6629013960329246,0.0495734184214233,within,0.0465562826631494,0.0215870846382196,0.095335322757971,0.0348149836263533,0.0495734184214233
fish3,81.9,152,7.6,20.0,20.65736999247609,9.728545829146272,138.36088409844834,49.45719423245557,5489,461.875351295735,836.948189751571,19.76003232209579,9.436867755392324,126.31828922495274,47.81281936686972,0.8973376703803062,0.8883749229239962,0.7840386915784875,0.8870512545653065,0.6629013960329246,0.0515118387067566,within,0.0454117511425775,0.030908356598224,0.095335322757971,0.0343919243282538,0.0515118387067566
fish3,81.9,153,7.65,20.0,20.60052317300043,9.680207909025643,137.14075298688329,49.369715508960425,5531,461.8222783514892,837.7378707135753,19.76003232209579,9.436867755392324,126.31828922495274,47.81281936686972,0.84049085090464,0.8883749229239962,0.7840386915784875,0.8870512545653065,0.6629013960329246,0.0466398664843984,within,0.0425348925145632,0.0257861146241317,0.0856761426103346,0.0325623161885639,0.0466398664843984
fish3,81.9,154,7.7,20.0,20.59116397177216,9.761059136766963,137.3589878198461,49.46714037273936,5594,461.9352080342609,839.1132873755136,19.76003232209579,9.436867755392324,126.31828922495274,47.81281936686972,0.8311316496763723,0.8883749229239962,0.7840386915784875,0.8870512545653065,0.6629013960329246,0.0496046758096377,within,0.0420612495024613,0.0343537061001403,0.087403800848123,0.0345999467878262,0.0496046758096377
fish3,81.9,369,18.45,20.0,20.9032182981012,9.445037734184307,133.24228528895597,48.29722453796133,5267,466.4861976718478,836.9477177775806,19.76003232209579,9.436867755392324,126.31828922495274,47.81281936686972,1.1431859760054088,0.8883749229239962,0.7840386915784875,0.8870512545653065,0.6629013960329246,0.0309160910449954,within,0.0578534466629943,0.0008657511161279,0.0548138840898383,0.0101312823110209,0.0309160910449954
fish3,81.9,370,18.5,20.0,21.007030067133456,8.659771348929912,127.072191375188,48.19179185442433,5160,466.35973497629055,834.6765350299402,19.76003232209579,9.436867755392324,126.31828922495274,47.81281936686972,1.2469977450376677,0.8883749229239962,0.7840386915784875,0.8870512545653065,0.6629013960329246,0.0398370926913982,within,0.0631070701055112,0.0823468577291836,0.0059682739123602,0.0079261690185375,0.0398370926913981
fish3,81.9,371,18.55,20.0,20.993522513139634,9.458697483399533,133.1827666981479,48.3027803335933,5180,466.41138860850384,835.1374855371533,19.76003232209579,9.436867755392324,126.31828922495274,47.81281936686972,1.2334901910438454,0.8883749229239962,0.7840386915784875,0.8870512545653065,0.6629013960329246,0.0323317287602943,within,0.0624234905559617,0.0023132387327071,0.0543427045704413,0.0102474811820672,0.0323317287602943
fish3,81.9,372,18.6,20.0,20.54662362419784,9.496226609538876,132.53798196439405,48.05279592787203,5175,466.2996090853469,834.9269950764963,19.76003232209579,9.436867755392324,126.31828922495274,47.81281936686972,0.7865913021020496,0.8883749229239962,0.7840386915784875,0.8870512545653065,0.6629013960329246,0.0250886580463041,within,0.0398071870167175,0.0062901013011053,0.0492382597769752,0.0050190840904186,0.0250886580463041
fish3,81.9,373,18.65,20.0,20.37142930263012,9.276506438923544,129.50253383318343,47.80418328876088,5075,466.3933634831746,833.0275984326573,19.76003232209579,9.436867755392324,126.31828922495274,47.81281936686972,0.6113969805343302,0.8883749229239962,0.7840386915784875,0.8870512545653065,0.6629013960329246,0.0183307212628392,within,0.0309410921282078,0.0169930659860257,0.0252081042877335,0.0001806226493897,0.0183307212628392
fish3,81.9,374,18.7,20.0,20.46333716024257,8.837671472942196,125.39575106742794,47.56647998647095,5026,466.28534704130186,831.9442174074513,19.76003232209579,9.436867755392324,126.31828922495274,47.81281936686972,0.7033048381467815,0.8883749229239962,0.7840386915784875,0.8870512545653065,0.6629013960329246,0.0278857466894581,within,0.0355922918891353,0.0634952505409161,0.0073032825506519,0.0051521617771291,0.0278857466894581
fish3,81.9,375,18.75,20.0,20.56019057236108,8.538803921334248,123.55067475237838,47.594665998038,5001,466.3350519801765,831.4867348463258,19.76003232209579,9.436867755392324,126.31828922495274,47.81281936686972,0.8001582502652838,0.8883749229239962,0.7840386915784875,0.8870512545653065,0.6629013960329246,0.0405329328770939,within,0.0404937723391548,0.0951654571555178,0.0219098476519553,0.0045626543617479,0.040532932877094
fish3,81.9,376,18.8,20.0,20.564667572864007,8.420409597255526,122.49917964810282,47.47278643909684,4940,466.43521251761337,830.3669279358461,19.76003232209579,9.436867755392324,126.31828922495274,47.81281936686972,0.804635250768218,0.8883749229239962,0.7840386915784875,0.8870512545653065,0.6629013960329246,0.0464443759648298,within,0.040720340819912,0.1077113915849867,0.0302340191613004,0.0071117522931201,0.0464443759648298
fish3,81.9,377,18.85,20.0,20.565022618010023,8.402918909283123,122.29086458027464,47.465879201084654,4884,466.3716664857464,829.1839678414792,19.76003232209579,9.436867755392324,126.31828922495274,47.81281936686972,0.8049902959142337,0.8883749229239962,0.7840386915784875,0.8870512545653065,0.6629013960329246,0.0473606265653777,within,0.0407383086622833,0.1095648336831245,0.0318831474791895,0.0072562164369136,0.0473606265653777
fish3,81.9,378,18.9,20.0,20.524713775038425,8.470690409736124,125.14775693906108,48.07087968126329,4871,466.2200171801909,828.7744083796734,19.76003232209579,9.436867755392324,126.31828922495274,47.81281936686972,0.7646814529426358,0.8883749229239962,0.7840386915784875,0.8870512545653065,0.6629013960329246,0.0389363729076148,within,0.0386983907960294,0.1023832664290666,0.0092665305481387,0.0053973038572243,0.0389363729076147
fish3,81.9,379,18.95,20.0,20.54869978038625,8.552890020297705,126.11989392225922,48.1687097307922,4811,463.8803384023407,825.2360902789069,19.76003232209579,9.436867755392324,126.31828922495274,47.81281936686972,0.7886674582904689,0.8883749229239962,0.7840386915784875,0.8870512545653065,0.6629013960329246,0.0356497632822351,within,0.0399122554778704,0.0936727903799971,0.0015705983979897,0.0074434088730832,0.0356497632822351
fish3,81.9,380,19.0,20.0,20.551310484099343,8.471439108869246,124.14586066045888,47.91140812666972,4749,464.12069866112574,824.2402265793585,19.76003232209579,9.436867755392324,126.31828922495274,47.81281936686972,0.7912781620035574,0.8883749229239962,0.7840386915784875,0.8870512545653065,0.6629013960329246,0.0404020826171282,within,0.0400443758950101,0.1023039287555367,0.0171980524579865,0.0020619733599795,0.0404020826171282
fish3,81.9,381,19.05,20.0,20.46568784948071,8.660385520229855,123.20348297266474,47.40659426395199,4612,464.211354111735,825.7297947903844,19.76003232209579,9.436867755392324,126.31828922495274,47.81281936686972,0.7056555273849199,0.8883749229239962,0.7840386915784875,0.8870512545653065,0.6629013960329246,0.0377868946791708,within,0.0357112537005241,0.0822817756155138,0.0246583948484373,0.008496154552208,0.0377868946791708
fish3,81.9,382,19.1,20.0,20.557735613358872,8.420131228123791,120.84257887061209,47.366116099597285,4480,464.1932594874064,823.0726832389724,19.76003232209579,9.436867755392324,126.31828922495274,47.81281936686972,0.7977032912630833,0.8883749229239962,0.7840386915784875,0.8870512545653065,0.6629013960329246,0.0502004225416686,within,0.040369533726475,0.1077408896280822,0.0433485157845138,0.0093427510276032,0.0502004225416686
fish3,81.9,383,19.15,20.0,20.46568784948071,8.679618343641941,122.95548884429788,47.3555136019374,4484,464.1447829227401,823.1087574555563,19.76003232209579,9.436867755392324,126.31828922495274,47.81281936686972,0.7056555273849199,0.8883749229239962,0.7840386915784875,0.8870512545653065,0.6629013960329246,0.0380352804237714,within,0.0357112537005241,0.0802437240171859,0.0266216428459243,0.0095645011314515,0.0380352804237715
fish3,81.9,384,19.2,20.0,20.49993056795009,8.773584482874105,123.12412485158735,47.28401211961583,4475,464.1140884907288,822.9010838568781,19.76003232209579,9.436867755392324,126.31828922495274,47.81281936686972,0.7398982458543024,0.8883749229239962,0.7840386915784875,0.8870512545653065,0.6629013960329246,0.0360192857735333,within,0.0374441819625438,0.0702863799420324,0.0252866342076331,0.0110599469819239,0.0360192857735333
fish3,81.9,385,19.25,20.0,19.92722294936816,9.079020614644447,124.45337337963382,47.11775794326044,4418,464.1101214687019,821.7588095431846,19.76003232209579,9.436867755392324,126.31828922495274,47.81281936686972,0.1671906272723724,0.8883749229239962,0.7840386915784875,0.8870512545653065,0.6629013960329246,0.0189204821811085,within,0.008461050293193,0.037920118202716,0.0147636249411025,0.0145371352874223,0.0189204821811085
fish3,81.9,386,19.3,20.0,20.009959027353577,9.003503932903467,123.60027357805174,47.0465647635911,4438,464.1168055084606,822.1661511350267,19.76003232209579,9.436867755392324,126.31828922495274,47.81281936686972,0.2499267052577884,0.8883749229239962,0.7840386915784875,0.8870512545653065,0.6629013960329246,0.0240284612249795,within,0.0126480919253517,0.0459224219011894,0.0215171980524581,0.0160261330209188,0.0240284612249795
fish3,81.9,387,19.35,20.0,20.208603486874026,8.670260898014769,121.22944971086442,46.916795269084055,4416,464.09448781708153,821.7040027144809,19.76003232209579,9.436867755392324,126.31828922495274,47.81281936686972,0.4485711647782366,0.8883749229239962,0.7840386915784875,0.8870512545653065,0.6629013960329246,0.0407405844067662,within,0.0227009327447628,0.081235307863619,0.040285848908434,0.0187402481102491,0.0407405844067662
fish3,81.9,397,19.85,20.0,18.757514177045977,8.887738593133934,115.71406029598506,45.68359660590064,3976,465.8100216783124,814.6231758986285,19.76003232209579,9.436867755392324,126.31828922495274,47.81281936686972,1.0025181450498124,0.8883749229239962,0.7840386915784875,0.8870512545653065,0.6629013960329246,0.0593513403219882,within,0.0507346409514113,0.0581897697935432,0.0839484843725458,0.0445324661704524,0.0593513403219882
fish3,81.9,398,19.9,20.0,18.78959626761934,9.015536930166697,116.25964737839216,45.71659225226306,3949,465.8094921617108,814.0841567986936,19.76003232209579,9.436867755392324,126.31828922495274,47.81281936686972,0.9704360544764477,0.8883749229239962,0.7840386915784875,0.8870512545653065,0.6629013960329246,0.0543075193661118,within,0.04911105602754,0.0446473169007666,0.0796293387780746,0.0438423657580662,0.0543075193661118
fish3,81.9,399,19.95,20.0,18.74066735086099,9.015536930166697,115.64462194004234,45.54485205220448,3985,465.8168098700441,814.8125031528602,19.76003232209579,9.436867755392324,126.31828922495274,47.81281936686972,1.0193649712348003,0.8883749229239962,0.7840386915784875,0.8870512545653065,0.6629013960329246,0.0570417540267457,within,0.0515872117321863,0.0446473169007666,0.0844981938118421,0.0474342936621877,0.0570417540267457
fish3,81.9,498,24.9,20.0,19.68659473129881,9.34585036278052,113.78962585985808,45.95075452855277,4235,455.7028428819256,801.6242164469213,19.76003232209579,9.436867755392324,126.31828922495274,47.81281936686972,0.0734375907969777,0.8883749229239962,0.7840386915784875,0.8870512545653065,0.6629013960329246,0.0378723799999814,within,0.0037164711878967,0.0096448731688324,0.0991832888330454,0.0389448868101512,0.0378723799999814
fish3,81.9,499,24.95,20.0,19.897663131188988,9.391968573653678,115.27759063005934,46.25313057314538,4244,455.613580722366,801.7150714748616,19.76003232209579,9.436867755392324,126.31828922495274,47.81281936686972,0.1376308090931992,0.8883749229239962,0.7840386915784875,0.8870512545653065,0.6629013960329246,0.032936870875942,within,0.0069651105246067,0.0047578479324339,0.0874038008481232,0.0326207241986042,0.032936870875942
fish3,81.9,500,25.0,20.0,19.94423739909792,9.33689080909072,112.48021686208098,45.89716332106961,4186,455.6693402560011,800.6129273626634,19.76003232209579,9.436867755392324,126.31828922495274,47.81281936686972,0.184205077002133,0.8883749229239962,0.7840386915784875,0.8870512545653065,0.6629013960329246,0.0423828442318729,within,0.0093221040330055,0.0105942934555246,0.1095492382597769,0.0400657411791845,0.0423828442318729
fish3,81.9,501,25.05,20.0,20.051278891075544,9.39002516387897,109.9903558132775,45.55648071309787,4210,455.6745529283124,801.0957572224747,19.76003232209579,9.436867755392324,126.31828922495274,47.81281936686972,0.291246568979755,0.8883749229239962,0.7840386915784875,0.8870512545653065,0.6629013960329246,0.0490385725719157,within,0.0147391747256446,0.0049637859433377,0.129260248154547,0.0471910814641335,0.0490385725719157
fish3,81.9,502,25.1,20.0,20.051278891075544,9.443226782583809,114.68240472197884,46.22990925323479,4292,455.6476605819701,802.7107463865492,19.76003232209579,9.436867755392324,126.31828922495274,47.81281936686972,0.291246568979755,0.8883749229239962,0.7840386915784875,0.8870512545653065,0.6629013960329246,0.0351587539339602,within,0.0147391747256446,0.0006738493487789,0.092115596042092,0.0331063956193253,0.0351587539339602
fish3,81.9,503,25.15,20.0,19.99135677349497,9.325772601093115,113.3829154893364,45.94350249208399,4339,455.5282855834771,803.5294703463894,19.76003232209579,9.436867755392324,126.31828922495274,47.81281936686972,0.231324451399189,0.8883749229239962,0.7840386915784875,0.8870512545653065,0.6629013960329246,0.0412446806079001,within,0.0117066838570156,0.0117724606488978,0.1024030155489241,0.0390965623767631,0.0412446806079001
fish3,81.9,504,25.2,20.0,19.659975584440552,9.738740969242365,115.47598593275283,46.0691050072382,4409,455.410104155816,804.813248554145,19.76003232209579,9.436867755392324,126.31828922495274,47.81281936686972,0.1000567376552368,0.8883749229239962,0.7840386915784875,0.8870512545653065,0.6629013960329246,0.0398387755462936,within,0.0050635918010798,0.0319887087193255,0.0858332024501336,0.0364695992146358,0.0398387755462937
fish3,81.9,505,25.25,20.0,19.78394441469947,9.77232739504004,115.27759063005934,46.12296077728924,4414,455.3569053532919,804.8621916787042,19.76003232209579,9.436867755392324,126.31828922495274,47.81281936686972,0.0239120926036804,0.8883749229239962,0.7840386915784875,0.8870512545653065,0.6629013960329246,0.0398762275715171,within,0.0012101241644702,0.0355477737256656,0.0874038008481232,0.0353432115478095,0.0398762275715171
fish3,81.9,506,25.3,20.0,19.68979805683556,9.784168948848356,115.32718945573272,46.11488940543873,4463,455.3310025958589,805.8160805879379,19.76003232209579,9.436867755392324,126.31828922495274,47.81281936686972,0.0702342652602361,0.8883749229239962,0.7840386915784875,0.8870512545653065,0.6629013960329246,0.0407200316198824,within,0.0035543598368357,0.0368025919678253,0.0870111512486257,0.0355120234262426,0.0407200316198823
fish3,81.9,507,25.35,20.0,19.686887742534555,10.051585445302994,116.09101137110272,46.300563319442944,4402,455.4412239390433,804.7081443790389,19.76003232209579,9.436867755392324,126.31828922495274,47.81281936686972,0.0731445795612337,0.8883749229239962,0.7840386915784875,0.8870512545653065,0.6629013960329246,0.0453586691712968,within,0.003701642708319,0.0651400131743304,0.0809643474163655,0.0316286733861722,0.0453586691712967
fish3,81.9,512,25.6,20.0,20.026242268864404,10.522273497692964,122.9158097837592,47.52382822713432,4377,455.6027213360633,804.3688084427256,19.76003232209579,9.436867755392324,126.31828922495274,47.81281936686972,0.2662099467686154,0.8883749229239962,0.7840386915784875,0.8870512545653065,0.6629013960329246,0.0403674269688278,within,0.0134721412611728,0.1150175853296691,0.026935762525522,0.0060442187589474,0.0403674269688278
fish3,81.9,520,26.0,20.0,20.65573863262302,9.205238767052087,119.62244775904703,46.45221675928667,4349,439.09709562308217,788.4472126776611,19.76003232209579,9.436867755392324,126.31828922495274,47.81281936686972,0.8957063105272312,0.8883749229239962,0.7840386915784875,0.8870512545653065,0.6629013960329246,0.0378347149360447,within,0.0453291925806035,0.0245451133092208,0.0530076959321502,0.0284568579222046,0.0378347149360448
fish3,81.9,521,26.05,20.0,20.727771881281107,9.127275748406197,117.30122271753308,46.30063449998171,4307,439.0608197871267,787.5715227792057,19.76003232209579,9.436867755392324,126.31828922495274,47.81281936686972,0.9677395591853184,0.8883749229239962,0.7840386915784875,0.8870512545653065,0.6629013960329246,0.0461980311651868,within,0.0489745939384515,0.0328066488808453,0.0713836971886287,0.0316271846528218,0.0461980311651868
fish3,81.9,657,32.85,20.0,20.5262646227952,9.017615902604074,130.0679604458599,50.303641112430725,4191,456.9051344785149,810.1822730875641,19.76003232209579,9.436867755392324,126.31828922495274,47.81281936686972,0.7662323006994036,0.8883749229239962,0.7840386915784875,0.8870512545653065,0.6629013960329246,0.0412458671234014,within,0.0387768748658675,0.0444270136718494,0.0296843097220039,0.0520952702338849,0.0412458671234014
fish3,81.9,658,32.9,20.0,20.400801699208053,9.025072883880204,127.96497023730882,50.28262465132646,4120,456.8757594738431,808.7363876662256,19.76003232209579,9.436867755392324,126.31828922495274,47.81281936686972,0.6407693771122638,0.8883749229239962,0.7840386915784875,0.8870512545653065,0.6629013960329246,0.0351890109847208,within,0.0324275470134606,0.0436368170229805,0.013035966703314,0.0516557131991281,0.0351890109847208
fish3,81.9,659,32.95,20.0,20.378418016563806,8.877925305118179,126.17941251306732,50.282977114816674,4074,456.7600476533679,807.6950248040837,19.76003232209579,9.436867755392324,126.31828922495274,47.81281936686972,0.6183856944680173,0.8883749229239962,0.7840386915784875,0.8870512545653065,0.6629013960329246,0.0358217333186987,within,0.0312947714046264,0.0592296580562718,0.0010994188785924,0.0516630849353043,0.0358217333186987
fish3,81.9,660,33.0,20.0,20.40171108993521,9.036698158325947,127.072191375188,50.70216025888265,4095,456.9344313176474,808.2892912808632,19.76003232209579,9.436867755392324,126.31828922495274,47.81281936686972,0.6416787678394194,0.8883749229239962,0.7840386915784875,0.8870512545653065,0.6629013960329246,0.0353192538786369,within,0.0324735687361143,0.0424049173347497,0.0059682739123602,0.0604302555313231,0.0353192538786368
fish3,81.9,661,33.05,20.0,20.514685399501484,8.96243362026303,127.31026573842024,50.99047773546202,4036,456.98046427361777,807.1619062680834,19.76003232209579,9.436867755392324,126.31828922495274,47.81281936686972,0.7546530774056954,0.8883749229239962,0.7840386915784875,0.8870512545653065,0.6629013960329246,0.0406946985246266,within,0.038190882742729,0.05027453466837,0.0078529919899481,0.0664603846974595,0.0406946985246266
fish3,81.9,1208,60.4,20.0,19.205189149801367,8.970591181101181,112.16278437777136,45.625948217469606,3953,460.06089834253777,803.6986228923081,19.76003232209579,9.436867755392324,126.31828922495274,47.81281936686972,0.5548431722944223,0.8883749229239962,0.7840386915784875,0.8870512545653065,0.6629013960329246,0.0588223832928018,within,0.0280790619797718,0.0494100994500752,0.1120621956965604,0.0457381760448,0.0588223832928018
fish3,81.9,1213,60.65,20.0,19.76115289209196,9.351728194261014,112.50005639235026,45.94568366063132,3932,460.1008333326552,803.3335123095088,19.76003232209579,9.436867755392324,126.31828922495274,47.81281936686972,0.0011205699961642,0.8883749229239962,0.7840386915784875,0.8870512545653065,0.6629013960329246,0.0393804614165608,within,5.67089151425528e-05,0.009022014861092,0.1093921784199784,0.0390509434700303,0.0393804614165608
fish3,81.9,1214,60.7,20.0,19.89460763114056,9.333602120984205,107.7584086579756,45.57871097526297,3819,459.9676388876832,800.9380782812035,19.76003232209579,9.436867755392324,126.31828922495274,47.81281936686972,0.1345753090447665,0.8883749229239962,0.7840386915784875,0.8870512545653065,0.6629013960329246,0.0528522213288358,within,0.0068104802082882,0.0109427870650314,0.1469294801319305,0.0467261379100935,0.0528522213288359
fish3,81.9,1215,60.75,20.0,20.05584300302694,9.410856281432183,113.3829154893364,46.21921854366076,3893,459.9029209969791,802.3496299217494,19.76003232209579,9.436867755392324,126.31828922495274,47.81281936686972,0.2958106809311509,0.8883749229239962,0.7840386915784875,0.8870512545653065,0.6629013960329246,0.0383648813040499,within,0.0149701516733033,0.0027563673280551,0.1024030155489241,0.0333299906659173,0.03836488130405
fish3,81.9,1216,60.8,20.0,20.05584300302694,9.059704487458738,109.15709554196476,45.63114468949776,3831,457.97720051252577,799.1860708956295,19.76003232209579,9.436867755392324,126.31828922495274,47.81281936686972,0.2958106809311509,0.8883749229239962,0.7840386915784875,0.8870512545653065,0.6629013960329246,0.0591058506925552,within,0.0149701516733033,0.039966997282342,0.1358567614261037,0.0456294923884718,0.0591058506925552
fish3,81.9,2178,108.9,20.0,19.592502488122573,9.439980522486218,110.58554172135804,44.4660021949407,4422,443.64209185444406,799.9010887558925,19.76003232209579,9.436867755392324,126.31828922495274,47.81281936686972,0.1675298339732158,0.8883749229239962,0.7840386915784875,0.8870512545653065,0.6629013960329246,0.0508387110614131,within,0.0084782165961278,0.0003298517235356,0.1245484529605778,0.0699983229654113,0.0508387110614131
fish3,81.9,2179,108.95,20.0,19.677751599409167,9.552678627659244,112.18262390804072,44.80076104908034,4425,444.12846772594696,800.4536690544788,19.76003232209579,9.436867755392324,126.31828922495274,47.81281936686972,0.0822807226866224,0.8883749229239962,0.7840386915784875,0.8870512545653065,0.6629013960329246,0.0478345458597692,within,0.0041639973733552,0.0122721728510759,0.1119051358567613,0.0629968773578844,0.0478345458597692
fish3,81.9,2180,109.0,20.0,19.548780460215653,9.223327586467398,112.49013662721568,44.64769985904393,4475,444.13996946205816,801.4716746968401,19.76003232209579,9.436867755392324,126.31828922495274,47.81281936686972,0.211251861880136,0.8883749229239962,0.7840386915784875,0.8870512545653065,0.6629013960329246,0.0522469997790269,within,0.0106908662109784,0.0226282887987814,0.1094707083398772,0.0661981357664708,0.0522469997790269
fish3,81.9,2659,132.95,20.0,19.74423479290368,11.09324377108291,132.3495064268352,48.3745204381065,3093,467.1725173535762,792.1054111607862,19.76003232209579,9.436867755392324,126.31828922495274,47.81281936686972,0.0157975291921097,0.8883749229239962,0.7840386915784875,0.8870512545653065,0.6629013960329246,0.0589538444944305,within,0.0007994687930973,0.1755218000956001,0.0477461912988849,0.0117479177901396,0.0589538444944305
fish3,81.9,2660,133.0,20.0,19.77987393428937,11.037357804691384,130.7821835355565,48.153151212659424,3066,467.49182290913177,791.8852440600916,19.76003232209579,9.436867755392324,126.31828922495274,47.81281936686972,0.0198416121935807,0.8883749229239962,0.7840386915784875,0.8870512545653065,0.6629013960329246,0.0532650770426664,within,0.0010041285292531,0.1695997115551951,0.0353384639547665,0.0071180041314511,0.0532650770426664
fish3,81.9,2661,133.05,20.0,19.69466969859744,10.980034460143798,128.4411189637732,47.92391285151094,3033,467.5715277702428,794.9373512649527,19.76003232209579,9.436867755392324,126.31828922495274,47.81281936686972,0.0653626234983484,0.8883749229239962,0.7840386915784875,0.8870512545653065,0.6629013960329246,0.0464905096764848,within,0.0033078196651156,0.1635253078405907,0.0168054028584889,0.002323508341744,0.0464905096764848
fish3,81.9,2662,133.1,20.0,19.6611713870513,10.846964701709345,127.98480976757816,47.8133462784755,3002,467.4644183952429,794.3396038691194,19.76003232209579,9.436867755392324,126.31828922495274,47.81281936686972,0.0988609350444882,0.8883749229239962,0.7840386915784875,0.8870512545653065,0.6629013960329246,0.0419078446835419,within,0.0050030755736133,0.1494242563175982,0.0131930265431129,1.1020299843411504e-05,0.0419078446835419
fish3,81.9,2663,133.15,20.0,19.52494623996742,10.792683755850604,126.4571659368382,47.439180114568096,2901,467.4761197841317,792.3312922371748,19.76003232209579,9.436867755392324,126.31828922495274,47.81281936686972,0.2350860821283689,0.8883749229239962,0.7840386915784875,0.8870512545653065,0.6629013960329246,0.0411208352244877,within,0.0118970494732184,0.1436722475721409,0.0010994188785928,0.0078146249739985,0.0411208352244876
fish3,81.9,2664,133.2,20.0,19.52494623996742,10.68587900460036,126.6952403000704,47.39994214899138,2963,467.4656597146872,793.5603959698137,19.76003232209579,9.436867755392324,126.31828922495274,47.81281936686972,0.2350860821283689,0.8883749229239962,0.7840386915784875,0.8870512545653065,0.6629013960329246,0.0389677247196782,within,0.0118970494732184,0.1323544296246324,0.0029841369561803,0.0086352828246817,0.0389677247196782
fish3,81.9,2665,133.25,20.0,19.574536411811856,10.5134588201312,126.19925204333664,47.48544071441464,2995,467.6598958257983,794.3957648934248,19.76003232209579,9.436867755392324,126.31828922495274,47.81281936686972,0.185495910283933,0.8883749229239962,0.7840386915784875,0.8870512545653065,0.6629013960329246,0.0328150987998484,within,0.0093874294970919,0.1140835171843645,0.0009423590387937,0.0068470894791433,0.0328150987998484
fish3,81.9,2666,133.3,20.0,19.677656568738115,10.386220325850363,125.51478824904406,47.49671403971693,3009,467.547517353576,794.4933864212027,19.76003232209579,9.436867755392324,126.31828922495274,47.81281936686972,0.0823757533576738,0.8883749229239962,0.7840386915784875,0.8870512545653065,0.6629013960329246,0.0294353571402545,within,0.004168806609975,0.100600389352237,0.0063609235118579,0.006611309086948,0.0294353571402545
fish3,81.9,2667,133.35,20.0,19.549576342085725,10.175605619882363,122.61821682971892,47.17264790745131,2926,467.7770746452428,793.0638356399526,19.76003232209579,9.436867755392324,126.31828922495274,47.81281936686972,0.2104559800100638,0.8883749229239962,0.7840386915784875,0.8870512545653065,0.6629013960329246,0.0329033676722443,within,0.0106505888542869,0.0782821041513394,0.0292916601225067,0.0133891175608438,0.0329033676722442
fish3,81.9,2668,133.4,20.0,19.662218044303312,10.04730332088992,121.31872759707646,47.1264305903482,2845,467.47978297857617,791.2708734003694,19.76003232209579,9.436867755392324,126.31828922495274,47.81281936686972,0.0978142777924766,0.8883749229239962,0.7840386915784875,0.8870512545653065,0.6629013960329246,0.0308927955862741,within,0.004950107175842,0.0646862477381636,0.0395790796293389,0.0143557478017522,0.0308927955862742
fish3,81.9,2669,133.45,20.0,19.7923440701242,9.932359635732272,121.0012951127669,46.90452280024903,2834,467.4189496452426,790.9927223587025,19.76003232209579,9.436867755392324,126.31828922495274,47.81281936686972,0.0323117480284125,0.8883749229239962,0.7840386915784875,0.8870512545653065,0.6629013960329246,0.0288075345533588,within,0.0016352072457027,0.0525059684191101,0.042092037066122,0.0189969254825005,0.0288075345533588
fish3,81.9,2670,133.5,20.0,20.00026061942446,10.13639593065776,121.05089393844024,47.27094974985988,2817,467.4265711730205,790.6591069073138,19.76003232209579,9.436867755392324,126.31828922495274,47.81281936686972,0.2402282973286702,0.8883749229239962,0.7840386915784875,0.8870512545653065,0.6629013960329246,0.0348292429667951,within,0.0121572826103146,0.0741271567428416,0.0416993874666249,0.0113331450473993,0.0348292429667951
fish3,81.9,2671,133.55,20.0,20.038235931473537,9.77580028279506,118.32295852640462,46.716558047348,2761,467.46699652024273,789.5786207962026,19.76003232209579,9.436867755392324,126.31828922495274,47.81281936686972,0.2782036093777478,0.8883749229239962,0.7840386915784875,0.8870512545653065,0.6629013960329246,0.0340545492744609,within,0.0140791069995699,0.0359157864863653,0.0632951154389821,0.0229281881729261,0.0340545492744608
fish3,81.9,2672,133.6,20.0,20.114187875442123,9.673245576243826,117.24170412672504,46.68879555175445,2763,467.4070399230204,789.5600444073136,19.76003232209579,9.436867755392324,126.31828922495274,47.81281936686972,0.3541555533463345,0.8883749229239962,0.7840386915784875,0.8870512545653065,0.6629013960329246,0.0345837179125986,within,0.0179228225730337,0.0250483345722878,0.0718548767080256,0.0235088377970473,0.0345837179125986
fish3,81.9,2673,133.65,20.0,20.207015682745183,9.570690869692587,116.72587633972192,46.58243785049894,2770,467.36241318690935,789.6556129837026,19.76003232209579,9.436867755392324,126.31828922495274,47.81281936686972,0.4469833606493942,0.8883749229239962,0.7840386915784875,0.8870512545653065,0.6629013960329246,0.0346182978383409,within,0.0226205784162394,0.0141808826582098,0.0759384325427987,0.0257332977361156,0.0346182978383409
fish3,81.9,2674,133.7,20.0,20.3000018745,9.44975552181099,116.29932643893088,46.78841402375341,2806,467.5330815896872,790.5519226571497,19.76003232209579,9.436867755392324,126.31828922495274,47.81281936686972,0.5399695524042123,0.8883749229239962,0.7840386915784875,0.8870512545653065,0.6629013960329246,0.0323581448758823,within,0.0273263496538118,0.0013656826346117,0.0793152190984765,0.0214253281166291,0.0323581448758823
fish3,81.9,2675,133.75,20.0,20.354744820508184,9.338041539479152,114.28561411659184,46.55454890929144,2784,467.6163671832614,790.1915298653072,19.76003232209579,9.436867755392324,126.31828922495274,47.81281936686972,0.5947124984123953,0.8883749229239962,0.7840386915784875,0.8870512545653065,0.6629013960329246,0.0405356188777733,within,0.0300967371266586,0.0104723535896433,0.0952567928380712,0.0263165919567201,0.0405356188777733
fish3,81.9,3847,192.35,20.0,20.459789348523262,10.330076686916822,133.80771190163242,49.47980438027167,5882,447.6164886662802,830.1754958175554,19.76003232209579,9.436867755392324,126.31828922495274,47.81281936686972,0.6997570264274771,0.8883749229239962,0.7840386915784875,0.8870512545653065,0.6629013960329246,0.056054661415314,within,0.0354127470553274,0.094650995931792,0.0592900895241085,0.034864813150028,0.056054661415314
fish3,81.9,3848,192.4,20.0,20.469908795119967,10.311643269282674,133.44068059164945,49.46358033965103,5862,447.9391535846286,832.2858951109039,19.76003232209579,9.436867755392324,126.31828922495274,47.81281936686972,0.7098764730241776,0.8883749229239962,0.7840386915784875,0.8870512545653065,0.6629013960329246,0.0548831226953712,within,0.0359248639603888,0.09269765525648,0.0563844824878278,0.0345254890767883,0.0548831226953712
fish3,81.9,3849,192.45,20.0,20.47536117987163,10.267640249878909,132.6669389111448,49.30970546696652,5844,447.79012143547146,831.9017718159133,19.76003232209579,9.436867755392324,126.31828922495274,47.81281936686972,0.715328857775841,0.8883749229239962,0.7840386915784875,0.8870512545653065,0.6629013960329246,0.0514504816285417,within,0.036200793911453,0.0880347712843461,0.0502591487356682,0.0313072125826995,0.0514504816285417
fish3,81.9,3850,192.5,20.0,20.410401116854825,10.23900858766021,132.16103088927636,49.1597939471694,5814,447.81124557515824,831.3249988201835,19.76003232209579,9.436867755392324,126.31828922495274,47.81281936686972,0.6503687947590358,0.8883749229239962,0.7840386915784875,0.8870512545653065,0.6629013960329246,0.0480850120578423,within,0.0329133467070187,0.0850007495134743,0.0462541228207946,0.0281718291900816,0.0480850120578423
fish3,81.9,3851,192.55,20.0,20.40115014500192,10.235300793611865,132.48838313872065,49.09929575778498,5790,447.7153037373861,830.749063492828,19.76003232209579,9.436867755392324,126.31828922495274,47.81281936686972,0.6411178229061285,0.8883749229239962,0.7840386915784875,0.8870512545653065,0.6629013960329246,0.0482012878611068,within,0.0324451808810671,0.0846078443520952,0.0488456101774776,0.0269065160337874,0.0482012878611068
fish3,81.9,3852,192.6,20.0,20.367618836694984,10.158715133011846,131.2384927317516,49.04281400942045,5775,447.6235979953153,830.3575074903406,19.76003232209579,9.436867755392324,126.31828922495274,47.81281936686972,0.6075865145991948,0.8883749229239962,0.7840386915784875,0.8870512545653065,0.6629013960329246,0.0429791413655671,within,0.0307482550987423,0.0764922637818094,0.0389508402701429,0.0257252063115736,0.0429791413655671
fish3,81.9,3853,192.65,20.0,20.248899131141314,10.103651856061688,129.21486064427788,48.58941097226489,5644,447.71434451766777,827.8312227626931,19.76003232209579,9.436867755392324,126.31828922495274,47.81281936686972,0.4888668090455255,0.8883749229239962,0.7840386915784875,0.8870512545653065,0.6629013960329246,0.0336426507647212,within,0.0247401826614864,0.0706573534728572,0.0229307366106487,0.0162423303138925,0.0336426507647212
fish3,81.9,3854,192.7,20.0,20.246687028298467,9.9632658531612,127.45906221544038,48.52014681995405,5544,447.6235068238812,825.7419736105732,19.76003232209579,9.436867755392324,126.31828922495274,47.81281936686972,0.4866547062026782,0.8883749229239962,0.7840386915784875,0.8870512545653065,0.6629013960329246,0.0260584679748827,within,0.0246282343201684,0.0557810188097726,0.0090309407884404,0.0147936779811493,0.0260584679748827
fish3,81.9,3855,192.75,20.0,20.23098189003655,9.909214639448354,127.15154949626545,48.53868628611868,5534,447.652829802035,825.5734254949768,19.76003232209579,9.436867755392324,126.31828922495274,47.81281936686972,0.4709495679407602,0.8883749229239962,0.7840386915784875,0.8870512545653065,0.6629013960329246,0.0239161843878526,within,0.023833441173785,0.0500533541742307,0.0065965132715564,0.0151814289318385,0.0239161843878526
fish3,81.9,3856,192.8,20.0,20.15773832019297,9.800156029577598,125.82230096821898,48.21741509219124,5462,447.60041658950615,824.0828612407814,19.76003232209579,9.436867755392324,126.31828922495274,47.81281936686972,0.3977059980971766,0.8883749229239962,0.7840386915784875,0.8870512545653065,0.6629013960329246,0.0177530154757778,within,0.020126788843987,0.0384967007699866,0.003926495994974,0.0084620762941637,0.0177530154757778
fish3,81.9,3857,192.85,20.0,20.14750272499832,9.643607024935248,124.45337337963382,48.29407666049839,5389,447.6199217978394,822.6420083761981,19.76003232209579,9.436867755392324,126.31828922495274,47.81281936686972,0.3874704029025295,0.8883749229239962,0.7840386915784875,0.8870512545653065,0.6629013960329246,0.0165863697834269,within,0.0196087939830572,0.0219076154187697,0.0147636249411025,0.010065444790778,0.0165863697834269
fish3,81.9,3858,192.9,20.0,20.15524640481869,9.52809832287824,122.16190763352388,48.11110202740824,5272,447.66714395789626,820.3506498070883,19.76003232209579,9.436867755392324,126.31828922495274,47.81281936686972,0.3952140827229051,0.8883749229239962,0.7840386915784875,0.8870512545653065,0.6629013960329246,0.0172026822702372,within,0.0200006799726218,0.0096674627483028,0.0329040364378827,0.0062385499221409,0.017202682270237
fish3,81.9,3859,192.95,20.0,20.51619929088617,9.486944189049437,122.9058900186245,48.41345086936371,5249,447.5788149805706,819.8049901005959,19.76003232209579,9.436867755392324,126.31828922495274,47.81281936686972,0.7561669687903851,0.8883749229239962,0.7840386915784875,0.8870512545653065,0.6629013960329246,0.0207876000658735,within,0.0382674965538811,0.0053064676707479,0.0270142924454216,0.0125621435934434,0.0207876000658735
fish3,81.9,3860,193.0,20.0,20.477095489618343,9.310427114645195,119.55300940310433,47.9957493451937,5177,447.5758635916817,818.3628329825403,19.76003232209579,9.436867755392324,126.31828922495274,47.81281936686972,0.7170631675225536,0.8883749229239962,0.7840386915784875,0.8870512545653065,0.6629013960329246,0.0267676275416335,within,0.0362885624797652,0.0133985813963408,0.0535574053714464,0.0038259609189818,0.0267676275416336
fish3,81.9,3861,193.05,20.0,20.52118708124602,9.37418709859571,120.06883719010742,47.97206142779616,5089,447.54755633392347,816.5746559331154,19.76003232209579,9.436867755392324,126.31828922495274,47.81281936686972,0.7611547591502301,0.8883749229239962,0.7840386915784875,0.8870512545653065,0.6629013960329246,0.0244915997128504,within,0.0385199146814705,0.0066421039715002,0.0494738495366735,0.0033305306617577,0.0244915997128505
fish3,81.9,3862,193.1,20.0,20.551702485617444,9.255266563723357,117.82697026967084,47.81574168379732,5031,447.5669443051184,815.4355738522271,19.76003232209579,9.436867755392324,126.31828922495274,47.81281936686972,0.7916701635216548,0.8883749229239962,0.7840386915784875,0.8870512545653065,0.6629013960329246,0.0316476862368658,within,0.0400642139960674,0.0192437995716532,0.0672216114339564,6.111994578648869e-05,0.0316476862368659
fish3,81.9,3863,193.15,20.0,20.419914742923563,9.184564943580742,117.11274717997424,47.48894606782412,4985,447.6474781625065,814.5970191679485,19.76003232209579,9.436867755392324,126.31828922495274,47.81281936686972,0.659882420827774,0.8883749229239962,0.7840386915784875,0.8870512545653065,0.6629013960329246,0.0349450524170916,within,0.0333948047286283,0.0267358638852826,0.072875765666719,0.0067737753877365,0.0349450524170916
fish3,81.9,3864,193.2,20.0,20.419914742923563,9.308629615828012,117.54921684589992,47.47874903031876,4959,456.6712412645128,826.7570322699548,19.76003232209579,9.436867755392324,126.31828922495274,47.81281936686972,0.659882420827774,0.8883749229239962,0.7840386915784875,0.8870512545653065,0.6629013960329246,0.0308478392158302,within,0.0333948047286283,0.0135890576077041,0.069420449191142,0.0069870453358465,0.0308478392158302
fish3,81.9,3865,193.25,20.0,20.419914742923563,9.184564943580742,117.27146342212905,47.44248414651032,4943,456.6800433478461,826.4467783637048,19.76003232209579,9.436867755392324,126.31828922495274,47.81281936686972,0.659882420827774,0.8883749229239962,0.7840386915784875,0.8870512545653065,0.6629013960329246,0.0348738692654429,within,0.0333948047286283,0.0267358638852826,0.0716192869483273,0.0077455214995334,0.0348738692654429
fish3,81.9,3866,193.3,20.0,20.459110935121583,9.126365098458514,115.4958254630222,47.22117183256572,4862,456.6465147040284,824.794245813637,19.76003232209579,9.436867755392324,126.31828922495274,47.81281936686972,0.6990786130257973,0.8883749229239962,0.7840386915784875,0.8870512545653065,0.6629013960329246,0.0415829874938288,within,0.0353784144494581,0.032903148055284,0.0856761426103345,0.0123742448602384,0.0415829874938288
fish3,81.9,3867,193.35,20.0,20.7792204306928,8.946938083539639,112.52981568775432,47.43205355415056,4794,456.50994351518426,823.4155652497928,19.76003232209579,9.436867755392324,126.31828922495274,47.81281936686972,1.0191881085970067,0.8883749229239962,0.7840386915784875,0.8870512545653065,0.6629013960329246,0.0551537704847873,within,0.0515782612084772,0.0519165558479649,0.1091565886602797,0.0079636762224273,0.0551537704847873
fish3,81.9,3868,193.4,20.0,20.72448276416633,8.864309018741368,112.09334602182864,47.32603412052351,4757,456.5268098610021,822.693577428944,19.76003232209579,9.436867755392324,126.31828922495274,47.81281936686972,0.9644504420705432,0.8883749229239962,0.7840386915784875,0.8870512545653065,0.6629013960329246,0.0580684118529955,within,0.0488081409154419,0.0606725400304343,0.1126119051358568,0.0101810613302488,0.0580684118529954
fish3,81.9,6101,305.05,20.0,20.716712686937328,8.208511702724882,120.81281957520804,48.01248145497476,4797,460.6310373105463,823.7530261800121,19.76003232209579,9.436867755392324,126.31828922495274,47.81281936686972,0.9566803648415388,0.8883749229239962,0.7840386915784875,0.8870512545653065,0.6629013960329246,0.0565851471676715,within,0.0484149190268162,0.1301656528953207,0.0435841055442124,0.0041759112043368,0.0565851471676715
fish3,81.9,6102,305.1,20.0,20.67609763402567,8.264514087433588,119.929960478222,47.95171546504884,4775,460.5607551974827,823.2434797440317,19.76003232209579,9.436867755392324,126.31828922495274,47.81281936686972,0.9160653119298808,0.8883749229239962,0.7840386915784875,0.8870512545653065,0.6629013960329246,0.0560172494969565,within,0.0463595047314538,0.1242312278127285,0.0505732684152659,0.0029049970283778,0.0560172494969565
fish3,81.9,6103,305.15,20.0,20.679422387642088,8.277552938957209,121.25920900626842,48.07863821363976,4834,460.5616319353269,824.4252744506259,19.76003232209579,9.436867755392324,126.31828922495274,47.81281936686972,0.919390065546299,0.8883749229239962,0.7840386915784875,0.8870512545653065,0.6629013960329246,0.0537467820465706,within,0.0465277612181955,0.1228495350878124,0.0400502591487357,0.0055595727315389,0.0537467820465706
fish3,81.9,6104,305.2,20.0,20.680286902774583,8.414502790549427,122.20158669406258,48.16163120946353,4866,460.71036457579817,825.2132128202638,19.76003232209579,9.436867755392324,126.31828922495274,47.81281936686972,0.9202545806787974,0.8883749229239962,0.7840386915784875,0.8870512545653065,0.6629013960329246,0.0486985278371979,within,0.0465715119124455,0.1083373203210044,0.0325899167582847,0.0072953623570566,0.0486985278371978
fish3,81.9,6113,305.65,20.0,20.50928712943751,9.095545806706411,129.52237336345283,48.72958074657639,5115,463.135052079641,830.3871060532733,19.76003232209579,9.436867755392324,126.31828922495274,47.81281936686972,0.7492548073417211,0.8883749229239962,0.7840386915784875,0.8870512545653065,0.6629013960329246,0.0296564522039133,within,0.0379176913847402,0.0361689871611136,0.0253651641275328,0.0191739661422666,0.0296564522039133
fish3,81.9,6114,305.7,20.0,20.15623102816044,8.96273372081397,126.8539565422252,48.16306590618245,5062,463.190381940752,829.3838747164677,19.76003232209579,9.436867755392324,126.31828922495274,47.81281936686972,0.396198706064645,0.8883749229239962,0.7840386915784875,0.8870512545653065,0.6629013960329246,0.0204648068429065,within,0.0200505090075999,0.0502427338040663,0.0042406156745721,0.0073253688853878,0.0204648068429065
fish3,81.9,6115,305.75,20.0,20.113537179319497,9.156425860197382,127.11187043572676,48.271688634014005,5050,463.1054253445096,829.0595821827253,19.76003232209579,9.436867755392324,126.31828922495274,47.81281936686972,0.353504857223708,0.8883749229239962,0.7840386915784875,0.8870512545653065,0.6629013960329246,0.0158717940603642,within,0.0178898926611783,0.0297176883754352,0.0062823935919586,0.0095972016128847,0.0158717940603642
fish3,81.9,6116,305.8,20.0,20.113076544538977,9.15991530522418,128.4609584940426,48.40773912048245,5065,462.9659548610357,829.2199359180013,19.76003232209579,9.436867755392324,126.31828922495274,47.81281936686972,0.353044222443188,0.8883749229239962,0.7840386915784875,0.8870512545653065,0.6629013960329246,0.0191549119955052,within,0.0178665812225626,0.0293479210842909,0.0169624626982882,0.0124426829768787,0.0191549119955051
fish3,81.9,6117,305.85,20.0,20.113537179319497,9.296293413525383,129.4529350075101,48.56507666752302,5113,462.9766753472222,830.1917176021045,19.76003232209579,9.436867755392324,126.31828922495274,47.81281936686972,0.353504857223708,0.8883749229239962,0.7840386915784875,0.8870512545653065,0.6629013960329246,0.0183337551827108,within,0.0178898926611783,0.0148962924468889,0.0248154546882364,0.0157333809345398,0.0183337551827108
fish3,81.9,6118,305.9,20.0,20.11632738541124,9.429136544302407,131.98247511685224,48.81030807554684,5226,463.1340928810215,832.6109840942371,19.76003232209579,9.436867755392324,126.31828922495274,47.81281936686972,0.35629506331545,0.8883749229239962,0.7840386915784875,0.8870512545653065,0.6629013960329246,0.0211383267754788,within,0.0180310971919331,0.0008192560593528,0.0448405842626042,0.0208623695880251,0.0211383267754788
fish3,81.9,6119,305.95,20.0,20.06777463172581,9.358964756856622,131.63528333713856,48.82512621363207,5247,463.1811675337992,833.0780782782649,19.76003232209579,9.436867755392324,126.31828922495274,47.81281936686972,0.3077423096300222,0.8883749229239962,0.7840386915784875,0.8870512545653065,0.6629013960329246,0.0217733699684983,within,0.0155739780489074,0.0082551753987637,0.0420920370661219,0.0211722893602002,0.0217733699684983
fish3,81.9,6120,306.0,20.0,20.06777463172581,9.49460192724585,132.6074203203368,48.97047809946722,5308,463.1556727421326,834.2761316636817,19.76003232209579,9.436867755392324,126.31828922495274,47.81281936686972,0.3077423096300222,0.8883749229239962,0.7840386915784875,0.8870512545653065,0.6629013960329246,0.0239230484407303,within,0.0155739780489074,0.0061179380012542,0.0497879692162716,0.0242123084964879,0.0239230484407303
fish3,81.9,6121,306.05,20.0,20.06777463172581,9.49460192724585,132.8653342138383,49.0061372626848,5290,463.0476866317748,833.8077158658238,19.76003232209579,9.436867755392324,126.31828922495274,47.81281936686972,0.3077423096300222,0.8883749229239962,0.7840386915784875,0.8870512545653065,0.6629013960329246,0.0246199448156656,within,0.0155739780489074,0.0061179380012542,0.0518297471336579,0.0249581160788429,0.0246199448156656
fish3,81.9,6122,306.1,20.0,20.06777463172581,9.49460192724585,134.32353968863552,48.99351134250322,5323,463.01476996525895,834.4330544076413,19.76003232209579,9.436867755392324,126.31828922495274,47.81281936686972,0.3077423096300222,0.8883749229239962,0.7840386915784875,0.8870512545653065,0.6629013960329246,0.0274399019296371,within,0.0155739780489074,0.0061179380012542,0.0633736453588815,0.0246940463095054,0.0274399019296371
fish3,81.9,6123,306.15,20.0,20.06777463172581,9.49460192724585,133.68867472001634,48.99699867668097,5307,462.9425998082856,834.0388334694179,19.76003232209579,9.436867755392324,126.31828922495274,47.81281936686972,0.3077423096300222,0.8883749229239962,0.7840386915784875,0.8870512545653065,0.6629013960329246,0.0262016575165214,within,0.0155739780489074,0.0061179380012542,0.0583477304853149,0.024766983530609,0.0262016575165214
fish3,81.9,6124,306.2,20.0,20.100591890129405,9.436768411761667,132.76613656249157,48.96085623218014,5297,462.9723437198592,833.8706151414083,19.76003232209579,9.436867755392324,126.31828922495274,47.81281936686972,0.3405595680336155,0.8883749229239962,0.7840386915784875,0.8870512545653065,0.6629013960329246,0.023075202762724,within,0.0172347677616296,1.0527182666104818e-05,0.0510444479346632,0.0240110681719371,0.023075202762724
fish3,81.9,6125,306.25,20.0,20.100591890129405,9.57099924887942,133.46052012191882,49.093876085100575,5276,462.9237542505899,833.4001832242222,19.76003232209579,9.436867755392324,126.31828922495274,47.81281936686972,0.3405595680336155,0.8883749229239962,0.7840386915784875,0.8870512545653065,0.6629013960329246,0.0286957587591534,within,0.0172347677616296,0.0142135607877362,0.0565415423276269,0.0267931641596212,0.0286957587591534
fish3,81.9,6126,306.3,20.0,20.131268318693447,9.513554829281974,132.54790172952872,49.03679470792605,5275,462.9556379311455,833.4116437276945,19.76003232209579,9.436867755392324,126.31828922495274,47.81281936686972,0.3712359965976581,0.8883749229239962,0.7840386915784875,0.8870512545653065,0.6629013960329246,0.0254574115229129,within,0.018787216060499,0.0081263270692576,0.0493167896968746,0.0255993132650203,0.0254574115229129
fish3,81.9,6127,306.35,20.0,20.131268318693447,9.510758720010797,132.6272598506061,49.05268456039912,5252,463.01707022281215,833.0169692485279,19.76003232209579,9.436867755392324,126.31828922495274,47.81281936686972,0.3712359965976581,0.8883749229239962,0.7840386915784875,0.8870512545653065,0.6629013960329246,0.0256234809214897,within,0.018787216060499,0.00783003074047,0.0499450290560703,0.0259316478289194,0.0256234809214897
fish3,81.9,6128,306.4,20.0,20.131268318693447,9.643571840732724,133.09348881193583,49.13434631001713,5289,450.7814669267819,823.2398880879143,19.76003232209579,9.436867755392324,126.31828922495274,47.81281936686972,0.3712359965976581,0.8883749229239962,0.7840386915784875,0.8870512545653065,0.6629013960329246,0.0304916582439844,within,0.018787216060499,0.0219038870415755,0.0536359352913459,0.0276395945825173,0.0304916582439844
fish3,81.9,6129,306.45,20.0,20.131883378314427,9.645100283883547,133.668835189747,49.15635629850778,5306,450.7236153617012,823.5228893874169,19.76003232209579,9.436867755392324,126.31828922495274,47.81281936686972,0.3718510562186381,0.8883749229239962,0.7840386915784875,0.8870512545653065,0.6629013960329246,0.0317936991058967,within,0.0188183425086219,0.0220658521332183,0.058190670645516,0.0280999311362304,0.0317936991058966
fish3,81.9,6130,306.5,20.0,20.099121554468947,9.57179089343621,134.27394086296215,49.11405189873685,5368,450.5199348061456,824.558941904778,19.76003232209579,9.436867755392324,126.31828922495274,47.81281936686972,0.3390892323731584,0.8883749229239962,0.7840386915784875,0.8870512545653065,0.6629013960329246,0.0304134855901178,within,0.017160358183928,0.0142974492746059,0.0629809957593841,0.0272151391425533,0.0304134855901178
fish3,81.9,6131,306.55,20.0,20.099438323372457,9.571168960915124,134.53185475646373,49.14043659082029,5368,450.5018358529363,824.5420734203187,19.76003232209579,9.436867755392324,126.31828922495274,47.81281936686972,0.339406001276668,0.8883749229239962,0.7840386915784875,0.8870512545653065,0.6629013960329246,0.0310494198819848,within,0.0171763889726608,0.0142315447247905,0.0650227736767709,0.027766972153717,0.0310494198819848
fish3,81.9,6132,306.6,20.0,20.067771991984944,9.494599857586875,133.44068059164945,48.99615749869753,5364,450.4268445432874,824.3890873190031,19.76003232209579,9.436867755392324,126.31828922495274,47.81281936686972,0.3077396698891554,0.8883749229239962,0.7840386915784875,0.8870512545653065,0.6629013960329246,0.025706359003722,within,0.0155738444590011,0.0061177186849484,0.0563844824878278,0.0247493903831106,0.025706359003722
fish3,81.9,6133,306.65,20.0,20.067771991984944,9.494599857586875,133.63907589434297,49.007803227553566,5343,450.3299435194039,823.8736511388696,19.76003232209579,9.436867755392324,126.31828922495274,47.81281936686972,0.3077396698891554,0.8883749229239962,0.7840386915784875,0.8870512545653065,0.6629013960329246,0.026159900896386,within,0.0155738444590011,0.0061177186849484,0.0579550808858175,0.024992959555777,0.026159900896386
fish3,81.9,6134,306.7,20.0,20.109833622889298,9.433595624557586,131.8039193444281,48.61907864031521,5282,450.2736848346286,822.5995994853444,19.76003232209579,9.436867755392324,126.31828922495274,47.81281936686972,0.3498013007935086,0.8883749229239962,0.7840386915784875,0.8870512545653065,0.6629013960329246,0.0195847693056091,within,0.0177024660229102,0.0003467390790623,0.0434270457044136,0.0168628264160502,0.0195847693056091
fish3,81.9,6135,306.75,20.0,20.109833622889298,9.56480268991724,131.9923948819869,48.72989457390678,5279,450.226406199062,822.4910122560278,19.76003232209579,9.436867755392324,126.31828922495274,47.81281936686972,0.3498013007935086,0.8883749229239962,0.7840386915784875,0.8870512545653065,0.6629013960329246,0.0238397594454128,within,0.0177024660229102,0.0135569277689424,0.0449191141825036,0.0191805298072951,0.0238397594454128
fish3,81.9,6136,306.8,20.0,20.109833622889298,9.56480268991724,132.1015122984683,48.730164075756456,5268,450.2229860339506,822.2700204763329,19.76003232209579,9.436867755392324,126.31828922495274,47.81281936686972,0.3498013007935086,0.8883749229239962,0.7840386915784875,0.8870512545653065,0.6629013960329246,0.0240571258757221,within,0.0177024660229102,0.0135569277689424,0.0457829433013976,0.0191861664096382,0.0240571258757221
fish3,81.9,6137,306.85,20.0,20.1495142075356,9.501203104537057,131.00041836851938,48.55309203076125,5248,450.2257768441472,821.8720886302796,19.76003232209579,9.436867755392324,126.31828922495274,47.81281936686972,0.3894818854398103,0.8883749229239962,0.7840386915784875,0.8870512545653065,0.6629013960329246,0.0197692206452857,within,0.0197105894915105,0.0068174473577814,0.0370661221925553,0.0154827235392957,0.0197692206452857
fish3,81.9,6138,306.9,20.0,20.109833622889298,9.430647395351968,129.90924420370513,48.50317118528682,5231,450.2391796219249,821.5460513038906,19.76003232209579,9.436867755392324,126.31828922495274,47.81281936686972,0.3498013007935086,0.8883749229239962,0.7840386915784875,0.8870512545653065,0.6629013960329246,0.0153070216454231,within,0.0177024660229102,0.0006591551563071,0.0284278310036124,0.0144386343988628,0.0153070216454231
fish3,81.9,6139,306.95,20.0,20.14868532890475,9.367008486451317,128.9371072205069,48.38776603692343,5227,450.27177944147553,821.4992370609411,19.76003232209579,9.436867755392324,126.31828922495274,47.81281936686972,0.388653006808962,0.8883749229239962,0.7840386915784875,0.8870512545653065,0.6629013960329246,0.0149570729408862,within,0.019668642260993,0.0074028025772734,0.0207318988534627,0.0120249480718157,0.0149570729408862
fish3,81.9,6140,307.0,20.0,20.067771991984944,9.494599857586875,129.8398058477624,48.60672119753968,5261,450.3560372088208,822.2648685262031,19.76003232209579,9.436867755392324,126.31828922495274,47.81281936686972,0.3077396698891554,0.8883749229239962,0.7840386915784875,0.8870512545653065,0.6629013960329246,0.0165435141327982,within,0.0155738444590011,0.0061177186849484,0.0278781215643159,0.0166043718229272,0.0165435141327982
fish3,81.9,6141,307.05,20.0,20.067771991984944,9.494599857586875,130.74250447501788,48.72795691195197,5315,450.29179241715417,823.2826354532865,19.76003232209579,9.436867755392324,126.31828922495274,47.81281936686972,0.3077396698891554,0.8883749229239962,0.7840386915784875,0.8870512545653065,0.6629013960329246,0.0189639778085007,within,0.0155738444590011,0.0061177186849484,0.0350243442751692,0.0191400038148841,0.0189639778085007
fish3,81.9,6142,307.1,20.0,20.097618222047707,9.43696709902298,131.8733577003708,48.85625951294025,5412,450.27204849054783,825.2044735579302,19.76003232209579,9.436867755392324,126.31828922495274,47.81281936686972,0.3375858999519181,0.8883749229239962,0.7840386915784875,0.8870512545653065,0.6629013960329246,0.020723750010509,within,0.0170842787324,1.0527182665916582e-05,0.0439767551437098,0.0218234389832603,0.020723750010509
fish3,81.9,6143,307.15,20.0,20.06777463172581,9.630239097635078,134.31361992350085,49.13295174953622,5506,450.24855891316736,827.0596884076331,19.76003232209579,9.436867755392324,126.31828922495274,47.81281936686972,0.3077423096300222,0.8883749229239962,0.7840386915784875,0.8870512545653065,0.6629013960329246,0.0317426430971176,within,0.0155739780489074,0.0204910514012723,0.0632951154389821,0.0276104274993087,0.0317426430971176
fish3,81.9,6144,307.2,20.0,20.15987519042123,9.64152287835044,135.22623831589095,49.10778779180175,5563,450.1350823648901,828.0927418072724,19.76003232209579,9.436867755392324,126.31828922495274,47.81281936686972,0.3998428683254396,0.8883749229239962,0.7840386915784875,0.8870512545653065,0.6629013960329246,0.0348814219645528,within,0.0202349298729806,0.0216867638990885,0.0705198680697343,0.0270841260164075,0.0348814219645527
fish3,81.9,6145,307.25,20.0,20.160862453503835,9.643162048256269,135.08736160400554,49.10531848018937,5531,450.33196170789927,827.6503112544483,19.76003232209579,9.436867755392324,126.31828922495274,47.81281936686972,0.4008301314080462,0.8883749229239962,0.7840386915784875,0.8870512545653065,0.6629013960329246,0.0346495711825979,within,0.0202848924978647,0.0218604624130782,0.0694204491911419,0.027032480628307,0.034649571182598
fish3,81.9,6146,307.3,20.0,20.202085966684315,9.8349676934867,137.01179604013248,49.27398646526467,5542,450.2851388017819,827.8260925149976,19.76003232209579,9.436867755392324,126.31828922495274,47.81281936686972,0.4420536445885261,0.8883749229239962,0.7840386915784875,0.8870512545653065,0.6629013960329246,0.0449430268580709,within,0.0223710992665846,0.0421856010292077,0.0846552536516411,0.0305601534848501,0.0449430268580709
fish3,81.9,6147,307.35,20.0,19.883713420600685,9.783603931949,136.31741248070523,48.9055931509837,5565,467.9226932485885,843.9219769881447,19.76003232209579,9.436867755392324,126.31828922495274,47.81281936686972,0.1236810985048961,0.8883749229239962,0.7840386915784875,0.8870512545653065,0.6629013960329246,0.0362538198209983,within,0.0062591546657843,0.0367427186164123,0.0791581592586774,0.0228552467431188,0.0362538198209982
fish3,81.9,6148,307.4,20.0,19.883713420600685,9.783603931949,138.01369231873468,49.02754045126002,5593,467.7049323861392,846.6810650840288,19.76003232209579,9.436867755392324,126.31828922495274,47.81281936686972,0.1236810985048961,0.8883749229239962,0.7840386915784875,0.8870512545653065,0.6629013960329246,0.040248602580238,within,0.0062591546657843,0.0367427186164123,0.0925867755614889,0.0254057614772661,0.0402486025802379
fish3,81.9,6149,307.45,20.0,19.917587895219743,9.844733379346096,137.04155533553651,48.91781586112803,5557,467.6715903722503,845.4240707263899,19.76003232209579,9.436867755392324,126.31828922495274,47.81281936686972,0.1575555731239539,0.8883749229239962,0.7840386915784875,0.8870512545653065,0.6629013960329246,0.0397989047454576,within,0.0079734471359024,0.0432204450169085,0.0848908434113396,0.0231108834176797,0.0397989047454576
fish3,81.9,6150,307.5,20.0,19.92751200099261,9.844733379346096,137.15067275201795,48.91298339587458,5518,467.6082171946585,844.5953394758815,19.76003232209579,9.436867755392324,126.31828922495274,47.81281936686972,0.1674796788968251,0.8883749229239962,0.7840386915784875,0.8870512545653065,0.6629013960329246,0.0401151522147855,within,0.0084756783879115,0.0432204450169085,0.085754672530234,0.0230098129240876,0.0401151522147854
fish3,81.9,6151,307.55,20.0,19.925546713920426,9.840942798938874,136.843160032843,48.86951676480349,5498,467.6146754328221,844.2008341723786,19.76003232209579,9.436867755392324,126.31828922495274,47.81281936686972,0.1655143918246331,0.8883749229239962,0.7840386915784875,0.8870512545653065,0.6629013960329246,0.0391539864766565,within,0.0083762207028152,0.0428187672033082,0.0833202450133499,0.0221007129871529,0.0391539864766565
fish3,81.9,6152,307.6,20.0,19.935359950577062,9.840942798938874,137.13083322174862,48.90773740297302,5480,467.5507998614842,843.7760406322906,19.76003232209579,9.436867755392324,126.31828922495274,47.81281936686972,0.175327628481277,0.8883749229239962,0.7840386915784875,0.8870512545653065,0.6629013960329246,0.0400473286541258,within,0.0088728411787677,0.0428187672033082,0.0855976126904352,0.0229000935439918,0.0400473286541257
fish3,81.9,6153,307.65,20.0,19.81495609035306,9.908203611040532,137.74585866009843,49.12530153378015,5476,467.5640378890991,843.7104244932386,19.76003232209579,9.436867755392324,126.31828922495274,47.81281936686972,0.0549237682572716,0.8883749229239962,0.7840386915784875,0.8870512545653065,0.6629013960329246,0.0426606620800272,within,0.0027795383814152,0.0499462181589735,0.0904664677242027,0.0274504240555175,0.0426606620800272
fish3,81.9,6154,307.7,20.0,19.865072890499576,9.979769313803958,139.43221873299322,49.306704798394726,5528,467.5102662319607,844.6256697631836,19.76003232209579,9.436867755392324,126.31828922495274,47.81281936686972,0.1050405684037869,0.8883749229239962,0.7840386915784875,0.8870512545653065,0.6629013960329246,0.0494766661504378,within,0.0053158095438098,0.0575298470301667,0.1038165541071148,0.0312444539206601,0.0494766661504379
fish3,81.9,6155,307.75,20.0,19.86659998058858,9.982185640653771,139.46197802839723,49.30679612022705,5531,467.51356487238377,844.68948923694,19.76003232209579,9.436867755392324,126.31828922495274,47.81281936686972,0.1065676584927892,0.8883749229239962,0.7840386915784875,0.8870512545653065,0.6629013960329246,0.0496193744738007,within,0.0053930913044926,0.0577858988168872,0.1040521438668131,0.0312463639070096,0.0496193744738006
fish3,81.9,6156,307.8,20.0,19.86659998058858,10.117738989854631,141.30705434344682,49.488701380514776,5556,467.50714598251136,845.1837148783176,19.76003232209579,9.436867755392324,126.31828922495274,47.81281936686972,0.1065676584927892,0.8883749229239962,0.7840386915784875,0.8870512545653065,0.6629013960329246,0.0578132057842679,within,0.0053930913044926,0.0721501299065307,0.1186587089681169,0.0350508929579313,0.0578132057842679
fish3,81.9,6157,307.85,20.0,19.874260508571787,10.120209127837718,141.40625199479356,49.52210120647719,5576,467.4503968369472,845.5287365660868,19.76003232209579,9.436867755392324,126.31828922495274,47.81281936686972,0.1142281864759979,0.8883749229239962,0.7840386915784875,0.8870512545653065,0.6629013960329246,0.0583465270099293,within,0.0057807692120152,0.0724118839171954,0.1194440081671116,0.0357494467433949,0.0583465270099293
fish3,81.9,6162,308.1,20.0,19.933575485753963,10.045217104646142,141.6740856534298,49.61396098145692,5556,467.1134306500282,844.7902990250011,19.76003232209579,9.436867755392324,126.31828922495274,47.81281936686972,0.1735431636581736,0.8883749229239962,0.7840386915784875,0.8870512545653065,0.6629013960329246,0.0581206778537068,within,0.0087825344022396,0.0644651769021771,0.1215643160043978,0.0376706841060128,0.0581206778537068
fish3,81.9,6164,308.2,20.0,19.984427453730703,9.968667663078133,141.72368447910316,49.62007830025451,5476,467.1103922878502,843.1882046732396,19.76003232209579,9.436867755392324,126.31828922495274,47.81281936686972,0.2243951316349139,0.8883749229239962,0.7840386915784875,0.8870512545653065,0.6629013960329246,0.0568662593746475,within,0.0113560103534847,0.0563534343672382,0.1219569656038949,0.0377986271739723,0.0568662593746476
fish3,81.9,6173,308.65,20.0,20.56305997067869,9.39961389389626,143.2116492493045,50.37848123825435,5369,463.57026320527626,835.6484076219157,19.76003232209579,9.436867755392324,126.31828922495274,47.81281936686972,0.8030276485829049,0.8883749229239962,0.7840386915784875,0.8870512545653065,0.6629013960329246,0.0579959187778908,within,0.0406389845670925,0.0039476934997606,0.1337364535888177,0.0536605434558921,0.0579959187778907
fish3,81.9,6174,308.7,20.0,20.732742513325345,9.27002840634117,141.56496823694837,50.19585222683445,5336,463.5487354490493,834.9696272615222,19.76003232209579,9.436867755392324,126.31828922495274,47.81281936686972,0.972710191229556,0.8883749229239962,0.7840386915784875,0.8870512545653065,0.6629013960329246,0.0593617584667565,within,0.0492261437316509,0.0176795260223732,0.1207004868855034,0.0498408772274987,0.0593617584667566
fish3,81.9,6177,308.85,20.0,20.71453754046656,9.030371210848532,138.66839681762323,49.95855983620265,5156,463.6407672239516,831.4687130750763,19.76003232209579,9.436867755392324,126.31828922495274,47.81281936686972,0.9545052183707732,0.8883749229239962,0.7840386915784875,0.8870512545653065,0.6629013960329246,0.0585069726932359,within,0.0483048409441838,0.0430753672807924,0.0977697502748547,0.0448779322731123,0.0585069726932358
fish3,81.9,6178,308.9,20.0,20.71198623092288,9.015715955667774,137.83513654631054,49.8528969455467,5075,463.71086685926633,829.9184676583076,19.76003232209579,9.436867755392324,126.31828922495274,47.81281936686972,0.9519539088270932,0.8883749229239962,0.7840386915784875,0.8870512545653065,0.6629013960329246,0.0566613283917352,within,0.0481757262999316,0.0446283460403372,0.0911732370032983,0.0426680042233733,0.0566613283917351
fish3,81.9,6179,308.95,20.0,20.85712446302925,8.87583598438594,135.02784301319747,49.57761578858521,5076,463.8325119981368,830.0599435263448,19.76003232209579,9.436867755392324,126.31828922495274,47.81281936686972,1.0970921409334622,0.8883749229239962,0.7840386915784875,0.8870512545653065,0.6629013960329246,0.0552079055857077,within,0.0555207665175065,0.0594510578667169,0.0689492696717448,0.0369105282868625,0.0552079055857077
fish3,81.9,6180,309.0,20.0,20.867242589755527,8.736028451168128,133.78787237136308,49.495902816785616,5034,463.74436095647,829.1320529013447,19.76003232209579,9.436867755392324,126.31828922495274,47.81281936686972,1.1072102676597382,0.8883749229239962,0.7840386915784875,0.8870512545653065,0.6629013960329246,0.0561583625402864,within,0.0560328166276149,0.0742660936224023,0.0591330296843096,0.0352015102268186,0.0561583625402864
fish3,81.9,6181,309.05,20.0,20.86494337546421,8.596293356014334,132.7958958578956,49.456923175646814,5061,463.6935536822848,829.6229448459095,19.76003232209579,9.436867755392324,126.31828922495274,47.81281936686972,1.1049110533684292,0.8883749229239962,0.7840386915784875,0.8870512545653065,0.6629013960329246,0.0576640515063148,within,0.0559164598193955,0.089073453307394,0.0512800376943617,0.0343862552041079,0.0576640515063148
fish3,81.9,6182,309.1,20.0,20.877145577601496,8.596293356014334,132.68677844141416,49.46565933823975,5084,463.6701812777297,830.0606010871877,19.76003232209579,9.436867755392324,126.31828922495274,47.81281936686972,1.117113255505707,0.8883749229239962,0.7840386915784875,0.8870512545653065,0.6629013960329246,0.0576481530382519,within,0.0565339791603753,0.089073453307394,0.0504162085754673,0.0345689711097713,0.057648153038252
fish3,81.9,6184,309.2,20.0,20.84849647001992,8.452348057096742,131.68488216281196,49.51297317590149,4995,463.7364312424648,828.3466166769227,19.76003232209579,9.436867755392324,126.31828922495274,47.81281936686972,1.0884641479241282,0.8883749229239962,0.7840386915784875,0.8870512545653065,0.6629013960329246,0.0593635766806904,within,0.0550841279093964,0.1043269571869349,0.0424846866656195,0.0355585349608109,0.0593635766806904
fish3,81.9,6185,309.25,20.0,20.81727625483818,8.25528547807742,129.46285477264476,49.327939795278,5060,463.7575249746063,829.666642700731,19.76003232209579,9.436867755392324,126.31828922495274,47.81281936686972,1.0572439327423917,0.8883749229239962,0.7840386915784875,0.8870512545653065,0.6629013960329246,0.0588239713812482,within,0.0535041600898686,0.1252091592191419,0.0248939846081358,0.0316885816078466,0.0588239713812482
fish3,81.9,6188,309.4,20.0,20.85986055443332,7.9956307201825405,126.51668452764628,49.16287576631172,4807,460.1768784202103,821.030781302585,19.76003232209579,9.436867755392324,126.31828922495274,47.81281936686972,1.0998282323375328,0.8883749229239962,0.7840386915784875,0.8870512545653065,0.6629013960329246,0.0595475513528955,within,0.0556592324551867,0.1527240894507868,0.0015705983979899,0.0282362851076186,0.0595475513528955
fish4,61.25,1089,54.45,20.0,25.41244272556988,3.816280130293703,54.454092709608666,52.91513560103306,4203,450.329934711202,796.5918454228613,25.082699245876736,3.033448113335504,44.30787037037037,51.34523236751557,0.3297434796931462,1.0043572954946611,0.3656699130744646,0.840706296613563,0.2419515570423535,0.132695525011441,within,0.013146251783382,0.2580667239755145,0.2289936811321741,0.0305754431546932,0.132695525011441
fish4,61.25,1090,54.5,20.0,25.50052055447913,3.758803219065319,53.0935502385774,52.40920418588232,4112,450.1923479953154,794.6215568880423,25.082699245876736,3.033448113335504,44.30787037037037,51.34523236751557,0.4178213086024023,1.0043572954946611,0.3656699130744646,0.840706296613563,0.2419515570423535,0.118696448728899,within,0.0166577490128413,0.2391190086756528,0.1982871168207219,0.02072192040638,0.118696448728899
fish4,61.25,1091,54.55,20.0,25.45157085266063,3.758803219065319,52.69556842732336,52.194637908565255,4070,450.1272134493605,793.7217641661422,25.082699245876736,3.033448113335504,44.30787037037037,51.34523236751557,0.3688716067838946,1.0043572954946611,0.3656699130744646,0.840706296613563,0.2419515570423535,0.1149182940729028,within,0.0147062165506183,0.2391190086756528,0.1893049245391407,0.0165430265261994,0.1149182940729028
fish4,61.25,1092,54.6,20.0,25.453564414471067,3.7295543098550112,52.44567287141965,52.124529522934495,3996,450.0775216358137,792.194679779334,25.082699245876736,3.033448113335504,44.30787037037037,51.34523236751557,0.3708651685943316,1.0043572954946611,0.3656699130744646,0.840706296613563,0.2419515570423535,0.110776277673569,within,0.0147856961070606,0.2294768759878626,0.1836649433390779,0.015177595260275,0.110776277673569
fish4,61.25,1093,54.65,20.0,25.42364308107073,3.6104401951015146,51.441462952325146,51.963958968534826,3938,450.0024261405096,790.9514560304004,25.082699245876736,3.033448113335504,44.30787037037037,51.34523236751557,0.3409438351939933,1.0043572954946611,0.3656699130744646,0.840706296613563,0.2419515570423535,0.094213414503248,within,0.013592788872196,0.1902099723510894,0.1610005744425299,0.0120503223471767,0.094213414503248
fish4,61.25,1094,54.7,20.0,25.59027560155825,3.5431721782304595,51.08513040038837,51.97568577392512,3928,449.93674037179824,790.6899629700224,25.082699245876736,3.033448113335504,44.30787037037037,51.34523236751557,0.5075763556815147,1.0043572954946611,0.3656699130744646,0.840706296613563,0.2419515570423535,0.0883769371573735,within,0.0202361137733194,0.1680345421614862,0.1529583790276254,0.0122787136670632,0.0883769371573735
fish4,61.25,1095,54.75,20.0,25.586007946784417,3.446893427450759,49.96985578978111,51.98322651928436,3941,449.9434243842042,790.9671092418906,25.082699245876736,3.033448113335504,44.30787037037037,51.34523236751557,0.5033087009076809,1.0043572954946611,0.3656699130744646,0.840706296613563,0.2419515570423535,0.0741435987839357,within,0.0200659704114746,0.1362954956432865,0.1277873518199383,0.0124255772610433,0.0741435987839357
fish4,61.25,1096,54.8,20.0,25.5350348394158,3.340088310503781,48.47511014983859,51.72389625946354,3863,449.9250563390474,789.383477541548,25.082699245876736,3.033448113335504,44.30787037037037,51.34523236751557,0.4523355935390611,1.0043572954946611,0.3656699130744646,0.840706296613563,0.2419515570423535,0.0551367217395733,within,0.0180337685790903,0.1010863498275245,0.0940519087158598,0.0073748598358186,0.0551367217395733
fish4,61.25,1097,54.85,20.0,25.70434732772633,3.222147065878401,47.27190932511706,51.77775563489112,3938,449.5456684024764,787.6288291402452,25.082699245876736,3.033448113335504,44.30787037037037,51.34523236751557,0.621648081849596,1.0043572954946611,0.3656699130744646,0.840706296613563,0.2419515570423535,0.0405775749428177,within,0.0247839387521973,0.0622060920420387,0.066896443678521,0.0084238252985138,0.0405775749428177
fish4,61.25,1098,54.9,20.0,25.660718764692263,3.2093606261727863,46.90169368674121,51.51057982760258,3903,449.3283897564736,788.7923708067424,25.082699245876736,3.033448113335504,44.30787037037037,51.34523236751557,0.5780195188155268,1.0043572954946611,0.3656699130744646,0.840706296613563,0.2419515570423535,0.0356991789377953,within,0.0230445500761065,0.0579909417484162,0.0585409159747246,0.0032203079519339,0.0356991789377953
fish4,61.25,1099,54.95,20.0,25.632053852732334,3.109148845440323,46.05945310943614,51.37816857770553,3859,449.10197916636525,787.8105630812174,25.082699245876736,3.033448113335504,44.30787037037037,51.34523236751557,0.5493546068555979,1.0043572954946611,0.3656699130744646,0.840706296613563,0.2419515570423535,0.0217576578125978,within,0.0219017339988201,0.0249553410101286,0.0395320904485875,0.0006414657928551,0.0217576578125978
fish4,61.25,1100,55.0,20.0,25.62924555682872,3.105185532029961,45.92524994052488,51.30289794203692,3858,448.903255208258,787.7128189355732,25.082699245876736,3.033448113335504,44.30787037037037,51.34523236751557,0.5465463109519852,1.0043572954946611,0.3656699130744646,0.840706296613563,0.2419515570423535,0.0206915733186349,within,0.0217897725278442,0.0236488036103496,0.0365032116559609,0.0008245054803848,0.0206915733186349
fish4,61.25,1101,55.05,20.0,25.56548440700842,3.055262842941009,44.96268928074766,50.96267002719816,3792,448.6321267354329,786.1211110459645,25.082699245876736,3.033448113335504,44.30787037037037,51.34523236751557,0.4827851611316838,1.0043572954946611,0.3656699130744646,0.840706296613563,0.2419515570423535,0.0121671895399657,within,0.0192477355167844,0.00719139698141,0.0147788396260901,0.0074507860355784,0.0121671895399657
fish4,61.25,1102,55.1,20.0,25.544832539151816,3.0081647001270966,44.398110432224485,51.03061145605121,3808,448.5886024293499,786.4093315315482,25.082699245876736,3.033448113335504,44.30787037037037,51.34523236751557,0.4621332932750803,1.0043572954946611,0.3656699130744646,0.840706296613563,0.2419515570423535,0.0087308696277652,within,0.0184243844231018,0.008334875779565,0.0020366598778004,0.0061275584305936,0.0087308696277652
fish4,61.25,1103,55.15,20.0,25.532739855834627,3.0081647001270966,44.1111933124832,50.952030787093165,3803,448.5867708314495,786.3179328678259,25.082699245876736,3.033448113335504,44.30787037037037,51.34523236751557,0.4500406099578917,1.0043572954946611,0.3656699130744646,0.840706296613563,0.2419515570423535,0.0095935044262177,within,0.0179422719040843,0.008334875779565,0.0044388740926417,0.0076579959285795,0.0095935044262176
fish4,61.25,1104,55.2,20.0,25.520650156891392,3.012586630584532,43.90294701589678,50.84897560650469,3811,448.4541059024763,786.3270908555195,25.082699245876736,3.033448113335504,44.30787037037037,51.34523236751557,0.4379509110146564,1.0043572954946611,0.3656699130744646,0.840706296613563,0.2419515570423535,0.0107853468990844,within,0.0174602783664381,0.0068771516675237,0.0091388584260273,0.0096650991363484,0.0107853468990844
fish4,61.25,1105,55.25,20.0,25.520650156891392,3.0081647001270966,43.70395611026975,50.82437660624461,3815,448.4337456597034,786.3924695502196,25.082699245876736,3.033448113335504,44.30787037037037,51.34523236751557,0.4379509110146564,1.0043572954946611,0.3656699130744646,0.840706296613563,0.2419515570423535,0.0123923245250301,within,0.0174602783664381,0.008334875779565,0.0136299545668181,0.0101441893872991,0.0123923245250301
fish4,61.25,1106,55.3,20.0,25.317551570892327,3.0352102831790733,43.8289038882216,50.648336354968365,3762,448.3987586805556,785.2976420812713,25.082699245876736,3.033448113335504,44.30787037037037,51.34523236751557,0.2348523250155914,1.0043572954946611,0.3656699130744646,0.840706296613563,0.2419515570423535,0.0085816868434501,within,0.0093631200818308,0.0005809131317666,0.0108099639667867,0.0135727501934163,0.0085816868434501
fish4,61.25,1107,55.35,20.0,25.319452617109764,2.9856466303982407,43.05607874311201,50.4162459949622,3714,457.5038932282436,793.43672190043,25.082699245876736,3.033448113335504,44.30787037037037,51.34523236751557,0.2367533712330285,1.0043572954946611,0.3656699130744646,0.840706296613563,0.2419515570423535,0.0178855292042137,within,0.0094389112157435,0.0157581343577694,0.0282521280484619,0.0180929431948798,0.0178855292042137
fish4,61.25,1108,55.4,20.0,25.319452617109764,2.980849294196147,42.88948170584288,50.464399866947694,3693,457.9226649298773,793.4378699041472,25.082699245876736,3.033448113335504,44.30787037037037,51.34523236751557,0.2367533712330285,1.0043572954946611,0.3656699130744646,0.840706296613563,0.2419515570423535,0.0189864346997418,within,0.0094389112157435,0.0173396139225604,0.0320121155151702,0.017155098145493,0.0189864346997418
fish4,61.25,1109,55.45,20.0,25.19412084796149,3.056737183525411,43.555869854919415,50.54933741419456,3668,457.9839236099055,796.5384970819815,25.082699245876736,3.033448113335504,44.30787037037037,51.34523236751557,0.11142160208475,1.0043572954946611,0.3656699130744646,0.840706296613563,0.2419515570423535,0.0111481535400595,within,0.0044421695206136,0.0076774249368316,0.0169721656483366,0.0155008540544564,0.0111481535400595
fish4,61.25,1110,55.5,20.0,25.177742603626648,2.991458053194009,43.0745895250308,50.41146905007204,3629,457.8717578093163,795.6369595832355,25.082699245876736,3.033448113335504,44.30787037037037,51.34523236751557,0.0950433577499119,1.0043572954946611,0.3656699130744646,0.840706296613563,0.2419515570423535,0.0159129708982938,within,0.0037891997515193,0.0138423531811539,0.0278343516632721,0.0181859789972299,0.0159129708982938
fish4,61.25,1111,55.55,20.0,25.177742603626648,2.9854692948357195,42.92187557420076,50.36628671442351,3613,457.7788411458144,795.2342447367159,25.082699245876736,3.033448113335504,44.30787037037037,51.34523236751557,0.0950433577499119,1.0043572954946611,0.3656699130744646,0.840706296613563,0.2419515570423535,0.0174881878504568,within,0.0037891997515193,0.015816594419025,0.0312810068410882,0.0190659503901945,0.0174881878504568
fish4,61.25,1112,55.6,20.0,25.33219887832589,2.9383176785291094,42.491499894588834,50.446640763211605,3628,457.7670833321277,795.5463703880864,25.082699245876736,3.033448113335504,44.30787037037037,51.34523236751557,0.2494996324491545,1.0043572954946611,0.3656699130744646,0.840706296613563,0.2419515570423535,0.0249507145316868,within,0.0099470806552117,0.0313604951369323,0.0409943077967515,0.0175009745378516,0.0249507145316868
fish4,61.25,1113,55.65,20.0,25.3303217071002,2.874150032938798,42.27399820704301,50.4921363687828,3623,457.6806944317101,795.3688258776583,25.082699245876736,3.033448113335504,44.30787037037037,51.34523236751557,0.2476224612234574,1.0043572954946611,0.3656699130744646,0.840706296613563,0.2419515570423535,0.0312260467930019,within,0.0098722413722744,0.0525138635786803,0.0459031803227323,0.016614901898321,0.031226046793002
fish4,61.25,1114,55.7,20.0,25.30633330914768,2.8291384476358963,41.69090857660104,50.32642336178127,3609,457.5975607366867,795.0042924430516,25.082699245876736,3.033448113335504,44.30787037037037,51.34523236751557,0.2236340632709463,1.0043572954946611,0.3656699130744646,0.840706296613563,0.2419515570423535,0.0387934052674601,within,0.0089158691047856,0.0673522862650694,0.0590631364562117,0.0198423292437734,0.03879340526746
fish4,61.25,1115,55.75,20.0,25.27852192814251,2.821128336688816,41.205000551232736,50.17109644252262,3583,457.6042751598782,794.4847405549684,25.082699245876736,3.033448113335504,44.30787037037037,51.34523236751557,0.1958226822657742,1.0043572954946611,0.3656699130744646,0.840706296613563,0.2419515570423535,0.0426743019057229,within,0.0078070816998678,0.0699928822626956,0.0700297665674445,0.0228674770928837,0.0426743019057229
fish4,61.25,1116,55.8,20.0,25.291530814267794,2.754524918941299,40.68669865750653,50.05497605186423,3521,457.5531814153036,793.1965277016533,25.082699245876736,3.033448113335504,44.30787037037037,51.34523236751557,0.2088315683910586,1.0043572954946611,0.3656699130744646,0.840706296613563,0.2419515570423535,0.0517828718449901,within,0.0083257215000649,0.091949222130425,0.0817275053527598,0.0251290383967108,0.0517828718449901
fish4,61.25,1117,55.85,20.0,25.267184291439143,2.6500420793915143,39.76115956156689,49.93663578058936,3531,457.33891926252585,793.1897460274167,25.082699245876736,3.033448113335504,44.30787037037037,51.34523236751557,0.1844850455624076,1.0043572954946611,0.3656699130744646,0.840706296613563,0.2419515570423535,0.0659495102865074,within,0.0073550714679455,0.1263928109594088,0.1026163246122512,0.0274338341064238,0.0659495102865073
fish4,61.25,1118,55.9,20.0,25.284690629133788,2.6327095743347004,39.25674075427978,49.65207509990911,3510,457.35860676252594,792.7901496529053,25.082699245876736,3.033448113335504,44.30787037037037,51.34523236751557,0.2019913832570523,1.0043572954946611,0.3656699130744646,0.840706296613563,0.2419515570423535,0.0717840735113929,within,0.0080530161956256,0.1321066074079511,0.1140007311086741,0.0329759393333209,0.0717840735113929
fish4,61.25,1119,55.95,20.0,25.284690629133788,2.624056417355526,38.530192563967184,49.50246916921575,3455,457.24360241578665,791.5675085760989,25.082699245876736,3.033448113335504,44.30787037037037,51.34523236751557,0.2019913832570523,1.0043572954946611,0.3656699130744646,0.840706296613563,0.2419515570423535,0.0773250810463329,within,0.0080530161956256,0.1349591885815449,0.1303984542273745,0.0358896651807866,0.0773250810463329
fish4,61.25,1120,56.0,20.0,25.46616444136277,2.5586452402360327,38.40524478601533,49.68979299853331,3483,457.24024303860136,792.1263854954084,25.082699245876736,3.033448113335504,44.30787037037037,51.34523236751557,0.3834651954860355,1.0043572954946611,0.3656699130744646,0.840706296613563,0.2419515570423535,0.0843175806500162,within,0.0152880354593045,0.1565224969605265,0.1332184448274058,0.0322413453528277,0.0843175806500161
fish4,61.25,1121,56.05,20.0,25.43498071777409,2.516578789390683,37.85917671941093,49.62335629242359,3453,457.3402951219349,791.6176712449394,25.082699245876736,3.033448113335504,44.30787037037037,51.34523236751557,0.3522814718973528,1.0043572954946611,0.3656699130744646,0.840706296613563,0.2419515570423535,0.0908782368005324,within,0.014044799104118,0.1703900329372979,0.145542848190506,0.0335352669702077,0.0908782368005324
fish4,61.25,1122,56.1,20.0,25.454713398448643,2.4502009970434817,37.053957705943446,49.42948494138909,3460,457.2642143892077,791.6829283591271,25.082699245876736,3.033448113335504,44.30787037037037,51.34523236751557,0.3720141525719072,1.0043572954946611,0.3656699130744646,0.840706296613563,0.2419515570423535,0.10203268121612,within,0.0148315039352497,0.1922719936193991,0.1637161209462635,0.0373111063635678,0.10203268121612
fish4,61.25,1123,56.15,20.0,25.452791461613423,2.4500465786921177,36.52177272577816,49.3433738766225,3436,457.2147569251545,791.1559090898257,25.082699245876736,3.033448113335504,44.30787037037037,51.34523236751557,0.3700922157366868,1.0043572954946611,0.3656699130744646,0.840706296613563,0.2419515570423535,0.1054482941704516,within,0.0147548799317332,0.1923228988419691,0.1757271920204708,0.0389882058876333,0.1054482941704516
fish4,61.25,1124,56.2,20.0,25.489630573870937,2.4123968746492985,36.49863424837967,49.47697495242218,3446,457.37805988210033,791.5101560165403,25.082699245876736,3.033448113335504,44.30787037037037,51.34523236751557,0.4069313279942008,1.0043572954946611,0.3656699130744646,0.840706296613563,0.2419515570423535,0.108398402175326,within,0.0162235859867073,0.2047344195392592,0.176249412501958,0.0363861906733793,0.108398402175326
fish4,61.25,1125,56.25,20.0,25.41369914701029,2.457742396457624,36.98454227374798,49.530762861066,3466,457.45698349321145,792.0868497481343,25.082699245876736,3.033448113335504,44.30787037037037,51.34523236751557,0.3309999011335556,1.0043572954946611,0.3656699130744646,0.840706296613563,0.2419515570423535,0.1009009136226007,within,0.0131963429409602,0.1897859120605983,0.1652827823907253,0.0353386170981188,0.1009009136226006
fish4,61.25,1126,56.3,20.0,25.34299335896712,2.4460202429510747,36.48475116194057,49.45341576838399,3443,457.5061024004149,791.6484328847629,25.082699245876736,3.033448113335504,44.30787037037037,51.34523236751557,0.2602941130903851,1.0043572954946611,0.3656699130744646,0.840706296613563,0.2419515570423535,0.104358855643717,within,0.0103774362774442,0.193650212048133,0.1765627447908506,0.0368450294584404,0.104358855643717
fish4,61.25,1127,56.35,20.0,25.58821339914656,2.4587957696989955,36.61895433085182,49.48826446969428,3416,452.2120399033533,785.8349529599494,25.082699245876736,3.033448113335504,44.30787037037037,51.34523236751557,0.5055141532698251,1.0043572954946611,0.3656699130744646,0.840706296613563,0.2419515570423535,0.1048231847298347,within,0.0201538976453231,0.1894386592967417,0.1735338659982243,0.0361663159790495,0.1048231847298347
fish4,61.25,1128,56.4,20.0,25.53261152775401,2.440584771547849,36.04049239588954,49.37158471326293,3404,452.1341319143037,784.7947533195767,25.082699245876736,3.033448113335504,44.30787037037037,51.34523236751557,0.4499122818772747,1.0043572954946611,0.3656699130744646,0.840706296613563,0.2419515570423535,0.109601840782207,within,0.0179371557050916,0.1954420578948875,0.1865893780354066,0.0384387714934424,0.109601840782207
fish4,61.25,1129,56.45,20.0,25.50979897314477,2.5126621288744606,36.52177272577816,49.131450360995096,3411,452.00308157002,784.7827068739136,25.082699245876736,3.033448113335504,44.30787037037037,51.34523236751557,0.4270997272680361,1.0043572954946611,0.3656699130744646,0.840706296613563,0.2419515570423535,0.1018879185726752,within,0.0170276620981389,0.1716811908440392,0.1757271920204708,0.0431156293280515,0.1018879185726751
fish4,61.25,1130,56.5,20.0,25.72974136581764,2.6658194879769943,38.54870334588597,49.434414659760535,3478,452.0021223700442,786.1620700221829,25.082699245876736,3.033448113335504,44.30787037037037,51.34523236751557,0.647042119940906,1.0043572954946611,0.3656699130744646,0.840706296613563,0.2419515570423535,0.0785459471277455,within,0.02579635124586,0.121191664278798,0.1299806778421848,0.0372150951441393,0.0785459471277455
fish4,61.25,1131,56.55,20.0,25.841437530307417,2.6920397786033945,38.76157733795208,49.37921586037938,3454,452.0260199422013,785.7293399901733,25.082699245876736,3.033448113335504,44.30787037037037,51.34523236751557,0.7587382844306809,1.0043572954946611,0.3656699130744646,0.840706296613563,0.2419515570423535,0.076565950799569,within,0.03024946705269,0.1125479394986932,0.1251762494125018,0.0382901472343909,0.076565950799569
fish4,61.25,1132,56.6,20.0,25.8098777755988,2.6461019560162504,37.75273972337787,49.054569272514165,3423,452.13621091698536,785.2123888785468,25.082699245876736,3.033448113335504,44.30787037037037,51.34523236751557,0.7271785297220639,1.0043572954946611,0.3656699130744646,0.840706296613563,0.2419515570423535,0.087310242705045,within,0.0289912390446415,0.127691703581947,0.1479450624053475,0.0446129657882439,0.087310242705045
fish4,61.25,1133,56.65,20.0,25.797071826903323,2.7661941446030345,38.48854330464989,49.202026142527885,3448,452.04105032544544,785.6254053703402,25.082699245876736,3.033448113335504,44.30787037037037,51.34523236751557,0.7143725810265877,1.0043572954946611,0.3656699130744646,0.840706296613563,0.2419515570423535,0.0724156515879304,within,0.0284806899777352,0.0881023702227112,0.1313384510940519,0.0417410950572233,0.0724156515879304
fish4,61.25,1134,56.7,20.0,25.804404433742004,2.678622297119149,37.891570587768825,49.03747481378735,3445,451.93740883365217,785.457063296297,25.082699245876736,3.033448113335504,44.30787037037037,51.34523236751557,0.7217051878652683,1.0043572954946611,0.3656699130744646,0.840706296613563,0.2419515570423535,0.0838754454869756,within,0.0287730272085412,0.116971117671829,0.1448117395164237,0.0449458975511086,0.0838754454869756
fish4,61.25,1135,56.75,20.0,25.80195724708848,2.7402848732709013,37.90545367420792,48.90900339086109,3433,451.893966992112,785.1589077777954,25.082699245876736,3.033448113335504,44.30787037037037,51.34523236751557,0.7192580012117453,1.0043572954946611,0.3656699130744646,0.840706296613563,0.2419515570423535,0.0793163605952278,within,0.0286754624835675,0.0966435650492296,0.1444984072275313,0.0474480076205829,0.0793163605952278
fish4,61.25,1136,56.8,20.0,25.85563121289788,2.676187889081656,37.70646276858089,49.02160513029818,3439,451.89775172134216,785.2824514114192,25.082699245876736,3.033448113335504,44.30787037037037,51.34523236751557,0.7729319670211439,1.0043572954946611,0.3656699130744646,0.840706296613563,0.2419515570423535,0.0857083652040671,within,0.0308153424575388,0.1177736394050312,0.1489895033683221,0.0452549755853763,0.0857083652040671
fish4,61.25,1137,56.85,20.0,25.851835089210947,2.70336961128086,38.08130610243645,49.015914994370746,3460,451.94552950477146,785.7509063815601,25.082699245876736,3.033448113335504,44.30787037037037,51.34523236751557,0.7691358433342117,1.0043572954946611,0.3656699130744646,0.840706296613563,0.2419515570423535,0.0813430743939863,within,0.0306639981524575,0.1088129711543665,0.140529531568228,0.045365796700893,0.0813430743939862
fish4,61.25,1138,56.9,20.0,25.83092954956708,2.5962496555044234,37.28071478444866,48.892584024701335,3430,451.8671831497569,785.0840671935458,25.082699245876736,3.033448113335504,44.30787037037037,51.34523236751557,0.7482303036903453,1.0043572954946611,0.3656699130744646,0.840706296613563,0.2419515570423535,0.0950806478026529,within,0.0298305336421615,0.1441259060634955,0.158598360227688,0.0477677912772665,0.0950806478026529
fish4,61.25,1139,56.95,20.0,25.799029576226147,2.57469301734837,36.89661605963372,48.88693710990889,3443,451.9416536358681,785.428296816196,25.082699245876736,3.033448113335504,44.30787037037037,51.34523236751557,0.7163303303494111,1.0043572954946611,0.3656699130744646,0.840706296613563,0.2419515570423535,0.0987339884417439,within,0.0285587417577143,0.1512322211711405,0.1672672202203767,0.047877770617744,0.0987339884417439
fish4,61.25,1140,57.0,20.0,25.797137483130616,2.569855303202811,36.55416659413604,48.78685899325831,3439,451.92171439794856,785.3314629915014,25.082699245876736,3.033448113335504,44.30787037037037,51.34523236751557,0.71443823725388,1.0043572954946611,0.3656699130744646,0.840706296613563,0.2419515570423535,0.1015333237675,within,0.0284833075679175,0.1528270116421863,0.1749960833463888,0.0498268925135073,0.1015333237675
fish4,61.25,1141,57.05,20.0,25.753986419931383,2.4176337302225006,35.374104246813005,48.64647310092979,3378,451.8903732530382,784.0706036060651,25.082699245876736,3.033448113335504,44.30787037037037,51.34523236751557,0.6712871740546476,1.0043572954946611,0.3656699130744646,0.840706296613563,0.2419515570423535,0.120990345405695,within,0.0267629559113339,0.2030080489611108,0.2016293279022402,0.0525610488480951,0.120990345405695
fish4,61.25,1142,57.1,20.0,25.753986419931383,2.411678802033061,34.98075013103866,48.588492526575806,3372,451.9188975585938,783.9896452772352,25.082699245876736,3.033448113335504,44.30787037037037,51.34523236751557,0.6712871740546476,1.0043572954946611,0.3656699130744646,0.840706296613563,0.2419515570423535,0.1239828621546061,within,0.0267629559113339,0.2049711378180657,0.210507076087524,0.053690278801501,0.1239828621546061
fish4,61.25,1143,57.15,20.0,25.79167607876969,2.360629077238308,34.64755605650039,48.6306636330083,3352,451.9077300229485,783.5851087671904,25.082699245876736,3.033448113335504,44.30787037037037,51.34523236751557,0.7089768328929544,1.0043572954946611,0.3656699130744646,0.840706296613563,0.2419515570423535,0.1302404143557088,within,0.0282655716573048,0.2218000806209211,0.2180270510209409,0.0528689541236684,0.1302404143557088
fish4,61.25,1144,57.2,20.0,25.75891362135208,2.401650339560555,34.64755605650039,48.59186012924097,3360,451.8147482530383,783.6184190564899,25.082699245876736,3.033448113335504,44.30787037037037,51.34523236751557,0.6762143754753467,1.0043572954946611,0.3656699130744646,0.840706296613563,0.2419515570423535,0.1267220589459888,within,0.0269593941563726,0.2082770992513335,0.2180270510209409,0.0536246913553081,0.1267220589459888
fish4,61.25,1145,57.25,20.0,25.75891362135208,2.4731108419535373,35.09644251803111,48.63597630435677,3374,451.8372048502604,783.9426333838146,25.082699245876736,3.033448113335504,44.30787037037037,51.34523236751557,0.6762143754753467,1.0043572954946611,0.3656699130744646,0.840706296613563,0.2419515570423535,0.11808510890543,within,0.0269593941563726,0.184719583275098,0.2078959736800877,0.0527654845101618,0.11808510890543
fish4,61.25,1146,57.3,20.0,25.769003789736946,2.554325345933033,35.84150149026253,48.70006374086494,3403,451.8474262069704,784.5232973488703,25.082699245876736,3.033448113335504,44.30787037037037,51.34523236751557,0.6863045438602065,1.0043572954946611,0.3656699130744646,0.840706296613563,0.2419515570423535,0.1069765114207296,within,0.0273616701748329,0.1579465840527068,0.1910804741761969,0.0515173172791821,0.1069765114207297
fish4,61.25,1147,57.35,20.0,25.55705056617565,2.693900437890148,36.26262177891506,48.32727739403792,3452,453.2806292655098,785.8552320517223,25.082699245876736,3.033448113335504,44.30787037037037,51.34523236751557,0.4743513202989149,1.0043572954946611,0.3656699130744646,0.840706296613563,0.2419515570423535,0.0927999550345655,within,0.01891149415974,0.1119345585482911,0.1815760614131285,0.0587777060171025,0.0927999550345655
fish4,61.25,1148,57.4,20.0,25.55705056617565,2.7682957074308736,36.901243755113406,48.4116585941308,3470,456.0190884867351,791.5521548146143,25.082699245876736,3.033448113335504,44.30787037037037,51.34523236751557,0.4743513202989149,1.0043572954946611,0.3656699130744646,0.840706296613563,0.2419515570423535,0.0826545352893427,within,0.01891149415974,0.0874095735275575,0.1671627761240796,0.0571342973459936,0.0826545352893427
fish4,61.25,1149,57.45,20.0,25.55705056617565,2.702710468636168,36.44310190262329,48.33925470559839,3435,455.636805500624,788.3524434430865,25.082699245876736,3.033448113335504,44.30787037037037,51.34523236751557,0.4743513202989149,1.0043572954946611,0.3656699130744646,0.840706296613563,0.2419515570423535,0.0909972335900493,within,0.01891149415974,0.1090302627051251,0.1775027416575277,0.0585444358378045,0.0909972335900493
fish4,61.25,1150,57.5,20.0,25.55705056617565,2.7800424150922334,36.841083713877325,48.39889330541532,3448,455.3485719996133,788.3254143691593,25.082699245876736,3.033448113335504,44.30787037037037,51.34523236751557,0.4743513202989149,1.0043572954946611,0.3656699130744646,0.840706296613563,0.2419515570423535,0.0820880341944891,within,0.01891149415974,0.0835371790700029,0.1685205493759466,0.0573829141722669,0.0820880341944891
fish4,61.25,1151,57.55,20.0,25.55705056617565,2.714457176297527,36.40145264330601,48.332585361045176,3410,455.360850657974,787.5615406837699,25.082699245876736,3.033448113335504,44.30787037037037,51.34523236751557,0.4743513202989149,1.0043572954946611,0.3656699130744646,0.840706296613563,0.2419515570423535,0.0902966072392211,within,0.01891149415974,0.1051578682475707,0.1784427385242047,0.0586743280253688,0.0902966072392211
fish4,61.25,1152,57.6,20.0,25.5555673323137,2.573541700311699,35.309316510097226,48.28564671840496,3369,455.165225657974,786.5459938087698,25.082699245876736,3.033448113335504,44.30787037037037,51.34523236751557,0.4728680864369643,1.0043572954946611,0.3656699130744646,0.840706296613563,0.2419515570423535,0.108286043201707,within,0.0188523604178963,0.1516117618765212,0.2030915452504047,0.0595885052620057,0.108286043201707
fish4,61.25,1153,57.65,20.0,25.5555673323137,2.576439090579342,35.26766725077995,48.28028439665515,3380,455.11872392186285,786.7165233226588,25.082699245876736,3.033448113335504,44.30787037037037,51.34523236751557,0.4728680864369643,1.0043572954946611,0.3656699130744646,0.840706296613563,0.2419515570423535,0.1083083647040293,within,0.0188523604178963,0.1506566144141645,0.2040315421170816,0.0596929418669748,0.1083083647040293
fish4,61.25,1154,57.7,20.0,25.547643819429407,2.576439090579342,35.26766725077995,48.22092060877137,3381,454.8864583001032,786.5099185026276,25.082699245876736,3.033448113335504,44.30787037037037,51.34523236751557,0.4649445735526711,1.0043572954946611,0.3656699130744646,0.840706296613563,0.2419515570423535,0.1085184331751592,within,0.01853646487545,0.1506566144141645,0.2040315421170816,0.0608491112939406,0.1085184331751592
fish4,61.25,1155,57.75,20.0,25.546300851143933,2.644094517448518,35.67490445299338,48.30101360582439,3354,454.8278688949584,785.9196298787328,25.082699245876736,3.033448113335504,44.30787037037037,51.34523236751557,0.4636016052671969,1.0043572954946611,0.3656699130744646,0.840706296613563,0.2419515570423535,0.1002415190157082,within,0.0184829232580862,0.1283534714753575,0.1948404616429057,0.0592892196864836,0.1002415190157083
fish4,61.25,1156,57.8,20.0,25.546300851143933,2.644094517448518,35.836873794782825,48.31332376912786,3382,454.7797872977362,786.407762479782,25.082699245876736,3.033448113335504,44.30787037037037,51.34523236751557,0.4636016052671969,1.0043572954946611,0.3656699130744646,0.840706296613563,0.2419515570423535,0.0992676949727319,within,0.0184829232580862,0.1283534714753575,0.1911849182724945,0.0590494668849896,0.099267694972732
fish4,61.25,1157,57.85,20.0,25.546300851143933,2.712698007517324,36.6791143720879,48.52208545781579,3414,454.77830292273626,787.0418705526988,25.082699245876736,3.033448113335504,44.30787037037037,51.34523236751557,0.4636016052671969,1.0043572954946611,0.3656699130744646,0.840706296613563,0.2419515570423535,0.0878451078153446,within,0.0184829232580862,0.1057377920552237,0.1721760927463572,0.0549836232017111,0.0878451078153446
fish4,61.25,1158,57.9,20.0,25.35087210624189,2.712698007517324,36.609698939892425,48.29302941750051,3407,454.7896484088475,786.9100780179767,25.082699245876736,3.033448113335504,44.30787037037037,51.34523236751557,0.2681728603651585,1.0043572954946611,0.3656699130744646,0.840706296613563,0.2419515570423535,0.0874042032807987,within,0.0106915470993114,0.1057377920552237,0.1737427541908192,0.0594447197778402,0.0874042032807986
fish4,61.25,1159,57.95,20.0,25.35087210624189,2.704122605361716,36.854966800316426,48.3091357881575,3441,454.80332028384737,787.5891502742238,25.082699245876736,3.033448113335504,44.30787037037037,51.34523236751557,0.2681728603651585,1.0043572954946611,0.3656699130744646,0.840706296613563,0.2419515570423535,0.0866486342374765,within,0.0106915470993114,0.108564740740421,0.1682072170870541,0.0591310320231194,0.0866486342374765
fish4,61.25,1160,58.0,20.0,25.31623546197256,2.7515164893291244,37.053957705943446,48.370866232103936,3462,454.8161067421807,788.0306118568844,25.082699245876736,3.033448113335504,44.30787037037037,51.34523236751557,0.2335362160958247,1.0043572954946611,0.3656699130744646,0.840706296613563,0.2419515570423535,0.0809741286047528,within,0.0093106492968142,0.0929409745849829,0.1637161209462635,0.0579287695909507,0.0809741286047528
fish4,61.25,1161,58.05,20.0,25.31623546197256,2.680023520887004,37.16039470197651,48.47252545823847,3486,454.8370399033535,788.5232768112701,25.082699245876736,3.033448113335504,44.30787037037037,51.34523236751557,0.2335362160958247,1.0043572954946611,0.3656699130744646,0.840706296613563,0.2419515570423535,0.0857706508191589,within,0.0093106492968142,0.1165091932493558,0.1613139067314219,0.0559488539990436,0.0857706508191589
fish4,61.25,1162,58.1,20.0,25.27406924218268,2.6638319655570526,36.65134819920971,48.30241246128875,3454,454.8332204528809,787.876654589579,25.082699245876736,3.033448113335504,44.30787037037037,51.34523236751557,0.1913699963059407,1.0043572954946611,0.3656699130744646,0.840706296613563,0.2419515570423535,0.0903852902613179,within,0.0076295614929642,0.1218468666576369,0.1728027573241421,0.0592619755705285,0.0903852902613179
fish4,61.25,1163,58.15,20.0,25.27406924218268,2.7323642485769075,37.00305305566677,48.3554439510666,3488,454.7559027445476,788.4819736203407,25.082699245876736,3.033448113335504,44.30787037037037,51.34523236751557,0.1913699963059407,1.0043572954946611,0.3656699130744646,0.840706296613563,0.2419515570423535,0.0824945906779775,within,0.0076295614929642,0.099254661200561,0.1648650060055354,0.0582291340128497,0.0824945906779776
fish4,61.25,1164,58.2,20.0,25.27406924218268,2.73435067970108,37.1557670064968,48.426603952975135,3495,454.7329947482638,788.5983169261402,25.082699245876736,3.033448113335504,44.30787037037037,51.34523236751557,0.1913699963059407,1.0043572954946611,0.3656699130744646,0.840706296613563,0.2419515570423535,0.0811227380899293,within,0.0076295614929642,0.0985998185759452,0.1614183508277195,0.0568432214630886,0.0811227380899294
fish4,61.25,1165,58.25,20.0,25.27406924218268,2.8058630186431066,37.58614268610874,48.49172601132841,3510,454.7320138454861,788.900168007056,25.082699245876736,3.033448113335504,44.30787037037037,51.34523236751557,0.1913699963059407,1.0043572954946611,0.3656699130744646,0.840706296613563,0.2419515570423535,0.0724836823927648,within,0.0076295614929642,0.0750252142741121,0.151705049872056,0.0555749039319272,0.0724836823927649
fish4,61.25,1166,58.3,20.0,25.31094715130176,2.759245318791653,37.27608708896896,48.459727317540114,3463,454.731076345486,787.9485664445558,25.082699245876736,3.033448113335504,44.30787037037037,51.34523236751557,0.2282479054250252,1.0043572954946611,0.3656699130744646,0.840706296613563,0.2419515570423535,0.0785984586297049,within,0.0090998143057727,0.0903931052383633,0.1587028043239856,0.0561981106506983,0.078598458629705
fish4,61.25,1167,58.35,20.0,25.31094715130176,2.76504255474242,37.55374881775085,48.5011153079702,3480,454.7251562065972,790.2803286113209,25.082699245876736,3.033448113335504,44.30787037037037,51.34523236751557,0.2282479054250252,1.0043572954946611,0.3656699130744646,0.840706296613563,0.2419515570423535,0.0763525029156419,within,0.0090998143057727,0.0884820008666481,0.1524361585461381,0.0553920379440087,0.0763525029156419
fish4,61.25,1168,58.4,20.0,25.317279992861263,2.6941836291422963,37.21129935225319,48.57439443918732,3462,454.6890754756033,789.9037791303272,25.082699245876736,3.033448113335504,44.30787037037037,51.34523236751557,0.2345807469845304,1.0043572954946611,0.3656699130744646,0.840706296613563,0.2419515570423535,0.0838308424994659,within,0.009352292776986,0.111841202327394,0.1601650216721498,0.0539648532213336,0.0838308424994658
fish4,61.25,1169,58.45,20.0,25.317279992861263,2.6246500822540564,36.73464671784427,48.52179829698691,3437,442.6042924894921,777.3426745296325,25.082699245876736,3.033448113335504,44.30787037037037,51.34523236751557,0.2345807469845304,1.0043572954946611,0.3656699130744646,0.840706296613563,0.2419515570423535,0.0925069386498461,within,0.009352292776986,0.1347634822841731,0.170922763590788,0.0549892159474373,0.0925069386498461
fish4,61.25,1171,58.55,20.0,25.317279992861263,2.6981013809542884,37.27145939348926,48.66093471628635,3447,442.6366275512507,777.5809308176065,25.082699245876736,3.033448113335504,44.30787037037037,51.34523236751557,0.2345807469845304,1.0043572954946611,0.3656699130744646,0.840706296613563,0.2419515570423535,0.0827471550548634,within,0.009352292776986,0.1105496846664295,0.1588072484202831,0.052279394355755,0.0827471550548634
fish4,61.25,1172,58.6,20.0,25.317279992861263,2.8312921198367222,38.19699848942891,48.79192286376031,3479,442.63996522284606,778.2285718746185,25.082699245876736,3.033448113335504,44.30787037037037,51.34523236751557,0.2345807469845304,1.0043572954946611,0.3656699130744646,0.840706296613563,0.2419515570423535,0.0659103254475148,within,0.009352292776986,0.0666423113057622,0.1379184291607915,0.0497282685465194,0.0659103254475148
fish4,61.25,1173,58.65,20.0,25.317279992861263,2.829333516754669,38.49317100012959,48.82071015861349,3557,442.6614322325906,779.8311651529193,25.082699245876736,3.033448113335504,44.30787037037037,51.34523236751557,0.2345807469845304,1.0043572954946611,0.3656699130744646,0.840706296613563,0.2419515570423535,0.0642604717554375,within,0.009352292776986,0.0672879801976885,0.1312340069977542,0.049167607049321,0.0642604717554374
fish4,61.25,1174,58.7,20.0,25.496718462044267,2.825416037766619,38.96519593905881,49.1902147766041,3605,442.64851990407294,780.7642489281546,25.082699245876736,3.033448113335504,44.30787037037037,51.34523236751557,0.4140192161675315,1.0043572954946611,0.3656699130744646,0.840706296613563,0.2419515570423535,0.0619093542797515,within,0.0165061667450161,0.0685794079200973,0.1205807091754136,0.041971133278479,0.0619093542797515
fish4,61.25,1175,58.75,20.0,25.523879249524462,2.6990808189072863,38.39598939505593,49.202087788999336,3619,442.7306987318064,781.1355879021352,25.082699245876736,3.033448113335504,44.30787037037037,51.34523236751557,0.4411800036477302,1.0043572954946611,0.3656699130744646,0.840706296613563,0.2419515570423535,0.0757457622280711,within,0.017589016210855,0.1102268052511884,0.1334273330200009,0.0417398944302398,0.075745762228071
fish4,61.25,1176,58.8,20.0,25.727222554188888,2.627620316514304,38.37747861313713,49.43277168818948,3649,442.7446917832928,781.7193010005763,25.082699245876736,3.033448113335504,44.30787037037037,51.34523236751557,0.6445233083121522,1.0043572954946611,0.3656699130744646,0.840706296613563,0.2419515570423535,0.0826431138167931,within,0.02569593096796,0.1337843212274239,0.1338451094051909,0.0372470936665979,0.0826431138167932
fish4,61.25,1177,58.85,20.0,25.727222554188888,2.6845952316887822,38.88189742042424,49.53376554406215,3679,442.5830555386013,782.1724271480878,25.082699245876736,3.033448113335504,44.30787037037037,51.34523236751557,0.6445233083121522,1.0043572954946611,0.3656699130744646,0.840706296613563,0.2419515570423535,0.0746097158940322,within,0.02569593096796,0.1150020928701931,0.1224607029087679,0.0352801368292078,0.0746097158940322
fish4,61.25,1178,58.9,20.0,25.727222554188888,2.6845952316887822,38.863386638505446,49.53334532878232,3679,442.6166840108236,782.2283114820693,25.082699245876736,3.033448113335504,44.30787037037037,51.34523236751557,0.6445233083121522,1.0043572954946611,0.3656699130744646,0.840706296613563,0.2419515570423535,0.0747162060190477,within,0.02569593096796,0.1150020928701931,0.1228784792939577,0.0352883209440799,0.0747162060190477
fish4,61.25,1179,58.95,20.0,25.72838049128836,2.750675645938834,39.59919021977746,49.72180819671873,3687,442.6620746400433,782.455635705039,25.082699245876736,3.033448113335504,44.30787037037037,51.34523236751557,0.6456812454116267,1.0043572954946611,0.3656699130744646,0.840706296613563,0.2419515570423535,0.0642124865327881,within,0.0257420957402646,0.0932181652138893,0.106271867982662,0.0316178171943365,0.0642124865327881
fish4,61.25,1180,59.0,20.0,25.72838049128836,2.8250711883035025,40.21004602309762,49.80362633450284,3744,442.60467012803815,783.5442273376465,25.082699245876736,3.033448113335504,44.30787037037037,51.34523236751557,0.6456812454116267,1.0043572954946611,0.3656699130744646,0.840706296613563,0.2419515570423535,0.0542361900009289,within,0.0257420957402646,0.0686930902545999,0.0924852472713979,0.0300243267374529,0.0542361900009288
fish4,61.25,1181,59.05,20.0,25.621495137634543,3.8620346151915936,47.9382974741936,52.04752512190922,3895,442.6173090216743,786.5457399434407,25.082699245876736,3.033448113335504,44.30787037037037,51.34523236751557,0.5387958917578075,1.0043572954946611,0.3656699130744646,0.840706296613563,0.2419515570423535,0.0975612694909917,within,0.0214807779049688,0.2731500493492854,0.0819363935453547,0.0136778571643579,0.0975612694909917
fish4,61.25,1182,59.1,20.0,25.621495137634543,3.8620346151915936,48.47511014983859,52.12920467764143,3891,442.5551171859741,786.4067414619341,25.082699245876736,3.033448113335504,44.30787037037037,51.34523236751557,0.5387958917578075,1.0043572954946611,0.3656699130744646,0.840706296613563,0.2419515570423535,0.1009878461416565,within,0.0214807779049688,0.2731500493492854,0.0940519087158598,0.0152686485965122,0.1009878461416565
fish4,61.25,1183,59.15,20.0,25.621495137634543,3.8620346151915936,48.18356533461762,52.24659655372556,3883,442.5691536449103,786.2801333930958,25.082699245876736,3.033448113335504,44.30787037037037,51.34523236751557,0.5387958917578075,1.0043572954946611,0.3656699130744646,0.840706296613563,0.2419515570423535,0.0999144328150414,within,0.0214807779049688,0.2731500493492854,0.0874719306491203,0.0175549733567911,0.0999144328150414
fish4,61.25,1184,59.2,20.0,25.621495137634543,3.8620346151915936,48.37330084928523,52.348834139410734,3935,442.66380642268814,787.4628818498918,25.082699245876736,3.033448113335504,44.30787037037037,51.34523236751557,0.5387958917578075,1.0043572954946611,0.3656699130744646,0.840706296613563,0.2419515570423535,0.1014827797334355,within,0.0214807779049688,0.2731500493492854,0.0917541385973157,0.0195461530821722,0.1014827797334355
fish4,61.25,1185,59.25,20.0,25.621495137634543,3.8620346151915936,48.42420549956191,52.42926737794277,3979,442.7721614564496,788.4573370999891,25.082699245876736,3.033448113335504,44.30787037037037,51.34523236751557,0.5387958917578075,1.0043572954946611,0.3656699130744646,0.840706296613563,0.2419515570423535,0.1021616305363006,within,0.0214807779049688,0.2731500493492854,0.0929030236565877,0.0211126712343604,0.1021616305363006
fish4,61.25,1186,59.3,20.0,25.621495137634543,3.8620346151915936,48.974901261646,52.50312153646884,4000,442.9355729147828,789.0655044473141,25.082699245876736,3.033448113335504,44.30787037037037,51.34523236751557,0.5387958917578075,1.0043572954946611,0.3656699130744646,0.840706296613563,0.2419515570423535,0.1056284383904983,within,0.0214807779049688,0.2731500493492854,0.1053318711159853,0.0225510551917538,0.1056284383904983
fish4,61.25,1187,59.35,20.0,25.756690262746133,3.542246759418044,47.09605689688854,51.62377921438933,3967,452.0491753423997,797.5168998067209,25.082699245876736,3.033448113335504,44.30787037037037,51.34523236751557,0.6739910168693974,1.0043572954946611,0.3656699130744646,0.840706296613563,0.2419515570423535,0.0657381928509208,within,0.0268707530342928,0.1677294705802888,0.0629275680192179,0.0054249797698838,0.0657381928509208
fish4,61.25,1188,59.4,20.0,25.930022702791184,3.542246759418044,47.32281397539375,51.82240026433775,3987,451.8762586697048,797.0771016186078,25.082699245876736,3.033448113335504,44.30787037037037,51.34523236751557,0.8473234569144488,1.0043572954946611,0.3656699130744646,0.840706296613563,0.2419515570423535,0.0697123286890708,within,0.0337811911153755,0.1677294705802888,0.0680453287377933,0.0092933243228259,0.0697123286890709
fish4,61.25,1189,59.45,20.0,25.930022702791184,3.542246759418044,47.32281397539375,51.82240026433775,3977,451.7123003363714,796.7191133322715,25.082699245876736,3.033448113335504,44.30787037037037,51.34523236751557,0.8473234569144488,1.0043572954946611,0.3656699130744646,0.840706296613563,0.2419515570423535,0.0697123286890708,within,0.0337811911153755,0.1677294705802888,0.0680453287377933,0.0092933243228259,0.0697123286890709
fish4,61.25,1190,59.5,20.0,25.928551406425104,3.471625463471698,47.054407637571245,51.7227198605348,3962,451.675407952881,796.4014657300208,25.082699245876736,3.033448113335504,44.30787037037037,51.34523236751557,0.8458521605483682,1.0043572954946611,0.3656699130744646,0.840706296613563,0.2419515570423535,0.0618776645844097,within,0.0337225332990194,0.144448605601625,0.0619875711525405,0.0073519482844536,0.0618776645844097
fish4,61.25,1191,59.55,20.0,25.93083146813644,3.47039639161146,46.79062899522845,51.67767332353628,3922,451.3580598727568,795.2941013764935,25.082699245876736,3.033448113335504,44.30787037037037,51.34523236751557,0.8481322222597001,1.0043572954946611,0.3656699130744646,0.840706296613563,0.2419515570423535,0.0600914367113171,within,0.0338134350671658,0.1440434324078478,0.0560342576635856,0.0064746217066696,0.0600914367113172
fish4,61.25,1192,59.6,20.0,25.928551406425104,3.471625463471698,47.16084463360431,51.75272067940954,3923,451.21338974517056,795.1389006525662,25.082699245876736,3.033448113335504,44.30787037037037,51.34523236751557,0.8458521605483682,1.0043572954946611,0.3656699130744646,0.840706296613563,0.2419515570423535,0.0626242921623839,within,0.0337225332990194,0.144448605601625,0.0643897853673823,0.007936244381509,0.0626242921623839
fish4,61.25,1193,59.65,20.0,25.928551406425104,3.471625463471698,48.03085138378757,51.9590297990032,3949,451.1764973890328,795.6044561915633,25.082699245876736,3.033448113335504,44.30787037037037,51.34523236751557,0.8458521605483682,1.0043572954946611,0.3656699130744646,0.840706296613563,0.2419515570423535,0.0685376840472259,within,0.0337225332990194,0.144448605601625,0.0840252754713041,0.0119543218169552,0.0685376840472259
fish4,61.25,1194,59.7,20.0,25.927891859778235,3.471970585758757,48.2205868984552,52.02299713760021,3954,451.1836371490854,795.7240601579407,25.082699245876736,3.033448113335504,44.30787037037037,51.34523236751557,0.8451926139014994,1.0043572954946611,0.3656699130744646,0.840706296613563,0.2419515570423535,0.0699415624326076,within,0.0336962384158251,0.1445623778746834,0.0883074834194999,0.013200150020422,0.0699415624326076
fish4,61.25,1195,59.75,20.0,25.90704003886579,3.412708314651706,47.80872200076206,51.9017616187219,3980,450.9919704824186,796.0731194000513,25.082699245876736,3.033448113335504,44.30787037037037,51.34523236751557,0.8243407929890552,1.0043572954946611,0.3656699130744646,0.840706296613563,0.2419515570423535,0.0619354863847758,within,0.0328649155702238,0.1250261046658143,0.0790119588490262,0.0108389664540387,0.0619354863847758
fish4,61.25,1196,59.8,20.0,25.90647300781192,3.412927937925288,48.2020761165364,51.95210969346135,3972,451.0081336768632,795.9041328655087,25.082699245876736,3.033448113335504,44.30787037037037,51.34523236751557,0.8237737619351861,1.0043572954946611,0.3656699130744646,0.840706296613563,0.2419515570423535,0.0644125167885544,within,0.0328423091095588,0.1250985052032149,0.0878897070343098,0.0118195458071338,0.0644125167885543
fish4,61.25,1197,59.85,20.0,25.90664013275412,3.3435867319163983,48.31314080804916,52.43731813269497,4014,457.2824826171121,799.310353542634,25.082699245876736,3.033448113335504,44.30787037037037,51.34523236751557,0.8239408868773808,1.0043572954946611,0.3656699130744646,0.840706296613563,0.2419515570423535,0.0616886092784749,within,0.0328489720663867,0.1022396319282592,0.090396365345449,0.0212694677738049,0.0616886092784749
fish4,61.25,1198,59.9,20.0,25.90664013275412,3.3435867319163983,48.31314080804916,52.43731813269497,4004,457.7206640419854,802.343482884174,25.082699245876736,3.033448113335504,44.30787037037037,51.34523236751557,0.8239408868773808,1.0043572954946611,0.3656699130744646,0.840706296613563,0.2419515570423535,0.0616886092784749,within,0.0328489720663867,0.1022396319282592,0.090396365345449,0.0212694677738049,0.0616886092784749
fish4,61.25,1199,59.95,20.0,25.898940447917404,3.3437665228943985,49.39139385481885,52.41952086499072,3987,457.5813801890432,801.8670505937316,25.082699245876736,3.033448113335504,44.30787037037037,51.34523236751557,0.8162412020406684,1.0043572954946611,0.3656699130744646,0.840706296613563,0.2419515570423535,0.06762389736148,within,0.0325420001268343,0.1022989014365161,0.1147318397827566,0.0209228480998134,0.0676238973614801
fish4,61.25,1200,60.0,20.0,25.898940447917404,3.3437665228943985,49.44692620057521,52.4299872009543,3982,457.5399044945987,801.7230944305372,25.082699245876736,3.033448113335504,44.30787037037037,51.34523236751557,0.8162412020406684,1.0043572954946611,0.3656699130744646,0.840706296613563,0.2419515570423535,0.0679881902531439,within,0.0325420001268343,0.1022989014365161,0.1159851689383257,0.0211266905108996,0.0679881902531439
fish4,61.25,1201,60.05,20.0,25.882135438105177,3.31075618999106,48.92862430684901,52.45172294313125,3957,457.4430728948899,801.2821547579117,25.082699245876736,3.033448113335504,44.30787037037037,51.34523236751557,0.7994361922284412,1.0043572954946611,0.3656699130744646,0.840706296613563,0.2419515570423535,0.0622815619970061,within,0.0318720160215554,0.0914167858802222,0.1042874301530105,0.0215500159332362,0.0622815619970061
fish4,61.25,1202,60.1,20.0,25.86258778861664,3.351743622144458,49.4746923734534,52.57532778386558,3968,457.4051649087788,801.472111355134,25.082699245876736,3.033448113335504,44.30787037037037,51.34523236751557,0.7798885427398972,1.0043572954946611,0.3656699130744646,0.840706296613563,0.2419515570423535,0.0691476202110787,within,0.0310926880354834,0.1049286148688939,0.1166118335161104,0.0239573444238271,0.0691476202110787
fish4,61.25,1203,60.15,20.0,25.86258778861664,3.281537018590466,49.05357208480086,52.48130611451242,3960,457.3685980672012,801.3042424302231,25.082699245876736,3.033448113335504,44.30787037037037,51.34523236751557,0.7798885427398972,1.0043572954946611,0.3656699130744646,0.840706296613563,0.2419515570423535,0.0605276858022935,within,0.0310926880354834,0.0817844564950114,0.1071074207530418,0.0221261779256374,0.0605276858022935
fish4,61.25,1204,60.2,20.0,25.86258778861664,3.281537018590466,49.132242907955735,52.50614064545643,3974,457.3295876505346,801.5527840968898,25.082699245876736,3.033448113335504,44.30787037037037,51.34523236751557,0.7798885427398972,1.0043572954946611,0.3656699130744646,0.840706296613563,0.2419515570423535,0.0610924925734873,within,0.0310926880354834,0.0817844564950114,0.1088829703900987,0.0226098553733555,0.0610924925734873
fish4,61.25,1205,60.25,20.0,25.86258778861664,3.281537018590466,48.812931919856574,52.52262138366773,3991,457.32603730331255,801.8823457288344,25.082699245876736,3.033448113335504,44.30787037037037,51.34523236751557,0.7798885427398972,1.0043572954946611,0.3656699130744646,0.840706296613563,0.2419515570423535,0.0593710766471221,within,0.0310926880354834,0.0817844564950114,0.1016763277455745,0.0229308343124191,0.0593710766471221
fish4,61.25,1206,60.3,20.0,25.86258778861664,3.281537018590466,48.799048833417466,52.51967113447482,3995,457.1588107274184,801.8104056112735,25.082699245876736,3.033448113335504,44.30787037037037,51.34523236751557,0.7798885427398972,1.0043572954946611,0.3656699130744646,0.840706296613563,0.2419515570423535,0.0592783788079241,within,0.0310926880354834,0.0817844564950114,0.1013629954566818,0.0228733752445198,0.0592783788079241
fish4,61.25,1207,60.35,20.0,25.86258778861664,3.226931306531262,48.04936216570636,52.32658819182663,3960,455.0700216665574,799.0160306129126,25.082699245876736,3.033448113335504,44.30787037037037,51.34523236751557,0.7798885427398972,1.0043572954946611,0.3656699130744646,0.840706296613563,0.2419515570423535,0.0496079713362318,within,0.0310926880354834,0.0637832545561522,0.0844430518564939,0.0191128908967978,0.0496079713362318
fish4,61.25,1208,60.4,20.0,25.86258778861664,3.228231039792567,48.30851311256946,52.4249041406604,3978,454.7724088193352,796.851451619857,25.082699245876736,3.033448113335504,44.30787037037037,51.34523236751557,0.7798885427398972,1.0043572954946611,0.3656699130744646,0.840706296613563,0.2419515570423535,0.0516560059809851,within,0.0310926880354834,0.0642117218358762,0.0902919212491514,0.0210276928034296,0.0516560059809851
fish4,61.25,1209,60.45,20.0,25.88163107890464,3.197864916538379,47.919786692274805,52.41912007471986,3959,454.8208376419445,796.5305900778831,25.082699245876736,3.033448113335504,44.30787037037037,51.34523236751557,0.798931833027904,1.0043572954946611,0.3656699130744646,0.840706296613563,0.2419515570423535,0.0471217145996388,within,0.0318519081697013,0.054201290762177,0.0815186171601649,0.0209150423065121,0.0471217145996388
fish4,61.25,1210,60.5,20.0,25.88163107890464,3.199797055698026,48.34553467640705,52.56129937953149,4001,454.8521310447222,797.4103079598274,25.082699245876736,3.033448113335504,44.30787037037037,51.34523236751557,0.798931833027904,1.0043572954946611,0.3656699130744646,0.840706296613563,0.2419515570423535,0.0503754362387332,within,0.0318519081697013,0.0548382356141931,0.0911274740195312,0.0236841271515071,0.0503754362387332
fish4,61.25,1211,60.55,20.0,25.88163107890464,3.2036616068412616,48.56303636395286,52.68999196529953,4006,454.6203949162802,797.2704631100867,25.082699245876736,3.033448113335504,44.30787037037037,51.34523236751557,0.798931833027904,1.0043572954946611,0.3656699130744646,0.840706296613563,0.2419515570423535,0.0525477536403944,within,0.0318519081697013,0.0561122152567808,0.0960363465455116,0.0261905445895837,0.0525477536403944
fish4,61.25,1212,60.6,20.0,25.881135672826,3.2701899980046347,49.0072951300039,52.8081634879344,4038,454.6828688706952,797.9839006061684,25.082699245876736,3.033448113335504,44.30787037037037,51.34523236751557,0.7984364269492623,1.0043572954946611,0.3656699130744646,0.840706296613563,0.2419515570423535,0.0611077532059124,within,0.0318321572619628,0.0780438220216713,0.1060629797900676,0.0284920537499481,0.0611077532059124
fish4,61.25,1213,60.65,20.0,25.881135672826,3.309128249527122,49.36825537742035,52.9117556690736,4020,454.79480897284617,797.7646297708194,25.082699245876736,3.033448113335504,44.30787037037037,51.34523236751557,0.7984364269492623,1.0043572954946611,0.3656699130744646,0.840706296613563,0.2419515570423535,0.0668578786660584,within,0.0318321572619628,0.0908801225178982,0.114209619301269,0.0305096155831036,0.0668578786660584
fish4,61.25,1214,60.7,20.0,25.86184766387264,3.4221567534228003,50.20586825924572,53.140437655457305,4046,454.84767355617953,798.3333537344085,25.082699245876736,3.033448113335504,44.30787037037037,51.34523236751557,0.7791484179959056,1.0043572954946611,0.3656699130744646,0.840706296613563,0.2419515570423535,0.0818203662997159,within,0.0310631806552473,0.1281408567294998,0.1331140007311087,0.034963427083008,0.0818203662997159
fish4,61.25,1215,60.75,20.0,25.85912591481408,3.4908420906743065,50.67326550269524,53.23963333570138,4046,454.978580680169,798.4557842853015,25.082699245876736,3.033448113335504,44.30787037037037,51.34523236751557,0.7764266689373436,1.0043572954946611,0.3656699130744646,0.840706296613563,0.2419515570423535,0.0905741011151302,within,0.0309546696440566,0.1507835177163665,0.1436628544571518,0.0368953626429458,0.0905741011151302
fish4,61.25,1216,60.8,20.0,26.033108948384093,3.533162267786031,51.46922912520333,53.48097846779173,4041,454.9013844996135,798.2838452845257,25.082699245876736,3.033448113335504,44.30787037037037,51.34523236751557,0.9504097025073576,1.0043572954946611,0.3656699130744646,0.840706296613563,0.2419515570423535,0.1014621957164801,within,0.0378910456642178,0.1647346965500108,0.1616272390203144,0.0415958016313774,0.1014621957164801
fish4,61.25,1217,60.85,20.0,26.03131832400346,3.5335199399744384,51.67747542178974,53.46551014301466,4062,454.87663625305566,798.6917988805512,25.082699245876736,3.033448113335504,44.30787037037037,51.34523236751557,0.9486190781267254,1.0043572954946611,0.3656699130744646,0.840706296613563,0.2419515570423535,0.1025735066631941,within,0.037819656841066,0.1648526059966352,0.1663272233536998,0.0412945404613753,0.1025735066631941
fish4,61.25,1218,60.9,20.0,26.03131832400346,3.5335199399744384,51.922743282213744,53.52136741295721,4091,454.731315055169,799.1220082886484,25.082699245876736,3.033448113335504,44.30787037037037,51.34523236751557,0.9486190781267254,1.0043572954946611,0.3656699130744646,0.840706296613563,0.2419515570423535,0.1042293600556774,within,0.037819656841066,0.1648526059966352,0.1718627604574651,0.0423824169275433,0.1042293600556774
fish4,61.25,1219,60.95,20.0,26.012657033583324,3.4329191123001985,51.94588175961224,53.64179725459665,4062,454.6252169548127,798.4286315644993,25.082699245876736,3.033448113335504,44.30787037037037,51.34523236751557,0.929957787706588,1.0043572954946611,0.3656699130744646,0.840706296613563,0.2419515570423535,0.0964693273148113,within,0.0370756663224537,0.1316887528778088,0.1723849809389525,0.0447279091200304,0.0964693273148113
fish4,61.25,1220,61.0,20.0,26.012657033583324,3.361399952759614,51.83944476357919,53.679814349322704,4073,454.7255468159241,798.7371092338658,25.082699245876736,3.033448113335504,44.30787037037037,51.34523236751557,0.929957787706588,1.0043572954946611,0.3656699130744646,0.840706296613563,0.2419515570423535,0.090159665850983,within,0.0370756663224537,0.1081119001120814,0.1699827667241111,0.0454683302452857,0.090159665850983
fish4,61.25,1221,61.05,20.0,26.03458024475017,3.4703472833018374,52.848282378153385,54.04287864577204,4056,454.6849218071833,798.3662661548086,25.082699245876736,3.033448113335504,44.30787037037037,51.34523236751557,0.9518809988734348,1.0043572954946611,0.3656699130744646,0.840706296613563,0.2419515570423535,0.1068169747368041,within,0.0379497034805738,0.1440272434678073,0.1927515797169565,0.0525393722818787,0.1068169747368041
fish4,61.25,1222,61.1,20.0,26.03458024475017,3.4703472833018374,52.85753776911279,54.04302103049974,4065,454.5283072238499,798.3874738192665,25.082699245876736,3.033448113335504,44.30787037037037,51.34523236751557,0.9518809988734348,1.0043572954946611,0.3656699130744646,0.840706296613563,0.2419515570423535,0.1068698900563683,within,0.0379497034805738,0.1440272434678073,0.1929604679095515,0.0525421453675408,0.1068698900563683
fish4,61.25,1223,61.15,20.0,26.03458024475017,3.470943130791907,53.12131641145558,54.14410873797983,4054,454.5347568720309,798.1648381792407,25.082699245876736,3.033448113335504,44.30787037037037,51.34523236751557,0.9518809988734348,1.0043572954946611,0.3656699130744646,0.840706296613563,0.2419515570423535,0.1088995210530019,within,0.0379497034805738,0.1442236692736255,0.1989137813985065,0.0545109300593021,0.108899521053002
fish4,61.25,1224,61.2,20.0,26.03458024475017,3.470943130791907,53.16759336625256,54.16969020070168,4050,454.2534721498088,797.7958353562909,25.082699245876736,3.033448113335504,44.30787037037037,51.34523236751557,0.9518809988734348,1.0043572954946611,0.3656699130744646,0.840706296613563,0.2419515570423535,0.1092851874674267,within,0.0379497034805738,0.1442236692736255,0.199958222361481,0.0550091547540263,0.1092851874674267
fish4,61.25,1225,61.25,20.0,26.03458024475017,3.470943130791907,53.3156796216029,54.26499819375686,4041,454.26977423314224,797.6299499167359,25.082699245876736,3.033448113335504,44.30787037037037,51.34523236751557,0.9518809988734348,1.0043572954946611,0.3656699130744646,0.840706296613563,0.2419515570423535,0.1105847949740523,within,0.0379497034805738,0.1442236692736255,0.2033004334429995,0.0568653736990102,0.1105847949740522
fish4,61.25,1226,61.3,20.0,26.03458024475017,3.470943130791907,53.329562708041976,54.2657749392972,4058,454.2781726682874,797.9800898943475,25.082699245876736,3.033448113335504,44.30787037037037,51.34523236751557,0.9518809988734348,1.0043572954946611,0.3656699130744646,0.840706296613563,0.2419515570423535,0.1106669100212733,within,0.0379497034805738,0.1442236692736255,0.2036137657318915,0.0568805015990026,0.1106669100212733
fish4,61.25,1227,61.35,20.0,26.403830867027967,3.5044388174886687,54.35228340905532,54.77836558466751,4111,454.30198343217626,799.0619573226927,25.082699245876736,3.033448113335504,44.30787037037037,51.34523236751557,1.3211316211512312,1.0043572954946611,0.3656699130744646,0.840706296613563,0.2419515570423535,0.125374111686943,within,0.052671030665426,0.155265785520648,0.2266959110136303,0.0668637195480679,0.125374111686943
fish4,61.25,1311,65.55,20.0,26.52168081063918,2.707997250990818,41.45489610713644,52.11361588252619,3306,462.49436195609,794.0821318285331,25.082699245876736,3.033448113335504,44.30787037037037,51.34523236751557,1.438981564762443,1.0043572954946611,0.3656699130744646,0.840706296613563,0.2419515570423535,0.061002936486353,within,0.0573694860611539,0.1072874333712694,0.0643897853673818,0.0149650411456069,0.061002936486353
fish4,61.25,1312,65.6,20.0,26.36424016197223,2.681437294556205,42.10740116977388,52.27733626779521,3418,462.5572786227566,796.3951756004568,25.082699245876736,3.033448113335504,44.30787037037037,51.34523236751557,1.2815409160954945,1.0043572954946611,0.3656699130744646,0.840706296613563,0.2419515570423535,0.058738145852156,within,0.0510926237855426,0.1160431316533173,0.0496631677894406,0.0181536601803237,0.058738145852156
fish4,61.25,1313,65.65,20.0,26.38767048199277,2.681437294556205,42.87559861940378,52.5058883751583,3531,462.6844661200442,798.8058168814472,25.082699245876736,3.033448113335504,44.30787037037037,51.34523236751557,1.3049712361160424,1.0043572954946611,0.3656699130744646,0.840706296613563,0.2419515570423535,0.0557500670374103,within,0.052026746536482,0.1160431316533173,0.0323254478040627,0.0226049421557791,0.0557500670374103
fish4,61.25,1314,65.7,20.0,26.20414938922194,2.819935277588966,44.27316265427264,52.5489103205054,3639,462.6562282827684,800.9261532629214,25.082699245876736,3.033448113335504,44.30787037037037,51.34523236751557,1.1214501433452035,1.0043572954946611,0.3656699130744646,0.840706296613563,0.2419515570423535,0.034830614529384,within,0.0447101060516664,0.0703861835671105,0.0007833307222307,0.0234428377765285,0.034830614529384
fish4,61.25,1315,65.75,20.0,26.10493686103913,2.993400286839522,45.346788005562615,52.39559023401005,3643,462.6213367886014,801.1707018678347,25.082699245876736,3.033448113335504,44.30787037037037,51.34523236751557,1.0222376151623926,1.0043572954946611,0.3656699130744646,0.840706296613563,0.2419515570423535,0.0244653111392971,within,0.0407546893235756,0.0132020806025741,0.0234476996187791,0.02045677501226,0.0244653111392972
fish4,61.25,1316,65.8,20.0,25.79893407625918,2.935305975029626,45.592055865986616,52.50689526099159,3735,462.7470138719346,803.1399987428347,25.082699245876736,3.033448113335504,44.30787037037037,51.34523236751557,0.7162348303824437,1.0043572954946611,0.3656699130744646,0.840706296613563,0.2419515570423535,0.0281290125499436,within,0.0285549343538129,0.0323533268541598,0.0289832367225442,0.0226245522692573,0.0281290125499435
fish4,61.25,1317,65.85,20.0,25.66686657506576,2.9811668612650304,45.763280598735456,52.68563662739012,3718,462.8356466832856,802.9056237755092,25.082699245876736,3.033448113335504,44.30787037037037,51.34523236751557,0.5841673291890217,1.0043572954946611,0.3656699130744646,0.840706296613563,0.2419515570423535,0.0248694913595815,within,0.0232896517022606,0.0172349254436353,0.0328476682855503,0.0261057200068798,0.0248694913595815
fish4,61.25,1318,65.9,20.0,25.655105157258987,3.0568572260600404,45.62907742982421,52.4675686540816,3712,462.7388932005141,802.6708527030098,25.082699245876736,3.033448113335504,44.30787037037037,51.34523236751557,0.5724059113822513,1.0043572954946611,0.3656699130744646,0.840706296613563,0.2419515570423535,0.0205537901470107,within,0.0228207461155261,0.0077169979013737,0.029818789492924,0.0218586270782191,0.0205537901470107
fish4,61.25,1319,65.95,20.0,25.599607738955307,3.060201501945235,46.60552117604051,52.64182986071691,3773,462.85334630516905,804.008170390998,25.082699245876736,3.033448113335504,44.30787037037037,51.34523236751557,0.5169084930785708,1.0043572954946611,0.3656699130744646,0.840706296613563,0.2419515570423535,0.0266341665637967,within,0.0206081685233116,0.0088194647180938,0.051856493811687,0.0252525392020945,0.0266341665637967
fish4,61.25,1320,66.0,20.0,25.751288545864565,3.280396068863604,49.53948011016919,53.467664652889546,3880,463.1439496056828,806.4408179806557,25.082699245876736,3.033448113335504,44.30787037037037,51.34523236751557,0.6685892999878291,1.0043572954946611,0.3656699130744646,0.840706296613563,0.2419515570423535,0.0668685706941295,within,0.0266553967511186,0.0814083334547502,0.1180740508642751,0.0413365017063739,0.0668685706941295
fish4,61.25,1321,66.05,20.0,25.441027059432685,3.3350437958099293,49.817141838951066,53.3193954803564,3890,462.94058151516384,806.4376907755533,25.082699245876736,3.033448113335504,44.30787037037037,51.34523236751557,0.3583278135559489,1.0043572954946611,0.3656699130744646,0.840706296613563,0.2419515570423535,0.0691246871261022,within,0.0142858553636269,0.0994233859311996,0.1243406966421222,0.0384488105674601,0.0691246871261022
fish4,61.25,1322,66.1,20.0,25.447470322828988,3.346914911188996,49.91432344402475,52.89042289292532,3864,462.9158766682943,805.9333960804834,25.082699245876736,3.033448113335504,44.30787037037037,51.34523236751557,0.3647710769522518,1.0043572954946611,0.3656699130744646,0.840706296613563,0.2419515570423535,0.0686269223773242,within,0.014542736145601,0.1033367923701887,0.1265340226643694,0.030094138329138,0.0686269223773243
fish4,61.25,1323,66.15,20.0,25.52595935817997,3.3579225387905574,50.390976078433646,53.070424238715,3819,462.7733462644791,804.8941273954182,25.082699245876736,3.033448113335504,44.30787037037037,51.34523236751557,0.4432601123032391,1.0043572954946611,0.3656699130744646,0.840706296613563,0.2419515570423535,0.0738822748804644,within,0.0176719462270832,0.1069655432801418,0.137291764583007,0.0335998454316257,0.0738822748804644
fish4,61.25,1324,66.2,20.0,25.37077788060657,3.390212889310064,51.25172743765751,53.22667465935877,3774,462.7344314098782,803.9527581137339,25.082699245876736,3.033448113335504,44.30787037037037,51.34523236751557,0.2880786347298389,1.0043572954946611,0.3656699130744646,0.840706296613563,0.2419515570423535,0.080614202432594,within,0.0114851528500144,0.1176103109877393,0.1567183664943339,0.0366429793982883,0.0806142024325939
fish4,61.25,1325,66.25,20.0,25.42364308107073,3.273347389489327,49.59964015140528,52.77025708243707,3790,462.6986978732639,804.2549737958695,25.082699245876736,3.033448113335504,44.30787037037037,51.34523236751557,0.3409438351939933,1.0043572954946611,0.3656699130744646,0.840706296613563,0.2419515570423535,0.0599657705811705,within,0.013592788872196,0.0790846809276838,0.1194318241161425,0.0277537884086598,0.0599657705811705
fish4,61.25,1326,66.3,20.0,25.61345224979156,3.3098498688546085,49.877301880187154,52.80355393918612,3823,462.7252473671807,804.952857925203,25.082699245876736,3.033448113335504,44.30787037037037,51.34523236751557,0.5307530039148176,1.0043572954946611,0.3656699130744646,0.840706296613563,0.2419515570423535,0.0665947202888129,within,0.0211601231076463,0.0911180099979293,0.1256984698939894,0.0284022781556868,0.066594720288813
fish4,61.25,1327,66.35,20.0,25.752291295517715,3.295444491875153,49.43767080961582,52.46502507558607,3820,462.6311848610018,804.986767377725,25.082699245876736,3.033448113335504,44.30787037037037,51.34523236751557,0.6695920496409791,1.0043572954946611,0.3656699130744646,0.840706296613563,0.2419515570423535,0.0626624769707437,within,0.0266953744920834,0.0863691643143235,0.1157762807457308,0.021809088330837,0.0626624769707437
fish4,61.25,1328,66.4,20.0,25.71352726205103,3.3254324811452585,49.65980019264134,52.48643919763467,3840,462.6325911141668,805.0155108704732,25.082699245876736,3.033448113335504,44.30787037037037,51.34523236751557,0.630828016174295,1.0043572954946611,0.3656699130744646,0.840706296613563,0.2419515570423535,0.0661051533119765,within,0.0251499254522216,0.0962549405497151,0.120789597368009,0.0222261498779602,0.0661051533119765
fish4,61.25,1329,66.45,20.0,25.66293317017632,3.266638648747204,48.4704824543589,52.055980195188205,3763,458.041670975278,798.8843628219029,25.082699245876736,3.033448113335504,44.30787037037037,51.34523236751557,0.5802339242995807,1.0043572954946611,0.3656699130744646,0.840706296613563,0.2419515570423535,0.0519489797320457,within,0.0231328342540712,0.0768730918411158,0.0939474646195625,0.0138425282134335,0.0519489797320458
fish4,61.25,1330,66.5,20.0,25.48085651440585,3.237520149381334,47.91053130131543,51.8235318348149,3877,458.32163626420754,801.4371731629158,25.082699245876736,3.033448113335504,44.30787037037037,51.34523236751557,0.3981572685291148,1.0043572954946611,0.3656699130744646,0.840706296613563,0.2419515570423535,0.0434432055747169,within,0.0158737807532642,0.0672739497829871,0.0813097289675705,0.0093153627950456,0.0434432055747169
fish4,61.25,1331,66.55,20.0,25.7110532160318,3.237520149381334,48.2205868984552,52.15333408664025,3936,458.3117968505859,802.6106475513775,25.082699245876736,3.033448113335504,44.30787037037037,51.34523236751557,0.6283539701550573,1.0043572954946611,0.3656699130744646,0.840706296613563,0.2419515570423535,0.0490928290457798,within,0.0250512898949005,0.0672739497829871,0.0883074834194999,0.0157385930857319,0.0490928290457799
fish4,61.25,1332,66.6,20.0,25.668215512099174,3.205025453729016,47.63749726801322,51.94662039370132,3913,458.2638064077684,802.11541101481,25.082699245876736,3.033448113335504,44.30787037037037,51.34523236751557,0.585516266222438,1.0043572954946611,0.3656699130744646,0.840706296613563,0.2419515570423535,0.0416913532108274,within,0.0233434312823684,0.0565618180971125,0.0751475272860202,0.0117126361778086,0.0416913532108274
fish4,61.25,1333,66.65,20.0,25.727905975827493,3.1953666676983783,47.91515899679512,52.22300020539169,3949,458.290264738841,802.8595451271327,25.082699245876736,3.033448113335504,44.30787037037037,51.34523236751557,0.6452067299507576,1.0043572954946611,0.3656699130744646,0.840706296613563,0.2419515570423535,0.0444026212331608,within,0.0257231777021295,0.0533777234069227,0.0814141730638678,0.0170954107597233,0.0444026212331608
fish4,61.25,1334,66.7,20.0,25.72369203978508,3.2985893334584984,48.775910356018976,52.46767056187336,3864,458.3085850646221,801.1575594633304,25.082699245876736,3.033448113335504,44.30787037037037,51.34523236751557,0.640992793908346,1.0043572954946611,0.3656699130744646,0.840706296613563,0.2419515570423535,0.0589156122154552,within,0.0255551760049794,0.0874058860467706,0.1008407749751945,0.0218606118348764,0.0589156122154552
fish4,61.25,1335,66.75,20.0,25.8667599434235,3.396805952700636,49.72921562483681,52.88608307934196,3940,458.3171137110391,802.6805998284974,25.082699245876736,3.033448113335504,44.30787037037037,51.34523236751557,0.7840606975467637,1.0043572954946611,0.3656699130744646,0.840706296613563,0.2419515570423535,0.07585216625771,within,0.0312590239934265,0.1197837661266579,0.1223562588124708,0.0300096160982851,0.0758521662577101
fish4,61.25,1336,66.8,20.0,25.900581853599647,3.533183002405649,51.35816443369056,53.57394854046856,3975,458.2219314193724,803.300508682664,25.082699245876736,3.033448113335504,44.30787037037037,51.34523236751557,0.8178826077229111,1.0043572954946611,0.3656699130744646,0.840706296613563,0.2419515570423535,0.0999690099245759,within,0.0326074398813899,0.16474153188025,0.1591205807091752,0.0434064872274883,0.0999690099245759
fish4,61.25,1337,66.85,20.0,25.99794406992247,3.744415302818173,53.39897814023748,53.880456991905,4001,458.2476475295831,803.8600724491246,25.082699245876736,3.033448113335504,44.30787037037037,51.34523236751557,0.915244824045736,1.0043572954946611,0.3656699130744646,0.840706296613563,0.2419515570423535,0.1313553704353108,within,0.0364890881588906,0.2343759190596166,0.2051804271763541,0.0493760473463818,0.1313553704353108
fish4,61.25,1338,66.9,20.0,25.82513091094781,3.670463099359807,52.73258999116093,53.62657051734286,3953,458.24976557406194,802.9061423165201,25.082699245876736,3.033448113335504,44.30787037037037,51.34523236751557,0.7424316650710701,1.0043572954946611,0.3656699130744646,0.840706296613563,0.2419515570423535,0.1185420443773341,within,0.0295993528365221,0.2099969942534659,0.19014047730952,0.0444313531098287,0.1185420443773342
fish4,61.25,1339,66.95,20.0,25.83002826862884,3.674108027229459,52.59375912676999,53.41107293727483,3887,458.2584113992573,801.6106214750489,25.082699245876736,3.033448113335504,44.30787037037037,51.34523236751557,0.7473290227520977,1.0043572954946611,0.3656699130744646,0.840706296613563,0.2419515570423535,0.1170586625549367,within,0.0297946012678421,0.2111985733586527,0.1870071544205964,0.0402343211726557,0.1170586625549367
fish4,61.25,1340,67.0,20.0,26.25332888783596,3.629374995171687,52.99174093802403,53.9113196656934,3827,458.15403640739527,800.3043714831869,25.082699245876736,3.033448113335504,44.30787037037037,51.34523236751557,1.1706296419592237,1.0043572954946611,0.3656699130744646,0.840706296613563,0.2419515570423535,0.1222723134133559,within,0.0466708000795273,0.1964519779377128,0.1959893467021776,0.049977128934006,0.1222723134133559
fish4,61.25,1341,67.05,20.0,26.3602023039939,3.7236443976160585,54.08387707123281,54.29225804781887,3833,457.939192671863,800.206376705988,25.082699245876736,3.033448113335504,44.30787037037037,51.34523236751557,1.2775030581171656,1.0043572954946611,0.3656699130744646,0.840706296613563,0.2419515570423535,0.139123677290529,within,0.0509316419893353,0.2275286269926113,0.2206381534283776,0.0573962867517916,0.139123677290529
fish4,61.25,1343,67.15,20.0,26.4048545072989,3.629659004895662,52.889931637470674,54.03388637592813,3799,457.8771570334919,799.4729803905335,25.082699245876736,3.033448113335504,44.30787037037037,51.34523236751557,1.3221552614221643,1.0043572954946611,0.3656699130744646,0.840706296613563,0.2419515570423535,0.1238283151559371,within,0.0527118412759946,0.196545603974277,0.1936915765836337,0.0523642387898428,0.123828315155937
fish4,61.25,1344,67.2,20.0,26.364580380604547,3.312270908518928,50.45113611966973,53.79897452846865,3795,457.8979816862697,799.3996058245613,25.082699245876736,3.033448113335504,44.30787037037037,51.34523236751557,1.2818811347278114,1.0043572954946611,0.3656699130744646,0.840706296613563,0.2419515570423535,0.0823652361808681,within,0.0511061876619413,0.0919161247418988,0.138649537834874,0.0477890944847584,0.0823652361808681
fish4,61.25,1345,67.25,20.0,26.31691992834009,3.173799935056459,49.29883994522487,53.62268698565537,3834,457.82213099182513,800.1066197134501,25.082699245876736,3.033448113335504,44.30787037037037,51.34523236751557,1.2342206824633557,1.0043572954946611,0.3656699130744646,0.840706296613563,0.2419515570423535,0.0631182027523373,within,0.0492060551523873,0.0462680805727142,0.1126429578568071,0.0443557174274406,0.0631182027523373
fish4,61.25,1346,67.3,20.0,26.238684564776367,3.1791118172138044,49.22942451302939,53.34896771414422,3786,457.7912022282919,799.1064136061668,25.082699245876736,3.033448113335504,44.30787037037037,51.34523236751557,1.1559853188996314,1.0043572954946611,0.3656699130744646,0.840706296613563,0.2419515570423535,0.061051799673201,within,0.0460869584875184,0.0480191842537013,0.1110762964123452,0.0390247595392391,0.061051799673201
fish4,61.25,1347,67.35,20.0,26.40177164899024,3.09111545567564,47.40148479854861,52.65404066441345,3822,457.63957014957,796.7662465741369,25.082699245876736,3.033448113335504,44.30787037037037,51.34523236751557,1.3190724031135057,1.0043572954946611,0.3656699130744646,0.840706296613563,0.2419515570423535,0.0417276652952092,within,0.0525889335188015,0.0190104924117942,0.0698208783748498,0.0254903568753915,0.0417276652952093
fish4,61.25,1348,67.4,20.0,26.36025005397739,3.0074097962786444,46.43429644329169,52.44041523573976,3775,457.0018532036488,795.5669475969656,25.082699245876736,3.033448113335504,44.30787037037037,51.34523236751557,1.2775508081006528,1.0043572954946611,0.3656699130744646,0.840706296613563,0.2419515570423535,0.032209782667855,within,0.0509335456912862,0.0085837357634011,0.0479920622486815,0.0213297869680511,0.032209782667855
fish4,61.25,1349,67.45,20.0,26.35628382097429,2.9976042309670285,46.415785661372894,52.47973858881375,3767,456.7338974717883,795.1635035838552,25.082699245876736,3.033448113335504,44.30787037037037,51.34523236751557,1.2735845750975583,1.0043572954946611,0.3656699130744646,0.840706296613563,0.2419515570423535,0.0330653928738647,within,0.0507754194480052,0.011816217396599,0.0475742858634915,0.0220956487873632,0.0330653928738647
fish4,61.25,1350,67.5,20.0,26.289308500390767,2.946496121848613,45.69386516653997,52.38951924245768,3748,456.7454469589233,794.7884645293236,25.082699245876736,3.033448113335504,44.30787037037037,51.34523236751557,1.2066092545140314,1.0043572954946611,0.3656699130744646,0.840706296613563,0.2419515570423535,0.0320972974353932,within,0.0481052394993884,0.0286644070503914,0.0312810068410882,0.0203385363507049,0.0320972974353932
fish4,61.25,1351,67.55,20.0,26.28585259533615,2.9438871064880234,45.71237594845877,52.52576725504988,3755,456.7142403617011,794.9036837133514,25.082699245876736,3.033448113335504,44.30787037037037,51.34523236751557,1.2031533494594129,1.0043572954946611,0.3656699130744646,0.840706296613563,0.2419515570423535,0.03304570876883,within,0.0479674590707056,0.0295244894592911,0.0316987832262781,0.0229921033190453,0.03304570876883
fish4,61.25,1352,67.6,20.0,26.346924824211523,3.0018054468551107,46.6564258263172,52.87448607456661,3816,456.8635589354717,796.2623317142053,25.082699245876736,3.033448113335504,44.30787037037037,51.34523236751557,1.2642255783347878,1.0043572954946611,0.3656699130744646,0.840706296613563,0.2419515570423535,0.0359056697721563,within,0.0504022938656655,0.0104312535761819,0.0530053788709592,0.0297837527758185,0.0359056697721563
fish4,61.25,1353,67.65,20.0,26.32998253319679,3.0172944805335384,46.624031957959325,52.73952750230248,3797,456.8939495756174,795.9011142814343,25.082699245876736,3.033448113335504,44.30787037037037,51.34523236751557,1.2472832873200552,1.0043572954946611,0.3656699130744646,0.840706296613563,0.2419515570423535,0.0336203944292201,within,0.0497268366172788,0.0053251719490278,0.0522742701968773,0.0271552989536966,0.0336203944292201
fish4,61.25,1354,67.7,20.0,26.337249483808183,3.217811620610688,47.25339854319829,52.86555515717284,3796,456.8088888117285,795.7945300800453,25.082699245876736,3.033448113335504,44.30787037037037,51.34523236751557,1.2545502379314506,1.0043572954946611,0.3656699130744646,0.840706296613563,0.2419515570423535,0.0517204790469548,within,0.0500165562579026,0.060776878452179,0.0664786672933316,0.0296098141844057,0.0517204790469548
fish4,61.25,1355,67.75,20.0,26.37779817290756,3.266214134692924,47.84111586911994,53.0099275670588,3762,456.8194270061729,795.1105240036565,25.082699245876736,3.033448113335504,44.30787037037037,51.34523236751557,1.2950989270308249,1.0043572954946611,0.3656699130744646,0.840706296613563,0.2419515570423535,0.0601327457710754,within,0.0516331561581723,0.0767331474483261,0.0797430675231082,0.0324216119546949,0.0601327457710754
fish4,61.25,1356,67.8,20.0,26.432791232010704,3.241856958768759,48.41495010860251,53.3495018920902,3764,456.6505902006173,794.9886696168498,25.082699245876736,3.033448113335504,44.30787037037037,51.34523236751557,1.3500919861339682,1.0043572954946611,0.3656699130744646,0.840706296613563,0.2419515570423535,0.0635646344049282,within,0.0538256258985326,0.0687036130656257,0.0926941354639928,0.0390351631915618,0.0635646344049282
fish4,61.25,1357,67.85,20.0,26.432791232010704,3.241856958768759,48.85920887465353,53.42076640877959,3745,456.6784461171845,794.6340320438338,25.082699245876736,3.033448113335504,44.30787037037037,51.34523236751557,1.3500919861339682,1.0043572954946611,0.3656699130744646,0.840706296613563,0.2419515570423535,0.0664182797361048,within,0.0538256258985326,0.0687036130656257,0.1027207687085485,0.0404231112717125,0.0664182797361048
fish4,61.25,1358,67.9,20.0,26.412312457844227,3.238113541455922,48.55378097299346,53.358942466051325,3731,456.699939177035,794.3825270561206,25.082699245876736,3.033448113335504,44.30787037037037,51.34523236751557,1.3296132119674908,1.0043572954946611,0.3656699130744646,0.840706296613563,0.2419515570423535,0.0638813070189867,within,0.0530091757244213,0.0674695661418032,0.0958274583529165,0.0392190278568056,0.0638813070189867
fish4,61.25,1359,67.95,20.0,26.44459144667906,3.2789479193776674,49.21554142659031,53.49610586504002,3681,456.6378471544055,793.3473360751576,25.082699245876736,3.033448113335504,44.30787037037037,51.34523236751557,1.361892200802323,1.0043572954946611,0.3656699130744646,0.840706296613563,0.2419515570423535,0.0719701012155946,within,0.0542960782431021,0.0809309396006836,0.1107629641234531,0.0418904228951398,0.0719701012155947
fish4,61.25,1360,68.0,20.0,26.40455308552816,3.171841331974406,48.06324525214547,53.40263905313279,3605,456.6408549599541,791.8406173182065,25.082699245876736,3.033448113335504,44.30787037037037,51.34523236751557,1.3218538396514212,1.0043572954946611,0.3656699130744646,0.840706296613563,0.2419515570423535,0.0557871706967303,within,0.0526998241574307,0.0456224116807879,0.0847563841453866,0.0400700628033162,0.0557871706967303
fish4,61.25,1361,68.05,20.0,26.370205925533693,3.135021558364183,47.35520784375163,53.30655629428087,3547,456.5905988811728,790.6377277813194,25.082699245876736,3.033448113335504,44.30787037037037,51.34523236751557,1.287506679656957,1.0043572954946611,0.3656699130744646,0.840706296613563,0.2419515570423535,0.0479475358864734,within,0.0513304675480094,0.0334844840701729,0.0687764374118753,0.0381987545158362,0.0479475358864734
fish4,61.25,1362,68.1,20.0,26.326422175053303,3.0811595643717946,46.63328734891871,53.33360270846128,3520,456.5248740422567,790.0138779424032,25.082699245876736,3.033448113335504,44.30787037037037,51.34523236751557,1.2437229291765703,1.0043572954946611,0.3656699130744646,0.840706296613563,0.2419515570423535,0.0391305038692099,within,0.0495848918405788,0.0157284546343627,0.0524831583894719,0.038725510612426,0.0391305038692098
fish4,61.25,1363,68.15,20.0,26.3600172728079,3.0316859434919348,45.91136685408581,53.07308611179089,3463,456.4012108013952,788.7457680869584,25.082699245876736,3.033448113335504,44.30787037037037,51.34523236751557,1.277318026931166,1.0043572954946611,0.3656699130744646,0.840706296613563,0.2419515570423535,0.0303366864319883,within,0.0509242651442762,0.0005809131317666,0.0361898793670692,0.0336516880848411,0.0303366864319883
fish4,61.25,1364,68.2,20.0,26.50274197344005,2.9819247661768484,45.41620343775809,53.11571955695859,3416,456.6043271271693,788.0195614960659,25.082699245876736,3.033448113335504,44.30787037037037,51.34523236751557,1.4200427275633132,1.0043572954946611,0.3656699130744646,0.840706296613563,0.2419515570423535,0.0332739711870128,within,0.0566144302749533,0.0169850761356856,0.025014361063241,0.0344820172741714,0.0332739711870128
fish4,61.25,1365,68.25,20.0,26.410092083612245,2.9288815168354208,44.15284257180048,52.62042440249672,3398,456.5497220828962,787.607684316376,25.082699245876736,3.033448113335504,44.30787037037037,51.34523236751557,1.327392837735509,1.0043572954946611,0.3656699130744646,0.840706296613563,0.2419515570423535,0.0289315942917554,within,0.0529206535837132,0.0344711999656076,0.0034988772259648,0.0248356463917362,0.0289315942917554
fish4,61.25,1366,68.3,20.0,26.34914818281748,2.8002384802478395,42.98203561543684,52.35609058574868,3368,456.4910719310431,786.9522112478562,25.082699245876736,3.033448113335504,44.30787037037037,51.34523236751557,1.266448936940737,1.0043572954946611,0.3656699130744646,0.840706296613563,0.2419515570423535,0.044245258945998,within,0.0504909349877457,0.0768793875400205,0.0299232335892211,0.019687479667005,0.0442452589459981
fish4,61.25,1371,68.55,20.0,26.42011062702188,2.81489867478944,43.8520423656201,52.80508484942892,3427,444.78867612559,777.3236858782343,25.082699245876736,3.033448113335504,44.30787037037037,51.34523236751557,1.337411381145138,1.0043572954946611,0.3656699130744646,0.840706296613563,0.2419515570423535,0.0410216127377564,within,0.053320074049247,0.0720465392453186,0.0102877434852993,0.028432094171161,0.0410216127377565
fish4,61.25,1410,70.5,20.0,26.51791453069192,3.072882358785164,44.77758146155974,52.99154533412478,3377,456.3840494043988,785.8563442138567,25.082699245876736,3.033448113335504,44.30787037037037,51.34523236751557,1.4352152848151825,1.0043572954946611,0.3656699130744646,0.840706296613563,0.2419515570423535,0.0282209539074009,within,0.0572193315697917,0.0129998087906304,0.010601075774192,0.0320635994949898,0.028220953907401
fish4,61.25,1411,70.55,20.0,26.52971176098631,3.075156346344562,44.666516770046975,52.98446767235476,3405,456.2808810016209,786.446671904829,25.082699245876736,3.033448113335504,44.30787037037037,51.34523236751557,1.4470125151095736,1.0043572954946611,0.3656699130744646,0.840706296613563,0.2419515570423535,0.0278648209920914,within,0.0576896649329893,0.0137494466530356,0.0080944174630528,0.0319257549192878,0.0278648209920914
fish4,61.25,1424,71.2,20.0,26.507325971854453,3.1164616183907845,45.758652903255744,52.99752762924364,3238,456.13461352311134,782.9748021969785,25.082699245876736,3.033448113335504,44.30787037037037,51.34523236751557,1.424626725977717,1.0043572954946611,0.3656699130744646,0.840706296613563,0.2419515570423535,0.0372716436537569,within,0.0567971856622212,0.0273660540591877,0.0327432241892525,0.0321801107043664,0.0372716436537569
fish5,27.36,3799,189.95,20.0,23.459833991480743,2.194342607450327,44.27447636958105,48.327537038415706,2859,444.0390968315972,754.8260922208891,23.4393935785061,2.240617705554497,44.720999405116,48.40197866718943,0.0204404129746436,1.1153611246963824,0.2885128922159749,0.8889331935663408,0.291232360752694,0.0082618777099746,within,0.0008720538313494,0.0206528306856871,0.0099846390168969,0.001537987305965,0.0082618777099746
fish5,27.36,3800,190.0,20.0,23.459833991480743,2.194342607450327,44.27447636958105,48.327537038415706,2865,443.8398694010416,754.9483556757502,23.4393935785061,2.240617705554497,44.720999405116,48.40197866718943,0.0204404129746436,1.1153611246963824,0.2885128922159749,0.8889331935663408,0.291232360752694,0.0082618777099746,within,0.0008720538313494,0.0206528306856871,0.0099846390168969,0.001537987305965,0.0082618777099746
fish5,27.36,3801,190.05,20.0,23.459833991480743,2.194342607450327,44.343172221201804,48.380839247929565,2877,443.5900169704861,754.9384316306114,23.4393935785061,2.240617705554497,44.720999405116,48.40197866718943,0.0204404129746436,1.1153611246963824,0.2885128922159749,0.8889331935663408,0.291232360752694,0.0076025430573716,within,0.0008720538313494,0.0206528306856871,0.0084485407066052,0.0004367470058449,0.0076025430573716
fish5,27.36,3802,190.1,20.0,23.459833991480743,2.194342607450327,44.42560724314672,48.44876771940262,2880,430.2831463374196,741.6913070971442,23.4393935785061,2.240617705554497,44.720999405116,48.40197866718943,0.0204404129746436,1.1153611246963824,0.2885128922159749,0.8889331935663408,0.291232360752694,0.0072741959217187,within,0.0008720538313494,0.0206528306856871,0.0066052227342549,0.0009666764355834,0.0072741959217187
fish5,27.36,3803,190.15,20.0,23.459833991480743,2.194342607450327,44.53552060573994,48.543297487883216,2880,430.03360209230016,741.4422316020247,23.4393935785061,2.240617705554497,44.720999405116,48.40197866718943,0.0204404129746436,1.1153611246963824,0.2885128922159749,0.8889331935663408,0.291232360752694,0.0071480102345585,within,0.0008720538313494,0.0206528306856871,0.004147465437788,0.0029196909834097,0.0071480102345585
fish5,27.36,3804,190.2,20.0,23.459833991480743,2.194342607450327,44.542390190902026,48.54543855362724,2872,429.69485638561486,740.772727435962,23.4393935785061,2.240617705554497,44.720999405116,48.40197866718943,0.0204404129746436,1.1153611246963824,0.2885128922159749,0.8889331935663408,0.291232360752694,0.0071206665485858,within,0.0008720538313494,0.0206528306856871,0.0039938556067586,0.0029639260705484,0.0071206665485858
fish5,27.36,3805,190.25,20.0,23.462889696509137,2.207625328727306,44.56986853155032,48.45012438214355,2868,429.6471829018488,741.250600827196,23.4393935785061,2.240617705554497,44.720999405116,48.40197866718943,0.0234961180030381,1.1153611246963824,0.2885128922159749,0.8889331935663408,0.291232360752694,0.0050253052494,within,0.0010024200465913,0.0147246791567355,0.0033794162826421,0.0009947055116313,0.0050253052494
fish5,27.36,3806,190.3,20.0,23.462889696509137,2.207625328727306,44.56986853155032,48.45012438214355,2868,429.5922304901501,741.1955345136279,23.4393935785061,2.240617705554497,44.720999405116,48.40197866718943,0.0234961180030381,1.1153611246963824,0.2885128922159749,0.8889331935663408,0.291232360752694,0.0050253052494,within,0.0010024200465913,0.0147246791567355,0.0033794162826421,0.0009947055116313,0.0050253052494
fish5,27.36,3807,190.35,20.0,23.462889696509137,2.207625328727306,44.56986853155032,48.45012438214355,2859,429.4566619830662,740.8799139127838,23.4393935785061,2.240617705554497,44.720999405116,48.40197866718943,0.0234961180030381,1.1153611246963824,0.2885128922159749,0.8889331935663408,0.291232360752694,0.0050253052494,within,0.0010024200465913,0.0147246791567355,0.0033794162826421,0.0009947055116313,0.0050253052494
fish5,27.36,3808,190.4,20.0,23.21211308871797,2.207625328727306,44.2882155399052,48.29452414450216,2836,429.30666640436624,740.2718779750954,23.4393935785061,2.240617705554497,44.720999405116,48.40197866718943,0.2272804897881286,1.1153611246963824,0.2885128922159749,0.8889331935663408,0.291232360752694,0.009079665002239,within,0.0096965174899637,0.0147246791567355,0.0096774193548385,0.002220044007418,0.0090796650022389
fish5,27.36,3809,190.45,20.0,23.21211308871797,2.207625328727306,44.09586715536706,48.14925342184164,2829,429.2727731796265,740.0985413901011,23.4393935785061,2.240617705554497,44.720999405116,48.40197866718943,0.2272804897881286,1.1153611246963824,0.2885128922159749,0.8889331935663408,0.291232360752694,0.0109052684475966,within,0.0096965174899637,0.0147246791567355,0.0139784946236559,0.0052213825200312,0.0109052684475966
fish5,27.36,3810,190.5,20.0,23.21211308871797,2.207625328727306,44.192041347636135,48.15600858634232,2828,429.1581465167574,739.9661087376487,23.4393935785061,2.240617705554497,44.720999405116,48.40197866718943,0.2272804897881286,1.1153611246963824,0.2885128922159749,0.8889331935663408,0.291232360752694,0.0103327430867715,within,0.0096965174899637,0.0147246791567355,0.0118279569892472,0.0050818187111398,0.0103327430867715
fish5,27.36,3811,190.55,20.0,23.21211308871797,2.207625328727306,44.17143259214991,48.15389617616575,2817,429.15448332231296,739.7420158557043,23.4393935785061,2.240617705554497,44.720999405116,48.40197866718943,0.2272804897881286,1.1153611246963824,0.2885128922159749,0.8889331935663408,0.291232360752694,0.0104588612235842,within,0.0096965174899637,0.0147246791567355,0.0122887864823346,0.0051254617653027,0.0104588612235841
fish5,27.36,3812,190.6,20.0,22.9613364809268,2.2199781519431414,43.86917084501856,47.881154418521454,2811,429.0533765551908,739.5197958073321,23.4393935785061,2.240617705554497,44.720999405116,48.40197866718943,0.478057097579299,1.1153611246963824,0.2885128922159749,0.8889331935663408,0.291232360752694,0.0148537530003337,within,0.0203954550265189,0.0092115462446761,0.0190476190476188,0.0107603916825208,0.0148537530003337
fish5,27.36,3813,190.65,20.0,22.9613364809268,2.2199781519431414,43.95160586696348,47.93177619316058,2820,428.9277168329687,739.5762649913598,23.4393935785061,2.240617705554497,44.720999405116,48.40197866718943,0.478057097579299,1.1153611246963824,0.2885128922159749,0.8889331935663408,0.291232360752694,0.0141314580876855,within,0.0203954550265189,0.0092115462446761,0.0172043010752683,0.0097145300042783,0.0141314580876854
fish5,27.36,3814,190.7,20.0,22.9613364809268,2.2199781519431414,43.95160586696348,47.93177619316058,2825,428.824487666302,739.5727754080266,23.4393935785061,2.240617705554497,44.720999405116,48.40197866718943,0.478057097579299,1.1153611246963824,0.2885128922159749,0.8889331935663408,0.291232360752694,0.0141314580876855,within,0.0203954550265189,0.0092115462446761,0.0172043010752683,0.0097145300042783,0.0141314580876854
fish5,27.36,3815,190.75,20.0,22.959929597212536,2.204644634916406,44.17143259214991,47.96981163699549,2831,428.877690791302,739.7462324392766,23.4393935785061,2.240617705554497,44.720999405116,48.40197866718943,0.4794639812935628,1.1153611246963824,0.2885128922159749,0.8889331935663408,0.291232360752694,0.0144319871853939,within,0.0204554772156405,0.0160549791911906,0.0122887864823346,0.0089287058524097,0.0144319871853938
fish5,27.36,3816,190.8,20.0,22.959929597212536,2.204644634916406,44.02030171858423,47.90800604320101,2810,428.7025952823591,739.1529533365838,23.4393935785061,2.240617705554497,44.720999405116,48.40197866718943,0.4794639812935628,1.1153611246963824,0.2885128922159749,0.8889331935663408,0.291232360752694,0.0155960719750062,within,0.0204554772156405,0.0160549791911906,0.0156682027649768,0.010205628728217,0.0155960719750062
fish5,27.36,3817,190.85,20.0,22.959929597212536,2.204644634916406,44.02030171858423,47.90800604320101,2813,428.6884242714775,739.1991989923688,23.4393935785061,2.240617705554497,44.720999405116,48.40197866718943,0.4794639812935628,1.1153611246963824,0.2885128922159749,0.8889331935663408,0.291232360752694,0.0155960719750062,within,0.0204554772156405,0.0160549791911906,0.0156682027649768,0.010205628728217,0.0155960719750062
fish5,27.36,3818,190.9,20.0,22.959929597212536,2.204644634916406,44.02030171858423,47.90800604320101,2806,428.7518357528688,739.1261651677027,23.4393935785061,2.240617705554497,44.720999405116,48.40197866718943,0.4794639812935628,1.1153611246963824,0.2885128922159749,0.8889331935663408,0.291232360752694,0.0155960719750062,within,0.0204554772156405,0.0160549791911906,0.0156682027649768,0.010205628728217,0.0155960719750062
fish5,27.36,3819,190.95,20.0,22.959929597212536,2.204644634916406,44.02717130374631,47.91182215920775,2810,428.83561179453545,739.2900193261042,23.4393935785061,2.240617705554497,44.720999405116,48.40197866718943,0.4794639812935628,1.1153611246963824,0.2885128922159749,0.8889331935663408,0.291232360752694,0.0155379589800363,within,0.0204554772156405,0.0160549791911906,0.0155145929339476,0.0101267865793665,0.0155379589800363
fish5,27.36,3820,191.0,20.0,22.959929597212536,2.204644634916406,44.02717130374631,47.91182215920775,2811,428.83977846120206,739.324186004978,23.4393935785061,2.240617705554497,44.720999405116,48.40197866718943,0.4794639812935628,1.1153611246963824,0.2885128922159749,0.8889331935663408,0.291232360752694,0.0155379589800363,within,0.0204554772156405,0.0160549791911906,0.0155145929339476,0.0101267865793665,0.0155379589800363
fish5,27.36,3821,191.05,20.0,22.959929597212536,2.204644634916406,44.16456300698784,48.022075341124975,2816,438.27183575286864,748.8600616605017,23.4393935785061,2.240617705554497,44.720999405116,48.40197866718943,0.4794639812935628,1.1153611246963824,0.2885128922159749,0.8889331935663408,0.291232360752694,0.0142004435295385,within,0.0204554772156405,0.0160549791911906,0.0124423963133637,0.0078489213979589,0.0142004435295384
fish5,27.36,3822,191.1,20.0,22.959929597212536,2.204644634916406,44.16456300698784,48.022075341124975,2815,438.1498739473132,748.7222730320295,23.4393935785061,2.240617705554497,44.720999405116,48.40197866718943,0.4794639812935628,1.1153611246963824,0.2885128922159749,0.8889331935663408,0.291232360752694,0.0142004435295385,within,0.0204554772156405,0.0160549791911906,0.0124423963133637,0.0078489213979589,0.0142004435295384
fish5,27.36,3823,191.15,20.0,22.959929597212536,2.204644634916406,44.16456300698784,48.022075341124975,2819,437.9944225584242,748.649744820224,23.4393935785061,2.240617705554497,44.720999405116,48.40197866718943,0.4794639812935628,1.1153611246963824,0.2885128922159749,0.8889331935663408,0.291232360752694,0.0142004435295385,within,0.0204554772156405,0.0160549791911906,0.0124423963133637,0.0078489213979589,0.0142004435295384
fish5,27.36,3824,191.2,20.0,22.959929597212536,2.204644634916406,44.02717130374631,47.91182215920775,2821,437.9535458223131,748.6490894382795,23.4393935785061,2.240617705554497,44.720999405116,48.40197866718943,0.4794639812935628,1.1153611246963824,0.2885128922159749,0.8889331935663408,0.291232360752694,0.0155379589800363,within,0.0204554772156405,0.0160549791911906,0.0155145929339476,0.0101267865793665,0.0155379589800363
fish5,27.36,3825,191.25,20.0,22.959929597212536,2.204644634916406,44.13021508117744,47.92930362047836,2824,437.956653461202,748.186363743835,23.4393935785061,2.240617705554497,44.720999405116,48.40197866718943,0.4794639812935628,1.1153611246963824,0.2885128922159749,0.8889331935663408,0.291232360752694,0.0148716290009159,within,0.0204554772156405,0.0160549791911906,0.01321044546851,0.0097656141283226,0.0148716290009159
fish5,27.36,3826,191.3,20.0,22.959929597212536,2.204644634916406,44.24012844377067,47.934965316144805,2833,437.8443921801908,748.2548055878239,23.4393935785061,2.240617705554497,44.720999405116,48.40197866718943,0.4794639812935628,1.1153611246963824,0.2885128922159749,0.8889331935663408,0.291232360752694,0.0142279465765047,within,0.0204554772156405,0.0160549791911906,0.0107526881720428,0.009648641727145,0.0142279465765047
fish5,27.36,3827,191.35,20.0,22.9219105947904,2.271928377276252,44.21265010312236,47.73279301453295,2846,437.66613697185744,748.3346428274072,23.4393935785061,2.240617705554497,44.720999405116,48.40197866718943,0.5174829837157056,1.1153611246963824,0.2885128922159749,0.8889331935663408,0.291232360752694,0.0153110818320248,within,0.0220774902721985,0.0139741249228441,0.0113671274961597,0.0138255846368963,0.0153110818320247
fish5,27.36,3828,191.4,20.0,22.924638192662808,2.309977224216127,44.74160816060223,47.89872380289864,2847,437.578333152413,748.2685186954627,23.4393935785061,2.240617705554497,44.720999405116,48.40197866718943,0.5147553858432907,1.1153611246963824,0.2885128922159749,0.8889331935663408,0.291232360752694,0.0159437222149209,within,0.0219611221646673,0.0309555344893007,0.0004608294930877,0.0103974027126279,0.0159437222149209
fish5,27.36,3829,191.45,20.0,22.924638192662808,2.309977224216127,44.73473857544016,47.8965827371546,2843,437.406241138524,747.8240666521941,23.4393935785061,2.240617705554497,44.720999405116,48.40197866718943,0.5147553858432907,1.1153611246963824,0.2885128922159749,0.8889331935663408,0.291232360752694,0.0159163785289483,within,0.0219611221646673,0.0309555344893007,0.0003072196620586,0.0104416377997667,0.0159163785289483
fish5,27.36,3830,191.5,20.0,22.924638192662808,2.309977224216127,44.87899986384375,47.94247712572542,2852,437.3997306830511,747.9985718217213,23.4393935785061,2.240617705554497,44.720999405116,48.40197866718943,0.5147553858432907,1.1153611246963824,0.2885128922159749,0.8889331935663408,0.291232360752694,0.0164857820405415,within,0.0219611221646673,0.0309555344893007,0.0035330261136713,0.0094934453945268,0.0164857820405415
fish5,27.36,3831,191.55,20.0,22.7105582160288,2.309977224216127,44.679781894143545,47.78324531853499,2852,437.3963712654775,747.992305505596,23.4393935785061,2.240617705554497,44.720999405116,48.40197866718943,0.7288353624773052,1.1153611246963824,0.2885128922159749,0.8889331935663408,0.291232360752694,0.0189387202527554,within,0.0310944632605872,0.0309555344893007,0.0009216589861749,0.0127832242749586,0.0189387202527553
fish5,27.36,3832,191.6,20.0,22.7105582160288,2.309977224216127,44.679781894143545,47.78324531853499,2852,437.42757782592776,748.0226559457991,23.4393935785061,2.240617705554497,44.720999405116,48.40197866718943,0.7288353624773052,1.1153611246963824,0.2885128922159749,0.8889331935663408,0.291232360752694,0.0189387202527554,within,0.0310944632605872,0.0309555344893007,0.0009216589861749,0.0127832242749586,0.0189387202527553
fish5,27.36,3833,191.65,20.0,22.67413003618108,2.3035903305406418,44.542390190902026,47.84904170070681,2833,437.2313712191357,747.4746296770718,23.4393935785061,2.240617705554497,44.720999405116,48.40197866718943,0.7652635423250196,1.1153611246963824,0.2885128922159749,0.8889331935663408,0.291232360752694,0.0190428353761724,within,0.0326486067040047,0.0281050287293702,0.0039938556067586,0.0114238504645563,0.0190428353761724
fish5,27.36,3834,191.7,20.0,22.888294525264367,2.3035903305406418,44.762216916088455,48.019811021916105,2853,437.19191378669257,747.8392737966171,23.4393935785061,2.240617705554497,44.720999405116,48.40197866718943,0.5510990532417317,1.1153611246963824,0.2885128922159749,0.8889331935663408,0.291232360752694,0.0151085126726543,within,0.0235116600348862,0.0281050287293702,0.0009216589861751,0.0078957029401855,0.0151085126726543
fish5,27.36,3835,191.75,20.0,23.10245570013396,2.3035903305406418,44.89273903416791,48.225138128880815,2886,437.22861950201343,748.5434046377488,23.4393935785061,2.240617705554497,44.720999405116,48.40197866718943,0.3369378783721402,1.1153611246963824,0.2885128922159749,0.8889331935663408,0.291232360752694,0.0124934275080452,within,0.0143748547607951,0.0281050287293702,0.0038402457757298,0.0036535807662857,0.0124934275080452
fish5,27.36,3836,191.8,20.0,23.10245570013396,2.3035903305406418,44.81717359738506,48.21196729355008,2886,437.2388104742357,748.6529543348514,23.4393935785061,2.240617705554497,44.720999405116,48.40197866718943,0.3369378783721402,1.1153611246963824,0.2885128922159749,0.8889331935663408,0.291232360752694,0.0121390288658375,within,0.0143748547607951,0.0281050287293702,0.0021505376344084,0.0039256943387761,0.0121390288658375
fish5,27.36,3837,191.85,20.0,23.13865188502289,2.3035903305406418,44.89273903416791,48.234921208659344,2890,437.0959459270713,748.5866295003067,23.4393935785061,2.240617705554497,44.720999405116,48.40197866718943,0.3007416934832037,1.1153611246963824,0.2885128922159749,0.8889331935663408,0.291232360752694,0.0120568356890575,within,0.0128306089692946,0.0281050287293702,0.0038402457757298,0.0034514592818357,0.0120568356890576
fish5,27.36,3838,191.9,20.0,23.13865188502289,2.3035903305406418,44.82404318254714,48.22366021511228,2893,436.8964362987189,748.4475430451383,23.4393935785061,2.240617705554497,44.720999405116,48.40197866718943,0.3007416934832037,1.1153611246963824,0.2885128922159749,0.8889331935663408,0.291232360752694,0.0117309750226363,within,0.0128306089692946,0.0281050287293702,0.0023041474654378,0.0036841149264426,0.0117309750226363
fish5,27.36,3839,191.95,20.0,23.10245570013396,2.3035903305406418,44.89273903416791,48.1665327290167,2895,436.8727904450405,748.4758958893765,23.4393935785061,2.240617705554497,44.720999405116,48.40197866718943,0.3369378783721402,1.1153611246963824,0.2885128922159749,0.8889331935663408,0.291232360752694,0.0127961289754123,within,0.0143748547607951,0.0281050287293702,0.0038402457757298,0.004864386635754,0.0127961289754123
fish5,27.36,3840,192.0,20.0,23.10245570013396,2.3035903305406418,44.92708695997829,48.08573615850106,2923,434.78634079226265,746.9531050907653,23.4393935785061,2.240617705554497,44.720999405116,48.40197866718943,0.3369378783721402,1.1153611246963824,0.2885128922159749,0.8889331935663408,0.291232360752694,0.0134054618611066,within,0.0143748547607951,0.0281050287293702,0.0046082949308757,0.0065336690233853,0.0134054618611066
fish5,27.36,3841,192.05,20.0,23.10245570013396,2.3035903305406418,44.90647820449206,48.08289868191007,2924,434.8253338268704,747.011469873121,23.4393935785061,2.240617705554497,44.720999405116,48.40197866718943,0.3369378783721402,1.1153611246963824,0.2885128922159749,0.8889331935663408,0.291232360752694,0.0133049102760335,within,0.0143748547607951,0.0281050287293702,0.0041474654377881,0.0065922921761803,0.0133049102760334
fish5,27.36,3842,192.1,20.0,23.137692420157684,2.284306061519943,44.49430309476749,47.97464158467711,2915,434.6577166340392,746.6732732550714,23.4393935785061,2.240617705554497,44.720999405116,48.40197866718943,0.3017011583484148,1.1153611246963824,0.2885128922159749,0.8889331935663408,0.291232360752694,0.0115669845816076,within,0.0128715428297204,0.0194983534483113,0.0050691244239629,0.0088289176244359,0.0115669845816076
fish5,27.36,3843,192.15,20.0,23.10300917382132,2.284306061519943,44.73473857544016,47.97763725381037,2938,434.7545006012904,747.2451646450984,23.4393935785061,2.240617705554497,44.720999405116,48.40197866718943,0.3363844046847823,1.1153611246963824,0.2885128922159749,0.8889331935663408,0.291232360752694,0.0107309602664728,within,0.0143512417912229,0.0194983534483113,0.0003072196620586,0.0087670261642983,0.0107309602664728
fish5,27.36,3844,192.2,20.0,23.137692420157684,2.284306061519943,44.79656484189884,48.123750818418365,2938,434.8609328929573,747.3563560513485,23.4393935785061,2.240617705554497,44.720999405116,48.40197866718943,0.3017011583484148,1.1153611246963824,0.2885128922159749,0.8889331935663408,0.291232360752694,0.009951969673275,within,0.0128715428297204,0.0194983534483113,0.0016897081413212,0.0057482742737472,0.009951969673275
fish5,27.36,3845,192.25,20.0,23.13713563225664,2.2780355843883595,44.69352106446769,48.11790646364885,2925,434.78141465928815,745.3098098140186,23.4393935785061,2.240617705554497,44.720999405116,48.40197866718943,0.3022579462494654,1.1153611246963824,0.2885128922159749,0.8889331935663408,0.291232360752694,0.0090196405048571,within,0.0128952971943195,0.0166998050319354,0.0006144393241168,0.0058690204690567,0.0090196405048571
fish5,27.36,3846,192.3,20.0,22.88819178463977,2.271928377276252,44.41186807282257,47.73046203948203,2905,434.5905031825691,744.7225116316043,23.4393935785061,2.240617705554497,44.720999405116,48.40197866718943,0.5512017938663298,1.1153611246963824,0.2885128922159749,0.8889331935663408,0.291232360752694,0.0145690884773838,within,0.0235160432807349,0.0139741249228441,0.0069124423963132,0.013873743309643,0.0145690884773838
fish5,27.36,3858,192.9,20.0,23.221871790948025,2.171234521106735,43.84856208953233,47.83635310750404,2938,441.09934458322414,751.1479480483996,23.4393935785061,2.240617705554497,44.720999405116,48.40197866718943,0.2175217875580735,1.1153611246963824,0.2885128922159749,0.8889331935663408,0.291232360752694,0.0178601814490862,within,0.0092801798318511,0.0309660966597562,0.0195084485407064,0.0116860007640311,0.0178601814490862
fish5,27.36,3859,192.95,20.0,23.221871790948025,2.171234521106735,43.84856208953233,47.83635310750404,2938,440.9121180337789,750.9604610822876,23.4393935785061,2.240617705554497,44.720999405116,48.40197866718943,0.2175217875580735,1.1153611246963824,0.2885128922159749,0.8889331935663408,0.291232360752694,0.0178601814490862,within,0.0092801798318511,0.0309660966597562,0.0195084485407064,0.0116860007640311,0.0178601814490862
fish5,27.36,3860,193.0,20.0,23.221871790948025,2.171234521106735,43.90351877082893,47.83812188103637,2944,440.8105685605462,750.977681140305,23.4393935785061,2.240617705554497,44.720999405116,48.40197866718943,0.2175217875580735,1.1153611246963824,0.2885128922159749,0.8889331935663408,0.291232360752694,0.0175438259335925,within,0.0092801798318511,0.0309660966597562,0.018279569892473,0.0116494573502898,0.0175438259335925
fish5,27.36,3861,193.05,20.0,23.221871790948025,2.171234521106735,43.814214163721935,47.76297319627516,2940,433.91408853081583,744.0034211833422,23.4393935785061,2.240617705554497,44.720999405116,48.40197866718943,0.2175217875580735,1.1153611246963824,0.2885128922159749,0.8889331935663408,0.291232360752694,0.018431206710325,within,0.0092801798318511,0.0309660966597562,0.0202764976958526,0.0132020526538398,0.0184312067103249
fish5,27.36,3862,193.1,20.0,23.19115400129979,2.171234521106735,43.75925748242534,47.64717910938865,2933,433.7657899136014,743.5872709829437,23.4393935785061,2.240617705554497,44.720999405116,48.40197866718943,0.2482395772063093,1.1153611246963824,0.2885128922159749,0.8889331935663408,0.291232360752694,0.0196641418274566,within,0.0105906996430976,0.0309660966597562,0.0215053763440857,0.0155943946628868,0.0196641418274566
fish5,27.36,3863,193.15,20.0,23.178840040309552,2.137773489999629,43.36082154302492,47.56261358371584,2936,433.789908833652,743.6740754541607,23.4393935785061,2.240617705554497,44.720999405116,48.40197866718943,0.2605535381965467,1.1153611246963824,0.2885128922159749,0.8889331935663408,0.291232360752694,0.0261930707626675,within,0.0111160528673179,0.0458999387980898,0.0304147465437786,0.0173415448414835,0.0261930707626674
fish5,27.36,3864,193.2,20.0,23.178840040309552,2.126810493860269,43.20282108429716,47.55043232064788,2928,433.7280077919854,743.3282486284045,23.4393935785061,2.240617705554497,44.720999405116,48.40197866718943,0.2605535381965467,1.1153611246963824,0.2885128922159749,0.8889331935663408,0.291232360752694,0.0283624558279654,within,0.0111160528673179,0.0507927842452103,0.0339477726574499,0.0175932135418835,0.0283624558279654
fish5,27.36,3865,193.25,20.0,23.39416284707985,2.126810493860269,43.44325656496983,47.74834373501968,2946,433.6287630003187,746.3862206481828,23.4393935785061,2.240617705554497,44.720999405116,48.40197866718943,0.0452307314262476,1.1153611246963824,0.2885128922159749,0.8889331935663408,0.291232360752694,0.0236995508365947,within,0.0019296886361311,0.0507927842452103,0.0285714285714284,0.013504301893609,0.0236995508365947
fish5,27.36,3866,193.3,20.0,23.619146586776147,2.1412528386577123,44.37065056185011,48.22924927064147,2996,433.4433636947632,747.8318337263319,23.4393935785061,2.240617705554497,44.720999405116,48.40197866718943,0.1797530082700476,1.1153611246963824,0.2885128922159749,0.8889331935663408,0.291232360752694,0.015854668284869,within,0.0076688420998605,0.0443470863639338,0.0078341013824884,0.0035686432931935,0.0158546682848691
fish5,27.36,3867,193.35,20.0,23.619146586776147,2.1412528386577123,44.37065056185011,48.22924927064147,2982,433.42077688664574,747.3440613703964,23.4393935785061,2.240617705554497,44.720999405116,48.40197866718943,0.1797530082700476,1.1153611246963824,0.2885128922159749,0.8889331935663408,0.291232360752694,0.015854668284869,within,0.0076688420998605,0.0443470863639338,0.0078341013824884,0.0035686432931935,0.0158546682848691
fish5,27.36,3868,193.4,20.0,23.64944015707119,2.1412528386577123,44.41873765798466,48.33612012890522,2989,433.34488710937495,747.4619313741048,23.4393935785061,2.240617705554497,44.720999405116,48.40197866718943,0.2100465785650911,1.1153611246963824,0.2885128922159749,0.8889331935663408,0.291232360752694,0.0153569600629804,within,0.0089612633476022,0.0443470863639338,0.0067588325652838,0.0013606579751016,0.0153569600629804
fish5,27.36,3869,193.45,20.0,23.4343642592213,2.1412528386577123,44.05464964439461,48.06320063769316,2959,433.3113671558333,747.0174055606686,23.4393935785061,2.240617705554497,44.720999405116,48.40197866718943,0.0050293192847981,1.1153611246963824,0.2885128922159749,0.8889331935663408,0.291232360752694,0.0166152667127908,within,0.0002145669540448,0.0443470863639338,0.0149001536098309,0.0069992599233536,0.0166152667127908
fish5,27.36,3870,193.5,20.0,23.42266177065812,2.126810493860269,43.57377868304928,47.92625710785234,2949,433.2362022411016,746.5068077071389,23.4393935785061,2.240617705554497,44.720999405116,48.40197866718943,0.0167318078479787,1.1153611246963824,0.2885128922159749,0.8889331935663408,0.291232360752694,0.0217470037134255,within,0.0007138327957137,0.0507927842452103,0.0256528417818739,0.009828556030904,0.0217470037134255
fish5,27.36,3871,193.55,20.0,23.428393703246623,2.1336539698742585,43.683692045642495,47.88105231723854,2948,433.176401904278,746.4810698658649,23.4393935785061,2.240617705554497,44.720999405116,48.40197866718943,0.0109998752594755,1.1153611246963824,0.2885128922159749,0.8889331935663408,0.291232360752694,0.0205413447464236,within,0.000469290095865,0.0477385032775002,0.023195084485407,0.0107625011269222,0.0205413447464236
fish5,27.36,3872,193.6,20.0,23.428393703246623,2.1336539698742585,43.48447407594229,47.79252185074039,2942,433.1505685721504,746.3675151784262,23.4393935785061,2.240617705554497,44.720999405116,48.40197866718943,0.0109998752594755,1.1153611246963824,0.2885128922159749,0.8889331935663408,0.291232360752694,0.0221122827950582,within,0.000469290095865,0.0477385032775002,0.0276497695852533,0.0125915682216143,0.0221122827950582
fish5,27.36,3873,193.65,20.0,23.428393703246623,2.1280095603576203,43.44325656496983,47.79010603679659,2934,433.10738280826143,746.225598945787,23.4393935785061,2.240617705554497,44.720999405116,48.40197866718943,0.0109998752594755,1.1153611246963824,0.2885128922159749,0.8889331935663408,0.291232360752694,0.022984958158786,within,0.000469290095865,0.0502576342754592,0.0285714285714284,0.0126414796923915,0.022984958158786
fish5,27.36,3874,193.7,20.0,23.428393703246623,2.1280095603576203,43.44325656496983,47.79010603679659,2934,433.130672738817,746.2342632269858,23.4393935785061,2.240617705554497,44.720999405116,48.40197866718943,0.0109998752594755,1.1153611246963824,0.2885128922159749,0.8889331935663408,0.291232360752694,0.022984958158786,within,0.000469290095865,0.0502576342754592,0.0285714285714284,0.0126414796923915,0.022984958158786
fish5,27.36,3875,193.75,20.0,23.43688969005821,2.144648042298438,44.178302177311984,48.18638134730774,2966,433.1459765582615,746.8818880123564,23.4393935785061,2.240617705554497,44.720999405116,48.40197866718943,0.0025038884478902,1.1153611246963824,0.2885128922159749,0.8889331935663408,0.291232360752694,0.0148820242223198,within,0.0001068239431836,0.0428317883136198,0.0121351766513055,0.0044543079811702,0.0148820242223198
fish5,27.36,3876,193.8,20.0,23.43688969005821,2.144648042298438,44.26073719925689,48.23373203713475,2962,433.17819010188725,746.8393717369067,23.4393935785061,2.240617705554497,44.720999405116,48.40197866718943,0.0025038884478902,1.1153611246963824,0.2885128922159749,0.8889331935663408,0.291232360752694,0.0141766247181972,within,0.0001068239431836,0.0428317883136198,0.0102918586789555,0.00347602793703,0.0141766247181972
fish5,27.36,3877,193.85,20.0,23.4343642592213,2.1307650706277497,44.21265010312236,48.314201773065776,2961,433.11294703487823,746.7104730754853,23.4393935785061,2.240617705554497,44.720999405116,48.40197866718943,0.0050293192847981,1.1153611246963824,0.2885128922159749,0.8889331935663408,0.291232360752694,0.0156057568493606,within,0.0002145669540448,0.0490278348932181,0.0113671274961597,0.0018134980540198,0.0156057568493606
fish5,27.36,3878,193.9,20.0,23.4343642592213,2.1307650706277497,44.21265010312236,48.314201773065776,2963,433.1376952987672,746.7841340974173,23.4393935785061,2.240617705554497,44.720999405116,48.40197866718943,0.0050293192847981,1.1153611246963824,0.2885128922159749,0.8889331935663408,0.291232360752694,0.0156057568493606,within,0.0002145669540448,0.0490278348932181,0.0113671274961597,0.0018134980540198,0.0156057568493606
fish5,27.36,3879,193.95,20.0,23.4343642592213,2.1307650706277497,44.21265010312236,48.314201773065776,2960,433.08052516816696,746.6771983418172,23.4393935785061,2.240617705554497,44.720999405116,48.40197866718943,0.0050293192847981,1.1153611246963824,0.2885128922159749,0.8889331935663408,0.291232360752694,0.0156057568493606,within,0.0002145669540448,0.0490278348932181,0.0113671274961597,0.0018134980540198,0.0156057568493606
fish5,27.36,3880,194.0,20.0,23.43180900046111,2.1258731853004376,44.1439542515016,48.31233982866031,2959,432.88002603413145,746.4663443904441,23.4393935785061,2.240617705554497,44.720999405116,48.40197866718943,0.0075845780449874,1.1153611246963824,0.2885128922159749,0.8889331935663408,0.291232360752694,0.0165724712355294,within,0.0003235825201528,0.0512111102084069,0.0129032258064516,0.0018519664071064,0.0165724712355294
fish5,27.36,3881,194.05,20.0,23.43180900046111,2.120700418168024,44.116475910853296,48.31206547174139,2948,432.7991493054803,746.1721668805429,23.4393935785061,2.240617705554497,44.720999405116,48.40197866718943,0.0075845780449874,1.1153611246963824,0.2885128922159749,0.8889331935663408,0.291232360752694,0.0173046567437171,within,0.0003235825201528,0.0535197446173872,0.0135176651305682,0.0018576347067602,0.0173046567437171
fish5,27.36,3882,194.1,20.0,23.43180900046111,2.117252384843105,44.06838881471877,48.34943334442894,2944,437.6010546806995,750.9029134015955,23.4393935785061,2.240617705554497,44.720999405116,48.40197866718943,0.0075845780449874,1.1153611246963824,0.2885128922159749,0.8889331935663408,0.291232360752694,0.0177651850243657,within,0.0003235825201528,0.0550586208461929,0.0145929339477723,0.0010856027833447,0.0177651850243657
fish5,27.36,3883,194.15,20.0,23.43180900046111,2.117252384843105,44.02717130374631,48.26726457502135,2945,437.5129861019935,750.8412054999727,23.4393935785061,2.240617705554497,44.720999405116,48.40197866718943,0.0075845780449874,1.1153611246963824,0.2885128922159749,0.8889331935663408,0.291232360752694,0.0184200078822626,within,0.0003235825201528,0.0550586208461929,0.0155145929339476,0.0027832352287573,0.0184200078822626
fish5,27.36,3884,194.2,20.0,23.40192970687816,2.117252384843105,43.90351877082893,48.229835225208745,2932,437.4648914812817,749.3922905667611,23.4393935785061,2.240617705554497,44.720999405116,48.40197866718943,0.037463871627942,1.1153611246963824,0.2885128922159749,0.8889331935663408,0.291232360752694,0.0196232643542301,within,0.0015983293894724,0.0550586208461929,0.018279569892473,0.0035565372887819,0.0196232643542301
fish5,27.36,3885,194.25,20.0,23.40192970687816,2.117252384843105,43.90351877082893,48.229835225208745,2933,437.4705815911187,749.4238595828481,23.4393935785061,2.240617705554497,44.720999405116,48.40197866718943,0.037463871627942,1.1153611246963824,0.2885128922159749,0.8889331935663408,0.291232360752694,0.0196232643542301,within,0.0015983293894724,0.0550586208461929,0.018279569892473,0.0035565372887819,0.0196232643542301
fish5,27.36,3886,194.3,20.0,23.40192970687816,2.117252384843105,43.90351877082893,48.229835225208745,2933,437.6029687424648,749.5615201716943,23.4393935785061,2.240617705554497,44.720999405116,48.40197866718943,0.037463871627942,1.1153611246963824,0.2885128922159749,0.8889331935663408,0.291232360752694,0.0196232643542301,within,0.0015983293894724,0.0550586208461929,0.018279569892473,0.0035565372887819,0.0196232643542301
fish5,27.36,3887,194.35,20.0,23.40192970687816,2.117252384843105,43.90351877082893,48.229835225208745,2933,437.4511718701775,749.4192382729942,23.4393935785061,2.240617705554497,44.720999405116,48.40197866718943,0.037463871627942,1.1153611246963824,0.2885128922159749,0.8889331935663408,0.291232360752694,0.0196232643542301,within,0.0015983293894724,0.0550586208461929,0.018279569892473,0.0035565372887819,0.0196232643542301
fish5,27.36,3888,194.4,20.0,23.40192970687816,2.117252384843105,43.90351877082893,48.229835225208745,2933,437.4881944369093,749.4625075870927,23.4393935785061,2.240617705554497,44.720999405116,48.40197866718943,0.037463871627942,1.1153611246963824,0.2885128922159749,0.8889331935663408,0.291232360752694,0.0196232643542301,within,0.0015983293894724,0.0550586208461929,0.018279569892473,0.0035565372887819,0.0196232643542301
fish5,27.36,3889,194.45,20.0,23.40192970687816,2.117252384843105,43.90351877082893,48.229835225208745,2923,437.4686762053125,749.2479698242458,23.4393935785061,2.240617705554497,44.720999405116,48.40197866718943,0.037463871627942,1.1153611246963824,0.2885128922159749,0.8889331935663408,0.291232360752694,0.0196232643542301,within,0.0015983293894724,0.0550586208461929,0.018279569892473,0.0035565372887819,0.0196232643542301
fish5,27.36,3890,194.5,20.0,23.399772153761585,2.112600265005594,43.87604043018063,48.23557543022506,2927,437.3060069383408,749.1645648801909,23.4393935785061,2.240617705554497,44.720999405116,48.40197866718943,0.0396214247445136,1.1153611246963824,0.2885128922159749,0.8889331935663408,0.291232360752694,0.020289304283486,within,0.0016903775522949,0.0571348875051497,0.0188940092165897,0.0034379428599098,0.020289304283486
fish5,27.36,3891,194.55,20.0,23.399772153761585,2.112600265005594,43.814214163721935,48.1890529668553,2922,437.2197569407523,748.9801898826024,23.4393935785061,2.240617705554497,44.720999405116,48.40197866718943,0.0396214247445136,1.1153611246963824,0.2885128922159749,0.8889331935663408,0.291232360752694,0.0208752185600008,within,0.0016903775522949,0.0571348875051497,0.0202764976958526,0.004399111486706,0.0208752185600008
fish5,27.36,3892,194.6,20.0,23.399772153761585,2.112600265005594,43.77299665274949,48.181502374438416,2919,437.339270820599,749.0404459499491,23.4393935785061,2.240617705554497,44.720999405116,48.40197866718943,0.0396214247445136,1.1153611246963824,0.2885128922159749,0.8889331935663408,0.291232360752694,0.0211446327060774,within,0.0016903775522949,0.0571348875051497,0.0211981566820274,0.0045551090848373,0.0211446327060773
fish5,27.36,3893,194.65,20.0,23.399772153761585,2.112600265005594,43.77299665274949,48.181502374438416,2918,437.5335633562817,749.2159005948055,23.4393935785061,2.240617705554497,44.720999405116,48.40197866718943,0.0396214247445136,1.1153611246963824,0.2885128922159749,0.8889331935663408,0.291232360752694,0.0211446327060774,within,0.0016903775522949,0.0571348875051497,0.0211981566820274,0.0045551090848373,0.0211446327060773
fish5,27.36,3894,194.7,20.0,23.38673900839916,2.087430864785076,43.25777776559377,47.99734443558574,2902,437.7052126555077,749.0692686440314,23.4393935785061,2.240617705554497,44.720999405116,48.40197866718943,0.0526545701069451,1.1153611246963824,0.2885128922159749,0.8889331935663408,0.291232360752694,0.0279233265834369,within,0.002246413497456,0.0683681291947619,0.0327188940092165,0.0083598696323129,0.0279233265834368
fish5,27.36,3895,194.75,20.0,23.38673900839916,2.087430864785076,43.25777776559377,47.99734443558574,2902,437.63766925273006,749.0038346162538,23.4393935785061,2.240617705554497,44.720999405116,48.40197866718943,0.0526545701069451,1.1153611246963824,0.2885128922159749,0.8889331935663408,0.291232360752694,0.0279233265834369,within,0.002246413497456,0.0683681291947619,0.0327188940092165,0.0083598696323129,0.0279233265834368
fish5,27.36,3907,195.35,20.0,23.66063059961823,2.517668880455011,47.08413670087021,48.8913224848649,3003,435.90386261091805,747.8640709320018,23.4393935785061,2.240617705554497,44.720999405116,48.40197866718943,0.221237021112131,1.1153611246963824,0.2885128922159749,0.8889331935663408,0.291232360752694,0.04900998103722,within,0.0094386836575416,0.1236494624735418,0.05284178187404,0.0101099961437564,0.04900998103722
fish5,27.36,3908,195.4,20.0,23.65849458889068,2.512865682063608,47.02231043441152,48.89087191346852,3003,435.8299694480425,747.754829473565,23.4393935785061,2.240617705554497,44.720999405116,48.40197866718943,0.2191010103845769,1.1153611246963824,0.2885128922159749,0.8889331935663408,0.291232360752694,0.0481033259451343,within,0.0093475545623968,0.1215057686254141,0.0514592933947773,0.0101006871979491,0.0481033259451343
fish5,27.36,3909,195.45,20.0,23.66741810926915,2.534570554623418,47.72987770610537,49.26685542259519,3028,435.7269355974363,748.2144876806001,23.4393935785061,2.240617705554497,44.720999405116,48.40197866718943,0.2280245307630508,1.1153611246963824,0.2885128922159749,0.8889331935663408,0.291232360752694,0.0565176907978245,within,0.0097282606736101,0.1311927725734787,0.0672811059907834,0.017868623953426,0.0565176907978246
fish6,13.78,8314,415.7,20.0,23.59704413933668,1.6530245517162567,24.85536661865262,48.31268341600524,7953,428.9281422523027,850.8197206888258,23.16274050448803,1.6530245517162567,24.231326392032592,47.63758840205821,0.43430363484865,0.7434042941502236,0.1268722944651377,0.7981564276386324,0.1024124749158385,0.0146687559043222,within,0.0187500971555804,0.0,0.0257534489249097,0.0141714775367986,0.0146687559043222
fish6,13.78,8315,415.75,20.0,23.45227699737756,1.6530245517162567,24.786684633263658,48.20561662852463,7966,428.8559634023407,851.0579716727632,23.16274050448803,1.6530245517162567,24.231326392032592,47.63758840205821,0.2895364928895283,0.7434042941502236,0.1268722944651377,0.7981564276386324,0.1024124749158385,0.0118357665282728,within,0.0125000965595339,0.0,0.0229190194645585,0.0119239500889989,0.0118357665282728
fish6,13.78,8319,415.95,20.0,23.597039721394115,1.6713912109225155,24.948731192540745,48.41312912576826,7936,428.9722699394885,850.5899618312117,23.16274050448803,1.6530245517162567,24.231326392032592,47.63758840205821,0.4342992169060835,0.7434042941502236,0.1268722944651377,0.7981564276386324,0.1024124749158385,0.0189368414827217,within,0.0187499064206989,0.0111109415690103,0.0296065014725747,0.0162800164686031,0.0189368414827217
fish6,13.78,8320,416.0,20.0,23.597039721394115,1.6713912109225155,24.95517012867096,48.41321595867116,7932,428.9139408690653,850.5251220815859,23.16274050448803,1.6530245517162567,24.231326392032592,47.63758840205821,0.4342992169060835,0.7434042941502236,0.1268722944651377,0.7981564276386324,0.1024124749158385,0.019003729118511,within,0.0187499064206989,0.0111109415690103,0.0298722292344825,0.0162818392498524,0.019003729118511
fish6,13.78,8325,416.25,20.0,23.59704413933668,1.6530245517162567,24.43576261416692,48.031968316023054,7694,428.05888016493054,844.9413995815701,23.16274050448803,1.6530245517162567,24.231326392032592,47.63758840205821,0.43430363484865,0.7434042941502236,0.1268722944651377,0.7981564276386324,0.1024124749158385,0.0088664271007231,within,0.0187500971555804,0.0,0.0084368564405762,0.0082787548067357,0.0088664271007231
fish6,13.78,8326,416.3,20.0,23.59704413933668,1.6530245517162567,24.3821048130818,48.03489843062284,7678,428.178884503381,844.3687477062601,23.16274050448803,1.6530245517162567,24.231326392032592,47.63758840205821,0.43430363484865,0.7434042941502236,0.1268722944651377,0.7981564276386324,0.1024124749158385,0.0083282047112186,within,0.0187500971555804,0.0,0.0062224584246772,0.0083402632646168,0.0083282047112186
fish6,13.78,8327,416.35,20.0,23.45227699737756,1.6530245517162567,24.32200807586646,47.91236155707363,7657,428.2035068853684,844.5533179896555,23.16274050448803,1.6530245517162567,24.231326392032592,47.63758840205821,0.2895364928895283,0.7434042941502236,0.1268722944651377,0.7981564276386324,0.1024124749158385,0.0055026049143702,within,0.0125000965595339,0.0,0.00374233264687,0.0057679904510771,0.0055026049143702
fish6,13.78,8328,416.4,20.0,23.45227699737756,1.6530245517162567,24.32200807586646,47.91236155707363,7652,428.2383896208398,844.2081123626981,23.16274050448803,1.6530245517162567,24.231326392032592,47.63758840205821,0.2895364928895283,0.7434042941502236,0.1268722944651377,0.7981564276386324,0.1024124749158385,0.0055026049143702,within,0.0125000965595339,0.0,0.00374233264687,0.0057679904510771,0.0055026049143702
fish6,13.78,8329,416.45,20.0,23.45227699737756,1.6530245517162567,24.36493431673456,47.927915225320966,7651,428.2076257382805,843.7110891653367,23.16274050448803,1.6530245517162567,24.231326392032592,47.63758840205821,0.2895364928895283,0.7434042941502236,0.1268722944651377,0.7981564276386324,0.1024124749158385,0.0060271094946378,within,0.0125000965595339,0.0,0.0055138510595894,0.0060944903594282,0.0060271094946378
fish6,13.78,8330,416.5,20.0,22.43890700366371,1.6530245517162567,23.99791495731229,47.29311651171771,7588,427.9444486287247,841.5389110018118,23.16274050448803,1.6530245517162567,24.231326392032592,47.63758840205821,0.7238335008243197,0.7434042941502236,0.1268722944651377,0.7981564276386324,0.1024124749158385,0.0120284083014942,within,0.0312499076127917,0.0,0.0096326313691622,0.0072310942240228,0.0120284083014942
fish6,13.78,8331,416.55,20.0,22.43890700366371,1.6346576122527423,23.67274868273642,47.07896483738555,7513,427.9755900498379,837.7717030460876,23.16274050448803,1.6530245517162567,24.231326392032592,47.63758840205821,0.7238335008243197,0.7434042941502236,0.1268722944651377,0.7981564276386324,0.1024124749158385,0.0192848577819739,within,0.0312499076127917,0.0111111111111113,0.0230518833455124,0.0117265290584804,0.019284857781974
fish6,13.78,8332,416.6,20.0,22.43890700366371,1.6530245517162567,23.67382183875812,47.129985779483206,7633,426.5338844250148,831.7937340852101,23.16274050448803,1.6530245517162567,24.231326392032592,47.63758840205821,0.7238335008243197,0.7434042941502236,0.1268722944651377,0.7981564276386324,0.1024124749158385,0.0162282523205084,within,0.0312499076127917,0.0,0.0230075953851945,0.0106555062840476,0.0162282523205084
fish6,13.78,8333,416.65,20.0,22.43890700366371,1.6530245517162567,23.71030914349601,47.161464580084086,7604,426.42325076766775,822.6279674042302,23.16274050448803,1.6530245517162567,24.231326392032592,47.63758840205821,0.7238335008243197,0.7434042941502236,0.1268722944651377,0.7981564276386324,0.1024124749158385,0.0156866052760946,within,0.0312499076127917,0.0,0.0215018047343829,0.0099947087572039,0.0156866052760946
fish6,13.78,8338,416.9,20.0,23.30750985541844,1.5979237333257148,23.418410705592915,47.3902715933074,7369,426.5917577279362,794.9726592900865,23.16274050448803,1.6530245517162567,24.231326392032592,47.63758840205821,0.1447693509304066,0.7434042941502236,0.1268722944651377,0.7981564276386324,0.1024124749158385,0.0195807977065634,within,0.0062500959634875,0.0333333333333333,0.0335481299408755,0.0051916315885571,0.0195807977065634
fish6,13.78,8339,416.95,20.0,23.30750985541844,1.5979237333257148,23.418410705592915,47.3902715933074,7248,426.6944790399999,794.1011390680337,23.16274050448803,1.6530245517162567,24.231326392032592,47.63758840205821,0.1447693509304066,0.7434042941502236,0.1268722944651377,0.7981564276386324,0.1024124749158385,0.0195807977065634,within,0.0062500959634875,0.0333333333333333,0.0335481299408755,0.0051916315885571,0.0195807977065634
fish6,13.78,8340,417.0,20.0,23.30750985541844,1.5979237333257148,23.444166450113777,47.40448480616469,7252,426.7160154052736,794.7870536999069,23.16274050448803,1.6530245517162567,24.231326392032592,47.63758840205821,0.1447693509304066,0.7434042941502236,0.1268722944651377,0.7981564276386324,0.1024124749158385,0.0192404796193784,within,0.0062500959634875,0.0333333333333333,0.0324852188932438,0.0048932702874491,0.0192404796193784
fish6,13.78,8341,417.05,20.0,23.30750985541844,1.5979237333257148,23.52679946378487,47.42564387989592,7288,426.7000822331748,795.8963093665125,23.16274050448803,1.6530245517162567,24.231326392032592,47.63758840205821,0.1447693509304066,0.7434042941502236,0.1268722944651377,0.7981564276386324,0.1024124749158385,0.0182768944810483,within,0.0062500959634875,0.0333333333333333,0.0290750459487589,0.0044491026786136,0.0182768944810483
fish6,13.78,8342,417.1,20.0,23.59704413933668,1.6346576122527423,24.23722875015196,47.96319499023931,7459,426.74279049477286,799.7656029591267,23.16274050448803,1.6530245517162567,24.231326392032592,47.63758840205821,0.43430363484865,0.7434042941502236,0.1268722944651377,0.7981564276386324,0.1024124749158385,0.0092349672797365,within,0.0187500971555804,0.0111111111111113,0.000243583781749,0.0068350770705056,0.0092349672797366
fish7,18.32,6947,347.35,20.0,27.16888663010841,6.927615462894418,192.94818036712263,65.1697688732905,4479,447.7760152557752,799.6385217329617,26.63888888888889,6.888888888888889,173.51967592592592,64.87754009498491,0.5299977412195247,1.2650542576846484,0.4352157018917075,0.8993930610830906,0.5796895493070424,0.0354971769502975,within,0.0198956399206493,0.0056215994524154,0.1119671549495664,0.0045043134785588,0.0354971769502975
fish7,18.32,6949,347.45,20.0,26.97410194671278,6.938521741712328,192.9657706835021,63.84205731251453,4429,441.10936578776045,793.1730311191136,26.63888888888889,6.888888888888889,173.51967592592592,64.87754009498491,0.3352130578238892,1.2650542576846484,0.4352157018917075,0.8993930610830906,0.5796895493070424,0.0369543672866684,within,0.0125835975825443,0.007204768958241,0.1120685285620148,0.0159605740438735,0.0369543672866684
fish8,12.7,6019,300.95,20.0,25.318858732369623,1.7472071433242329,36.40141022412491,51.66456554395328,697,439.8758105558984,720.4380110054816,26.682296752929688,2.1263525221082897,43.020833333333336,55.36007635792097,1.3634380205600642,1.0825167933186608,0.5314467474004103,0.9502599687973848,0.4875843664250133,0.1125066106710524,within,0.051098975218854,0.1783078651549895,0.1538655250566607,0.0667540772537054,0.1125066106710524
fish8,12.7,6020,301.0,20.0,25.50373231127812,1.8123130643690504,38.06980819273063,52.08553128834831,728,439.8654893753428,721.0470062311759,26.682296752929688,2.1263525221082897,43.020833333333336,55.36007635792097,1.17856444165157,1.0825167933186608,0.5314467474004103,0.9502599687973848,0.4875843664250133,0.0915234623218538,within,0.0441702771153746,0.1476892728153409,0.1150843616217577,0.059149937734942,0.0915234623218538
fish8,12.7,6021,301.05,20.0,25.7404384916104,1.7214733327611025,37.39811550407119,52.56521273454889,730,439.8012098433695,721.0231433658695,26.682296752929688,2.1263525221082897,43.020833333333336,55.36007635792097,0.9418582613192896,1.0825167933186608,0.5314467474004103,0.9502599687973848,0.4875843664250133,0.1017229816963751,within,0.0352989950618052,0.1904101907550811,0.1306975572903549,0.0504851836782588,0.101722981696375
fish8,12.7,6022,301.1,20.0,25.7404384916104,1.84588838988888,38.64399710400403,52.585745991296605,727,439.7793956072584,720.9410101193416,26.682296752929688,2.1263525221082897,43.020833333333336,55.36007635792097,0.9418582613192896,1.0825167933186608,0.5314467474004103,0.9502599687973848,0.4875843664250133,0.0797625105899706,within,0.0352989950618052,0.1318991697300163,0.1017375975824729,0.0501142799855876,0.0797625105899705
fish8,12.7,6023,301.15,20.0,25.7404384916104,1.84588838988888,38.93650843616218,52.632333007327816,730,439.7204719961473,720.9422818207305,26.682296752929688,2.1263525221082897,43.020833333333336,55.36007635792097,0.9418582613192896,1.0825167933186608,0.5314467474004103,0.9502599687973848,0.4875843664250133,0.0778523050409724,within,0.0352989950618052,0.1318991697300163,0.0949383026945353,0.0492727526775324,0.0778523050409723
fish8,12.7,6024,301.2,20.0,25.9745440353378,1.84588838988888,40.01988374045161,53.17589594615557,732,439.66490342881946,720.927546586736,26.682296752929688,2.1263525221082897,43.020833333333336,55.36007635792097,0.7077527175918945,1.0825167933186608,0.5314467474004103,0.9502599687973848,0.4875843664250133,0.0669085375086475,within,0.0265251797529079,0.1318991697300163,0.0697557290355073,0.0394540715161582,0.0669085375086474
fish8,12.7,6025,301.25,20.0,25.94978250091056,1.859047826820872,39.22901976832033,52.96324211839012,713,439.61358835161,720.4948252595265,26.682296752929688,2.1263525221082897,43.020833333333336,55.36007635792097,0.7325142520191292,1.0825167933186608,0.5314467474004103,0.9502599687973848,0.4875843664250133,0.0711494975412933,within,0.0274531933589525,0.1257104325403125,0.0881390078065977,0.0432953564593106,0.0711494975412933
fish8,12.7,6026,301.3,20.0,26.15636182602781,1.8584792170898377,39.369858557877954,53.40842045956178,720,439.6156327353394,720.6376443828393,26.682296752929688,2.1263525221082897,43.020833333333336,55.36007635792097,0.5259349269018792,1.0825167933186608,0.5314467474004103,0.9502599687973848,0.4875843664250133,0.0664519936182723,within,0.0197110065813255,0.1259778433882893,0.0848652732309241,0.0352538512725505,0.0664519936182723
fish8,12.7,6027,301.35,20.0,26.139908818935663,1.95432297075016,39.6515361369932,53.348019530855495,693,439.5382542631173,720.0206370043672,26.682296752929688,2.1263525221082897,43.020833333333336,55.36007635792097,0.5423879339940214,1.0825167933186608,0.5314467474004103,0.9502599687973848,0.4875843664250133,0.0539734833514535,within,0.0203276329251705,0.0809035893952154,0.0783178040795769,0.0363449070058514,0.0539734833514535
fish8,12.7,6028,301.4,20.0,26.37247842700588,1.9420853610935087,39.80320867959372,53.84137750879054,694,439.5738011040583,720.0764703036415,26.682296752929688,2.1263525221082897,43.020833333333336,55.36007635792097,0.3098183259238141,1.0825167933186608,0.5314467474004103,0.9502599687973848,0.4875843664250133,0.0501238831970628,within,0.0116113814636212,0.0866588014446819,0.074792243767313,0.027433106112635,0.0501238831970628
fish8,12.7,6029,301.45,20.0,26.36937117288056,1.9539097083601489,40.0523849995803,53.87849467247162,698,439.63430024457386,720.2177897566571,26.682296752929688,2.1263525221082897,43.020833333333336,55.36007635792097,0.3129255800491286,1.0825167933186608,0.5314467474004103,0.9502599687973848,0.4875843664250133,0.0471471668036819,within,0.0117278352364764,0.081097942112234,0.0690002518257364,0.0267626380402808,0.0471471668036819
fish8,12.7,6030,301.5,20.0,26.998078690808303,1.9539097083601489,40.65907516998237,54.89390292315275,711,448.3909669112405,729.2372754337405,26.682296752929688,2.1263525221082897,43.020833333333336,55.36007635792097,0.3157819378786186,1.0825167933186608,0.5314467474004103,0.9502599687973848,0.4875843664250133,0.0390628974737819,within,0.01183488590966,0.081097942112234,0.0548980105766809,0.0084207512965526,0.0390628974737819
fish8,12.7,6031,301.55,20.0,27.03353226738104,1.894697797917032,42.22996936120205,55.43368168928526,726,448.8233366154989,729.969755815082,26.682296752929688,2.1263525221082897,43.020833333333336,55.36007635792097,0.3512355144513499,1.0825167933186608,0.5314467474004103,0.9502599687973848,0.4875843664250133,0.0354552789730609,within,0.0131636162247835,0.1089446466579169,0.0183832787710903,0.0013295742384531,0.0354552789730609
fish8,12.7,6032,301.6,20.0,27.01441268299088,1.9649532589499,43.020833333333336,55.462119185793455,728,448.8225119627211,730.0090157977208,26.682296752929688,2.1263525221082897,43.020833333333336,55.36007635792097,0.3321159300611924,1.0825167933186608,0.5314467474004103,0.9502599687973848,0.4875843664250133,0.0225486478086608,within,0.0124470518087887,0.0759042827942572,0.0,0.0018432566315976,0.0225486478086609
fish8,12.7,6033,301.65,20.0,26.9921150788535,1.9649532589499,43.020833333333336,55.28647102655668,718,448.8431976539706,729.8287704993871,26.682296752929688,2.1263525221082897,43.020833333333336,55.36007635792097,0.3098183259238141,1.0825167933186608,0.5314467474004103,0.9502599687973848,0.4875843664250133,0.0222113096240829,within,0.0116113814636214,0.0759042827942572,0.0,0.001329574238453,0.0222113096240829
fish8,12.7,6034,301.7,20.0,27.27138517245004,1.709179845071882,39.33735729874928,55.54958494783597,686,449.0379718844756,727.4554587923922,26.682296752929688,2.1263525221082897,43.020833333333336,55.36007635792097,0.5890884195203512,1.0825167933186608,0.5314467474004103,0.9502599687973848,0.4875843664250133,0.0768283767264881,within,0.022077875265954,0.1961916816233174,0.0856207504406947,0.0034231995759862,0.0768283767264881
fish8,12.7,6035,301.75,20.0,27.27138517245004,1.709179845071882,39.369858557877954,55.5585453229798,679,449.0087270928089,727.2301723340587,26.682296752929688,2.1263525221082897,43.020833333333336,55.36007635792097,0.5890884195203512,1.0825167933186608,0.5314467474004103,0.9502599687973848,0.4875843664250133,0.0766799714900896,within,0.022077875265954,0.1961916816233174,0.0848652732309241,0.003585055840163,0.0766799714900896
fish8,12.7,6036,301.8,20.0,27.20173571740292,2.076355892860436,43.80086355242173,55.55104128610194,714,448.9939180650311,727.9151679937809,26.682296752929688,2.1263525221082897,43.020833333333336,55.36007635792097,0.5194389644732347,1.0825167933186608,0.5314467474004103,0.9502599687973848,0.4875843664250133,0.0161403424972682,within,0.0194675506866251,0.0235128600399154,0.0181314530345002,0.0034495062280319,0.0161403424972682
fish8,12.7,6037,301.85,20.0,27.26720035090031,1.9072503759102264,41.850788004700746,55.53231573615142,703,449.08487292614217,728.156825979892,26.682296752929688,2.1263525221082897,43.020833333333336,55.36007635792097,0.584903597970623,1.0825167933186608,0.5314467474004103,0.9502599687973848,0.4875843664250133,0.0388176951462725,within,0.0219210363855353,0.1030413084942389,0.0271971795517502,0.0031112561535657,0.0388176951462725
fish8,12.7,6038,301.9,20.0,27.295683513715726,1.9072503759102264,42.08913057164443,55.734520230593134,684,449.0562965372533,727.7487313618363,26.682296752929688,2.1263525221082897,43.020833333333336,55.36007635792097,0.6133867607860388,1.0825167933186608,0.5314467474004103,0.9502599687973848,0.4875843664250133,0.0386126600232839,within,0.0229885293033737,0.1030413084942389,0.0216570133467638,0.0067637889487591,0.0386126600232839
fish8,12.7,6039,301.95,20.0,27.51669741739132,1.917077644429685,40.10655376479476,55.77341594373982,670,449.1086403250801,727.62983166008,26.682296752929688,2.1263525221082897,43.020833333333336,55.36007635792097,0.8344006644616258,1.0825167933186608,0.5314467474004103,0.9502599687973848,0.4875843664250133,0.0512247139825327,within,0.031271695693513,0.0984196531396908,0.0677411231427852,0.0074663839541419,0.0512247139825327
fish8,12.7,6040,302.0,20.0,27.725385236379303,1.917077644429685,40.25822630739528,56.05623458550481,658,449.0979632417468,727.4892196809132,26.682296752929688,2.1263525221082897,43.020833333333336,55.36007635792097,1.0430884834496157,1.0825167933186608,0.5314467474004103,0.9502599687973848,0.4875843664250133,0.0535758039480108,within,0.0390929046741482,0.0984196531396908,0.0642155628305213,0.0125750951476828,0.0535758039480108
fish9,14.0,3048,152.4,20.0,27.805900974148607,1.5344785986016751,22.85069184996833,53.54695892054634,329,456.6229244519648,719.4176542399078,25.881115383572048,1.950888951619466,39.18441358024691,53.402549650934006,1.9247855905765583,1.1274479916142497,0.5075646694255317,0.9226224846455152,0.3263625425245512,0.1768408048167579,fill,0.0743702719936989,0.2134464663773515,0.416842316571314,0.0027041643246673,0.1768408048167579
