FishID,Weight (g),FrameIndex,Timestamp (s),FPS_Top,FPS_Front,Length (cm),Width (cm),Height (cm),Area (cm²),Perimeter (cm),TopMaskPixels,FrontMaskPixels,BlurTop,BlurFront,Score,VisScore_Top_Raw,VisScore_Front_Raw,VisScore_Top_Enhanced,VisScore_Front_Enhanced,Volume (cm³),Surface Area (cm²),Aspect Ratio,Elongation,Compactness,Condition Factor (K),Rectangularity,Equivalent Diameter (cm)
fish01,67.49,3460,173.0,20.0,20.0,15.578833008986292,5.563868931780819,5.007482038602737,86.67858497210032,42.28540388153422,2701,7951,27.930589100402077,10.277604163953995,92.22819326435608,87.2,65.4,65.8,50.1,227.26357564269932,211.9630389594675,2.8,0.6428571428571428,0.6091730907237827,1.7849853738376682,1.0,10.505360634845676
fish01,67.49,3680,184.0,20.0,20.0,15.773568421598622,5.63341729342808,5.070075564085272,88.85909312530474,42.8139714300534,2629,5237,27.685743948854043,10.393095619191064,90.6588395680451,87.0,65.2,65.8,49.9,235.8929334045543,217.29523415829166,2.8,0.6428571428571428,0.6091730907237828,1.719687625540532,1.0,10.636677642781247
fish01,67.49,3690,184.5,20.0,20.0,16.11216248085117,5.754343743161132,5.178909368845019,92.71492136048147,43.7330124480246,2534,5241,27.60097854207356,10.41035794470045,88.69133648677402,87.0,65.2,65.7,49.9,251.41232684820605,226.72424215025234,2.8,0.6428571428571428,0.6091730907237826,1.6135332885773475,1.0,10.865003647637485
fish01,67.49,3750,187.5,20.0,20.0,16.986235839102147,6.066512799679338,5.459861519711405,103.04721713628507,46.10549727756297,2690,9547,28.08655166731469,10.32827147419188,92.21482314150656,87.1,65.1,65.7,49.9,294.58899433977587,251.9907461289725,2.8,0.6428571428571428,0.6091730907237827,1.377044513958937,1.0,11.454422370107935
fish01,67.49,3685,184.25,20.0,20.0,15.511234539912437,5.539726621397299,4.985753959257569,85.9279989114902,42.10192232261947,2517,5300,27.57315746701088,10.401926915105186,88.31508438211607,87.0,65.2,65.7,50.0,224.31802015341583,210.12756249825458,2.8,0.6428571428571428,0.6091730907237825,1.8084242997991324,1.0,10.459776585284667
fish01,67.49,3465,173.25,20.0,20.0,16.163039246823278,5.7725140167225995,5.19526261505034,93.30137060512486,43.871106527091754,2688,7564,27.92873136543934,10.284251301405163,91.9729826668445,87.2,65.4,65.8,50.1,253.80148071486738,228.15833990496432,2.8,0.6428571428571428,0.6091730907237826,1.5983443334753784,1.0,10.899311658652389
fish01,67.49,3695,184.75,20.0,20.0,15.822142331968092,5.650765118560033,5.0856886067040294,89.40720999037738,42.94581490105625,2493,5533,27.69389984581088,10.402656164169311,87.95655600998019,87.0,65.2,65.7,50.0,238.07891247981158,218.6355942537308,2.8,0.6428571428571428,0.6091730907237825,1.7038978979823243,1.0,10.669432756439734
fish01,67.49,2600,130.0,20.0,20.0,16.455668308247148,5.877024395802553,5.289321956222298,96.71036409680342,44.665385408099404,2560,6781,27.54955994780741,10.283860615878634,89.03342056368605,87.1,65.2,65.5,50.1,267.83766093696846,236.4946621986636,2.8,0.6428571428571428,0.6091730907237826,1.5145822178597026,1.0,11.096641832274566
fish01,67.49,2605,130.25,20.0,20.0,16.52849351668235,5.903033398815126,5.312730058933613,97.56824926107518,44.86305383099495,2562,6690,27.59418263406636,10.308479741149478,89.14266237521585,87.1,65.2,65.5,50.1,271.40939963744756,238.5925269314095,2.8,0.6428571428571428,0.6091730907237826,1.4946503660895971,1.0,11.145750457900009
fish01,67.49,2610,130.5,20.0,20.0,16.622038482688133,5.936442315245762,5.342798083721187,98.6757726142733,45.11696159586779,2559,6711,27.66725120018853,10.316552671549054,89.1638038717376,87.1,65.2,65.6,50.1,276.0437505067212,241.30085466585533,2.8,0.6428571428571428,0.6091730907237826,1.4695574805936118,1.0,11.208831152256144
fish01,67.49,2475,123.75,20.0,20.0,15.9371632836101,5.691844029860751,5.122659626874676,90.7118476887321,43.2580146269417,2808,4142,28.33968663729445,10.306145831807454,94.80583246910192,87.4,65.1,66.0,49.9,243.30897866299455,221.825943650567,2.8,0.6428571428571428,0.6091730907237827,1.6672716344354412,1.0,10.746995470981027
fish01,67.49,3455,172.75,20.0,20.0,15.384097596373964,5.494320570133559,4.944888513120203,84.52516387669972,41.756836333015045,2522,8005,27.92824540623795,10.27696939797931,88.64521480421726,87.2,65.2,65.8,50.1,218.84727748300944,206.69708221031823,2.8,0.6428571428571428,0.6091730907237828,1.8536312774544934,1.0,10.374043626910105
fish01,67.49,3450,172.5,20.0,20.0,14.41042053331232,5.146578761897258,4.631920885707532,74.16436426675335,39.11399859041916,2600,7878,27.96150904337565,10.273391924370658,90.23490096774631,87.0,65.2,65.7,50.1,179.86846714108825,181.36087520969443,2.8,0.6428571428571428,0.6091730907237827,2.255326711657962,1.0,9.717458587232251
fish01,67.49,2430,121.5,20.0,20.0,15.384097596373964,5.494320570133559,4.944888513120203,84.52516387669972,41.756836333015045,2822,3950,28.1976467700346,10.28499336136712,94.92264013140172,87.4,65.3,66.0,49.7,218.84727748300944,206.69708221031823,2.8,0.6428571428571428,0.6091730907237828,1.8536312774544934,1.0,10.374043626910105
fish01,67.49,3755,187.75,20.0,20.0,16.95566877383202,6.055595990654293,5.450036391588864,102.67667984567937,46.022529528972626,2471,9496,28.07725094248453,10.334700507100424,87.83195144958496,87.1,65.1,65.7,49.9,293.00149844302234,251.08463754182984,2.8,0.6428571428571428,0.6091730907237826,1.3845054058901156,1.0,11.433809911907355
fish01,67.49,3715,185.75,20.0,20.0,15.96830383421095,5.70296565507534,5.1326690895678055,91.06668833631291,43.34253897857258,2411,6041,27.623209778886952,10.3734634897444,86.21667326863135,86.8,65.1,65.7,50.0,244.73801401360123,222.69366780679056,2.8,0.6428571428571428,0.6091730907237827,1.6575363666460259,1.0,10.767994650716817
fish01,67.49,2420,121.0,20.0,20.0,15.17987293296547,5.421383190344811,4.87924487131033,82.29590795034918,41.20251224662056,2847,4168,28.1167093457634,10.265621604654523,95.32233095041792,87.4,65.3,66.0,49.7,210.2468402781138,201.24567964162435,2.8,0.6428571428571428,0.6091730907237828,1.9294566234225452,1.0,10.236327679996837
fish01,67.49,2460,123.0,20.0,20.0,15.543360118425898,5.551200042294964,4.996080038065467,86.2843013468117,42.18912032144172,2823,3539,28.323119898647736,10.29033528593911,95.07345518458683,87.6,65.1,66.0,50.0,225.71467526267034,210.99886129718757,2.8,0.6428571428571428,0.6091730907237828,1.7972343094492573,1.0,10.481440004341298
fish01,67.49,2615,130.75,20.0,20.0,17.09195771124937,6.10427061116049,5.493843550044441,104.33393514397744,46.392456644819724,2471,6422,27.60193426581488,10.3274673731486,87.34940163896349,87.1,65.2,65.5,50.1,300.1238423733907,255.13727487401525,2.8,0.6428571428571428,0.6091730907237826,1.351649223601421,1.0,11.525714384937093
fish01,67.49,3765,188.25,20.0,20.0,17.502518236654325,6.250899370233688,5.6258094332103195,109.40648022300616,47.50683521377603,2626,9915,28.097497744788654,10.281145808919272,90.89864355370791,87.1,65.0,65.7,49.8,322.27505082763867,267.54163138901714,2.8,0.6428571428571428,0.6091730907237827,1.2587451541361407,1.0,11.802569934985216
fish01,67.49,2415,120.75,20.0,20.0,14.605155945924649,5.216127123544518,4.694514411190066,76.18235007313505,39.642566138938335,2672,4177,28.13509044413625,10.26580390115314,91.8408943452894,87.4,65.3,66.1,49.8,187.2594159653589,186.2956397104695,2.8,0.6428571428571428,0.6091730907237826,2.166311138144915,1.0,9.84877559516782
fish01,67.49,2620,131.0,20.0,20.0,16.593936215769475,5.926405791346241,5.333765212211617,98.34239969036634,45.04068401423143,2378,6446,27.59979035373264,10.294690678649475,85.45448103238212,87.1,65.2,65.5,50.1,274.6460253154176,240.485627489721,2.8,0.6428571428571428,0.6091730907237826,1.4770363345414719,1.0,11.189880795161557
fish01,67.49,2455,122.75,20.0,20.0,15.025700464652012,5.366321594518576,4.829689435066719,80.63274087622989,40.78404411834117,2675,3393,28.34730816507221,10.253994139766698,92.10130230483892,87.6,65.0,65.9,50.0,203.90564542794004,197.17858570554867,2.8,0.6428571428571428,0.6091730907237828,1.9894601626987773,1.0,10.132363706657953
fish01,67.49,3445,172.25,20.0,20.0,14.37574992792962,5.134196402832008,4.620776762548807,73.80792356798875,39.01989266152326,2698,7835,27.83432179512683,10.377369771152074,92.1716915662789,87.1,65.2,65.7,50.1,178.57333001485864,180.48923830257024,2.7999999999999994,0.6428571428571428,0.6091730907237827,2.271683898679129,1.0,9.694078966129464
fish01,67.49,3470,173.5,20.0,20.0,16.90776937729713,6.038489063320403,5.434640156988364,102.09738046995234,45.89251688123507,2901,7327,27.879976853189348,10.311923821502262,96.2119006746916,87.2,65.4,65.7,50.1,290.52533810032077,249.66802401282558,2.8,0.6428571428571428,0.6091730907237825,1.3963056068734023,1.0,11.401509646893906
fish01,67.49,3760,188.0,20.0,20.0,17.846177092519387,6.3736346758997815,5.7362712083098035,113.7450131491299,48.43962353683834,2623,9688,28.076074133677544,10.272259094068737,90.80833322774627,87.1,65.0,65.7,49.9,341.63366807874314,278.15104112895347,2.8,0.6428571428571428,0.6091730907237825,1.1874185609679657,1.0,12.034311312156307
fish01,67.49,2450,122.5,20.0,20.0,14.799891358536978,5.285675485191779,4.757107936672601,78.22742293732055,40.17113368745751,2512,3285,28.434048234934867,10.24361328086853,88.91766151580339,87.3,65.0,65.9,50.0,194.85010816665937,191.2966426609195,2.8,0.6428571428571428,0.6091730907237827,2.0819190830589505,1.0,9.980092603103392
fish01,67.49,2410,120.5,20.0,20.0,14.020949708087665,5.007482038602737,4.506733834742464,70.20965382740128,38.0568634933808,2575,4219,28.24938750796848,10.252900260066982,90.00228776803546,87.5,65.3,66.1,49.7,165.67514664352785,171.69006155716875,2.8,0.6428571428571428,0.6091730907237828,2.448539607459077,1.0,9.45482457136111
fish01,67.49,1820,91.0,20.0,20.0,16.825521775163907,6.009114919701395,5.408203427731256,101.10649393089814,45.669273389730606,2406,13231,28.07339378858024,10.477594270483657,86.6709880590639,87.3,65.6,65.9,50.3,286.30615990735635,247.2449189038813,2.8,0.6428571428571428,0.6091730907237827,1.4168823984071242,1.0,11.346047166407569
fish01,67.49,2440,122.0,20.0,20.0,15.189362183761634,5.424772208486298,4.8822949876376684,82.39882983910286,41.22826878449587,2813,3465,28.27028114735168,10.241461457983654,94.77174260533532,87.3,65.1,66.0,49.8,210.64137568045743,201.49736391084377,2.8,0.6428571428571428,0.6091730907237826,1.9258427135590748,1.0,10.242726618974533
fish01,67.49,2470,123.5,20.0,20.0,15.850073741858168,5.660740622092203,5.094666559882983,89.7231562936935,43.02162872790074,3025,3954,28.280810793257345,10.286770833163787,99.06758162642112,87.5,65.1,66.0,49.9,239.34200803338211,219.40820652722894,2.8,0.6428571428571428,0.6091730907237828,1.6949058038808182,1.0,10.688267898569167
fish01,67.49,1815,90.75,20.0,20.0,17.22733590641871,6.1526199665781105,5.5373579699203,105.99325086877975,46.75991174599364,2435,13174,28.064682383426614,10.44298811302185,87.20767049644847,87.3,65.5,65.9,50.3,307.31194030896506,259.19495075480563,2.8,0.6428571428571428,0.6091730907237825,1.3200338331157075,1.0,11.6170047121091
fish01,67.49,2445,122.25,20.0,20.0,14.970394787356376,5.346569566912992,4.811912610221693,80.0402571747525,40.63392870853873,2832,3478,28.162051726447203,10.249934694035847,95.05198642048305,87.2,65.1,65.9,49.8,201.66235249664683,195.72973134389144,2.8,0.6428571428571428,0.6091730907237828,2.011590926645636,1.0,10.09506912337242
fish01,67.49,1805,90.25,20.0,20.0,17.50475126373224,6.2516968799043715,5.626527191913935,109.43439885897693,47.51289628727322,2785,12370,28.15839334370177,10.433469894366796,94.29186323806856,87.4,65.7,65.9,50.3,322.3984172011474,267.60990337252815,2.8,0.6428571428571428,0.6091730907237827,1.2582634928854888,1.0,11.804075744486308
fish01,67.49,1810,90.5,20.0,20.0,17.961420901155197,6.414793178984,5.7733138610856,115.218800281591,48.75242816027839,2634,12949,28.161357775860072,10.448730331039432,91.2900881068995,87.4,65.7,65.9,50.2,348.2949192993242,281.7550270440023,2.8,0.6428571428571428,0.6091730907237827,1.1647088029430692,1.0,12.112024307086928
fish01,67.49,3475,173.75,20.0,20.0,17.270076906403688,6.167884609429889,5.5510961484869,106.51984155467785,46.875923031667156,3031,7038,27.84334512922499,10.310758462259509,98.7741035914845,87.1,65.4,65.7,50.1,309.604941524495,260.4826709235951,2.8,0.6428571428571428,0.6091730907237826,1.3102573768066748,1.0,11.645826487044177
fish13,13.88,1275,63.75,20.0,20.0,9.340175810156516,3.335777075055899,3.0021993675503094,31.156744344511768,25.351905770424832,1442,736,25.226296518113877,9.46530921723048,63.53160573534436,86.7,62.4,65.4,48.5,48.9767792467134,76.19042486066891,2.8,0.6428571428571428,0.6091730907237827,1.703430084148373,1.0,6.29841241779514
fish13,13.88,1350,67.5,20.0,20.0,9.313383199504775,3.3262082855374198,2.993587456983678,30.978252364577788,25.279182970084392,1438,1796,24.707246034673997,9.390729157129924,62.85797519180392,86.3,62.2,65.4,48.4,48.55651245483131,75.75394216417733,2.8,0.6428571428571428,0.6091730907237826,1.7181736285354703,1.0,6.280345208455185
fish13,13.88,1355,67.75,20.0,20.0,9.313383199504775,3.3262082855374198,2.993587456983678,30.978252364577788,25.279182970084392,1438,1796,24.70768006245177,9.390820304192436,62.85850036664421,86.3,62.2,65.4,48.4,48.55651245483131,75.75394216417733,2.8,0.6428571428571428,0.6091730907237826,1.7181736285354703,1.0,6.280345208455185
fish13,13.88,1360,68.0,20.0,20.0,9.313383199504775,3.3262082855374198,2.993587456983678,30.978252364577788,25.279182970084392,1438,1796,24.70644299163818,9.392613923380113,62.8590569150183,86.3,62.2,65.4,48.4,48.55651245483131,75.75394216417733,2.8,0.6428571428571428,0.6091730907237826,1.7181736285354703,1.0,6.280345208455185
fish13,13.88,1365,68.25,20.0,20.0,9.313383199504775,3.3262082855374198,2.993587456983678,30.978252364577788,25.279182970084392,1438,1796,24.70808361663818,9.41021157963011,62.8782951962683,86.3,62.4,65.4,48.4,48.55651245483131,75.75394216417733,2.8,0.6428571428571428,0.6091730907237826,1.7181736285354703,1.0,6.280345208455185
fish13,13.88,1370,68.5,20.0,20.0,9.313383199504775,3.3262082855374198,2.993587456983678,30.978252364577788,25.279182970084392,1438,1766,24.609715561082627,9.402119131713444,62.77183469279608,86.2,62.4,65.4,48.4,48.55651245483131,75.75394216417733,2.8,0.6428571428571428,0.6091730907237826,1.7181736285354703,1.0,6.280345208455185
fish13,13.88,1325,66.25,20.0,20.0,9.796376705035838,3.498705966084228,3.148835369475805,34.27464162391744,26.590165342240134,1437,1303,24.85190865516192,9.398258442083996,62.99016709724592,85.9,62.4,65.4,48.3,56.50950457713366,83.81490307197109,2.8,0.6428571428571428,0.6091730907237826,1.4763626016163003,1.0,6.606044890643531
fish13,13.88,1295,64.75,20.0,20.0,9.667562391190668,3.4527008539966673,3.1074307685970006,33.37920092413008,26.24052649037467,1443,1383,25.153622789001464,9.467167940097385,63.48079072909885,86.6,62.6,65.4,48.5,54.309526913307856,81.62520036747942,2.8,0.6428571428571428,0.6091730907237827,1.5361672976219976,1.0,6.519180821871941
fish13,13.88,1290,64.5,20.0,20.0,9.667562391190668,3.4527008539966673,3.1074307685970006,33.37920092413008,26.24052649037467,1443,1394,25.15126167789035,9.46675127343072,63.47801295132107,86.6,62.5,65.4,48.5,54.309526913307856,81.62520036747942,2.8,0.6428571428571428,0.6091730907237827,1.5361672976219976,1.0,6.519180821871941
fish13,13.88,1375,68.75,20.0,20.0,9.22706771437799,3.295381326563568,2.965843193907211,30.406706644898808,25.044898081883115,1435,1766,24.6108527138604,9.400348298380113,62.71120101224051,86.2,62.4,65.4,48.4,47.218935522806795,74.35628935654987,2.8,0.6428571428571428,0.6091730907237827,1.766844556528582,1.0,6.222139609928935
fish13,13.88,1335,66.75,20.0,20.0,9.796376705035838,3.498705966084228,3.148835369475805,34.27464162391744,26.590165342240134,1450,1927,24.861531095358767,9.391712217161391,63.25324331252016,85.9,62.4,65.4,48.3,56.50950457713366,83.81490307197109,2.8,0.6428571428571428,0.6091730907237826,1.4763626016163003,1.0,6.606044890643531
fish13,13.88,1260,63.0,20.0,20.0,9.124078068974802,3.258599310348144,2.9327393793133294,29.731714503123914,24.76535475864589,1443,951,25.26226843516032,9.42423499848048,63.5465034336408,86.5,62.5,65.4,48.5,45.65538893727947,72.70566959054402,2.8,0.6428571428571428,0.6091730907237826,1.8273531588605643,1.0,6.152690032672971
fish13,13.88,1305,65.25,20.0,20.0,9.96938876074882,3.560495985981722,3.20444638738355,35.49596866533747,27.059769493461086,1439,1347,25.07511638031006,9.414029925494724,63.26914630580478,86.2,62.5,65.4,48.3,59.55670532260531,86.80152533104571,2.8,0.6428571428571428,0.6091730907237827,1.4008249573516822,1.0,6.7227130671617905
fish13,13.88,1330,66.5,20.0,20.0,9.796376705035838,3.498705966084228,3.148835369475805,34.27464162391744,26.590165342240134,1451,1944,24.86444776202543,9.394010394244726,63.27845815627016,85.9,62.4,65.4,48.3,56.50950457713366,83.81490307197109,2.8,0.6428571428571428,0.6091730907237826,1.4763626016163003,1.0,6.606044890643531
fish13,13.88,1300,65.0,20.0,20.0,9.96938876074882,3.560495985981722,3.20444638738355,35.49596866533747,27.059769493461086,1438,1347,25.196908673020356,9.422975231764052,63.37988390478441,86.6,62.6,65.5,48.3,59.55670532260531,86.80152533104571,2.8,0.6428571428571428,0.6091730907237827,1.4008249573516822,1.0,6.7227130671617905
fish13,13.88,1255,62.75,20.0,20.0,9.092063176101597,3.2471654200362847,2.9224488780326565,29.52343314222238,24.678457192275765,1441,970,25.264147764681592,9.421162081813812,63.50530984649541,86.5,62.5,65.4,48.5,45.17648147668163,72.19634020740385,2.8,0.6428571428571428,0.6091730907237825,1.8467245891340145,1.0,6.131101252876373
fish13,13.88,1340,67.0,20.0,20.0,9.796376705035838,3.498705966084228,3.148835369475805,34.27464162391744,26.590165342240134,1455,1848,24.856756789803217,9.391998675494722,63.34875546529794,85.9,62.4,65.4,48.3,56.50950457713366,83.81490307197109,2.8,0.6428571428571428,0.6091730907237826,1.4763626016163003,1.0,6.606044890643531
fish13,13.88,1310,65.5,20.0,20.0,9.96938876074882,3.560495985981722,3.20444638738355,35.49596866533747,27.059769493461086,1449,1347,25.062351615547843,9.407386044300926,63.449737659848765,86.2,62.5,65.4,48.3,59.55670532260531,86.80152533104571,2.8,0.6428571428571428,0.6091730907237827,1.4008249573516822,1.0,6.7227130671617905
fish13,13.88,1320,66.0,20.0,20.0,9.96606299154462,3.559308211265936,3.2033773901393423,35.47228983979832,27.05074240562111,1451,1347,25.06521173681565,9.403304015000662,63.48851575181631,86.3,62.5,65.4,48.3,59.49712119197232,86.74362134216675,2.8,0.6428571428571428,0.6091730907237827,1.4022278308954874,1.0,6.720470382818346
fish13,13.88,1315,65.75,20.0,20.0,9.96938876074882,3.560495985981722,3.20444638738355,35.49596866533747,27.059769493461086,1452,1347,25.064222235616043,9.402965473333996,63.50718770895004,86.3,62.5,65.4,48.3,59.55670532260531,86.80152533104571,2.8,0.6428571428571428,0.6091730907237827,1.4008249573516822,1.0,6.7227130671617905
fish14,12.32,4165,208.25,20.0,20.0,7.789416504493146,2.7819344658904095,2.5037410193013687,21.66964624302508,21.14270194076711,976,268,25.17932658403184,9.31699533461465,54.01632191864648,86.5,62.6,65.2,48.3,28.407946955337415,52.99075973986689,2.8,0.6428571428571428,0.6091730907237827,2.6067292701947045,1.0,5.252680317422838
fish14,12.32,3980,199.0,20.0,20.0,7.20521026665616,2.573289380948629,2.315960442853766,18.541091066688338,19.55699929520958,1028,683,24.768046194947804,9.481803310648596,54.8098495055964,86.4,62.5,65.2,48.5,22.48355839263603,45.34021880242361,2.8,0.6428571428571428,0.6091730907237827,3.2935990620982185,1.0,4.8587292936161255
fish14,12.32,3970,198.5,20.0,20.0,7.399945679268489,2.6428377425958893,2.3785539683363006,19.55685573433014,20.085566843728756,1040,729,24.74640569269628,9.473105393981934,55.01951108667822,86.4,62.5,65.3,48.5,24.35626352083242,47.824160665229876,2.8,0.6428571428571428,0.6091730907237827,3.0403607175328227,1.0,4.990046301551696
fish14,12.32,905,45.25,20.0,20.0,7.010474854043832,2.5037410193013687,2.253366917371232,17.55241345685032,19.0284317466904,954,444,25.17411407666619,9.058036983479392,53.31215106014558,86.5,62.8,65.3,48.5,20.70939333044098,42.92251538929218,2.8,0.6428571428571428,0.6091730907237828,3.575760315767768,1.0,4.727412285680555
fish14,12.32,4160,208.0,20.0,20.0,8.178887329717803,2.9210311891849297,2.628928070266437,23.89078498293515,22.199837037805466,992,372,25.27140549647955,9.311995321390365,54.42340081786992,86.3,62.6,65.3,48.3,32.88574959417246,58.422312613203225,2.8,0.6428571428571428,0.6091730907237826,2.251790752786701,1.0,5.515314333293979
fish14,12.32,4020,201.0,20.0,20.0,6.815739441431503,2.4341926576541084,2.1907733918886976,16.59082290481608,18.499864198171224,979,334,24.960094671103395,9.508938708453709,54.0490333795571,86.6,62.6,65.3,48.4,19.03110508922018,40.57105042583559,2.8,0.6428571428571428,0.6091730907237826,3.891094420815419,1.0,4.5960952777449835
fish14,12.32,895,44.75,20.0,20.0,7.010474854043832,2.5037410193013687,2.253366917371232,17.55241345685032,19.0284317466904,1106,553,24.957043317159016,9.175846128294204,56.25288944545322,86.3,62.9,65.2,48.4,20.70939333044098,42.92251538929218,2.8,0.6428571428571428,0.6091730907237828,3.575760315767768,1.0,4.727412285680555
fish14,12.32,910,45.5,20.0,20.0,7.344975773176848,2.6232056332774456,2.3608850699497013,19.26738182448387,19.936362812908587,884,898,25.130915413392614,9.076526566812728,51.88744198020535,86.5,62.8,65.3,48.5,23.817499895986884,47.116283746724065,2.8,0.6428571428571428,0.6091730907237827,3.109135180350892,1.0,4.952978140719419
fish14,12.32,3055,152.75,20.0,20.0,8.178887329717803,2.9210311891849297,2.628928070266437,23.89078498293515,22.199837037805466,1040,762,24.851279952418945,9.39167307942708,55.042953031846025,86.5,62.5,65.3,48.3,32.88574959417246,58.422312613203225,2.8,0.6428571428571428,0.6091730907237826,2.251790752786701,1.0,5.515314333293979
fish14,12.32,3050,152.5,20.0,20.0,7.770135660245889,2.7750484500878176,2.497543605079036,21.562502920937437,21.090368220667415,1099,870,25.066770505099832,9.396542871093748,56.44331337619359,86.5,62.5,65.4,48.3,28.197517375981786,52.728752415206245,2.8,0.6428571428571428,0.6091730907237826,2.626182505616356,1.0,5.239678559072589
fish14,12.32,870,43.5,20.0,20.0,7.399945679268489,2.6428377425958893,2.3785539683363006,19.55685573433014,20.085566843728756,897,365,24.89832830582608,9.139501724147795,51.97783002997387,86.4,62.9,65.2,48.4,24.35626352083242,47.824160665229876,2.8,0.6428571428571428,0.6091730907237827,3.0403607175328227,1.0,4.990046301551696
fish14,12.32,4030,201.5,20.0,20.0,7.594681091880817,2.712386104243149,2.4411474938188342,20.599707459775715,20.614134392247934,1124,352,24.932112727393637,9.430973237768807,56.843085965162444,86.2,62.6,65.2,48.4,26.33017196005718,50.37434097771095,2.8,0.6428571428571428,0.6091730907237826,2.812432328469143,1.0,5.121363309487267
fish14,12.32,3060,153.0,20.0,20.0,8.38774667574077,2.9956238127645607,2.6960614314881046,25.126533677285835,22.766740977010663,1018,331,24.87416634830428,9.39921863538954,54.633384983693816,86.5,62.5,65.3,48.3,35.469983442069925,61.4442014537868,2.8,0.6428571428571428,0.6091730907237826,2.087732207587833,1.0,5.65615561137069
fish14,12.32,875,43.75,20.0,20.0,7.789416504493146,2.7819344658904095,2.5037410193013687,21.66964624302508,21.14270194076711,941,250,24.919248473198035,9.140029074086083,52.87927754728412,86.4,62.9,65.2,48.4,28.407946955337415,52.99075973986689,2.8,0.6428571428571428,0.6091730907237827,2.6067292701947045,1.0,5.252680317422838
fish14,12.32,855,42.75,20.0,20.0,7.399945679268489,2.6428377425958893,2.3785539683363006,19.55685573433014,20.085566843728756,850,619,24.96062424647956,9.151825942897792,51.11245018937735,86.4,62.7,65.2,48.4,24.35626352083242,47.824160665229876,2.8,0.6428571428571428,0.6091730907237827,3.0403607175328227,1.0,4.990046301551696
fish14,12.32,860,43.0,20.0,20.0,7.399945679268489,2.6428377425958893,2.3785539683363006,19.55685573433014,20.085566843728756,853,624,24.974070166618443,9.170445734564463,51.2045159011829,86.4,62.9,65.2,48.4,24.35626352083242,47.824160665229876,2.8,0.6428571428571428,0.6091730907237827,3.0403607175328227,1.0,4.990046301551696
fish14,12.32,1675,83.75,20.0,20.0,6.621004028819175,2.364644296006848,2.1281798664061635,15.656319410585622,17.971296649652047,861,1485,25.09114108598497,9.101057694657646,51.41219878064262,86.3,62.6,65.3,48.1,17.446030423946592,38.28582391205383,2.8,0.6428571428571428,0.6091730907237826,4.244623277337193,1.0,4.464778269809412
fish14,12.32,4035,201.75,20.0,20.0,8.373622742330133,2.9905795508321904,2.6915215957489713,25.041984939595864,22.728404586324647,1183,247,24.96736915388696,9.428076102352142,58.055445256239096,86.1,62.6,65.3,48.4,35.29110372778144,61.23744672438368,2.8,0.6428571428571428,0.6091730907237826,2.0983142778932806,1.0,5.6466313412295515
fish14,12.32,865,43.25,20.0,20.0,6.815739441431503,2.4341926576541084,2.1907733918886976,16.59082290481608,18.499864198171224,800,534,24.963909567580988,9.132730890814464,50.09664045839545,86.4,62.9,65.2,48.4,19.03110508922018,40.57105042583559,2.8,0.6428571428571428,0.6091730907237826,3.891094420815419,1.0,4.5960952777449835
fish14,12.32,915,45.75,20.0,20.0,7.20521026665616,2.573289380948629,2.315960442853766,18.541091066688338,19.55699929520958,809,1414,25.12051604047233,9.089101443439064,50.389617483911394,86.4,62.8,65.3,48.4,22.48355839263603,45.34021880242361,2.8,0.6428571428571428,0.6091730907237827,3.2935990620982185,1.0,4.8587292936161255
fish14,12.32,4190,209.5,20.0,20.0,8.178887329717803,2.9210311891849297,2.628928070266437,23.89078498293515,22.199837037805466,1255,243,25.02157474453773,9.380904795328776,59.50247953986651,86.4,62.7,65.3,48.3,32.88574959417246,58.422312613203225,2.8,0.6428571428571428,0.6091730907237826,2.251790752786701,1.0,5.515314333293979
fish14,12.32,4195,209.75,20.0,20.0,9.542035218004104,3.407869720715752,3.0670827486441765,32.51801289343951,25.89980987743971,1270,223,24.920060054901494,9.375989430745442,59.69604948564694,86.4,62.7,65.1,48.3,52.22135236482018,79.51925883463774,2.8,0.6428571428571428,0.6091730907237826,1.4180373253700504,1.0,6.434533388842976
fish15,9.61,3270,163.5,20.0,20.0,7.984151917105475,2.85148282753767,2.5663345447839028,22.766672084078227,21.67126948928629,737,624,24.78457888136499,9.076878237395816,48.60145711876081,87.2,62.8,65.4,48.3,30.592251751700154,55.67341695169765,2.8,0.6428571428571428,0.6091730907237827,1.8881522576344123,1.0,5.383997325358409
fish15,9.61,3295,164.75,20.0,20.0,7.984151917105475,2.85148282753767,2.5663345447839028,22.766672084078227,21.67126948928629,688,794,24.674214352737238,9.38560872089598,47.81982307363321,87.2,63.0,65.4,48.2,30.592251751700154,55.67341695169765,2.8,0.6428571428571428,0.6091730907237827,1.8881522576344123,1.0,5.383997325358409
fish15,9.61,3265,163.25,20.0,20.0,8.178887329717803,2.9210311891849297,2.628928070266437,23.89078498293515,22.199837037805466,767,602,24.81700940602621,9.11301752165688,49.27002692768309,87.2,62.8,65.4,48.5,32.88574959417246,58.422312613203225,2.8,0.6428571428571428,0.6091730907237826,1.756469897263003,1.0,5.515314333293979
fish15,9.61,3280,164.0,20.0,20.0,7.594681091880817,2.712386104243149,2.4411474938188342,20.599707459775715,20.614134392247934,689,1324,24.693185720486117,9.448323567443424,47.92150928792954,87.2,63.0,65.4,48.6,26.33017196005718,50.37434097771095,2.8,0.6428571428571428,0.6091730907237826,2.1937885289438688,1.0,5.121363309487267
fish15,9.61,3290,164.5,20.0,20.0,7.594681091880817,2.712386104243149,2.4411474938188342,20.599707459775715,20.614134392247934,670,1104,24.658654431830517,9.439954417546591,47.49860884937711,87.2,63.0,65.4,48.5,26.33017196005718,50.37434097771095,2.8,0.6428571428571428,0.6091730907237826,2.1937885289438688,1.0,5.121363309487267
fish15,9.61,3285,164.25,20.0,20.0,7.594681091880817,2.712386104243149,2.4411474938188342,20.599707459775715,20.614134392247934,665,1336,24.679114524257333,9.418255208333331,47.39736973259066,87.2,63.0,65.4,48.6,26.33017196005718,50.37434097771095,2.8,0.6428571428571428,0.6091730907237826,2.1937885289438688,1.0,5.121363309487267
fish15,9.61,3260,163.0,20.0,20.0,7.919360703296902,2.8283431083203223,2.54550879748829,22.398669267472574,21.49540762323445,808,617,24.75454409358648,9.100969997151692,50.01551409073818,87.2,62.8,65.4,48.5,29.853512853959995,54.77350614468014,2.8,0.6428571428571428,0.6091730907237827,1.934875453138871,1.0,5.340306307768334
fish15,9.61,3250,162.5,20.0,20.0,8.190239664982169,2.925085594636489,2.63257703517284,23.957152060659727,22.230650519237315,821,617,24.812469556850868,9.100286409335665,50.33275596618653,87.1,63.0,65.6,48.5,33.022876490563824,58.58460607341475,2.8,0.6428571428571428,0.6091730907237826,1.7491761878344696,1.0,5.522969616326479
fish15,9.61,3275,163.75,20.0,20.0,6.879977227038797,2.4571347239424277,2.211421251548185,16.905030944490164,18.67422390196245,677,1041,24.767200459628636,9.234391275776758,47.54159173540539,87.2,62.8,65.4,48.4,19.574292385806178,41.33941196491993,2.8,0.6428571428571428,0.6091730907237827,2.9509536320699015,1.0,4.639413099034887
fish15,9.61,3255,162.75,20.0,20.0,8.190239664982169,2.925085594636489,2.63257703517284,23.957152060659727,22.230650519237315,830,617,24.79266052018153,9.096914013502332,50.48957453368387,87.1,63.0,65.6,48.5,33.022876490563824,58.58460607341475,2.8,0.6428571428571428,0.6091730907237826,1.7491761878344696,1.0,5.522969616326479
fish2,16.0,5970,298.5,20.0,20.0,12.135910914000322,4.334253897857258,3.9008285080715326,52.60011918305433,32.94032962371516,655,492,27.548518189814057,9.984332679229311,50.632850869043374,87.3,64.6,66.0,49.5,107.43411443963461,128.62786252520223,2.8,0.6428571428571428,0.6091730907237827,0.8951644846047218,1.0,8.183675934544782
fish2,16.0,5995,299.75,20.0,20.0,12.135910914000322,4.334253897857258,3.9008285080715326,52.60011918305433,32.94032962371516,614,520,27.442298741018043,9.861461554114022,49.58376029513207,87.2,64.4,66.0,49.4,107.43411443963461,128.62786252520223,2.8,0.6428571428571428,0.6091730907237827,0.8951644846047218,1.0,8.183675934544782
fish2,16.0,5855,292.75,20.0,20.0,12.711411644516952,4.5397898730417685,4.085810885737592,57.70713785584327,34.50240303511744,664,703,27.91071290145685,10.033447260019514,51.22416016147637,87.5,64.4,66.0,49.5,123.45435599614906,141.11652045905657,2.8,0.6428571428571428,0.6091730907237827,0.7790021089601739,1.0,8.571756525446997
fish2,16.0,5965,298.25,20.0,20.0,11.816544837316103,4.220194584755752,3.7981751262801766,49.86811853296495,32.07347884414371,652,558,27.606838627266598,9.981774085479312,50.62861271274591,87.3,64.6,66.0,49.5,99.17371699064756,121.94705249099853,2.8,0.6428571428571428,0.6091730907237827,0.969724707307174,1.0,7.9683160415304455
fish2,16.0,5915,295.75,20.0,20.0,12.135910914000322,4.334253897857258,3.9008285080715326,52.60011918305433,32.94032962371516,670,525,27.43726825853513,10.018834620115486,50.85610287865062,87.4,64.3,65.8,49.5,107.43411443963461,128.62786252520223,2.8,0.6428571428571428,0.6091730907237827,0.8951644846047218,1.0,8.183675934544782
fish2,16.0,5895,294.75,20.0,20.0,11.751483550545306,4.196958410909038,3.7772625698181344,49.32048772812033,31.896883922908685,590,645,27.712397879122516,10.085117172198826,49.59751505132134,87.3,64.4,65.9,49.4,97.54458380903947,120.60788100290779,2.8,0.6428571428571428,0.6091730907237828,0.9859204881082081,1.0,7.924442904145887
fish2,16.0,5880,294.0,20.0,20.0,12.135910914000322,4.334253897857258,3.9008285080715326,52.60011918305433,32.94032962371516,659,788,27.769355357530376,10.118802050103085,51.06815740763346,87.3,64.4,66.0,49.5,107.43411443963461,128.62786252520223,2.8,0.6428571428571428,0.6091730907237827,0.8951644846047218,1.0,8.183675934544782
fish2,16.0,5850,292.5,20.0,20.0,12.072039891576296,4.3114428184201055,3.880298536578095,52.04790969421765,32.7669654199928,587,750,27.93683263027992,10.048613267517087,49.72544589779701,87.5,64.4,66.0,49.5,105.74675632380975,127.27749436409584,2.8000000000000003,0.6428571428571428,0.6091730907237827,0.9094482613427118,1.0,8.140605434700944
fish2,16.0,6075,303.75,20.0,20.0,11.497178760631884,4.106135271654245,3.6955217444888206,47.20897123354462,31.206628064572257,555,609,27.820935139295795,10.022320942083994,48.94325608137979,87.5,64.4,66.1,49.1,91.34797425454865,115.44439739104025,2.8,0.6428571428571428,0.6091730907237827,1.0528006172674529,1.0,7.752956148516109
fish2,16.0,5860,293.0,20.0,20.0,12.323436635434705,4.401227369798109,3.9611046328182984,54.23824660984794,33.44932801046563,575,716,27.60014894068212,10.031725254313152,49.13187419499528,87.0,64.4,65.9,49.5,112.49172543668155,132.63372473093378,2.8,0.6428571428571428,0.6091730907237826,0.8549180244857412,1.0,8.31013119154904
fish2,16.0,5865,293.25,20.0,20.0,11.11393922495384,3.969264008912086,3.5723376080208777,44.114158962845565,30.166406467731854,579,744,27.60667236320589,10.127968736267093,49.314641099472986,87.0,64.5,65.9,49.5,82.51428139128565,107.87637105422858,2.8,0.6428571428571428,0.6091730907237826,1.1655098009673373,1.0,7.494524112592345
fish2,16.0,5905,295.25,20.0,20.0,11.792318023805427,4.211542151359081,3.790387936223173,49.66384441948798,32.007720350329016,674,709,27.53305374522268,10.023313789833914,51.0363675350566,87.4,64.3,65.8,49.5,98.56497547665434,121.44752239498615,2.8,0.6428571428571428,0.6091730907237827,0.9757137686712953,1.0,7.951979040368934
fish2,16.0,5900,295.0,20.0,20.0,12.020121462300882,4.292900522250315,3.863610470025284,51.60118570302368,32.6260439691024,665,723,27.53619605931411,10.117363274086848,50.95355933340096,87.4,64.4,65.8,49.5,104.38825496862289,126.18507949853185,2.8,0.6428571428571428,0.6091730907237826,0.9212837565895458,1.0,8.105594993108925
fish2,16.0,5920,296.0,20.0,20.0,12.268024165067636,4.38143720180987,3.943293481628883,53.75157746952981,33.29892273375501,697,627,27.446530388556592,10.020208304680716,51.40673869323731,87.3,64.3,65.8,49.5,110.98107759288126,131.44362835380872,2.8,0.6428571428571428,0.6091730907237826,0.8665549638480802,1.0,8.27276459390094
fish2,16.0,5950,297.5,20.0,20.0,12.809835663259479,4.574941308306957,4.1174471774762615,58.604246328469436,34.76955394313287,725,572,27.724234737820105,9.99338215907415,52.217616896894256,87.4,64.4,66.0,49.5,126.3443262403913,143.31030152038025,2.8,0.6428571428571428,0.6091730907237827,0.7611833989152654,1.0,8.638127338422823
fish2,16.0,6070,303.5,20.0,20.0,11.177812683947664,3.9920759585527374,3.592868362697464,44.62267728479332,30.339777285000803,539,643,27.836195555962465,10.033476540078055,48.64967209604052,87.5,64.4,66.1,49.1,83.9451388066652,109.11989722532738,2.8,0.6428571428571428,0.6091730907237827,1.145643512518491,1.0,7.5375962555017715
fish2,16.0,6065,303.25,20.0,20.0,11.177812683947664,3.9920759585527374,3.592868362697464,44.62267728479332,30.339777285000803,548,643,27.86985872365693,10.03319334156248,48.86305206521941,87.5,64.4,66.1,49.1,83.9451388066652,109.11989722532738,2.8,0.6428571428571428,0.6091730907237827,1.145643512518491,1.0,7.5375962555017715
fish2,16.0,5925,296.25,20.0,20.0,13.413375220737196,4.790491150263285,4.311442035236956,64.25665529010237,36.40773274200096,680,627,27.450740458001032,10.104521447488994,51.15526190549003,87.3,64.4,65.9,49.6,145.05719985791745,157.13265200447137,2.8,0.6428571428571428,0.6091730907237827,0.6629881438185713,1.0,9.045115506602126
fish2,16.0,6060,303.0,20.0,20.0,10.858446607263446,3.878016645451231,3.490214980906108,42.109236686711085,29.472926505429353,540,653,27.860891546103403,10.061562484698827,48.72245403080223,87.5,64.4,66.1,49.1,76.95346322232466,102.97355199385996,2.8,0.6428571428571428,0.6091730907237827,1.2497319763695882,1.0,7.322236362487436
fish2,16.0,5910,295.5,20.0,20.0,12.446167874491271,4.445059955175454,4.000553959657909,55.323962414292346,33.78245565933345,736,699,27.539494717444896,10.022858060667248,52.28235277811214,87.4,64.3,65.8,49.5,115.88628278454287,135.2887244800694,2.8000000000000003,0.6428571428571428,0.6091730907237826,0.8298756450763272,1.0,8.392893226850848
fish2,16.0,5885,294.25,20.0,20.0,12.625596874483842,4.509141740887086,4.058227566798378,56.93060587034863,34.269477230741856,713,690,27.703478647566424,10.107060514820947,52.07053916238737,87.3,64.4,65.9,49.4,120.97087574390868,139.21759606443646,2.8,0.6428571428571428,0.6091730907237826,0.7949946885142126,1.0,8.513888576899493
fish3,81.9,5800,290.0,20.0,20.0,18.75960699587612,6.699859641384329,6.029873677245896,125.68673379990152,50.918933274520896,2907,6118,27.537727869839145,9.837018225733438,95.51474609557258,87.4,64.1,65.9,49.0,396.8224889300927,307.3532183490513,2.8,0.6428571428571428,0.6091730907237827,1.2405454896748078,1.0,12.65026955138254
fish3,81.9,5765,288.25,20.0,20.0,18.894750448345317,6.748125160123328,6.073312644110995,127.50414089473055,51.285751216937285,2827,5842,27.681679280429417,9.906751294920175,94.1284305753496,87.5,64.0,65.8,49.1,405.460498654529,311.79748945673555,2.8,0.6428571428571428,0.6091730907237827,1.2141166660557974,1.0,12.741401583211116
fish3,81.9,5825,291.25,20.0,20.0,19.081623466216243,6.814865523648659,6.133378971283793,130.0386978951623,51.792977979729805,2879,6012,27.34592194189378,9.839811193678116,94.76573313557188,87.4,64.1,65.9,49.0,417.6101391244031,317.9954725502578,2.8,0.6428571428571428,0.6091730907237826,1.1787940538893675,1.0,12.867416699011104
fish3,81.9,5760,288.0,20.0,20.0,19.247281983990344,6.874029279996552,6.186626351996897,132.30637991829977,52.24262252797379,2854,5871,27.61544223806122,9.90799153263304,94.60343377069428,87.5,64.0,65.8,49.1,428.58137728258237,323.54084195346945,2.8,0.6428571428571428,0.6091730907237827,1.148618150338293,1.0,12.979126123616084
fish3,81.9,5790,289.5,20.0,20.0,18.63544147892169,6.655514813900603,5.989963332510543,124.02845682654106,50.58191258564458,2804,5856,27.45834560816259,9.992451157368553,93.53079676553114,87.3,64.0,65.8,49.0,388.9950960921384,303.29808262177653,2.8,0.6428571428571428,0.6091730907237828,1.2655078528988857,1.0,12.566540331532378
fish3,81.9,5770,288.5,20.0,20.0,19.57206633819352,6.990023692211971,6.291021322990774,136.8092074095171,53.12418006081098,2973,5700,27.509938845486104,9.974606108252203,96.9445449537383,87.4,63.9,65.8,49.0,450.645570219473,334.5520161582153,2.8,0.6428571428571428,0.6091730907237827,1.0923803125458658,1.0,13.198139753680136
fish3,81.9,5775,288.75,20.0,20.0,18.69114532737959,6.675409045492711,6.00786814094344,124.77104058900854,50.7331087457446,2848,5706,27.601101936170792,9.973141261535222,94.53424319770602,87.4,63.9,65.9,49.0,392.4938098604144,305.11399033445116,2.8,0.6428571428571428,0.6091730907237826,1.2542270386858583,1.0,12.604103415780186
fish3,81.9,5755,287.75,20.0,20.0,19.42997420465752,6.9392765016634,6.24534885149706,134.82996342630594,52.73850141264184,2787,5994,27.69068101654053,9.908024082936182,93.33870509947673,87.5,64.0,65.8,49.1,440.9016673067183,329.71199056644184,2.8,0.6428571428571428,0.6091730907237827,1.1165218581523306,1.0,13.102321979312233
fish3,81.9,5795,289.75,20.0,20.0,19.25721694877412,6.877577481705043,6.189819733534539,132.44300164719758,52.26958886095832,2997,5856,27.47093254257013,9.992158188618555,97.40309073118868,87.3,64.0,65.8,49.0,429.2453888216251,323.87493551134645,2.8,0.6428571428571428,0.6091730907237827,1.1468413212199362,1.0,12.985825623372442
fish3,81.9,5835,291.75,20.0,20.0,19.246519813071536,6.873757076096978,6.186381368487281,132.29590175534116,52.24055377833703,3048,5804,27.26783201088611,9.845585934066774,98.0734179449529,87.3,64.1,65.9,49.0,428.5304652638126,323.51521874718236,2.8,0.6428571428571428,0.6091730907237827,1.1487546131421533,1.0,12.978612164684574
fish3,81.9,5805,290.25,20.0,20.0,18.9374528197847,6.763376007065965,6.087038406359368,128.08111403627552,51.40165765370133,2716,6118,27.50910800086128,9.839316402816774,91.66842440367805,87.4,64.1,65.9,49.0,408.21575353037446,313.2084144334092,2.8,0.6428571428571428,0.6091730907237826,1.205921977744371,1.0,12.770197309545374
fish3,81.9,5860,293.0,20.0,20.0,17.72900037089065,6.33178584674666,5.698607262071994,112.2562336253717,48.121572435274615,2862,4126,27.49321898803711,9.960074595122864,94.69329358315996,87.2,63.8,65.9,49.0,334.94832966064985,274.51039295388244,2.8,0.6428571428571428,0.6091730907237827,1.4697083258856778,1.0,11.955294885315558
fish3,81.9,5815,290.75,20.0,20.0,18.28108103021417,6.528957510790776,5.876061759711699,119.35640129759159,49.62007708200989,2733,6035,27.405804877311805,9.834807939645978,91.9006128169578,87.4,64.1,65.9,49.0,367.2236898084843,291.8730796822123,2.8,0.6428571428571428,0.6091730907237827,1.340535380766125,1.0,12.327582490065637
fish3,81.9,5865,293.25,20.0,20.0,17.872138446584234,6.382906588065798,5.7446159292592185,114.07619023352655,48.51009006930006,2820,4122,27.45231603544259,9.950637742741904,93.8029537781845,87.2,63.8,65.9,49.0,343.1267914323907,278.96089861872497,2.8,0.6428571428571428,0.6091730907237827,1.4346776793171379,1.0,12.051817975644056
fish3,81.9,5785,289.25,20.0,20.0,19.85613620534203,7.091477216193582,6.382329494574225,140.8093375018195,53.89522684307122,2906,5747,27.549508846914037,10.008902978674572,95.6784118255886,87.4,63.9,65.9,49.0,470.5538150383944,344.33389862515384,2.8,0.6428571428571428,0.6091730907237827,1.0461637608943646,1.0,13.389698158482757
fish3,81.9,5810,290.5,20.0,20.0,18.754962656125244,6.698200948616159,6.028380853754543,125.62450865451875,50.906327209482804,2708,6118,27.43773628741605,9.831689450062646,91.42942573747872,87.4,64.1,65.9,49.0,396.52783634559285,307.2010535332635,2.8,0.6428571428571428,0.6091730907237828,1.2414673163442569,1.0,12.647137708068888
fish3,81.9,5855,292.75,20.0,20.0,17.480449451414582,6.243017661219494,5.618715895097545,109.13075465123586,47.44693422526815,2878,4031,27.448032408744904,9.93790988498264,94.94594229372754,87.2,63.8,65.9,48.9,321.0575251862399,266.8673745338772,2.8,0.6428571428571428,0.6091730907237828,1.5332964039955048,1.0,11.787688168964443
fish3,81.9,5750,287.5,20.0,20.0,18.395009982586544,6.569646422352338,5.912681780117104,120.84871152123522,49.929312809877764,2735,6095,27.6668094314952,9.908147781785331,92.27495721328052,87.5,64.0,65.9,49.0,374.1322559015459,295.5223617993073,2.8,0.6428571428571428,0.6091730907237825,1.315781628230692,1.0,12.40440883069921
fish3,81.9,5870,293.5,20.0,20.0,17.66693172668971,6.309618473817754,5.678656626435979,111.4715987983984,47.95310040101493,2957,4071,27.358435781898027,9.975328615729012,96.47376439762704,87.4,64.0,65.9,49.0,331.44270235370647,272.59165394294644,2.8,0.6428571428571428,0.6091730907237827,1.485253243917901,1.0,11.913439793148472
fish3,81.9,5780,289.0,20.0,20.0,19.79428298956844,7.0693867819887295,6.362448103789856,139.9334425253995,53.72733954311434,3069,5643,27.59854531971496,10.003479804727766,98.98202512444271,87.4,63.9,65.8,49.0,466.1700775966728,342.1919928583364,2.8,0.6428571428571428,0.6091730907237827,1.0560016022085228,1.0,13.347988337358695
fish3,81.9,5820,291.0,20.0,20.0,19.687968317817692,7.031417256363462,6.328275530727116,138.43432017264044,53.43877114836231,2868,5974,27.39035337931315,9.833743486870665,94.5840968661838,87.4,64.1,65.9,49.0,458.69898013762185,338.5260524214321,2.8,0.6428571428571428,0.6091730907237827,1.0732013153725826,1.0,13.276296576693912
fish3,81.9,5845,292.25,20.0,20.0,19.016082710051844,6.791458110732802,6.112312299659522,129.1469291555474,51.61508164156929,3114,6404,27.2327927514347,9.849983722676177,99.36277647411087,87.4,64.1,65.9,49.0,413.321733423909,315.8147492244366,2.8,0.6428571428571428,0.6091730907237827,1.1910245918253515,1.0,12.823220238378248
fish3,81.9,4995,249.75,20.0,20.0,21.13370106515451,7.547750380412326,6.7929753423710935,159.51190025404034,57.36290289113367,2791,9575,27.44102293226454,10.23871083984375,93.4997337721083,87.1,64.0,65.6,49.3,567.3509014706979,390.06897884787406,2.8,0.6428571428571428,0.6091730907237827,0.8676752739224871,1.0,14.251205537051769
fish3,81.9,5005,250.25,20.0,20.0,21.20126833424923,7.5718815479461545,6.814693393151539,160.53349249315687,57.546299764390774,2429,8535,27.915904635789666,10.235484880987803,86.73138951677745,87.0,63.9,65.9,49.2,572.8100079812347,392.5671714020122,2.8,0.6428571428571428,0.6091730907237827,0.8594059845055726,1.0,14.29676854735827
fish4,61.25,3085,154.25,20.0,20.0,16.702885057186975,5.9653160918524915,5.368784482667243,99.63798901199999,45.33640229807894,2484,9189,26.5928015642331,10.041588503519687,86.31439006775278,87.4,64.1,65.9,49.2,280.0912530579953,243.65385006678883,2.8,0.6428571428571428,0.6091730907237826,1.314412303394295,1.0,11.263348870028222
fish4,61.25,3035,151.75,20.0,20.0,17.297776545020206,6.177777337507217,5.559999603756495,106.86181192908971,46.95110776505484,2336,10683,26.715327708981352,10.174742506567636,83.61007021554899,87.3,64.3,65.9,49.4,311.0970670257366,261.3189222285487,2.8,0.6428571428571428,0.6091730907237827,1.1834100289415361,1.0,11.664505337568704
fish4,61.25,3040,152.0,20.0,20.0,17.591840805484175,6.28280028767292,5.654520258905628,110.52602247339219,47.74928218631419,2501,10575,26.752497973331398,10.170562848398422,86.94306082172983,87.3,64.3,65.8,49.4,327.2343819335011,270.2793500274989,2.8,0.6428571428571428,0.6091730907237827,1.1250510625358696,1.0,11.862803316898171
fish4,61.25,3050,152.5,20.0,20.0,16.93694432921263,6.048908689004511,5.44401782010406,102.45002971815995,45.971706036434284,2259,10506,26.718014503290625,10.136966102430558,82.03498060572119,87.4,64.3,65.9,49.4,292.0318698143402,250.5303893405581,2.8,0.6428571428571428,0.6091730907237826,1.2606685336316525,1.0,11.421183353595803
fish4,61.25,3090,154.5,20.0,20.0,16.94766375061459,6.052737053790926,5.4474633484118336,102.57975235853424,46.00080160881103,2518,8309,26.565843474192672,10.057255827320947,86.98309930151362,87.4,64.1,65.9,49.3,292.586703249942,250.84761192886444,2.8,0.6428571428571428,0.6091730907237827,1.2582779224182905,1.0,11.428411840322603
fish4,61.25,3060,153.0,20.0,20.0,18.032495939332392,6.440177121190141,5.796159409071127,116.13246778644259,48.94534612104506,2589,10746,26.80669055620358,10.091770762083264,88.67846131828685,87.4,64.2,65.9,49.3,352.4460099397085,283.9893014151079,2.8,0.6428571428571428,0.6091730907237827,1.0445724414798532,1.0,12.159952730721495
fish4,61.25,3030,151.5,20.0,20.0,16.33105856301841,5.832520915363718,5.249268823827347,95.25124063883462,44.32715895676425,2431,10328,26.79900846346632,10.105846055094402,85.52485451856072,87.4,64.2,65.9,49.4,261.7990568409038,232.92653470249306,2.8,0.6428571428571428,0.6091730907237828,1.406251777737623,1.0,11.012613053515011
fish4,61.25,3100,155.0,20.0,20.0,16.188069058654026,5.781453235233581,5.203307911710223,93.59056423133995,43.939044587775214,2335,7309,26.67288950346017,10.030344878472222,83.40323438193239,87.2,63.9,65.8,49.5,254.9824057538983,228.86553142037718,2.8,0.6428571428571428,0.6091730907237827,1.4438462450145952,1.0,10.916190150112735
fish4,61.25,3075,153.75,20.0,20.0,18.98801164311232,6.7814327296829715,6.103289456714674,128.7659236282032,51.53888874559058,2627,9641,26.729225453016497,10.00392572631836,89.27315117933486,87.4,64.2,65.9,49.0,411.49402839594654,314.88304170449703,2.8,0.6428571428571428,0.6091730907237826,0.8946797855795577,1.0,12.80429092053817
fish4,61.25,3065,153.25,20.0,20.0,18.8772962885906,6.7418915316395,6.06770237847555,127.26868398829873,51.2383756404602,2323,10602,26.7565819331228,10.11121413624022,83.32779606936302,87.5,64.2,66.0,49.2,404.33789527111537,311.22170523682297,2.8,0.6428571428571428,0.6091730907237826,0.9105141847901728,1.0,12.729631623118745
fish4,61.25,3080,154.0,20.0,20.0,17.72092254772191,6.328900909900682,5.696010818910614,112.1539628365567,48.09964691524518,2214,9558,26.72343997107612,10.034078743987612,81.03751871506373,87.4,64.2,65.9,49.1,334.4907030481339,274.26030087864854,2.8,0.6428571428571428,0.6091730907237827,1.100644609065788,1.0,11.949847722136957
fish4,61.25,3105,155.25,20.0,20.0,15.189362183761634,5.424772208486298,4.8822949876376684,82.39882983910286,41.22826878449587,2227,6723,26.601921518113876,10.036201011562344,81.17812252967622,87.2,63.9,65.8,49.4,210.64137568045743,201.49736391084377,2.8,0.6428571428571428,0.6091730907237826,1.7477828745813209,1.0,10.242726618974533
fish4,61.25,3070,153.5,20.0,20.0,19.24864289736584,6.8745153204878005,6.187063788439021,132.32509049654016,52.246316435707286,2546,10200,26.77509325689622,10.120367793771956,87.81546105066818,87.5,64.1,66.0,49.1,428.67229454106246,323.5865966346955,2.8,0.6428571428571428,0.6091730907237826,0.8588271128804859,1.0,12.980043835860263
fish4,61.25,3055,152.75,20.0,20.0,18.214677074627108,6.505241812366824,5.854717631130142,118.4908789046237,49.43983777398786,2712,10747,26.848582942708333,10.086806587208644,91.17538952991696,87.4,64.2,66.0,49.3,363.236512573814,289.756538938498,2.8,0.6428571428571428,0.6091730907237827,1.013541800861058,1.0,12.282803943391443
fish4,61.25,3140,157.0,20.0,20.0,14.9506793719712,5.339528347132572,4.805575512419315,79.82957631553042,40.580415438207545,2192,4570,26.49609726741461,10.134934758122762,80.47103202553737,87.3,64.0,65.7,49.2,200.86665738850544,195.21453424894952,2.8,0.6428571428571428,0.6091730907237826,1.8328347465875716,1.0,10.081774318262976
fish4,61.25,3135,156.75,20.0,20.0,14.554707065380642,5.1981096662073725,4.678298699586636,75.65696348537185,39.505633463176025,1960,4945,26.56767274840555,10.123922385904525,75.89159513431008,87.3,64.0,65.7,49.3,185.32562619597786,185.01086403252464,2.8,0.6428571428571428,0.6091730907237827,1.9865325516463521,1.0,9.81475612250043
fish4,61.25,3130,156.5,20.0,20.0,19.66188364954961,7.022101303410575,6.319891173069518,138.06773880300938,53.36796990592037,1984,4835,26.750528651183327,10.129195792632634,76.55972444381595,87.4,64.1,65.7,49.3,456.87819826985987,337.6296176081741,2.8,0.6428571428571428,0.6091730907237826,0.8058064282487367,1.0,13.258706758057402
fish4,61.25,3490,174.5,20.0,20.0,16.42186535942699,5.864951914081069,5.278456722672963,96.31345067255293,44.57363454701612,4631,2169,26.265483777006175,10.142991275268129,129.0284750522743,87.1,64.0,65.4,49.3,266.19048672003225,235.52405364944684,2.8,0.6428571428571428,0.6091730907237827,1.3830523908984174,1.0,11.073847302820905
fish4,61.25,3495,174.75,20.0,20.0,16.72755086926118,5.974125310450422,5.37671277940538,99.93248502990016,45.4033523594232,5000,2247,26.31446850857205,10.136637101904553,136.4511056104766,86.9,63.8,65.3,49.3,281.3339519442183,244.37400800355803,2.8,0.6428571428571428,0.6091730907237826,1.3086063255015528,1.0,11.27998190351933
fish5,27.36,6805,340.25,20.0,20.0,14.961776164549336,5.343491487339049,4.809142338605144,79.94812357074167,40.61053530377677,2990,1242,25.435468098280165,9.563157508680552,94.79862560696073,86.8,62.9,65.8,48.5,201.31425519830884,195.50442865000565,2.8,0.6428571428571428,0.6091730907237827,0.8168957440845902,1.0,10.089257279782375
fish5,27.36,6315,315.75,20.0,20.0,14.101987939601178,5.036424264143278,4.53278183772895,71.02359423166325,38.27682440748892,2932,599,25.29964831993197,9.614036422687104,93.55368474261908,86.4,62.9,65.8,48.4,168.56448802306983,173.68046416554998,2.8,0.6428571428571428,0.6091730907237825,0.9756073786582524,1.0,9.509471530268012
fish5,27.36,6815,340.75,20.0,20.0,13.016383179971523,4.648708278561259,4.183837450705133,60.50936824565914,35.330182917065564,2831,1274,25.471904559081285,9.620556598567962,91.71246115764924,86.4,62.9,65.8,48.5,132.55497864038614,147.96906967269604,2.8,0.6428571428571428,0.6091730907237826,1.2406381109321307,1.0,8.777409667852774
fish5,27.36,11170,558.5,20.0,20.0,11.35492857691588,4.0553316346128145,3.649798471151533,46.048001066736035,30.82052042305739,2134,587,25.880206181203587,9.589970607492656,78.15017678869624,86.9,63.3,65.7,48.5,87.99911197014933,112.60537129506471,2.8,0.6428571428571428,0.6091730907237827,1.8688002027888926,1.0,7.657031795296091
fish5,27.36,6320,316.0,20.0,20.0,11.925382309665231,4.259065110594726,3.8331585995352535,50.79097972559874,32.368894840519914,2267,617,25.137899085829,9.644775343057844,80.12267442888685,86.4,62.9,65.7,48.4,101.939383163229,124.20380902424579,2.8,0.6428571428571428,0.6091730907237827,1.6132406651090867,1.0,8.041709016277213
fish5,27.36,4615,230.75,20.0,20.0,17.673214808201685,6.311862431500602,5.680676188350542,111.55090059172834,47.97015447940457,2923,753,25.17932589380712,9.55826158103943,93.19758747484656,86.1,62.8,65.7,48.2,331.7964517626297,272.7855778413876,2.8,0.6428571428571428,0.6091730907237827,0.49564351101834153,1.0,11.91767669825833
fish5,27.36,6800,340.0,20.0,20.0,19.99606365461155,7.141451305218411,6.427306174696571,142.80091488545608,54.27502991965992,4230,1032,25.352503638580703,9.55394202523761,119.50644566381833,86.8,62.9,65.8,48.5,480.5721519781634,349.2040842043766,2.8,0.6428571428571428,0.6091730907237826,0.3422020140329107,1.0,13.484056209335632
fish5,27.36,390,19.5,20.0,20.0,21.199287878430965,7.571174242296774,6.814056818067097,160.50350234021076,57.54092424145548,1273,2571,25.672736749926912,9.59100252210829,60.7237392720352,86.8,62.9,65.6,48.5,572.6495007517483,392.4938337493572,2.8,0.6428571428571428,0.6091730907237827,0.2871787333773477,1.0,14.295433055631756
fish5,27.36,4625,231.25,20.0,20.0,20.50354914376165,7.322696122772018,6.590426510494816,150.14125981808897,55.652490533067336,3189,753,25.079512411988816,9.561526557403145,98.42103896939196,86.3,62.8,65.6,48.2,518.0983385337968,367.15409826416294,2.8,0.6428571428571428,0.6091730907237827,0.31741610822465494,1.0,13.826271706311408
fish5,27.36,385,19.25,20.0,20.0,21.387399981187443,7.638357136138373,6.874521422524536,163.3645992697488,58.051514234651634,1551,3016,25.6149456090103,9.607405548508964,66.24235115751927,86.8,62.9,65.6,48.6,588.0294047342167,399.49033467444366,2.8,0.6428571428571428,0.6091730907237826,0.27966757609577114,1.0,14.422283730396419
fish6,13.78,4765,238.25,20.0,20.0,9.686650828138042,3.4595181529064436,3.1135663376157994,33.51114438080979,26.292337962088972,791,1318,25.66888361181565,9.56243802514606,51.05132163696171,86.8,63.5,65.5,48.6,54.63186222394364,81.94785372018066,2.8,0.6428571428571428,0.6091730907237826,1.516101516565841,1.0,6.532052833143388
fish6,13.78,4760,238.0,20.0,20.0,9.686650828138042,3.4595181529064436,3.1135663376157994,33.51114438080979,26.292337962088972,791,1318,25.64066744060752,9.577506377495665,51.03817381810318,86.5,63.4,65.6,48.6,54.63186222394364,81.94785372018066,2.8,0.6428571428571428,0.6091730907237826,1.516101516565841,1.0,6.532052833143388
fish6,13.78,4755,237.75,20.0,20.0,9.77471213038289,3.4909686179938895,3.1418717561945004,34.123213297090864,26.531361496753558,807,1318,25.64228637271457,9.579244653956096,51.36153102667067,86.5,63.3,65.6,48.7,56.135422713422194,83.44460159151846,2.8,0.6428571428571428,0.6091730907237826,1.4754934614704995,1.0,6.591435698183577
fish6,13.78,4750,237.5,20.0,20.0,9.77471213038289,3.4909686179938895,3.1418717561945004,34.123213297090864,26.531361496753558,807,1318,25.64226904521048,9.581842310206095,51.364111355416576,86.5,63.3,65.6,48.7,56.135422713422194,83.44460159151846,2.8,0.6428571428571428,0.6091730907237826,1.4754934614704995,1.0,6.591435698183577
fish6,13.78,4780,239.0,20.0,20.0,9.46803576121142,3.3814413432897927,3.0432972089608135,32.015607562706535,25.698954209002423,788,1324,25.669773360339505,9.578642456807028,51.008415817146535,86.8,63.4,65.5,48.6,51.01580428791758,78.29068131775887,2.8,0.6428571428571428,0.6091730907237826,1.623564507639324,1.0,6.384632925827459
fish6,13.78,4785,239.25,20.0,20.0,9.46803576121142,3.3814413432897927,3.0432972089608135,32.015607562706535,25.698954209002423,797,1330,25.544039878543813,9.581279175557029,51.06531905410084,86.6,63.4,65.6,48.7,51.01580428791758,78.29068131775887,2.8,0.6428571428571428,0.6091730907237826,1.623564507639324,1.0,6.384632925827459
fish6,13.78,4745,237.25,20.0,20.0,9.74650740124705,3.4808955004453748,3.1328059504008374,33.926573758058396,26.454805803384847,791,1336,25.76194725460476,9.56830723046197,51.15025448506673,86.4,63.3,65.7,48.7,55.650890719633274,82.96374101579117,2.8,0.6428571428571428,0.6091730907237826,1.4883400445074286,1.0,6.572416247175326
fish6,13.78,5900,295.0,20.0,20.0,10.02497904128268,3.5803496576009577,3.222314691840862,35.89293027791322,27.210657397767278,784,1540,26.06130570729573,9.744091705226896,51.48539741252262,86.9,63.6,65.7,49.0,60.558552942628836,87.77225171956361,2.8,0.6428571428571428,0.6091730907237826,1.367725038757201,1.0,6.760199568523193
fish6,13.78,4735,236.75,20.0,20.0,9.74650740124705,3.4808955004453748,3.1328059504008374,33.926573758058396,26.454805803384847,788,1336,25.694408487654325,9.550716081364952,51.00512456901928,86.6,63.5,65.7,48.7,55.650890719633274,82.96374101579117,2.8,0.6428571428571428,0.6091730907237826,1.4883400445074286,1.0,6.572416247175326
fish6,13.78,4740,237.0,20.0,20.0,9.74650740124705,3.4808955004453748,3.1328059504008374,33.926573758058396,26.454805803384847,788,1336,25.735445475241576,9.54940098046197,51.04484645570354,86.6,63.5,65.8,48.7,55.650890719633274,82.96374101579117,2.8,0.6428571428571428,0.6091730907237826,1.4883400445074286,1.0,6.572416247175326
fish6,13.78,5740,287.0,20.0,20.0,9.74650740124705,3.4808955004453748,3.1328059504008374,33.926573758058396,26.454805803384847,808,1210,25.811835320347917,9.808212778207992,51.78004809855591,86.4,63.6,65.7,48.8,55.650890719633274,82.96374101579117,2.8,0.6428571428571428,0.6091730907237826,1.4883400445074286,1.0,6.572416247175326
fish6,13.78,6005,300.25,20.0,20.0,9.74650740124705,3.4808955004453748,3.1328059504008374,33.926573758058396,26.454805803384847,755,885,26.00571105203511,9.637626853423653,50.743337905458766,87.0,63.5,65.6,48.8,55.650890719633274,82.96374101579117,2.8,0.6428571428571428,0.6091730907237826,1.4883400445074286,1.0,6.572416247175326
fish6,13.78,4775,238.75,20.0,20.0,9.46803576121142,3.3814413432897927,3.0432972089608135,32.015607562706535,25.698954209002423,774,1314,25.66974298681566,9.564553910562728,50.71429689737839,86.8,63.5,65.5,48.6,51.01580428791758,78.29068131775887,2.8,0.6428571428571428,0.6091730907237826,1.623564507639324,1.0,6.384632925827459
fish6,13.78,4770,238.5,20.0,20.0,9.46803576121142,3.3814413432897927,3.0432972089608135,32.015607562706535,25.698954209002423,774,1318,25.669630139593423,9.563408077229395,50.71303821682282,86.8,63.5,65.5,48.6,51.01580428791758,78.29068131775887,2.8,0.6428571428571428,0.6091730907237826,1.623564507639324,1.0,6.384632925827459
fish6,13.78,6010,300.5,20.0,20.0,9.74650740124705,3.4808955004453748,3.1328059504008374,33.926573758058396,26.454805803384847,742,779,25.87258615383572,9.624221921274396,50.33680807511011,87.1,63.5,65.6,48.8,55.650890719633274,82.96374101579117,2.8,0.6428571428571428,0.6091730907237826,1.4883400445074286,1.0,6.572416247175326
fish6,13.78,5955,297.75,20.0,20.0,9.74650740124705,3.4808955004453748,3.1328059504008374,33.926573758058396,26.454805803384847,790,1833,26.148666047254014,9.635328625986308,51.583994673240326,86.9,63.4,65.8,49.0,55.650890719633274,82.96374101579117,2.8,0.6428571428571428,0.6091730907237826,1.4883400445074286,1.0,6.572416247175326
fish6,13.78,4660,233.0,20.0,20.0,9.46803576121142,3.3814413432897927,3.0432972089608135,32.015607562706535,25.698954209002423,802,1230,25.992155478677624,9.742421673202514,51.77457715188014,86.8,63.4,65.7,48.8,51.01580428791758,78.29068131775887,2.8,0.6428571428571428,0.6091730907237826,1.623564507639324,1.0,6.384632925827459
fish6,13.78,4650,232.5,20.0,20.0,9.46803576121142,3.3814413432897927,3.0432972089608135,32.015607562706535,25.698954209002423,800,1230,25.99205568546248,9.741282313664756,51.73333799912723,86.8,63.4,65.7,48.8,51.01580428791758,78.29068131775887,2.8,0.6428571428571428,0.6091730907237826,1.623564507639324,1.0,6.384632925827459
fish6,13.78,4655,232.75,20.0,20.0,9.46803576121142,3.3814413432897927,3.0432972089608135,32.015607562706535,25.698954209002423,806,1230,25.989030609338077,9.743059694035848,51.85209030337393,86.8,63.4,65.7,48.8,51.01580428791758,78.29068131775887,2.8,0.6428571428571428,0.6091730907237826,1.623564507639324,1.0,6.384632925827459
fish6,13.78,3045,152.25,20.0,20.0,9.74650740124705,3.4808955004453748,3.1328059504008374,33.926573758058396,26.454805803384847,745,1499,25.787337680223253,9.518968081145816,50.206305761369066,86.8,63.7,65.6,48.6,55.650890719633274,82.96374101579117,2.8,0.6428571428571428,0.6091730907237826,1.4883400445074286,1.0,6.572416247175326
fish6,13.78,4790,239.5,20.0,20.0,9.590579896964556,3.42520710605877,3.0826863954528934,32.84972241430739,26.031574006046654,814,1349,25.545906197988256,9.584098185973696,51.410004383961954,86.6,63.4,65.6,48.7,53.022435461167326,80.33041833980934,2.8,0.6428571428571428,0.6091730907237826,1.5621207975480185,1.0,6.4672687907237325
fish6,13.78,4795,239.75,20.0,20.0,9.590579896964556,3.42520710605877,3.0826863954528934,32.84972241430739,26.031574006046654,814,1333,25.549057239654918,9.582493365987142,51.411550605642056,86.6,63.4,65.6,48.6,53.022435461167326,80.33041833980934,2.8,0.6428571428571428,0.6091730907237826,1.5621207975480185,1.0,6.4672687907237325
fish6,13.78,3050,152.5,20.0,20.0,9.74650740124705,3.4808955004453748,3.1328059504008374,33.926573758058396,26.454805803384847,753,1555,25.688067622714573,9.640973207590315,50.38904083030489,87.0,63.7,65.6,48.8,55.650890719633274,82.96374101579117,2.8,0.6428571428571428,0.6091730907237826,1.4883400445074286,1.0,6.572416247175326
fish6,13.78,3040,152.0,20.0,20.0,9.74650740124705,3.4808955004453748,3.1328059504008374,33.926573758058396,26.454805803384847,741,1438,25.78653036564957,9.51861977297465,50.12515013862422,86.8,63.7,65.6,48.6,55.650890719633274,82.96374101579117,2.8,0.6428571428571428,0.6091730907237826,1.4883400445074286,1.0,6.572416247175326
fish6,13.78,5965,298.25,20.0,20.0,9.74650740124705,3.4808955004453748,3.1328059504008374,33.926573758058396,26.454805803384847,757,1852,26.117242371942968,9.621474469237857,50.878716841180825,86.9,63.6,65.8,49.0,55.650890719633274,82.96374101579117,2.8,0.6428571428571428,0.6091730907237826,1.4883400445074286,1.0,6.572416247175326
fish6,13.78,6015,300.75,20.0,20.0,9.74650740124705,3.4808955004453748,3.1328059504008374,33.926573758058396,26.454805803384847,740,746,25.866570528835712,9.633255126274957,50.299825655110666,87.1,63.5,65.6,48.8,55.650890719633274,82.96374101579117,2.8,0.6428571428571428,0.6091730907237826,1.4883400445074286,1.0,6.572416247175326
fish6,13.78,3035,151.75,20.0,20.0,9.74650740124705,3.4808955004453748,3.1328059504008374,33.926573758058396,26.454805803384847,720,1396,25.68543221744489,9.547903627141318,49.63333584458621,86.5,63.7,65.6,48.6,55.650890719633274,82.96374101579117,2.8,0.6428571428571428,0.6091730907237826,1.4883400445074286,1.0,6.572416247175326
fish6,13.78,4645,232.25,20.0,20.0,9.74650740124705,3.4808955004453748,3.1328059504008374,33.926573758058396,26.454805803384847,767,1180,25.811470546976736,9.700891869057546,50.85236241603428,86.6,63.4,65.8,48.8,55.650890719633274,82.96374101579117,2.8,0.6428571428571428,0.6091730907237826,1.4883400445074286,1.0,6.572416247175326
fish6,13.78,4725,236.25,20.0,20.0,9.74650740124705,3.4808955004453748,3.1328059504008374,33.926573758058396,26.454805803384847,762,1328,25.697377256869096,9.553440689076318,50.490817945945416,86.6,63.5,65.7,48.7,55.650890719633274,82.96374101579117,2.8,0.6428571428571428,0.6091730907237826,1.4883400445074286,1.0,6.572416247175326
fish6,13.78,3030,151.5,20.0,20.0,9.74650740124705,3.4808955004453748,3.1328059504008374,33.926573758058396,26.454805803384847,722,1408,25.68668661564956,9.543756493462457,49.670443109112014,86.5,63.7,65.6,48.6,55.650890719633274,82.96374101579117,2.8,0.6428571428571428,0.6091730907237826,1.4883400445074286,1.0,6.572416247175326
fish6,13.78,4695,234.75,20.0,20.0,9.74650740124705,3.4808955004453748,3.1328059504008374,33.926573758058396,26.454805803384847,770,1355,25.87569689170932,9.741930103291406,51.017626995000725,86.6,63.5,65.7,48.8,55.650890719633274,82.96374101579117,2.8,0.6428571428571428,0.6091730907237826,1.4883400445074286,1.0,6.572416247175326
fish6,13.78,4635,231.75,20.0,20.0,9.384993755609516,3.3517834841462557,3.01660513573163,31.456467068867717,25.47355447951154,787,1121,25.696800498962403,9.654059200021951,51.09085969898436,86.3,63.5,65.8,48.8,49.6851989369929,76.92336413880952,2.8,0.6428571428571428,0.6091730907237828,1.667044732488093,1.0,6.328634750855967
fish6,13.78,4730,236.5,20.0,20.0,9.74650740124705,3.4808955004453748,3.1328059504008374,33.926573758058396,26.454805803384847,759,1328,25.744816145833333,9.556028581364952,50.48084472719828,86.6,63.5,65.8,48.7,55.650890719633274,82.96374101579117,2.8,0.6428571428571428,0.6091730907237826,1.4883400445074286,1.0,6.572416247175326
fish6,13.78,5895,294.75,20.0,20.0,9.46803576121142,3.3814413432897927,3.0432972089608135,32.015607562706535,25.698954209002423,768,1464,25.769282967103557,9.732701755099828,50.86198472220338,86.9,63.6,65.7,49.1,51.01580428791758,78.29068131775887,2.8,0.6428571428571428,0.6091730907237826,1.623564507639324,1.0,6.384632925827459
fish6,13.78,5725,286.25,20.0,20.0,9.46803576121142,3.3814413432897927,3.0432972089608135,32.015607562706535,25.698954209002423,836,843,25.798102582295737,9.813974478816988,52.33207706111273,86.5,63.6,65.7,48.9,51.01580428791758,78.29068131775887,2.8,0.6428571428571428,0.6091730907237826,1.623564507639324,1.0,6.384632925827459
fish6,13.78,5905,295.25,20.0,20.0,9.74650740124705,3.4808955004453748,3.1328059504008374,33.926573758058396,26.454805803384847,758,1545,26.061956861689065,9.680810451242658,50.90276731293172,87.0,63.6,65.7,48.9,55.650890719633274,82.96374101579117,2.8,0.6428571428571428,0.6091730907237826,1.4883400445074286,1.0,6.572416247175326
fish6,13.78,4630,231.5,20.0,20.0,9.393398554559566,3.354785198056988,3.019306678251289,31.512834430286336,25.496367505233106,781,1136,25.698823053637845,9.65627924642563,50.97510230006348,86.3,63.5,65.8,48.8,49.81880633508049,77.06120438191297,2.8,0.6428571428571428,0.6091730907237828,1.662573940721119,1.0,6.334302405421795
fish6,13.78,4415,220.75,20.0,20.0,9.46803576121142,3.3814413432897927,3.0432972089608135,32.015607562706535,25.698954209002423,822,1425,25.76776391825735,9.5762108762953,51.78397479455265,86.3,63.2,65.7,48.8,51.01580428791758,78.29068131775887,2.8,0.6428571428571428,0.6091730907237826,1.623564507639324,1.0,6.384632925827459
fish6,13.78,3020,151.0,20.0,20.0,9.574042244025428,3.419300801437653,3.077370721293888,32.73653031799409,25.986686090926163,747,1330,25.696934022955247,9.548030584451888,50.18496460740713,86.5,63.7,65.6,48.6,52.748618191506864,80.05361939658154,2.8,0.6428571428571428,0.6091730907237826,1.5702297426982306,1.0,6.45611686374183
fish6,13.78,4410,220.5,20.0,20.0,9.46803576121142,3.3814413432897927,3.0432972089608135,32.015607562706535,25.698954209002423,838,1364,25.77541153472147,9.573984310531616,52.10939584525309,86.3,63.2,65.7,48.8,51.01580428791758,78.29068131775887,2.8,0.6428571428571428,0.6091730907237826,1.623564507639324,1.0,6.384632925827459
fish6,13.78,5950,297.5,20.0,20.0,9.46803576121142,3.3814413432897927,3.0432972089608135,32.015607562706535,25.698954209002423,772,1835,26.17373549169847,9.636702323902975,51.25043781560144,86.9,63.4,65.7,49.0,51.01580428791758,78.29068131775887,2.8,0.6428571428571428,0.6091730907237826,1.623564507639324,1.0,6.384632925827459
fish6,13.78,5715,285.75,20.0,20.0,9.46803576121142,3.3814413432897927,3.0432972089608135,32.015607562706535,25.698954209002423,841,908,25.81967808091906,9.709550657653809,52.34922873857287,86.5,63.4,65.7,48.8,51.01580428791758,78.29068131775887,2.8,0.6428571428571428,0.6091730907237826,1.623564507639324,1.0,6.384632925827459
fish6,13.78,5850,292.5,20.0,20.0,9.46803576121142,3.3814413432897927,3.0432972089608135,32.015607562706535,25.698954209002423,805,936,25.883532107204857,9.702001902675631,51.68553400988049,87.1,63.5,65.7,49.1,51.01580428791758,78.29068131775887,2.8,0.6428571428571428,0.6091730907237826,1.623564507639324,1.0,6.384632925827459
fish6,13.78,1630,81.5,20.0,20.0,9.46803576121142,3.3814413432897927,3.0432972089608135,32.015607562706535,25.698954209002423,802,1420,26.201592011157377,9.805178963459865,52.04677097461724,86.9,63.5,65.6,48.6,51.01580428791758,78.29068131775887,2.8,0.6428571428571428,0.6091730907237826,1.623564507639324,1.0,6.384632925827459
fish6,13.78,4640,232.0,20.0,20.0,9.384992693324513,3.3517831047587547,3.0166047942828795,31.456459947769464,25.473551596166537,768,1180,25.691123340277024,9.696835879474216,50.74795921975124,86.3,63.4,65.8,48.8,49.68518206543057,76.92334672493934,2.8,0.6428571428571428,0.6091730907237826,1.6670452985653008,1.0,6.328634034519445
fish6,13.78,4670,233.5,20.0,20.0,9.74650740124705,3.4808955004453748,3.1328059504008374,33.926573758058396,26.454805803384847,760,1237,25.911252564814067,9.725995886060929,50.837248450875,86.7,63.3,65.7,48.8,55.650890719633274,82.96374101579117,2.8,0.6428571428571428,0.6091730907237826,1.4883400445074286,1.0,6.572416247175326
fish6,13.78,4700,235.0,20.0,20.0,9.46803576121142,3.3814413432897927,3.0432972089608135,32.015607562706535,25.698954209002423,754,1328,25.71075403095764,9.628915949492985,50.41966998045062,86.6,63.5,65.7,48.8,51.01580428791758,78.29068131775887,2.8,0.6428571428571428,0.6091730907237826,1.623564507639324,1.0,6.384632925827459
fish6,13.78,1690,84.5,20.0,20.0,9.74650740124705,3.4808955004453748,3.1328059504008374,33.926573758058396,26.454805803384847,867,2268,25.898009573854043,9.751646884112889,52.98965645796693,87.0,63.5,65.5,48.8,55.650890719633274,82.96374101579117,2.8,0.6428571428571428,0.6091730907237826,1.4883400445074286,1.0,6.572416247175326
fish6,13.78,3070,153.5,20.0,20.0,9.464759674259707,3.38027131223561,3.042244181012049,31.993455604104543,25.690061972990634,764,1669,25.64657898220485,9.706360587395562,50.63293956960041,87.0,63.6,65.6,48.8,50.962865835430655,78.23651111567615,2.8,0.6428571428571428,0.6091730907237826,1.6252510099805517,1.0,6.3824237439921445
fish6,13.78,1695,84.75,20.0,20.0,9.74650740124705,3.4808955004453748,3.1328059504008374,33.926573758058396,26.454805803384847,839,2304,25.947176295979823,9.744524519856771,52.4717008158366,87.0,63.5,65.5,48.8,55.650890719633274,82.96374101579117,2.8,0.6428571428571428,0.6091730907237826,1.4883400445074286,1.0,6.572416247175326
fish6,13.78,1665,83.25,20.0,20.0,9.74650740124705,3.4808955004453748,3.1328059504008374,33.926573758058396,26.454805803384847,784,1926,26.00510211520725,9.738993905374736,51.42409602058199,87.1,63.4,65.5,48.7,55.650890719633274,82.96374101579117,2.8,0.6428571428571428,0.6091730907237826,1.4883400445074286,1.0,6.572416247175326
fish6,13.78,4685,234.25,20.0,20.0,9.74650740124705,3.4808955004453748,3.1328059504008374,33.926573758058396,26.454805803384847,743,1262,25.890089300292217,9.745159269958071,50.49524857025029,86.6,63.5,65.7,48.8,55.650890719633274,82.96374101579117,2.8,0.6428571428571428,0.6091730907237826,1.4883400445074286,1.0,6.572416247175326
fish6,13.78,4675,233.75,20.0,20.0,9.74650740124705,3.4808955004453748,3.1328059504008374,33.926573758058396,26.454805803384847,752,1229,25.903266407135387,9.727050573560929,50.67031698069631,86.7,63.3,65.7,48.8,55.650890719633274,82.96374101579117,2.8,0.6428571428571428,0.6091730907237826,1.4883400445074286,1.0,6.572416247175326
fish6,13.78,4405,220.25,20.0,20.0,9.46803576121142,3.3814413432897927,3.0432972089608135,32.015607562706535,25.698954209002423,851,1323,25.773679786889343,9.577167904281616,52.370847691170965,86.3,63.2,65.7,48.8,51.01580428791758,78.29068131775887,2.8,0.6428571428571428,0.6091730907237826,1.623564507639324,1.0,6.384632925827459
fish6,13.78,3055,152.75,20.0,20.0,9.541241007678153,3.407586074170769,3.066827466753692,32.512599988071145,25.897654163697844,752,1545,25.656618116421164,9.648662009673652,50.34528012609481,87.0,63.7,65.6,48.8,52.208313861700134,79.50602216410547,2.8,0.6428571428571428,0.6091730907237826,1.586480065032305,1.0,6.433997824600826
fish6,13.78,4425,221.25,20.0,20.0,9.74650740124705,3.4808955004453748,3.1328059504008374,33.926573758058396,26.454805803384847,835,1486,25.55166586725682,9.644462840175628,51.89612870743245,86.0,63.3,65.6,48.8,55.650890719633274,82.96374101579117,2.8,0.6428571428571428,0.6091730907237826,1.4883400445074286,1.0,6.572416247175326
fish6,13.78,3080,154.0,20.0,20.0,9.58112449814575,3.4218301779091966,3.079647160118277,32.78498094606023,26.005909352109892,812,1717,25.535867192849995,9.68646475791931,51.4623319507693,86.9,63.7,65.6,48.8,52.86576480315412,80.17210013052176,2.8,0.6428571428571428,0.6091730907237826,1.566750230114808,1.0,6.460892679337176
fish6,13.78,4420,221.0,20.0,20.0,9.587301685442835,3.424036316229584,3.0816326846066255,32.827269145605364,26.022676003344838,838,1442,25.758614644198957,9.575810487270354,52.09442513146931,86.3,63.2,65.7,48.8,52.96808232919385,80.27551131669418,2.8,0.6428571428571428,0.6091730907237826,1.5637237658665601,1.0,6.465058176215371
fish6,13.78,4625,231.25,20.0,20.0,9.30795897170409,3.32427106132289,2.991843955190601,30.94217864961667,25.26446006605396,797,1146,25.704756097788863,9.654820913092298,51.29957701088116,86.3,63.5,65.8,48.8,48.47172214428772,75.66572782320515,2.8,0.6428571428571428,0.6091730907237827,1.708778758138224,1.0,6.276687458919076
fish6,13.78,4680,234.0,20.0,20.0,9.74650740124705,3.4808955004453748,3.1328059504008374,33.926573758058396,26.454805803384847,743,1236,25.913787216958884,9.744911904642317,50.5186991216012,86.7,63.5,65.7,48.8,55.650890719633274,82.96374101579117,2.8,0.6428571428571428,0.6091730907237826,1.4883400445074286,1.0,6.572416247175326
fish6,13.78,1700,85.0,20.0,20.0,10.02497904128268,3.5803496576009577,3.222314691840862,35.89293027791322,27.210657397767278,795,2306,26.201835347323957,9.79674147363239,51.89857682095634,87.0,63.5,65.6,48.9,60.558552942628836,87.77225171956361,2.8,0.6428571428571428,0.6091730907237826,1.367725038757201,1.0,6.760199568523193
fish6,13.78,5960,298.0,20.0,20.0,9.46803576121142,3.3814413432897927,3.0432972089608135,32.015607562706535,25.698954209002423,743,1835,26.15113563337914,9.634758956866794,50.64589459024593,86.9,63.4,65.7,49.0,51.01580428791758,78.29068131775887,2.8,0.6428571428571428,0.6091730907237826,1.623564507639324,1.0,6.384632925827459
fish6,13.78,4715,235.75,20.0,20.0,9.46803576121142,3.3814413432897927,3.0432972089608135,32.015607562706535,25.698954209002423,754,1328,25.69462126508172,9.631708918242984,50.40633018332471,86.6,63.5,65.7,48.7,51.01580428791758,78.29068131775887,2.8,0.6428571428571428,0.6091730907237826,1.623564507639324,1.0,6.384632925827459
fish6,13.78,4720,236.0,20.0,20.0,9.46803576121142,3.3814413432897927,3.0432972089608135,32.015607562706535,25.698954209002423,754,1328,25.740831877456475,9.552399022409654,50.37323089986613,86.6,63.5,65.8,48.7,51.01580428791758,78.29068131775887,2.8,0.6428571428571428,0.6091730907237826,1.623564507639324,1.0,6.384632925827459
fish6,13.78,5945,297.25,20.0,20.0,9.46803576121142,3.3814413432897927,3.0432972089608135,32.015607562706535,25.698954209002423,738,1757,26.005828467682267,9.626148967223694,50.39197743490596,86.7,63.4,65.7,49.0,51.01580428791758,78.29068131775887,2.8,0.6428571428571428,0.6091730907237826,1.623564507639324,1.0,6.384632925827459
fish6,13.78,5980,299.0,20.0,20.0,10.303450681318308,3.679803814756539,3.311823433280885,37.91467712227097,27.966508992149695,764,1714,26.148084673827366,9.62068671365314,51.04877138748051,87.2,63.6,65.8,49.0,65.746578836655,92.716213429076,2.8,0.6428571428571428,0.6091730907237827,1.259798618211281,1.0,6.947982889871058
fish6,13.78,6025,301.25,20.0,20.0,9.74650740124705,3.4808955004453748,3.1328059504008374,33.926573758058396,26.454805803384847,806,641,25.828666931133505,9.660751872920992,51.6094188040545,86.7,63.6,65.7,48.8,55.650890719633274,82.96374101579117,2.8,0.6428571428571428,0.6091730907237826,1.4883400445074286,1.0,6.572416247175326
fish6,13.78,4705,235.25,20.0,20.0,9.46803576121142,3.3814413432897927,3.0432972089608135,32.015607562706535,25.698954209002423,755,1328,25.70414816555447,9.631630793242987,50.43577895879746,86.6,63.5,65.7,48.8,51.01580428791758,78.29068131775887,2.8,0.6428571428571428,0.6091730907237826,1.623564507639324,1.0,6.384632925827459
fish6,13.78,4710,235.5,20.0,20.0,9.46803576121142,3.3814413432897927,3.0432972089608135,32.015607562706535,25.698954209002423,755,1328,25.688154195130902,9.631845636992988,50.41999983212389,86.6,63.5,65.7,48.7,51.01580428791758,78.29068131775887,2.8,0.6428571428571428,0.6091730907237826,1.623564507639324,1.0,6.384632925827459
fish6,13.78,4665,233.25,20.0,20.0,9.46803576121142,3.3814413432897927,3.0432972089608135,32.015607562706535,25.698954209002423,747,1230,25.920293532684703,9.72772765689426,50.58802118957896,86.7,63.3,65.7,48.8,51.01580428791758,78.29068131775887,2.8,0.6428571428571428,0.6091730907237826,1.623564507639324,1.0,6.384632925827459
fish6,13.78,3060,153.0,20.0,20.0,9.464758611974702,3.380270932848108,3.042243839563297,31.99344842248189,25.69005908964562,759,1605,25.62878398369684,9.704212149895564,50.5129961335924,86.9,63.6,65.6,48.8,50.96284867585641,78.23649355380013,2.8,0.6428571428571428,0.6091730907237827,1.625251557214784,1.0,6.382423027655622
fish6,13.78,5775,288.75,20.0,20.0,9.189564121175788,3.2819871861342103,2.9537884675207895,30.160031691857622,24.943102614619995,772,959,25.718778512742784,9.66469063838323,50.82346915112601,86.8,63.6,65.6,48.9,46.64550576773086,73.7530726254666,2.8,0.6428571428571428,0.6091730907237828,1.7756790886344438,1.0,6.196849604479592
fish6,13.78,3075,153.75,20.0,20.0,9.215685709419184,3.291316324792566,2.9621846923133095,30.331736819568917,25.0140040684235,783,1704,25.64355814887153,9.70700511864556,51.010563267517085,87.0,63.6,65.6,48.8,47.04441091216222,74.17295881403697,2.8,0.6428571428571428,0.6091730907237826,1.7606225174162815,1.0,6.214464319567271
fish6,13.78,5720,286.0,20.0,20.0,10.02497904128268,3.5803496576009577,3.222314691840862,35.89293027791322,27.210657397767278,851,892,25.786366597323944,9.70845690765381,52.51482350497776,86.5,63.4,65.7,48.8,60.558552942628836,87.77225171956361,2.8,0.6428571428571428,0.6091730907237826,1.367725038757201,1.0,6.760199568523193
fish6,13.78,1660,83.0,20.0,20.0,9.46803576121142,3.3814413432897927,3.0432972089608135,32.015607562706535,25.698954209002423,779,1893,26.004802445305717,9.738209427727591,51.32301187303331,87.1,63.3,65.6,48.7,51.01580428791758,78.29068131775887,2.8,0.6428571428571428,0.6091730907237826,1.623564507639324,1.0,6.384632925827459
fish6,13.78,5915,295.75,20.0,20.0,9.74650740124705,3.4808955004453748,3.1328059504008374,33.926573758058396,26.454805803384847,742,1589,26.04288995918933,9.685787654452854,50.568677613642194,87.0,63.6,65.7,48.9,55.650890719633274,82.96374101579117,2.8,0.6428571428571428,0.6091730907237826,1.4883400445074286,1.0,6.572416247175326
fish6,13.78,5975,298.75,20.0,20.0,10.02497904128268,3.5803496576009577,3.222314691840862,35.89293027791322,27.210657397767278,764,1840,26.135055120604715,9.623147620889876,51.038202741494594,87.2,63.6,65.8,49.0,60.558552942628836,87.77225171956361,2.8,0.6428571428571428,0.6091730907237826,1.367725038757201,1.0,6.760199568523193
fish6,13.78,3010,150.5,20.0,20.0,9.54349730102622,3.40839189322365,3.0675527039012853,32.52797883381955,25.903778388499738,818,1390,25.64361786265432,9.53550128678216,51.53911914943648,86.9,63.6,65.5,48.6,52.24536097009234,79.54362945639768,2.8,0.6428571428571428,0.6091730907237828,1.5853550943585457,1.0,6.435519323374565
fish6,13.78,5985,299.25,20.0,20.0,10.303450681318308,3.679803814756539,3.311823433280885,37.91467712227097,27.966508992149695,758,1600,26.051730427890348,9.614586433400047,50.8263168612904,87.1,63.6,65.7,49.0,65.746578836655,92.716213429076,2.8,0.6428571428571428,0.6091730907237827,1.259798618211281,1.0,6.947982889871058
fish6,13.78,3330,166.5,20.0,20.0,10.02497904128268,3.5803496576009577,3.222314691840862,35.89293027791322,27.210657397767278,816,1613,25.559842572624294,9.610898343870376,51.49074091649467,86.6,63.6,65.7,49.0,60.558552942628836,87.77225171956361,2.8,0.6428571428571428,0.6091730907237826,1.367725038757201,1.0,6.760199568523193
fish6,13.78,3015,150.75,20.0,20.0,9.191124617846368,3.282544506373703,2.9542900557363327,30.170275621707695,24.947338248440143,750,1380,25.62595735584777,9.544869776365488,50.17082713221326,86.9,63.6,65.5,48.6,46.6692726788108,73.7781230401983,2.8,0.6428571428571428,0.6091730907237826,1.7747748018396496,1.0,6.197901902831109
fish6,13.78,3335,166.75,20.0,20.0,10.02497904128268,3.5803496576009577,3.222314691840862,35.89293027791322,27.210657397767278,802,1613,25.554104668209877,9.610442614703707,51.20454728291358,86.6,63.6,65.7,49.0,60.558552942628836,87.77225171956361,2.8,0.6428571428571428,0.6091730907237826,1.367725038757201,1.0,6.760199568523193
fish6,13.78,5710,285.5,20.0,20.0,9.74650740124705,3.4808955004453748,3.1328059504008374,33.926573758058396,26.454805803384847,864,896,25.79282052883572,9.709684099737805,52.78250462857352,86.5,63.4,65.7,48.9,55.650890719633274,82.96374101579117,2.8,0.6428571428571428,0.6091730907237826,1.4883400445074286,1.0,6.572416247175326
fish6,13.78,4690,234.5,20.0,20.0,9.74650740124705,3.4808955004453748,3.1328059504008374,33.926573758058396,26.454805803384847,728,1285,25.87342258615376,9.742952238708073,50.17637482486184,86.6,63.5,65.7,48.8,55.650890719633274,82.96374101579117,2.8,0.6428571428571428,0.6091730907237826,1.4883400445074286,1.0,6.572416247175326
fish6,13.78,5940,297.0,20.0,20.0,9.74650740124705,3.4808955004453748,3.1328059504008374,33.926573758058396,26.454805803384847,730,1715,26.024869181315104,9.617460813903811,50.24232999521892,86.9,63.6,65.7,49.0,55.650890719633274,82.96374101579117,2.8,0.6428571428571428,0.6091730907237826,1.4883400445074286,1.0,6.572416247175326
fish6,13.78,5935,296.75,20.0,20.0,9.74650740124705,3.4808955004453748,3.1328059504008374,33.926573758058396,26.454805803384847,722,1720,25.993523761137023,9.626077361541324,50.059601122678345,87.0,63.6,65.7,48.9,55.650890719633274,82.96374101579117,2.8,0.6428571428571428,0.6091730907237826,1.4883400445074286,1.0,6.572416247175326
fish6,13.78,4560,228.0,20.0,20.0,9.671243446442954,3.4540155165867694,3.1086139649280926,33.40462492870207,26.250517926059448,842,1383,25.748887960476345,9.562835206254324,52.15172316673068,86.1,63.5,65.7,48.6,54.371587800548966,81.68737200160717,2.8,0.6428571428571428,0.6091730907237826,1.523359028512696,1.0,6.5216630882214
fish6,13.78,6020,301.0,20.0,20.0,9.46803576121142,3.3814413432897927,3.0432972089608135,32.015607562706535,25.698954209002423,727,596,25.83803752863377,9.631855386691628,50.0098929153254,87.1,63.5,65.6,48.8,51.01580428791758,78.29068131775887,2.8,0.6428571428571428,0.6091730907237826,1.623564507639324,1.0,6.384632925827459
fish6,13.78,1650,82.5,20.0,20.0,10.303450681318308,3.679803814756539,3.311823433280885,37.91467712227097,27.966508992149695,810,1843,26.051482171630852,9.676653407414754,51.928135579045616,87.2,63.4,65.6,48.7,65.746578836655,92.716213429076,2.8,0.6428571428571428,0.6091730907237827,1.259798618211281,1.0,6.947982889871058
fish6,13.78,6000,300.0,20.0,20.0,9.242574267435318,3.3009193812268993,2.9708274431042097,30.50899253180625,25.086987297324434,716,1190,25.991770209343056,9.668017482492658,49.97978769183572,87.0,63.6,65.6,48.8,47.457397235125995,74.60641835252443,2.8,0.6428571428571428,0.6091730907237826,1.745301133144141,1.0,6.232596229624174
fish6,13.78,3325,166.25,20.0,20.0,10.02497904128268,3.5803496576009577,3.222314691840862,35.89293027791322,27.210657397767278,831,1613,25.55462119003107,9.610917875120371,51.78553906515144,86.6,63.6,65.7,49.0,60.558552942628836,87.77225171956361,2.8,0.6428571428571428,0.6091730907237826,1.367725038757201,1.0,6.760199568523193
fish6,13.78,5990,299.5,20.0,20.0,9.74650740124705,3.4808955004453748,3.1328059504008374,33.926573758058396,26.454805803384847,724,1472,26.05619225348956,9.6299054280493,50.16609768153886,87.1,63.6,65.7,49.0,55.650890719633274,82.96374101579117,2.8,0.6428571428571428,0.6091730907237826,1.4883400445074286,1.0,6.572416247175326
fish6,13.78,3310,165.5,20.0,20.0,10.02497904128268,3.5803496576009577,3.222314691840862,35.89293027791322,27.210657397767278,832,1613,25.60335382891996,9.635273347812229,51.87862717673219,86.6,63.5,65.7,49.0,60.558552942628836,87.77225171956361,2.8,0.6428571428571428,0.6091730907237826,1.367725038757201,1.0,6.760199568523193
fish6,13.78,5730,286.5,20.0,20.0,9.189564121175788,3.2819871861342103,2.9537884675207895,30.160031691857622,24.943102614619995,771,404,25.804079329427086,9.815595572566986,51.03967490199408,86.4,63.6,65.7,48.9,46.64550576773086,73.7530726254666,2.8,0.6428571428571428,0.6091730907237828,1.7756790886344438,1.0,6.196849604479592
fish6,13.78,3025,151.25,20.0,20.0,9.46803576121142,3.3814413432897927,3.0432972089608135,32.015607562706535,25.698954209002423,716,1379,25.70004599064956,9.543776027933758,49.56382201858332,86.5,63.7,65.6,48.6,51.01580428791758,78.29068131775887,2.8,0.6428571428571428,0.6091730907237826,1.623564507639324,1.0,6.384632925827459
fish6,13.78,3065,153.25,20.0,20.0,9.334408806013657,3.3337174307191635,3.0003456876472474,31.118281342066183,25.336252473465642,755,1608,25.61292446831597,9.711321524895562,50.424245993211535,87.0,63.6,65.6,48.8,48.88611448789729,76.0963677773825,2.8,0.6428571428571428,0.6091730907237826,1.6942939736199036,1.0,6.294523521992198
fish6,13.78,1635,81.75,20.0,20.0,10.307734876738627,3.6813338845495096,3.313200496094559,37.94621367469067,27.978137522576272,828,1641,26.208415082295733,9.78423496957355,52.55265005186928,86.9,63.5,65.6,48.6,65.8286256197224,92.79333263321779,2.8,0.6428571428571428,0.6091730907237827,1.2582284437930256,1.0,6.950871875066203
fish6,13.78,5930,296.5,20.0,20.0,9.74650740124705,3.4808955004453748,3.1328059504008374,33.926573758058396,26.454805803384847,735,1655,26.027338945384088,9.635973211659325,50.36331215704341,87.0,63.6,65.7,49.0,55.650890719633274,82.96374101579117,2.8,0.6428571428571428,0.6091730907237826,1.4883400445074286,1.0,6.572416247175326
fish6,13.78,5910,295.5,20.0,20.0,10.02497904128268,3.5803496576009577,3.222314691840862,35.89293027791322,27.210657397767278,742,1598,26.049778082030503,9.680540254338585,50.57031833636909,87.0,63.6,65.7,48.9,60.558552942628836,87.77225171956361,2.8,0.6428571428571428,0.6091730907237826,1.367725038757201,1.0,6.760199568523193
fish6,13.78,1380,69.0,20.0,20.0,10.02497904128268,3.5803496576009577,3.222314691840862,35.89293027791322,27.210657397767278,858,1167,25.83250797156817,9.757125272528334,52.7496332440965,87.1,63.5,65.6,48.7,60.558552942628836,87.77225171956361,2.8,0.6428571428571428,0.6091730907237826,1.367725038757201,1.0,6.760199568523193
fish6,13.78,3000,150.0,20.0,20.0,9.845459249350835,3.516235446196727,3.1646119015770546,34.61895279665283,26.723389391095125,855,1411,25.702420111083992,9.53031899511549,52.33273910619948,86.9,63.6,65.6,48.6,57.36315186116301,84.656878544277,2.8,0.6428571428571428,0.6091730907237826,1.4439138450935487,1.0,6.639142994243936
fish6,13.78,1405,70.25,20.0,20.0,10.02497904128268,3.5803496576009577,3.222314691840862,35.89293027791322,27.210657397767278,888,965,26.08800268825955,9.8192997982343,53.66730248649385,87.1,63.4,65.8,48.6,60.558552942628836,87.77225171956361,2.8,0.6428571428571428,0.6091730907237826,1.367725038757201,1.0,6.760199568523193
fish6,13.78,5780,289.0,20.0,20.0,9.189564121175788,3.2819871861342103,2.9537884675207895,30.160031691857622,24.943102614619995,767,848,25.72008918048246,9.664619019307032,50.72470819978949,86.8,63.6,65.6,48.9,46.64550576773086,73.7530726254666,2.8,0.6428571428571428,0.6091730907237828,1.7756790886344438,1.0,6.196849604479592
fish6,13.78,1625,81.25,20.0,20.0,9.189564121175788,3.2819871861342103,2.9537884675207895,30.160031691857622,24.943102614619995,827,1380,26.19593658824025,9.784632091935476,52.52056868017572,86.9,63.5,65.6,48.6,46.64550576773086,73.7530726254666,2.8,0.6428571428571428,0.6091730907237828,1.7756790886344438,1.0,6.196849604479592
fish6,13.78,4430,221.5,20.0,20.0,9.338785420229305,3.335280507224752,3.001752456502277,31.147468973245516,25.348131854908114,837,1486,25.55155298868815,9.646038369401294,51.93759135808945,86.0,63.3,65.6,48.8,48.954910273759374,76.16774295046349,2.8,0.6428571428571428,0.6091730907237827,1.6919130013181516,1.0,6.2974748284647974
fish6,13.78,3345,167.25,20.0,20.0,10.303450681318308,3.679803814756539,3.311823433280885,37.91467712227097,27.966508992149695,825,1613,25.463392491018038,9.585029201242651,51.54842169226069,86.4,63.5,65.7,49.0,65.746578836655,92.716213429076,2.8,0.6428571428571428,0.6091730907237827,1.259798618211281,1.0,6.947982889871058
fish6,13.78,1670,83.5,20.0,20.0,10.02497904128268,3.5803496576009577,3.222314691840862,35.89293027791322,27.210657397767278,876,2017,26.002788397725418,9.73818009049098,53.26096848821639,87.1,63.4,65.5,48.7,60.558552942628836,87.77225171956361,2.8,0.6428571428571428,0.6091730907237826,1.367725038757201,1.0,6.760199568523193
fish6,13.78,1645,82.25,20.0,20.0,10.303450681318308,3.679803814756539,3.311823433280885,37.91467712227097,27.966508992149695,822,1792,26.241049500566643,9.78541984887653,52.46646934944317,87.2,63.5,65.6,48.7,65.746578836655,92.716213429076,2.8,0.6428571428571428,0.6091730907237827,1.259798618211281,1.0,6.947982889871058
fish6,13.78,2990,149.5,20.0,20.0,9.876778598117813,3.527420927899219,3.1746788351092974,34.83955552722788,26.808399052034062,823,1478,25.956375151740176,9.7062006064415,52.12257575818168,86.8,63.6,65.4,48.7,57.91232818378074,85.19633849497296,2.8,0.6428571428571428,0.6091730907237827,1.4302213668165762,1.0,6.660262743936086
fish6,13.78,1395,69.75,20.0,20.0,9.74650740124705,3.4808955004453748,3.1328059504008374,33.926573758058396,26.454805803384847,880,837,25.81936573591822,9.776047810490928,53.19541354640915,87.1,63.5,65.6,48.7,55.650890719633274,82.96374101579117,2.8,0.6428571428571428,0.6091730907237826,1.4883400445074286,1.0,6.572416247175326
fish6,13.78,6045,302.25,20.0,20.0,9.189564121175788,3.2819871861342103,2.9537884675207895,30.160031691857622,24.943102614619995,751,482,25.687998415629075,9.675784388383232,50.38378280401231,86.7,63.6,65.6,48.9,46.64550576773086,73.7530726254666,2.8,0.6428571428571428,0.6091730907237828,1.7756790886344438,1.0,6.196849604479592
fish6,13.78,5920,296.0,20.0,20.0,10.02497904128268,3.5803496576009577,3.222314691840862,35.89293027791322,27.210657397767278,730,1648,26.03391429277585,9.683867072889544,50.3177813656654,87.0,63.6,65.7,48.9,60.558552942628836,87.77225171956361,2.8,0.6428571428571428,0.6091730907237826,1.367725038757201,1.0,6.760199568523193
fish6,13.78,1685,84.25,20.0,20.0,10.303450681318308,3.679803814756539,3.311823433280885,37.91467712227097,27.966508992149695,866,2282,25.88519712931316,9.753886486646865,52.95908361596002,87.0,63.5,65.5,48.8,65.746578836655,92.716213429076,2.8,0.6428571428571428,0.6091730907237827,1.259798618211281,1.0,6.947982889871058
fish6,13.78,5925,296.25,20.0,20.0,10.02497904128268,3.5803496576009577,3.222314691840862,35.89293027791322,27.210657397767278,731,1656,26.075754611469787,9.630006395806207,50.325761007276,87.0,63.6,65.7,48.9,60.558552942628836,87.77225171956361,2.8,0.6428571428571428,0.6091730907237826,1.367725038757201,1.0,6.760199568523193
fish6,13.78,3340,167.0,20.0,20.0,10.303450681318308,3.679803814756539,3.311823433280885,37.91467712227097,27.966508992149695,836,1613,25.47925619527558,9.58527008665932,51.7845262819349,86.4,63.5,65.7,49.0,65.746578836655,92.716213429076,2.8,0.6428571428571428,0.6091730907237827,1.259798618211281,1.0,6.947982889871058
fish6,13.78,3305,165.25,20.0,20.0,10.303450681318308,3.679803814756539,3.311823433280885,37.91467712227097,27.966508992149695,843,1613,25.59073665093317,9.639231681145562,52.08996833207873,86.6,63.5,65.7,49.0,65.746578836655,92.716213429076,2.8,0.6428571428571428,0.6091730907237827,1.259798618211281,1.0,6.947982889871058
fish6,13.78,1675,83.75,20.0,20.0,10.303450681318308,3.679803814756539,3.311823433280885,37.91467712227097,27.966508992149695,864,2092,25.93450276692708,9.749869553248088,52.96437232017517,87.1,63.5,65.5,48.7,65.746578836655,92.716213429076,2.8,0.6428571428571428,0.6091730907237827,1.259798618211281,1.0,6.947982889871058
fish6,13.78,1275,63.75,20.0,20.0,9.37149954920627,3.346964124716525,3.0122677122448724,31.36607278599047,25.43692734784559,843,1750,26.20719511349525,9.733336395422617,52.80053150891786,87.2,63.6,65.7,48.7,49.47118746761533,76.7023147653179,2.8,0.6428571428571428,0.6091730907237826,1.6742563380908786,1.0,6.319535128010959
fish6,13.78,1325,66.25,20.0,20.0,9.74650740124705,3.4808955004453748,3.1328059504008374,33.926573758058396,26.454805803384847,859,1058,25.92922194098955,9.663981020090317,52.77320296107987,87.0,63.4,65.7,48.7,55.650890719633274,82.96374101579117,2.8,0.6428571428571428,0.6091730907237826,1.4883400445074286,1.0,6.572416247175326
fish6,13.78,1710,85.5,20.0,20.0,10.303450681318308,3.679803814756539,3.311823433280885,37.91467712227097,27.966508992149695,852,2385,26.184860445300448,9.801829348712497,53.02668979401295,87.0,63.6,65.6,48.9,65.746578836655,92.716213429076,2.8,0.6428571428571428,0.6091730907237827,1.259798618211281,1.0,6.947982889871058
fish6,13.78,5700,285.0,20.0,20.0,10.02497904128268,3.5803496576009577,3.222314691840862,35.89293027791322,27.210657397767278,892,761,25.66937424647956,9.790419781737858,53.29979402821742,86.4,63.5,65.7,48.8,60.558552942628836,87.77225171956361,2.8,0.6428571428571428,0.6091730907237826,1.367725038757201,1.0,6.760199568523193
fish6,13.78,1410,70.5,20.0,20.0,10.303450681318308,3.679803814756539,3.311823433280885,37.91467712227097,27.966508992149695,909,1033,26.08214331325954,9.81643521490097,54.07857852816051,87.1,63.4,65.8,48.6,65.746578836655,92.716213429076,2.8,0.6428571428571428,0.6091730907237827,1.259798618211281,1.0,6.947982889871058
fish6,13.78,4465,223.25,20.0,20.0,9.902160835998563,3.53648601285663,3.1828374115709672,35.018853293565634,26.877293697710385,868,1484,25.80394456649591,9.478163960732358,52.64210852722827,86.3,63.3,65.6,48.6,58.35996158196595,85.63479165435284,2.8,0.6428571428571428,0.6091730907237827,1.4192512627721106,1.0,6.677378888804122
fish6,13.78,4460,223.0,20.0,20.0,10.08572580922487,3.6020449318660255,3.241840438679423,36.32923753530881,27.37554148218179,858,1484,25.859170245869947,9.476744689899023,52.495914935768965,86.3,63.3,65.7,48.6,61.6661082278128,88.83919359716124,2.8,0.6428571428571428,0.6091730907237827,1.343159987728559,1.0,6.801163272560966
fish6,13.78,5995,299.75,20.0,20.0,10.02497904128268,3.5803496576009577,3.222314691840862,35.89293027791322,27.210657397767278,706,811,26.05235558401979,9.632574704223208,49.804930288243,87.1,63.6,65.7,49.0,60.558552942628836,87.77225171956361,2.8,0.6428571428571428,0.6091730907237826,1.367725038757201,1.0,6.760199568523193
fish6,13.78,1680,84.0,20.0,20.0,10.303450681318308,3.679803814756539,3.311823433280885,37.91467712227097,27.966508992149695,839,2189,25.847167532009543,9.748128032419416,52.37529556442897,87.0,63.5,65.5,48.7,65.746578836655,92.716213429076,2.8,0.6428571428571428,0.6091730907237827,1.259798618211281,1.0,6.947982889871058
fish6,13.78,5855,292.75,20.0,20.0,9.189564121175788,3.2819871861342103,2.9537884675207895,30.160031691857622,24.943102614619995,864,864,25.870354940607523,9.700331982252331,52.85068692285986,87.1,63.5,65.7,49.1,46.64550576773086,73.7530726254666,2.8,0.6428571428571428,0.6091730907237828,1.7756790886344438,1.0,6.196849604479592
fish6,13.78,3315,165.75,20.0,20.0,10.303450681318308,3.679803814756539,3.311823433280885,37.91467712227097,27.966508992149695,870,1613,25.586300455051003,9.634898996893565,52.62119945194458,86.6,63.5,65.7,49.0,65.746578836655,92.716213429076,2.8,0.6428571428571428,0.6091730907237827,1.259798618211281,1.0,6.947982889871058
fish6,13.78,3320,166.0,20.0,20.0,10.303450681318308,3.679803814756539,3.311823433280885,37.91467712227097,27.966508992149695,870,1613,25.549750942484533,9.609296781370372,52.5590477238549,86.6,63.6,65.7,49.0,65.746578836655,92.716213429076,2.8,0.6428571428571428,0.6091730907237827,1.259798618211281,1.0,6.947982889871058
fish6,13.78,1400,70.0,20.0,20.0,10.02497904128268,3.5803496576009577,3.222314691840862,35.89293027791322,27.210657397767278,895,835,26.09582391425239,9.81265591426425,53.80847982851664,87.1,63.4,65.8,48.6,60.558552942628836,87.77225171956361,2.8,0.6428571428571428,0.6091730907237826,1.367725038757201,1.0,6.760199568523193
fish6,13.78,5705,285.25,20.0,20.0,10.303450681318308,3.679803814756539,3.311823433280885,37.91467712227097,27.966508992149695,911,871,25.83044624142117,9.717262229654525,53.76770847107569,86.5,63.4,65.7,48.8,65.746578836655,92.716213429076,2.8,0.6428571428571428,0.6091730907237827,1.259798618211281,1.0,6.947982889871058
fish6,13.78,4555,227.75,20.0,20.0,10.154806203021854,3.6267165010792337,3.2640448509713105,36.82860322176112,27.563045408202175,873,1251,25.72222983571747,9.525527261691623,52.70775709740909,86.1,63.4,65.7,48.6,62.941920191699595,90.06033799501431,2.8,0.6428571428571428,0.6091730907237827,1.3159345777547446,1.0,6.847746636617558
fish6,13.78,2995,149.75,20.0,20.0,10.02497904128268,3.5803496576009577,3.222314691840862,35.89293027791322,27.210657397767278,860,1428,25.95895759480795,9.707147886657715,52.86610548146567,86.8,63.6,65.4,48.7,60.558552942628836,87.77225171956361,2.8,0.6428571428571428,0.6091730907237826,1.367725038757201,1.0,6.760199568523193
fish6,13.78,1385,69.25,20.0,20.0,10.02497904128268,3.5803496576009577,3.222314691840862,35.89293027791322,27.210657397767278,899,1130,25.834947222222223,9.762662393824264,53.57760961604649,87.1,63.5,65.6,48.7,60.558552942628836,87.77225171956361,2.8,0.6428571428571428,0.6091730907237826,1.367725038757201,1.0,6.760199568523193
fish6,13.78,4550,227.5,20.0,20.0,10.303450681318308,3.679803814756539,3.311823433280885,37.91467712227097,27.966508992149695,872,1251,25.742750722173994,9.526806519307028,52.70955724148102,86.1,63.4,65.7,48.6,65.746578836655,92.716213429076,2.8,0.6428571428571428,0.6091730907237827,1.259798618211281,1.0,6.947982889871058
fish6,13.78,3295,164.75,20.0,20.0,10.303450681318308,3.679803814756539,3.311823433280885,37.91467712227097,27.966508992149695,912,1537,25.674282280797133,9.746077411132392,53.66035969192953,86.4,63.5,65.6,48.9,65.746578836655,92.716213429076,2.8,0.6428571428571428,0.6091730907237827,1.259798618211281,1.0,6.947982889871058
fish6,13.78,4495,224.75,20.0,20.0,10.141480899934212,3.621957464262219,3.259761717835997,36.732012444189444,27.526876728392864,881,1468,25.742195333899986,9.601552621957993,52.96374795585798,86.1,63.4,65.6,48.6,62.69446493382879,89.8241357686381,2.8,0.6428571428571428,0.6091730907237826,1.3211285758313385,1.0,6.838760911279623
fish6,13.78,4490,224.5,20.0,20.0,10.209681721748053,3.6463149006243047,3.2816834105618744,37.22771459264153,27.711993244744715,893,1497,25.698384331597214,9.599306528207991,53.15769085980521,86.1,63.4,65.7,48.6,63.96783904331505,91.03632138332553,2.8,0.6428571428571428,0.6091730907237827,1.2948295645011771,1.0,6.884751148695607
fish6,13.78,4470,223.5,20.0,20.0,10.446279149218968,3.7308139818639177,3.357732583677526,38.97312430835964,28.354186262165772,885,1497,25.770363799370656,9.480982962671913,52.951346762042576,86.3,63.3,65.6,48.6,68.51883183543089,95.30453074198164,2.8,0.6428571428571428,0.6091730907237827,1.2088275143025309,1.0,7.044297200664004
fish6,13.78,3265,163.25,20.0,20.0,10.303450681318308,3.679803814756539,3.311823433280885,37.91467712227097,27.966508992149695,903,1549,25.763518258535125,9.668854084608288,53.492372343143415,86.6,63.4,65.6,48.9,65.746578836655,92.716213429076,2.8,0.6428571428571428,0.6091730907237827,1.259798618211281,1.0,6.947982889871058
fish6,13.78,3260,163.0,20.0,20.0,10.303450681318308,3.679803814756539,3.311823433280885,37.91467712227097,27.966508992149695,908,1549,25.77713372124566,9.672343667941623,53.60947738918729,86.6,63.4,65.6,48.9,65.746578836655,92.716213429076,2.8,0.6428571428571428,0.6091730907237827,1.259798618211281,1.0,6.947982889871058
fish7,18.32,1915,95.75,20.0,20.0,10.959709021821856,3.9141817935078063,3.5227636141570255,42.89829351535836,29.747781630659325,1243,1672,26.01656135999891,9.793775959608288,60.6703373196072,87.1,63.4,65.7,48.7,79.12653364153675,104.90310452826775,2.8,0.6428571428571428,0.6091730907237827,1.3916447890155932,1.0,7.390521206613933
fish7,18.32,1920,96.0,20.0,20.0,10.959709021821856,3.9141817935078063,3.5227636141570255,42.89829351535836,29.747781630659325,1235,1653,25.91538957579812,9.76613599114948,60.3815255669476,87.0,63.3,65.7,48.7,79.12653364153675,104.90310452826775,2.8,0.6428571428571428,0.6091730907237827,1.3916447890155932,1.0,7.390521206613933
fish7,18.32,1905,95.25,20.0,20.0,11.220654474722378,4.007376598115135,3.6066389383036217,44.965388157538335,30.456062145675027,1238,1625,26.03915270903788,9.795956949191622,60.595109658229504,87.1,63.4,65.8,48.7,84.91406584382983,109.95795933830331,2.8000000000000003,0.6428571428571428,0.6091730907237826,1.29679373047137,1.0,7.566485997247598
fish7,18.32,5795,289.75,20.0,20.0,10.437818116020816,3.7277921842931487,3.355012965863834,38.910016793975835,28.33122060062793,1238,2242,25.61283321350474,9.695657389153377,60.06849060265812,87.0,63.5,65.8,48.8,68.35247480102517,95.15020818890498,2.8,0.6428571428571428,0.6091730907237826,1.6110027988841755,1.0,7.038591625346602
fish7,18.32,5780,289.0,20.0,20.0,10.698763568921336,3.8209869889004775,3.43888829001043,40.879836394170866,29.039501115643628,1278,2212,25.60276813505196,9.692219889153376,60.85498802420534,87.0,63.5,65.8,48.8,73.60813930877273,99.96718747846828,2.8,0.6428571428571428,0.6091730907237826,1.495976250033912,1.0,7.214556415980268
fish7,18.32,1875,93.75,20.0,20.0,11.481599927622899,4.100571402722464,3.6905142624502174,47.08112032071077,31.164342660690725,1250,1833,25.833814116282525,9.659807903279196,60.49362201956172,86.8,63.4,65.7,48.6,90.97714396016451,115.13175190857504,2.8,0.6428571428571428,0.6091730907237826,1.2103702470955486,1.0,7.742450787881263
fish7,18.32,1900,95.0,20.0,20.0,11.220654474722378,4.007376598115135,3.6066389383036217,44.965388157538335,30.456062145675027,1233,1580,26.07101024439305,9.798144449191623,60.52915469358467,87.1,63.4,65.7,48.7,84.91406584382983,109.95795933830331,2.8000000000000003,0.6428571428571428,0.6091730907237826,1.29679373047137,1.0,7.566485997247598
fish7,18.32,5785,289.25,20.0,20.0,10.437818116020816,3.7277921842931487,3.355012965863834,38.910016793975835,28.33122060062793,1220,2229,25.608085017432696,9.70179671207004,59.70988172950274,87.0,63.5,65.8,48.8,68.35247480102517,95.15020818890498,2.8,0.6428571428571428,0.6091730907237826,1.6110027988841755,1.0,7.038591625346602
fish7,18.32,1910,95.5,20.0,20.0,11.74254538052342,4.193766207329793,3.774389586596814,49.24549000487569,31.87262317570643,1278,1603,26.03262049628364,9.796191324191623,61.38881182047527,87.1,63.4,65.7,48.7,97.32217603505347,120.42448223908292,2.8,0.6428571428571428,0.6091730907237826,1.1314587558692695,1.0,7.91841557851493
fish7,18.32,1880,94.0,20.0,20.0,11.481599927622899,4.100571402722464,3.6905142624502174,47.08112032071077,31.164342660690725,1275,1884,25.66453891661844,9.644221965779202,60.80876088239764,86.5,63.4,65.7,48.6,90.97714396016451,115.13175190857504,2.8,0.6428571428571428,0.6091730907237826,1.2103702470955486,1.0,7.742450787881263
fish7,18.32,5790,289.5,20.0,20.0,10.437818116020816,3.7277921842931487,3.355012965863834,38.910016793975835,28.33122060062793,1201,2250,25.52510313517252,9.699426920403376,59.24453005557589,87.0,63.5,65.7,48.8,68.35247480102517,95.15020818890498,2.8,0.6428571428571428,0.6091730907237826,1.6110027988841755,1.0,7.038591625346602
fish7,18.32,1970,98.5,20.0,20.0,10.959709021821856,3.9141817935078063,3.5227636141570255,42.89829351535836,29.747781630659325,1260,1589,26.03867527848232,9.581415903207992,60.8200911816903,86.9,63.5,65.8,48.7,79.12653364153675,104.90310452826775,2.8,0.6428571428571428,0.6091730907237827,1.3916447890155932,1.0,7.390521206613933
fish7,18.32,5265,263.25,20.0,20.0,10.959709021821856,3.9141817935078063,3.5227636141570255,42.89829351535836,29.747781630659325,1323,2507,25.613345296054412,9.735878816562227,61.80922411261665,86.7,63.3,65.6,49.0,79.12653364153675,104.90310452826775,2.8,0.6428571428571428,0.6091730907237827,1.3916447890155932,1.0,7.390521206613933
fish7,18.32,1925,96.25,20.0,20.0,10.698763568921336,3.8209869889004775,3.43888829001043,40.879836394170866,29.039501115643628,1172,1616,25.912329484934865,9.766764255099828,59.1190937400347,87.0,63.3,65.7,48.7,73.60813930877273,99.96718747846828,2.8,0.6428571428571428,0.6091730907237826,1.495976250033912,1.0,7.214556415980268
fish7,18.32,4090,204.5,20.0,20.0,10.437818116020816,3.7277921842931487,3.355012965863834,38.910016793975835,28.33122060062793,1133,2493,25.411774286547992,9.73756178935369,57.80933607590168,86.1,63.1,65.6,48.9,68.35247480102517,95.15020818890498,2.8,0.6428571428571428,0.6091730907237826,1.6110027988841755,1.0,7.038591625346602
fish7,18.32,1965,98.25,20.0,20.0,11.481599927622899,4.100571402722464,3.6905142624502174,47.08112032071077,31.164342660690725,1294,1589,25.99108840450712,9.582760310702854,61.45384871520997,86.9,63.5,65.8,48.7,90.97714396016451,115.13175190857504,2.8,0.6428571428571428,0.6091730907237826,1.2103702470955486,1.0,7.742450787881263
fish7,18.32,1960,98.0,20.0,20.0,11.220654474722378,4.007376598115135,3.6066389383036217,44.965388157538335,30.456062145675027,1343,1601,25.98158324771457,9.5807648701032,62.42234811781777,86.8,63.5,65.7,48.7,84.91406584382983,109.95795933830331,2.8000000000000003,0.6428571428571428,0.6091730907237826,1.29679373047137,1.0,7.566485997247598
fish7,18.32,4095,204.75,20.0,20.0,10.437818116020816,3.7277921842931487,3.355012965863834,38.910016793975835,28.33122060062793,1141,2735,25.3986274582851,9.750195254474216,57.96882271275932,86.1,63.1,65.7,48.9,68.35247480102517,95.15020818890498,2.8,0.6428571428571428,0.6091730907237826,1.6110027988841755,1.0,7.038591625346602
fish7,18.32,4135,206.75,20.0,20.0,9.915927210219776,3.5414025750784917,3.1872623175706427,35.116290156563196,26.914659570596534,1100,2082,25.74168387518989,9.70728187763426,57.44896575282415,86.4,63.1,65.8,48.8,58.60370308252897,85.87306289048674,2.8,0.6428571428571428,0.6091730907237826,1.8789943710560437,1.0,6.686662044079273
fish7,18.32,4130,206.5,20.0,20.0,9.915927210219776,3.5414025750784917,3.1872623175706427,35.116290156563196,26.914659570596534,1101,3894,25.74832453816732,9.702509733570944,57.47083427173827,86.4,63.1,65.8,48.8,58.60370308252897,85.87306289048674,2.8,0.6428571428571428,0.6091730907237826,1.8789943710560437,1.0,6.686662044079273
fish7,18.32,2275,113.75,20.0,20.0,14.873890815329661,5.312103862617737,4.780893476355963,79.01165285226718,40.3719893558948,1481,1987,25.67621895930915,9.511324863168928,64.80754382247808,86.8,63.4,65.7,48.7,197.78749790353518,193.21439150359512,2.7999999999999994,0.6428571428571428,0.6091730907237827,0.5567390729054947,1.0,10.029993066118909
fish7,18.32,2285,114.25,20.0,20.0,14.61294536242914,5.218909058010408,4.697018152209368,76.26363291619263,39.663708840879096,1541,1892,25.57634928835645,9.547779940753513,65.94412922910996,86.5,63.4,65.7,48.8,187.55919085401305,186.49440805025375,2.8,0.6428571428571428,0.6091730907237827,0.5871001453659535,1.0,9.854028275485243
fish8,12.7,7410,370.5,20.0,20.0,13.034943898986135,4.655337106780763,4.189803396102687,60.68205801775568,35.3805620115338,916,380,25.621670783130035,9.80227531762653,53.74394610075657,86.9,63.7,65.5,48.8,133.1228381528038,148.39136370186807,2.8,0.6428571428571428,0.6091730907237827,0.5734244700704659,1.0,8.789925820171634
fish8,12.7,7420,371.0,20.0,20.0,13.01748804551827,4.649102873399382,4.184192586059444,60.5196410768611,35.333181837835305,924,382,25.76633226542532,9.731285759724512,53.97761802514982,86.7,63.7,65.5,48.7,132.5887363729619,147.994190762536,2.8,0.6428571428571428,0.6091730907237826,0.5757343723928473,1.0,8.778154717948304
fish8,12.7,7415,370.75,20.0,20.0,13.02791862197056,4.6528280792752,4.18754527134768,60.61666557881689,35.36149340249152,913,378,25.77451367722499,9.798606696065267,53.83312037329026,86.7,63.7,65.5,48.8,132.90771159757776,148.2314536146545,2.8,0.6428571428571428,0.6091730907237827,0.5743526241214668,1.0,8.785188426262492
fish8,12.7,3060,153.0,20.0,20.0,12.212284221205305,4.361530079001895,3.9253770711017055,53.26424496410717,33.1476286004144,928,300,25.958172084309144,9.92456376135084,54.44273584565998,86.9,63.8,65.6,48.9,109.47520794821078,130.2519097895709,2.8,0.6428571428571428,0.6091730907237827,0.6972893164830523,1.0,8.235177169239408
fish8,12.7,7445,372.25,20.0,20.0,11.92444602800573,4.258730724287761,3.832857651858985,50.783004669579164,32.36635350458698,893,369,25.66268206372673,9.7676627084944,53.29034477222113,87.0,63.6,65.5,48.7,101.9153747551741,124.1843068933524,2.8,0.6428571428571428,0.6091730907237828,0.7490125322643966,1.0,8.041077648286866
fish8,12.7,4215,210.75,20.0,20.0,13.047503004871947,4.659822501739981,4.193840251565983,60.79904809362232,35.41465101322386,832,351,25.896986453510795,9.878440500630274,52.41542695414107,86.6,63.7,65.7,49.2,133.50799866177377,148.67745019043699,2.8,0.6428571428571428,0.6091730907237825,0.5717701837133787,1.0,8.798394871512357
fish8,12.7,3070,153.5,20.0,20.0,11.798872351993126,4.213882982854688,3.7924946845692196,49.7190674209385,32.02551066969563,918,300,25.838892598300497,9.905221292961969,54.10411389126247,86.9,63.7,65.6,48.9,98.72941803990689,121.58256423042548,2.8,0.6428571428571428,0.6091730907237827,0.7731828510443828,1.0,7.956398856749993
fish8,12.7,3075,153.75,20.0,20.0,11.761946842404287,4.2006953008586745,3.780625770772807,49.408354829837215,31.925284286525923,897,275,25.852742458692006,9.893424417961969,53.68616687665397,86.9,63.7,65.6,48.9,97.8053712587254,120.82275043011947,2.7999999999999994,0.6428571428571428,0.6091730907237827,0.7804877374282024,1.0,7.931498673621229
fish8,12.7,3055,152.75,20.0,20.0,12.212284221205305,4.361530079001895,3.9253770711017055,53.26424496410717,33.1476286004144,882,300,25.97255145934305,9.93191402176751,53.54446548111056,86.9,63.8,65.6,48.9,109.47520794821078,130.2519097895709,2.8,0.6428571428571428,0.6091730907237827,0.6972893164830523,1.0,8.235177169239408
fish8,12.7,2655,132.75,20.0,20.0,13.034943898986135,4.655337106780763,4.189803396102687,60.68205801775568,35.3805620115338,1010,203,25.94292526011526,9.849908752399022,55.99283401251428,87.1,63.8,65.7,48.8,133.1228381528038,148.39136370186807,2.8,0.6428571428571428,0.6091730907237827,0.5734244700704659,1.0,8.789925820171634
fish8,12.7,7440,372.0,20.0,20.0,11.857514250485972,4.2348265180307045,3.811343866227634,50.21451578588497,32.184681537033356,869,381,25.66776451640187,9.766227165974511,52.81399168237638,87.0,63.6,65.5,48.7,100.20884000317574,122.79412924519072,2.8,0.6428571428571428,0.6091730907237825,0.7617680527948306,1.0,7.995943172529231
fish8,12.7,3065,153.25,20.0,20.0,12.023414389812757,4.29407656779027,3.8646689110112433,51.62946199612731,32.634981915206055,928,300,25.83614952888018,9.925475219684175,54.32162474856436,87.0,63.8,65.6,48.9,104.47407035789307,126.254226093607,2.8,0.6428571428571428,0.6091730907237827,0.7306683147363434,1.0,8.107815531132323
fish8,12.7,7390,369.5,20.0,20.0,13.933905577162502,4.976394848986608,4.478755364087948,69.34061594045724,37.82060085229822,994,365,25.96582250064802,9.964390980519187,55.81021348116721,86.7,63.5,65.6,48.6,162.6086554184546,169.56492405582554,2.8,0.6428571428571428,0.6091730907237826,0.46944544695733637,1.0,9.396127621083249
fish8,12.7,3285,164.25,20.0,20.0,12.24835275651017,4.374411698753633,3.9369705288782697,53.579337588539396,33.24552891052761,962,353,26.17229043209877,9.76920243707233,55.1814928691711,86.8,63.8,65.7,48.8,110.44806868963292,131.02243448433686,2.7999999999999994,0.6428571428571428,0.6091730907237826,0.691147376569864,1.0,8.259499464159042
fish8,12.7,3345,167.25,20.0,20.0,11.924138351640089,4.258620839871461,3.832758755884315,50.78038408180501,32.3655183830231,852,200,25.956634042527934,9.818600141355724,52.81523418388366,86.8,63.7,65.7,48.7,101.90748605083577,124.17789853137177,2.7999999999999994,0.6428571428571428,0.6091730907237825,0.749070513661463,1.0,8.040870171181357
fish8,12.7,7405,370.25,20.0,20.0,13.500810242829493,4.821717943867676,4.339546149480909,65.09709900460348,36.64505637339434,973,380,25.607365251536425,9.805312456597225,54.87267770813365,86.9,63.7,65.5,48.8,147.91239480211797,159.18786557143696,2.8,0.6428571428571428,0.6091730907237825,0.5160885470360517,1.0,9.104076048682872
fish8,12.7,3080,154.0,20.0,20.0,11.536674725072954,4.120240973240341,3.7082168759163068,47.53387989719183,31.31383139662659,925,275,25.861744221327044,9.893528584628632,54.25527280595568,86.9,63.7,65.6,48.9,92.29262806641748,116.23892614059343,2.8000000000000003,0.6428571428571428,0.6091730907237826,0.8271071538575491,1.0,7.779589680683451
fish8,12.7,3275,163.75,20.0,20.0,12.06446050293133,4.308735893904047,3.8778623045136427,51.9825740095679,32.74639279367076,985,274,26.164595148364405,9.763264946397143,55.62786009476154,86.8,63.7,65.7,48.8,105.54770314134583,127.11772306331477,2.8,0.6428571428571428,0.6091730907237825,0.7232359459288425,1.0,8.135494383631773
fish8,12.7,3050,152.5,20.0,20.0,12.210896200990794,4.361034357496712,3.924930921747041,53.25213786834693,33.14386111697501,880,305,25.979070597029324,9.930696573850842,53.50976717088017,86.9,63.8,65.6,48.9,109.43788408754682,130.22230320553246,2.8,0.6428571428571428,0.6091730907237827,0.697527127452333,1.0,8.234241177890539
fish8,12.7,7400,370.0,20.0,20.0,13.509679839754385,4.8248856570551375,4.342397091349624,65.18266049023788,36.66913099361905,997,380,25.6439320203993,9.824261004882391,55.40819302528169,86.9,63.7,65.5,48.8,148.20410738348215,159.39709686563484,2.8000000000000003,0.6428571428571428,0.6091730907237825,0.5150727214632905,1.0,9.110057133038033
fish8,12.7,3290,164.5,20.0,20.0,13.334598081425682,4.76235645765203,4.286120811886827,63.50410928327196,36.19390907815542,1023,305,26.07574535040208,9.766458289930556,56.30220364033264,86.5,63.7,65.7,48.8,142.51640526710304,155.29238270824408,2.8,0.6428571428571428,0.6091730907237827,0.5356288125495434,1.0,8.991993282506678
fish8,12.7,7425,371.25,20.0,20.0,11.943440263301826,4.265514379750652,3.838962941775587,50.94491618680685,32.41790928610496,838,382,25.75598501924114,9.728570915974512,52.24455593521566,86.7,63.7,65.5,48.7,102.40316842274169,124.58024387415527,2.8000000000000003,0.6428571428571428,0.6091730907237825,0.7454446390459071,1.0,8.053886136037743
fish8,12.7,3090,154.5,20.0,20.0,12.13598222080977,4.334279364574918,3.9008514281174267,52.60073730850388,32.94052317076938,871,299,25.84712194325012,9.800761657545298,53.06788360079541,86.6,63.8,65.6,48.9,107.43600819832979,128.62937408366602,2.8,0.6428571428571428,0.6091730907237826,0.7105242851272897,1.0,8.18372401926002
fish8,12.7,2660,133.0,20.0,20.0,12.759064234359771,4.55680865512849,4.101127789615641,58.14061433447097,34.63174577897652,1024,242,25.94065094936041,9.8433625263532,56.26401347571361,87.1,63.8,65.7,48.9,124.84798593130981,142.17653997549135,2.8,0.6428571428571428,0.6091730907237826,0.6114307119383343,1.0,8.603890359938607
fish8,12.7,4200,210.0,20.0,20.0,13.226222992767296,4.723651068845463,4.2512859619609165,62.47606237657367,35.89974812322552,852,307,25.921366250704544,9.84795874912474,52.80932499982928,86.8,63.8,65.8,49.1,139.06972338833984,152.77840596754405,2.8,0.6428571428571428,0.6091730907237826,0.548903751745351,1.0,8.918912109511693
fish8,12.7,3040,152.0,20.0,20.0,13.965188615096618,4.987567362534507,4.488810626281056,69.65231894829436,37.90551195526225,1010,231,26.228097374056592,9.87968089989556,56.30777827395215,87.0,63.6,65.6,49.0,163.7063351422765,170.32715981238792,2.8,0.6428571428571428,0.6091730907237827,0.4662977328012671,1.0,9.417222885090629
fish8,12.7,3035,151.75,20.0,20.0,13.965188615096618,4.987567362534507,4.488810626281056,69.65231894829436,37.90551195526225,1011,231,26.222233625831123,9.879173087395564,56.321406713226686,87.0,63.6,65.6,49.0,163.7063351422765,170.32715981238792,2.8,0.6428571428571428,0.6091730907237827,0.4662977328012671,1.0,9.417222885090629
fish8,12.7,4220,211.0,20.0,20.0,12.602400469998283,4.5008573107136725,4.050771579642305,56.72160628793319,34.20651556142391,794,354,25.90134840176429,9.877821990956202,51.6591703927205,86.6,63.7,65.7,49.2,120.30533801378385,138.70651034880908,2.8000000000000003,0.6428571428571428,0.6091730907237826,0.6345179206703346,1.0,8.498246417155435
fish8,12.7,4225,211.25,20.0,20.0,12.876460150699048,4.598735768106803,4.1388621912961225,59.21543786162162,34.950391837611704,771,332,25.89176508907742,9.87995740762287,51.19172249670029,86.6,63.7,65.7,49.2,128.32596344232505,144.80490384683645,2.8000000000000003,0.6428571428571428,0.6091730907237825,0.5948593010669768,1.0,8.683054597560954
fish8,12.7,3145,157.25,20.0,20.0,11.311934522814433,4.039976615290869,3.635978953761782,45.699950945871784,30.7038222762106,799,224,25.878198259348924,9.880758390543196,51.73895664989212,86.9,63.7,65.6,48.8,87.0032982739307,111.75425263233686,2.8,0.6428571428571428,0.6091730907237828,0.8773907936421403,1.0,7.628039376978927
fish8,12.7,7430,371.5,20.0,20.0,11.954034238501974,4.269297942322134,3.8423681480899208,51.03533377688481,32.44666436164822,836,382,25.76033395225619,9.72999018680784,52.21032413906403,86.7,63.7,65.5,48.7,102.67590873076361,124.80135024286774,2.8,0.6428571428571428,0.6091730907237827,0.7434644978133635,1.0,8.06103002993339
fish8,12.7,3330,166.5,20.0,20.0,13.823025620465158,4.9367948644518425,4.443115378006659,68.24144189429863,37.519640969834,953,280,26.026121992530356,9.787770060973696,54.87389205350405,86.9,63.7,65.7,48.7,158.75755726231571,166.87701364238094,2.8,0.6428571428571428,0.6091730907237826,0.480833128440732,1.0,9.321357326568263
fish8,12.7,3170,158.5,20.0,20.0,11.24753108017508,4.0169753857768145,3.615277847199133,45.181055499823,30.529012931903786,840,302,26.009105007520137,9.789918528143565,52.5990235356637,86.9,63.6,65.6,48.8,85.52570736433849,110.4853503344725,2.8,0.6428571428571428,0.6091730907237828,0.8925490975112071,1.0,7.5846098472662895
fish8,12.7,4190,209.5,20.0,20.0,13.18518991678286,4.7089963988510215,4.238096758965919,62.08901183629729,35.78837263126776,898,259,25.64943889836441,9.794889276758829,53.40432817512324,87.0,63.6,65.6,49.0,137.77938378727825,151.8319160268708,2.8000000000000003,0.6428571428571428,0.6091730907237827,0.5540443774948594,1.0,8.891242048415018
fish8,12.7,3335,166.75,20.0,20.0,13.847461555550252,4.94552198412509,4.450969785712581,68.4829255473008,37.58596707935068,994,280,26.009507227749285,9.811715377966562,55.70122260571584,86.9,63.7,65.6,48.7,159.60098721336445,167.4675356146287,2.8,0.6428571428571428,0.6091730907237828,0.47829210993536886,1.0,9.337835345837776
fish8,12.7,2700,135.0,20.0,20.0,12.645341313278175,4.516193326170777,4.064573993553699,57.1088060461785,34.323069278897904,829,564,25.879495350402077,9.929156844573548,52.38865219497562,86.5,63.6,65.6,49.1,121.53930175879647,139.65336518577328,2.8,0.6428571428571428,0.6091730907237826,0.6280757896202332,1.0,8.527202953524974
fish8,12.7,7395,369.75,20.0,20.0,13.919689886098945,4.971317816463909,4.474186034817518,69.19920233041617,37.782015405125705,974,338,25.872046484374994,9.989094867451984,55.34114135182698,86.7,63.5,65.6,48.8,162.1114717271104,169.21911247451993,2.8000000000000003,0.6428571428571428,0.6091730907237828,0.47088520083604934,1.0,9.386541475496474
fish8,12.7,3005,150.25,20.0,20.0,13.96302010511841,4.986792894685147,4.488113605216633,69.63068944855034,37.89962599960711,986,206,26.108209803527085,9.878023976124656,55.70623377965174,86.7,63.7,65.6,49.0,163.63008618285622,170.27426722653883,2.8,0.6428571428571428,0.6091730907237828,0.46651501996242145,1.0,9.415760581762248
fish8,12.7,4185,209.25,20.0,20.0,13.10985787916716,4.682092099702557,4.213882889732302,61.381562004271885,35.58389995773943,871,277,25.709078626543207,9.806357374307844,52.935436000851055,87.0,63.6,65.6,49.0,135.43129148759647,150.10192451448358,2.8,0.6428571428571428,0.6091730907237827,0.5636503357795948,1.0,8.840442978802153
fish8,12.7,3110,155.5,20.0,20.0,12.688797557927636,4.531713413545584,4.078542072191026,57.50199409502512,34.44102194294644,851,324,25.994240137905543,9.825742116249932,52.83998225415547,87.0,63.6,65.6,48.8,122.79663745453941,140.61486373518895,2.8,0.6428571428571428,0.6091730907237825,0.6216448145846685,1.0,8.556507043350914
fish8,12.7,3270,163.5,20.0,20.0,12.736475226610827,4.54874115236101,4.093867037124909,57.93492899931118,34.57043275794367,1051,265,26.18161344333225,9.76280270681381,56.964416150146064,86.8,63.7,65.7,48.7,124.18605601183798,141.67355889055673,2.8,0.6428571428571428,0.6091730907237827,0.614689727442276,1.0,8.588657789395672
fish8,12.7,3025,151.25,20.0,20.0,13.944852424126639,4.980304437188085,4.482273993469277,69.44961040381092,37.85031372262945,1035,225,26.222676378019354,9.903512274159324,56.82618865217867,87.0,63.6,65.7,49.0,162.9922056467516,169.83145814483544,2.8000000000000003,0.6428571428571428,0.6091730907237825,0.468340756658564,1.0,9.403509468947359
fish8,12.7,7480,374.0,20.0,20.0,11.21927091907631,4.006882471098683,3.6061942239888145,44.954299984154076,30.452306780349986,886,342,25.578137213643394,9.919120909118655,53.21725812276205,86.6,63.7,65.4,49.0,84.88265889251134,109.93084441795946,2.7999999999999994,0.6428571428571428,0.6091730907237826,0.8993108123381672,1.0,7.565553016515863
fish8,12.7,7475,373.75,20.0,20.0,11.46176074489193,4.093485980318547,3.684137382286692,46.91855691898058,31.110493450420954,939,336,25.602933181122204,9.913632627868656,54.29656580899086,86.6,63.8,65.5,49.0,90.50635715429674,114.73422081522122,2.8,0.6428571428571428,0.6091730907237826,0.843431282864575,1.0,7.729072522052931
fish8,12.7,3045,152.25,20.0,20.0,14.215833602886399,5.077083429602285,4.569375086642057,72.1749732231979,38.58583406497737,1049,218,26.124399457389917,9.885442618645564,56.98984207603547,86.9,63.6,65.6,49.0,172.68000924038537,176.49603608701506,2.8,0.6428571428571428,0.6091730907237826,0.44206560596010736,1.0,9.586241706110744
fish8,12.7,3530,176.5,20.0,20.0,11.922129763840633,4.257903487085941,3.832113138377347,50.76327789494812,32.36006650185315,971,205,26.28750862961757,9.781620991982358,55.48912962159993,86.9,63.7,65.7,48.9,101.85599663091098,124.13606721453195,2.7999999999999994,0.6428571428571428,0.6091730907237826,0.7494491777313945,1.0,8.039515709060359
fish8,12.7,7435,371.75,20.0,20.0,11.948698574070626,4.2673923478823665,3.84065311309413,50.98978486214193,32.43218184390599,815,382,25.66822023262683,9.72986974550883,51.698089978135656,87.0,63.7,65.5,48.7,102.53848239663306,124.68996533281972,2.8,0.6428571428571428,0.6091730907237825,0.7444609198210103,1.0,8.057432001823997
fish8,12.7,3000,150.0,20.0,20.0,14.21248740512443,5.075888358973011,4.56829952307571,72.14099937172163,38.57675152819488,1003,206,26.13975038789349,9.877363138665094,56.07711352655858,86.9,63.7,65.7,49.0,172.5580989514903,176.41295673348864,2.7999999999999994,0.6428571428571428,0.6091730907237826,0.44237792016651467,1.0,9.583985246064943
fish8,12.7,4195,209.75,20.0,20.0,13.184770990205907,4.708846782216396,4.237962103994756,62.08506645149117,35.787235544844606,1057,382,25.654300009475527,9.802441357252336,56.59674136672786,87.0,63.7,65.6,49.0,137.76625141403602,151.82226801803867,2.8,0.6428571428571428,0.6091730907237828,0.554097190992239,1.0,8.890959551339154
fish8,12.7,4230,211.5,20.0,20.0,13.223759843557579,4.722771372699135,4.250494235429222,62.45279442860213,35.89306243251343,780,332,25.9470472580898,9.879228240956202,51.426275499046,86.9,63.7,65.7,49.2,138.9920400566022,152.72150673500602,2.8,0.6428571428571428,0.6091730907237826,0.5492105367398117,1.0,8.917251120480577
fish8,12.7,1650,82.5,20.0,20.0,13.670425965385473,4.882294987637669,4.394065488873903,66.74305216967333,37.10544190604628,875,417,26.21882221135268,9.834593077500664,53.553415288853344,86.7,63.6,65.5,48.8,153.55756287105356,163.21286476778351,2.8,0.6428571428571428,0.6091730907237827,0.4971158143877891,1.0,9.218453957077081
fish8,12.7,3175,158.75,20.0,20.0,11.171381179677816,3.9897789927420773,3.59080109346787,44.57134195059275,30.322320344839788,850,205,26.02701299363124,9.785289644018809,52.81230263765005,86.9,63.6,65.6,48.8,83.80032077771558,108.99436225672292,2.8,0.6428571428571428,0.6091730907237825,0.9109260228792271,1.0,7.533259263652617
fish8,12.7,3020,151.0,20.0,20.0,14.182006585510909,5.065002351968182,4.558502116771364,71.831896711241,38.49401787495818,1062,232,26.15570982801649,9.90260732624266,57.29831715425915,86.7,63.6,65.6,49.0,171.45024781544083,175.65707984317004,2.7999999999999994,0.6428571428571428,0.6091730907237826,0.4452364105312953,1.0,9.563430946375037
fish8,12.7,7385,369.25,20.0,20.0,14.186583488735451,5.066636960262661,4.559973264236396,71.87826824387905,38.50644089799623,1071,363,26.0052061299642,9.90712554294798,57.332331672912176,86.7,63.5,65.6,48.6,171.61629578503022,175.77047637568532,2.8,0.6428571428571428,0.6091730907237825,0.4448056204270233,1.0,9.566517314842871
fish8,12.7,3340,167.0,20.0,20.0,13.856313769629624,4.948683489153438,4.453815140238094,68.57051117229555,37.60999451756612,1064,280,26.011456104118437,9.81701485713323,57.10847096125167,86.9,63.7,65.7,48.7,159.90726547143146,167.6817167211734,2.8,0.6428571428571428,0.6091730907237828,0.4773760135100669,1.0,9.343804708322567
fish8,12.7,4205,210.25,20.0,20.0,11.886776532628778,4.245277333081707,3.8207495997735363,50.46266297737652,32.26410773142097,750,345,25.8869777107898,9.853577219380274,50.74055493017008,86.7,63.8,65.7,49.1,100.9525663213789,123.40094617505564,2.8,0.6428571428571428,0.6091730907237827,0.7561560414327193,1.0,8.015675769106359
fish8,12.7,2725,136.25,20.0,20.0,13.278275054524764,4.742241090901702,4.268016981811532,62.96878157986237,36.04103229085293,1088,563,25.953866019524483,9.871536383565264,57.58540240308975,86.8,63.4,65.6,49.1,140.71812866014142,153.98329711472164,2.8,0.6428571428571428,0.6091730907237826,0.5424737640337179,1.0,8.954012664234503
fish8,12.7,2720,136.0,20.0,20.0,13.440889836048893,4.800317798588891,4.320286018730002,64.52054270885802,36.48241526927556,903,578,26.02908295715708,9.872047456518809,53.96113041367589,86.8,63.4,65.6,49.1,145.95169188105996,157.7779599457653,2.8,0.6428571428571428,0.6091730907237828,0.5230216377639264,1.0,9.063669589338085
fish8,12.7,7450,372.5,20.0,20.0,12.24319265881854,4.372568806720907,3.9353119260488167,53.53420231462435,33.23152293107889,1028,314,25.69742549896241,9.93774398548338,56.195169484445785,87.1,63.7,65.5,49.0,110.3085357825431,130.91206108788168,2.8,0.6428571428571428,0.6091730907237827,0.6920216316943304,1.0,8.256019826940365
fish8,12.7,3125,156.25,20.0,20.0,12.267592089928048,4.381282889260017,3.9431546003340157,53.74779131602329,33.29774995837613,755,288,25.9220134762611,9.8309537030432,50.8529671793043,87.0,63.6,65.6,48.8,110.9693518719884,131.43436972777707,2.8,0.6428571428571428,0.6091730907237826,0.6879006827948961,1.0,8.272473230282104
fish8,12.7,4210,210.5,20.0,20.0,11.575083860526645,4.133958521616659,3.7205626694549934,47.85091656365158,31.418084764286608,750,325,25.895354446900928,9.878277753183578,50.773632200084506,86.7,63.7,65.7,49.2,93.21751202910728,117.0142047784025,2.8,0.6428571428571428,0.6091730907237827,0.8189007758350376,1.0,7.8054903254481065
fish8,12.7,3030,151.5,20.0,20.0,14.438148029053066,5.156481438947524,4.640833295052771,74.4500423245889,39.18925893600118,1082,204,26.22894806850104,9.88060537906223,57.74955344756327,87.0,63.6,65.6,49.0,180.90873612731806,182.05946978553288,2.8,0.6428571428571428,0.6091730907237826,0.4219580245606549,1.0,9.736156222805445
fish8,12.7,3390,169.5,20.0,20.0,10.787540138116363,3.85269290647013,3.467423615823117,41.561079368382714,29.280466089172986,841,339,26.0587759545597,9.828388602352142,52.70716455691184,86.7,63.7,65.8,48.9,75.45575048933121,101.63309297438991,2.8,0.6428571428571428,0.6091730907237826,1.0116643519812472,1.0,7.274421610939359
fish8,12.7,1515,75.75,20.0,20.0,14.581787696411169,5.207781320146847,4.687003188132162,75.93876157971721,39.57913803311603,1076,287,26.29037630116027,9.798177012083269,57.60855331324353,86.7,63.5,65.6,48.9,186.36200815402523,185.69997058023367,2.8,0.6428571428571428,0.6091730907237827,0.40961080897431373,1.0,9.833017554215553
fish9,14.0,500,25.0,20.0,20.0,10.12624145584109,3.6165148056575322,3.254863325091779,36.62170215071239,27.485512522997244,1417,919,25.26644002700617,8.890891872151693,62.49733189915786,86.3,61.7,65.4,47.8,62.412259460876285,89.55438396037503,2.8,0.6428571428571428,0.6091730907237827,1.3482896461055907,1.0,6.828484412649689
fish9,14.0,425,21.25,20.0,20.0,9.685725236185675,3.4591875843520272,3.1132688259168244,33.504740482458594,26.289825641075403,1354,210,24.92631015353733,8.940768202675713,60.94707835621304,86.1,61.8,65.1,47.8,54.61620294771705,81.9321936842428,2.8,0.6428571428571428,0.6091730907237827,1.5407479590206965,1.0,6.531428673602381
fish9,14.0,600,30.0,20.0,20.0,9.061213825305984,3.2361477947521373,2.9125330152769235,29.32342713854154,24.59472324011624,1349,487,25.329378076605146,8.80592122267617,61.11529929928132,86.5,61.8,65.3,47.8,44.71818887248176,71.70724730903713,2.8,0.6428571428571428,0.6091730907237827,1.8817802183607317,1.0,6.110298439515974
fish9,14.0,645,32.25,20.0,20.0,9.840980046632373,3.5146357309401335,3.16317215784612,34.587460099363035,26.711231555145012,1519,381,25.053262730275847,8.887317706256443,64.32058043653228,86.6,61.8,65.3,47.8,57.28489518426298,84.57986658307894,2.8,0.6428571428571428,0.6091730907237826,1.4689701875246235,1.0,6.63612250869878
fish9,14.0,605,30.25,20.0,20.0,9.931506043228762,3.5469664440102724,3.192269799609245,35.22671867381765,26.95694497447807,1439,487,25.26156116709768,8.80219075392617,62.84375192102385,86.5,61.8,65.3,47.7,58.88035268081974,86.1431038021211,2.8,0.6428571428571428,0.6091730907237826,1.4291660866455196,1.0,6.6971674047141185
fish9,14.0,420,21.0,20.0,20.0,8.506417282084637,3.038006172173085,2.7342055549557767,25.842548206052925,23.088846908515443,1270,210,24.843610431058917,8.888596981800923,59.13220741285984,86.2,61.8,65.0,47.7,36.99688151187584,63.195136999232716,2.8,0.6428571428571428,0.6091730907237827,2.274510709615983,1.0,5.736179417754585
fish9,14.0,610,30.5,20.0,20.0,10.015156901566304,3.5768417505593946,3.219157575503455,35.82263134392542,27.183997304251395,1491,456,25.204391126543207,8.803180337259503,63.82757146380271,86.5,61.8,65.3,47.7,60.38072753976636,87.6003433330981,2.8,0.6428571428571428,0.6091730907237827,1.3936533501643331,1.0,6.753576150718609
fish9,14.0,505,25.25,20.0,20.0,10.035036488270247,3.58394160295366,3.225547442658294,35.964984757469736,27.237956182447814,1486,1058,25.213705734516665,8.897923122151692,63.83162885666836,86.3,61.7,65.3,47.8,60.74099991075953,87.9484531015123,2.8,0.6428571428571428,0.6091730907237827,1.3853871906091073,1.0,6.766981662381525
fish9,14.0,510,25.5,20.0,20.0,9.540516076163009,3.4073271700582177,3.066594453052396,32.507659642687436,25.89568649244245,1355,1129,25.158419210476342,8.89657545636495,61.1549946668413,86.3,61.7,65.3,47.8,52.19641459937839,79.49394108754686,2.8,0.6428571428571428,0.6091730907237827,1.6121759294585212,1.0,6.433508977522373
fish9,14.0,430,21.5,20.0,20.0,11.187022174930942,3.9953650624753365,3.595828556227803,44.69623755085593,30.364774474812556,1800,210,24.843319787126703,8.960507790078056,69.80382757720476,86.1,61.8,65.1,47.8,84.1527990580591,109.29978084417415,2.8,0.6428571428571428,0.6091730907237826,0.99996440003259,1.0,7.543806542497395
fish9,14.0,640,32.0,20.0,20.0,10.798951634484018,3.8567684408871497,3.4710915967984346,41.64905585854466,29.311440150742335,1685,381,25.052524938437383,8.88687499792311,67.63939993636049,86.6,61.9,65.3,47.8,75.69546432587093,101.84822989912992,2.8,0.6428571428571428,0.6091730907237827,1.1116888438505128,1.0,7.2821167884058795
fish9,14.0,750,37.5,20.0,20.0,9.86485694494851,3.5231631946244684,3.1708468751620216,34.755500908678165,26.776040279145956,1269,311,25.1315443081326,8.849625600592297,59.36116990872489,86.5,61.9,65.2,47.7,57.70287395730957,84.9907920801104,2.8,0.6428571428571428,0.6091730907237827,1.4583294981704362,1.0,6.652223549611658
fish9,14.0,635,31.75,20.0,20.0,11.12603661571989,3.9735845056142467,3.576226055052822,44.21024670512133,30.199242242668273,1687,381,25.224256772170836,8.81635742008421,67.78061419225504,86.4,61.7,65.4,47.8,82.78402223207443,108.1113431625767,2.8,0.6428571428571428,0.6091730907237827,1.016498123094961,1.0,7.502681813022455
fish9,14.0,960,48.0,20.0,20.0,7.350464740934235,2.625165978905084,2.3626493810145757,19.296189967041926,19.95126143967864,985,253,24.882434407533243,8.883411414930558,53.465845822463805,86.1,61.8,65.2,48.0,23.870936918396424,47.186730921713696,2.8,0.6428571428571428,0.6091730907237826,3.525199011200274,1.0,4.956679546708631
fish9,14.0,625,31.25,20.0,20.0,11.342076414083214,4.050741576458291,3.645667418812462,45.943820493893845,30.78563598108301,1744,368,25.23938263135369,8.817952472676172,68.93733510402987,86.4,61.7,65.3,47.7,87.70064264442695,112.35060905099625,2.8,0.6428571428571428,0.6091730907237827,0.9595118197973956,1.0,7.648365125243397
fish9,14.0,630,31.5,20.0,20.0,11.478207123034965,4.099359686798202,3.6894237181183818,47.053299556889506,31.155133619666334,1767,368,25.20318029285949,8.819710285176173,69.36289057803566,86.4,61.7,65.3,47.7,90.89651674672443,115.06371926074597,2.8,0.6428571428571428,0.6091730907237827,0.925775884851909,1.0,7.740162899196711
fish9,14.0,515,25.75,20.0,20.0,8.467704050834337,3.0241800181551204,2.7217620163396083,25.60786139018437,22.983768137978913,1159,849,25.118419458836684,8.910107362270356,57.20852682110704,86.3,61.7,65.4,47.8,36.494051591834534,62.6212359519183,2.8,0.6428571428571428,0.6091730907237827,2.3058498454028467,1.0,5.7100737103893415
fish9,14.0,755,37.75,20.0,20.0,9.540515333306365,3.4073269047522734,3.066594214277046,32.50765458037638,25.895684476117275,1089,311,25.172911232258368,8.854039663092298,55.80695089535067,86.5,61.9,65.3,47.7,52.196402406814585,79.49392870821652,2.8,0.6428571428571428,0.6091730907237828,1.6121763060468872,1.0,6.433508476587743
fish9,14.0,585,29.25,20.0,20.0,6.932184449263917,2.475780160451399,2.2282021444062594,17.162564728077314,18.815929219430632,823,692,24.82003773960066,8.893876918697357,50.17391465829802,86.0,61.8,65.1,47.7,20.02328820147114,41.969182783414865,2.8,0.6428571428571428,0.6091730907237827,4.2025966152238965,1.0,4.6746182839740955
fish9,14.0,580,29.0,20.0,20.0,6.932184449263917,2.475780160451399,2.2282021444062594,17.162564728077314,18.815929219430632,823,672,24.825302545994887,8.894742804114024,50.18004535010891,86.1,61.8,65.1,47.7,20.02328820147114,41.969182783414865,2.8,0.6428571428571428,0.6091730907237827,4.2025966152238965,1.0,4.6746182839740955
fish9,14.0,945,47.25,20.0,20.0,7.141242138011369,2.550443620718346,2.2953992586465115,18.21333545489614,19.38337151745943,845,362,24.949052384440108,8.787649678378639,50.63670206281875,86.1,61.8,65.1,47.8,21.89002945204877,44.53872815125694,2.8,0.6428571428571428,0.6091730907237827,3.8442069438732203,1.0,4.815593311597311
