FishID,FrameIndex,Timestamp (s),FPS_Top,FPS_Front,Length (cm),Width (cm),Height (cm),Area (cm²),Perimeter (cm),TopMaskPixels,FrontMaskPixels,BlurTop,BlurFront,Score
fish01,1728,86.4,20.0,20.0,15.621750808853024,6.111287369732779,4.8,64.20174440652255,36.087267595908976,1731,553,27.868028956585174,10.425536959319645,72.91356591590483
fish01,1798,89.9,20.0,20.0,17.08547851558285,4.457892761286371,9.466666666666667,56.408797876374656,37.12849653700421,1518,2840,28.28500375010173,10.419706893539429,69.06471064364115
fish01,2305,115.25,20.0,20.0,16.36499522603485,5.3469788809249446,7.2,71.86196435343192,37.36411754905675,1934,2617,26.72784091659358,10.13707355752521,75.5449144741188
fish01,2308,115.4,20.0,20.0,16.0926877510193,4.745044369230867,7.6,62.13500189609404,36.34168276503429,1667,2702,26.753848695637263,10.143583971394435,70.2374326670317
fish01,2310,115.5,20.0,20.0,16.305453780143647,4.976339471676706,7.6,62.43837694349639,36.52279089033238,1676,2712,26.778605765618224,10.146282538350423,70.44488830396864
fish01,2312,115.6,20.0,20.0,16.03013476428516,5.325374009660637,7.733333333333333,58.987485779294644,35.88478660276284,1582,2727,26.833679756145713,10.156305324035218,68.62998508018093
fish01,2314,115.7,20.0,20.0,16.019526771380104,5.3518962204932246,8.0,59.08229048160788,35.99588399452904,1585,2799,26.88587994563727,10.156656889502207,68.74253683513948
fish01,2316,115.8,20.0,20.0,15.9371632836101,5.573652300747616,8.133333333333333,61.13007205157375,36.19731937051738,1639,2749,26.94069311154213,10.178867173767088,69.89956028530922
fish01,2318,115.9,20.0,20.0,15.718724801136803,5.263499993900955,8.133333333333333,58.475540386803175,35.291227080110176,1571,2730,26.919702907910764,10.184615885416667,68.52431879332744
fish01,2336,116.8,20.0,20.0,8.035590282701971,4.033802216359265,8.133333333333333,24.36480849450132,20.390768972763794,663,2667,26.822806934780544,10.150087889342839,50.232894824123385
fish01,2337,116.85,20.0,20.0,14.59770955090502,5.105027871320377,8.133333333333333,60.54228289723169,33.845958107463176,830,2715,26.875046459791392,10.147132160939112,53.6221786207305
fish01,2340,117.0,20.0,20.0,15.209261827595022,4.7470032822064026,8.133333333333333,61.22487675388698,34.93897300142243,847,2798,26.89348411230393,10.143027343071832,53.97651145537576
fish01,2343,117.15,20.0,20.0,15.169215911521773,4.856863237300238,8.133333333333333,58.13424345847553,34.65730070409892,809,2843,26.90192601627303,10.152415359454684,53.234341375727716
fish01,2345,117.25,20.0,20.0,6.815739441431503,5.063120727920545,8.133333333333333,26.75388699279484,19.6004052281682,731,2820,26.955098889593433,10.154661451170178,51.72976034076362
fish01,2347,117.35,20.0,20.0,7.594681091880817,5.257856140532874,8.4,31.626848691695102,21.374635893295874,865,2941,28.083075117530353,10.282737550004324,55.66581266753468
fish01,2348,117.4,20.0,20.0,7.789416504493146,5.4525915531452025,8.4,32.78346605991656,21.865687861294337,894,2941,28.070106212455844,10.277802654170992,56.227908866626834
fish01,2466,123.3,20.0,20.0,14.890846726274761,5.670609950185181,8.533333333333333,63.57603337125521,34.50019351096258,1703,3023,28.375849910481765,10.291588541497125,72.72743845197888
fish01,2469,123.45,20.0,20.0,15.148861639421028,5.603847194838091,8.533333333333333,62.571103526734916,34.57937826871576,1679,3091,28.323319473812905,10.28809895816379,72.1914184319767
fish01,2472,123.6,20.0,20.0,15.433721906040898,5.983995540583613,8.533333333333333,62.74175199089874,34.94632990543049,1690,3234,28.324968795192394,10.291110024759504,72.41607881995189
fish01,2473,123.65,20.0,20.0,15.524686188058434,5.998654702207702,8.666666666666666,64.2207053469852,35.24719497206016,1726,3277,28.300971326964582,10.308082680500881,73.12905400746547
fish01,2476,123.8,20.0,20.0,15.15591283470498,6.209077761470525,8.666666666666666,64.84641638225254,35.03647110228424,1742,3373,28.334756081738895,10.299973956807454,73.47473003854635
fish01,2479,123.95,20.0,20.0,15.25418088326611,5.399428274416664,8.933333333333334,61.035267349260515,34.40573202235551,1642,3570,28.336166663935153,10.29244466017617,71.46861132411132
fish01,2480,124.0,20.0,20.0,15.327545405626315,5.4865642447089735,8.933333333333334,63.06408797876374,34.99067169184482,1702,3615,28.329304740547837,10.292161457655165,72.661466198203
fish01,2483,124.15,20.0,20.0,15.5017215177036,6.096182122692759,8.933333333333334,66.11679939324989,35.82067665814147,1782,3804,28.329396028476296,10.288437499321832,74.25783352779813
fish01,2485,124.25,20.0,20.0,15.835353294560782,5.507949230406062,8.8,63.993174061433436,35.595151300050944,1718,3920,28.326019375101726,10.28342773411009,72.96944710921181
fish01,2487,124.35,20.0,20.0,16.110751053223744,5.645647366880897,8.666666666666666,66.26848691695108,36.200867068144575,1776,4016,28.335893526882593,10.286744791497123,74.14263831837971
fish01,2488,124.4,20.0,20.0,16.192646541306758,6.157991881352561,8.666666666666666,69.01782328403488,36.57293991214837,1852,4021,28.344699982800897,10.28676106718911,75.67146104999
fish01,2492,124.6,20.0,20.0,16.3750089336231,5.805013888863273,9.066666666666666,67.34926052332195,37.00060856539662,1805,4276,28.432842331102158,10.289296874830457,74.82213920593261
fish01,2494,124.7,20.0,20.0,16.523847691218187,5.370250351074581,9.066666666666666,61.831626848691684,36.46428712231858,1659,4378,28.477950918616777,10.291761067612969,71.94971198622974
fish01,2495,124.75,20.0,20.0,16.469093213553887,5.838059866761144,9.066666666666666,63.38642396662873,36.76848387779135,1704,4378,28.50416169552273,10.320777994526757,72.90493969004949
fish01,2498,124.9,20.0,20.0,13.589713996510886,5.955985387889061,9.066666666666666,54.740235115661726,31.543379102853386,1471,4649,28.274398234878355,10.270237630112971,67.96463586499132
fish01,2499,124.95,20.0,20.0,13.940700390332214,5.656862645094072,9.066666666666666,53.88699279484261,31.7037472973801,1449,4636,28.28011024034288,10.267731119526756,67.52784135986964
fish01,2502,125.1,20.0,20.0,13.363019405273802,5.973331462001778,9.066666666666666,54.96776640121349,31.467696148115248,1480,4613,28.294910780089577,10.269586588446302,68.16449736853588
fish01,2504,125.2,20.0,20.0,16.276208999703424,6.362723915850282,9.066666666666666,65.09290860826695,36.91090528253569,1615,4553,28.27610869675624,10.264899088022446,70.84100778477868
fish01,2507,125.35,20.0,20.0,15.835353294560782,6.058744004875339,9.2,63.19681456200227,35.76719724748151,1698,4619,28.293252793978464,10.242900381713442,72.49615317569192
fish01,2509,125.45,20.0,20.0,15.697654415229302,5.921044754115535,9.333333333333334,60.61812665908228,35.32641109229235,1626,4736,28.310318711947218,10.263352823850841,71.09367153579805
fish01,2510,125.5,20.0,20.0,15.697654415229302,5.7833462462123775,9.333333333333334,58.79787637466817,35.20161451861714,1580,4738,28.315952392502776,10.272913399918876,70.18886579242165
fish01,2535,126.75,20.0,20.0,12.318195989796948,5.773536452773458,10.0,49.94311717861205,29.43747979884124,1343,5248,28.303574531536334,10.39845685763889,65.56203138917522
fish01,2536,126.8,20.0,20.0,12.03420709402285,6.108271743178292,10.0,51.63064087978763,29.447749513401124,1388,5251,28.309998142647455,10.408590334479014,66.47858847712646
fish01,2538,126.9,20.0,20.0,12.156452326547331,6.178416353406354,10.0,51.97193780811527,29.58637069568717,1399,5305,28.30175612836296,10.397317545403375,66.67907367376634
fish01,2541,127.05,20.0,20.0,12.80598240640808,5.507949230406062,10.0,49.16571861964353,29.665460460646734,1338,5298,28.290337208764342,10.390579248004487,65.44091645676883
fish01,2542,127.1,20.0,20.0,12.419748950446747,5.787434186335385,10.0,50.37921880925293,29.479517940367746,1366,5221,28.3322990143199,10.390191880957286,66.04249089527718
fish01,2548,127.4,20.0,20.0,11.987540839520339,5.5038453188651655,10.0,46.643913538111484,28.434962069354807,1262,5285,28.266378602129137,10.411448446390365,63.917827048519506
fish01,2549,127.45,20.0,20.0,12.081618433741314,5.425111428667581,10.0,45.77171027682972,28.374983313041803,1236,5286,28.276109300778234,10.413300662189059,63.40940996296729
fish01,2552,127.6,20.0,20.0,11.844013506944243,6.409702170144119,10.4,51.76336746302616,29.35935495823631,1397,5385,28.212502723053344,10.413847550286187,66.56635027333954
fish01,2553,127.65,20.0,20.0,12.25518688908216,5.921044754115535,10.4,49.69662495259764,29.23077928708867,1343,5381,28.16215989583333,10.41300119611952,65.43516109195285
fish01,2555,127.75,20.0,20.0,12.68762008557231,5.631330662170619,10.4,49.86727341676146,29.599871627728774,1343,5459,28.179889600042657,10.411754444874656,65.45164404491732
fish01,2558,127.9,20.0,20.0,11.97978838756255,6.058744004875339,10.4,48.805460750853236,29.024943530114864,1317,5327,28.266342591386955,10.403600145806209,65.00994273719317
fish01,2561,128.05,20.0,20.0,12.109461443690511,5.1069366414723065,10.666666666666666,43.0982176715965,27.892970587211913,1173,5382,28.163280270724826,10.414029846149022,62.03731011687385
fish01,2563,128.15,20.0,20.0,12.51602317176998,4.8647178320468525,10.933333333333334,42.41562381494121,28.356879594792964,1155,5499,28.167841961877134,10.434228385066987,61.70207034694412
fish01,2564,128.2,20.0,20.0,12.51602317176998,4.91194828617201,10.933333333333334,42.45354569586651,28.3780086663755,1156,5419,28.204516825188527,10.430647690825992,61.75516451601452
fish01,2567,128.35,20.0,20.0,11.842090993944362,5.645647366880897,11.066666666666666,44.02730375426621,28.61649195151367,1194,5481,28.188614226447207,10.44218087497288,62.510795101420086
fish01,2568,128.4,20.0,20.0,11.84208950823107,5.645647366880897,11.066666666666666,44.80470231323473,28.863620416583974,1215,5516,28.171951984998923,10.451839101060234,62.923791086059154
fish01,2572,128.6,20.0,20.0,11.5666932352814,5.7833462462123775,11.066666666666666,44.577171027682965,28.288089281873393,1211,5515,28.135745496283633,10.436594946119522,62.79234044240315
fish01,2573,128.65,20.0,20.0,11.814551069506736,5.370250351074581,11.066666666666666,42.150170648464155,27.620038114400096,1144,5451,28.016491934015722,10.44121085166931,61.337702785685025
fish01,2576,128.8,20.0,20.0,12.261477399160594,5.218331338396804,11.333333333333334,43.022373909745916,28.253198256995258,1169,5609,28.042820184024762,10.43541010131836,61.858230285343126
fish01,2578,128.9,20.0,20.0,11.956207889048173,5.338023744057262,11.466666666666667,43.06029579067121,27.96903012384104,1175,5617,28.02291559960636,10.45136382419798,61.97427942380434
fish01,2581,129.05,20.0,20.0,12.540718698110023,5.399475817242009,11.2,44.42548350398179,28.58699963731043,1206,5581,27.98739907948058,10.473736826578776,62.58113590605936
fish01,2589,129.45,20.0,20.0,11.746402143658186,5.393384021316383,11.333333333333334,46.77664012135001,28.45694449750945,1266,5303,28.06249884138696,10.404960758421158,63.78745959980812
fish01,2592,129.6,20.0,20.0,12.284953154887884,5.638677514399683,10.933333333333334,46.94728858551383,29.108792452605652,1283,5144,28.10846673265622,10.41591128472222,64.18437801737844
fish01,2594,129.7,20.0,20.0,12.78456733501683,5.591070803383319,11.333333333333334,46.643913538111484,29.49289913320372,1268,5167,28.05698676215277,10.419667805820037,63.83665456797281
fish01,2596,129.8,20.0,20.0,12.765857747530356,5.585062950258693,10.8,48.065984072810004,29.84214011569243,1299,5020,28.087030321587456,10.421959461805557,64.48898978339301
fish01,2597,129.85,20.0,20.0,12.963121844165713,5.428823483327706,11.066666666666666,47.34546833522942,29.44631087864904,1282,5142,27.583179957241477,10.300309188323551,63.52348914556503
fish01,2600,130.0,20.0,20.0,12.719971492506158,5.132281795949288,10.4,46.90936670458854,29.585391378485024,1264,4756,27.54955994780741,10.283860615878634,63.11342056368605
fish01,2602,130.1,20.0,20.0,12.914956504951547,4.459424531690449,10.0,43.51535836177474,29.307729508836367,1173,4656,27.5857709851677,10.295540303378633,61.34131128854633
fish01,2605,130.25,20.0,20.0,16.579508453990616,5.6171762716374944,9.6,60.656048540007575,36.75056724334595,1631,4352,27.59418263406636,10.308479741149478,70.52266237521584
fish01,2606,130.3,20.0,20.0,13.413557428615333,5.717628690166226,9.6,50.113765642775874,31.030073656881566,1351,4249,27.56304550170898,10.312089761691622,64.8951352634006
fish01,2609,130.45,20.0,20.0,12.822689252376906,5.198387866021304,9.066666666666666,45.487296169890016,30.06784935401712,1230,3982,27.580901404486763,10.317268814076321,62.49817021856308
fish01,2612,130.6,20.0,20.0,12.090650084843535,5.312558989660273,8.666666666666666,44.29275692074326,28.452607862909918,1202,3716,27.613657450188526,10.314466078016496,61.96812352820502
fish01,2614,130.7,20.0,20.0,11.915514944836248,4.888416444767946,8.4,38.90784982935153,27.446912308763192,1059,3491,27.60310178989363,10.320094338215723,59.10319612810935
fish01,2615,130.75,20.0,20.0,12.261564313388176,4.964437793922616,8.4,40.57641259006446,28.215740407048177,1102,3494,27.60193426581488,10.327467373148599,59.969401638963475
fish01,2618,130.9,20.0,20.0,12.4687923462165,4.581336593009193,8.4,39.76109215017064,28.203474102752246,1078,3489,27.599460472653238,10.296139240858293,59.45559971351153
fish01,2620,131.0,20.0,20.0,11.704391371756236,5.09485259241162,8.4,40.25407660219946,27.629873095322168,1092,3454,27.599790353732637,10.294690678649477,59.73448103238212
fish01,2621,131.05,20.0,20.0,11.566692492424755,4.957154455936784,8.8,40.14031095942358,27.270142141278033,1090,3517,27.608792089843753,10.298137956364945,59.7069300462087
fish01,2625,131.25,20.0,20.0,11.992925064490638,4.4131969340374075,8.0,36.860068259385656,27.225818740565693,1009,3216,27.6194868332851,10.30205072322421,58.101537556509314
fish01,2626,131.3,20.0,20.0,11.97978838756255,4.957154455936784,8.0,40.27303754266211,28.02026371636021,1094,3253,27.62067608680255,10.304179626295303,59.80485571309785
fish01,2630,131.5,20.0,20.0,12.056997935922517,4.991460318706293,8.4,40.50056882821387,27.43007353609689,1098,3136,27.66431318690924,10.301826109049056,59.9261392959583
fish01,2634,131.7,20.0,20.0,12.391858397672204,4.238663507913392,8.4,37.5237011755783,27.870242748841534,1019,3188,27.667064887152776,10.305956973224216,58.353021860376984
fish01,2647,132.35,20.0,20.0,12.36692441434879,5.136263136143592,8.266666666666666,43.45847554038679,28.740228816969072,1168,3796,27.79495566880968,10.267220036782152,61.42217570559183
fish01,2650,132.5,20.0,20.0,12.6682835270766,3.855564164141585,8.266666666666666,36.9169510807736,28.126252157972,1001,3759,27.779130965169262,10.23447589534124,58.0336068605105
fish01,2653,132.65,20.0,20.0,12.220263712439813,5.200791007271154,8.133333333333333,44.823663253697376,28.671728310998528,1203,3753,27.83168318112221,10.236728492217594,62.128411673339805
fish01,2656,132.8,20.0,20.0,12.80598092069479,5.0948529638399425,8.0,42.263936291240036,28.86806286182702,1136,3761,27.921587726658945,10.259661431842382,60.90124915850133
fish01,2657,132.85,20.0,20.0,12.891486692077425,5.102068330442663,8.0,43.00341296928327,29.114082984781472,1157,3730,27.935754408923508,10.27370766617457,61.349462075098074
fish01,2660,133.0,20.0,20.0,12.908361423648246,4.752869249711641,8.0,40.42472506636329,28.800946785287667,1096,3712,28.000090338643385,10.289124331145821,60.209214669789205
fish01,2663,133.15,20.0,20.0,12.69232385385486,4.860889891749949,8.0,42.51042851725445,28.917171164696217,1145,3580,27.9310322174449,10.297265604485403,61.1282978219303
fish01,2665,133.25,20.0,20.0,12.443142991942976,3.8350524064318847,8.0,35.3811149032992,27.5531289698652,961,3319,27.935494023000462,10.302327454365626,57.45782147736609
fish01,2669,133.45,20.0,20.0,13.20126385631785,4.055428259037985,7.6,37.97876374668183,28.970880396631035,1031,3065,27.888358575590157,10.295032531568738,58.8033911071589
fish01,2671,133.55,20.0,20.0,12.690802483443827,4.84254281830673,7.466666666666667,41.01251422070534,28.73825525578905,1106,2872,27.933944425436895,10.306858694193096,60.36080311962999
fish01,2673,133.65,20.0,20.0,12.774645741652686,4.6736506455525335,7.2,39.950701554797114,28.605343692898526,1083,2854,27.90941300438775,10.30777991926405,59.877192923651805
fish01,2676,133.8,20.0,20.0,12.94247785797302,5.015983873732784,7.2,42.41562381494121,29.33250774762109,1146,2792,27.93475593050733,10.309576792017618,61.16433272252495
fish01,2677,133.85,20.0,20.0,13.24295594271866,4.120030787258471,7.2,37.33409177095183,29.126000750024804,1008,2818,27.903497417233314,10.290693331813813,58.35419074904712
fish01,2679,133.95,20.0,20.0,13.125164135787026,3.8947078808182503,7.066666666666666,37.03071672354948,28.84663163330372,1004,2768,27.883406147351682,10.324355440097385,58.28776158744907
fish01,2683,134.15,20.0,20.0,13.289455797332465,4.1389298031896775,7.066666666666666,40.216154721274165,29.400434977189345,1088,2665,27.88789836033951,10.298385394244727,59.94628375458424
fish01,2685,134.25,20.0,20.0,12.94367980002627,4.54405744651402,6.8,39.9886234357224,28.894608263715526,1079,2559,27.900272860585915,10.308395169311096,59.78866802989701
fish01,2688,134.4,20.0,20.0,13.319902519825938,4.907332917830335,6.8,43.00341296928327,29.59717496524667,1157,2488,27.929105408393006,10.326608048502603,61.395713456895606
fish01,2689,134.45,20.0,20.0,13.494473831638901,4.681756697273824,6.8,42.68107698141827,29.867561993332384,1151,2414,27.937686119079594,10.324684221384258,61.28237034046386
fish01,2695,134.75,20.0,20.0,12.80598092069479,4.2686608021360275,6.4,39.24914675767918,28.670771999138136,1062,2266,27.91583297458225,10.325686829365626,59.48151980394788
fish01,2697,134.85,20.0,20.0,12.727282687616214,5.207351174312092,7.466666666666667,44.36860068259385,29.1196623256927,1196,2573,27.996986306348255,10.267311100260416,62.18429740660867
fish01,2698,134.9,20.0,20.0,13.081378679357751,5.232551100314777,7.466666666666667,44.91846795601061,29.710646155425202,1210,2573,28.003292697463802,10.24166005859375,62.444952756057546
fish01,2700,135.0,20.0,20.0,13.150336576093808,4.615681084324294,7.466666666666667,40.841865756541516,29.45775662813664,1104,2573,27.949646907382537,10.240706284575996,60.270353191958534
fish01,2704,135.2,20.0,20.0,13.081378679357751,4.819455576605304,7.466666666666667,43.11717861205915,29.55607382130776,1160,2117,27.957550542459373,10.243541573037042,61.40109211549641
fish01,2705,135.25,20.0,20.0,12.799944467589292,4.963675251575483,7.466666666666667,43.667045885475915,29.289111362360163,1179,2119,27.968127852809577,10.24196605614556,61.79009390895514
fish01,2708,135.4,20.0,20.0,12.668282041363309,4.54405744651402,7.466666666666667,40.216154721274165,28.66860664165782,1089,2310,27.939482123462067,10.253815018335976,59.97329714179804
fish01,2709,135.45,20.0,20.0,13.036741909212145,4.281025279580584,7.466666666666667,39.571482745544174,29.098790468223847,1078,2286,27.919573279486762,10.257861236476902,59.73743451596367
fish01,2712,135.6,20.0,20.0,12.870374706197746,4.741717114313377,7.6,40.82290481607887,28.9397586031605,1107,2289,27.824230240715877,10.27442049454583,60.23865073526171
fish01,2716,135.8,20.0,20.0,12.598762545002865,4.600822094262427,7.733333333333333,39.45771710276829,28.298429149957784,1069,2081,27.843497009955517,10.327408764478895,59.55090577443441
fish01,2718,135.9,20.0,20.0,12.669795983207882,4.994529802367617,7.333333333333333,41.41069397042092,29.110568738917618,1127,1744,27.879694703655478,10.39425771484375,60.81395241849923
fish01,2720,136.0,20.0,20.0,12.89669263145268,4.781302830694419,8.133333333333333,42.18809252938945,29.328080461296476,1140,1466,27.83701658978874,10.38335927734375,61.020375867132486
fish01,2721,136.05,20.0,20.0,13.08283913552381,4.696841515756078,7.866666666666666,41.78991277967386,29.452262855025324,1131,1391,27.8626372826847,10.390462187661065,60.873099470345764
fish01,3007,150.35,20.0,20.0,12.484628564196196,5.154204238429766,10.4,45.221843003412964,29.96987419990295,1227,6233,28.072307332356772,10.490195297198825,63.102502629555595
fish01,3011,150.55,20.0,20.0,11.704391371756236,5.507949230406062,9.6,42.75692074326886,28.322584874873147,1158,5572,28.142567563356003,10.547825511296592,61.8503930746526
fish01,3012,150.6,20.0,20.0,11.5666932352814,5.645647366880897,10.133333333333333,44.3875616230565,28.516575295126604,1195,5731,28.127216083272295,10.552161453204684,62.57937753647698
fish01,3065,153.25,20.0,20.0,15.578833008986292,5.257856140532874,8.8,57.830868411073176,34.646295863245,1562,5940,28.051934529320985,10.400983005099828,69.69291753442081
fish01,3067,153.35,20.0,20.0,15.96830383421095,5.257856140532874,9.066666666666666,58.89268107698141,35.34425262857369,1589,6034,28.030341751192815,10.373551319874657,70.18389307106747
fish01,3069,153.45,20.0,20.0,15.96830383421095,5.063120727920545,9.333333333333334,57.75502464922259,35.59498274123511,1560,6124,28.022294948832194,10.368356043232808,69.59065099206501
fish01,3070,153.5,20.0,20.0,16.163039246823278,4.868385315308217,9.6,55.99165718619643,35.7799185746874,1511,6319,27.973466559045114,10.374547449482812,68.56801400852792
fish01,3075,153.75,20.0,20.0,14.101987939601178,4.926459619323544,10.133333333333333,48.558968524838825,31.752449466592363,1306,6378,28.10902634277344,10.391243407524955,64.62026975029839
fish01,3077,153.85,20.0,20.0,13.627709628241139,5.222192335814454,10.266666666666666,47.89533560864618,31.031101422265593,1289,6402,28.124121657684707,10.389534421274396,64.2936560789591
fish01,3082,154.1,20.0,20.0,13.631478882863005,5.063120727920545,10.4,46.492226014410306,30.349967156399803,1261,6465,28.095337248550234,10.353886632919309,63.66922388146954
fish01,3104,155.2,20.0,20.0,13.436743470250677,4.673649902695888,10.4,44.463405384907084,29.851538807620592,1204,5712,27.946112773961204,10.324866476853689,62.35097925081489
fish01,3105,155.25,20.0,20.0,13.24200805763835,4.673649902695888,10.4,43.287827076222975,29.352938766099076,1173,5766,27.951538205728415,10.327773408847383,61.7393116145758
fish01,3107,155.35,20.0,20.0,13.24200805763835,4.868385315308217,10.666666666666666,44.823663253697376,29.511650367090912,1210,5716,27.970179396942516,10.335810507445863,62.505989904388386
fish01,3111,155.55,20.0,20.0,13.24200805763835,5.4525915531452025,10.666666666666666,46.15092908608266,29.684216383816505,1244,5608,27.98430701585934,10.33925127343072,63.20355828929006
fish01,3112,155.6,20.0,20.0,12.988325484451627,5.478711878532297,10.533333333333333,46.5301478953356,29.745484832124063,1255,5476,27.96763169802442,10.35136715660095,63.41899885462537
fish01,3133,156.65,20.0,20.0,12.870376191911038,4.988040206708051,10.533333333333333,45.3166477057262,29.512811312743008,1220,5002,27.765231823881177,10.49082353328069,62.656055357161875
fish01,3387,169.35,20.0,20.0,6.557461557032548,6.083728873879004,8.933333333333334,26.905574516496014,20.301844319739235,734,3481,27.731599523454836,10.457047509924568,52.8686470333794
fish01,3391,169.55,20.0,20.0,5.7833466176407,5.507949230406062,9.066666666666666,22.3359878649981,18.48446584775581,611,3671,27.769902412395705,10.474791663233438,50.46469407562914
fish01,3393,169.65,20.0,20.0,15.11446440528406,5.497531037374058,9.066666666666666,61.26279863481228,34.58699403505068,995,3747,27.760614341905384,10.468313801701859,58.12892814360724
fish01,3394,169.7,20.0,20.0,16.417694962216277,5.362714070400783,9.066666666666666,65.22563519150549,36.66278155205962,1098,3764,27.751651631503627,10.467864583333334,60.17951621483696
fish01,3397,169.85,20.0,20.0,6.009094066654117,4.528592656857329,9.066666666666666,19.946909366704585,16.9363760670927,550,3972,27.876950347222227,10.407845027669273,49.2847953748915
fish01,3398,169.9,20.0,20.0,6.151289828692235,4.788924168454186,9.066666666666666,20.819112627986346,17.40744825559709,571,3972,27.871004049720295,10.392265600585938,49.68326965030624
fish01,3401,170.05,20.0,20.0,5.84318557761863,5.728613682819137,9.066666666666666,23.89078498293515,18.480702930629704,653,4018,27.840596122383772,10.33713864643309,51.237734768816864
fish01,3403,170.15,20.0,20.0,6.315794690095081,6.290224078626035,9.066666666666666,29.237770193401587,20.5103474195719,794,3965,27.85428103281657,10.345615202320946,54.07989623513752
fish01,3410,170.5,20.0,20.0,8.038139766711087,6.283621568756275,9.333333333333334,37.125521425862715,23.238514034178944,1010,4103,27.767232815193836,10.355188779661392,58.32242159485523
fish01,3412,170.6,20.0,20.0,8.373622742330133,6.231533203594517,9.2,38.149412210845654,23.912570036921743,1039,4180,27.72789751850646,10.356790318425498,58.86468783693196
fish01,3413,170.65,20.0,20.0,8.676346482716667,6.47310201345471,9.2,40.15927189988623,24.40017403579774,1089,4185,27.81597052680121,10.358069613891175,59.954040140692385
fish01,3416,170.8,20.0,20.0,8.983751705686375,6.746163487965962,9.333333333333334,43.72392870686385,25.138128895803092,1186,4238,27.797337748040093,10.359960894097222,61.87729864213731
fish01,3461,173.05,20.0,20.0,14.97096381554722,5.155233466312816,9.866666666666667,55.59347743648084,33.62159081645524,1380,3398,27.94157427660154,10.275292966037327,65.81686724263886
fish01,3464,173.2,20.0,20.0,15.656532842732627,5.367400752980477,9.866666666666667,59.499431171786114,34.55204766735242,1599,3215,27.93605779320988,10.284768877824144,70.20082667103402
fish01,3466,173.3,20.0,20.0,15.578833008986292,5.063120727920545,10.0,59.17709518392111,35.117070793019636,1602,3109,27.906253017378447,10.288958333163789,70.23521135054224
fish01,3468,173.4,20.0,20.0,15.96830383421095,5.257856140532874,9.866666666666667,61.90747061054227,35.91299368211139,1672,3013,27.888462064766582,10.297096353107026,71.6255584178736
fish01,3469,173.45,20.0,20.0,16.163039246823278,5.4525915531452025,10.0,63.72772089495638,36.37333043136739,1722,3016,27.882264148099917,10.298945311440361,72.62120945954027
fish01,3471,173.55,20.0,20.0,16.357774659435606,6.036797790982188,10.0,66.30640879787636,36.679513190869,1783,2974,27.866205304105776,10.290634763240813,73.81684006734659
fish01,3475,173.75,20.0,20.0,16.808433100879032,5.6553071032773214,10.133333333333333,66.23056503602578,37.277704401495285,1774,2839,27.84334512922499,10.310758462259509,73.6341035914845
fish01,3476,173.8,20.0,20.0,16.992024178087878,5.3977902755122065,10.0,63.38642396662873,37.14734680296802,1703,2713,27.86038952177071,10.311676431009507,72.23206595278022
fish01,3478,173.9,20.0,20.0,17.10986649927144,5.369069951864067,10.0,65.7944634053849,37.785664715327805,1775,2599,27.88364904285949,10.311595047844781,73.69524409070428
fish01,3480,174.0,20.0,20.0,16.57892902580673,5.4528701243874576,9.733333333333333,64.37239287068637,36.6871347375572,1731,2408,27.874881568268194,10.327272131983442,72.82215370025163
fish01,3482,174.1,20.0,20.0,16.747245484660265,5.4525915531452025,9.866666666666667,65.73758058399696,37.51421735223698,1785,2331,27.857229871283643,10.326800128417542,73.88402999970118
fish01,3486,174.3,20.0,20.0,13.93413205186817,5.225299333736403,10.0,52.654531664770566,31.694934649702834,1423,2298,27.871370665072217,10.327688800006445,66.65905946507866
fish01,3487,174.35,20.0,20.0,14.369572332061379,4.789857567829901,10.0,49.9241562381494,32.15688005502577,1361,2291,27.89349738498264,10.328177081256444,65.44167446623908
fish01,3490,174.5,20.0,20.0,16.509116843927757,5.270516646350867,10.0,57.717102768297295,36.268528192533665,1553,2215,27.869586802824045,10.32226562394036,69.2518524267644
fish01,3491,174.55,20.0,20.0,16.46299138906354,5.482273133293282,10.0,61.7178612059158,36.69237238762554,1666,2167,27.868011224365233,10.32585937432183,71.51387059868706
fish01,3495,174.75,20.0,20.0,15.943123965337707,5.026246066869125,9.866666666666667,59.366704588547584,35.67293763016799,1595,1896,27.71494697145062,10.342464179727767,69.95741115117839
fish01,3497,174.85,20.0,20.0,15.506838314281335,5.700333501733761,9.066666666666666,59.745923397800524,35.03921461116359,1609,1803,27.42813595692199,10.52986646345986,70.13800242038185
fish01,3498,174.9,20.0,20.0,15.33775968450899,5.700333501733761,9.066666666666666,57.73606370875994,34.65681761513631,1558,1803,27.461764353641453,10.483447192626528,69.10521154626798
fish01,3501,175.05,20.0,20.0,14.258610349133184,5.292968745619952,9.066666666666666,50.113765642775874,31.96844629534157,1360,1765,27.42901274261474,10.467607341670988,65.09662008428573
fish01,3502,175.1,20.0,20.0,14.543748444138663,4.964034051335507,8.933333333333334,49.12779673871823,32.067991082334494,1331,1722,27.418995406068404,10.472490150441066,64.51148555650947
fish01,3505,175.25,20.0,20.0,15.727682166574423,5.431481424407139,8.533333333333333,57.79294653014789,35.154399200196146,1556,1553,27.387107493911564,10.479121029281618,68.98622852319319
fish01,3508,175.4,20.0,20.0,15.730234622010121,5.098765589794491,8.533333333333333,58.89268107698141,35.19808230490816,1586,1758,27.401252766908247,10.490074806965724,69.61132757387398
fish01,3509,175.45,20.0,20.0,15.521390875976723,5.264965650063537,8.533333333333333,59.632157755024636,34.987834977670666,1603,1742,27.410480109151205,10.49189446343316,69.96237457258437
fish01,3669,183.45,20.0,20.0,14.943657890953089,6.111597140954166,9.333333333333334,62.55214258627227,34.23409596929365,1687,3886,27.734797905815967,10.369550709999928,71.8443486158159
fish01,3670,183.5,20.0,20.0,14.981421751409787,6.397968006563703,9.333333333333334,63.95525218050814,34.527052073355925,1730,3855,27.744003539116,10.367425050004323,72.71142858912032
fish01,3673,183.65,20.0,20.0,14.182969714009596,5.7833462462123775,9.2,58.38073568448994,32.82367876619389,1574,3818,27.667796969472633,10.381891184393565,69.5296881538662
fish01,3674,183.7,20.0,20.0,15.092469905708919,5.852038200269163,8.8,60.86461888509669,34.42910986029115,1646,3809,27.672211073058328,10.382822173976898,70.97503324703523
fish01,3678,183.9,20.0,20.0,15.55995553589782,5.921044754115535,8.666666666666666,63.2916192643155,34.9889748679797,1699,3824,27.69435522453403,10.381262942462497,72.05561816699654
fish01,3680,184.0,20.0,20.0,15.209321256126701,5.934128316793432,8.8,63.19681456200227,34.554018071391695,1698,3754,27.685743948854043,10.393095619191064,72.0388395680451
fish01,3681,184.05,20.0,20.0,15.064052667572353,5.977798259014252,8.933333333333334,66.02199469093667,34.545360866467604,1772,3682,27.67443745507134,10.392551945622765,73.5069894006941
fish01,3684,184.2,20.0,20.0,14.748871964088831,5.632647747003999,9.333333333333334,62.41941600303374,33.92812970607581,1682,3867,27.588561125861276,10.41539045677185,71.64395158263312
fish01,3687,184.35,20.0,20.0,15.219299306595943,5.735241078386539,9.466666666666667,66.74251042851725,34.92996672351752,1789,3893,27.633001111518013,10.403583863057035,73.81658497457505
fish01,3689,184.45,20.0,20.0,15.3596665269999,4.995289744716488,9.2,58.43761850587788,34.37693836482785,1579,3842,27.585288556416824,10.402232944700451,69.56752150111727
fish01,3691,184.55,20.0,20.0,15.52132253316529,5.041958599217261,9.466666666666667,56.23814941221084,34.4547859806182,1519,3911,27.622836312451785,10.409007053364647,68.41184336581642
fish01,3692,184.6,20.0,20.0,15.588809573742243,5.138210906269437,9.6,56.48464163822525,34.643238729575415,1524,3924,27.590579368007337,10.407206937620376,68.47778630562772
fish01,3696,184.8,20.0,20.0,15.066279751797099,4.8769459952968655,9.066666666666666,52.59764884338262,33.608645216185074,1422,3650,27.674520616244088,10.401806552876366,66.51632716912046
fish01,3700,185.0,20.0,20.0,15.268996416214186,5.076747690235,9.066666666666666,53.01478953356086,33.66678698086957,1443,3657,27.64423823511571,10.344147086419,66.8483853215347
fish01,3702,185.1,20.0,20.0,15.51841796367938,4.987138378739791,8.533333333333333,55.65036025786878,34.34066811051504,1509,3467,27.629862996400433,10.367555290974508,68.17741828737493
fish01,3705,185.25,20.0,20.0,14.660578994570358,5.645833452470723,7.733333333333333,56.181266590822894,33.34063166151191,1510,3280,27.666551405089585,10.376568958494396,68.24312036358398
fish01,3708,185.4,20.0,20.0,14.550677810932669,4.888416816196269,7.733333333333333,51.896094046264686,32.65851239094777,1405,3152,27.663192056990265,10.363915962208647,66.12710801919891
fish01,3709,185.45,20.0,20.0,15.462908743662734,4.898188352517919,8.0,55.8210087220326,34.46440082061608,1509,3182,27.646551431990265,10.370725861008966,68.19727729299923
fish01,3713,185.65,20.0,20.0,15.96830383421095,4.673649902695888,7.733333333333333,57.62229806598406,35.3433204595543,1560,3060,27.722215587455842,10.371178336419003,69.29339392387485
fish01,3715,185.75,20.0,20.0,15.578833008986292,4.673649902695888,7.733333333333333,56.02957906712172,34.76360711156948,1515,3041,27.623209778886952,10.373463489744399,68.29667326863135
fish01,3718,185.9,20.0,20.0,13.436743470250677,5.257856140532874,7.6,52.59764884338262,31.39943509734169,1430,2989,27.638891140238442,10.37734369807773,66.61623483831617
fish01,3720,186.0,20.0,20.0,13.436743470250677,5.063120727920545,7.6,51.47895335608645,31.265925302708425,1406,2952,27.636360869683156,10.387574822224513,66.14393569190767
fish01,3722,186.1,20.0,20.0,15.600820079994973,5.068883438351988,7.733333333333333,58.53242320819112,35.00895648140112,1574,2848,27.691729502567245,10.391484334267513,69.56321383683476
fish01,3724,186.2,20.0,20.0,15.725196568236864,4.929614902927482,7.866666666666666,57.963594994311705,34.92695601838832,1564,2881,27.64343552246095,10.393209594684173,69.31664511714513
fish01,3726,186.3,20.0,20.0,15.355625386845592,5.557913025560223,7.466666666666667,60.80773606370875,34.765477717461216,1647,2727,27.56675142076281,10.382818969684177,70.88957039044698
fish01,3729,186.45,20.0,20.0,15.151651808983452,5.713510292920732,7.333333333333333,61.20591581342433,33.846585519543545,1650,2582,27.596525872802733,10.392897102186417,70.98942297498915
fish01,3730,186.5,20.0,20.0,14.471472949621512,5.542266607453583,7.333333333333333,58.07736063708759,32.62744979386621,1564,2570,27.588769832187225,10.382939402675628,69.25170923486286
fish01,3734,186.7,20.0,20.0,16.83706428172965,5.240107066689695,7.066666666666666,62.47629882442168,36.858562721115376,1681,2991,27.7182751342585,10.384648379474212,71.72292351373271
fish01,3736,186.8,20.0,20.0,16.531344600489746,4.925344962926202,7.2,60.63708759954493,36.275594825307294,1631,2957,27.72073598986967,10.393258410125307,70.73399439999497
fish01,3737,186.85,20.0,20.0,16.16456061723431,4.807450641777417,7.066666666666666,57.01554797117936,35.44959736168744,1538,3010,27.731677865468722,10.394326118458643,68.88600398392737
fish01,3740,187.0,20.0,20.0,15.579929465395807,5.172782711718218,7.2,57.698141827834654,34.48816174043836,1556,3005,27.715840451388893,10.381145787175498,69.21698623856439
fish01,3748,187.4,20.0,20.0,11.704392114612881,4.54405744651402,7.6,37.18240424725066,27.27505773977605,1024,3384,28.153696332389924,10.325895172108549,58.959591504498476
fish01,3751,187.55,20.0,20.0,11.97978838756255,4.957153713080139,7.333333333333333,39.51459992415623,27.793438451996238,1077,3388,28.097523889536912,10.330094390858546,59.967618280395456
fish01,3753,187.65,20.0,20.0,12.668282041363309,5.09485259241162,7.333333333333333,43.155100492984445,29.202534159551277,1165,3328,28.09305352888696,10.330937489149306,61.72399101803626
fish01,3754,187.7,20.0,20.0,13.081378679357751,4.957153713080139,7.466666666666667,43.38263177853621,29.865600108930266,1179,3328,28.0554020506117,10.333398426649307,61.96880047726101
fish01,3764,188.2,20.0,20.0,12.25518688908216,5.370250351074581,8.133333333333333,43.34470989761091,28.631217250593526,1174,3484,28.08962020533055,10.281901017252604,61.85152122258316
fish01,3765,188.25,20.0,20.0,12.692671510765194,4.809473811852833,8.133333333333333,40.102389078498284,28.537829746982425,1089,3484,28.097497744788658,10.281145808919272,60.15864355370793
fish01,3767,188.35,20.0,20.0,12.889070922264592,4.354416173351722,8.133333333333333,38.376943496397416,28.521532400739716,1044,3484,28.07454223178816,10.279742817084,59.23428504887215
fish01,3771,188.55,20.0,20.0,12.668282041363309,4.268660430707704,8.133333333333333,39.571482745544174,28.688004648326718,1081,3451,28.056661003489552,10.27801101725896,59.95467202074852
fish01,3777,188.85,20.0,20.0,12.668282041363309,4.957153713080139,7.6,43.55328024270003,28.94800219943265,1179,2972,28.01844946272109,10.318356085364023,61.91680554808511
fish10,5437,271.85,20.0,20.0,6.621004028819175,4.673649902695888,2.8,26.090254076602196,19.30303667169996,720,192,25.274360180494515,9.06541983794106,48.739780018435575
fish10,5438,271.9,20.0,20.0,6.621004028819175,4.673649902695888,3.0666666666666664,26.18505877891543,19.17322558352146,722,175,25.285362910442593,9.06322257041931,48.7885854808619
fish10,5439,271.95,20.0,20.0,6.426268616206846,4.478914490083559,3.3333333333333335,23.985589685248385,18.587623216261104,668,188,25.28572302771675,9.061031809393564,47.70675483711031
fish10,5446,272.3,20.0,20.0,6.426268616206846,4.673649902695888,2.2666666666666666,23.966628744785737,18.609313446396893,662,222,25.346457000431005,9.035813737614948,47.622270738045955
fish10,5447,272.35,20.0,20.0,6.231533203594517,4.673649902695888,4.266666666666667,23.985589685248385,18.49908289869378,662,765,25.25853662469181,9.027288363891179,47.52582498858299
fish10,5448,272.4,20.0,20.0,6.426268616206846,4.673649902695888,4.266666666666667,25.55934774364808,19.16751484984097,705,754,25.067959375000004,9.009091752105286,48.177051127105294
fish10,5449,272.45,20.0,20.0,6.231533203594517,4.868385315308217,4.533333333333333,25.91960561243837,19.26799043621135,713,877,25.065993052824034,9.019566994465722,48.34556004728975
fish10,5450,272.5,20.0,20.0,6.231533203594517,4.673649902695888,4.4,23.359878649981034,18.449046489302468,649,881,25.060051188075686,9.020380811807843,47.060431999883534
fish10,5451,272.55,20.0,20.0,6.231533203594517,4.868385315308217,5.2,24.156238149412207,18.403265998493247,664,954,25.067746283467613,9.014081993103023,47.361828276570634
fish10,5452,272.6,20.0,20.0,6.621004028819175,4.868385315308217,5.2,25.104285172544554,18.951488724682786,690,986,25.058918158467616,9.012115836418998,47.871033994886616
fish10,5453,272.65,20.0,20.0,6.621004028819175,4.868385315308217,4.8,25.578308684110727,19.06284107877846,701,920,25.060736798020354,9.012343671629164,48.09308046964952
fish10,5454,272.7,20.0,20.0,6.621004028819175,4.868385315308217,4.933333333333334,26.16609783845278,19.284173753958893,715,902,25.056405338240257,9.010576084126368,48.36698142236662
fish10,5455,272.75,20.0,20.0,6.426268616206846,4.673649902695888,4.133333333333333,23.966628744785737,18.459153332542712,660,851,25.060320268795813,9.008388605742985,47.2687088745388
fish10,5456,272.8,20.0,20.0,6.036797790982188,4.673649902695888,4.266666666666667,22.20326128175957,17.796833745164534,614,833,25.05686983685905,9.006861924235025,46.34373176109408
fish10,5457,272.85,20.0,20.0,6.036797790982188,4.868385315308217,4.266666666666667,22.544558210087217,17.79525162300842,622,844,25.06137940892349,9.010322215175632,46.51170162409912
fish10,5458,272.9,20.0,20.0,6.00909443808244,5.399475817242009,4.266666666666667,24.971558589306024,18.75798188089161,685,801,25.07027681560752,9.007939383602144,47.778216199209666
fish10,5459,272.95,20.0,20.0,6.426268616206846,5.257856140532874,4.4,25.312855517633672,18.944682184592345,695,830,25.057907186701268,9.016826124307846,47.97473331100911
fish10,5460,273.0,20.0,20.0,6.231533203594517,5.257856140532874,4.266666666666667,24.95259764884338,18.69120408269744,687,807,25.080185445130898,9.02401686905755,47.84420231418845
fish10,5461,273.05,20.0,20.0,6.336315362084533,5.636483115867362,4.4,27.227910504361013,19.54055401105561,743,831,25.077481659613717,9.07925449115965,49.01673615077337
fish10,5462,273.1,20.0,20.0,6.009094066654117,5.660740728214581,4.666666666666667,26.12817595752749,19.02751097919399,716,891,25.078597219490703,9.08171543832355,48.48031265781425
fish10,5463,273.15,20.0,20.0,6.147171431446742,5.560826137897562,4.8,26.43155100492984,19.161406989640373,723,951,25.077880930507327,9.069365174770356,48.60724610527768
fish10,5464,273.2,20.0,20.0,6.0525994661278455,5.5040834044202125,5.2,25.976488433826315,18.95307908790482,708,978,25.092520814325784,9.082555254607726,48.3350760689335
fish10,5465,273.25,20.0,20.0,6.444535461132296,5.399475817242009,5.333333333333333,26.16609783845278,19.193723993025802,721,1012,25.08728650352572,9.07211255720986,48.57939906073558
fish10,5466,273.3,20.0,20.0,6.74238383335105,5.615357387139732,5.2,28.17595752749336,19.824488074723522,772,1023,25.0811752445739,9.071832560973697,49.59300780554759
fish10,5467,273.35,20.0,20.0,7.022635417339058,5.645647366880897,5.466666666666667,29.97724687144482,20.45215674242012,816,1084,25.08225608173888,9.054368351872762,50.456624433611644
fish10,5469,273.45,20.0,20.0,6.842826966171707,5.504673975453792,5.866666666666666,29.086082669700414,20.149860283890664,793,1235,25.08574553124699,9.08930982106527,50.035055352312256
fish10,5470,273.5,20.0,20.0,6.721176761820682,5.352611220015012,5.466666666666667,27.645051194539246,19.62814252033096,755,1204,25.07840616438124,9.092180928378633,49.270587092759875
fish10,5471,273.55,20.0,20.0,7.160334296670539,5.232551100314777,5.6,28.915434205536588,20.19709312908565,789,1308,25.080854163935154,9.08497065555785,49.945824819493005
fish10,5472,273.6,20.0,20.0,7.022635417339058,5.370250351074581,5.466666666666667,29.484262419415998,20.35327890140969,803,1417,25.07245133687715,9.082350208494399,50.21480154537154
fish10,5473,273.65,20.0,20.0,7.160334296670539,5.370250351074581,5.466666666666667,29.73075464543041,20.46939466124803,810,1555,25.05136616480321,9.100817003875308,50.35218316867852
fish10,5474,273.7,20.0,20.0,7.160334296670539,5.370250351074581,5.333333333333333,30.602957906712167,20.75781646120013,838,1639,25.05676547035877,9.092779854287038,50.909545324645805
fish10,5475,273.75,20.0,20.0,7.694378396628878,5.383023399674445,5.333333333333333,32.57489571482745,21.388555239343344,879,1694,25.05984699614725,9.097630114703707,51.73747711085096
fish10,5476,273.8,20.0,20.0,7.905487855432616,5.300877568901725,5.333333333333333,33.08684110731892,21.616079949668077,895,1789,25.14082803938124,9.098632748031616,52.13946078741286
fish10,5477,273.85,20.0,20.0,8.035336225729036,5.155752723108379,5.333333333333333,32.745544178991274,21.623742074900562,887,1908,25.083679692849998,9.090810499307848,51.91449019215785
fish10,5478,273.9,20.0,20.0,8.147301807985993,5.267844962423482,5.466666666666667,33.788395904436854,21.935187811239285,916,2035,25.027646624228396,9.087252549235027,52.43489917346342
fish10,5479,273.95,20.0,20.0,8.035336225729036,5.316153301542005,5.466666666666667,33.42813803564656,21.745147693700886,904,2087,25.024183065607517,9.070820281600954,52.175003347208474
fish13,799,39.95,20.0,20.0,11.878860169352048,5.4525915531452025,5.6,51.28934395145998,29.731180454191257,1384,905,24.97986065266927,9.373873596149023,62.03373424881829
fish13,804,40.2,20.0,20.0,11.878860169352048,5.4525915531452025,5.6,51.28934395145998,29.731180454191257,1384,905,25.073714758677554,9.359804585732356,62.11351934440991
fish13,808,40.4,20.0,20.0,11.878860169352048,5.4525915531452025,5.6,50.872203261281754,29.64565857210511,1374,905,25.05165729166667,9.36254547114902,61.894202762815695
fish13,849,42.45,20.0,20.0,12.657801819801362,5.4525915531452025,5.466666666666667,51.270383010997335,30.283407316988423,1382,923,24.945347182360994,9.5145930112097,62.099940193570696
fish13,854,42.7,20.0,20.0,12.657801819801362,5.4525915531452025,5.466666666666667,51.270383010997335,30.255887728251484,1382,923,24.94346348259067,9.516070875793034,62.09953435838371
fish13,857,42.85,20.0,20.0,12.657801819801362,5.4525915531452025,5.466666666666667,51.44103147516116,30.404523453839506,1387,923,24.944626663697793,9.51495108412637,62.199577747824165
fish13,884,44.2,20.0,20.0,12.268330994576706,5.647326965757531,5.466666666666667,52.91998483124762,30.220661419669025,1428,923,24.939661418472095,9.534332598357734,63.03399401682983
fish13,888,44.4,20.0,20.0,12.268330994576706,5.647326965757531,5.466666666666667,52.91998483124762,30.220661419669025,1428,923,24.833906190923997,9.533811765024403,62.9277179559484
fish13,893,44.65,20.0,20.0,11.878860169352048,5.842062378369859,5.466666666666667,52.25635191505498,29.946080571173976,1405,923,24.82940966729058,9.533805250793034,62.463214918083615
fish13,897,44.85,20.0,20.0,11.099918518902733,5.647326965757531,5.466666666666667,47.34546833522942,27.983178269735483,1288,945,25.11615001068115,9.461116473632389,60.337266484313545
fish13,902,45.1,20.0,20.0,11.099918518902733,5.647326965757531,5.466666666666667,47.36442927569207,28.017869628675733,1289,945,25.0993226175944,9.401136020141173,60.28045863773558
fish13,906,45.3,20.0,20.0,11.294653931515063,5.647326965757531,5.466666666666667,47.686765263557064,28.24420625586652,1297,945,25.08572032666618,9.392249301391177,60.417969628057364
fish13,909,45.45,20.0,20.0,11.294653931515063,5.647326965757531,5.466666666666667,47.686765263557064,28.24420625586652,1297,945,25.075833166880663,9.39394852014118,60.40978168702185
fish13,911,45.55,20.0,20.0,11.294653931515063,5.647326965757531,5.466666666666667,47.686765263557064,28.24420625586652,1297,945,25.058958052948377,9.391904249307846,60.390862302256224
fish13,919,45.95,20.0,20.0,11.294653931515063,5.842062378369859,5.466666666666667,47.11793704967766,28.20147551658896,1282,945,25.05692695666655,9.390061801391177,60.08698875805773
fish13,922,46.1,20.0,20.0,11.294653931515063,5.842062378369859,5.466666666666667,47.11793704967766,28.20147551658896,1282,945,25.061801091681588,9.390686801391178,60.092487893072764
fish13,931,46.55,20.0,20.0,10.905183106290405,5.842062378369859,5.466666666666667,47.136897990140305,27.806812680551158,1276,945,25.003797543203095,9.403955018520355,59.92775256172345
fish13,934,46.7,20.0,20.0,10.905183106290405,5.842062378369859,5.466666666666667,47.21274175199089,27.812246955487982,1279,944,24.99960484255567,9.405458924770356,59.985063767326025
fish13,938,46.9,20.0,20.0,10.905183106290405,6.036797790982188,5.466666666666667,48.46416382252559,28.019151474246968,1307,944,24.9951256834242,9.410139914353689,60.545265597777885
fish13,947,47.35,20.0,20.0,10.936263485502927,6.396376807627944,5.466666666666667,49.90519529768676,28.368435426349794,1344,929,24.926487509475532,9.511409463151296,61.317896972626826
fish13,970,48.5,20.0,20.0,11.099918518902733,6.426268616206846,5.466666666666667,50.853242320819106,28.66032715612396,1374,929,25.056821776665586,9.48757806697422,62.02439984363981
fish13,971,48.55,20.0,20.0,11.099918518902733,6.426268616206846,5.466666666666667,50.853242320819106,28.66032715612396,1374,929,25.05811517944336,9.48757806697422,62.025693246417575
fish13,976,48.8,20.0,20.0,11.099918518902733,6.426268616206846,5.466666666666667,50.853242320819106,28.66032715612396,1374,929,25.067281864571285,9.486861921140886,62.034143785712175
fish13,980,49.0,20.0,20.0,11.099918518902733,6.426268616206846,5.466666666666667,50.853242320819106,28.66032715612396,1374,929,25.07420894790461,9.488333275307552,62.042542223212166
fish13,986,49.3,20.0,20.0,11.099918518902733,6.426268616206846,5.466666666666667,50.853242320819106,28.66032715612396,1374,939,25.026960720486112,9.518873639890883,62.02583436037699
fish13,989,49.45,20.0,20.0,11.099918518902733,6.426268616206846,5.466666666666667,50.853242320819106,28.66032715612396,1374,939,25.025663004387752,9.518222598224215,62.02388560261197
fish13,996,49.8,20.0,20.0,10.905183106290405,6.426268616206846,5.466666666666667,49.75350777398558,28.328844974257635,1345,935,25.027755036059723,9.51894199115965,61.44669702721937
fish13,999,49.95,20.0,20.0,11.099918518902733,6.231533203594517,5.333333333333333,50.41714069017822,28.53120817819684,1365,916,24.889760097908674,9.482571451653374,61.672331549562045
fish13,1002,50.1,20.0,20.0,11.099918518902733,6.231533203594517,5.333333333333333,50.41714069017822,28.53120817819684,1365,916,24.88915245901979,9.48344384748671,61.672596306506506
fish13,1008,50.4,20.0,20.0,11.099918518902733,6.231533203594517,5.333333333333333,50.41714069017822,28.53120817819684,1365,916,24.92805861256917,9.48343084203932,61.7114894546085
fish13,1011,50.55,20.0,20.0,11.099918518902733,6.231533203594517,5.333333333333333,50.492984452028814,28.554766251726218,1368,916,24.925306856715824,9.486406102455987,61.77171295917181
fish13,1018,50.9,20.0,20.0,11.099918518902733,6.231533203594517,5.333333333333333,50.70155479711793,28.583289811220247,1372,916,24.921852015346953,9.486305178229015,61.84815719357597
fish13,1019,50.95,20.0,20.0,11.099918518902733,6.231533203594517,5.333333333333333,50.70155479711793,28.583289811220247,1372,916,24.9209317965849,9.486305178229015,61.84723697481391
fish13,1024,51.2,20.0,20.0,11.099918518902733,6.231533203594517,5.333333333333333,50.79635949943116,28.587138737217398,1375,916,24.908726955668136,9.502988118320042,61.91171507398818
fish13,1031,51.55,20.0,20.0,11.099918518902733,6.231533203594517,5.333333333333333,50.79635949943116,28.587138737217398,1375,916,24.84868345041157,9.506581868320044,61.85526531873161
fish13,1035,51.75,20.0,20.0,11.099918518902733,6.231533203594517,5.333333333333333,50.72051573758058,28.58346586824535,1373,909,24.852160002456472,9.507089680820043,61.81924968327652
fish13,1039,51.95,20.0,20.0,11.099918518902733,6.231533203594517,5.333333333333333,50.72051573758058,28.58346586824535,1373,909,24.854455977809582,9.508163899570041,61.82261987737962
fish13,1042,52.1,20.0,20.0,11.099918518902733,6.231533203594517,5.2,50.70155479711793,28.583289811220247,1372,902,24.854924727809575,9.504967284986709,61.79989201279628
fish13,1045,52.25,20.0,20.0,11.099918518902733,6.231533203594517,5.2,50.70155479711793,28.583289811220247,1372,902,24.94429985214045,9.496435386562345,61.8807352387028
fish13,1050,52.5,20.0,20.0,11.099918518902733,6.231533203594517,4.933333333333334,51.915054986727334,28.7523495910052,1407,890,24.932516652123724,9.468528632100425,62.54104528422415
fish13,1054,52.7,20.0,20.0,11.099918518902733,6.231533203594517,4.933333333333334,51.915054986727334,28.7523495910052,1407,890,24.930646014159404,9.467486965433757,62.53813297959316
fish13,1058,52.9,20.0,20.0,11.099918518902733,6.231533203594517,4.933333333333334,51.915054986727334,28.7523495910052,1407,890,24.93351927804829,9.46434569158554,62.53786496963383
fish13,1066,53.3,20.0,20.0,11.099918518902733,6.231533203594517,4.933333333333334,51.87713310580204,28.74992342119932,1405,890,24.945029694714957,9.485439442941878,62.53046913765684
fish13,1071,53.55,20.0,20.0,11.099918518902733,6.231533203594517,4.933333333333334,52.84414106939703,29.025987290131052,1442,890,24.934534859193406,9.482587880441878,63.25712273963528
fish13,1072,53.6,20.0,20.0,11.099918518902733,6.231533203594517,4.933333333333334,52.84414106939703,29.025987290131052,1442,890,24.93282478974896,9.482379547108543,63.2552043368575
fish13,1078,53.9,20.0,20.0,11.099918518902733,6.231533203594517,4.933333333333334,52.84414106939703,29.025987290131052,1442,890,24.943271860457052,9.49600584919188,63.27927770964894
fish13,1084,54.2,20.0,20.0,10.710447693678075,6.231533203594517,4.933333333333334,51.66856276071292,28.570951148044138,1411,890,24.9367006799015,9.522132146951884,62.67883282685338
fish13,1088,54.4,20.0,20.0,11.099918518902733,6.426268616206846,4.933333333333334,54.247250663632904,29.07601334595786,1467,890,24.9131373761024,9.525354803201886,63.778492179304294
fish13,1089,54.45,20.0,20.0,11.099918518902733,6.426268616206846,4.933333333333334,54.247250663632904,29.07601334595786,1467,887,24.918948899257334,9.524277328448827,63.783226227706166
fish13,1096,54.8,20.0,20.0,11.099918518902733,6.426268616206846,4.933333333333334,54.247250663632904,29.07601334595786,1467,887,24.92176573198107,9.52150388929579,63.78326962127686
fish13,1100,55.0,20.0,20.0,11.099918518902733,6.426268616206846,4.933333333333334,54.81607887751232,29.095716272065673,1483,855,24.950094133089795,9.565064935938516,64.17515906902831
fish13,1105,55.25,20.0,20.0,11.099918518902733,6.426268616206846,4.933333333333334,54.81607887751232,29.095716272065673,1483,855,24.85326251559787,9.5569171467993,64.07017966239717
fish13,1107,55.35,20.0,20.0,11.099918518902733,6.426268616206846,4.933333333333334,54.81607887751232,29.095716272065673,1483,855,24.835050730312027,9.557066886382632,64.05211761669466
fish13,1111,55.55,20.0,20.0,10.710447693678075,6.426268616206846,4.933333333333334,53.79218809252938,28.558373656456336,1457,855,24.82929129049042,9.558141105132632,63.52743239562305
fish13,1115,55.75,20.0,20.0,10.710447693678075,6.231533203594517,4.933333333333334,52.4270003792188,28.473480323949797,1432,855,24.859369472908686,9.555647615549299,63.05501708845799
fish13,1120,56.0,20.0,20.0,11.099918518902733,6.231533203594517,4.933333333333334,53.65946150929085,29.013525452037328,1465,855,24.857529195130894,9.555322094715965,63.71285128984685
fish13,1124,56.2,20.0,20.0,11.099918518902733,6.231533203594517,4.933333333333334,53.65946150929085,29.013525452037328,1465,860,24.855758361797566,9.5621124592993,63.71787082109687
fish13,1129,56.45,20.0,20.0,11.099918518902733,6.231533203594517,4.933333333333334,53.6784224497535,29.01486370828512,1466,860,24.97713410373264,9.547538888888889,63.84467299262153
fish13,1133,56.65,20.0,20.0,10.710447693678075,6.426268616206846,4.933333333333334,53.583617747440265,28.49833245375653,1450,860,24.9761271592882,9.54684878472222,63.52297594401042
fish13,1140,57.0,20.0,20.0,11.099918518902733,6.426268616206846,4.933333333333334,54.493742889647315,28.989357121773253,1473,860,24.97373132595486,9.546738107638888,63.98046943359375
fish13,1141,57.05,20.0,20.0,10.710447693678075,6.426268616206846,4.933333333333334,53.54569586651497,28.486529668793438,1449,860,24.978696583764343,9.54716779513889,63.50586437890324
fish13,1146,57.3,20.0,20.0,10.515712281065747,6.426268616206846,4.8,52.7114144861585,28.26883989296224,1426,845,25.12551487583113,9.574046058389879,63.21956093422101
fish13,1150,57.5,20.0,20.0,10.12624145584109,6.621004028819175,4.666666666666667,51.36518771331057,27.718280046907264,1392,810,24.897395706666547,9.396588427056209,62.13398413372276
fish13,1156,57.8,20.0,20.0,10.515712281065747,6.621004028819175,4.666666666666667,51.55479711793704,27.976013370956153,1394,810,24.926071906026205,9.398658739556208,62.204730645582416
fish13,1162,58.1,20.0,20.0,10.32097686845342,6.621004028819175,4.666666666666667,52.1425862722791,27.9003231037229,1411,810,24.931636077033147,9.395553270806207,62.54718934783935
fish13,1167,58.35,20.0,20.0,10.32097686845342,6.621004028819175,4.666666666666667,50.853242320819106,27.61475118043615,1377,810,24.90835489861758,9.432408739556207,61.88076363817379
fish13,1171,58.55,20.0,20.0,9.931506043228762,6.621004028819175,4.666666666666667,50.5309063329541,27.52188230683532,1371,810,24.88910136264754,9.425318895806207,61.73442025845375
fish13,1172,58.6,20.0,20.0,9.931506043228762,6.621004028819175,4.666666666666667,50.5309063329541,27.52188230683532,1371,810,24.886375668203094,9.425071499972873,61.73144716817597
fish13,1180,59.0,20.0,20.0,9.736770630616434,6.621004028819175,4.666666666666667,49.69662495259764,27.040195021859194,1344,810,24.885268807568956,9.425397020806203,61.19066582837516
fish13,1183,59.15,20.0,20.0,9.931506043228762,6.621004028819175,4.666666666666667,49.734546833522934,27.0686296706984,1346,810,24.881987651231547,9.411699104139537,61.213686755371086
fish13,1185,59.25,20.0,20.0,9.542035218004104,6.621004028819175,4.666666666666667,49.355328024269994,26.845041148812456,1336,810,24.775581316837265,9.423313687472872,60.91889500431014
fish13,1193,59.65,20.0,20.0,9.152564392779446,6.815739441431503,4.666666666666667,49.9620781190747,26.600772240758168,1350,820,24.7453382520134,9.417688687472872,61.16302693948627
fish13,1201,60.05,20.0,20.0,8.56835815494246,6.815739441431503,5.066666666666666,47.4971558589306,25.854342686420946,1290,838,24.732564416937183,9.44103184762531,59.97359626456249
fish13,1226,61.3,20.0,20.0,8.3061134160538,6.610039464724029,5.2,44.61509290860826,24.908872238422454,1207,820,24.784604163935153,9.433860625161065,58.35846478909622
fish13,1235,61.75,20.0,20.0,8.559722446432565,6.465977275362803,5.066666666666666,44.88054607508532,25.03767494513253,1216,767,24.76319791393516,9.431536406411063,58.51473432034622
fish13,1240,62.0,20.0,20.0,8.542739257791425,6.323119999481412,5.066666666666666,43.30678801668562,24.657652838588287,1174,752,24.785042664252387,9.432044218911063,57.69708688316345
fish13,1245,62.25,20.0,20.0,8.498141859048058,6.034912420814608,5.066666666666666,40.87978763746681,24.140962519880368,1111,701,24.87995148064884,9.393789010577729,56.49374049122657
fish13,1249,62.45,20.0,20.0,8.595909965086422,5.856554025820274,4.933333333333334,39.66628744785741,24.02823664706049,1077,638,25.257320561142908,9.420761690097386,56.2180822512403
fish13,1252,62.6,20.0,20.0,8.595909965086422,5.856554025820274,4.933333333333334,39.66628744785741,24.02823664706049,1077,638,25.26828838968159,9.420943981764053,56.22923237144564
fish13,1256,62.8,20.0,20.0,8.595909965086422,5.856554025820274,4.933333333333334,39.66628744785741,24.02823664706049,1077,596,25.262229361903813,9.420849581813814,56.223078943717624
fish13,1263,63.15,20.0,20.0,8.643140047783257,5.809323571695115,4.666666666666667,39.59044368600682,23.987593427815305,1075,517,25.26091859801492,9.42142900889715,56.182347606912074
fish13,1264,63.2,20.0,20.0,8.643140047783257,5.809323571695115,4.666666666666667,39.419795221842996,23.942902568420163,1071,478,25.261847417459368,9.453082654730483,56.13493007218985
fish13,1268,63.4,20.0,20.0,8.74569289347859,5.7123239508570505,4.4,39.51459992415623,23.984295469306794,1070,406,25.254651581488716,9.465458956813814,56.12011053830253
fish13,1274,63.7,20.0,20.0,8.78483103873041,5.573172415354292,4.533333333333333,38.395904436860064,23.817753973551824,1043,343,25.20252895731985,9.467763644313813,55.53029260163366
fish13,1624,81.2,20.0,20.0,11.874971314810171,6.383913901677791,4.266666666666667,60.4664391353811,30.548947135816096,1627,912,25.189343763393826,9.44684564665688,67.17618941005071
fish13,1631,81.55,20.0,20.0,11.793175369517725,6.146325317726933,4.4,56.84489950701554,29.9185343788834,1529,892,25.213002748541182,9.467522729990218,65.2605254785314
fish13,1633,81.65,20.0,20.0,11.793175369517725,6.312817320657863,4.266666666666667,57.50853242320818,29.98198854358623,1543,882,25.201991528753585,9.462301369465722,65.5242928982193
fish13,1636,81.8,20.0,20.0,11.626683366586795,6.312817320657863,4.4,57.48957148274553,29.928382058011266,1546,900,25.207929056633837,9.44738601124022,65.57531506787406
fish13,1644,82.2,20.0,20.0,11.626683366586795,6.326691654235439,4.8,56.674251042851715,29.811849764522943,1527,1088,25.209634792676386,9.651907523430715,65.40154231610711
fish13,1648,82.4,20.0,20.0,9.542035218004104,5.842062378369859,4.8,43.55328024270003,25.613611029572265,1183,1268,25.249665763779632,9.538922496276433,58.44858826005607
fish13,1650,82.5,20.0,20.0,9.347299805391776,5.647326965757531,4.8,42.112248767538865,25.260079005310676,1151,1310,25.199353275534552,9.54466469013426,57.76401796566881
fish13,1752,87.6,20.0,20.0,6.036797790982188,5.4525915531452025,4.666666666666667,29.446340538490706,20.209657551039335,809,885,24.688267822096083,9.400107309457994,50.26837513155407
fish13,1755,87.75,20.0,20.0,6.036797790982188,5.4525915531452025,4.8,29.616989002654527,20.35358493513358,816,913,24.68458726654053,9.397503142791328,50.402090409331855
fish13,1760,88.0,20.0,20.0,6.426268616206846,5.4525915531452025,5.066666666666666,31.20970800151687,20.852528060354206,856,921,24.691175785752275,9.394150278207993,51.20532606396027
fish13,1769,88.45,20.0,20.0,6.621004028819175,5.257856140532874,5.066666666666666,30.546075085324226,20.63842298569688,840,918,24.665312017746913,9.370165903207992,50.8354779209549
fish13,1774,88.7,20.0,20.0,6.426268616206846,5.257856140532874,5.066666666666666,30.546075085324226,20.626032461841174,844,923,24.608328669776448,9.368753133890362,50.8570818036668
fish13,1777,88.85,20.0,20.0,6.426268616206846,5.4525915531452025,5.2,31.095942358740988,20.837958087956178,856,940,24.602061356137114,9.368147665140363,51.090209021277474
fish13,1781,89.05,20.0,20.0,6.621004028819175,5.4525915531452025,5.066666666666666,31.70269245354569,20.999282176486417,872,924,24.605833079849056,9.37302722468906,51.418860304538114
fish13,1785,89.25,20.0,20.0,6.621004028819175,5.4525915531452025,5.2,32.66970041714068,21.292780542686014,898,937,24.614570036692676,9.385452352640362,51.96002238933304
fish13,1790,89.5,20.0,20.0,6.815739441431503,5.4525915531452025,5.2,33.06788016685627,21.526031888466317,908,925,24.58680944325011,9.39268542555703,52.139494868807134
fish13,1794,89.7,20.0,20.0,6.815739441431503,5.4525915531452025,5.066666666666666,33.31437239287068,21.640105256813523,915,919,24.555333916388616,9.392470581807032,52.24780449819565
fish13,1800,90.0,20.0,20.0,6.426268616206846,5.257856140532874,5.066666666666666,30.716723549488048,20.8049336064725,849,995,24.853411187065976,9.347304644097225,51.1807158311632
fish13,1803,90.15,20.0,20.0,6.621004028819175,5.257856140532874,5.066666666666666,31.171786120591577,20.904878236055144,859,995,24.857838261281707,9.34720698784722,51.38504524912893
fish13,1807,90.35,20.0,20.0,6.621004028819175,5.647326965757531,5.066666666666666,32.57489571482745,21.130087856856846,890,984,24.868762745026018,9.355748657184176,52.024511402210194
fish13,1811,90.55,20.0,20.0,6.621004028819175,5.647326965757531,5.066666666666666,32.68866135760333,21.20334369000403,896,975,24.863710670734918,9.357080036067964,52.14079070680288
fish13,1817,90.85,20.0,20.0,6.426268616206846,5.842062378369859,5.066666666666666,32.726583238528626,21.10299749997568,898,1392,24.844361703359347,9.357639931901295,52.162001635260644
fish13,1820,91.0,20.0,20.0,6.231533203594517,5.842062378369859,4.933333333333334,32.100872203261275,20.891266084445068,883,1342,24.847712388610844,9.352522744401295,51.86023513301214
fish13,1825,91.25,20.0,20.0,6.231533203594517,5.842062378369859,5.2,32.347364429275686,21.099562112987652,891,1352,24.84902316169268,9.36903316106796,52.038056322760646
fish13,1859,92.95,20.0,20.0,6.815739441431503,5.842062378369859,5.466666666666667,33.1626848691695,21.517594847680687,905,1711,24.840823806122202,9.310299373202854,52.251123179325056
fish13,1867,93.35,20.0,20.0,7.440675766312714,5.646300709301064,5.333333333333333,33.31437239287068,21.855559010925955,904,1722,24.84414401160346,9.351572157531315,52.27571616913478
fish13,1870,93.5,20.0,20.0,7.476563170881583,5.646300709301064,5.333333333333333,33.42813803564656,21.86787752411554,908,1722,24.81108409016927,9.351201063781316,52.32228515395059
fish13,1874,93.7,20.0,20.0,7.5124513183070984,5.646300709301064,5.466666666666667,33.71255214258627,21.93518121838655,919,1730,24.79796785474235,9.345947157531315,52.52391501227366
fish13,1880,94.0,20.0,20.0,7.596188348015577,5.466863315028396,5.466666666666667,33.59878649981039,21.96499368058995,914,1773,24.802446937391498,9.345628147114649,52.42807508450615
fish13,1881,94.05,20.0,20.0,7.596188348015577,5.466863315028396,5.466666666666667,33.59878649981039,21.96499368058995,914,1777,24.805051104058165,9.345400282531315,52.43045138658948
fish13,1888,94.4,20.0,20.0,7.981915918600977,5.431481424407139,5.333333333333333,33.57982555934774,22.178022913109686,915,1779,24.782985061909237,9.353935443019868,52.436920504929105
fish13,1893,94.65,20.0,20.0,8.016016752936185,5.503844947436842,5.333333333333333,33.73151308304892,22.173299737697256,916,1822,24.788532006835936,9.354273984686534,52.46280599152247
fish13,1897,94.85,20.0,20.0,7.752283329328914,5.419152232653268,5.2,32.08191126279863,21.70787423470191,872,1764,24.866952580581476,9.380257057603199,51.68720963818467
fish13,1901,95.05,20.0,20.0,7.752283329328914,5.419152232653268,5.2,32.08191126279863,21.70787423470191,872,1764,24.872629701666188,9.367633359686534,51.68026306135272
fish13,1903,95.15,20.0,20.0,7.752283329328914,5.419152232653268,5.2,32.100872203261275,21.71658483244743,873,1764,24.868024709272976,9.365869036769869,51.693893746042846
fish13,1909,95.45,20.0,20.0,7.644728086979333,5.419152232653268,5.2,32.25255972696245,21.691744634775578,878,1766,24.87461315147494,9.332366432603202,51.76697958407814
fish13,1915,95.75,20.0,20.0,7.793650787375418,5.27022916082886,5.066666666666666,32.13879408418657,21.71206631404098,875,1701,24.881579329427087,9.326669818019866,51.70824914744695
fish13,1917,95.85,20.0,20.0,8.029146744154458,5.337020887585145,5.2,33.08684110731892,22.191125186489355,902,1729,24.877391004755463,9.326793515936535,52.244184520691995
fish13,1923,96.15,20.0,20.0,8.173948075878466,5.4158673205646,5.2,34.09177095183921,22.592490632329966,927,1734,24.87370170610216,9.323954974269867,52.73765668037203
fish13,1924,96.2,20.0,20.0,8.173948075878466,5.4158673205646,5.2,34.09177095183921,22.592490632329966,927,1734,24.87370170610216,9.323486224269868,52.73718793037202
fish13,1930,96.5,20.0,20.0,8.173329276292337,5.32994703517349,5.2,33.124762988244214,22.37539709181427,902,1758,24.794652194251544,9.34218738975525,52.17683958400679
fish13,1936,96.8,20.0,20.0,8.173329276292337,5.32994703517349,5.2,33.124762988244214,22.37539709181427,902,1349,24.79569386091821,9.344345586299898,52.18003944721811
fish13,1939,96.95,20.0,20.0,8.173329276292337,5.474903995364837,5.2,33.67463026166097,22.478949776126598,915,1354,24.789626165771484,9.341070846716564,52.430697012488054
fish13,1943,97.15,20.0,20.0,8.173329276292337,5.474903995364837,5.2,33.67463026166097,22.478949776126598,915,1356,24.77986474969181,9.341826055049896,52.4216908047417
fish13,1971,98.55,20.0,20.0,8.065341691374776,5.589974718402128,5.2,33.33333333333333,22.351130147330437,905,1357,24.96851941443549,9.45899728558858,52.52751670002407
fish13,1974,98.7,20.0,20.0,8.065341691374776,5.589974718402128,5.2,33.617747440273035,22.37441220318728,913,1357,24.966804917775843,9.468632702255249,52.6954376200311
fish13,1976,98.8,20.0,20.0,8.065341691374776,5.589974718402128,5.2,33.92112248767538,22.453804867944257,924,1357,24.965811119079582,9.468486211299897,52.91429733037948
fish13,1984,99.2,20.0,20.0,8.076376826851295,5.478711878532297,5.2,33.143723928706855,22.302953990266364,905,1357,24.966123619079582,9.465680221716566,52.53180384079615
fish13,1987,99.35,20.0,20.0,8.21793113217558,5.474903995364837,5.2,33.31437239287068,22.391871237938734,905,1379,24.903284973125693,9.427438034216562,52.43072300734226
fish13,1992,99.6,20.0,20.0,8.595909965086422,5.242560350763151,5.2,33.902161547212735,22.84678262653766,926,1379,24.906436081102164,9.428603398799897,52.85503947990206
fish13,1997,99.85,20.0,20.0,9.126738981480818,5.215279683294984,5.066666666666666,36.196435343193016,23.627117504626572,981,1410,24.785502313609175,9.552561745103198,53.95806405871238
fish13,2001,100.05,20.0,20.0,9.126738981480818,5.215279683294984,5.066666666666666,36.36708380735684,23.68259626752073,986,1410,24.787420716386958,9.547509673976899,54.05493039036386
fish13,2002,100.1,20.0,20.0,9.126738981480818,5.215279683294984,5.066666666666666,36.36708380735684,23.68259626752073,986,1410,24.787420716386958,9.548102121893566,54.055522838280524
fish13,2009,100.45,20.0,20.0,9.126738981480818,5.135044479815809,5.066666666666666,36.17747440273037,23.609255145144875,980,1410,24.888562237303933,9.530253816562228,54.01881605386616
fish13,2013,100.65,20.0,20.0,9.126738981480818,5.135044479815809,5.066666666666666,35.077739855896844,23.38881926043607,953,1423,24.8905761988322,9.52821605614556,53.47879225497776
fish13,2017,100.85,20.0,20.0,9.126738981480818,5.135044479815809,5.066666666666666,35.077739855896844,23.38881926043607,953,1424,24.894742865498863,9.524719962395563,53.47946282789442
fish13,2023,101.15,20.0,20.0,9.467738410553153,4.984603751863597,5.066666666666666,34.71748198710655,23.736831581246545,945,1405,24.893518924948612,9.524365142726898,53.31788406767551
fish13,2026,101.3,20.0,20.0,9.650010917215328,5.040792685711344,5.2,36.02578687902919,24.1723246971187,977,1408,24.894334932284888,9.560797434393566,53.995132366678455
fish13,2030,101.5,20.0,20.0,10.044169167876325,4.964798450824254,5.2,36.93591202123625,24.763786740817075,1005,1410,24.860706407165534,9.558945210732354,54.519651617897885
fish13,2033,101.65,20.0,20.0,10.044169167876325,4.9266074477961,5.2,36.89799014031095,24.741788944815568,1003,1415,24.856600625704534,9.563443908649022,54.48004453435355
fish13,2040,102.0,20.0,20.0,10.202458547721983,4.9008236364696485,5.2,37.54266211604095,25.04382544994746,1019,1378,24.88035499101804,9.562252502399023,54.82260749341707
fish13,2043,102.15,20.0,20.0,10.202458547721983,4.818840119874083,5.066666666666666,36.53773227152066,24.828193062025935,993,1389,24.868883594936793,9.565266825315689,54.29415042025248
fish13,2046,102.3,20.0,20.0,10.812785110946065,4.764183699287059,5.2,39.07849829351535,26.05787561100638,1056,1389,24.854361042371206,9.560943908649019,55.53530495102022
fish13,2351,117.55,20.0,20.0,7.594681091880817,5.063120727920545,5.466666666666667,29.84452028820629,21.17312558164337,816,1708,25.29370595944252,9.55400056710773,51.16770652655025
fish13,2357,117.85,20.0,20.0,8.037432567184084,5.369069951864067,5.6,31.740614334470983,22.013233305468717,865,1614,25.284218255615233,9.561474517726896,52.145692773342134
fish13,2358,117.9,20.0,20.0,8.037432567184084,5.369069951864067,5.2,31.740614334470983,22.013233305468717,865,1585,25.284218255615233,9.560462145953709,52.14468040156895
fish13,2366,118.3,20.0,20.0,8.037432567184084,5.175006824516379,5.2,31.607887751232457,21.970817258837823,863,1484,25.280003839770664,9.56336253050698,52.10336637027764
fish13,2369,118.45,20.0,20.0,8.021614920620536,5.010345963217872,5.066666666666666,30.678801668562755,21.745182352606278,839,1469,25.22657500796848,9.621337798976896,51.627912806945375
fish13,2374,118.7,20.0,20.0,8.236388891259056,4.924628849119446,4.933333333333334,30.716723549488048,21.921280165183987,839,1465,25.279439718948176,9.61516265864902,51.674602377597196
fish13,2376,118.8,20.0,20.0,8.215323705348077,4.980944068597015,4.8,30.887372013651873,21.945651341740962,843,1468,25.298997010614848,9.616419169065686,51.77541617968053
fish13,2381,119.05,20.0,20.0,8.215323705348077,4.786881312677651,4.8,29.692832764505116,21.628129966608668,812,1462,25.285963140115623,9.620592350260416,51.14655549037604
fish13,2385,119.25,20.0,20.0,8.429542762072023,4.91298605690649,4.8,30.621918847174815,22.066280373560694,834,1447,25.28842841789339,9.633424377399018,51.60185279529241
fish13,2391,119.55,20.0,20.0,8.816873417299519,4.8824078487866736,4.8,31.494122108456573,22.508772220466177,855,1406,25.225121069335934,9.599850158649021,51.924971227984955
fish13,2393,119.65,20.0,20.0,8.815421132556564,4.970218704341885,4.666666666666667,31.911262798634805,22.492177081565497,865,1374,25.22656643320719,9.60175120031569,52.12831763352288
fish13,2400,120.0,20.0,20.0,8.816488617556884,4.495440450459078,4.666666666666667,29.73075464543041,22.077404651834733,810,1325,24.87088528374566,9.491064386992981,50.56194967073864
fish13,2403,120.15,20.0,20.0,9.01025757367275,4.340424839852398,4.666666666666667,28.839590443686003,22.100377725755372,788,1313,24.861050201340667,9.490680272409648,50.11173047375031
fish13,2409,120.45,20.0,20.0,9.01025757367275,4.1660329279194475,4.933333333333334,28.30868411073189,21.914851739126366,773,1324,24.960481628248424,9.444195897409648,49.864677525658074
fish13,2886,144.3,20.0,20.0,7.594681091880817,4.673649902695888,4.0,27.493363670838068,20.78279935699083,764,327,25.551644580059293,9.570989531411065,50.40263411147036
fish13,2889,144.45,20.0,20.0,6.9500672373033785,4.937131497900161,4.666666666666667,25.597269624573375,19.438007874284363,701,434,25.44340690237916,9.595709583494395,49.05911648587356
fish13,3004,150.2,20.0,20.0,7.984151917105475,4.478914490083559,4.933333333333334,26.981418278346602,20.844434358624657,745,672,24.991961167775855,9.35633458925883,49.24829575703468
fish13,3005,150.25,20.0,20.0,7.594681091880817,4.673649902695888,4.933333333333334,26.12817595752749,20.20431469389851,715,687,24.986318806664737,9.358098912175496,48.64441771884023
fish13,3010,150.5,20.0,20.0,7.330891954025095,4.787521283678191,5.066666666666666,25.786879029199845,19.736670510244227,708,691,24.99871901446684,9.332685517109763,48.491404531576606
fish13,3014,150.7,20.0,20.0,7.2489697231028245,5.002056797333339,5.066666666666666,26.602199469093662,19.828592752335336,728,712,24.99160531925154,9.338473275237611,48.890078594489154
fish13,3018,150.9,20.0,20.0,6.677512391024707,5.03611343169811,5.066666666666666,25.74895714827455,19.34123983900569,704,724,24.980937120150333,9.336038379404277,48.39697549955461
fish13,3249,162.45,20.0,20.0,7.908057396571174,5.4014135588031325,4.0,34.07281001137656,21.936743260198952,920,862,24.95185713222174,9.386998578855726,52.73885571107746
fish13,3256,162.8,20.0,20.0,7.837948072033796,5.312387761203367,4.0,33.029958285930974,21.661409294350467,899,862,24.94187441647377,9.382307825883235,52.304182242357
fish13,3288,164.4,20.0,20.0,9.613007741964148,4.2481936158250875,4.266666666666667,32.51801289343951,23.571744505947386,883,797,25.018519388363682,9.454973805745443,52.13349319410912
fish13,3434,171.7,20.0,20.0,7.663772702813158,5.7478287842532225,4.4,35.3431930223739,22.021522099924923,962,471,25.0392684992284,9.50286122842365,53.782129727652055
fish13,3440,172.0,20.0,20.0,6.815739441431503,6.621004028819175,4.4,36.29124004550625,22.334022251629847,988,480,25.02911237996419,9.5500812763532,54.33919365631739
fish13,3441,172.05,20.0,20.0,8.019112979436766,5.700332387448792,4.8,36.461888509670075,22.440651708884335,992,549,25.029351133728017,9.550856015936533,54.42020714966455
fish13,3613,180.65,20.0,20.0,8.957828980167118,4.28417907747123,4.533333333333333,28.801668562760707,22.225641370546764,802,617,25.03417533810462,9.366500570837657,50.440675908942275
fish13,3618,180.9,20.0,20.0,8.781335155354276,5.017905643876019,4.533333333333333,32.480091012514215,22.781062609778868,882,617,25.003927945944703,9.405452393754324,52.04938033969903
fish13,3619,180.95,20.0,20.0,8.409386832695763,5.1426628461489905,4.666666666666667,31.664770572620398,22.26370905937168,861,610,25.024644084487733,9.404606039587655,51.64925012407539
fish13,3625,181.25,20.0,20.0,7.907620596863318,5.48656498756562,4.533333333333333,31.987106560485394,22.006762791939245,867,661,25.00239582964108,9.404059160857733,51.74645499049882
fish13,3630,181.5,20.0,20.0,8.595909965086422,5.337020887585145,4.8,34.26241941600303,22.802042158247122,930,669,24.970169252730003,9.433714108774398,53.0038833615044
fish13,3633,181.65,20.0,20.0,8.170836992244965,4.959178740297169,4.8,30.508153204398933,21.543280439429974,834,687,24.877903641594784,9.435201740858291,50.993105382453074
fish13,3639,181.95,20.0,20.0,9.74658005262703,4.747339796267046,4.666666666666667,33.8452787258248,23.824424849447286,921,620,24.87674912770589,9.438990803358292,52.73573993106418
fish13,3641,182.05,20.0,20.0,10.434508392520172,4.275249940586159,4.666666666666667,33.71255214258627,24.829265863094125,917,592,24.880264750143922,9.436080647108293,52.65634539725221
fish13,3690,184.5,20.0,20.0,9.152562907066155,4.478913747226913,3.0666666666666664,29.503223359878646,22.536165848573077,819,208,25.232108496093748,9.534905428049303,51.14701392414305
fish13,3693,184.65,20.0,20.0,8.58727722800311,4.608990545941982,3.3333333333333335,28.61205915813424,21.54022448968817,780,257,25.228814265479564,9.515881990549303,50.34469625602887
fish13,3700,185.0,20.0,20.0,7.984151917105475,4.478914490083559,5.2,26.659082290481603,20.556115955031974,733,562,25.108245728367933,9.532555272409649,49.30080100077758
fish13,3702,185.1,20.0,20.0,8.038307652313087,4.272248428307945,5.2,25.047402351156613,20.0410048566964,688,606,25.111205813259552,9.537223241159646,48.408429054419194
fish13,3706,185.3,20.0,20.0,8.038307652313087,4.272248428307945,5.2,24.971558589306024,19.97962549060588,684,635,25.103718810865622,9.544801366159652,48.328520177025275
fish13,3711,185.55,20.0,20.0,7.6568039646169135,3.9612485220281832,5.2,22.866894197952213,19.17039033184633,629,627,25.01065876005196,9.515162689166598,47.10582144921855
fish13,3717,185.85,20.0,20.0,7.399945679268489,4.089443664858901,4.8,23.20819112627986,19.070626819999696,639,622,24.999964349365232,9.54753899124993,47.327503340615166
fish13,3721,186.05,20.0,20.0,7.399945679268489,4.089443664858901,4.666666666666667,23.473644292756916,19.214313773897604,650,597,24.98441336080292,9.545478449492984,47.52989181029591
fish13,4003,200.15,20.0,20.0,6.621004028819175,6.426268616206846,1.6,33.99696624952597,22.128478948031873,936,161,25.388479706488713,9.372903612603084,53.4813833190918
fish13,4005,200.25,20.0,20.0,6.621004028819175,6.426268616206846,1.6,34.67956010618126,22.383091252739618,955,160,25.389860044050803,9.372246058103771,53.86210610215458
fish13,4231,211.55,20.0,20.0,8.025309889577803,4.062295968730371,3.2,25.93856655290102,20.695947018651673,714,313,24.887719991029346,9.39439772363239,48.56211771466174
fish13,4237,211.85,20.0,20.0,7.758625096515924,4.198009935103706,5.2,25.69207432688661,20.328431182314297,710,390,24.88613123913047,9.398369084156885,48.48450032328736
fish13,4241,212.05,20.0,20.0,7.758625096515924,4.384832438722708,2.0,27.019340159271895,20.674500143710265,745,175,24.8864090815603,9.403421161132389,49.189830242692686
fish13,4246,212.3,20.0,20.0,7.759344181749264,4.40193559871218,3.7333333333333334,27.095183921122484,20.67794662711944,747,360,24.88954276211585,9.403499286132392,49.23304204824824
fish13,4499,224.95,20.0,20.0,6.231533203594517,5.647326965757531,3.3333333333333335,30.754645430413344,20.513677576273164,840,613,25.05923548712083,9.684863213433161,51.54409870055399
fish13,4505,225.25,20.0,20.0,6.231533203594517,5.647326965757531,3.0666666666666664,30.754645430413344,20.513677576273164,840,611,25.062312777879505,9.68652988009983,51.548842657979336
fish13,4507,225.35,20.0,20.0,6.231533203594517,5.647326965757531,2.533333333333333,30.754645430413344,20.513677576273164,840,519,25.06300288869599,9.6868554075453,51.5498582962413
fish14,688,34.4,20.0,20.0,13.490732805569582,4.059036313767668,2.2666666666666666,44.577171027682965,31.07717139502406,1216,280,24.919144965108234,9.148596897114645,58.38774186222288
fish14,689,34.45,20.0,20.0,13.490732805569582,4.059036313767668,2.2666666666666666,44.59613196814561,31.07819820862301,1217,280,25.047313359747996,9.14837554294798,58.53568890269598
fish14,690,34.5,20.0,20.0,13.490732805569582,4.065986851976085,2.2666666666666666,45.63898369359119,31.15874926546236,1243,280,25.034144927130804,9.148590386697983,59.042735313828786
fish14,691,34.55,20.0,20.0,13.518534958403249,4.20499464471784,2.2666666666666666,47.421312097080005,31.64102076076204,1286,280,25.020646678312318,9.148831272114649,59.889477950426965
fish14,721,36.05,20.0,20.0,13.436743470250677,4.28417907747123,3.2,49.01403109594235,31.56143618363342,1353,400,25.11339407002014,9.070328659216562,61.2437227292367
fish14,722,36.1,20.0,20.0,13.436743470250677,4.28417907747123,3.2,49.37428896473264,31.712032075767567,1364,400,25.07608485778056,9.055917866982353,61.412002724762914
fish14,723,36.15,20.0,20.0,13.436743470250677,4.478914490083559,3.2,50.43610163064087,31.78147496503639,1385,400,25.057178615692514,9.053489534335666,61.81066815002818
fish14,724,36.2,20.0,20.0,13.436743470250677,4.478914490083559,3.3333333333333335,50.32233598786499,31.61112031647463,1380,410,25.02855451025316,9.054973920186361,61.68352843043952
fish14,725,36.25,20.0,20.0,13.436743470250677,4.478914490083559,3.3333333333333335,50.58778915434205,31.71393288342482,1389,410,25.059947807858315,9.087613920752206,61.92756172861052
fish14,726,36.3,20.0,20.0,13.436743470250677,4.478914490083559,3.3333333333333335,51.04285172544557,31.76789027590795,1407,418,25.029314083523218,9.21074543803533,62.38005952155855
fish14,727,36.35,20.0,20.0,13.436743470250677,4.478914490083559,3.3333333333333335,51.34622677284793,31.845582913230526,1415,436,24.971935519070097,9.244072255441877,62.516007774511976
fish14,728,36.4,20.0,20.0,13.24200805763835,4.478914490083559,3.3333333333333335,51.137656427758806,31.768010897255845,1411,457,24.99423591512044,9.322112617227768,62.53634853234821
fish14,729,36.45,20.0,20.0,13.436743470250677,4.478914490083559,3.466666666666667,51.55479711793704,31.851311614756142,1421,469,24.948715081787117,9.345520802434285,62.7142358842214
fish14,730,36.5,20.0,20.0,13.436743470250677,4.478914490083559,3.6,51.55479711793704,31.851311614756142,1421,508,25.04034704861111,9.379397782633042,62.839744831244154
fish14,731,36.55,20.0,20.0,13.436743470250677,4.478914490083559,3.7333333333333334,52.12362533181645,31.97575347438288,1435,518,25.06594168428021,9.43238278808594,63.19832447236615
fish14,732,36.6,20.0,20.0,13.24200805763835,4.478914490083559,3.7333333333333334,51.06181266590822,31.609802117356278,1409,536,25.07301615982998,9.511832656849755,62.76484881667974
fish14,767,38.35,20.0,20.0,13.436743470250677,4.28417907747123,3.466666666666667,52.275312855517626,32.61489096655165,1444,482,24.726461702907233,9.428896427906887,63.03535813081412
fish14,768,38.4,20.0,20.0,13.500648456080558,4.443990570584568,3.466666666666667,51.95297686765263,32.2573548985395,1414,473,24.738323585717474,9.409280448902981,62.42760403462046
fish14,769,38.45,20.0,20.0,13.436743470250677,4.28417907747123,3.466666666666667,50.68259385665528,32.150459220034506,1382,445,24.71656570952615,9.492874227640364,61.849439937166515
fish14,770,38.5,20.0,20.0,13.436743470250677,4.28417907747123,3.466666666666667,50.94804702313234,32.315931327219,1403,436,24.72466481072697,9.575501200315687,62.36016601104266
fish15,3272,163.6,20.0,20.0,5.842062378369859,2.9210311891849297,1.6,13.481228668941977,14.326036243322463,378,189,24.76605022665895,9.143216136296592,41.469266362955544
fish15,3273,163.65,20.0,20.0,5.842062378369859,2.9210311891849297,1.7333333333333334,13.481228668941977,14.326036243322463,378,229,24.737985978190107,9.206331380112967,41.504317358303076
fish15,3278,163.9,20.0,20.0,5.842062378369859,2.9210311891849297,1.8666666666666667,13.253697383390215,14.252834220853574,372,283,24.742556394958495,9.448769531207615,41.631325926166106
fish15,3279,163.95,20.0,20.0,5.842062378369859,2.7262957765726012,1.8666666666666667,12.817595752749334,14.158394159017885,363,278,24.72901037326389,9.44791666662428,41.43692703988817
fish15,3280,164.0,20.0,20.0,5.842062378369859,2.7262957765726012,1.8666666666666667,12.874478574137274,14.17276369940711,365,278,24.693185720486113,9.448323567443424,41.441509287929534
fish15,3281,164.05,20.0,20.0,5.647326965757531,2.7262957765726012,1.8666666666666667,12.381494122108455,13.792972064137295,351,278,24.669817621226372,9.458740234364402,41.148557855590774
fish15,3282,164.1,20.0,20.0,5.842062378369859,2.7262957765726012,1.8666666666666667,12.817595752749334,14.104349852307175,362,278,24.64838100629265,9.457327473862962,41.345708480155615
fish15,3283,164.15,20.0,20.0,5.842062378369859,2.7262957765726012,1.8666666666666667,12.817595752749334,14.104349852307175,362,278,24.658858445739742,9.447135416497126,41.345993862236874
fish15,3284,164.2,20.0,20.0,5.842062378369859,2.7262957765726012,1.8666666666666667,12.855517633674628,14.11666845835384,364,278,24.658919186269497,9.440729166497126,41.37964835276662
fish15,3285,164.25,20.0,20.0,6.036797790982188,2.7262957765726012,1.8666666666666667,13.234736442927566,14.46381978509732,374,279,24.679114524257333,9.418255208333333,41.57736973259067
fish15,3286,164.3,20.0,20.0,6.036797790982188,2.7262957765726012,1.8666666666666667,13.234736442927566,14.46381978509732,374,279,24.679123196072048,9.418763020155165,41.57788621622721
fish15,3287,164.35,20.0,20.0,6.231533203594517,2.7262957765726012,1.8666666666666667,13.670838073568447,14.826602463886084,385,279,24.70006503407042,9.428430987506443,41.82849602157687
fish15,3288,164.4,20.0,20.0,6.231533203594517,2.7262957765726012,1.8666666666666667,13.803564656806975,14.970676678239267,389,275,24.68931850629264,9.433209628253511,41.90252813454615
fish15,3289,164.45,20.0,20.0,6.426268616206846,2.7262957765726012,1.8666666666666667,13.974213120970798,15.110710495294786,394,263,24.678775959608288,9.466074198235408,42.024850157843694
fish15,3290,164.5,20.0,20.0,6.426268616206846,2.7262957765726012,1.8666666666666667,13.974213120970798,15.110710495294786,394,263,24.658654431830513,9.439954417546593,41.97860884937711
fish15,3291,164.55,20.0,20.0,6.426268616206846,2.7262957765726012,1.8666666666666667,13.974213120970798,15.110710495294786,394,263,24.657703913464953,9.396041647974652,41.93374556143961
fish15,3292,164.6,20.0,20.0,6.426268616206846,2.7262957765726012,1.8666666666666667,13.974213120970798,15.110710495294786,394,263,24.657052881292646,9.322721353488497,41.85977423478115
fish15,3293,164.65,20.0,20.0,6.231533203594517,2.7262957765726012,1.8666666666666667,13.651877133105799,14.952342372644651,384,263,24.653645751274958,9.330608722676171,41.664254473951125
fish15,3294,164.7,20.0,20.0,6.426268616206846,2.7262957765726012,1.8666666666666667,13.95525218050815,15.167067871887017,392,263,24.66155810273724,9.344114576170181,41.84567267890742
fish15,3295,164.75,20.0,20.0,6.426268616206846,2.9210311891849297,1.8666666666666667,14.486158513462266,15.269651917561482,405,238,24.674214352737234,9.385608720895979,42.15982307363321
fish15,3296,164.8,20.0,20.0,6.426268616206846,2.9210311891849297,1.8666666666666667,14.562002275312853,15.295632632327667,407,205,24.636618853514868,9.383876951842836,42.160495805357705
fish2,34,1.7,20.0,20.0,55.49953316598199,22.403168787525452,1.7333333333333334,808.5893060295789,128.5404273819248,3170,224,25.542156473324624,10.286142437987854,99.22829891131248
fish2,43,2.15,20.0,20.0,57.50678530918656,21.301005753256177,2.0,828.0053090633294,131.72983977017984,3066,440,25.468020398099924,10.281077390024397,97.06909778812431
fish2,44,2.2,20.0,20.0,57.517185302230736,20.815251792428533,1.8666666666666667,818.0318543799771,131.60721201291122,3205,217,25.591162759211038,10.297978423976899,99.98914118318794
fish2,249,12.45,20.0,20.0,47.46740756667702,17.89021957734818,2.1333333333333333,645.9044368600681,116.35751315521881,3620,220,26.251665599606365,10.100484956518812,108.75215055612519
fish2,258,12.9,20.0,20.0,48.46786609754071,18.95009178275996,2.1333333333333333,670.3261281759574,114.96504095440262,3502,350,26.447923065863716,10.22120434125264,106.70912740711637
fish2,259,12.95,20.0,20.0,48.77782451880276,18.766034191577415,2.1333333333333333,636.6135760333711,114.64005626104773,3318,359,26.42136043286736,10.220634702799059,103.00199513566642
fish2,260,13.0,20.0,20.0,48.985669865503915,18.840085113478537,1.8666666666666667,634.9070913917329,114.96037781109291,3196,324,26.33546638929579,10.214573504882392,100.47003989417819
fish2,261,13.05,20.0,20.0,48.98972586279115,18.978147992566562,1.8666666666666667,638.5096700796358,115.0711938691187,3259,314,26.276238335428122,10.209199160724213,101.66543749615235
fish2,262,13.1,20.0,20.0,49.40589198444691,18.949433611771592,1.8666666666666667,641.6192643155099,115.62963454204561,3289,314,26.29237566543391,10.209641869057549,102.28201753449146
fish2,263,13.15,20.0,20.0,49.41056306703704,19.11447110138963,2.2666666666666666,646.2457337883958,115.82266031651567,3274,354,26.287371251970466,10.211637310187022,101.97900856215749
fish2,264,13.2,20.0,20.0,49.401229816136535,19.130909033252596,2.2666666666666666,652.8631020098596,116.00787741406556,3300,354,26.271169068211687,10.20712233136495,102.47829139957663
fish2,265,13.25,20.0,20.0,49.789672527763116,19.266854770899485,2.2666666666666666,660.3147516116799,116.55218398573149,3321,344,26.3655049619133,10.206731706364948,102.99223666827825
fish2,266,13.3,20.0,20.0,49.794031610561916,19.429849404740988,2.2666666666666666,665.2825180128933,116.8441685725864,3370,362,26.398600016200692,10.199765570068362,103.99836558626906
fish2,267,13.35,20.0,20.0,49.98843422339683,19.56278657297153,2.2666666666666666,671.0087220326127,117.22137000601718,3346,357,26.374949962455837,10.19947911173503,103.49442907419086
fish2,268,13.4,20.0,20.0,49.83088324305731,19.53364133532187,2.2666666666666666,668.5627607129312,117.09305823469305,3320,371,26.337792587770064,10.206611261992983,102.94440384976305
fish2,269,13.45,20.0,20.0,50.18350837863974,19.586223700153226,2.4,665.7375805839969,117.54286034813778,3205,416,26.222471489725002,10.204449803659648,100.52692129338465
fish2,270,13.5,20.0,20.0,50.411910054449365,19.55532680653227,2.4,666.4580963215774,117.7705236708698,3900,409,26.160032198757595,10.206025321102143,114.36605751985974
fish2,274,13.7,20.0,20.0,50.78935848771495,19.705851848713802,2.1333333333333333,687.4478574137277,118.83477014121308,3344,348,26.207354007504314,10.178411397128636,103.26576540463294
fish2,275,13.75,20.0,20.0,50.79111757225271,19.80439475423396,2.1333333333333333,690.4436860068258,119.03567794969713,3328,324,26.26059629509066,10.174049373202855,102.99464566829351
fish2,276,13.8,20.0,20.0,50.861534439441535,19.80439475423396,2.0,690.595373530527,119.24757249190435,3344,333,26.226707320526508,10.178300675286186,103.28500799581269
fish2,277,13.85,20.0,20.0,51.052329740403415,19.776148373125977,1.8666666666666667,692.1880925293893,119.51749985422607,3343,278,26.222141462236568,10.176321553378635,103.2584630156152
fish2,278,13.9,20.0,20.0,51.20824049326854,19.748136734718134,1.8666666666666667,693.382631778536,119.67517384698333,3414,273,26.163790682568962,10.169335876295303,104.61312655886427
fish2,279,13.95,20.0,20.0,51.2485627520141,19.995554054952382,1.8666666666666667,701.7823284034887,120.22894738374603,3447,271,26.088881668637118,10.173994081020355,105.20287574965747
fish2,280,14.0,20.0,20.0,51.44206799402063,19.83245393546715,2.0,685.8172165339399,120.29901963509391,3221,252,26.105722233506192,10.177464133103689,100.70318636660988
fish2,281,14.05,20.0,20.0,51.44231165100053,19.801561498986068,1.8666666666666667,685.3621539628365,120.41541821438595,3131,210,26.089172569444447,10.184365174770356,98.89353774421481
fish2,282,14.1,20.0,20.0,51.633885465727424,19.86745585491397,1.8666666666666667,695.1649601820249,120.76293073195929,3220,188,26.106073809965157,10.185266859266497,100.69134066923166
fish2,283,14.15,20.0,20.0,51.863154798099586,19.926908158007652,1.8666666666666667,700.0568828213878,121.29076907713964,3253,175,26.128448355950248,10.183723890516497,101.37217224646675
fish2,284,14.2,20.0,20.0,52.20676462542601,19.935574323640033,1.8666666666666667,705.5176336746301,121.81356147569488,3301,170,26.12863484512141,10.184902275933162,102.33353712105458
fish2,285,14.25,20.0,20.0,52.39782735478045,19.906124514765512,1.8666666666666667,706.6552901023889,121.97831547264539,3310,155,26.18660812895975,10.18857415093316,102.57518227989291
fish2,286,14.3,20.0,20.0,59.503108545414996,19.906124514765512,1.8666666666666667,797.3644292756919,132.27662836518573,3629,157,26.226256579062376,10.190787692599827,108.9970442716622
fish2,287,14.35,20.0,20.0,52.24498905700324,20.02342009345761,1.8666666666666667,709.6321577550245,122.29783798751069,3307,157,26.194043161349825,10.188928973632388,102.52297213498221
fish2,288,14.4,20.0,20.0,52.243247801024985,19.94314254714961,1.8666666666666667,701.2703830109972,122.24607253284725,3183,157,26.04789715342581,10.189693939166599,99.89759109259242
fish2,289,14.45,20.0,20.0,52.30978398509504,19.912648281830794,1.8666666666666667,700.0758437618505,122.3770385309676,3204,157,26.008114141770356,10.196751230833263,100.28486537260362
fish2,290,14.5,20.0,20.0,52.4792147289176,19.95541602465503,1.8666666666666667,709.2150170648463,122.72554499073328,3297,157,26.042853673562888,10.18396803282632,102.16682170638921
fish2,291,14.55,20.0,20.0,52.67972065195615,20.070480061982508,1.8666666666666667,715.5100492984451,123.12690864907509,3333,165,26.066838048562886,10.185927668242986,102.91276571680586
fish2,292,14.6,20.0,20.0,53.199090361729155,20.01191621543746,1.8666666666666667,720.8001516875236,123.9018952146697,3412,162,26.056308611759142,10.18560865782632,104.48191726958547
fish2,295,14.75,20.0,20.0,53.67238513088988,20.06694406434749,1.8666666666666667,726.1281759575273,124.84633190800244,3472,198,26.168739317415962,10.248629484293192,105.85736880170916
fish2,296,14.8,20.0,20.0,54.01658924353311,20.038159855027793,2.0,728.0432309442547,125.20175668456953,3499,233,26.21150420718723,10.272057220416597,106.46356142760382
fish2,297,14.85,20.0,20.0,54.28819546187482,20.120556028490217,2.0,737.7701934015926,125.87034686418232,3553,258,26.19769327345483,10.269309824583264,107.5270030980381
fish2,298,14.9,20.0,20.0,54.476613621569456,20.09194861905227,2.0,738.4338263177852,126.13803497800173,3575,258,26.197658526366435,10.273948491149476,107.97160701751591
fish2,299,14.95,20.0,20.0,54.84205154858232,20.06354920947521,2.0,742.2449753507773,126.5902988719428,3618,264,26.188478801284603,10.274257730441622,108.82273653172622
fish2,300,15.0,20.0,20.0,55.068593111350324,16.246221362617185,2.1333333333333333,596.9093667045885,122.30402661015728,3259,289,26.652981257968484,10.292851404783459,102.12583266275195
fish2,301,15.05,20.0,20.0,55.068593111350324,16.246221362617185,2.1333333333333333,597.0800151687523,122.4139120313055,3262,289,26.693428481189116,10.276591636562351,102.21002011775147
fish2,302,15.1,20.0,20.0,55.261254468206985,16.14999616983259,2.1333333333333333,594.084186575654,122.64902843476698,3261,289,26.687899006483292,10.27394840739568,102.18184741387897
fish2,303,15.15,20.0,20.0,55.643344269796856,16.14999616983259,2.1333333333333333,595.9802806219187,123.13617093395163,3291,289,26.642430227322052,10.273323407395681,102.73575363471774
fish2,304,15.2,20.0,20.0,55.987696953769294,16.16475821710215,2.1333333333333333,601.1186954872961,123.44321754287547,3293,289,26.66346763281174,10.274573407395682,102.79804104020742
fish2,305,15.25,20.0,20.0,56.02573121404514,16.17876997915924,2.1333333333333333,602.5407660219946,123.59014284103606,3288,282,26.67556386688609,10.273876792812349,102.70944065969844
fish2,306,15.3,20.0,20.0,55.948890122581595,16.17876997915924,2.1333333333333333,596.075085324232,123.12760356825316,3240,282,26.694904175633564,10.275595542812347,101.7704997184459
fish2,307,15.35,20.0,20.0,56.06149530441077,16.17876997915924,2.1333333333333333,598.3883200606749,123.94434352913615,3328,270,26.53697010626145,10.27638330322901,103.37335340949046
fish2,308,15.4,20.0,20.0,56.134271484307334,16.21871932386851,2.2666666666666666,600.2275312855517,123.96097307158524,3328,270,26.558719092682264,10.279589680820038,103.39830877350231
fish2,309,15.45,20.0,20.0,56.32387227178242,16.191600599149172,2.0,599.0709139173302,124.12968094624841,3333,253,26.512903120460045,10.28031233707004,103.45321545753008
fish2,310,15.5,20.0,20.0,56.514120830252836,16.174774896116986,1.8666666666666667,598.7864998103905,124.23822927186237,3340,232,26.471462185311033,10.274677552530504,103.54613973784154
fish2,311,15.55,20.0,20.0,56.668331927111886,16.161195476627874,1.8666666666666667,599.4122108456578,124.4258523195888,3349,219,26.48864096768226,10.27655911889606,103.74520008657832
fish2,1656,82.8,20.0,20.0,4.673649902695888,2.142089538735615,1.8666666666666667,8.19112627986348,11.711250143954599,238,190,26.919542495369615,10.121311740864648,41.800854236234265
fish2,1657,82.85,20.0,20.0,4.673649902695888,2.142089538735615,1.6,8.153204398938186,11.750930087058334,237,163,26.908587657316236,10.122727754338584,41.77131541165482
fish2,1659,82.95,20.0,20.0,4.478914490083559,2.336824951347944,1.6,8.210087220326127,11.384527258905118,234,160,26.894729138861756,10.132705005126532,41.70743414398829
fish2,1660,83.0,20.0,20.0,4.28417907747123,2.336824951347944,1.7333333333333334,7.622298065984071,10.994396126979236,218,211,26.90189059719509,10.132268807209865,41.39415940440496
fish2,1704,85.2,20.0,20.0,4.478914490083559,2.142089538735615,1.8666666666666667,8.058399696624951,11.464093914617152,233,348,27.169047184678067,10.157187461853024,41.98623464653109
fish2,1705,85.25,20.0,20.0,4.673649902695888,2.142089538735615,2.0,8.551384148653772,11.87538014132245,247,346,27.15751072634473,10.162190715779197,42.25970144212393
fish2,1706,85.3,20.0,20.0,5.063120727920545,2.142089538735615,2.0,9.328782707622297,12.604374130535385,268,351,27.10557050231181,10.164954396184287,42.6305248984961
fish2,1707,85.35,20.0,20.0,5.063120727920545,2.142089538735615,2.2666666666666666,9.36670458854759,12.607311942856203,269,368,27.102601698058326,10.162688771184287,42.64529046924262
fish2,5824,291.2,20.0,20.0,5.660740728214581,2.3513847558956296,1.4666666666666666,10.48540007584376,13.39349034025108,297,203,27.92024517956015,10.026845692941878,43.88709087250203
fish2,5825,291.25,20.0,20.0,5.7478287842532225,2.3513847558956296,1.4666666666666666,10.845657944634052,13.619826967441867,306,247,27.924537752881463,10.031878240701888,44.076415993583346
fish2,5826,291.3,20.0,20.0,5.7478287842532225,2.3513847558956296,1.6,10.845657944634052,13.619826967441867,306,326,27.926746889750167,10.021764309183757,44.06851119893392
fish2,5827,291.35,20.0,20.0,6.009094066654117,2.3513847558956296,1.6,11.149032992036403,14.009297792666525,315,322,27.923604631419227,10.023639309183755,44.24724394060298
fish2,5828,291.4,20.0,20.0,6.009094066654117,2.3513847558956296,1.6,11.149032992036403,14.009297792666525,315,320,27.89945099826389,10.026184882100422,44.22563588036431
fish2,5829,291.45,20.0,20.0,5.9220056391871525,2.2642963284286646,1.6,10.750853242320817,13.73955944093267,304,321,27.898487456597227,10.022115874565973,44.0006033311632
fish2,5830,291.5,20.0,20.0,6.096182122692759,2.3513845701814677,1.6,11.073189230185815,14.051617314361973,314,309,27.91522786983914,10.021738271713257,44.2169661415524
fish2,5831,291.55,20.0,20.0,6.096182122692759,2.264296514142826,1.6,11.41448615851346,14.344642504092329,323,325,27.891187058437016,10.024694000879924,44.37588105931694
fish2,5832,291.6,20.0,20.0,5.9220056391871525,2.264296514142826,1.6,11.281759575274931,14.069353341785307,319,326,27.888639429144213,10.02591144879659,44.29455087794081
fish2,5833,291.65,20.0,20.0,6.027539940031256,2.2562983623493698,1.6,11.262798634812285,14.196334331856658,315,331,27.880401480950244,10.024830719629927,44.20523220058017
fish2,5834,291.7,20.0,20.0,6.2197708114615535,2.242010443334125,1.6,11.149032992036403,14.263620360068055,314,342,27.874511685519753,10.022825513670181,44.177337199189935
fish2,5835,291.75,20.0,20.0,6.009094066654117,2.3513845701814677,1.6,11.186954872961698,14.022388574982449,316,325,27.869707087293083,10.023072909503513,44.2127799967966
fish2,5836,291.8,20.0,20.0,5.834917583148511,2.3513845701814677,1.6,10.807736063708758,13.676319613586482,306,333,27.85775846346632,10.02765950053533,44.005417964001644
fish2,5837,291.85,20.0,20.0,5.92200526775883,2.3513847558956296,1.6,10.561243837694349,13.668691659759713,299,346,27.671703665255325,10.026191402011449,43.677895067266775
fish2,5838,291.9,20.0,20.0,5.74967181159198,2.3504948136337065,1.6,10.599165718619641,13.437984992634597,299,350,27.661208898454834,10.024726558261449,43.665935456716284
fish2,5839,291.95,20.0,20.0,5.743598587082504,2.347581701296368,1.6,10.580204778156995,13.437315307368216,298,350,27.67929472287025,10.024726558261449,43.6640212811317
fish2,5840,292.0,20.0,20.0,5.743598587082504,2.347581701296368,1.6,10.580204778156995,13.437315307368216,298,335,27.638608984375,10.028417964511448,43.627026948886446
fish2,5841,292.05,20.0,20.0,5.480686391497399,2.3400684491785966,1.6,9.935532802426998,12.9512831002981,281,335,27.655002098083497,10.030319006178113,43.30532110426161
fish2,5842,292.1,20.0,20.0,5.399475817242009,2.3513845701814677,1.6,9.689040576412589,12.793883430571663,277,335,27.644242536455316,10.030162756178113,43.21440529263343
fish2,5847,292.35,20.0,20.0,5.138210906269437,2.264296514142826,1.8666666666666667,9.139173302995827,12.34654103155323,261,390,27.948082661777075,10.030553371683755,43.19863603346083
fish2,5848,292.4,20.0,20.0,6.792889171000155,2.3513847558956296,1.8666666666666667,12.135001896094044,15.60586679269101,318,390,27.93593853305769,10.049778632100422,44.34571716515811
fish2,5849,292.45,20.0,20.0,6.792889171000155,2.3513847558956296,1.8666666666666667,12.381494122108455,15.813293330743711,318,390,27.92385519972436,10.049205715433754,44.333060915158114
fish2,5850,292.5,20.0,20.0,6.612575577313515,2.404572920321809,1.8666666666666667,12.514220705346982,15.458852514232802,350,389,27.93683263027992,10.048613267517087,44.98544589779701
fish2,5851,292.55,20.0,20.0,6.618712316066225,2.4384729976484327,1.8666666666666667,13.253697383390215,15.686443245941948,371,376,27.934193645995343,10.053753240701889,45.40794688669723
fish2,5852,292.6,20.0,20.0,6.357447405093653,2.6126494811540395,1.8666666666666667,12.893439514599923,15.032999124056168,361,365,27.91632480197483,10.055387355285221,45.19171215726005
fish2,5853,292.65,20.0,20.0,6.270359349055012,2.6126494811540395,1.8666666666666667,12.96928327645051,15.020022741663729,363,342,27.908295256362727,10.034951166269515,45.20324642263224
fish2,5854,292.7,20.0,20.0,6.096182122692759,2.177208086675861,1.8666666666666667,11.54721274175199,14.369007227082195,326,348,27.90884645572238,10.035218093352848,44.46406454907523
fish2,5855,292.75,20.0,20.0,6.183270921588047,2.3513845701814677,1.8666666666666667,12.267728479332574,14.645288288725807,343,348,27.910712901456854,10.033447260019514,44.80416016147637
fish2,5856,292.8,20.0,20.0,6.009094066654117,2.2642963284286646,1.8666666666666667,11.623056503602577,14.202259727893578,325,348,27.641706871805077,10.035556635019514,44.17726350682459
fish2,5857,292.85,20.0,20.0,5.69444747709908,2.392458599852797,1.8666666666666667,11.509290860826695,13.75750771642833,323,348,27.63683266177707,10.03493814543618,44.13177080721325
fish2,5858,292.9,20.0,20.0,5.92200526775883,2.3513845701814677,1.8666666666666667,11.869548729616987,14.248789853915708,334,348,27.643382093641495,10.034348952229818,44.35773104587131
fish2,5859,292.95,20.0,20.0,5.9220056391871525,2.3513845701814677,1.8666666666666667,11.262798634812285,14.023450813557707,316,348,27.63331295814043,10.034348952229818,43.98766191037025
fish2,5860,293.0,20.0,20.0,5.4865642447089735,2.4384729976484327,1.8666666666666667,10.371634433067879,13.086597595510042,293,349,27.60014894068212,10.031725254313152,43.491874194995276
fish2,5861,293.05,20.0,20.0,5.834917583148511,2.6126496668682013,1.8666666666666667,11.433447098976107,13.830210887445153,322,349,27.60473227401545,10.031588535563152,44.076320809578604
fish2,5862,293.1,20.0,20.0,5.834917583148511,2.6997379086210045,1.8666666666666667,12.381494122108455,14.023921018600364,346,351,27.597961410691997,10.02890949748357,44.54687090817557
fish2,5863,293.15,20.0,20.0,6.076757535684498,2.750859445857977,2.0,13.386423966628742,14.5999891690232,372,365,27.608933632914223,10.101350904835597,45.15028453774982
fish2,5864,293.2,20.0,20.0,5.905800221454387,2.735317956252586,2.1333333333333333,13.045127038301098,14.31523499161809,362,370,27.615318226453994,10.126230455017089,44.98154868147108
fish2,5865,293.25,20.0,20.0,5.400988273373291,2.916533749335808,2.1333333333333333,12.684869169510806,13.887509022336747,355,363,27.606672363205895,10.127968736267091,44.83464109947299
fish2,5866,293.3,20.0,20.0,5.671038207041607,2.9165339350499697,2.1333333333333333,12.760712931361393,14.098614998999958,357,377,27.602193256218055,10.13037758886549,44.872570845083544
fish2,5867,293.35,20.0,20.0,5.978035601712653,3.039113081636833,2.1333333333333333,13.803564656806975,14.805896820591775,385,386,27.60165515016155,10.130709620115493,45.43236477027705
fish2,5868,293.4,20.0,20.0,6.0274389115273985,3.1375709300710204,2.1333333333333333,13.917330299582858,14.867413545518996,388,392,27.615326966386956,10.13098956803216,45.50631653441911
fish2,5869,293.45,20.0,20.0,5.965512895802496,3.0962870433971927,2.1333333333333333,13.367463026166096,14.627435075666565,375,400,27.62254495079135,10.127190740701886,45.249735691493235
fish2,5870,293.5,20.0,20.0,6.0274389115273985,3.0962870433971927,2.0,13.500189609404623,14.725328747692375,377,398,27.61338297526042,10.118212876118555,45.271595851378976
fish2,5871,293.55,20.0,20.0,6.183270921588047,3.0480910613463794,2.0,13.803564656806975,14.90740832055502,386,393,27.62091761542427,10.117991508897143,45.45890912432141
fish2,5872,293.6,20.0,20.0,6.357447405093653,3.0480910613463794,2.0,13.89836935912021,15.185727362978426,389,389,27.61710249744933,10.11868161306381,45.51578411051314
fish2,5873,293.65,20.0,20.0,6.34096415897528,3.1393991002768575,1.8666666666666667,14.125900644671974,15.277543515854775,394,377,27.678027045280555,10.114234998480477,45.67226204376103
fish2,5874,293.7,20.0,20.0,6.34096415897528,2.875192105557753,1.8666666666666667,12.893439514599923,14.979343865299539,365,364,27.664489840114264,10.114625623480478,45.07911546359474
fish2,5875,293.75,20.0,20.0,6.357447405093653,2.8739143921266113,1.8666666666666667,12.855517633674628,14.902720291547654,365,365,27.658304984010304,10.119228488063811,45.07753347207411
fish2,5876,293.8,20.0,20.0,6.531624260027583,2.9610028195935763,1.8666666666666667,13.500189609404623,15.292191023915231,383,362,27.639941308122793,10.12145830010308,45.42139960822587
fish2,5877,293.85,20.0,20.0,6.426268616206846,3.1157666017972585,1.7333333333333334,14.220705346985207,15.676706298882879,401,342,27.82706804423391,10.121940070936416,45.969008115170325
fish2,5878,293.9,20.0,20.0,6.231533203594517,3.3105020144095874,1.7333333333333334,14.524080394387559,15.520464464096333,409,342,27.757923065863707,10.120742154269747,46.058665220133456
fish2,5879,293.95,20.0,20.0,6.621004028819175,3.1157666017972585,1.8666666666666667,14.808494501327264,16.076724550981677,420,365,27.762028889295788,10.12110673760308,46.28313562689887
fish2,5880,294.0,20.0,20.0,6.426268616206846,2.9210311891849297,1.7333333333333334,14.182783466059915,15.709385491311782,404,329,27.769355357530376,10.118802050103083,45.968157407633456
fish2,5881,294.05,20.0,20.0,6.426268616206846,2.9210311891849297,1.7333333333333334,14.372392870686383,15.709385491311782,409,324,27.770136447482642,10.11834306690428,46.06847951438692
fish2,5882,294.1,20.0,20.0,6.426268616206846,2.9210311891849297,1.4666666666666666,13.936291240045504,15.446940993628152,396,287,27.74899512756725,10.118935514820945,45.7879306423882
fish3,82,4.1,20.0,20.0,24.948359085226766,8.399201525222285,11.066666666666666,178.3655669321198,60.31377579250244,4749,5569,27.152710921205117,10.373710931396483,132.5064218526016
fish3,83,4.15,20.0,20.0,24.948359085226766,8.399201525222285,10.8,178.2897231702692,60.27504115769502,4749,5433,27.11841848837769,10.37894529554579,132.47736378392347
fish3,90,4.5,20.0,20.0,25.172051049900666,8.115047715272771,10.0,175.95752749336364,60.32291729353119,4687,3866,27.105280566387417,10.401119742669003,131.2464003090564
fish3,94,4.7,20.0,20.0,25.510339052215055,6.621004028819175,9.466666666666667,151.3841486537732,59.110690436447285,4055,3269,27.096856305986577,10.358984320068359,118.55584062605494
fish3,96,4.8,20.0,20.0,25.535875492278382,6.805246591306575,9.066666666666666,148.33143723928706,58.41618971880709,3969,3240,27.149703587661566,10.354423774708641,116.88412736237021
fish3,99,4.95,20.0,20.0,25.381542566929387,6.986142584603689,8.933333333333334,151.2135001896094,58.694991803764566,4050,3008,27.118357790723255,10.364134032524957,118.48249182324821
fish3,102,5.1,20.0,20.0,25.315603639602724,6.426268616206846,9.066666666666666,141.94160030337503,58.18353207798684,3802,3782,26.69189361148411,9.9653025176896,112.69719612917372
fish3,106,5.3,20.0,20.0,25.510333109361884,7.205208780942868,9.2,158.55138414865374,59.92528590947884,4258,3680,26.727371281357744,9.9722361114396,121.85960739279734
fish3,113,5.65,20.0,20.0,24.926132814378068,7.594681091880817,7.866666666666666,152.54076602199467,59.317391876770664,4089,3487,26.77599478074062,9.956210779783463,118.51220556052408
fish3,114,5.7,20.0,20.0,24.73139740176574,7.594681091880817,7.866666666666666,152.78725824800907,58.798731711165956,4102,3503,26.782240226670247,9.955510941812726,118.77775116848298
fish3,677,33.85,20.0,20.0,22.748995299083578,8.002903847420772,10.8,154.98672734167613,55.997148504590676,4156,5703,27.154902818467885,10.301832586659325,120.57673540512721
fish3,680,34.0,20.0,20.0,25.209345424957082,9.223403945399856,10.266666666666666,172.67728479332573,59.5910605901615,4600,5107,27.095063442484538,10.152298083453708,129.24736152593823
fish3,684,34.2,20.0,20.0,25.326000661220316,8.297579478904407,9.866666666666667,164.67576791808872,59.620211538521616,4388,4288,27.073283791605625,10.164583254962498,124.99786704656813
fish3,688,34.4,20.0,20.0,25.026501661534123,6.834868742922974,9.466666666666667,140.82290481607885,57.887185622620706,3770,3685,27.084013269476237,10.170097574191622,112.65411084366787
fish3,689,34.45,20.0,20.0,23.368249513479437,6.621004028819175,9.466666666666667,129.67387182404246,54.24855064196188,3485,3626,27.105015798611113,10.173297438293032,106.97831323690414
fish3,694,34.7,20.0,20.0,25.510339052215055,7.20521026665616,9.2,148.04702313234733,59.34548961690664,3972,3177,27.101001052498525,10.207532470024956,116.74853352252347
fish3,697,34.85,20.0,20.0,25.89980987743971,6.621004028819175,9.066666666666666,141.92263936291238,59.32028321412257,3817,2464,27.033891263815793,10.181386703448824,113.55527796726463
fish3,700,35.0,20.0,20.0,25.89980987743971,6.621004028819175,8.8,147.13689799014028,60.03026508747994,3963,2282,26.996951337950915,10.147578109698825,116.40452944764974
fish3,704,35.2,20.0,20.0,23.244217710721298,6.967831911136124,8.4,130.48919226393627,53.6879778311753,3496,2354,27.075497238931543,10.143707667785218,107.13920490671677
fish3,709,35.45,20.0,20.0,22.784043275642453,6.815739441431503,8.133333333333333,134.07281001137653,54.09729495384045,3616,2168,27.094203408304853,10.147278621419273,109.56148202972413
fish3,712,35.6,20.0,20.0,22.589307863030125,6.621004028819175,7.866666666666666,126.94349639742128,52.52941113105904,3411,1776,27.04570977888696,10.166031868987615,105.43174164787457
fish3,716,35.8,20.0,20.0,25.598923221538765,7.121621065420237,7.066666666666666,151.89609404626466,59.52492485225218,4055,1198,26.93542332055362,10.145940731800927,118.18136405235455
fish3,1013,50.65,20.0,20.0,17.932593606150032,5.4917252412571465,8.133333333333333,70.59158134243458,39.811341328352405,1892,2494,27.555396469606002,10.042877489556206,75.43827395916222
fish3,1016,50.8,20.0,20.0,18.451627544719038,5.645647366880897,8.133333333333333,71.95676905574516,41.125940191966876,1929,2212,27.44891111585829,10.037272002495662,76.06618311835395
fish3,1021,51.05,20.0,20.0,25.168523966545397,6.792889171000155,8.133333333333333,143.79977246871442,55.65041329364031,2288,2444,27.51545206553141,10.087226424789424,83.36267849032083
fish3,1022,51.1,20.0,20.0,25.012696413624624,6.5867390231651965,8.266666666666666,124.04247250663632,54.480169583476844,1905,2436,27.459692793933254,10.08606757062276,75.64576036455603
fish3,1028,51.4,20.0,20.0,17.98273197261601,5.854740712747357,8.133333333333333,68.84717481987106,39.983416688263304,1849,2306,27.442366243414234,10.094638526821138,74.51700477023537
fish3,1029,51.45,20.0,20.0,24.19708735912813,6.8625215815707925,8.133333333333333,121.84300341296927,52.98507526558308,2300,2201,27.430855727961028,10.088408058071135,83.51926378603216
fish3,1035,51.75,20.0,20.0,22.992402679142653,6.160936565097355,8.0,112.51422070534697,50.939745637131566,2127,1796,27.39356874139103,10.062851443439056,79.99642018483009
fish3,1254,62.7,20.0,20.0,20.05714429947329,7.903705742338832,10.133333333333333,121.52066742510426,48.36298105340522,3256,6171,27.303080475682385,10.063818219237858,102.48689869492026
fish3,1270,63.5,20.0,20.0,20.675784914279543,7.487726077701215,10.4,118.31626848691693,48.84668491560403,3166,6607,27.334225889681594,10.080699704223209,100.7349255939048
fish3,1272,63.6,20.0,20.0,20.979146768525005,6.548016877635144,10.4,106.97762609025406,48.142080976149735,2860,6633,27.34623114081488,10.083248534986707,94.62947967580159
fish3,1290,64.5,20.0,20.0,20.96079523794191,6.5623740680326295,10.933333333333334,107.11035267349259,48.84058392682741,2883,6918,27.21069777950711,10.108671706771851,94.97936948627896
fish3,1291,64.55,20.0,20.0,20.351961816576313,6.677499762461725,10.933333333333334,110.54228289723169,48.37656075146557,2957,6924,27.255410774720744,10.109277191162107,96.50468796588285
fish3,1296,64.8,20.0,20.0,20.91449892604911,7.191420618736228,10.933333333333334,114.7516116799393,49.439300754959284,3065,6880,27.23039830902477,10.109999847412109,98.64039815643687
fish3,1303,65.15,20.0,20.0,26.42442712656015,6.908030465418817,10.933333333333334,144.93742889647325,60.34343095481104,3872,6737,27.309178364600665,9.936441977087657,114.68562034168832
fish3,1307,65.35,20.0,20.0,23.55570195953426,6.100322805637633,11.066666666666666,116.13576033371254,54.20877289713784,3143,6778,27.33007492736063,9.947591078016494,100.13766600537713
fish3,1310,65.5,20.0,20.0,22.005101625193138,6.231533203594517,11.2,117.38718240424723,52.160069120943064,3174,6645,27.384450050335168,9.943938734266494,100.80838878460168
fish3,1313,65.65,20.0,20.0,21.81036621258081,6.426268616206846,11.2,114.03109594235872,50.83709139150405,3047,6638,27.303530833981362,9.946204355833263,98.18973518981463
fish3,1317,65.85,20.0,20.0,22.680906544623355,6.315035490602856,11.2,117.44406522563517,52.74739865311967,3142,6484,27.33816997972653,9.950058532545308,100.12822851227185
fish3,1320,66.0,20.0,20.0,23.02889922616125,6.509501989109328,11.2,120.59158134243457,52.90145263579809,3226,6396,27.27511962280274,10.041207602087654,101.8363272248904
fish3,1324,66.2,20.0,20.0,22.331209749939504,6.464608190564202,11.466666666666667,115.81342434584754,52.335452235784494,3108,6280,27.294715176033687,10.029485583453704,99.4842007594874
fish3,1327,66.35,20.0,20.0,22.199837037805466,6.231533203594517,11.466666666666667,117.21653394008341,52.29026138743804,3155,6142,27.294173489869674,10.033326740858294,100.42750023072797
fish3,1368,68.4,20.0,20.0,23.743958176480067,6.140008807665888,10.133333333333333,119.66249525976487,53.932625851476026,3195,2517,26.954986291937182,10.033906121783787,100.88889241372097
fish3,1371,68.55,20.0,20.0,27.845767433068495,6.715171508694317,9.6,143.78081152825177,62.45601086149786,3518,2241,26.919039959924017,10.014033067819806,107.29307302774382
fish3,1386,69.3,20.0,20.0,22.9787757168282,6.815737955718211,2.933333333333333,124.74402730375425,53.37207497817477,3359,382,26.923120014991294,10.028697708977594,104.1318177239689
fish3,1389,69.45,20.0,20.0,22.784043275642453,6.621004028819175,3.6,119.66249525976487,52.81335211257947,3212,503,26.942950708836683,9.98179678531223,101.16474749414891
fish3,1393,69.65,20.0,20.0,22.394572450417794,6.036797790982188,4.0,109.06332954114522,51.216576853764366,2919,612,26.947304110585907,10.0179523701032,95.3452564806891
fish3,1598,79.9,20.0,20.0,18.88933502339588,8.178887329717803,7.333333333333333,121.99469093667044,46.34547189384655,3270,2563,27.38750615709093,9.966598194874658,102.7541043519656
fish3,1601,80.05,20.0,20.0,18.853720990072745,8.02203537748218,7.733333333333333,122.43079256731131,46.82596689390583,3272,2849,27.36919445572842,9.916383323404522,102.72557777913295
fish3,1603,80.15,20.0,20.0,18.925433399252217,7.8592784577674015,8.0,118.31626848691693,46.71481079325032,3164,3110,27.35815253135775,9.928072758950131,100.56622529030788
fish3,1610,80.5,20.0,20.0,20.836689149519167,7.594681091880817,8.0,121.06560485400074,49.12426525673578,3239,3210,27.305817691586345,9.923769352171158,102.0095870437575
fish3,1614,80.7,20.0,20.0,19.8613213447312,7.382597748014157,8.266666666666666,114.29654910883578,47.06802143915544,3064,3403,27.27500607367622,9.943124767896865,98.49813084157309
fish3,1616,80.8,20.0,20.0,19.717213098257922,7.291649808842833,8.4,117.31133864239665,47.46153117596447,3135,3480,27.225596323347688,9.941109784433577,99.86670610778127
fish3,1622,81.1,20.0,20.0,19.789570307006134,7.4677632910529175,7.866666666666666,117.78536215396282,47.813190830049784,3151,3495,27.190431103440275,9.910920975907645,100.12135207934793
fish3,1625,81.25,20.0,20.0,21.863202634385104,7.140106310199616,8.0,122.79105043610161,51.04455990095725,3288,3598,27.208417184787326,9.914762121740978,102.8831793065283
fish3,1629,81.45,20.0,20.0,20.504290514694365,6.681965073760907,8.0,112.36253318164579,48.11894992912047,3004,3685,27.190274703112944,9.904202225907648,97.17447692902059
fish3,1634,81.7,20.0,20.0,20.545397230058118,7.436933254530103,8.133333333333333,120.30716723549486,49.19622615146335,3232,3747,27.21155527974823,9.937727638710868,101.7892829184591
fish3,1637,81.85,20.0,20.0,21.075097104350576,7.81124460417958,8.133333333333333,130.20477815699655,50.523931768811636,3476,3847,27.305804455717105,9.944508252875012,106.77031270859212
fish3,1638,81.9,20.0,20.0,22.399552561372666,7.786394563657167,8.0,137.27720894956389,53.298475504186,3668,3825,27.27563934702932,9.94631163227293,110.58195097930225
fish3,1722,86.1,20.0,20.0,28.219959182797965,6.953915234729724,9.066666666666666,156.82593856655288,64.67363350685756,4180,4510,26.868948868815103,9.93707665998671,120.40602552880182
fish3,1725,86.25,20.0,20.0,27.981341742392377,6.783356091661876,8.8,151.3841486537732,64.09792868297743,4036,4793,26.944321739290967,9.935693188465967,117.60001492775693
fish3,1731,86.55,20.0,20.0,24.90964882540305,6.404508116475198,9.066666666666666,136.49981039059534,57.8695574951252,3646,4720,26.97260237961757,9.955559694035848,109.84816207365341
fish3,1734,86.7,20.0,20.0,25.244331001557693,6.50110325186951,9.2,136.63253697383388,57.85457161586249,3648,4632,27.063709253362955,9.948609827158185,109.97231908052115
fish3,1739,86.95,20.0,20.0,24.143613566321555,6.452507055800657,9.333333333333334,127.70193401592716,55.40597102141626,3409,4544,27.26606170637343,9.981894305377539,105.42795601175098
fish3,1743,87.15,20.0,20.0,23.945538270228756,6.425553245256736,9.2,124.30792567311336,54.784486008512424,3330,4499,27.277866933846184,9.999257580396865,103.87712451424304
fish3,1747,87.35,20.0,20.0,24.707248617917163,6.643689385075107,9.066666666666666,135.5896852483883,56.803783386517935,3621,4560,27.372879556990256,10.103206364091234,109.8960859210815
fish3,1749,87.45,20.0,20.0,24.324490245345874,6.625961111218016,9.066666666666666,131.39931740614333,55.99557030564622,3524,4501,27.36129106867284,10.086526674895818,107.92781774356867
fish3,1751,87.55,20.0,20.0,23.655390350002566,6.520170896259361,9.066666666666666,122.99962078119073,54.17941209177522,3303,4478,27.399320687451773,10.088583966562483,103.54790465401426
fish3,2705,135.25,20.0,20.0,19.255689635509917,6.5887321075464484,9.733333333333333,79.7307546454304,42.70121896694518,2139,3707,27.631500362820095,10.049977047973208,80.46147741079331
fish3,2709,135.45,20.0,20.0,19.10411419403092,6.136763638407782,9.2,77.34167614713688,41.945961188155394,2071,3532,27.578357960717472,10.063502384440104,79.06186034515758
fish3,2711,135.55,20.0,20.0,19.072342215280962,5.6607410996429035,9.2,71.46378460371633,41.75487094989077,1910,3508,27.53122701534695,10.061868269856772,75.79309528520372
fish3,2717,135.85,20.0,20.0,14.979190210045164,4.8769459952968655,9.333333333333334,51.08077360637087,33.42454235717566,1386,3710,27.58730748690382,10.05515925715764,65.36246674406146
fish3,2718,135.9,20.0,20.0,15.5017215177036,5.138210906269437,9.2,52.99582859309821,34.486407229111826,1432,3508,27.57339244671103,10.056070715490977,66.26946316220202
fish3,2725,136.25,20.0,20.0,15.189362183761634,5.257856140532874,8.666666666666666,54.77815699658702,34.03561340204467,1492,2476,27.547845549331477,10.107545259433326,67.49539080876481
fish3,2727,136.35,20.0,20.0,14.613573997437264,6.212088559456814,8.8,59.02540766021994,33.79427014203362,1581,2218,27.56006790357048,10.120738622442882,69.30080652601336
fish3,2731,136.55,20.0,20.0,14.677187783461907,5.267422648420224,7.466666666666667,53.50777398558968,33.15371432759919,1442,1786,27.70115318098656,10.132203480519188,66.67335666150575
fish3,2735,136.75,20.0,20.0,14.491905964526735,6.047493069543155,6.4,56.84489950701554,33.217527292062044,1524,1431,27.653084673827365,10.13767224450641,68.27075691833377
fish3,3934,196.7,20.0,20.0,25.45384926142567,7.335031894113324,3.8666666666666667,155.99165718619642,58.670533643337194,4151,729,27.367643372636962,10.092070164955988,120.47971353759294
fish3,3936,196.8,20.0,20.0,25.459295886354237,6.718801106266734,3.8666666666666667,150.43610163064085,58.267945826885565,4008,640,27.385243073621204,10.090100785562727,117.63534385918393
fish3,3942,197.1,20.0,20.0,25.480621814947966,7.1500754463891045,3.6,155.61243837694346,58.59232337421797,4142,669,27.388498353840394,10.089449785857735,120.31794813969813
fish3,3946,197.3,20.0,20.0,25.44186846943878,6.685029357425709,9.6,148.61585134622675,58.40974490347472,3959,855,27.444310249987936,10.0419041800499,116.66621443003784
fish3,3947,197.35,20.0,20.0,25.453953261356112,6.678580618881673,10.4,146.35949943117177,58.286450223437846,3897,1334,27.37337941470676,10.077747389729817,115.39112680443657
fish3,3953,197.65,20.0,20.0,25.251266311204866,6.881664254481891,9.866666666666667,149.67766401213498,58.09011957260675,3993,1219,27.419611893246497,10.053701155757906,117.3333130490044
fish3,3955,197.75,20.0,20.0,25.251266311204866,7.464386264740145,9.866666666666667,153.58361774744026,58.24880656647218,4092,1267,27.365015754906917,10.07717446047465,119.28219021538158
fish3,3960,198.0,20.0,20.0,25.26747544322086,7.2663362257733075,10.266666666666666,147.61092150170646,58.43602482696935,3931,1432,27.347988652716758,10.06935545179579,116.03734410451256
fish3,3963,198.15,20.0,20.0,25.46183942751018,7.634250093987325,10.266666666666666,151.49791429654908,58.91294594370466,4040,1420,27.318509532316234,10.075139957841234,118.19364949015747
fish3,3967,198.35,20.0,20.0,25.632455770539774,7.099462394526328,10.0,148.08494501327263,58.90493725263254,3947,1210,27.303622536722823,10.123382141865623,116.36700467858844
fish3,3970,198.5,20.0,20.0,25.632455770539774,7.309698253914355,9.6,153.9249146757679,59.32216802714766,4101,1013,27.286061859338066,10.124960920545789,119.43102277988385
fish3,3975,198.75,20.0,20.0,25.547416513130834,7.267246968021319,9.866666666666667,150.5309063329541,59.270992586375314,4010,873,27.251179014681597,10.130745424895816,117.58192443957742
fish3,3981,199.05,20.0,20.0,25.61713509507241,7.281402101411089,10.133333333333333,152.74933636708377,59.415062297160084,4066,704,27.243956660442585,10.132809225198956,118.69676588564155
fish3,3982,199.1,20.0,20.0,25.63477051184875,7.263772627487918,10.133333333333333,149.5638983693591,59.15604164897219,3982,690,27.170428092278385,10.132652975198958,116.94308106747735
fish3,3985,199.25,20.0,20.0,25.651499643516953,7.391110142320815,10.133333333333333,153.9628365566932,59.71535025703288,4102,666,27.151087943352596,10.166044900417331,119.35713284376993
fish3,3989,199.45,20.0,20.0,25.461245142193373,8.293311767473064,9.733333333333333,160.9973454683352,59.89567633999688,4289,664,27.19577105004582,10.156442050668927,123.13221310071475
fish3,3995,199.75,20.0,20.0,25.358659610805617,7.98186689006234,2.1333333333333333,159.48047023132344,59.92277129330355,4249,239,27.23016323513455,10.152281892130109,122.36244512726466
fish3,4252,212.6,20.0,20.0,18.231484949099787,8.214070506186253,5.6,107.20515737580583,44.47095337615151,2866,931,27.463079182867357,10.12918939970864,94.91226858257599
fish3,4255,212.75,20.0,20.0,18.468793476095097,7.941326231462848,5.6,115.33940083428136,45.24210306395518,3081,964,27.454476963297516,10.124560487270355,99.19903745056787
fish3,4261,213.05,20.0,20.0,20.50821131207202,8.074821285034544,5.333333333333333,128.87751232461127,49.402829859709236,3446,936,27.390113848632062,10.133196556557548,106.4433104051896
fish3,4262,213.1,20.0,20.0,20.011956329696343,8.211012165374619,5.333333333333333,129.65491088357982,49.103560774154985,3473,936,27.39244036320815,10.136035098224216,106.98847546143237
fish3,4268,213.4,20.0,20.0,19.553667264785076,7.0652902459531015,5.2,99.2794842624194,45.82271735776599,2670,919,27.50642140774198,10.155458930958643,91.06188033870062
fish3,4273,213.65,20.0,20.0,19.272611909906082,6.658975146280109,5.733333333333333,94.42548350398178,44.90267719097326,2534,965,27.465612964696064,10.154472601318357,88.30008556601442
fish3,4277,213.85,20.0,20.0,19.162275412273832,6.945018040680431,5.6,105.1384148653773,46.45277205779531,2817,942,27.487066548495818,10.164996694342294,93.99206324283811
fish3,4278,213.9,20.0,20.0,19.03308372725249,7.053689796568969,5.6,108.45657944634053,46.789961050130465,2914,942,27.470478949483237,10.163616486008962,95.9140954354922
fish3,4285,214.25,20.0,20.0,19.04869708823838,6.2656704379053805,5.866666666666666,93.47743648084943,45.10249323233037,2503,1050,27.436669184913157,10.12175776057773,87.61842694549088
fish3,4287,214.35,20.0,20.0,18.694599610783552,6.815739441431503,5.6,102.16154721274174,46.080832045845526,2751,1101,27.441841466814203,10.12270828141107,92.58454974822527
fish3,4292,214.6,20.0,20.0,18.677736764919064,6.5265037491666185,5.6,98.21767159651117,45.35458660300857,2632,1216,27.428170500861263,10.122412058925631,90.19058255978689
fish3,4294,214.7,20.0,20.0,18.646881471270284,6.1243724181239685,5.733333333333333,90.15927189988622,44.285462489499025,2421,1193,27.438691754357606,10.1259927880923,85.98468454244991
fish3,4300,215.0,20.0,20.0,18.88933502339588,6.231533203594517,6.266666666666667,96.8145620022753,46.229331457239006,2655,1407,27.759034938934708,10.104186050372656,90.96322098930736
fish3,4301,215.05,20.0,20.0,18.88933502339588,6.231533203594517,6.133333333333333,97.0610542282897,46.10551062576833,2636,1381,27.753014378959737,10.106487475066716,90.57950185402646
fish3,4306,215.3,20.0,20.0,18.499864198171224,6.231533203594517,5.066666666666666,94.44444444444443,45.055608995830795,2545,1070,27.81670809190538,10.12257470422321,88.83928279612859
fish3,4308,215.4,20.0,20.0,18.909977523875277,5.582042866564328,5.333333333333333,82.17671596511185,43.84320190315315,2222,1095,27.82111323511572,10.118362464639876,82.3794756997556
fish3,4315,215.75,20.0,20.0,19.438680484548787,5.834158383656286,5.466666666666667,87.12552142586271,44.9710323988267,2334,1499,27.793805159938476,10.118336433400048,84.59214159333852
fish3,4319,215.95,20.0,20.0,18.88933502339588,6.231533203594517,5.466666666666667,96.79560106181265,45.84392935072164,2607,1522,27.80222515852186,10.109332483408185,90.05155764193005
fish3,4321,216.05,20.0,20.0,19.222021886599332,5.6157574154436105,5.466666666666667,82.34736442927567,44.066157325462534,2228,1519,27.790479829745827,10.120527141952513,82.47100697169834
fish3,4325,216.25,20.0,20.0,19.498877130001773,6.0171380898454645,6.0,85.45695866514977,43.834160734200154,2304,1707,27.596565178595654,10.099202269225653,83.77576744782131
fish3,4330,216.5,20.0,20.0,19.50759232417279,5.630556976973796,6.266666666666667,88.3769434963974,45.43156308009585,2382,1720,27.626070496942965,10.10680644174152,85.37287693868448
fish3,4334,216.7,20.0,20.0,19.14262091113363,6.11786276533496,6.266666666666667,89.49563898369358,44.69023462948971,2402,1717,27.617159895833336,10.120683397759331,85.77784329359267
fish3,4335,216.75,20.0,20.0,19.14262091113363,6.106427601554565,6.266666666666667,89.07849829351534,44.65227576916344,2388,1773,27.61150454627142,10.112330533175998,85.48383507944742
fish3,4341,217.05,20.0,20.0,18.499864198171224,6.036797790982188,6.933333333333334,87.90291998483123,43.79998229455971,2366,1956,27.604681693352596,10.11162097913954,85.03630267249213
fish3,4342,217.1,20.0,20.0,19.130301376516158,6.329958737764604,6.666666666666667,90.99355328024268,44.750240732212994,2439,1904,27.60922597467871,10.118066291639542,86.50729226631825
fish3,4349,217.45,20.0,20.0,18.499864198171224,6.621004028819175,9.466666666666667,93.43951459992414,44.204828813072076,2514,2824,27.50523771006266,10.160673802683089,87.94591151274575
fish3,4350,217.5,20.0,20.0,18.499864198171224,6.815739441431503,9.466666666666667,91.94160030337503,43.493430846018974,2457,2824,27.49623157182859,10.15643552143309,86.79266709326168
fish3,4356,217.8,20.0,20.0,19.084070436008208,6.426268616206846,9.466666666666667,87.88395904436858,43.9755147932298,2347,2815,27.513518815989556,10.15285152926975,84.60637034525931
fish3,4359,217.95,20.0,20.0,19.10918939063648,5.921097496937402,9.6,92.75692074326885,45.40431180189374,2485,2857,27.5429979451309,10.160149706353081,87.40314765148398
fish3,4361,218.05,20.0,20.0,19.442238767883186,5.918814327035882,9.333333333333334,83.54190367842243,44.13658440693024,2237,2801,27.510502405161926,10.157031216769749,82.40753362193168
fish3,4368,218.4,20.0,20.0,19.81352594812675,6.06622011416081,9.866666666666667,86.17747440273035,44.18952928580485,1793,2736,27.450741216796118,10.16802081091139,73.4787620277075
fish3,4372,218.6,20.0,20.0,19.473541261232867,6.426268616206846,9.466666666666667,86.93591202123623,44.11395852563453,1803,2500,27.464612621147253,10.167822242217595,73.69243486336485
fish3,4376,218.8,20.0,20.0,19.668276673845195,5.842062378369859,9.333333333333334,83.56086461888508,44.38925428079429,1759,2217,27.462724662950304,10.174078748480477,72.81680341143078
fish3,4379,218.95,20.0,20.0,19.406054220655914,7.298722546969519,9.466666666666667,94.5961319681456,44.90584027457198,1930,2213,27.485749773925026,10.175087871032295,76.26083764495732
fish3,4383,219.15,20.0,20.0,14.40989161938036,6.2196545543964525,6.133333333333333,59.42358740993552,33.17197439395774,1595,1434,27.45825839932289,10.176415981197357,69.53467438052024
fish3,4386,219.3,20.0,20.0,13.150336576093808,7.141242138011369,10.533333333333333,62.874478574137264,32.714909603227646,1691,2365,27.448905053710945,10.20402993261549,71.47293498632644
fish3,4391,219.55,20.0,20.0,19.300596805474672,7.360976162475314,10.4,98.31247629882441,44.47935872945833,1937,1685,27.513193091423126,10.204749338775205,76.45794243019833
fish3,4392,219.6,20.0,20.0,19.48212719834748,6.987288812408486,10.4,94.53924914675767,44.45774605819924,1885,1648,27.531153482394753,10.207942702229818,75.43909618462457
fish3,4398,219.9,20.0,20.0,13.047333559270992,7.148316361851347,9.733333333333333,62.93136139552521,31.94427640972139,1684,5001,27.503918065031066,10.227877566019691,71.41179563105075
fish3,4402,220.1,20.0,20.0,12.976160464016525,6.705801114961513,9.866666666666667,58.28593098217671,31.924167001742585,1568,5389,27.581513434045107,10.211217427402074,69.15273086144718
fish3,4406,220.3,20.0,20.0,12.752174328110804,6.612237577539579,9.866666666666667,59.13917330299582,31.3867218719161,1589,5495,27.501773728189352,10.13285805422465,69.414631782414
fish3,4407,220.35,20.0,20.0,13.22190784251054,6.370846310417783,9.866666666666667,58.361774744027294,31.618552620432254,1567,5495,27.489760001458063,10.130882143645813,68.96064214510388
fish3,4413,220.65,20.0,20.0,19.084070436008208,6.231533203594517,10.133333333333333,89.05953735305269,44.38940036819658,1789,5384,27.468371283467608,10.13638344572915,73.38475472919676
fish3,4415,220.75,20.0,20.0,19.144375538531513,7.208206207509529,10.133333333333333,97.743648084945,45.06404921697144,2013,5283,27.47887029320988,10.142985000599754,77.88185529380962
fish3,4418,220.9,20.0,20.0,18.524314581818082,7.227582880264122,9.866666666666667,94.40652256351913,43.90608604145152,1952,4790,27.478996227857795,10.136136042266418,76.65513227012421
fish3,4425,221.25,20.0,20.0,19.367944189002174,6.254344845480272,9.6,97.28858551384147,46.020177406056,2607,4495,27.475863056531356,10.09291339000066,89.70877644653201
fish3,4427,221.35,20.0,20.0,19.32304444760388,6.893532132258589,9.466666666666667,99.41221084565792,45.75919283061022,2656,5064,27.445433148871533,10.088404929224652,90.65383807809619
fish3,4432,221.6,20.0,20.0,19.034758126132598,7.191179190326274,9.333333333333334,104.01971937808113,45.84707648611674,2779,4830,27.550689402469587,10.098447223567963,93.22913662603754
fish3,4433,221.65,20.0,20.0,18.958276577285726,6.9325046204783485,9.466666666666667,107.37580583996964,46.38114983605552,2877,4868,27.459972564621904,10.098037067317966,95.09800963193987
fish3,4595,229.75,20.0,20.0,16.73672812026602,5.396683419109648,8.8,59.651118695487284,36.96242752129037,1598,4207,27.46228249172634,10.11282216592365,69.53510465764998
fish3,4596,229.8,20.0,20.0,16.740590974825285,5.387539596653879,8.933333333333334,58.15320439893818,36.77005070174341,1561,4214,27.501336273871527,10.114710182603204,68.83604645647473
fish3,4812,240.6,20.0,20.0,13.658894750240748,6.06352800167566,1.7333333333333334,60.12514220705346,33.369065312137494,1608,181,27.537524323564696,10.168404795328776,69.86592911889348
fish3,4815,240.75,20.0,20.0,13.671463884691281,6.341291015899525,1.7333333333333334,56.82593856655289,32.563770218599856,1523,177,27.468262215998156,10.168551287237806,68.09681350323596
fish3,4822,241.1,20.0,20.0,19.190322707800682,6.07998859066633,1.8666666666666667,74.06143344709896,42.220932872103326,1993,160,27.478205891908242,10.190126803069642,77.52833269497788
fish3,4836,241.8,20.0,20.0,19.254420836358527,5.6672618952816025,2.1333333333333333,77.85362153962835,42.089692875951954,2078,224,27.42517656790651,10.154934738116795,79.1401113060233
fish3,4842,242.1,20.0,20.0,19.88824544100928,6.421660676431629,2.4,83.5229427379598,44.20818873046772,2235,286,27.512680793592676,10.144700363116797,82.35738115670948
fish3,4844,242.2,20.0,20.0,20.224966015800582,5.973150947836797,2.533333333333333,79.38945771710276,43.980600343399864,2123,327,27.575423932939696,10.138941886382629,80.17436581932233
fish3,4850,242.5,20.0,20.0,17.297326373892723,6.881259397609814,3.466666666666667,74.17519908987485,39.51359440249437,1991,742,27.73654380598657,10.076305217223695,77.63284902321027
fish3,4855,242.75,20.0,20.0,15.986887136067601,6.0072436107489,3.7333333333333334,62.41941600303374,36.398052607689614,1688,874,27.863201966386953,10.08325183180703,71.70645379819399
fish3,4859,242.95,20.0,20.0,16.8520893002519,5.704938841510716,4.133333333333333,67.55783086841106,37.54991358729086,1806,1029,27.79757735633379,10.080709507200455,73.99828686353425
fish3,4862,243.1,20.0,20.0,16.541168136776616,6.378621048074951,4.666666666666667,68.69548729616987,37.72566994116837,1843,1276,27.848944272170833,10.07314440303379,74.78208867520462
fish3,4868,243.4,20.0,20.0,17.12613505981912,6.898712071651235,4.933333333333334,78.06219188471746,39.489050140338875,2087,1627,27.843271722788867,10.085598825412326,79.6688705482012
fish3,4870,243.5,20.0,20.0,17.585979666547132,5.712382636532085,4.933333333333334,69.22639362912399,38.84492712829029,1852,1714,27.835888626192823,10.089446495522393,74.96533512171521
fish3,4876,243.8,20.0,20.0,19.745887364794008,6.921571999218981,10.666666666666666,86.67045885475918,44.26457414989834,2318,2444,27.83816735357591,10.106341026772396,84.3045083803483
fish3,4880,244.0,20.0,20.0,19.751036847064167,6.463815562522907,10.666666666666666,80.45127038301098,43.50689138523045,2146,2683,27.766027807146234,10.110328635904521,80.79635644305075
fish3,4884,244.2,20.0,20.0,21.059859628827564,6.08547904413701,10.666666666666666,82.61281759575273,45.65513799841946,2203,2775,27.75100609778887,10.051158725950451,81.86216482373932
fish3,4887,244.35,20.0,20.0,20.398665213911126,6.308224980872213,10.8,85.74137277208948,44.94847694962674,2288,3035,27.612993945011088,10.072460789955992,83.44545473496709
fish3,4889,244.45,20.0,20.0,20.4351290752373,6.367341512761896,11.066666666666666,82.66970041714067,44.94976232376704,2221,3071,27.622264729742355,10.072086438486307,82.11435116822867
fish3,4895,244.75,20.0,20.0,21.081764985605187,6.3485999824396435,11.066666666666666,84.22449753507773,45.970264612653445,2261,4453,27.681943285831412,10.063779193019869,82.96572247885128
fish3,4932,246.6,20.0,20.0,21.185928344509072,6.648743781694577,10.8,88.30109973454682,46.36338746043552,2352,4775,27.717272376543217,10.111966056145564,84.86923843268877
fish3,4989,249.45,20.0,20.0,20.34923701839874,6.032694993726261,7.866666666666666,78.53621539628364,44.46976410908979,2092,3132,27.518496568467885,10.236484277343749,79.59498084581163
fish3,4995,249.75,20.0,20.0,20.291432371345913,5.803115518704388,6.8,74.85779294653014,44.00389525996239,2005,2383,27.44102293226454,10.23871083984375,77.7797337721083
fish3,4996,249.8,20.0,20.0,20.1247695113864,6.0442215288741155,6.533333333333333,76.39362912400453,43.70830210766385,2040,2202,27.44216439463297,10.23289703364902,78.475061428282
fish3,5003,250.15,20.0,20.0,19.63666960927065,5.10248804444766,6.8,67.34926052332195,42.65752005331517,1670,1748,27.898942691586342,10.223684758122765,71.5226274497091
fish3,5007,250.35,20.0,20.0,16.072574164471863,6.342816843450436,6.933333333333334,64.33447098976109,36.35962639767592,1735,1876,28.073130844606,10.214938005987804,72.9880688505938
fish3,5008,250.4,20.0,20.0,16.14291080314292,4.880180764561928,7.066666666666666,51.95297686765263,35.24519582875438,1403,2636,28.090253255038803,10.22234686015447,66.37260011519328
fish3,5620,281.0,20.0,20.0,19.278805848620536,6.231533203594517,7.333333333333333,92.20705346985208,43.46027963783434,2471,950,27.520363736677762,10.016357281737859,86.95672101841562
fish3,5630,281.5,20.0,20.0,19.863012086457523,6.426268616206846,7.066666666666666,94.3117178612059,44.292763331044576,2520,865,27.432177805507326,9.956295439995658,87.78847324550298
fish3,5639,281.95,20.0,20.0,19.084070436008208,6.621004028819175,4.533333333333333,91.42965491088357,42.62620411890305,2444,781,27.49449139583258,9.967503115071192,86.34199451090377
fish3,6006,300.3,20.0,20.0,19.246913527093923,7.9568251925252556,6.4,112.55214258627225,45.65325597110679,3007,2526,27.349215521240236,10.084381342188518,97.57359686342875
fish3,6009,300.45,20.0,20.0,19.913566452645266,7.698764965123582,6.666666666666667,118.1456200227531,47.37263895327536,3162,2712,27.48024841308594,10.051464636060928,100.77171304914687
fish3,6010,300.5,20.0,20.0,19.929647813318145,7.615394163741587,6.933333333333334,117.72847933257488,47.47938949616315,3150,2830,27.437292572228706,10.050800585259331,100.48809315748804
fish3,6017,300.85,20.0,20.0,20.273036269364056,7.428896288476892,6.666666666666667,113.12097080015167,47.10845726211076,3028,2765,27.37540413743008,10.057883869764536,97.99328800719462
fish3,6018,300.9,20.0,20.0,20.30699076094,7.3438444025049705,6.666666666666667,111.52825180128933,46.94862733686689,2982,2747,27.319805041654615,10.054365005397795,97.0141700470524
fish3,6025,301.25,20.0,20.0,24.7403844814692,7.093490569949032,6.266666666666667,132.59385665529007,56.12926739301136,3386,2659,27.28323838973811,10.07181623802185,105.07505462775995
fish3,6026,301.3,20.0,20.0,24.7403844814692,7.287191926110111,6.266666666666667,134.52787258248006,56.217313455552116,3431,2664,27.305035497877324,10.06988264427185,105.99491814214917
fish3,6029,301.45,20.0,20.0,22.145329188547645,6.737511436609854,6.0,119.89002654531663,51.353232901650465,3213,2476,27.216741210636098,10.0615525176896,101.5382937283257
fish3,6036,301.8,20.0,20.0,25.211767137623085,6.666332398502218,6.133333333333333,132.1198331437239,57.15481558209434,3344,2261,27.180226437246066,10.062548611439603,104.12277504868567
fish3,6038,301.9,20.0,20.0,22.687699225794493,6.580508684475089,5.866666666666666,120.85703450891162,52.2637955176392,3241,2046,27.205295681404774,10.068987394958071,102.09428307636286
fish3,6042,302.1,20.0,20.0,22.513294313870237,6.635316647817899,4.933333333333334,119.62457337883957,52.09660434731875,3200,1646,27.19036122858495,10.052193796751235,101.24255502533619
fish3,6193,309.65,20.0,20.0,22.68168802981496,8.710157602959931,6.266666666666667,164.9981039059537,55.21643806603866,4415,1783,27.354315300665956,10.086728339290623,125.74104363995657
fish3,6199,309.95,20.0,20.0,22.589307863030125,8.373622742330133,7.2,164.96018202502842,55.87052225178206,4428,2082,27.37729742288472,10.070211556487614,126.00750897937233
fish3,6202,310.1,20.0,20.0,22.790376871406355,8.270981496693924,7.2,164.82745544178988,56.250251487093614,4402,2082,27.35908979203967,10.055374314530692,125.45446410657037
fish3,6207,310.35,20.0,20.0,23.50872221952713,7.981387747525662,7.2,161.77474402730374,56.7434020715456,4320,2082,27.280852065682115,10.050693327320946,123.73154539300307
fish3,6208,310.4,20.0,20.0,23.50872221952713,7.986511229813211,7.2,161.58513462267726,56.68732753762134,4317,2082,27.358504049720295,10.05254553476969,123.75104958448999
fish3,6212,310.6,20.0,20.0,22.97877868825478,7.984151917105475,7.2,158.2100872203261,56.157076695840246,4241,2085,27.377349355890722,10.041793566375306,122.23914292226604
fish3,6218,310.9,20.0,20.0,23.93540421986385,7.676087037434109,7.333333333333333,154.58854759196055,56.73516676276791,4126,2076,27.333178424580883,10.04412430418862,119.89730272876949
fish3,6222,311.1,20.0,20.0,24.07935795215476,7.572219335475334,7.333333333333333,150.91012514220702,56.62808653081491,4029,2087,27.35337795589118,10.050927671549056,117.98430562744024
fish3,6223,311.15,20.0,20.0,24.274029479095528,7.572219335475334,7.333333333333333,150.1706484641638,56.87814015642878,4008,2087,27.345778114149308,10.05083001529906,117.55660812944836
fish4,2910,145.5,20.0,20.0,21.038160786197537,6.4020344038439765,10.533333333333333,107.01554797117936,48.71646481519909,2117,1523,26.57864964823782,10.087197083780499,79.00584673201833
fish4,2913,145.65,20.0,20.0,23.269061808390543,6.839963996657974,10.666666666666666,124.17519908987484,53.34449099305233,2356,1451,26.60610199532215,10.115120243824851,83.84122223914699
fish4,2924,146.2,20.0,20.0,23.01344780792419,7.9978397936649035,11.733333333333333,130.81152825180126,52.74102385202618,1956,2321,26.651800948512697,10.125423019366792,75.89722396787948
fish4,2926,146.3,20.0,20.0,19.530785794374598,7.9274296121858905,12.266666666666666,112.0022753128555,46.38012406709873,1566,2354,26.67049454684787,10.119983553049295,68.11047809989716
fish4,5213,260.65,20.0,20.0,23.077302279502142,6.544130994519851,8.133333333333333,127.75881683731511,54.09219807510654,2453,6832,26.39450046098497,10.04790014901691,85.50240061000187
fish4,5218,260.9,20.0,20.0,23.17351410086711,6.231533203594517,8.4,119.56769055745163,53.62261194810823,3240,6904,26.239361502922907,10.015273192681205,101.05463469560411
fish4,5222,261.1,20.0,20.0,22.589307863030125,5.842062378369859,8.666666666666666,115.7186196435343,52.55159830907674,3116,6968,26.303337109808272,10.014192463514542,98.63752957332281
fish4,5226,261.3,20.0,20.0,22.58930489160354,6.231532460737871,8.666666666666666,116.83731513083048,51.82427832410133,3138,5353,26.313015889466843,10.009602619764543,99.0826185092314
fish4,5229,261.45,20.0,20.0,22.97877868825478,6.231533203594517,8.8,118.259385665529,52.41415720100142,3173,5212,26.26243852712372,10.006441802713608,99.72888032983732
fish4,5231,261.55,20.0,20.0,22.589307863030125,5.842062378369859,8.8,114.29654910883578,51.7311795827971,3074,5250,26.251887289748957,10.009351958963608,97.74123924871256
fish4,5237,261.85,20.0,20.0,22.589307863030125,6.036797790982188,8.933333333333334,116.98900265453165,52.03370279831775,3153,5243,26.252924695502386,10.12272436132431,99.43564905682669
fish4,5238,261.9,20.0,20.0,22.589307863030125,6.036797790982188,8.933333333333334,118.35419036784222,52.23756387982656,3185,5198,26.167330070420252,10.12295873632431,99.99028880674456
fish4,5244,262.2,20.0,20.0,22.589307863030125,6.036797790982188,9.2,114.92226014410313,51.88833475982991,3096,5052,26.0928899872203,10.123424234347873,98.13631422156817
fish4,5245,262.25,20.0,20.0,22.199837037805466,6.231533203594517,9.2,115.88926810769813,51.481196110707735,3113,5035,26.113315427803705,10.122089598931206,98.49540502673491
fish4,5251,262.55,20.0,20.0,22.822440049961553,6.340057873867145,9.466666666666667,119.0747061054228,52.843092099831345,3195,5561,26.43332113715277,10.110478478738994,100.44379961589176
fish4,5254,262.7,20.0,20.0,22.6625475854738,6.275948602459611,9.466666666666667,117.10276829730752,52.23156187669802,3140,5601,26.39860346361325,10.107158166238996,99.30576162985224
fish4,5256,262.8,20.0,20.0,22.145887816745446,6.418867535442622,9.466666666666667,117.78536215396282,51.68319972560173,3175,5636,26.52894610452534,10.079544173177084,100.10849027770243
fish4,5259,262.95,20.0,20.0,22.26044819726693,7.125281862971788,9.466666666666667,130.2237390974592,52.642561476809306,3491,5586,26.509571104525335,10.086682858774395,106.41625396329974
fish4,5264,263.2,20.0,20.0,22.460538120583713,7.495364872592162,9.333333333333334,133.92112248767538,52.83951714865095,3577,5701,26.497270388454858,10.099260946390364,108.13653133484523
fish4,5266,263.3,20.0,20.0,22.43863424951939,7.473458772957897,9.2,134.67956010618124,52.767635368156185,3600,5670,26.469266984652293,10.099566944874656,108.56883392952695
fish4,5270,263.5,20.0,20.0,22.069438953590996,7.836902872732856,9.2,139.85589685248385,52.81649727476161,3739,5775,26.4834860350809,10.099117717223695,111.3626037523046
fish4,5276,263.8,20.0,20.0,22.453244754033165,7.466146834991195,8.933333333333334,134.03488813045124,52.65773715594508,3576,6126,26.413725116475423,10.13240551875432,108.06613063522974
fish4,5278,263.9,20.0,20.0,22.75379266730353,7.346936914722321,8.933333333333334,133.50398179749715,52.990261240685975,3565,8054,26.413659711296177,10.13838531901042,107.85204503030658
fish4,5281,264.05,20.0,20.0,22.53371247164254,6.89581418787514,8.8,128.194918467956,52.665200636667564,3445,7935,26.438638248679077,10.102783062987859,105.44142131166694
fish4,5286,264.3,20.0,20.0,22.786202017055764,6.4525865414617805,8.666666666666666,123.01858172165338,52.592525763846105,3312,7531,26.448881049243315,10.068307216898603,102.75718826614191
fish4,5290,264.5,20.0,20.0,22.40002650391282,5.876310298320979,8.666666666666666,117.06484641638224,52.07605686284724,3148,7196,26.4657259379069,10.073994060420988,99.49971999832789
fish4,5291,264.55,20.0,20.0,22.19840332447866,5.897619884068496,8.666666666666666,117.31133864239665,52.00455909280992,3152,7169,26.46547006110674,10.075667237504321,99.58113729861105
fish4,5296,264.8,20.0,20.0,22.394572450417794,6.621004028819175,8.533333333333333,124.66818354190366,51.64255636707093,3349,7089,26.56872505423464,10.079596230570477,103.62832128480512
fish4,5301,265.05,20.0,20.0,22.47057708529793,6.1187731361546485,8.4,119.32119833143722,52.06985140985477,3197,6411,26.740093098656935,10.19527001672321,100.87536311538014
fish4,5304,265.2,20.0,20.0,22.199837037805466,6.036797790982188,8.266666666666666,117.292377701934,51.521323833869126,3176,6349,26.7146724401215,10.191253089639876,100.42592552976137
fish4,5308,265.4,20.0,20.0,22.06150375889829,6.531934774105617,8.266666666666666,116.17368221463782,50.9382668881206,3113,6170,26.80640443966712,10.192229662566717,99.25863410223383
fish4,5309,265.45,20.0,20.0,22.250756889463048,6.531934774105617,8.266666666666666,116.70458854759194,51.3328031135288,3127,6115,26.799507534281418,10.199098136382633,99.53860567066405
fish4,5315,265.75,20.0,20.0,22.246436435209837,6.409660570171942,8.4,116.57186196435342,51.19180808640188,3129,5875,26.82999832710926,10.203753067768941,99.6137513948782
fish4,5316,265.8,20.0,20.0,22.248504548112336,6.15253337071766,8.4,113.42434584755402,51.06573955643453,3038,5878,26.82134800435761,10.268788872231378,97.85013687658898
fish4,5319,265.95,20.0,20.0,22.589307863030125,5.842062378369859,8.533333333333333,110.8266970041714,51.47540315208224,2980,5869,26.910813920762802,10.262122205564715,96.77293612632752
fish4,5325,266.25,20.0,20.0,22.199837037805466,5.647326965757531,8.933333333333334,107.88775123246111,50.54694542127656,2904,6107,26.888327375831132,10.262437963602279,95.23076533943342
fish4,5329,266.45,20.0,20.0,22.39456947899121,6.036797048125543,9.066666666666666,114.54304133485019,51.12164444047226,3087,6234,26.915081019856014,10.254889084498087,98.9099701043541
fish4,5330,266.5,20.0,20.0,22.394572450417794,6.426268616206846,9.066666666666666,118.03185437997723,51.62112569569011,3159,6251,26.89909143652269,10.260090907414755,100.33918234393744
fish4,5336,266.8,20.0,20.0,21.81036621258081,6.426268616206846,9.333333333333334,112.95032233598785,50.57087664098494,3025,6492,26.607290147268028,10.216327886581421,97.32361803384944
fish4,5337,266.85,20.0,20.0,21.81036621258081,6.426268616206846,9.466666666666667,117.19757299962076,50.96869025705826,3160,6567,26.578270759111568,10.221685959498087,99.99995671860967
fish4,5341,267.05,20.0,20.0,21.829118885752752,7.276372961917584,9.6,126.905574516496,51.623923850961475,3386,6949,26.493162193298343,10.222743923939598,104.43590611723795
fish4,5347,267.35,20.0,20.0,21.60585926364683,7.76483909235982,9.866666666666667,133.95904436860067,51.592381554200756,3579,5558,26.672787799580895,10.039059094736315,108.29184689431722
fish4,5350,267.5,20.0,20.0,21.76018921756924,7.753566242756578,9.866666666666667,134.83124762988243,51.889868526661225,3600,5563,26.656168830702043,10.00944971973631,108.66561855043835
fish4,5351,267.55,20.0,20.0,21.624496051181996,7.940041089465247,9.866666666666667,135.4379977246871,51.77584973506323,3618,5563,26.63050051812066,10.01104151407878,109.00154203219944
fish4,5355,267.75,20.0,20.0,20.638197853704597,8.029339886882422,9.866666666666667,134.52787258248006,50.555021155160986,3600,5385,26.631763583543563,10.009410625447163,108.64117420899072
fish4,5395,269.75,20.0,20.0,21.301598552859694,7.90538459835882,9.866666666666667,134.75540386803183,51.088327319898596,3602,5658,26.46640388929579,9.98872706348631,108.4951309527821
fish4,5397,269.85,20.0,20.0,21.065774253443116,7.264788112523017,9.2,126.37466818354189,50.18014648803113,3383,8267,26.714279567972813,10.136549414698282,104.51082898267109
fish4,5402,270.1,20.0,20.0,22.207333947077025,6.885478823359167,9.2,120.53469852104662,51.32503343658253,3226,8349,26.747738715277777,10.103326758448283,101.37106547372605
fish4,5405,270.25,20.0,20.0,21.913660429208864,6.474490412526108,8.8,115.60485400075842,50.69641147488067,3092,8169,26.751488078628345,10.103824803659654,98.695312882288
fish4,5408,270.4,20.0,20.0,21.99632700249044,6.0697587117940905,8.933333333333334,112.6469472885855,51.04956064939832,3039,8175,26.73690087738036,10.105605397499932,97.6225062748803
fish4,5413,270.65,20.0,20.0,22.199837037805466,6.426268616206846,8.533333333333333,120.0037921880925,51.56315209517886,3217,7598,26.758568581644695,10.117864504962494,101.2164330866072
fish4,5416,270.8,20.0,20.0,22.199837037805466,6.426268616206846,8.266666666666666,118.12665908229046,51.14479538213108,3182,7440,26.71002634365882,10.108033768335975,100.4580601119948
fish4,5420,271.0,20.0,20.0,21.81036621258081,6.036797790982188,8.266666666666666,111.81266590822904,50.385223254441144,3021,7116,26.679184836135683,10.116415885066989,97.21560072120268
fish4,5421,271.05,20.0,20.0,22.005101625193138,6.036797790982188,8.266666666666666,113.38642396662873,50.95658824015245,3050,7024,26.700256998019746,10.110803905900323,97.81106090392007
fish4,5426,271.3,20.0,20.0,21.615630799968482,6.621004028819175,8.266666666666666,117.70951839211223,50.31418159838448,3177,6861,26.77990564098594,10.160159379312729,100.48006502029867
fish4,5428,271.4,20.0,20.0,22.005101625193138,6.815739441431503,8.266666666666666,121.72923777019338,51.38492653223854,3290,6858,26.80892492221785,10.165230998473698,102.77415592069156
fish4,5433,271.65,20.0,20.0,20.836689149519167,6.815739441431503,8.4,116.40121350018958,49.28996637269568,3136,6698,26.85098141138525,10.166878129312726,99.73785954069797
fish4,5436,271.8,20.0,20.0,20.64195373690684,7.0104748540438315,8.533333333333333,117.97497155858929,49.361487264146106,3177,6620,26.831433418763716,10.190709529452853,100.56214294821658
fish4,5441,272.05,20.0,20.0,21.915429913739665,6.948230152817789,8.8,119.37808115282516,51.15421798475754,3197,6593,26.825356872389058,10.211048062472873,100.97640493486193
fish4,5442,272.1,20.0,20.0,21.615630799968482,6.621004028819175,8.8,114.69472885855137,50.52342428165105,3087,6576,26.81461031266201,10.204029833306206,98.75864014596822
fish4,5446,272.3,20.0,20.0,21.226159974743823,6.231533203594517,9.066666666666666,110.29579067121728,49.41459164827118,2972,6577,26.778256698024425,10.205247281222874,96.4235039792473
fish4,5449,272.45,20.0,20.0,22.199837037805466,5.842062378369859,9.2,107.47061054228288,50.945298188775,2922,6059,26.67680026160346,10.211217365858289,95.32801762746175
fish4,5453,272.65,20.0,20.0,22.589307863030125,6.036797790982188,9.2,110.80773606370875,51.83054510919563,2992,6151,26.62159153900146,10.207304605441623,96.6688961444431
fish4,5458,272.9,20.0,20.0,22.005101625193138,5.647326965757531,9.333333333333334,104.96776640121348,50.16899328477644,2824,6349,26.59402654320987,10.13332350488239,93.20735004809227
fish4,5463,273.15,20.0,20.0,22.394572450417794,5.842062378369859,9.6,109.13917330299581,50.87542198193885,2934,4899,26.566123091615264,10.149355400933164,95.39547849254842
fish4,5464,273.2,20.0,20.0,22.394572450417794,5.842062378369859,9.6,109.70800151687521,50.89659107492319,2955,4855,26.530602222565076,10.147298109266492,95.77790033183157
fish4,5469,273.45,20.0,20.0,22.199837037805466,6.426268616206846,9.6,117.292377701934,51.459461703815776,3166,4805,26.538735695902506,10.148616466935477,100.00735216283798
fish4,5471,273.55,20.0,20.0,22.314519246816893,6.899645099598627,9.6,122.46871444823661,51.86076043184387,3292,4841,26.58749872655045,10.149443293242982,102.57694201979344
fish4,5477,273.85,20.0,20.0,21.542801134393404,7.532389590686076,9.733333333333333,127.17102768297305,51.07292409448644,3408,4820,26.586018435160316,10.083935477352139,104.82995391251245
fish4,5480,274.0,20.0,20.0,20.485169384626,7.627644612690981,9.733333333333333,126.10921501706483,49.53386547742588,3374,4786,26.54841443547378,10.08349602593316,104.11191046140695
fish4,5481,274.05,20.0,20.0,20.41954691423054,7.567743624183109,9.733333333333333,126.41259006446718,49.56857638278162,3388,4779,26.547094887797037,10.082535737768806,104.38963062556584
fish4,5485,274.25,20.0,20.0,20.868921699389652,8.215804333598046,9.733333333333333,133.25748957148272,50.52572214618561,3563,5001,26.535341415574823,10.085628178649479,107.88096959422431
fish4,5514,275.7,20.0,20.0,21.62576782175997,8.04896318804349,10.266666666666666,135.4190367842245,51.27489915582811,3621,4601,26.565977642746912,9.922027720122868,108.90800536286977
fish4,5518,275.9,20.0,20.0,21.502275332926832,7.256324746754996,10.4,121.84300341296927,50.3747239507491,3256,4563,26.589844908142087,9.923023846933578,101.63286875507566
fish4,5519,275.95,20.0,20.0,21.536911766903817,7.256324746754996,10.266666666666666,122.90481607887749,50.69059741448357,3284,4501,26.584419372389057,9.923349367766908,102.18776874015597
fish4,5525,276.25,20.0,20.0,21.848231101541366,6.2746954032977875,10.133333333333333,112.77967387182403,50.48337226022475,3027,4539,26.568108576550895,9.95956030526691,97.06766888181781
fish4,5526,276.3,20.0,20.0,21.964678337943717,6.162567506863676,10.133333333333333,110.61812665908228,50.35247924776987,2963,4544,26.536138403150762,9.95785457610024,95.753992979251
fish4,5531,276.55,20.0,20.0,21.43475114951758,6.0396711604889655,10.133333333333333,110.50436101630639,50.04360247221296,2979,4747,26.578915868217567,9.951526469919418,96.11044233813698
fish4,5535,276.75,20.0,20.0,21.99632848820373,6.039821960388106,10.133333333333333,117.02692453545694,51.209512820989,3137,4989,26.593594814554848,9.952857840813529,99.28645265536838
fish4,5538,276.9,20.0,20.0,22.323754440640123,6.344850784947218,10.266666666666666,118.31626848691693,51.16134116749334,3175,4840,26.465647936484253,9.945403426106768,99.91105136259102
fish4,5541,277.05,20.0,20.0,22.199837037805466,6.426268616206846,10.266666666666666,117.50094804702312,51.09953229097581,3165,5132,26.484927357916188,9.939449634541404,99.7243769924576
fish4,5546,277.3,20.0,20.0,21.81036621258081,6.426268616206846,9.866666666666667,115.87030716723548,50.798939063450035,3131,5162,26.539258829752608,9.93503559662501,99.09429442637762
fish4,5550,277.5,20.0,20.0,21.463337758969438,6.7949067696507255,10.133333333333333,120.74326886613574,50.786533543175786,3241,5293,26.63380567760703,10.148636008103688,101.60244168571072
fish4,5551,277.55,20.0,20.0,21.45944519014433,7.110315530124572,10.133333333333333,123.39780053090631,50.9352423937149,3304,5294,26.627902914748958,10.150856060187023,102.85875897493598
fish4,5554,277.7,20.0,20.0,21.451657081067534,7.367314215379094,10.0,126.03337125521423,51.27918789938824,3376,5294,26.635337757703997,10.148408143520355,104.30374590122435
fish4,5558,277.9,20.0,20.0,21.031424562131495,7.984151917105475,9.866666666666667,131.49412210845657,51.182974917309764,3547,5173,26.540237923610363,10.132405518754322,107.61264344236469
fish4,5587,279.35,20.0,20.0,21.306649978052583,7.449061132132904,9.466666666666667,127.09518392112247,51.06730039110489,3401,4624,26.502707653281128,10.135904886711971,104.6586125399931
fish4,5590,279.5,20.0,20.0,21.33094584751707,6.958451860266923,9.466666666666667,118.90405764125899,50.73434407986736,3188,4670,26.49381001036844,10.134778584628636,100.38858859499707
fish4,5592,279.6,20.0,20.0,21.75329105075437,6.477862981699006,9.733333333333333,115.680697762609,50.99216956456889,3111,4695,26.453762259758836,10.134414001295303,98.80817626105414
fish4,5595,279.75,20.0,20.0,22.326458438831608,6.321053372292204,10.0,115.94615092908606,51.87620990008224,3110,4799,26.425914844936795,10.132864525307548,98.75877937024435
fish4,5601,280.05,20.0,20.0,22.394572450417794,6.036797790982188,9.733333333333333,109.72696245733786,51.03885051370443,2957,5021,26.354261173502607,9.970133438099758,95.46439461160236
fish4,5602,280.1,20.0,20.0,22.005101625193138,6.231533203594517,9.733333333333333,108.91164201744405,50.18873827514183,2919,4991,26.32763790961372,9.973421198516425,94.68105910813014
fish4,5608,280.4,20.0,20.0,22.199837037805466,6.036797790982188,10.4,108.15320439893817,50.492991278791266,2897,5236,26.31555019258099,9.978616511016419,94.23416670359741
fish4,5609,280.45,20.0,20.0,22.199837037805466,6.231533203594517,10.4,108.8926810769814,50.2289276089763,2913,5217,26.30186961939305,9.976793594349752,94.53866321374281
fish4,5615,280.75,20.0,20.0,21.591164073475408,5.9558635593991145,10.533333333333333,105.40386803185436,49.304460109430416,2843,5331,26.27736439327664,9.985009742217596,93.12237413549423
fish4,5618,280.9,20.0,20.0,21.672034419386925,6.4926346861049655,10.533333333333333,113.21577550246491,50.34119892317163,3051,5290,26.192802697904614,10.007447899712457,97.22025059761708
fish4,5620,281.0,20.0,20.0,21.185825830291922,7.060469849177126,10.533333333333333,118.44899507015546,49.81049507812209,3169,5193,26.206665272955245,10.02677732679579,99.61344259975104
fish4,5625,281.25,20.0,20.0,21.043310268467696,7.673251553616279,10.133333333333333,125.44558210087219,50.22123783554802,3364,5048,26.22364876963298,10.042265598509049,103.54591436814204
fish4,5629,281.45,20.0,20.0,20.830165382453885,7.673251553616279,10.0,125.293894577171,49.71060500207439,3348,4720,26.20869219290651,10.052932889291977,103.2216250821985
fish4,5630,281.5,20.0,20.0,20.99413315850166,7.609995824495013,10.0,124.25104285172543,49.92664795757846,3320,4586,26.20559752332899,10.05427403512531,102.65987155845431
fish4,5640,282.0,20.0,20.0,21.302721752108468,8.323605461497458,9.6,135.3431930223739,50.98092468816123,3610,3923,26.11712086571588,10.037148416985405,108.3542692827013
fish4,5643,282.15,20.0,20.0,21.229636543847164,7.917650647297781,9.466666666666667,127.92946530147893,50.460518368367254,3416,3832,26.16780236356759,10.038964823235403,104.526767186803
fish4,5646,282.3,20.0,20.0,21.253067728175694,7.851869205580072,9.6,125.59726962457336,50.232031960471446,3348,3680,26.113210452534243,10.04195959201389,103.11517004454814
fish4,5650,282.5,20.0,20.0,21.873523884624802,6.982170530117459,10.266666666666666,120.49677664012133,50.53723498491405,3217,3370,26.386470129224982,10.153050022114648,100.87952015133963
fish4,5651,282.55,20.0,20.0,22.03852720283712,6.971252023134366,10.266666666666666,120.61054228289721,50.7551978069912,3220,3415,26.3910274778578,10.144540894307028,100.93556837216484
fish4,5656,282.8,20.0,20.0,22.026122982562004,6.17766458248059,10.533333333333333,111.90747061054226,50.65881935359482,3013,3960,26.371166440591693,10.137128831481933,96.76829527207363
fish4,5658,282.9,20.0,20.0,21.6056230352334,6.177222954204535,10.8,115.30147895335607,50.57693147979243,3089,4122,26.355454706469875,10.134872966670988,98.27032767314086
fish4,5664,283.2,20.0,20.0,22.005101625193138,6.426268616206846,11.066666666666666,119.1884717481987,51.134558538977785,3215,4526,26.36509860144721,10.129225170728894,100.7943237721761
fish4,5668,283.4,20.0,20.0,21.81036621258081,6.621004028819175,11.2,118.73340917709517,51.16171510295753,3202,4734,26.409929301622167,10.131194569810233,100.58112387143241
fish4,5670,283.5,20.0,20.0,22.04689474009781,6.779542265641247,11.2,119.32119833143722,51.46564556753697,3203,4702,26.414742918395994,10.121881408649024,100.59662432704502
fish4,5675,283.75,20.0,20.0,21.42089538735615,7.0104748540438315,11.066666666666666,118.1835419036784,50.54127236435659,3172,5100,26.477182047356496,10.13816396484375,100.05534601220026
fish4,5676,283.8,20.0,20.0,21.42089538735615,7.20521026665616,10.8,122.63936291240043,50.88961655637367,3299,5066,26.49760315272955,10.183867089843753,102.6614702425733
fish4,5718,285.9,20.0,20.0,20.69452718745844,8.332065855838895,10.0,137.67538869927947,50.89839577550187,3680,5161,26.580700921630864,10.128460174041324,110.3091610956722
fish4,5722,286.1,20.0,20.0,21.293144844228074,7.95938581938406,9.733333333333333,129.4463405384907,51.046157205246075,3454,5098,26.52636043286736,10.132610558022396,105.73897099088975
fish4,5725,286.25,20.0,20.0,21.184824459533097,7.616333134542147,9.733333333333333,123.1513083048919,50.3629881389555,3287,5109,26.468187809678067,10.134798024495444,102.3429858341735
fish4,5727,286.35,20.0,20.0,21.72903083840889,6.94533301189834,9.6,121.23625331816456,51.41076006853173,3252,6444,26.42468946621742,10.132796073902977,101.5974855401204
fish4,5730,286.5,20.0,20.0,21.42089538735615,6.036797790982188,9.866666666666667,109.12021236253317,50.08264585681387,2959,6427,26.43495828840468,10.139557158745662,95.75451544715034
fish4,5734,286.7,20.0,20.0,21.444643028615882,6.003027527854456,9.733333333333333,101.89609404626468,49.14738360555926,2740,6394,26.375774146393198,10.151093617078997,91.3268677634722
fish4,5740,287.0,20.0,20.0,22.199837037805466,6.036797790982188,9.2,108.47554038680316,50.60467011838286,2903,6084,26.370522826225372,10.147594245900049,94.57811707212542
fish4,5742,287.1,20.0,20.0,21.615630799968482,6.036797790982188,9.2,105.8210087220326,49.55096989098594,2840,5933,26.34929839392769,10.143085747231375,93.29238414115906
fish4,5745,287.25,20.0,20.0,21.615630799968482,6.231533203594517,9.2,104.09556313993173,49.31115798352211,2781,4537,26.362675837293082,10.135361135005946,92.11803697229902
fish4,5748,287.4,20.0,20.0,21.42089538735615,6.036797790982188,9.2,102.91998483124762,49.05534775282985,2754,4273,26.16692034216986,10.19319007551405,91.44011041768391
fish4,5753,287.65,20.0,20.0,21.209118843284294,6.425901645023716,9.2,108.15320439893817,49.12340403052608,2893,4405,26.171364971226826,10.16925127343072,94.20061624465754
fish4,5756,287.8,20.0,20.0,21.66876585014447,6.427176387028273,9.6,106.04854000758436,49.70902229956152,2832,4489,26.204545976125456,10.18201168785095,93.0265576639764
fish4,5817,290.85,20.0,20.0,19.21476566288108,7.507084921896303,8.533333333333333,120.62950322335986,47.407427742507586,3222,5430,26.345073111809622,10.051594973712497,100.83666808552212
fish4,5820,291.0,20.0,20.0,19.709441332027335,7.443405021630165,8.533333333333333,121.3310580204778,47.85988496489079,3245,5317,26.25418337605794,10.002385979959703,101.15656935601766
fish4,5823,291.15,20.0,20.0,21.490480255101446,8.085050421050138,9.066666666666666,135.07773985589682,51.36670583728222,3605,3224,26.26100205332439,10.0040851987097,108.3650872520341
fish4,5829,291.45,20.0,20.0,22.29852257180166,6.377250477563058,8.666666666666666,118.99886234357223,51.91901975359259,3190,3076,26.20336304236518,10.030231028143563,100.03359407050874
fish4,5831,291.55,20.0,20.0,22.199837037805466,6.036797790982188,8.4,113.63291619264314,51.072425637676965,3057,3031,26.175980222725574,10.029368399895562,97.34534862262115
fish4,5836,291.8,20.0,20.0,22.08260237335834,6.526413863512452,8.533333333333333,120.34508911642016,51.29389678597907,3218,3172,26.179938570300436,10.019208888742659,100.55914745904309
fish4,5838,291.9,20.0,20.0,21.93819104137349,6.959031288450813,8.533333333333333,122.63936291240043,51.19445966677128,3285,3123,26.062564358162586,10.019885972075992,101.78245033023859
fish4,5840,292.0,20.0,20.0,21.539345365276155,7.54981923617147,8.533333333333333,129.1240045506257,51.21989206047562,3471,3004,26.071461702907243,10.102272053358293,105.59373375626554
fish4,5957,297.85,20.0,20.0,20.483661385634594,8.584110430121159,10.933333333333334,137.63746681835417,50.85848953969234,3689,5345,26.589864264575343,10.069954329427082,110.43981859400242
fish4,5959,297.95,20.0,20.0,20.7620691994272,8.227031126089235,10.8,137.99772468714445,51.37202223015503,3697,5266,26.59499008487655,10.062356673177085,110.59734675805363
fish4,5963,298.15,20.0,20.0,20.695506272517886,8.31244924038764,10.8,136.841107318923,51.321768836980276,3655,5191,26.578696813437386,10.065032454427087,109.74372926786448
fish4,5968,298.4,20.0,20.0,21.341200240658626,7.543639411733292,10.666666666666666,125.18012893439513,50.77960115852665,3352,4637,26.594656164381238,10.092770094543035,103.72742625892428
fish4,5972,298.6,20.0,20.0,21.42089538735615,7.20521026665616,10.666666666666666,120.17444065225634,50.86155164121575,3222,4696,26.581934732394757,10.085253820419304,101.10718855281405
fish4,5975,298.75,20.0,20.0,21.615627828541896,6.426267130493554,10.666666666666666,113.76564277588166,50.529682013179986,3057,4694,26.55484257262429,10.08110668500264,97.77594925762693
fish4,5976,298.8,20.0,20.0,21.615630799968482,6.621004028819175,10.666666666666666,117.61471368979899,50.60047279261873,3149,4818,26.58291552666558,10.083522049585973,99.64643757625156
fish4,5982,299.1,20.0,20.0,21.81036621258081,6.231533203594517,10.666666666666666,112.62798634812285,50.305368439993266,3021,4854,26.496713404507105,10.134391167947985,97.05110457245509
fish4,5984,299.2,20.0,20.0,21.81036621258081,6.231533203594517,10.666666666666666,113.36746302616608,49.990932636011536,3042,4803,26.500402587721094,10.137008351124656,97.47741093884575
fish4,5988,299.4,20.0,20.0,22.005101625193138,6.036797790982188,10.4,114.03109594235872,51.08053498582462,3067,4825,26.49057203776042,10.146142465707985,97.9767145034684
fish4,5992,299.6,20.0,20.0,21.615630799968482,6.426268616206846,10.266666666666666,113.74668183541901,50.472660220960705,3043,4808,26.511314233379597,10.143417858505247,97.51473209188484
fish4,5996,299.8,20.0,20.0,21.9460697789611,5.945349166431453,10.266666666666666,113.12097080015167,51.200515294863955,3046,4734,26.573896959092885,10.146581921005248,97.64047888009813
fish4,5997,299.85,20.0,20.0,21.615630799968482,6.036797790982188,10.533333333333333,112.6469472885855,50.3970565893838,3041,5126,26.443557674756455,10.197831846618653,97.46138952137511
fish4,6002,300.1,20.0,20.0,21.42089538735615,5.647326965757531,10.533333333333333,104.68335229427377,49.93338863878438,2843,5198,26.439330600691427,10.125432760863834,93.42476336155526
fish4,6007,300.35,20.0,20.0,21.01952251294908,6.876987971895242,10.4,116.76147136897988,49.75940608729192,3113,5334,26.43151391825736,10.134006995889877,98.82552091414723
fish4,6008,300.4,20.0,20.0,21.268184860922048,6.989824182141327,10.4,119.60561243837692,50.25979669190157,3191,5386,26.41199563252014,10.136643714639876,100.36863934716001
fish4,6012,300.6,20.0,20.0,20.86698284354356,6.909412921637046,10.266666666666666,117.65263557072429,49.74180628120605,3144,5274,26.403436604742353,10.145048651790619,99.42848525653298
fish4,6017,300.85,20.0,20.0,21.111687251306574,6.654026235304372,10.133333333333333,117.50094804702312,50.0814384826214,3145,5053,26.395350608825684,10.152262214650047,99.44761282347574
fish4,6019,300.95,20.0,20.0,20.592440855736804,6.681964330904261,10.133333333333333,116.59082290481606,49.10141324523417,3118,4938,26.396461290128734,10.171207489172614,98.92766877930134
fish4,6025,301.25,20.0,20.0,20.911276413918706,7.991324198022727,10.0,128.13803564656806,50.15054105068927,3416,4718,26.410731976826998,10.170491365549298,104.90122334237631
fish4,6026,301.3,20.0,20.0,20.82070733163685,7.7292659161522135,9.866666666666667,125.80583996966247,49.776084379708415,3363,4712,26.415328097195093,10.176158706622653,103.85148680381775
fish4,6031,301.55,20.0,20.0,20.82070733163685,6.956339175965663,10.0,116.13576033371254,49.04570428963683,3105,4727,26.4315609375,10.18475246158176,98.71631339908177
fish4,6033,301.65,20.0,20.0,19.739198683553308,7.160660410738139,9.866666666666667,115.69965870307165,47.714914818993975,3096,4632,26.432403220772446,10.188779136562346,98.54118235733479
fish4,6039,301.95,20.0,20.0,18.988852556835603,7.5052203517148115,9.866666666666667,111.22487675388697,46.293905780121214,2976,4508,26.37286758066813,10.182467246119185,96.07533482678733
fish4,6043,302.15,20.0,20.0,16.954784774423267,6.840044968032389,9.733333333333333,95.63898369359119,42.20963253680418,2565,4523,26.37986835666232,10.203014115227592,87.88288247188993
fish4,6044,302.2,20.0,20.0,16.547870189436942,6.859421640786982,9.6,92.52938945771709,41.24538794243382,2487,4541,26.362928500686454,10.202268681324854,86.30519718201131
fish4,6047,302.35,20.0,20.0,16.761016561164045,6.859421640786982,9.733333333333333,97.098976109215,42.22518349783181,2599,4426,26.547871476839795,10.173613133705986,88.70148461054578
fish4,6055,302.75,20.0,20.0,16.502162220007786,7.492969159908772,9.333333333333334,99.18467956010616,41.99902079195327,2654,3963,26.47310605461215,10.16310856364568,89.71621461825782
fish4,6060,303.0,20.0,20.0,16.37313099202198,7.273440163879126,8.933333333333334,99.50701554797116,42.0353032569722,2674,3461,26.48692545505099,10.14193668338988,90.10886213844087
fish4,6061,303.05,20.0,20.0,16.391167551387166,7.449301074829567,9.066666666666666,101.23246113007204,42.26884902934129,2719,3338,26.468361822264868,10.141904125965969,90.99026594823084
fish4,6064,303.2,20.0,20.0,15.279026466648649,7.725350318771081,8.933333333333334,101.47895335608645,41.31457552115912,2722,3360,26.44840112726659,10.157366365549299,91.04576749281588
fish4,6734,336.7,20.0,20.0,20.57751389429183,7.976846664848587,11.066666666666666,132.8782707622298,50.72204402202257,3558,6016,26.36083686642117,10.077477078236472,107.59831394465763
fish4,6737,336.85,20.0,20.0,20.7620691994272,7.945016743280239,11.066666666666666,130.41334850208568,51.081388713825056,3486,5895,26.353250277879503,10.064052579233383,106.13730285711289
fish4,6741,337.05,20.0,20.0,21.14930402614736,7.122978264512502,11.066666666666666,118.52483883200605,50.17867953186942,3178,6004,26.365494221327044,10.065302579233382,99.99079680056043
fish4,6743,337.15,20.0,20.0,21.226159974743823,6.815739441431503,10.933333333333334,118.5058778915434,50.643589770923676,3191,5994,26.31153140174018,10.057076670328776,100.18860807206894
fish4,6745,337.25,20.0,20.0,21.452517309063616,7.23511916093792,10.8,122.35494880546074,50.71969146466746,3267,5925,26.31872314332562,10.060045420328777,101.71876856365441
fish4,6749,337.45,20.0,20.0,21.370180564132873,6.147981516619218,11.2,108.70307167235494,49.74522121642204,2921,6094,26.338211273871526,10.062285008705988,94.82049628257752
fish4,6754,337.7,20.0,20.0,21.615630799968482,6.036797790982188,11.333333333333334,107.07243079256729,50.28572851741474,2898,6149,26.34934826388889,10.063297370900047,94.37264563478894
fish4,6758,337.9,20.0,20.0,21.81036621258081,5.647326965757531,11.466666666666667,104.89192263936289,50.368141335508895,2821,6138,26.35861041666667,10.051526527139877,92.83013694380655
fish4,6762,338.1,20.0,20.0,21.615630799968482,5.842062378369859,11.6,109.32878270762228,50.4066271829827,2941,6192,26.158237223231943,10.03467756880654,95.01291479203849
fish4,6766,338.3,20.0,20.0,21.81036621258081,6.036797790982188,11.6,111.66097838452785,50.661755819487965,3000,6195,26.234565375358674,10.029088362587824,96.2636537379465
fish4,6767,338.35,20.0,20.0,21.615630799968482,5.842062378369859,11.6,107.75502464922258,50.16033032271334,2910,6195,26.188554014587407,10.02915346675449,94.41770748134189
fish4,6772,338.6,20.0,20.0,21.517854522507008,6.17577178374655,11.466666666666667,111.49032992036403,50.37557340732381,2993,6154,26.181913498697167,10.040097523328994,96.08201102202617
fish4,6776,338.8,20.0,20.0,21.447412398192217,6.945018040680431,11.2,116.57186196435342,50.21353821926918,3111,6093,26.219287650025933,10.03296863093906,98.47225628096498
fish4,6777,338.85,20.0,20.0,21.67144459120999,6.765792731980199,11.2,117.38718240424723,50.80664276544043,3137,6075,26.229656514466836,10.043206230152977,99.01286274461981
fish4,6781,339.05,20.0,20.0,21.29766289834912,6.153050027514962,11.066666666666666,106.65529010238906,49.30313638531576,2876,6116,26.218792792426218,10.037125500986313,93.77591829341253
fish4,6786,339.3,20.0,20.0,19.99439222715802,6.620257457889932,11.466666666666667,104.74023511566172,47.2505138545991,2800,6246,26.27968256954617,10.036100097486704,92.31578266703288
fish4,6789,339.45,20.0,20.0,21.13683443448739,7.2930976364459115,11.333333333333334,114.59992415623813,49.49047011359284,2771,6274,26.298740610457052,10.038551277150047,91.7572918876071
fish4,6793,339.65,20.0,20.0,21.303785522825557,7.077108352334516,11.333333333333334,110.73189230185815,49.38567017297186,2959,6421,26.30187418499228,10.070637868245445,95.55251205323773
fish4,6796,339.8,20.0,20.0,20.828311212265437,6.039325732148569,10.666666666666666,97.72468714448235,47.754106124924526,2632,6489,26.221227582295732,10.062076689995662,88.9233042722914
fish4,6801,340.05,20.0,20.0,17.539362440583258,6.601596156085449,10.933333333333334,92.39666287447857,43.05907420795813,2488,6685,25.985341264720017,10.009745951165092,85.75508721588511
fish4,6803,340.15,20.0,20.0,17.33145172249725,6.621004028819175,10.8,90.19719378081152,42.591839895458286,2431,6621,25.97702087402344,10.001471211581759,84.5984920856052
fish4,6807,340.35,20.0,20.0,20.958774667864756,5.971988748614111,10.533333333333333,95.60106181266589,47.71124222859317,2577,6781,25.91264200422499,10.009716625965963,87.46235863019095
fish4,6809,340.45,20.0,20.0,21.05580660296692,6.4687570449321825,10.533333333333333,103.16647705726203,48.62822428671697,2760,7377,25.928414181386685,10.00913720947902,91.13755139086571
fish4,6815,340.75,20.0,20.0,17.13671630988492,6.036797790982188,10.266666666666666,83.90216154721273,41.720905802964815,2256,6004,25.934100557284882,10.029430207983653,81.08353076526853
fish4,6819,340.95,20.0,20.0,16.941980897272593,5.4525915531452025,9.866666666666667,80.24270003792186,41.40605056354933,2198,5973,25.930819144524474,10.118036964321137,80.0088561088456
fish4,6821,341.05,20.0,20.0,16.941980897272593,5.842062378369859,9.866666666666667,84.11073189230184,41.67487459803756,2295,6054,25.855085665554466,10.15218084203932,81.90726650759379
fish4,6825,341.25,20.0,20.0,16.941980897272593,6.231533203594517,10.0,85.24838832006066,41.71034674574131,2294,6125,25.892737471045972,10.150676930745442,81.92341440179142
fish4,6830,341.5,20.0,20.0,16.941980897272593,5.842062378369859,10.133333333333333,83.4091770951839,41.55617882742481,2259,6201,25.840371950954864,10.137005065748427,81.1573770167033
fish4,6832,341.6,20.0,20.0,17.33145172249725,6.426268616206846,10.133333333333333,90.48160788775122,42.89240586943086,2429,6270,25.829977167859486,10.137984870900052,84.54796203875954
fish4,6837,341.85,20.0,20.0,17.519370682525768,6.004081270006824,10.4,83.61774744027302,41.88213958798403,2264,7617,25.894330362654316,10.13930325249566,81.31363361514997
fish4,6839,341.95,20.0,20.0,17.325208755244162,5.824854475593301,10.533333333333333,81.55100492984451,41.321577734332976,2203,7536,25.89140510999891,10.152014861541328,80.10341997154023
fish4,6843,342.15,20.0,20.0,17.304523169079292,6.45870099451511,10.666666666666666,91.14524080394386,42.482900432605945,2454,8213,25.82017635616727,10.145563029723695,85.04573938589095
fish4,6846,342.3,20.0,20.0,17.115491409795048,6.717434992894717,10.4,94.34963974213119,42.62718547896097,2537,8102,25.829834107274188,10.146855326165094,86.71668943343929
fish4,6848,342.4,20.0,20.0,16.539568023561102,6.640636244259995,10.266666666666666,91.35381114903298,41.538269482260255,2460,8161,26.21284202728272,9.80694982222451,85.21979184950723
fish4,6854,342.7,20.0,20.0,17.20668597737285,7.46010592474582,10.266666666666666,102.08570345089115,43.22919706203207,2735,8194,26.16918736284044,9.81698887582355,90.68617623866399
fish4,6857,342.85,20.0,20.0,16.659851371683466,7.684194574868691,10.266666666666666,102.3511566173682,42.60499282237551,2737,8255,26.20801534376733,9.826272720326319,90.77428806409364
fish4,6859,342.95,20.0,20.0,15.64430542233926,7.687478001244067,10.266666666666666,97.78156996587029,41.05664561867028,2620,8432,26.242646466215156,9.82432609887653,88.46697256509168
fish5,6382,319.1,20.0,20.0,14.649243002152206,3.7210859397988916,2.1333333333333333,44.311717861205906,32.737396848901795,1202,175,25.285936044123147,9.594394470045305,58.92033051416845
fish5,6383,319.15,20.0,20.0,17.098717706728085,5.371759464350956,2.1333333333333333,70.26924535456958,38.35652882994554,1893,166,25.35446024305556,9.594833924770356,72.80929416782591
fish5,6384,319.2,20.0,20.0,17.09860479251789,5.278688440885328,2.1333333333333333,68.75237011755782,38.32412152304908,1228,221,25.306786940511067,9.59831700387531,59.46510394438638
fish5,6385,319.25,20.0,20.0,16.807246015958704,4.081963098433555,2.1333333333333333,53.75426621160408,37.27669908431053,887,221,24.987125259211034,9.597532494057548,52.32465775326858
fish5,6386,319.3,20.0,20.0,16.807843272702097,4.086641238161819,2.1333333333333333,53.830109973454675,37.27677717711544,909,221,24.758440477140443,9.591389917490217,52.52983039463066
fish5,6387,319.35,20.0,20.0,16.591995874210088,3.968302317310396,2.1333333333333333,52.1046643913538,36.804289707414775,898,221,24.79087566905081,9.597929623031616,52.348805292082425
fish5,6388,319.4,20.0,20.0,16.59243415963124,3.782155070382619,2.1333333333333333,51.06181266590822,36.71719412995259,931,186,24.751734971110025,9.576415956020355,52.948150927130385
fish5,6389,319.45,20.0,20.0,16.78666740115086,3.5989261357887026,2.1333333333333333,49.50701554797117,36.97916043688462,905,185,24.792854687424647,9.5513280637953,52.44418275121995
fish5,6390,319.5,20.0,20.0,16.571342973737647,3.4543654896180036,2.1333333333333333,47.800530906332945,36.51170972095808,894,174,24.802850318268202,9.546500597625304,52.229350915893505
fish5,6391,319.55,20.0,20.0,15.604443734714224,3.1016816683605364,2.1333333333333333,41.5623814941221,34.37712233791909,822,282,24.83657858766156,9.562216740406884,50.83879532806844
fish5,6392,319.6,20.0,20.0,15.604443734714224,3.1016816683605364,2.1333333333333333,41.221084565794456,34.323167545434224,832,282,24.876825832319845,9.56551099470986,51.08233682702971
fish5,6393,319.65,20.0,20.0,14.994626771149306,3.5052374270219158,2.1333333333333333,43.34470989761091,33.193844557901755,858,282,24.98319750145806,9.576048115878637,51.719245617336696
fish5,6394,319.7,20.0,20.0,16.747245484660265,3.5052374270219158,2.1333333333333333,47.023132347364424,36.76518731213904,887,282,24.998240700031797,9.588137987603082,52.32637868763488
fish5,6395,319.75,20.0,20.0,16.747245484660265,3.5052374270219158,2.2666666666666666,47.30754645430412,36.785599480629635,990,291,24.92377492012683,9.55513668310378,54.27891160323061
fish5,6396,319.8,20.0,20.0,16.55250710062135,3.310501271552941,2.2666666666666666,44.89950701554796,36.32763095836113,860,269,24.85454737654321,9.622643200514053,51.67719057705726
fish5,7161,358.05,20.0,20.0,13.842212456203862,2.7463454774484815,2.1333333333333333,32.612817595752745,30.012358380416842,696,395,25.367351345486114,9.842255611324312,49.12960695681043
fish5,7637,381.85,20.0,20.0,14.243166359462583,3.8448696284372645,2.0,46.01820250284413,32.54251720602879,780,238,25.535902009111577,9.639710206254323,50.7756122153659
fish5,7639,381.95,20.0,20.0,14.215685120699993,3.6999728396342446,2.0,45.18392112248767,32.46393504430115,780,270,25.59186126285129,9.635491456254318,50.82735271910561
fish5,7644,382.2,20.0,20.0,14.261066233204902,3.875849350574251,2.1333333333333333,45.67690557451649,32.32271878517935,1243,297,25.540220467103556,9.642939380126528,60.043159847230086
fish5,7645,382.25,20.0,20.0,14.261066233204902,4.036150757645634,2.1333333333333333,47.06105422828971,32.466883511971986,1276,281,25.54454343214624,9.638870369709863,60.7034138018561
fish5,7646,382.3,20.0,20.0,14.020949708087663,3.894708252246573,2.1333333333333333,47.34546833522942,32.473678235998904,1296,286,25.541192689325783,9.643762946065268,61.10495563539105
fish6,1275,63.75,20.0,20.0,5.647326965757531,5.063120727920545,4.266666666666667,22.032612817595748,17.76098262449997,605,1105,26.20719511349525,9.733336395422617,48.040531508917866
fish6,1300,65.0,20.0,20.0,6.304182355004611,5.144792244724786,3.2,25.293894577171024,18.88873314701272,690,417,25.99392248957128,9.647799364556208,49.44172185412749
fish6,1394,69.7,20.0,20.0,5.842062378369859,4.673649902695888,2.533333333333333,23.985589685248385,18.265292540773984,662,358,25.82058972047405,9.775865518824261,48.83645523929831
fish6,1398,69.9,20.0,20.0,5.647326965757531,4.673649902695888,2.8,22.923777019340154,18.02952569667612,642,467,26.093532291666666,9.79893195593092,48.73246424759759
fish6,1402,70.1,20.0,20.0,5.842062378369859,4.868385315308217,2.933333333333333,25.445582100872198,18.700858619097342,704,505,26.088770909721468,9.814996412817635,49.9837673225391
fish6,1405,70.25,20.0,20.0,5.842062378369859,4.868385315308217,3.2,25.312855517633672,18.586785227535863,700,545,26.08800268825955,9.819299798234299,49.90730248649385
fish6,1410,70.5,20.0,20.0,5.842062378369859,4.868385315308217,3.466666666666667,25.312855517633672,18.659566119929273,700,584,26.08214331325954,9.81643521490097,49.89857852816051
fish6,1411,70.55,20.0,20.0,5.842062378369859,4.868385315308217,3.466666666666667,24.592339780053088,18.45624955234199,681,590,26.081887289748966,9.81481412115097,49.51670141089994
fish6,1415,70.75,20.0,20.0,6.231533203594517,4.868385315308217,4.133333333333333,26.526355707243074,19.156303100196862,737,725,25.97165282297017,9.853977536349824,50.56563035932
fish6,1647,82.35,20.0,20.0,5.842062378369859,4.089443664858901,2.933333333333333,21.122487675388697,17.317479772913533,587,801,26.047940101453996,9.701438563664754,47.48937866511875
fish6,1648,82.4,20.0,20.0,6.036797790982188,4.089443664858901,2.933333333333333,21.501706484641634,17.417424425710443,595,801,26.0507962504069,9.678141040791406,47.628937291198305
fish6,1654,82.7,20.0,20.0,6.036797790982188,4.28417907747123,3.2,22.373909745923395,17.838871329548553,621,878,26.053391736518012,9.69932920121087,48.17272093772888
fish6,1656,82.8,20.0,20.0,5.842062378369859,4.28417907747123,3.3333333333333335,21.786120591581337,17.5335337087674,602,840,26.04793155916944,9.70012996351454,47.78806152268398
fish6,1661,83.05,20.0,20.0,5.842062378369859,4.089443664858901,3.2,20.269245354569584,17.015868413925862,563,659,26.012285161505805,9.73465800424152,47.00694316574732
fish6,1666,83.3,20.0,20.0,5.647326965757531,4.089443664858901,3.2,20.212362533181643,17.03639240555595,564,730,26.000809389750156,9.739195715490979,47.02000510524114
fish6,1671,83.55,20.0,20.0,5.647326965757531,4.28417907747123,2.8,20.875995449374287,17.10410868705101,577,732,25.998986314392084,9.74571264901691,47.28469896340899
fish6,1672,83.6,20.0,20.0,5.647326965757531,4.28417907747123,3.2,20.989761092150168,17.203812468580452,580,839,25.99376061994764,9.741493905374739,47.33525452532238
fish6,1680,84.0,20.0,20.0,6.036797790982188,4.28417907747123,3.3333333333333335,22.753128555176332,17.93110220536181,631,1025,25.847167532009546,9.748128032419416,48.21529556442897
fish6,1681,84.05,20.0,20.0,6.036797790982188,4.28417907747123,3.466666666666667,21.23625331816458,17.46247387593718,589,1047,25.88109985163182,9.746943142689599,47.40804299432142
fish6,1685,84.25,20.0,20.0,6.036797790982188,4.28417907747123,3.466666666666667,21.805081532043985,17.650670176851634,607,1096,25.885197129313156,9.753886486646865,47.77908361596002
fish6,1694,84.7,20.0,20.0,5.842062378369859,4.28417907747123,3.466666666666667,22.032612817595748,17.64307899442884,609,1159,25.888877684868717,9.754996528106266,47.823874212974985
fish6,1695,84.75,20.0,20.0,5.842062378369859,4.089443664858901,3.466666666666667,21.558589306029575,17.60740534685986,601,1169,25.947176295979823,9.744524519856771,47.71170081583659
fish6,1699,84.95,20.0,20.0,5.842062378369859,4.089443664858901,4.0,21.29313613955252,17.357824247715666,591,1596,26.221262389967173,9.79351881738239,47.834781207349565
fish6,1704,85.2,20.0,20.0,5.842062378369859,3.894708252246573,4.266666666666667,18.84717481987106,16.577101552028996,528,1664,26.191427347800172,9.794531182183158,46.54595852998333
fish6,2054,102.7,20.0,20.0,6.036797790982188,3.894708252246573,4.933333333333334,21.312097080015164,17.557521664152116,594,310,25.95369275352571,9.810276418039534,47.643969171565246
fish6,2055,102.75,20.0,20.0,5.647326965757531,3.894708252246573,4.8,20.326128175957525,17.173496163856893,568,303,25.968384570011096,9.80961889257431,47.1380034625854
fish6,2059,102.95,20.0,20.0,5.647326965757531,3.894708252246573,4.666666666666667,19.79522184300341,16.861016046067142,553,296,25.830533093092168,9.805868929958342,46.69640202305051
fish6,2065,103.25,20.0,20.0,5.647326965757531,4.089443664858901,4.533333333333333,20.89495638983693,17.10466002596797,582,304,25.824018328556015,9.807174277369182,47.271192605925194
fish6,2067,103.35,20.0,20.0,5.647326965757531,4.089443664858901,4.533333333333333,21.04664391353811,17.233103004347218,587,305,25.878506129436726,9.81138978083928,47.42989591027601
fish6,2071,103.55,20.0,20.0,5.647326965757531,4.28417907747123,4.666666666666667,20.762229806598405,17.067125011786786,578,312,25.88412679697672,9.812216631306542,47.256343428283266
fish6,2987,149.35,20.0,20.0,5.4525915531452025,5.257856140532874,4.266666666666667,21.425862722791045,17.598466158195798,589,837,25.94489504937067,9.704117292520737,47.42901234189141
fish6,3006,150.3,20.0,20.0,5.212385513802119,5.096124362989593,3.7333333333333334,20.932878270762227,17.154645387179137,574,814,25.663309786403325,9.533463526365491,46.676773312768816
fish6,3011,150.55,20.0,20.0,5.063120727920545,4.868385315308217,3.7333333333333334,20.193401592718995,16.88656342005173,561,854,25.634954739869674,9.538138005532158,46.39309274540183
fish6,3012,150.6,20.0,20.0,5.4525915531452025,4.673649902695888,3.466666666666667,20.89495638983693,17.156462577035175,577,799,25.635362725980784,9.538873682615492,46.71423640859627
fish6,3019,150.95,20.0,20.0,5.257856140532874,4.478914490083559,3.3333333333333335,19.35912021236253,16.555166318485647,542,813,25.6331925154321,9.548030584451887,46.02122309988398
fish6,3028,151.4,20.0,20.0,5.257856140532874,4.28417907747123,3.466666666666667,18.24042472506636,16.133761269976684,506,812,25.69444703231622,9.545794253879123,45.36024128619535
fish6,3034,151.7,20.0,20.0,5.063120727920545,4.28417907747123,3.2,17.728479332574892,15.975113693942028,495,852,25.678574647955255,9.547304668807984,45.12587931676324
fish6,3048,152.4,20.0,20.0,5.647326965757531,4.28417907747123,3.466666666666667,19.09366704588547,16.636621872934327,529,1022,25.693866332838272,9.640406801340317,45.914273134178586
fish6,3052,152.6,20.0,20.0,5.257856140532874,4.28417907747123,3.3333333333333335,18.354190367842243,16.34586838525602,511,1026,25.655606743631235,9.649664613840317,45.52527135747155
fish6,3055,152.75,20.0,20.0,5.4525915531452025,4.28417907747123,3.3333333333333335,18.638604474781946,16.367395419072388,519,1020,25.656618116421164,9.648662009673652,45.68528012609482
fish6,3062,153.1,20.0,20.0,5.4525915531452025,4.673649902695888,3.2,19.643534319302233,16.757340488622713,539,1061,25.61619273770179,9.708828035312228,46.10502077301402
fish6,3064,153.2,20.0,20.0,5.4525915531452025,4.673649902695888,3.0666666666666664,19.776260902540763,16.779778659329686,543,1048,25.644994706047907,9.707356681145562,46.212351387193465
fish6,3070,153.5,20.0,20.0,5.257856140532874,4.673649902695888,3.3333333333333335,19.49184679560106,16.652339373136282,536,1089,25.64657898220485,9.706360587395562,46.07293956960041
fish6,3073,153.65,20.0,20.0,5.4525915531452025,4.868385315308217,3.3333333333333335,20.364050056882817,16.907353331146822,560,1119,25.654322037760405,9.706855379062228,46.56117741682264
fish6,3077,153.85,20.0,20.0,5.257856140532874,4.868385315308217,3.2,20.060675009480466,16.748529326658737,554,1073,25.647108512294444,9.68905589989556,46.41616441219
fish6,3080,154.0,20.0,20.0,5.257856140532874,5.063120727920545,3.2,20.250284414106936,17.039649971234336,561,1101,25.535867192849995,9.68646475791931,46.4423319507693
fish6,3094,154.7,20.0,20.0,6.231533203594517,5.063120727920545,3.3333333333333335,22.77208949563898,18.29843188646655,622,1036,25.564725707838264,9.697408772108293,47.70213447994655
fish6,3266,163.3,20.0,20.0,5.842062378369859,5.063120727920545,2.6666666666666665,24.781949184679554,18.550618949939228,680,703,25.7566085363129,9.66781241794162,49.02442095425452
fish6,3270,163.5,20.0,20.0,6.036797790982188,5.257856140532874,2.6666666666666665,26.07129313613955,18.903588422791355,713,703,25.74495490180122,9.666227133337657,49.67118203513888
fish6,3273,163.65,20.0,20.0,5.842062378369859,5.063120727920545,2.8,25.047402351156613,18.611998385672557,689,718,25.744204155797146,9.666142497920992,49.19034665371814
fish6,3280,164.0,20.0,20.0,6.036797790982188,5.063120727920545,2.8,25.74895714827455,18.826440113676146,706,719,25.679160753019364,9.744846939076316,49.544007692095676
fish6,3283,164.15,20.0,20.0,6.036797790982188,4.868385315308217,2.8,25.407660219946905,18.775556290565895,700,719,25.678414225241585,9.744508397409652,49.422922622651235
fish6,3288,164.4,20.0,20.0,6.036797790982188,5.063120727920545,2.6666666666666665,26.147136897990137,18.857327721589026,717,696,25.691417740715877,9.744423761992984,49.77584150270886
fish6,3289,164.45,20.0,20.0,6.036797790982188,5.063120727920545,2.6666666666666665,26.147136897990137,18.857327721589026,717,696,25.690237185160314,9.748333247502641,49.77857043266296
fish6,3299,164.95,20.0,20.0,6.036797790982188,4.868385315308217,3.3333333333333335,25.74895714827455,18.785382333993947,707,778,25.495541130744087,9.641393135537044,49.27693426628113
fish6,3303,165.15,20.0,20.0,6.036797790982188,4.478914490083559,3.3333333333333335,24.30792567311338,18.465547262194836,674,778,25.595306953919966,9.64136709781223,48.7166740517322
fish6,3305,165.25,20.0,20.0,5.842062378369859,4.478914490083559,3.3333333333333335,23.284034888130446,18.03780943042143,646,778,25.59073665093317,9.639231681145562,48.149968332078736
fish6,3310,165.5,20.0,20.0,5.842062378369859,4.478914490083559,3.3333333333333335,23.284034888130446,18.14294326189052,645,778,25.60335382891996,9.635273347812229,48.138627176732186
fish6,3312,165.6,20.0,20.0,5.842062378369859,4.478914490083559,3.3333333333333335,23.284034888130446,18.14294326189052,645,778,25.60193891735313,9.635273347812229,48.13721226516536
fish6,3317,165.85,20.0,20.0,5.842062378369859,4.673649902695888,3.3333333333333335,24.13727720894956,18.382909822822345,669,778,25.599030411312903,9.615247302203707,48.59427771351661
fish6,3322,166.1,20.0,20.0,5.842062378369859,4.478914490083559,3.3333333333333335,23.378839590443683,18.151882798768636,649,778,25.5703416951309,9.610025948037038,48.160367643167945
fish6,3327,166.35,20.0,20.0,5.842062378369859,4.478914490083559,3.3333333333333335,23.227152066742505,18.136626566115314,644,778,25.55364896780885,9.61252594803704,48.046174915845896
fish6,3330,166.5,20.0,20.0,5.842062378369859,4.478914490083559,3.3333333333333335,22.52559726962457,17.85559052550912,624,778,25.559842572624298,9.610898343870375,47.65074091649467
fish6,3333,166.65,20.0,20.0,6.036797790982188,4.478914490083559,3.3333333333333335,23.03754266211604,18.012224193962165,637,784,25.555050887044285,9.611236885537041,47.90628777258133
fish6,3348,167.4,20.0,20.0,5.842062378369859,4.28417907747123,3.0666666666666664,22.601441031475158,17.87685275414545,624,816,25.41786888546414,9.66229475096597,47.56016363643012
fish6,3351,167.55,20.0,20.0,5.842062378369859,4.28417907747123,3.0666666666666664,22.601441031475158,17.87685275414545,624,816,25.417999093797476,9.658167146799302,47.55616624059678
fish6,3356,167.8,20.0,20.0,5.842062378369859,4.28417907747123,3.0666666666666664,22.601441031475158,17.87685275414545,624,816,25.418311593797473,9.659345526790622,47.55765712058809
fish6,3359,167.95,20.0,20.0,5.842062378369859,4.28417907747123,3.0666666666666664,22.487675388699277,17.770407478910634,621,816,25.5753298309703,9.710322089290617,47.70565192026092
fish6,3364,168.2,20.0,20.0,5.842062378369859,4.28417907747123,3.0666666666666664,22.487675388699277,17.770407478910634,621,823,25.577760386525856,9.706747870540621,47.70450825706648
fish6,3366,168.3,20.0,20.0,5.842062378369859,4.28417907747123,3.2,22.601441031475158,17.87685275414545,624,840,25.583151011525853,9.706061029688517,47.769212041214374
fish6,3372,168.6,20.0,20.0,5.842062378369859,4.28417907747123,3.7333333333333334,22.601441031475158,17.87685275414545,624,930,25.582530347112964,9.703938659498426,47.76646900661139
fish6,3376,168.8,20.0,20.0,6.036797790982188,4.28417907747123,3.7333333333333334,23.01858172165339,17.998385262146623,635,934,25.572469579908578,9.70252264140447,47.97499222131305
fish6,3377,168.85,20.0,20.0,6.036797790982188,4.28417907747123,3.7333333333333334,23.01858172165339,17.998385262146623,635,934,25.5714105521308,9.702359880987801,47.9737704331186
fish6,3400,170.0,20.0,20.0,5.842062378369859,4.089443664858901,4.666666666666667,21.748198710656045,17.680559478289354,605,1025,25.791542986759143,9.680722273720631,47.572265260479774
fish6,3406,170.3,20.0,20.0,5.842062378369859,4.089443664858901,4.666666666666667,21.748198710656045,17.680559478289354,605,1025,25.782185473331413,9.684241149891747,47.56642662322316
fish6,3407,170.35,20.0,20.0,5.842062378369859,4.089443664858901,4.666666666666667,21.748198710656045,17.680559478289354,605,1021,25.78228963999808,9.685045182291665,47.567334822289745
fish6,3411,170.55,20.0,20.0,5.842062378369859,3.894708252246573,4.533333333333333,20.85703450891164,17.28639825620177,580,1003,25.78913859833141,9.683557548003726,47.07269614633514
fish6,3418,170.9,20.0,20.0,5.842062378369859,4.28417907747123,4.533333333333333,22.032612817595748,17.568718928091627,607,977,25.78583565928141,9.662672131337061,47.58850779061847
fish6,3421,171.05,20.0,20.0,6.036797790982188,4.28417907747123,4.4,22.6583238528631,17.764734236276496,624,952,25.68291026247755,9.661083629512786,47.82399389199034
fish6,3424,171.2,20.0,20.0,6.036797790982188,4.28417907747123,4.533333333333333,22.6583238528631,17.764734236276496,624,982,25.671664488992572,9.661637014929454,47.813301503922034
fish6,3431,171.55,20.0,20.0,5.842062378369859,4.28417907747123,4.533333333333333,22.82897231702692,17.93968788711945,635,961,25.68369591463819,9.66373662041558,48.04743253505377
fish6,3434,171.7,20.0,20.0,6.036797790982188,4.478914490083559,4.533333333333333,24.118316268486915,18.338780307694616,669,961,25.6858788858861,9.663847297498915,48.72972618338502
fish6,3436,171.8,20.0,20.0,6.036797790982188,4.478914490083559,4.533333333333333,24.118316268486915,18.338780307694616,669,961,25.682176692708328,9.66462203708225,48.72679872979058
fish6,3443,172.15,20.0,20.0,6.036797790982188,4.478914490083559,4.533333333333333,24.175199089874855,18.357385918464917,670,965,25.777311329010388,9.681155259439683,48.85846658845007
fish6,3447,172.35,20.0,20.0,6.231533203594517,4.28417907747123,4.266666666666667,23.568448995070153,18.196254601234315,653,1015,25.702755809623817,9.63819980026881,48.40095560989263
fish6,3449,172.45,20.0,20.0,6.231533203594517,4.28417907747123,4.266666666666667,23.568448995070153,18.196254601234315,653,1015,25.715633321804468,9.618785737768809,48.39441905957328
fish6,3452,172.6,20.0,20.0,6.231533203594517,4.28417907747123,4.266666666666667,23.549488054607504,18.18188501441655,652,1015,25.701779155137803,9.620305925114948,48.36208508025275
fish6,3459,172.95,20.0,20.0,6.231533203594517,4.28417907747123,4.266666666666667,23.720136518771326,18.323149118149217,659,1019,25.70716547533201,9.616445257568357,48.50361073290036
fish6,3461,173.05,20.0,20.0,6.231533203594517,4.28417907747123,4.266666666666667,23.720136518771326,18.323149118149217,659,1019,25.63352835148941,9.617213486735025,48.430741838224435
fish6,3464,173.2,20.0,20.0,6.231533203594517,4.28417907747123,4.533333333333333,23.682214637846034,18.319156077962738,657,1067,25.640442370078002,9.624947861735023,48.40539023181303
fish6,3468,173.4,20.0,20.0,6.426268616206846,4.28417907747123,4.533333333333333,23.909745923397796,18.466759743526747,663,1067,25.633120274503725,9.625898382568359,48.51901865707208
fish6,3472,173.6,20.0,20.0,6.231533203594517,4.28417907747123,4.4,23.359878649981034,18.17210704774206,648,1037,25.63470013561484,9.625748642985025,48.22044877859987
fish6,3479,173.95,20.0,20.0,6.231533203594517,4.089443664858901,4.133333333333333,22.923777019340154,18.081975531238974,641,1000,25.67426606353005,9.649280542490215,48.143546606020266
fish6,3482,174.1,20.0,20.0,6.231533203594517,4.089443664858901,4.0,22.90481607887751,18.07728513437605,640,956,25.659982259039236,9.64958326886495,48.10956552790418
fish6,3484,174.2,20.0,20.0,6.231533203594517,4.089443664858901,3.8666666666666667,22.90481607887751,18.07728513437605,640,958,25.65001698126146,9.655572852198283,48.105589833459746
fish6,3491,174.55,20.0,20.0,6.426268616206846,4.089443664858901,3.6,22.88585513841486,18.146555402331757,638,909,25.636622894663866,9.662106053659652,48.05872894832351
fish6,3495,174.75,20.0,20.0,6.426268616206846,4.089443664858901,3.3333333333333335,22.84793325748957,18.14111221311518,636,860,25.642408578359348,9.661122980742983,48.02353155910233
fish6,3496,174.8,20.0,20.0,6.426268616206846,4.089443664858901,3.3333333333333335,22.84793325748957,18.14111221311518,636,854,25.642026633914902,9.66427402571572,48.02630065963062
fish6,3500,175.0,20.0,20.0,6.036797790982188,4.089443664858901,3.2,21.35001896094046,17.724274131194555,598,821,25.52316202345482,9.686529751925997,47.16969177538082
fish6,3507,175.35,20.0,20.0,6.036797790982188,4.089443664858901,3.2,21.387940841865753,17.731015462400038,599,885,25.52102660678816,9.69808896373113,47.1991155705193
fish6,3510,175.5,20.0,20.0,6.036797790982188,4.089443664858901,3.2,21.23625331816458,17.65163338335027,595,906,25.518526606788154,9.679195708963608,47.09772231575176
fish6,3535,176.75,20.0,20.0,6.231533203594517,4.478914490083559,4.0,23.549488054607504,18.390885038916856,650,1178,25.498378962293085,9.58769825785955,48.08607722015263
fish6,3537,176.85,20.0,20.0,6.316868860805215,4.417932645155738,4.0,23.284034888130446,18.240444264536105,641,1167,25.493318198404197,9.590051762517295,47.90336996092149
fish6,3543,177.15,20.0,20.0,6.117788851098682,4.601564208051793,4.133333333333333,23.01858172165339,18.140748074073013,634,1189,25.510088903639048,9.605025742594403,47.79511464623345
fish6,3544,177.2,20.0,20.0,5.842062378369859,4.478914490083559,4.133333333333333,21.786120591581337,17.618157337882895,603,1193,25.50792311800733,9.606685898844404,47.17460901685173
fish6,4400,220.0,20.0,20.0,5.4525915531452025,4.478914490083559,2.8,20.079635949943114,16.903941437000224,560,578,25.836657348331407,9.57643547387653,46.61309282220794
fish6,4401,220.05,20.0,20.0,5.4525915531452025,4.478914490083559,2.8,19.871065604853996,16.72304544370311,551,593,25.74974330645903,9.575400317626528,46.34514362408555
fish6,4408,220.4,20.0,20.0,5.842062378369859,5.063120727920545,2.8,22.620401971937806,17.96153729750592,622,628,25.772998340277024,9.575371029281616,47.78836936955864
fish6,4411,220.55,20.0,20.0,5.647326965757531,5.063120727920545,2.8,21.899886234357222,17.805366451957607,608,638,25.76687415334443,9.576041602198282,47.502915755542716
fish6,4413,220.65,20.0,20.0,5.647326965757531,5.063120727920545,2.8,21.425862722791045,17.55962715202962,593,638,25.7614488061222,9.574713477198282,47.19616228332048
fish6,4421,221.05,20.0,20.0,5.4525915531452025,5.257856140532874,2.8,21.387940841865753,17.68427770794535,594,651,25.75904867197672,9.649052683925628,47.28810135590235
fish6,4440,222.0,20.0,20.0,5.886570262887382,5.35289759125205,3.466666666666667,23.03754266211604,18.26783348193167,631,716,25.540689296976726,9.650022744401294,47.810712041378025
fish6,4445,222.25,20.0,20.0,6.112977368602458,5.546960347171414,3.466666666666667,23.568448995070153,18.70939090803355,647,716,25.69948706325955,9.64782873398463,48.287315797244176
fish6,4456,222.8,20.0,20.0,6.426268616206846,5.063120727920545,3.7333333333333334,22.411831626848688,18.47191565614975,617,832,25.80979110936294,9.547268780506982,47.69705988986992
fish6,4461,223.05,20.0,20.0,6.426268616206846,4.868385315308217,3.7333333333333334,21.615472127417515,18.185011698039617,596,832,25.844760597492737,9.476744689899023,47.24150528739176
fish6,4464,223.2,20.0,20.0,6.621004028819175,4.868385315308217,3.7333333333333334,22.373909745923395,18.534813235510555,617,832,25.801956719273694,9.478281148232357,47.62023786750605
fish6,4467,223.35,20.0,20.0,6.673549993674876,4.80051607498689,3.7333333333333334,22.298065984072807,18.436193072899215,612,832,25.7792788049015,9.478417866982356,47.49769667188386
fish6,4471,223.55,20.0,20.0,6.84004125374916,4.814390408564467,3.7333333333333334,22.866894197952213,18.788772383512296,627,832,25.778371604165905,9.480982962671913,47.79935456683781
fish6,4476,223.8,20.0,20.0,6.84004125374916,4.814390408564467,3.7333333333333334,22.999620781190742,18.79571131458562,631,832,25.77600609778887,9.483463431421914,47.87946952921078
fish6,4480,224.0,20.0,20.0,6.673549993674876,4.994756373644651,3.7333333333333334,23.45468335229427,18.801900610446033,643,832,25.778085130310064,9.58238270225525,48.22046783256531
fish6,4484,224.2,20.0,20.0,6.673549993674876,4.994756373644651,3.7333333333333334,23.45468335229427,18.801900610446033,643,832,25.722803080919054,9.595387257374657,48.17819033829371
fish6,4487,224.35,20.0,20.0,6.673549993674876,4.994756373644651,3.7333333333333334,23.568448995070153,18.812770692461516,647,832,25.69735571272108,9.595270069874658,48.23262578259573
fish6,4494,224.7,20.0,20.0,6.673549993674876,4.994756373644651,3.7333333333333334,23.720136518771326,18.831320797911797,651,832,25.728731776183338,9.601552621957993,48.350284398141326
fish6,4495,224.75,20.0,20.0,6.673549993674876,4.994756373644651,3.7333333333333334,23.720136518771326,18.831320797911797,651,832,25.742195333899982,9.601552621957993,48.363747955857974
fish6,4502,225.1,20.0,20.0,6.673549993674876,4.994756373644651,3.466666666666667,24.38376943496397,18.955728718275523,666,519,25.917330041937173,9.776581966781619,49.01391200871879
fish6,4503,225.15,20.0,20.0,6.673549993674876,4.994756373644651,3.466666666666667,24.38376943496397,18.955728718275523,666,519,25.917330041937173,9.773385352198284,49.01071539413546
fish6,4507,225.35,20.0,20.0,6.673549993674876,4.994756373644651,3.466666666666667,24.38376943496397,18.955728718275523,666,519,25.910459360457057,9.77210280011495,49.002562160572005
fish6,4513,225.65,20.0,20.0,6.673549993674876,5.175122710153158,3.466666666666667,24.81987106560485,19.157267304909116,677,519,25.881275375855996,9.772249295541979,49.193524671397974
fish6,4518,225.9,20.0,20.0,6.673549993674876,5.175122710153158,3.3333333333333335,24.81987106560485,19.157267304909116,677,511,25.876219014466834,9.770660756842295,49.18687977130913
fish6,4520,226.0,20.0,20.0,6.673549993674876,5.175122710153158,3.3333333333333335,24.81987106560485,19.157267304909116,677,511,25.87283359780017,9.805292922592162,49.21812652039233
fish6,4523,226.15,20.0,20.0,6.687424327252454,5.16124837657558,3.3333333333333335,24.345847554038677,19.033556462650594,667,511,25.8781373761024,9.807259068425495,49.0253964445279
fish6,4530,226.5,20.0,20.0,6.687424327252454,5.175122710153158,3.3333333333333335,24.725066363291614,19.12249339602408,677,507,25.875889112213514,9.8066535996755,49.22254271188901
fish6,4534,226.7,20.0,20.0,6.426268616206846,5.063120727920545,3.3333333333333335,23.966628744785737,18.75987330998371,659,507,25.869391666666665,9.807825474675496,48.85721714134216
fish6,4535,226.75,20.0,20.0,6.426268616206846,5.063120727920545,3.3333333333333335,23.966628744785737,18.75987330998371,659,502,25.870797916666668,9.800279901758834,48.8510778184255
fish6,4540,227.0,20.0,20.0,6.426268616206846,5.063120727920545,3.3333333333333335,23.568448995070153,18.662225778864702,648,502,25.8760540145874,9.80301427951389,48.63906829410129
fish6,4546,227.3,20.0,20.0,6.426268616206846,5.063120727920545,3.3333333333333335,23.587409935532797,18.66438517027758,649,502,25.747638292025346,9.743919232686359,48.47155752471171
fish6,4547,227.35,20.0,20.0,6.426268616206846,5.063120727920545,3.7333333333333334,24.63026166097838,18.883725480719136,676,492,25.759851327326263,9.518437398232354,48.79828872555862
fish6,4551,227.55,20.0,20.0,6.426268616206846,5.063120727920545,3.7333333333333334,24.611300720515732,18.884602840846618,676,492,25.72014650238414,9.527037674585973,48.767184176970105
fish6,4558,227.9,20.0,20.0,6.231533203594517,5.063120727920545,3.7333333333333334,23.492605233219564,18.459051886181992,644,492,25.718774974606365,9.52699861585829,48.125773590464654
fish6,4560,228.0,20.0,20.0,6.036797790982188,5.063120727920545,3.7333333333333334,23.227152066742505,18.24034346817495,638,492,25.748887960476345,9.562835206254324,48.07172316673067
fish6,4565,228.25,20.0,20.0,6.036797790982188,5.063120727920545,3.7333333333333334,23.227152066742505,18.24034346817495,638,492,25.86130113811728,9.562285074191625,48.1835862123089
fish6,4570,228.5,20.0,20.0,5.842062378369859,5.257856140532874,3.7333333333333334,23.587409935532797,18.22485908567422,646,520,25.86221701115738,9.599394449191623,48.381611460349006
fish6,4572,228.6,20.0,20.0,5.967429837377531,5.336726344925001,3.7333333333333334,24.06143344709897,18.456854655508707,658,651,25.859144011603462,9.601425699191621,48.62056971079508
fish6,4575,228.75,20.0,20.0,5.967429837377531,5.336726344925001,3.6,24.06143344709897,18.456854655508707,658,615,25.859144011603462,9.603554605441625,48.62269861704509
fish6,4594,229.7,20.0,20.0,5.842062378369859,5.647326965757531,3.0666666666666664,25.331816458096316,18.91248424719871,692,517,25.662377405161912,9.572770105732811,49.07514751089472
fish6,4624,231.2,20.0,20.0,5.4525915531452025,5.257856140532874,3.0666666666666664,22.6583238528631,17.855993339525416,625,519,25.702334222788867,9.654820913092298,47.857155135881165
fish6,4629,231.45,20.0,20.0,5.647326965757531,5.063120727920545,3.0666666666666664,22.88585513841486,17.855993409168228,631,519,25.694634678141274,9.65624018392563,47.97087486206691
fish6,4630,231.5,20.0,20.0,5.647326965757531,5.063120727920545,3.0666666666666664,22.866894197952213,17.85492035274306,630,519,25.698823053637845,9.65627924642563,47.95510230006348
fish6,4637,231.85,20.0,20.0,5.647326965757531,5.063120727920545,3.0666666666666664,22.88585513841486,17.855993409168228,631,549,25.700198899257323,9.656158808008827,47.976357707266146
fish6,4641,232.05,20.0,20.0,5.842062378369859,5.063120727920545,3.0666666666666664,23.189230185817213,18.057729317098417,637,560,25.69765546603732,9.696835879474216,48.13449134551154
fish6,4642,232.1,20.0,20.0,5.842062378369859,5.063120727920545,3.0666666666666664,22.999620781190742,17.908964705882312,631,560,25.795928035481765,9.697343691974215,48.11327172745598
fish6,4646,232.3,20.0,20.0,5.647326965757531,4.673649902695888,3.0666666666666664,21.255214258627223,17.183712764166586,588,507,25.810836912536633,9.70063145239088,47.27146836492751
fish6,4650,232.5,20.0,20.0,5.647326965757531,4.28417907747123,2.6666666666666665,20.364050056882817,17.005634797556123,569,377,25.99205568546248,9.741282313664755,47.11333799912723
fish6,4656,232.8,20.0,20.0,5.842062378369859,4.28417907747123,2.6666666666666665,20.89495638983693,17.100136261136456,580,377,25.987346581560296,9.74324849611918,47.330595077679476
fish6,4660,233.0,20.0,20.0,5.842062378369859,4.28417907747123,2.6666666666666665,20.78119074706105,17.088333476173364,577,377,25.992155478677624,9.742421673202514,47.27457715188014
fish6,4663,233.15,20.0,20.0,5.842062378369859,4.28417907747123,2.6666666666666665,20.53469852104664,16.951147492927415,568,377,25.921391545029614,9.727867633808984,47.0092591788386
fish6,4666,233.3,20.0,20.0,5.842062378369859,4.089443664858901,2.6666666666666665,20.060675009480466,16.824514670480344,556,377,25.91973351355659,9.727818802727594,46.76755231628418
fish6,4670,233.5,20.0,20.0,5.842062378369859,4.089443664858901,2.6666666666666665,20.193401592718995,16.945189341555263,560,377,25.911252564814067,9.725995886060927,46.837248450874995
fish6,4674,233.7,20.0,20.0,5.842062378369859,4.089443664858901,2.6666666666666665,20.174440652256347,16.942436964824704,560,377,25.911369622802738,9.72675109439426,46.838120717197
fish6,4678,233.9,20.0,20.0,5.842062378369859,4.089443664858901,2.6666666666666665,19.833143723928703,16.786930906331765,550,377,25.914021615468723,9.725781042310924,46.63980265777965
fish6,4682,234.1,20.0,20.0,5.842062378369859,4.089443664858901,2.8,19.586651497914293,16.628125194688586,542,402,25.888509439181107,9.745536904642316,46.47404634382342
fish6,4686,234.3,20.0,20.0,5.842062378369859,4.089443664858901,2.8,19.586651497914293,16.628125194688586,542,402,25.888700387742787,9.743941822041405,46.4726422097842
fish6,4691,234.55,20.0,20.0,5.842062378369859,3.894708252246573,2.933333333333333,19.47288585513841,16.75139751938326,545,437,25.873205572264876,9.741812915791405,46.51501848805628
fish6,4695,234.75,20.0,20.0,5.842062378369859,3.894708252246573,3.0666666666666664,19.47288585513841,16.75139751938326,545,449,25.87569689170932,9.741930103291406,46.517626995000725
fish6,4698,234.9,20.0,20.0,5.842062378369859,3.894708252246573,2.933333333333333,19.60561243837694,16.923955387900016,547,530,25.707989283413358,9.700865817599828,46.348855101013186
fish6,4703,235.15,20.0,20.0,5.842062378369859,3.894708252246573,2.933333333333333,19.264315510049297,16.737497301894425,538,530,25.70870108896892,9.631800064076321,46.100501153045236
fish6,4706,235.3,20.0,20.0,5.647326965757531,3.894708252246573,2.933333333333333,18.998862343572238,16.550192498597998,531,530,25.703991915554475,9.633440689076322,45.957432604630796
fish6,4713,235.65,20.0,20.0,5.842062378369859,3.894708252246573,2.933333333333333,19.49184679560106,16.7511391213418,541,530,25.69462126508172,9.631708918242985,46.14633018332471
fish6,4714,235.7,20.0,20.0,5.842062378369859,3.894708252246573,2.933333333333333,19.49184679560106,16.7511391213418,541,530,25.69462126508172,9.631708918242985,46.14633018332471
fish6,4721,236.05,20.0,20.0,5.842062378369859,3.894708252246573,2.933333333333333,19.510807736063704,16.752854748765767,542,530,25.692121265081713,9.547145116159655,46.07926638124137
fish6,4722,236.1,20.0,20.0,5.647326965757531,3.894708252246573,2.933333333333333,18.960940462646946,16.54427991683822,530,530,25.689113387044273,9.554052668242985,45.84316605528726
fish6,4726,236.3,20.0,20.0,5.647326965757531,3.894708252246573,2.933333333333333,18.657565415244594,16.391174747810926,522,530,25.69822362058662,9.554300064076317,45.69252368466294
fish6,4733,236.65,20.0,20.0,5.647326965757531,3.894708252246573,3.0666666666666664,19.30223739097459,16.641192809162863,537,546,25.6934362654321,9.55197259178162,45.98540885721372
fish6,4736,236.8,20.0,20.0,5.647326965757531,3.894708252246573,3.0666666666666664,19.510807736063704,16.788241792955006,543,546,25.69579737654321,9.550716081364953,46.106513457908164
fish6,4741,237.05,20.0,20.0,5.647326965757531,3.894708252246573,3.0666666666666664,19.49184679560106,16.785964380192492,542,546,25.73620942878252,9.560963480461968,46.137172909244484
fish6,4744,237.2,20.0,20.0,5.647326965757531,4.28417907747123,3.0666666666666664,20.989761092150168,17.154175274993563,584,546,25.7651546875,9.56588535546197,47.01104004296197
fish6,4749,237.45,20.0,20.0,5.842062378369859,4.089443664858901,2.933333333333333,20.64846416382252,17.259676356217028,572,616,25.642425278482325,9.58050767478943,46.66293295327175
fish6,4753,237.65,20.0,20.0,5.842062378369859,4.089443664858901,2.933333333333333,20.85703450891164,17.428984853692775,580,616,25.641722136603462,9.581008976872763,46.82273111347623
fish6,4755,237.75,20.0,20.0,5.842062378369859,4.089443664858901,2.933333333333333,20.85703450891164,17.428984853692775,580,616,25.642286372714572,9.579244653956096,46.82153102667067
fish6,4760,238.0,20.0,20.0,5.647326965757531,4.089443664858901,2.933333333333333,20.28820629503223,17.222125649189195,568,616,25.64066744060752,9.577506377495665,46.57817381810318
fish6,4765,238.25,20.0,20.0,5.647326965757531,4.089443664858901,2.933333333333333,20.28820629503223,17.222125649189195,568,616,25.66888361181565,9.562438025146061,46.59132163696171
fish6,4766,238.3,20.0,20.0,5.647326965757531,4.089443664858901,2.933333333333333,20.28820629503223,17.222125649189195,568,616,25.669404445148984,9.563857295979393,46.59326174112837
fish6,4773,238.65,20.0,20.0,5.647326965757531,4.089443664858901,2.933333333333333,20.28820629503223,17.222125649189195,568,616,25.669091945148992,9.562594275146061,46.59168622029505
fish6,4775,238.75,20.0,20.0,5.647326965757531,4.089443664858901,2.933333333333333,20.28820629503223,17.222125649189195,568,621,25.66974298681566,9.564553910562728,46.594296897378385
fish6,4781,239.05,20.0,20.0,5.647326965757531,4.478914490083559,2.933333333333333,20.875995449374287,17.325000476812036,576,630,25.528783826964585,9.579384644307028,46.62816847127161
fish6,4783,239.15,20.0,20.0,5.647326965757531,4.478914490083559,2.933333333333333,21.16040955631399,17.484898187724852,584,630,25.54104063517253,9.580374227640363,46.80141486281289
fish6,4788,239.4,20.0,20.0,5.4525915531452025,4.673649902695888,2.933333333333333,21.46378460371634,17.411549636782535,596,638,25.5372385518392,9.582704956807031,47.03994350864623
fish6,4793,239.65,20.0,20.0,5.4525915531452025,4.673649902695888,2.933333333333333,21.46378460371634,17.411549636782535,596,629,25.55073258687714,9.583469928487142,47.05420251536428
fish6,4796,239.8,20.0,20.0,5.4525915531452025,4.673649902695888,2.933333333333333,21.46378460371634,17.411549636782535,596,629,25.545133628543812,9.58123034515381,47.04636397369762
fish6,4798,239.9,20.0,20.0,5.842062378369859,4.673649902695888,3.3333333333333335,21.691315889268104,17.666888896361215,597,739,25.87344448513455,9.600572764078779,47.41401724921332
fish6,4804,240.2,20.0,20.0,5.842062378369859,4.673649902695888,3.3333333333333335,21.691315889268104,17.666888896361215,597,739,25.711595549331474,9.584042826165094,47.23563837549656
fish6,4806,240.3,20.0,20.0,5.842062378369859,4.673649902695888,3.3333333333333335,21.691315889268104,17.666888896361215,597,739,25.70796707710925,9.583313659498424,47.23128073660767
fish6,4812,240.6,20.0,20.0,5.842062378369859,4.673649902695888,3.3333333333333335,21.84300341296928,17.682145221871618,602,739,25.710636425611714,9.579189312987856,47.32982573859957
fish6,4816,240.8,20.0,20.0,5.842062378369859,4.673649902695888,3.3333333333333335,22.013651877133103,17.698775739320062,607,739,25.715024435462485,9.574690615071189,47.42971505053367
fish6,4820,241.0,20.0,20.0,5.842062378369859,4.673649902695888,3.3333333333333335,22.013651877133103,17.698775739320062,607,726,25.7199897351677,9.57252589908176,47.43251563424946
fish6,4824,241.2,20.0,20.0,5.842062378369859,4.673649902695888,3.3333333333333335,22.013651877133103,17.698775739320062,607,747,25.75177760891384,9.577591003248425,47.46936861216227
fish6,4828,241.4,20.0,20.0,5.842062378369859,4.868385315308217,3.3333333333333335,22.71520667425104,18.035036230490512,624,747,25.75444236804351,9.57722641991509,47.811668787958595
fish6,4830,241.5,20.0,20.0,5.845257033376037,5.048176309344386,3.3333333333333335,23.549488054607504,18.08970822785283,646,747,25.746395664469393,9.579241396321189,48.245637060790585
fish6,4834,241.7,20.0,20.0,5.842062378369859,5.257856140532874,3.3333333333333335,24.30792567311338,18.62175815235922,669,754,25.749985038079164,9.57867498515447,48.708660023233634
fish7,1840,92.0,20.0,20.0,6.621004028819175,5.647326965757531,3.7333333333333334,32.38528631020098,20.9476546842307,888,340,25.974717369079595,9.652245867877538,53.38696323695713
fish7,1847,92.35,20.0,20.0,7.0104748540438315,5.257856140532874,2.6666666666666665,33.124762988244214,21.450105555319528,906,292,25.841179576280382,9.674544239934287,53.635723816214664
fish7,1849,92.45,20.0,20.0,7.20521026665616,5.257856140532874,2.6666666666666665,33.95904436860068,21.839576380544184,929,292,25.828167618815105,9.654804651853771,54.06297227066888
fish7,1852,92.6,20.0,20.0,7.20521026665616,5.063120727920545,2.6666666666666665,31.83541903678422,21.041677724916735,871,274,25.815324666171602,9.656262985187105,52.891587651358705
fish7,1855,92.75,20.0,20.0,7.20521026665616,5.647326965757531,2.6666666666666665,34.81228668941979,21.964152140081367,950,247,25.799421772351682,9.648570929114022,54.44799270146571
fish7,1857,92.85,20.0,20.0,7.20521026665616,5.647326965757531,2.533333333333333,34.96397421312096,21.96577235685486,954,205,25.778666494393054,9.654596323267619,54.513262817660674
fish7,1858,92.9,20.0,20.0,7.20521026665616,5.647326965757531,2.8,34.926052332195674,22.015302625513264,953,232,25.82972139146592,9.651757781600955,54.541479173066875
fish7,1861,93.05,20.0,20.0,7.399945679268489,5.257856140532874,2.533333333333333,34.75540386803185,22.288531707055274,950,176,25.816570349799257,9.657786427434287,54.474356777233545
fish7,2018,100.9,20.0,20.0,6.815739441431503,5.842062378369859,4.8,36.727341676147134,22.579613026657174,1011,525,25.907246522955248,9.582379449197987,55.70962597215323
fish7,2021,101.05,20.0,20.0,7.0104748540438315,5.842062378369859,4.8,37.40993553280242,22.736401882506428,1023,597,25.907441846889924,9.585901584614648,55.95334343150457
fish7,2025,101.25,20.0,20.0,7.20521026665616,5.842062378369859,4.8,37.90291998483124,22.849626281778594,1036,681,25.91850082870295,9.576070837646062,56.21457166634901
fish7,2026,101.3,20.0,20.0,7.20521026665616,5.842062378369859,4.8,37.90291998483124,22.849626281778594,1036,727,25.919321288384335,9.576793493896062,56.2161147822804
fish7,2030,101.5,20.0,20.0,7.20521026665616,5.647326965757531,4.933333333333334,37.011755783086834,22.664494380600296,1013,769,25.907090180121536,9.578121618896061,55.745211799017596
fish7,2033,101.65,20.0,20.0,6.815739441431503,5.647326965757531,4.933333333333334,34.793325748957145,21.92461691473798,953,821,25.897680504617576,9.580120316812728,54.53780082143031
fish7,2034,101.7,20.0,20.0,6.815739441431503,5.647326965757531,5.066666666666666,35.210466439135374,22.100178779459863,964,839,25.895566846889917,9.58180651930703,54.757373366196944
fish7,2038,101.9,20.0,20.0,6.621004028819175,5.842062378369859,4.933333333333334,35.79825559347743,22.303889664640558,982,912,25.884212680223243,9.60866198805703,55.13287466828027
fish7,2040,102.0,20.0,20.0,6.426268616206846,5.842062378369859,4.933333333333334,35.30527114144861,22.246317671003556,976,959,25.79742883745358,9.612392456807031,54.929821294260606
fish7,2051,102.55,20.0,20.0,7.0104748540438315,5.842062378369859,4.666666666666667,35.09670079635949,22.432581221424975,963,1096,25.835649457389927,9.675872262912327,54.77152172030226
fish7,2279,113.95,20.0,20.0,7.20521026665616,5.842062378369859,2.933333333333333,33.31437239287068,21.885818765687336,908,768,25.559838806133506,9.55051757040024,53.27035637653374
fish7,2281,114.05,20.0,20.0,6.621004028819175,5.647326965757531,2.933333333333333,30.849450132726577,20.774406469747095,843,800,25.54026424407959,9.547519524086846,51.94778376816644
fish7,2283,114.15,20.0,20.0,6.815739441431503,5.842062378369859,2.8,32.21463784603716,21.33851950316587,879,642,25.556401384348934,9.54660806575351,52.683009450102446
fish7,2286,114.3,20.0,20.0,6.621004028819175,5.842062378369859,2.2666666666666666,32.00606750094804,21.12508597091654,873,533,25.575841531635803,9.548027336586843,52.583868868222645
fish7,2306,115.3,20.0,20.0,6.426268616206846,6.036797790982188,2.1333333333333333,32.8782707622298,21.33318686030393,898,369,25.897549931203578,9.676487534575992,53.53403746577957
fish7,2309,115.45,20.0,20.0,6.426268616206846,6.036797790982188,2.0,32.49905195297686,21.16410056982242,887,360,25.87001085595024,9.676650294992662,53.286661150942905
fish7,2314,115.7,20.0,20.0,6.815739441431503,6.036797790982188,2.0,34.24345847554038,21.81990156691757,930,360,25.857944959682882,9.67620107624266,54.134146035925546
fish7,2395,119.75,20.0,20.0,7.20521026665616,5.647326965757531,2.4,35.00189609404626,22.11481811609721,954,157,25.88515391589506,9.65259759178162,54.61775150767669
fish7,2397,119.85,20.0,20.0,7.427319203817407,5.506460545687452,3.7333333333333334,34.56579446340538,21.97038784126789,941,320,25.935789236111106,9.679856628248428,54.435645864359536
fish7,2402,120.1,20.0,20.0,6.815739441431503,6.036797790982188,3.7333333333333334,34.7364429275692,21.98434760335976,947,320,25.974617458692006,9.639488792154522,54.55410625084653
fish7,2403,120.15,20.0,20.0,6.815739441431503,6.036797790982188,3.7333333333333334,34.7364429275692,21.98434760335976,947,320,25.97883619520399,9.638831240071191,54.55766743527518
fish7,2405,120.25,20.0,20.0,6.815739441431503,6.036797790982188,3.7333333333333334,34.7364429275692,21.98434760335976,947,320,25.98770773646978,9.638564312987857,54.56627204945764
fish7,2411,120.55,20.0,20.0,7.0104748540438315,5.842062378369859,3.7333333333333334,36.06370875995449,22.54123036661435,984,320,26.002121844991056,9.639234885904521,55.32135673089558
fish7,2414,120.7,20.0,20.0,6.815739441431503,6.036797790982188,3.6,36.53773227152066,22.451215525033227,998,287,26.002560167025337,9.640113792154523,55.60267395917986
fish7,2486,124.3,20.0,20.0,6.815739441431503,5.842062378369859,4.266666666666667,36.992794842624185,22.637453145114847,1012,355,25.8895738688151,9.70482418310377,55.834398051918875
fish7,2489,124.45,20.0,20.0,7.0104748540438315,5.842062378369859,4.933333333333334,37.69434963974212,22.825088171404698,1033,418,25.892199744537738,9.70211585451762,56.25431559905536
fish7,2490,124.5,20.0,20.0,7.0104748540438315,5.842062378369859,4.933333333333334,38.20629503223359,23.02324910494022,1047,441,25.906097344273704,9.70472653160095,56.550823875874656
fish7,2493,124.65,20.0,20.0,7.0104748540438315,5.842062378369859,5.066666666666666,37.59954493742889,22.82440778435976,1028,504,25.905090307146242,9.708177052434285,56.17326735958052
fish7,2501,125.05,20.0,20.0,6.815739441431503,6.231533203594517,6.266666666666667,38.528631020098594,23.200653532715453,1046,1234,25.849913061523434,9.684654824320475,56.454567885843915
fish7,2514,125.7,20.0,20.0,7.20521026665616,6.036797790982188,6.133333333333333,36.348122866894194,22.75544334119951,988,1451,25.85579849650065,9.670478385066989,55.286276881567645
fish7,2899,144.95,20.0,20.0,6.33966564555805,6.186902747730403,4.533333333333333,31.38035646568069,21.046865905375295,853,910,26.150168282949185,9.686041556421914,52.896209839371096
fish7,2901,145.05,20.0,20.0,6.426268616206846,5.647326965757531,4.533333333333333,30.489192263936285,20.581218845385276,834,910,26.15102329161844,9.688561087671912,52.51958437929035
fish7,2904,145.2,20.0,20.0,6.426268616206846,5.647326965757531,4.533333333333333,30.204778156996582,20.549087463304268,824,910,26.125966787813912,9.689342341952853,52.295309129766764
fish7,2906,145.3,20.0,20.0,6.426268616206846,5.842062378369859,4.533333333333333,30.489192263936285,20.722892147058545,830,910,26.117433942159018,9.705663964843747,52.42309790700276
fish7,2908,145.4,20.0,20.0,6.426268616206846,5.647326965757531,4.533333333333333,30.22373909745923,20.562342718724473,826,910,26.120615357274186,9.697242712646059,52.337858069920244
fish7,2911,145.55,20.0,20.0,6.231533203594517,5.647326965757531,4.533333333333333,29.560106181266587,20.283784940746457,808,910,26.125910513117287,9.710377498202858,51.996288011320146
fish7,2923,146.15,20.0,20.0,6.231533203594517,5.842062378369859,4.266666666666667,30.982176715965107,20.775600936805343,845,777,26.04160940436846,9.666031788624656,52.607641192993114
fish7,2942,147.1,20.0,20.0,6.621004028819175,5.4525915531452025,4.266666666666667,32.347364429275686,21.234941793870284,886,614,25.96068040091432,9.727011539671159,53.40769194058548
fish7,2944,147.2,20.0,20.0,6.815739441431503,5.4525915531452025,4.266666666666667,33.124762988244214,21.519866967589596,906,619,25.962972049948608,9.72671206050449,53.809684110453105
fish7,2945,147.25,20.0,20.0,6.815739441431503,5.4525915531452025,4.266666666666667,33.124762988244214,21.519866967589596,906,619,25.96355796071747,9.732291493055554,53.815849453773026
fish7,3041,152.05,20.0,20.0,6.815739441431503,5.257856140532874,3.466666666666667,33.95904436860068,22.058268757490527,941,252,25.83406559604598,9.792662650171918,54.4467282462179
fish7,3044,152.2,20.0,20.0,7.0104748540438315,5.257856140532874,3.466666666666667,34.660599165718615,22.139378674670382,955,252,25.83132687106663,9.78721994183858,54.71854681290521
fish7,3046,152.3,20.0,20.0,6.815739441431503,5.257856140532874,3.6,33.94008342813803,21.934930782839764,940,288,25.82731212382376,9.792740775171916,54.42005289899568
fish7,3086,154.3,20.0,20.0,7.594681091880817,5.4525915531452025,5.066666666666666,36.89799014031095,23.249588517843428,1008,526,25.922629584343053,9.647070309066775,55.72969989340983
fish7,3089,154.45,20.0,20.0,7.594681091880817,5.4525915531452025,5.066666666666666,36.727341676147134,23.232281118704844,1003,534,25.914682528856073,9.647864579900107,55.62254710875618
fish7,3297,164.85,20.0,20.0,7.20521026665616,5.647326965757531,6.4,36.973833902161545,23.040226791799327,1011,775,25.973011224365237,9.963629506842292,56.15664073120753
fish7,3298,164.9,20.0,20.0,7.20521026665616,5.647326965757531,6.4,36.973833902161545,23.040226791799327,1011,775,25.97653119798825,9.952578076002332,56.14910927399058
fish7,3301,165.05,20.0,20.0,7.20521026665616,5.647326965757531,6.266666666666667,36.973833902161545,23.040226791799327,1011,759,25.95412238498264,9.909492138502333,56.08361452348497
fish7,3303,165.15,20.0,20.0,7.20521026665616,5.647326965757531,6.266666666666667,37.14448236632536,23.096915830669733,1017,756,25.956500824351373,9.909453076002336,56.205953900353705
fish7,3306,165.3,20.0,20.0,7.20521026665616,5.647326965757531,6.133333333333333,37.372013651877126,23.212704826440905,1024,744,25.96856249726848,9.908769482252334,56.35733197952081
fish7,3309,165.45,20.0,20.0,7.334294980320479,6.064896715045938,6.133333333333333,39.059537353052704,23.548575991086032,1058,712,25.959656295192392,9.915065058008832,57.03472135320122
fish7,3311,165.55,20.0,20.0,7.222032255405116,6.062642516553613,6.133333333333333,38.62343572241183,23.486494021894007,1045,692,25.958041696035124,9.917877560763886,56.775919256799014
fish7,3314,165.7,20.0,20.0,7.222032255405116,6.086796871827036,6.133333333333333,38.642396662874475,23.48877143465652,1046,696,25.962338571035122,9.913740197488995,56.79607876852412
fish7,3317,165.85,20.0,20.0,7.20521026665616,6.036797790982188,6.133333333333333,38.926810769814175,23.49695393096954,1061,689,25.95973872062778,9.923577437072328,57.10331615770011
fish7,3321,166.05,20.0,20.0,7.20521026665616,6.036797790982188,6.133333333333333,39.15434205536594,23.530621006666287,1069,699,25.893020002577043,9.990709592013888,57.26372959459093
fish7,3322,166.1,20.0,20.0,7.20521026665616,6.036797790982188,6.133333333333333,39.15434205536594,23.530621006666287,1069,707,25.88635768408128,9.990696571180555,57.257054255261835
fish7,3324,166.2,20.0,20.0,7.399945679268489,6.036797790982188,6.266666666666667,39.72317026924535,23.721772414532847,1080,755,25.892447053961106,9.992376258680553,57.48482331264166
fish7,3665,183.25,20.0,20.0,7.399945679268489,5.4525915531452025,7.6,33.636708380735676,21.569233227429123,923,1048,25.717303519524478,9.720985933420392,53.89828945294487
fish7,3667,183.35,20.0,20.0,7.399945679268489,5.842062378369859,7.2,35.26734926052332,21.89737989009777,962,946,25.729933690031075,9.725699588256411,54.69563327828749
fish7,3670,183.5,20.0,20.0,7.0104748540438315,5.647326965757531,6.4,34.034888130451264,21.532895976732554,935,695,25.70591035510405,9.73600557088852,54.14191592599256
fish7,3671,183.55,20.0,20.0,7.399945679268489,5.647326965757531,6.266666666666667,35.00189609404626,21.84117465983235,960,677,25.696648274061413,9.73859675063027,54.635245024691685
fish7,3675,183.75,20.0,20.0,7.594681091880817,5.647326965757531,5.466666666666667,34.64163822525597,21.92371190641471,945,465,25.687694236453964,9.736545876810286,54.32424011326425
fish7,3676,183.8,20.0,20.0,7.399945679268489,5.4525915531452025,5.466666666666667,32.8782707622298,21.45036929264313,899,458,25.68217325422499,9.738541421847875,53.400714676072866
fish7,3679,183.95,20.0,20.0,7.594681091880817,5.257856140532874,4.8,33.409177095183914,21.753631139812622,916,355,25.710454523364415,9.747236039638516,53.77769056300293
fish7,4108,205.4,20.0,20.0,6.705801114961513,5.503982375916355,5.866666666666666,31.228668941979517,20.91990520457609,851,784,25.842287170391323,9.741481096384259,52.603768266775575
fish7,4110,205.5,20.0,20.0,6.621004028819175,5.4525915531452025,6.0,31.190747061054225,20.835740962653343,852,862,25.862274043255088,9.73294594013426,52.63521998338935
fish7,4113,205.65,20.0,20.0,6.815739441431503,5.647326965757531,6.0,32.78346605991656,21.39546991150432,893,955,25.855394757588698,9.736562481307987,53.45195723889668
fish7,4115,205.75,20.0,20.0,6.621004028819175,5.647326965757531,6.0,31.20970800151687,20.872877782457994,853,987,25.85093732638889,9.732454406568738,52.643391732957625
fish7,4117,205.85,20.0,20.0,6.621004028819175,5.842062378369859,6.0,32.44216913158892,21.325401676225177,883,1014,25.86680104526472,9.729781881448961,53.256582926713676
fish7,4120,206.0,20.0,20.0,6.621004028819175,5.842062378369859,6.0,31.854379977246865,21.013667688293534,866,1069,25.851484155273432,9.735914692083998,52.907398847357435
fish7,4123,206.15,20.0,20.0,6.621004028819175,6.036797790982188,6.0,32.63177853621539,21.349299792384265,887,1103,25.862582370315366,9.70985349416733,53.3124358644827
fish7,4125,206.25,20.0,20.0,6.815739441431503,5.842062378369859,5.866666666666666,32.25255972696245,21.22414557966254,880,1118,25.741953027343747,9.709339171250663,53.05129219859441
fish7,4129,206.45,20.0,20.0,6.815739441431503,5.842062378369859,5.6,31.53204398938187,20.979551253968758,857,1043,25.745520712770066,9.704228483570944,52.58974919634101
fish7,4135,206.75,20.0,20.0,6.23439617310825,6.092705182161097,5.066666666666666,29.939324990519523,20.5719558872949,819,870,25.741683875189892,9.707281877634259,51.828965752824146
fish7,4141,207.05,20.0,20.0,6.466044875317591,6.130335328421512,4.8,31.53204398938187,20.970380827959353,858,797,25.771332359313956,9.787089819335936,52.71842217864989
fish7,4147,207.35,20.0,20.0,7.463685750922955,5.895685113933957,5.2,33.1626848691695,21.9585620045345,902,903,25.97236456432577,9.771122990406887,53.78348755473265
fish7,4375,218.75,20.0,20.0,8.545211484709354,5.774315709395125,3.3333333333333335,36.44292756920743,23.09731235361881,988,387,25.957073773871528,9.620953667947985,55.33802744181952
fish7,4380,219.0,20.0,20.0,7.9398509181638675,5.739340532787559,3.3333333333333335,34.86916951080773,22.36709304558255,948,278,25.966093084189342,9.635084516355725,54.56117760054507
fish7,4384,219.2,20.0,20.0,7.861327256397105,6.1068098012989385,3.2,36.2722791050436,22.57479729594951,981,339,25.976735416666667,9.572382693439062,55.16911811010573
fish7,4387,219.35,20.0,20.0,7.67091526946457,5.957199958505291,2.8,34.660599165718615,22.200543656975714,940,250,25.97380129937066,9.573489464272393,54.34729076364306
fish7,4389,219.45,20.0,20.0,7.589308752616854,5.916396700081434,2.8,34.58475540386802,22.130273225403233,938,264,25.973527899829254,9.57796863093906,54.31149653076831
fish7,4499,224.95,20.0,20.0,6.621004028819175,5.4525915531452025,4.8,32.612817595752745,21.321259832566792,904,301,25.797772778753583,9.626927052434285,53.504699831187864
fish7,4501,225.05,20.0,20.0,6.621004028819175,5.4525915531452025,4.8,32.78346605991656,21.39812365080085,912,301,25.79953482920328,9.62757809410095,53.66711292330424
fish7,4504,225.2,20.0,20.0,6.621004028819175,5.4525915531452025,4.8,32.5559347743648,21.23980564776005,897,301,25.83142712852572,9.608466773467592,53.37989390199331
fish7,4505,225.25,20.0,20.0,6.621004028819175,5.647326965757531,4.8,33.54190367842244,21.4314509856534,922,301,25.834495728367934,9.606858696397145,53.88135442476508
fish7,4510,225.5,20.0,20.0,6.621004028819175,5.647326965757531,4.8,33.1626848691695,21.410004458926043,913,334,25.832781295192394,9.616409492227767,53.70919078742017
fish7,4511,225.55,20.0,20.0,6.621004028819175,5.842062378369859,5.466666666666667,33.769434963974206,21.61686366342962,926,415,25.83932648064884,9.615524079630108,53.97485056027895
fish7,4513,225.65,20.0,20.0,6.621004028819175,5.842062378369859,5.6,33.92112248767538,21.730454801742216,933,428,25.847603335910375,9.612994789589777,54.12059812550015
fish7,4517,225.85,20.0,20.0,6.426268616206846,6.231533203594517,5.466666666666667,34.86916951080773,21.969353181245612,952,458,25.828827341037325,9.617408854124283,54.48623619516161
fish7,4539,226.95,20.0,20.0,7.0467611726316095,5.997518874395949,6.266666666666667,35.68448995070155,22.38963630729066,970,741,25.774270181613502,9.666839186085594,54.841109367699104
fish7,4543,227.15,20.0,20.0,7.594681091880817,5.647326965757531,6.266666666666667,35.62760712931361,22.777633026358387,982,809,25.792421180555554,9.669687492836845,55.1021086733924
fish7,4715,235.75,20.0,20.0,8.822064499541854,5.919567212246616,5.733333333333333,38.661357603337116,23.74938994427571,1049,1610,25.81755558492402,9.692981380208334,56.49053696513235
fish7,4738,236.9,20.0,20.0,6.621004028819175,5.842062378369859,5.866666666666666,31.3424345847554,21.025112927067187,860,1594,25.851899787733295,9.709683850087066,52.761583637820365
fish7,4741,237.05,20.0,20.0,6.621004028819175,5.842062378369859,5.733333333333333,31.171786120591577,20.969442925015223,853,1576,25.844699237569177,9.71660440647337,52.62130364404254
fish7,4744,237.2,20.0,20.0,6.815739441431503,5.842062378369859,5.733333333333333,32.93515358361774,21.443251890260605,897,1701,25.844482282002765,9.745367384497325,53.529849666500084
fish7,4745,237.25,20.0,20.0,6.621004028819175,5.647326965757531,5.866666666666666,31.190747061054225,20.885224059914723,854,1701,25.79453451423174,9.74428343031142,52.61881794454315
fish7,4750,237.5,20.0,20.0,6.621004028819175,5.4525915531452025,6.0,31.228668941979517,21.00109135741924,860,1909,25.66449447631836,9.696503868103026,52.56099834442139
fish7,4752,237.6,20.0,20.0,6.621004028819175,5.647326965757531,6.133333333333333,32.233598786499805,21.475644061452904,887,1895,25.653083923170303,9.694524701436361,53.087608624606666
fish7,4754,237.7,20.0,20.0,6.621004028819175,5.647326965757531,6.0,31.683731513083043,21.32915686299931,872,1911,25.645705572264877,9.698981080362527,52.7846866526274
fish7,4756,237.8,20.0,20.0,6.621004028819175,5.4525915531452025,6.0,31.38035646568069,21.00217379240956,864,1976,25.64820112297153,9.699915323850846,52.628116446822375
fish7,4761,238.05,20.0,20.0,6.426268616206846,5.647326965757531,6.0,32.30944254835039,21.370677349514892,896,2106,25.644082260301378,9.697005179680719,53.2610874399821
fish7,4763,238.15,20.0,20.0,6.231533203594517,5.647326965757531,6.0,31.607887751232457,21.130825467077795,877,2139,25.63656497107611,9.63421546723048,52.81078043830659
fish7,4765,238.25,20.0,20.0,6.231533203594517,5.647326965757531,6.266666666666667,31.247629882442165,21.055443810352426,865,2216,25.7469817082723,9.633743460930717,52.680725169203015
fish7,4768,238.4,20.0,20.0,6.231533203594517,5.647326965757531,6.266666666666667,31.38035646568069,21.095774333378177,868,2284,25.743709115468725,9.638251921070943,52.741961036539664
fish7,4782,239.1,20.0,20.0,6.426268616206846,5.647326965757531,6.266666666666667,31.683731513083043,21.0168980932758,868,2796,25.76098774956597,9.654589800347221,52.775577549913194
fish7,4784,239.2,20.0,20.0,6.621004028819175,5.647326965757531,6.4,31.89230185817216,21.079589204917554,870,2859,25.735406199062023,9.650419879817962,52.78582607887999
fish7,5229,261.45,20.0,20.0,6.426268616206846,5.647326965757531,5.066666666666666,30.318543799772463,20.649481242586504,827,1504,25.971527153787495,9.736083911376527,52.24761106516402
fish7,5237,261.85,20.0,20.0,6.426268616206846,5.4525915531452025,4.933333333333334,31.45620022753128,20.932532792558955,870,1364,25.953536550093286,9.73548168114556,53.08901823123885
fish7,5240,262.0,20.0,20.0,6.621004028819175,5.4525915531452025,4.933333333333334,32.612817595752745,21.22813755199259,896,1364,25.934061669243704,9.743437410312227,53.59749907955593
fish7,5242,262.1,20.0,20.0,6.621004028819175,5.4525915531452025,4.933333333333334,31.32347364429275,20.70866987799939,860,1378,25.934109420192385,9.744277254062226,52.878386674254614
fish7,5245,262.25,20.0,20.0,7.0104748540438315,5.4525915531452025,4.8,32.70762229806598,21.228350217921783,896,1350,25.920541833025144,9.697210194810232,53.53775202783538
fish7,5283,264.15,20.0,20.0,7.0104748540438315,5.647326965757531,4.0,33.50398179749715,21.617381713083134,914,1234,25.60479500172933,9.780524004607727,53.66531900633706
fish7,5286,264.3,20.0,20.0,6.815739441431503,5.647326965757531,4.0,32.51801289343951,21.232888677386324,887,1234,25.60627937672933,9.780081296274394,53.126360673003724
fish7,5307,265.35,20.0,20.0,6.621004028819175,5.647326965757531,4.533333333333333,33.97800530906332,21.56506278378987,928,614,25.837476259565946,9.722675687620375,54.120151947186315
fish7,5310,265.5,20.0,20.0,6.621004028819175,5.647326965757531,4.533333333333333,34.20553659461509,21.665513484462608,937,646,25.846994086371527,9.71994782303704,54.30694190940857
fish7,5311,265.55,20.0,20.0,6.621004028819175,5.647326965757531,4.533333333333333,34.26241941600303,21.692914401850345,939,646,25.844455064392093,9.719251208453707,54.3437062728458
fish7,5313,265.65,20.0,20.0,6.621004028819175,5.647326965757531,4.533333333333333,34.50891164201744,21.90478902621375,952,646,25.852684204082724,9.721568916787044,54.61425312086977
fish7,5316,265.8,20.0,20.0,6.621004028819175,5.842062378369859,4.533333333333333,35.74137277208949,22.232509382024663,984,646,25.87162953008958,9.720143135537041,55.27177266562662
fish7,5695,284.75,20.0,20.0,6.466889503324107,6.146746517445222,5.733333333333333,32.347364429275686,21.288642343668048,881,1575,25.766887274829248,9.636533130126526,53.02342040495577
fish7,5706,285.3,20.0,20.0,6.815739441431503,5.4525915531452025,5.6,31.304512703830106,20.852526946069236,860,1355,25.781638791232634,9.7278220837805,52.709460875013136
fish7,5709,285.45,20.0,20.0,6.815739441431503,5.4525915531452025,5.6,31.72165339400834,21.016697336267214,871,1319,25.772432954745817,9.729465966754491,52.92189892150031
fish7,5710,285.5,20.0,20.0,7.0104748540438315,5.4525915531452025,5.2,32.15775502464922,21.173331074363073,882,1184,25.766686546024268,9.727356586201985,53.13404313222625
fish7,5712,285.6,20.0,20.0,6.815739441431503,5.4525915531452025,5.2,31.854379977246865,21.033640039221147,875,1027,25.778409740231364,9.72505840911865,53.00346814935001
fish7,5717,285.85,20.0,20.0,7.0104748540438315,5.4525915531452025,4.8,32.38528631020098,21.29768648404763,889,1011,25.77623082855602,9.726178211805554,53.28240904036157
fish7,5718,285.9,20.0,20.0,7.20521026665616,5.4525915531452025,4.8,33.1626848691695,21.580846166090616,909,993,25.77689920789931,9.734293443457288,53.691192651356594
fish7,5722,286.1,20.0,20.0,7.20521026665616,5.4525915531452025,4.666666666666667,33.029958285930974,21.48168896455275,904,1008,25.773578859965,9.739371545908185,53.59295040587318
fish7,5725,286.25,20.0,20.0,7.20521026665616,5.647326965757531,4.533333333333333,34.1296928327645,21.871537625238986,934,1003,25.720978997802728,9.796487431324852,54.19746642912758
fish7,5727,286.35,20.0,20.0,7.399945679268489,5.647326965757531,4.266666666666667,34.698521046643904,22.09316328772346,950,944,25.626304624938967,9.797444462574852,54.42374908751382
fish7,5728,286.4,20.0,20.0,7.399945679268489,5.647326965757531,4.266666666666667,34.698521046643904,22.09316328772346,950,941,25.624455596076118,9.800497847991517,54.42495344406763
fish7,5733,286.65,20.0,20.0,7.20521026665616,5.647326965757531,4.133333333333333,35.3431930223739,22.205539762562744,969,924,25.636764941387405,9.797792789671155,54.81455773105856
fish7,5738,286.9,20.0,20.0,7.20521026665616,5.647326965757531,4.0,34.907091391733026,22.0399994054239,959,851,25.622780296024278,9.80079083929062,54.6035711353149
fish7,5741,287.05,20.0,20.0,7.399945679268489,5.647326965757531,3.7333333333333334,35.09670079635949,22.144375174900006,962,804,25.620449459876546,9.799937974707289,54.66038743458384
fish7,5742,287.1,20.0,20.0,7.20521026665616,5.647326965757531,3.7333333333333334,34.67956010618126,21.947536781551353,951,831,25.62923846162396,9.802216620540623,54.451455082164586
fish7,5745,287.25,20.0,20.0,7.0104748540438315,5.647326965757531,3.7333333333333334,34.58475540386802,21.927912226819696,948,830,25.611690827244885,9.775263500965966,54.34695432821085
fish7,5766,288.3,20.0,20.0,7.20521026665616,5.257856140532874,3.7333333333333334,32.42320819112627,21.448148244128635,890,670,25.618510347926765,9.693150878736704,53.11166122666347
fish7,5773,288.65,20.0,20.0,7.20521026665616,5.4525915531452025,3.7333333333333334,32.46113007205157,21.210952492057896,889,727,25.61451724128252,9.693548014153372,53.08806525543589
fish7,5775,288.75,20.0,20.0,7.20521026665616,5.4525915531452025,3.8666666666666667,32.726583238528626,21.382101509731218,898,710,25.610072762025432,9.693880045403374,53.26395280742881
fish7,5777,288.85,20.0,20.0,7.0104748540438315,5.4525915531452025,2.533333333333333,32.11983314372392,21.223344408769815,883,499,25.622698707561735,9.694485514153374,52.977184221715106
fish7,5780,289.0,20.0,20.0,7.0104748540438315,5.4525915531452025,2.533333333333333,31.607887751232457,20.939282480901706,865,365,25.60276813505196,9.692219889153375,52.594988024205335
fish7,5781,289.05,20.0,20.0,6.815739441431503,5.4525915531452025,2.533333333333333,30.96321577550246,20.764134108760413,848,365,25.626492041618448,9.693014159986708,52.27950620160516
fish7,5785,289.25,20.0,20.0,6.815739441431503,5.257856140532874,2.4,30.583996966249522,20.686758810511304,841,338,25.608085017432696,9.70179671207004,52.129881729502735
fish7,5787,289.35,20.0,20.0,6.621004028819175,5.257856140532874,2.4,29.35153583617747,20.30726023218834,807,338,25.52558931560752,9.695774576653376,51.3613638922609
fish7,5791,289.55,20.0,20.0,7.0104748540438315,5.257856140532874,2.4,30.96321577550246,20.964628424663875,849,366,25.59843653782974,9.69703759748671,52.27547413531646
fish7,5794,289.7,20.0,20.0,6.815739441431503,5.257856140532874,2.6666666666666665,30.451270383010993,20.728402146944724,834,392,25.611713489654914,9.695136555820042,51.98685004547496
fish7,5796,289.8,20.0,20.0,7.0104748540438315,5.4525915531452025,3.0666666666666664,31.285551763367458,20.970118367420607,855,433,25.597399253543806,9.693137857903375,52.39053711144718
fish7,5897,294.85,20.0,20.0,7.0104748540438315,5.842062378369859,5.2,38.016685627607124,23.262814662568818,1044,1735,25.83951638362555,9.706188136535221,56.425704520160764
fish7,5899,294.95,20.0,20.0,7.0104748540438315,5.842062378369859,5.2,37.8460371634433,23.193604658858522,1034,1735,25.864026059675805,9.667246081500581,56.21127214117639
fish7,5903,295.15,20.0,20.0,6.621004028819175,5.842062378369859,5.2,35.968904057641254,22.472528291135763,984,1691,25.863813351760676,9.667890612750583,55.21170396451126
fish7,5906,295.3,20.0,20.0,6.815739441431503,5.842062378369859,5.2,36.36708380735684,22.57183619971569,993,1691,25.860015574062018,9.694638658894432,55.41465423295645
fish7,5909,295.45,20.0,20.0,6.621004028819175,5.842062378369859,5.466666666666667,35.570724307925666,22.37032612020589,976,1738,25.905658116018035,9.696038398477764,55.121696514495795
fish7,5910,295.5,20.0,20.0,6.621004028819175,5.647326965757531,5.466666666666667,34.67956010618126,22.102139410291393,951,1738,25.90286274956597,9.695960273477768,54.61882302304373
fish7,5913,295.65,20.0,20.0,6.621004028819175,5.647326965757531,5.466666666666667,34.698521046643904,22.03664299338305,956,1690,25.90218149804009,9.693388658894435,54.71557015693453
fish7,5918,295.9,20.0,20.0,6.621004028819175,5.647326965757531,5.466666666666667,35.589685248388314,22.34726576062934,982,1690,25.896065827244886,9.69409178389443,55.23015761113932
fish7,5919,295.95,20.0,20.0,6.426268616206846,5.647326965757531,5.466666666666667,34.926052332195674,22.241448617117268,968,1690,25.88714663882785,9.69725584639443,54.944402485222284
fish7,5922,296.1,20.0,20.0,6.621004028819175,5.842062378369859,5.466666666666667,36.67045885475919,22.811132657524272,1006,1715,25.909807421573593,9.6963834505611,55.726190872134694
fish7,5963,298.15,20.0,20.0,6.426268616206846,6.231533203594517,5.2,33.276450511945384,21.5831273395649,903,1997,25.89888380260702,9.808020765516494,53.76690456812351
fish8,1838,91.9,20.0,20.0,7.1712037751149955,5.442431874226011,3.2,32.46113007205157,21.207387662299304,883,307,25.86431348259066,9.824934772237144,53.3492482548278
fish8,1839,91.95,20.0,20.0,7.3312760109110835,5.410417352781129,3.3333333333333335,33.08684110731892,21.43938334820514,899,355,25.86435688536844,9.826842324320477,53.67119920968892
fish8,1840,92.0,20.0,20.0,7.343508631300973,5.389187252694734,3.6,32.859309821767155,21.395093770684465,892,406,25.864760477532283,9.827721230570477,53.532481708102765
fish8,1841,92.05,20.0,20.0,7.40273064883439,5.4187982614614425,3.6,33.99696624952597,21.882594953557803,925,425,25.865263949754503,9.82911445973714,54.19437840949164
fish8,1842,92.1,20.0,20.0,7.20521026665616,5.4525915531452025,3.7333333333333334,33.42813803564656,21.68630139913046,910,462,25.864625824351364,9.836191282653807,53.90081710700517
fish8,1844,92.2,20.0,20.0,7.20521026665616,5.257856140532874,3.3333333333333335,32.93515358361774,21.51018717406373,903,453,25.8489271903144,9.837792845153812,53.746720035468215
fish8,1846,92.3,20.0,20.0,7.20521026665616,5.257856140532874,3.7333333333333334,33.06788016685627,21.570398699863908,909,548,25.853827430555548,9.893984251403813,53.92781168195936
fish8,1847,92.35,20.0,20.0,7.20521026665616,5.257856140532874,4.133333333333333,31.797497155858924,21.093314595737606,872,793,26.298853955002777,9.86740872595045,53.60626268095322
fish8,1848,92.4,20.0,20.0,7.20521026665616,5.257856140532874,4.133333333333333,33.029958285930974,21.55682937858233,904,793,26.30161432984905,9.85145496570799,54.233069295557044
fish8,1849,92.45,20.0,20.0,7.20521026665616,5.257856140532874,4.133333333333333,33.33333333333333,21.635693732978368,913,770,26.29840686892286,9.85178699695799,54.410193865880856
fish8,1850,92.5,20.0,20.0,7.20521026665616,5.257856140532874,4.4,33.2006067500948,21.62863185913013,910,796,26.302391235182014,9.853688038624655,54.35607927380667
fish8,1851,92.55,20.0,20.0,7.20521026665616,5.257856140532874,4.266666666666667,32.5938566552901,21.35484284939119,893,896,26.31525580058156,9.851995330291324,54.027251130872884
fish8,1852,92.6,20.0,20.0,7.0104748540438315,5.647326965757531,4.4,34.034888130451264,21.844543607579098,927,888,26.307104758914893,9.852796111541323,54.69990087045621
fish8,1853,92.65,20.0,20.0,7.20521026665616,5.647326965757531,4.266666666666667,35.51384148653773,22.311692955850056,971,905,26.33323741198881,9.85402658461465,55.607263996603464
fish8,1854,92.7,20.0,20.0,7.20521026665616,5.4525915531452025,4.266666666666667,33.636708380735676,21.54430527981596,922,769,26.314326871725953,9.854996636697981,54.60932350842394
fish8,1855,92.75,20.0,20.0,7.208206207509529,5.5805467532792585,4.266666666666667,34.660599165718615,22.044122909808834,945,939,26.28850660618912,9.855094292947982,55.043600899137104
fish8,1858,92.9,20.0,20.0,7.20521026665616,5.647326965757531,4.266666666666667,35.210466439135374,22.321876382967652,960,1160,26.351705365197454,9.859863175286186,55.41156854048364
fish8,1859,92.95,20.0,20.0,7.173724287714916,5.579563211079938,4.133333333333333,34.18657565415244,21.90980277464612,930,1112,26.332291276041673,9.863209529452853,54.79550080549453
fish8,1860,93.0,20.0,20.0,7.0104748540438315,5.647326965757531,4.133333333333333,34.35722411831626,21.989868699667085,941,1142,26.34163162608205,9.86429676038954,55.02592838647159
fish8,1861,93.05,20.0,20.0,7.20521026665616,5.647326965757531,4.4,34.698521046643904,22.076040697389843,948,1202,26.193849338088807,9.860618374972871,55.01446771306168
fish8,1863,93.15,20.0,20.0,7.20521026665616,5.647326965757531,4.4,33.69359120212362,21.803932586526667,923,1240,26.17240855032838,9.86814767836465,54.500556228693036
fish8,1864,93.2,20.0,20.0,7.17900154132819,6.045474728035939,4.4,34.527872582480086,21.910811388257244,939,1222,26.20297262593964,9.878675034575993,54.86164766051564
fish8,1865,93.25,20.0,20.0,7.17900154132819,6.045474728035939,4.4,34.39514599924156,21.889700470233993,935,1233,26.20511251898872,9.882304589843748,54.78741710883247
fish8,1866,93.3,20.0,20.0,6.835463028239784,6.158074338440269,4.533333333333333,34.167614713689794,21.684962817882887,930,1290,26.209361583097486,9.819221917459704,54.62858350055719
fish8,1876,93.8,20.0,20.0,7.399945679268489,5.647326965757531,4.8,34.67956010618126,22.07534726392506,942,1397,26.33041198306613,9.836660054482355,55.00707203754848
fish8,1877,93.85,20.0,20.0,7.399945679268489,5.647326965757531,4.933333333333334,33.485020857034506,21.766282708136593,909,1406,26.36583752439522,9.82702788669798,54.3728654110932
fish8,1878,93.9,20.0,20.0,7.594681091880817,5.647326965757531,4.8,34.35722411831626,22.178918450010723,930,1365,26.369205385843916,9.828701063781315,54.79790644962523
fish8,1904,95.2,20.0,20.0,6.787032489202992,5.922646724472661,4.266666666666667,34.945013272658315,22.174843950950155,949,1368,26.095503153859845,9.91343412796657,54.98893728182641
fish8,1913,95.65,20.0,20.0,6.743160118546133,6.47188372855525,4.933333333333334,36.02578687902919,22.72246682039804,976,1571,26.097760180362656,9.947356688774956,55.56511686913761
fish8,1915,95.75,20.0,20.0,6.979118132158994,6.466889503324107,5.066666666666666,37.5616230565036,23.171903587658555,1015,1639,26.062169876588417,9.953968025959863,56.31613790254828
fish8,1916,95.8,20.0,20.0,6.979118132158994,6.466889503324107,5.066666666666666,36.17747440273037,22.82353441708675,978,1632,26.06293809224823,9.95082676171197,55.5737648539602
fish8,1917,95.85,20.0,20.0,6.666491369824464,6.618183402134265,5.2,35.49488054607508,22.61556204189912,960,1774,26.061909373794364,9.885354761240219,55.14726413503459
fish8,1918,95.9,20.0,20.0,6.666491369824464,6.618183402134265,5.333333333333333,35.49488054607508,22.61556204189912,960,1766,26.097964035203724,9.88667963256836,55.18464366777208
fish8,1919,95.95,20.0,20.0,7.20521026665616,6.426268616206846,5.466666666666667,36.82214637846037,23.05977030551376,1001,1818,26.09957870805528,9.883509071180557,56.00308777923584
fish8,1920,96.0,20.0,20.0,7.20521026665616,6.621004028819175,5.466666666666667,37.95980280621918,23.43343713416574,1029,1859,26.101314819166394,9.884567006842294,56.56588182600869
fish8,1921,96.05,20.0,20.0,7.20521026665616,6.621004028819175,5.466666666666667,38.32006067500947,23.494960103731643,1042,1823,26.071957224735222,9.953131449211968,56.865088673947184
fish8,1922,96.1,20.0,20.0,7.20521026665616,6.621004028819175,5.733333333333333,38.32006067500947,23.494960103731643,1042,1957,26.104153379068258,9.885758397409651,56.829911776477914
fish8,1923,96.15,20.0,20.0,6.995059835782424,6.5881452507960985,5.6,37.372013651877126,23.105489278506983,1016,1974,26.085702776572145,9.889059188323548,56.29476196489569
fish8,1924,96.2,20.0,20.0,7.20521026665616,6.621004028819175,5.6,38.452787258248,23.238163359413484,1046,2067,26.054800066837267,9.891591705226897,56.86639177206416
fish8,1925,96.25,20.0,20.0,7.130698030777866,6.685030100282355,5.733333333333333,38.33902161547212,23.237693966870285,1044,2126,26.062669004068255,9.891126223712497,56.833795227780755
fish8,1926,96.3,20.0,20.0,7.014437251393663,6.685030100282355,5.733333333333333,38.149412210845654,23.223433440693864,1036,2256,26.075381673177077,9.901070871893566,56.69645254507064
fish8,1927,96.35,20.0,20.0,7.014437251393663,6.491261144166488,5.733333333333333,37.14448236632536,22.869432023889072,1009,2276,26.084365971016588,9.898740154170989,56.163106125187575
fish8,1928,96.4,20.0,20.0,7.20521026665616,6.621004028819175,5.733333333333333,38.395904436860064,23.158168795059076,1045,2395,26.086753133966894,9.881568928358293,56.86832206232519
fish8,1929,96.45,20.0,20.0,7.033813924148256,6.530014489675675,6.0,37.82707622298065,23.07629122839265,1024,2465,26.091536120078004,9.880559834628633,56.452095954706635
fish8,1930,96.5,20.0,20.0,7.227582880264122,6.530014489675675,5.866666666666666,38.24421691315889,23.15040656989354,1040,2616,26.074978040737577,9.889938059393563,56.764916100131146
fish8,1931,96.55,20.0,20.0,7.227582880264122,6.723783445791541,6.0,39.19226393629123,23.42855582314479,1064,2616,26.07742587195502,9.8886164487097,57.24604232066472
fish8,1932,96.6,20.0,20.0,7.169452119143697,6.510637816921081,5.733333333333333,38.20629503223359,23.180814037056123,1035,2518,26.067755743163303,9.902594320837657,56.67035006400096
fish8,1933,96.65,20.0,20.0,7.246141667851455,6.611443463784992,6.0,39.36291240045506,23.565506529762388,1065,2783,26.07429220149664,9.892913372029197,57.26720557352584
fish8,1934,96.7,20.0,20.0,7.246959553018715,6.510637816921081,6.266666666666667,38.96473265073947,23.387767120068343,1052,2809,26.070077786744672,9.890566368103023,57.0006441548477
fish8,1935,96.75,20.0,20.0,7.246141667851455,6.435138324560236,6.0,38.452787258248,23.291447352347,1041,2864,26.077282657877603,9.893919253879123,56.79120191175672
fish8,1936,96.8,20.0,20.0,7.246959553018715,6.530014489675675,6.266666666666667,39.00265453166477,23.38983876153991,1054,3064,26.074648094177245,9.895559891594784,57.05020798577203
fish8,1937,96.85,20.0,20.0,7.266336968629954,6.530014489675675,6.4,39.059537353052704,23.393004537993974,1056,3198,26.08193543565539,9.893401688035329,57.095337123690726
fish8,1938,96.9,20.0,20.0,7.3050903141391395,6.704406773036948,6.133333333333333,40.197193780811524,23.695092810948385,1086,3180,26.088597736707143,9.895511059983573,57.70410879669072
fish8,1939,96.95,20.0,20.0,7.3050903141391395,6.859421640786982,6.266666666666667,40.481607887751224,23.7627329728515,1098,3223,26.08701788584391,9.898190101453993,57.945207987297906
fish8,1940,97.0,20.0,20.0,7.281402101411089,6.840639996205845,6.266666666666667,39.9886234357224,23.590355780999616,1083,3231,26.082547399732796,9.904687498474123,57.64723489820692
fish8,2184,109.2,20.0,20.0,7.0104748540438315,5.647326965757531,5.866666666666666,33.06788016685627,21.636154420170246,904,1506,25.79487403698203,9.82044919225905,53.69532322924108
fish8,2185,109.25,20.0,20.0,7.0104748540438315,5.647326965757531,5.866666666666666,33.371255214258625,21.696410540583454,914,1462,25.817751627302755,9.823046848509046,53.9207984758118
fish8,2186,109.3,20.0,20.0,6.942850384987366,5.667632952176286,5.733333333333333,32.44216913158892,21.332605435692802,887,1379,25.814604928758406,9.844980444335942,53.39958537309435
fish8,2187,109.35,20.0,20.0,7.037310550381037,5.714863406301444,5.866666666666666,32.745544178991274,21.439429451745735,894,1389,25.80874991794163,9.84434892968072,53.53309884762234
fish8,2191,109.55,20.0,20.0,7.033633409983275,5.681824114113388,5.733333333333333,33.8073568448995,21.721501057730745,923,1389,25.79729156901041,9.88622392510308,54.143515494113494
fish8,2192,109.6,20.0,20.0,6.950717979725286,5.652232048191152,5.733333333333333,33.29541145240803,21.466037067878343,910,1401,25.7864625786487,9.891302050103082,53.87776462875178
fish8,2213,110.65,20.0,20.0,7.399945679268489,6.815739441431503,6.4,40.178232840348876,23.409625607234453,1096,1451,25.833176431613502,9.806650331020355,57.55982676263386
fish8,2214,110.7,20.0,20.0,7.20521026665616,7.0104748540438315,6.4,39.62836556693211,23.24546677774303,1075,1311,25.83725629272461,9.808997337807552,57.146253630532165
fish8,2215,110.75,20.0,20.0,7.20521026665616,7.0104748540438315,6.4,39.419795221842996,23.207028774880076,1069,1312,25.826666014946827,9.808150980461965,57.01481699540879
fish8,2216,110.8,20.0,20.0,7.20521026665616,7.20521026665616,6.0,40.74706105422828,23.62236575244754,1106,1246,25.823619139946835,9.810188740878633,57.75380788082548
fish8,2217,110.85,20.0,20.0,7.399945679268489,7.20521026665616,6.0,41.01251422070534,23.759752771273316,1109,1182,25.829322264946825,9.81437168832355,57.82369395327037
fish8,2218,110.9,20.0,20.0,7.20521026665616,6.621004028819175,6.0,37.46681835419036,22.78953319518492,1019,1213,25.839244139946832,9.808059834628631,56.02730397457546
fish8,2219,110.95,20.0,20.0,7.399945679268489,6.426268616206846,6.0,37.40993553280242,22.84932763019263,1013,1196,25.8364620148647,9.803997343911064,55.90045935877576
fish8,2220,111.0,20.0,20.0,7.399945679268489,6.815739441431503,6.0,39.9886234357224,23.527724562174942,1085,1180,25.830329152123717,9.805618434651691,57.335947586775404
fish8,2221,111.05,20.0,20.0,7.594681091880817,6.815739441431503,5.866666666666666,40.064467197572995,23.5872032831081,1089,799,25.844760446035124,9.809843698077731,57.43460414411285
fish8,2222,111.1,20.0,20.0,7.399945679268489,7.0104748540438315,5.866666666666666,40.481607887751224,23.748774789330003,1102,809,25.925715501102403,9.812203722625311,57.777919223727714
fish8,2224,111.2,20.0,20.0,7.789416504493146,7.399945679268489,5.866666666666666,43.00341296928327,24.715031689497327,1172,745,25.925159959411623,9.824775331020355,59.189935290431976
fish8,2225,111.25,20.0,20.0,7.789416504493146,7.399945679268489,5.733333333333333,43.06029579067121,24.74791122107795,1171,724,25.919903848078228,9.824195903937023,59.164099752015254
fish8,2226,111.3,20.0,20.0,7.594681091880817,7.20521026665616,5.6,41.52445961319681,24.089567657826205,1128,663,25.922238917522673,9.790969990878635,58.2732089084013
fish8,2227,111.35,20.0,20.0,7.399945679268489,7.399945679268489,5.6,41.107318923018575,23.924650487770553,1114,682,25.911214626057944,9.790644470045303,57.98185909610325
fish8,2228,111.4,20.0,20.0,7.399945679268489,6.621004028819175,5.466666666666667,36.68941979522184,22.844965065253298,1001,655,25.921275389946832,9.791009053378636,55.73228444332547
fish8,2229,111.45,20.0,20.0,7.20521026665616,7.20521026665616,5.2,39.60940462646947,23.673183507744834,1079,610,25.926110459391275,9.791249938795302,57.29736039818658
fish8,2230,111.5,20.0,20.0,7.20521026665616,6.815739441431503,5.066666666666666,37.97876374668183,23.20508372082384,1034,554,25.918723306613497,9.791015563795304,56.3897388704088
fish8,2231,111.55,20.0,20.0,7.20521026665616,6.815739441431503,4.8,38.1683731513083,23.12787447424939,1039,534,25.906674695502385,9.791230407545305,56.47790510304769
fish8,2232,111.6,20.0,20.0,7.399945679268489,6.815739441431503,4.8,39.32499051952976,23.573842286687185,1068,563,25.919105251057946,9.793802022128638,57.07290727318659
fish8,2233,111.65,20.0,20.0,7.399945679268489,6.815739441431503,4.8,39.571482745544174,23.540169175280187,1073,543,25.91344552883572,9.791468051391178,57.1649135802269
fish8,2234,111.7,20.0,20.0,7.399945679268489,7.20521026665616,4.666666666666667,41.25900644671975,24.273104506499894,1122,525,25.929157334391277,9.804046176391177,58.17320351078246
fish8,2235,111.75,20.0,20.0,7.20521026665616,7.0104748540438315,4.4,39.85589685248387,23.993245893677624,1089,439,25.92165733439128,9.807353468057844,57.509010802449126
fish8,2236,111.8,20.0,20.0,7.20521026665616,7.0104748540438315,4.266666666666667,39.74213120970799,23.801894053802265,1086,434,25.909022806633843,9.809111277675632,57.438134084309475
fish8,2237,111.85,20.0,20.0,7.20521026665616,7.20521026665616,4.266666666666667,40.00758437618505,23.936666217234077,1089,423,25.92276411221351,9.809804635577729,57.51256874779124
fish8,2238,111.9,20.0,20.0,7.20521026665616,6.815739441431503,4.4,38.926810769814175,23.629754831434077,1064,412,25.90801160835926,9.809352150715723,56.997363759074986
fish8,2239,111.95,20.0,20.0,7.139189625098436,6.242789710351546,4.0,35.76033371255214,22.48768481849863,972,338,25.885385508426612,9.820566351318359,55.14595185974497
fish8,2240,112.0,20.0,20.0,7.20521026665616,6.231533203594517,4.0,35.93098217671596,22.650689295190688,977,336,25.891939312499247,9.826363866159655,55.2583031786589
fish8,2241,112.05,20.0,20.0,7.20521026665616,6.231533203594517,3.7333333333333334,36.348122866894194,22.675988276484265,989,302,25.890893313259543,9.824078716437022,55.49497202969657
fish8,2242,112.1,20.0,20.0,7.20521026665616,5.647326965757531,4.133333333333333,34.86916951080773,21.865298093697884,956,404,25.88090635698107,9.828746685187022,54.82965304216809
fish8,2243,112.15,20.0,20.0,7.594681091880817,5.4525915531452025,3.8666666666666667,35.058778915434196,22.159457463026808,961,356,25.775880431657953,9.833662049770355,54.829542481428305
fish8,2244,112.2,20.0,20.0,7.399945679268489,5.4525915531452025,3.8666666666666667,34.56579446340538,21.975239368380187,952,352,25.783280569947802,9.832617123031618,54.655897692979416
fish8,2245,112.25,20.0,20.0,7.399945679268489,5.647326965757531,3.6,36.3102009859689,22.389365605686002,995,313,25.78622777323782,9.829007098632388,55.515234871870206
fish8,2246,112.3,20.0,20.0,7.594681091880817,5.4525915531452025,3.6,35.968904057641254,22.49616468961275,989,317,25.801153862169055,9.827607352352139,55.40876121452119
fish8,2254,112.7,20.0,20.0,7.399945679268489,5.4525915531452025,3.466666666666667,33.2006067500948,21.524358859228144,914,259,26.032516959560056,9.729573540147147,54.0420904997072
fish8,2255,112.75,20.0,20.0,7.594681091880817,5.4525915531452025,3.2,32.53697383390216,21.426073376750104,893,239,25.981262656864114,9.728850883897147,53.57011354076126
fish8,2256,112.8,20.0,20.0,7.594681091880817,5.4525915531452025,2.6666666666666665,33.25748957148274,21.517920776034124,911,180,26.028094243537065,9.72706702973048,53.975161273267545
fish8,2257,112.85,20.0,20.0,7.594681091880817,5.4525915531452025,2.4,33.21956769055745,21.590822359418244,913,163,26.03070275577497,9.726266248480478,54.01696900425546
fish8,2258,112.9,20.0,20.0,7.20521026665616,5.4525915531452025,2.4,34.31930223739097,21.800517558453596,945,163,25.984222672055086,9.727177706813814,54.61140037886891
fish8,2259,112.95,20.0,20.0,7.399945679268489,5.4525915531452025,2.4,35.456958665149784,22.19384427395646,975,159,25.988350335693358,9.724775363063811,55.21312569875717
fish9,1747,87.35,20.0,20.0,4.868385315308217,4.28417907747123,5.733333333333333,17.026924535456956,15.397222457238525,478,1913,24.41261716171076,8.901217423502606,42.873834585213366
fish9,1748,87.4,20.0,20.0,5.063120727920545,4.28417907747123,5.733333333333333,17.57679180887372,15.642765921583209,491,1913,23.972947044372564,8.910839819335937,42.7037868637085
fish9,1751,87.55,20.0,20.0,4.868385315308217,4.28417907747123,5.733333333333333,17.17861205915813,15.371352660255297,479,1881,23.858754317201214,8.92279618707233,42.36155050427354
fish9,1752,87.6,20.0,20.0,4.868385315308217,4.28417907747123,5.6,17.17861205915813,15.371352660255297,479,1856,24.03526905736099,8.926715460364026,42.54198451772501
fish9,1753,87.65,20.0,20.0,5.063120727920545,4.28417907747123,5.6,17.86120591581342,15.655902946725348,498,1852,23.892265594859182,8.921949832905662,42.774215427764844
fish9,1754,87.7,20.0,20.0,5.063120727920545,4.28417907747123,5.466666666666667,17.86120591581342,15.655902946725348,498,1833,23.992105016618893,8.918303997029197,42.87040901364809
fish9,1756,87.8,20.0,20.0,4.868385315308217,4.28417907747123,5.333333333333333,17.19757299962078,15.348980046647336,480,1812,23.939752595859108,8.920107396433089,42.4598599922922
fish9,1757,87.85,20.0,20.0,5.063120727920545,4.28417907747123,5.333333333333333,17.709518392112244,15.584844367465719,492,1808,23.997695312481163,8.923369119167331,42.76106443164849
fish9,1758,87.9,20.0,20.0,5.063120727920545,4.28417907747123,5.333333333333333,17.99393249905195,15.716453122299026,501,1794,23.927677943081324,8.923844390858546,42.871522333939865
fish9,1760,88.0,20.0,20.0,5.063120727920545,4.28417907747123,5.2,18.012893439514595,15.724081331482768,502,1746,23.7559331529217,8.89894205168618,42.694875204607875
fish9,1761,88.05,20.0,20.0,5.063120727920545,4.28417907747123,5.2,18.031854379977243,15.738450871871994,503,1716,23.824240450917937,8.895999338775209,42.78023978969315
fish9,1762,88.1,20.0,20.0,5.063120727920545,4.28417907747123,5.2,18.12665908229048,15.834521504045679,508,1704,23.77700086125503,8.896184887525767,42.83318574878079
fish9,1763,88.15,20.0,20.0,5.063120727920545,4.28417907747123,4.933333333333334,17.86120591581342,15.755606774683331,498,1649,23.780616313340932,8.893889965046776,42.63450627838771
fish9,1771,88.55,20.0,20.0,5.063120727920545,4.28417907747123,4.8,17.82328403488813,15.733609001896093,496,1559,23.79016491970486,8.917499996566773,42.627664916271634
fish9,1772,88.6,20.0,20.0,5.063120727920545,4.28417907747123,4.666666666666667,17.82328403488813,15.733609001896093,496,1529,23.687022554675448,8.918645831807456,42.525668386482906
fish9,1773,88.65,20.0,20.0,5.063120727920545,4.28417907747123,4.533333333333333,17.956010618126655,15.78583558482255,501,1502,23.735308118109064,8.943098958290946,42.6984070764
fish9,1774,88.7,20.0,20.0,5.063120727920545,4.28417907747123,4.533333333333333,17.956010618126655,15.78583558482255,501,1495,23.724149286265433,8.94579752603107,42.6899468122965
fish9,1775,88.75,20.0,20.0,5.063120727920545,4.28417907747123,4.533333333333333,17.86120591581342,15.671762193261072,498,1489,23.75431854472219,8.948160807196302,42.66247935191849
fish9,1778,88.9,20.0,20.0,4.868385315308217,4.28417907747123,4.4,17.3682214637846,15.407450409326339,485,1403,23.828407092266318,8.950013020663791,42.47842011293011
fish9,1779,88.95,20.0,20.0,4.868385315308217,4.28417907747123,4.4,17.330299582859308,15.450115962933209,485,1362,23.788229163953996,8.945862628417544,42.43409179237155
fish9,1780,89.0,20.0,20.0,4.868385315308217,4.28417907747123,4.4,17.330299582859308,15.450115962933209,485,1345,23.81516058197022,8.946604815917546,42.46176539788777
fish9,1781,89.05,20.0,20.0,4.868385315308217,4.28417907747123,4.4,17.330299582859308,15.450115962933209,485,1335,23.853350681709948,9.001149086157481,42.55449976786743
fish9,1782,89.1,20.0,20.0,5.063120727920545,4.28417907747123,4.4,17.6905574516496,15.615073154390666,492,1318,23.834683121575253,8.996966140704687,42.67164926227994
fish9,1783,89.15,20.0,20.0,4.868385315308217,4.28417907747123,4.4,17.273416761471367,15.435746376115445,483,1315,23.870199638008785,8.996604811085598,42.526804449094385
fish9,1784,89.2,20.0,20.0,5.063120727920545,4.28417907747123,4.4,17.6905574516496,15.615073154390666,492,1346,23.836154499119893,8.995432940917548,42.67158744003744
fish9,1785,89.25,20.0,20.0,4.868385315308217,4.089443664858901,4.666666666666667,16.62874478574137,15.216222626510861,465,1339,23.82409287363689,8.990335258897145,42.11442813253403
fish9,1786,89.3,20.0,20.0,5.063120727920545,4.089443664858901,4.666666666666667,17.045885475919604,15.377546715041102,476,1274,23.840868044704855,8.98451170179579,42.34537974650064
fish9,1787,89.35,20.0,20.0,5.063120727920545,4.089443664858901,4.266666666666667,17.045885475919604,15.377546715041102,476,1144,23.813250863817004,8.989160137557981,42.32241100137499
fish9,1788,89.4,20.0,20.0,5.063120727920545,4.089443664858901,4.266666666666667,16.951080773606368,15.263473323479623,473,1138,23.942734370177472,8.987522766865622,42.39025713704309
fish9,1789,89.45,20.0,20.0,4.868385315308217,4.089443664858901,4.266666666666667,16.742510428517253,15.217877827189527,467,1127,23.92575520222982,8.989430315134262,42.25518551736408
fish9,1791,89.55,20.0,20.0,4.868385315308217,4.089443664858901,4.133333333333333,16.040955631399314,15.10745541354331,451,1106,23.897899296437956,8.98463539971246,41.90253469615041
fish9,1792,89.6,20.0,20.0,4.868385315308217,4.089443664858901,4.0,16.040955631399314,15.10745541354331,451,1057,23.88414061746479,8.981956367227767,41.88609698469256
fish9,1793,89.65,20.0,20.0,4.868385315308217,4.089443664858901,3.8666666666666667,16.040955631399314,15.10745541354331,451,1010,23.883706591118706,8.983893213865494,41.887599804984205
fish9,1796,89.8,20.0,20.0,4.478914490083559,4.089443664858901,3.8666666666666667,15.832385286310199,14.769166668372275,445,944,23.865603286837356,8.98811522283554,41.75371850967289
