FishID,Weight (g),FrameIndex,Timestamp (s),FPS_Top,FPS_Front,Length (cm),Width (cm),Height (cm),Area (cm²),Perimeter (cm),TopMaskPixels,FrontMaskPixels,BlurTop,BlurFront,Score,VisScore_Top_Raw,VisScore_Front_Raw,VisScore_Top_Enhanced,VisScore_Front_Enhanced
fish01,67.49,1760,88.0,20.0,20.0,17.3037208839016,7.380262206719093,6.933333333333334,97.78156996587029,41.320387213700656,2620,1567,27.79327616371814,10.5016959505611,90.69497211427924,87.4,65.3,65.8,50.0
fish01,67.49,1805,90.25,20.0,20.0,17.50475126373224,8.273390580796944,12.0,104.03868031854378,42.30298238686903,2785,12370,28.158393343701775,10.433469894366796,94.29186323806857,87.4,65.7,65.9,50.3
fish01,67.49,1810,90.5,20.0,20.0,17.961420901155197,7.116270268999009,12.8,98.67273416761469,41.98475348720995,2634,12949,28.161357775860072,10.448730331039433,91.2900881068995,87.4,65.7,65.9,50.2
fish01,67.49,1815,90.75,20.0,20.0,17.22733590641871,7.022697817297323,12.533333333333333,91.24004550625709,40.796649019349424,2435,13174,28.064682383426618,10.44298811302185,87.20767049644847,87.3,65.5,65.9,50.3
fish01,67.49,1820,91.0,20.0,20.0,16.825521775163907,6.6922885525705444,12.133333333333333,89.9507015547971,39.82233971563922,2406,13231,28.07339378858024,10.477594270483655,86.6709880590639,87.3,65.6,65.9,50.3
fish01,67.49,2410,120.5,20.0,20.0,14.020949708087663,8.56835815494246,9.6,95.8854759196056,37.76962825105347,2575,4219,28.24938750796848,10.252900260066982,90.00228776803546,87.5,65.3,66.1,49.7
fish01,67.49,2415,120.75,20.0,20.0,14.605155945924649,8.76309356755479,9.466666666666667,99.67766401213498,38.30718513437664,2672,4177,28.135090444136246,10.26580390115314,91.84089434528939,87.4,65.3,66.1,49.8
fish01,67.49,2420,121.0,20.0,20.0,15.17987293296547,8.74473535126188,9.466666666666667,106.44671975729995,39.73663771403068,2847,4168,28.1167093457634,10.265621604654523,95.32233095041792,87.4,65.3,66.0,49.7
fish01,67.49,2425,121.25,20.0,20.0,19.573284623092977,15.515587679858072,9.466666666666667,207.96359499431168,57.64378954791121,3125,4098,28.16035952674018,10.286633981662327,100.9469935084025,87.4,65.3,66.0,49.7
fish01,67.49,2430,121.5,20.0,20.0,15.384097596373964,8.76309356755479,9.466666666666667,105.34698521046643,39.640570030069306,2822,3950,28.197646770034602,10.28499336136712,94.92264013140172,87.4,65.3,66.0,49.7
fish01,67.49,2435,121.75,20.0,20.0,21.328917848873456,15.34519865096216,9.2,225.938566552901,60.51101080165725,3144,3741,28.37576742197672,10.289013526821137,101.54478094879786,87.3,65.2,66.0,49.7
fish01,67.49,2440,122.0,20.0,20.0,15.189362183761634,9.152564392779446,8.666666666666666,105.06257110352672,38.99445117114132,2813,3465,28.27028114735168,10.241461457983654,94.77174260533533,87.3,65.1,66.0,49.8
fish01,67.49,2445,122.25,20.0,20.0,14.970394787356375,9.420665813465272,8.666666666666666,105.61243837694347,38.87108452686687,2832,3478,28.162051726447203,10.249934694035847,95.05198642048305,87.2,65.1,65.9,49.8
fish01,67.49,2450,122.5,20.0,20.0,14.799891358536978,7.984151917105475,8.533333333333333,93.40159271899884,37.66524301015512,2512,3285,28.434048234934867,10.24361328086853,88.91766151580339,87.3,65.0,65.9,50.0
fish01,67.49,2455,122.75,20.0,20.0,15.025700464652013,8.55972318928921,8.666666666666666,99.71558589306028,38.21590557935568,2675,3393,28.34730816507221,10.253994139766698,92.10130230483891,87.6,65.0,65.9,50.0
fish01,67.49,2460,123.0,20.0,20.0,15.543360118425898,8.669603572940812,8.8,105.11945392491465,39.22284887731074,2823,3539,28.323119898647736,10.29033528593911,95.07345518458685,87.6,65.1,66.0,50.0
fish01,67.49,2465,123.25,20.0,20.0,15.850073741858168,9.231362168648587,9.066666666666666,114.69472885855137,40.547370634288484,3069,3737,28.399356854926214,10.290582682196296,100.06993953712251,87.6,65.1,66.0,49.9
fish01,67.49,2470,123.5,20.0,20.0,15.850073741858168,9.144274112609946,9.2,113.13993174061432,40.38489307510115,3025,3954,28.280810793257345,10.286770833163787,99.06758162642113,87.5,65.1,66.0,49.9
fish01,67.49,2475,123.75,20.0,20.0,15.9371632836101,8.621743547808157,9.333333333333334,105.11945392491465,39.95574938712516,2808,4142,28.33968663729445,10.306145831807454,94.80583246910192,87.4,65.1,66.0,49.9
fish01,67.49,2480,124.0,20.0,20.0,14.01038331515478,10.528248729823856,9.6,109.17709518392111,40.36204986180793,2926,4475,28.329304740547837,10.292161457655165,97.141466198203,87.4,65.1,66.0,49.9
fish01,67.49,2485,124.25,20.0,20.0,15.498600034077056,10.00571370788219,9.733333333333333,119.49184679560105,42.07962960589685,3193,4822,28.326019375101726,10.28342773411009,102.46944710921181,87.4,65.1,66.0,49.9
fish01,67.49,2600,130.0,20.0,20.0,16.455668308247148,7.492631160134835,11.866666666666667,95.58210087220324,40.09136471606447,2560,6781,27.54955994780741,10.283860615878634,89.03342056368605,87.1,65.2,65.5,50.1
fish01,67.49,2605,130.25,20.0,20.0,16.52849351668235,7.576367446986668,11.866666666666667,95.62002275312854,40.202898164681876,2562,6690,27.59418263406636,10.308479741149478,89.14266237521585,87.1,65.2,65.5,50.1
fish01,67.49,2610,130.5,20.0,20.0,16.622038482688133,7.612240737279263,12.0,95.73378839590443,40.05065159865175,2559,6711,27.667251200188534,10.316552671549054,89.1638038717376,87.1,65.2,65.6,50.1
fish01,67.49,2615,130.75,20.0,20.0,17.09195771124937,7.166653778158168,11.733333333333333,92.20705346985208,39.99624308325606,2471,6422,27.60193426581488,10.327467373148599,87.34940163896349,87.1,65.2,65.5,50.1
fish01,67.49,2620,131.0,20.0,20.0,16.593936215769475,7.276063933552843,11.866666666666667,88.64239666287446,39.445315058875906,2378,6446,27.599790353732637,10.294690678649477,85.45448103238212,87.1,65.2,65.5,50.1
fish01,67.49,3010,150.5,20.0,20.0,11.061577458832085,7.568447109426883,50.4,59.84072810011376,31.498911170094857,1605,17542,28.091022541639546,10.525755198796592,70.71677774043613,87.1,64.4,65.7,49.6
fish01,67.49,3015,150.75,20.0,20.0,16.8540266703847,7.023975530728465,40.666666666666664,84.52787258248007,40.420141065811954,2264,14414,27.974629503019358,10.554238272942438,83.8088677759618,87.1,64.4,65.7,49.8
fish01,67.49,3020,151.0,20.0,20.0,21.097425889416424,7.49134676099388,32.8,100.62571103526733,47.10660715441959,2459,10462,27.93143024020725,10.549130855549713,87.66056109575696,87.1,64.4,65.7,49.8
fish01,67.49,3025,151.25,20.0,20.0,21.85916743708396,5.9220056391871525,12.0,93.0982176715965,47.479784533398934,2487,9188,28.003257583260233,10.535429685423107,88.27868726868334,87.0,64.4,65.7,49.8
fish01,67.49,3030,151.5,20.0,20.0,48.92660384786616,14.45573478871909,12.133333333333333,428.1190747061053,107.86485956750005,2801,9044,28.20695177197868,10.559482420084207,94.7864341920629,87.0,64.4,65.8,49.7
fish01,67.49,3035,151.75,20.0,20.0,20.87587335188304,7.636012149951667,11.866666666666667,104.39893818733407,46.910583814097244,2790,9270,28.3538794846523,10.576373691813147,94.73025317646545,86.7,64.4,65.8,49.8
fish01,67.49,3040,152.0,20.0,20.0,19.688913231471425,8.386965190549164,12.0,105.87789154342053,45.4773433155481,2830,9360,28.532786277413074,10.514658198451999,95.64744447586507,86.6,64.2,65.7,49.8
fish01,67.49,3045,152.25,20.0,20.0,20.372057574564245,6.706050714794573,12.533333333333333,97.64884338263177,44.75577810172372,2614,9280,28.36315064011562,10.529423812007904,91.17257445212353,86.6,64.2,65.5,49.9
fish01,67.49,3050,152.5,20.0,20.0,20.345062164048148,7.1548735574657,11.6,103.33712552142585,46.14930149112256,2333,8552,28.119198552939327,10.289274028937022,85.06847258187636,86.4,64.3,65.4,50.1
fish01,67.49,3055,152.75,20.0,20.0,20.186636098579623,7.600970859102606,12.0,105.40386803185436,45.92784329638322,2815,8777,28.13250196621742,10.293121681965724,94.72562364818315,86.7,64.3,65.4,50.2
fish01,67.49,3445,172.25,20.0,20.0,14.37574992792962,8.977958166704122,10.8,100.62571103526733,38.41878414009306,2698,7835,27.83432179512683,10.377369771152074,92.1716915662789,87.1,65.2,65.7,50.1
fish01,67.49,3450,172.5,20.0,20.0,14.41042053331232,7.984151917105475,11.066666666666666,96.62495259764883,38.35606055168731,2600,7878,27.961509043375646,10.273391924370658,90.23490096774631,87.0,65.2,65.7,50.1
fish01,67.49,3455,172.75,20.0,20.0,15.384097596373964,7.399945679268489,10.933333333333334,93.79977246871444,38.93583527820251,2522,8005,27.92824540623795,10.27696939797931,88.64521480421726,87.2,65.2,65.8,50.1
fish01,67.49,3460,173.0,20.0,20.0,15.578833008986292,7.984151917105475,11.066666666666666,100.75843761850587,39.81332916630859,2701,7951,27.930589100402074,10.277604163953995,92.22819326435607,87.2,65.4,65.8,50.1
fish01,67.49,3465,173.25,20.0,20.0,16.163039246823278,7.399945679268489,11.466666666666667,100.30337504740234,40.52384406252375,2688,7564,27.92873136543934,10.284251301405165,91.9729826668445,87.2,65.4,65.8,50.1
fish01,67.49,3470,173.5,20.0,20.0,16.90776937729713,7.898343060211267,11.333333333333334,108.41865756541523,41.41734179885456,2901,7327,27.879976853189348,10.311923821502262,96.2119006746916,87.2,65.4,65.7,50.1
fish01,67.49,3475,173.75,20.0,20.0,17.270076906403688,8.188190866352466,11.333333333333334,113.21577550246491,42.38736238221891,3031,7038,27.84334512922499,10.310758462259509,98.7741035914845,87.1,65.4,65.7,50.1
fish01,67.49,3480,174.0,20.0,20.0,17.52618713510958,7.984151917105475,11.2,112.51422070534697,42.76841042021983,3012,6459,27.874881568268194,10.327272131983442,98.44215370025164,87.1,65.4,65.7,50.1
fish01,67.49,3485,174.25,20.0,20.0,18.136424555536138,8.359758065888952,11.333333333333334,116.11679939324989,43.57483379693141,3104,6118,27.87107521151319,10.324479164589777,100.27555437610297,87.1,65.4,65.7,50.1
fish01,67.49,3490,174.5,20.0,20.0,18.419806537430443,8.45421897413927,11.466666666666667,118.69548729616987,44.17357769290232,3168,5956,27.869586802824045,10.32226562394036,101.55185242676441,87.1,65.4,65.7,50.1
fish01,67.49,3495,174.75,20.0,20.0,18.499864198171224,8.178887329717803,11.6,114.22070534698518,44.51404031519083,3064,5845,27.71494697145062,10.342464179727767,99.33741115117839,87.2,65.4,65.7,50.1
fish01,67.49,3680,184.0,20.0,20.0,15.773568421598622,8.529411666705313,10.0,98.10390595373529,38.8795734283321,2629,5237,27.685743948854043,10.393095619191064,90.6588395680451,87.0,65.2,65.8,49.9
fish01,67.49,3685,184.25,20.0,20.0,15.511234539912437,8.204859826632342,10.266666666666666,93.81873340917709,38.28209570830005,2517,5300,27.573157467010876,10.401926915105186,88.31508438211607,87.0,65.2,65.7,50.0
fish01,67.49,3690,184.5,20.0,20.0,16.11216248085117,7.898890545559378,10.666666666666666,94.74781949184678,38.65933240420725,2534,5241,27.60097854207356,10.41035794470045,88.69133648677402,87.0,65.2,65.7,49.9
fish01,67.49,3695,184.75,20.0,20.0,15.822142331968093,7.792994102100343,10.533333333333333,92.75692074326885,37.876193776207856,2493,5533,27.693899845810876,10.402656164169311,87.95655600998019,87.0,65.2,65.7,50.0
fish01,67.49,3700,185.0,20.0,20.0,24.41690606924972,11.843815164219757,10.133333333333333,194.53924914675764,59.679921380728764,2607,5417,27.64423823511571,10.344147086419,90.12838532153471,87.2,65.1,65.7,50.0
fish01,67.49,3705,185.25,20.0,20.0,23.750713714818904,12.942901286261248,10.266666666666666,204.51270383010993,60.088704389465434,2593,5403,27.666551405089585,10.376568958494396,89.90312036358398,87.2,65.1,65.7,50.0
fish01,67.49,3710,185.5,20.0,20.0,23.75365096999724,13.899822474815432,10.266666666666666,211.69890026545312,61.172077236302144,2658,5421,27.66074841306711,10.36844721517563,91.18919562824274,87.2,65.1,65.7,50.0
fish01,67.49,3715,185.75,20.0,20.0,15.96830383421095,7.399945679268489,10.266666666666666,89.43875616230564,38.07674617421533,2411,6041,27.623209778886952,10.373463489744399,86.21667326863135,86.8,65.1,65.7,50.0
fish01,67.49,3720,186.0,20.0,20.0,23.631177680482434,15.671183461505288,10.133333333333333,237.03071672354946,63.65083056772418,2838,6159,27.636360869683156,10.387574822224513,94.78393569190766,86.8,65.1,65.7,50.1
fish01,67.49,3725,186.25,20.0,20.0,24.56200231506219,15.426618710791725,10.0,242.13120970800148,64.42920769355106,2869,6185,27.621148256636257,10.397988240517506,95.39913649715376,86.8,65.1,65.7,50.0
fish01,67.49,3730,186.5,20.0,20.0,25.25862653485356,15.254532997316321,9.6,258.72203261281754,66.25151676045105,3061,6222,27.588769832187225,10.382939402675628,99.19170923486286,86.8,65.1,65.7,50.0
fish01,67.49,3735,186.75,20.0,20.0,25.476931303130574,15.602705450162553,9.333333333333334,264.0310959423587,67.33132844538386,3078,6482,27.722237796284237,10.38945957739088,99.67169737367512,87.0,65.1,65.8,50.0
fish01,67.49,3740,187.0,20.0,20.0,25.91221558342812,15.247946830292774,9.333333333333334,264.713689799014,67.84586452624688,2884,6812,27.715840451388893,10.381145787175498,95.77698623856439,87.0,65.1,65.7,50.0
fish01,67.49,3745,187.25,20.0,20.0,27.362696670446248,14.730627404862762,9.6,264.33447098976103,69.00115963926557,2913,9170,27.77804991227138,10.40604162050883,96.44409153278022,87.0,65.1,65.7,50.0
fish01,67.49,3750,187.5,20.0,20.0,16.986235839102147,8.084695335573343,9.733333333333333,100.79635949943115,40.57842926172984,2690,9547,28.08655166731469,10.32827147419188,92.21482314150657,87.1,65.1,65.7,49.9
fish01,67.49,3755,187.75,20.0,20.0,16.95566877383202,7.509612863062684,9.733333333333333,91.65718619643533,40.33186371949732,2471,9496,28.077250942484532,10.334700507100425,87.83195144958496,87.1,65.1,65.7,49.9
fish01,67.49,3760,188.0,20.0,20.0,17.846177092519387,7.179496283854434,10.133333333333333,98.10390595373529,42.01912448922161,2623,9688,28.076074133677544,10.272259094068737,90.80833322774629,87.1,65.0,65.7,49.9
fish01,67.49,3765,188.25,20.0,20.0,17.502518236654325,7.129631288634192,10.0,98.10390595373529,41.685220966117605,2626,9915,28.097497744788658,10.281145808919272,90.89864355370793,87.1,65.0,65.7,49.8
fish10,17.7,45,2.25,20.0,20.0,8.69559092698827,7.3453442300732705,3.0666666666666664,50.07584376185058,26.426226696785115,1349,315,24.60947009548612,9.299248017109765,60.88871811259588,86.4,61.8,65.1,47.8
fish10,17.7,50,2.5,20.0,20.0,10.948734562876187,6.827658576316775,25.466666666666665,55.04361016306408,28.62367033778398,1486,9505,24.76927939927842,8.893040258619521,63.38231965789794,86.4,61.5,65.2,47.8
fish10,17.7,55,2.75,20.0,20.0,10.948734562876187,6.827658576316775,25.466666666666665,55.04361016306408,28.62367033778398,1486,9510,24.762578016191643,8.899439980570476,63.382017996762116,86.4,61.5,65.2,47.8
fish10,17.7,855,42.75,20.0,20.0,100.02857126935614,40.98977487053828,3.0666666666666664,2574.402730375426,238.2161679561111,10678,498,24.485980554349926,8.836708773708345,246.8826893280583,86.1,61.8,65.1,48.0
fish10,17.7,905,45.25,20.0,20.0,16.941980897272593,10.32097686845342,2.0,127.26583238528629,46.38016791885511,3397,166,25.05259468670126,8.917464147938622,101.91005883463987,86.2,61.8,65.4,47.9
fish10,17.7,1240,62.0,20.0,20.0,7.7111290711398155,6.609538779344616,1.7333333333333334,39.74213120970799,23.980283254133138,1085,151,25.108540928141277,8.982340407043031,55.79088133518431,86.6,62.0,65.4,48.0
fish10,17.7,1245,62.25,20.0,20.0,9.616398882553197,7.7031025050796496,3.466666666666667,58.07736063708759,28.32648431512223,1567,591,25.093167751057937,8.95445303916931,65.38762079022725,86.7,61.9,65.4,48.0
fish10,17.7,1335,66.75,20.0,20.0,12.098409222511135,8.047107532141752,3.3333333333333335,85.3431930223739,35.59637297423385,2282,572,25.1548343457634,8.88409821954303,79.67893256530644,86.6,62.1,65.4,48.1
fish10,17.7,1840,92.0,20.0,20.0,5.296803371626669,2.6484016858133343,2.4,10.447478194918466,13.223512621794358,295,226,25.379053406816656,8.841510361735025,40.12056376855168,86.5,62.1,65.5,47.8
fish10,17.7,1850,92.5,20.0,20.0,12.476149598438608,2.5802783885190714,3.8666666666666667,27.038301099734543,27.124388397691025,600,401,25.8361233247545,8.889446562661062,46.72556988741556,87.0,62.0,65.7,47.9
fish10,17.7,1855,92.75,20.0,20.0,10.734801505960954,3.1778114745855235,3.466666666666667,26.31778536215396,23.887271125270978,722,398,25.822060944714956,8.912317614703708,49.17437855941866,87.0,62.0,65.7,47.8
fish10,17.7,1860,93.0,20.0,20.0,10.172808167553036,3.0677099053675723,3.466666666666667,23.928706863860445,22.770911055854242,661,392,25.82707392909673,8.91114574364556,47.95821967274229,87.0,62.0,65.7,47.8
fish10,17.7,1865,93.25,20.0,20.0,10.537416323692298,3.225739842529611,3.3333333333333335,26.75388699279484,23.672447754665498,730,362,25.83328925050335,8.910234285312228,49.34352353581558,86.6,62.0,65.7,47.8
fish10,17.7,1870,93.5,20.0,20.0,10.732480078942164,3.02888283133627,3.3333333333333335,26.090254076602196,23.844235907625634,712,341,25.83182227888696,8.90634105614556,48.97816333503253,86.6,62.0,65.7,47.9
fish10,17.7,1875,93.75,20.0,20.0,6.096182122692759,2.6126496668682013,3.3333333333333335,12.817595752749334,15.110571743601874,356,341,25.810038360802924,8.874840407043033,41.804878767845956,86.6,62.0,65.7,47.9
fish10,17.7,1880,94.0,20.0,20.0,5.483767760865059,2.014445224107915,3.466666666666667,8.854759196056122,12.671853463974635,252,361,25.77590645930914,8.872600823709698,39.688507283018836,86.6,62.0,65.6,47.8
fish10,17.7,1885,94.25,20.0,20.0,6.036797790982188,2.142089538735615,3.466666666666667,10.959423587409933,14.36370381098642,315,361,25.8658849222819,8.873076084126367,41.038961006408265,86.8,62.0,65.7,47.8
fish10,17.7,1895,94.75,20.0,20.0,5.063120727920545,1.9473541261232865,1.7333333333333334,8.115282518012892,11.815808656165625,235,165,25.58674428499952,8.925969933022394,39.212714218021915,86.8,61.9,65.6,47.8
fish10,17.7,2455,122.75,20.0,20.0,48.112848963558115,7.197453357558497,31.066666666666666,327.8536215396283,105.17356448001794,1571,390,25.64631440246959,8.931415994167331,65.99773039663692,86.6,61.8,65.4,47.9
fish10,17.7,2460,123.0,20.0,20.0,47.767738565806745,7.173358802245078,30.8,321.3879408418657,104.41062015458343,1595,355,25.610984598324624,8.936634099282161,66.44761869760679,86.6,61.7,65.4,47.9
fish10,17.7,2660,133.0,20.0,20.0,46.28545727148611,8.685485105175914,29.333333333333332,325.54038680318536,102.51056076289944,2112,4514,25.661918140477315,8.891025343057844,76.79294348353517,86.4,61.6,65.3,48.2
fish10,17.7,2665,133.25,20.0,20.0,46.281445845597645,8.622322975992047,29.333333333333332,327.0383010997345,102.67775230464822,2098,4358,25.573441536439493,8.893694613891178,76.42713615033068,86.0,61.6,65.3,48.1
fish10,17.7,2670,133.5,20.0,20.0,46.297488577724934,8.384769306303552,29.866666666666667,323.87182404247244,102.19486033833496,2080,4624,25.584300983174636,8.897210238891178,76.08151122206581,86.0,61.6,65.3,48.2
fish10,17.7,2675,133.75,20.0,20.0,46.200492299741775,8.384769306303552,29.866666666666667,324.45961319681453,102.17443238414064,2081,4627,25.592677702256196,8.885501253085666,76.09817895534187,86.0,61.6,65.3,48.1
fish10,17.7,2680,134.0,20.0,20.0,46.10545716330409,8.384769306303552,29.866666666666667,327.79673871824036,102.22708854713693,2093,4693,25.599049212401592,8.887910110092164,76.34695932249376,86.0,61.6,65.3,48.2
fish10,17.7,2685,134.25,20.0,20.0,46.067402103042156,8.39219564419374,29.333333333333332,334.3951459992415,102.07440627246964,2118,4629,25.70099797423563,8.884127552244397,76.94512552648003,86.3,61.6,65.3,48.2
fish10,17.7,2690,134.5,20.0,20.0,46.09951728156257,8.422426938259868,29.333333333333332,340.1403109594235,102.37586984941329,2178,4948,25.684969264484927,8.880719353474511,78.12568861795944,86.3,61.6,65.3,48.2
fish10,17.7,2695,134.75,20.0,20.0,46.29165566734044,8.422426938259868,28.933333333333334,345.2976867652635,102.45310651204085,2192,4919,25.67403616868007,8.917138602352141,78.43117477103222,86.3,61.5,65.3,48.2
fish10,17.7,2720,136.0,20.0,20.0,47.23092955341195,9.341861351886317,28.0,371.12248767538864,104.27380153716321,2400,6586,25.628181388779627,8.988753204758964,82.61693459353859,86.3,61.7,65.3,48.0
fish10,17.7,2725,136.25,20.0,20.0,47.25542599417086,9.28509298985468,28.0,362.4194160030337,104.17310815450992,2314,7177,25.51604597211297,8.993762977430558,80.78980894954353,86.1,61.8,65.3,48.0
fish10,17.7,2730,136.5,20.0,20.0,47.14611315299681,9.107155051721989,28.0,346.35949943117174,103.41650113912254,2210,7622,25.557534697808162,8.995559852430555,78.75309455023873,86.1,61.8,65.3,48.0
fish10,17.7,2855,142.75,20.0,20.0,8.373622742330133,7.20521026665616,2.0,47.64884338263177,26.841810186687706,1304,166,25.78603236212083,8.866048091252646,60.732080453373484,86.5,62.0,65.5,47.8
fish10,17.7,5250,262.5,20.0,20.0,5.647326965757531,4.868385315308217,1.8666666666666667,25.00948047023132,18.664663811162644,690,182,25.51926093742465,9.084104601022933,48.40336553844759,86.4,62.2,65.3,48.3
fish10,17.7,5255,262.75,20.0,20.0,5.647326965757531,5.063120727920545,1.8666666666666667,26.393629124004548,19.05822886757753,727,182,25.514994415490424,9.082984809356265,49.13797922484669,86.4,62.2,65.3,48.3
fish10,17.7,5265,263.25,20.0,20.0,6.036797790982188,5.647326965757531,1.8666666666666667,30.77360637087599,20.61268785469501,842,182,25.513878973765433,9.141825955189598,51.495704928955035,86.4,62.2,65.3,48.3
fish10,17.7,5280,264.0,20.0,20.0,6.231533203594517,5.647326965757531,1.8666666666666667,32.25255972696245,21.177221855689375,885,182,25.47127901880712,9.110269965606264,52.28154898441339,86.1,62.2,65.3,48.3
fish10,17.7,5285,264.25,20.0,20.0,6.231533203594517,5.647326965757531,1.8666666666666667,32.51801289343951,21.310395298761886,895,182,25.478045521978682,9.107698351022933,52.485743873001624,86.1,62.2,65.3,48.3
fish10,17.7,5290,264.5,20.0,20.0,6.621004028819175,5.842062378369859,1.8666666666666667,35.456958665149784,22.491275741096914,975,182,25.560662837558326,9.111178171751234,54.17184100930956,86.3,62.2,65.3,48.3
fish10,17.7,5295,264.75,20.0,20.0,7.789416504493146,5.842062378369859,1.8666666666666667,38.149412210845654,23.498406192498223,1040,182,25.54063246520242,9.116581817584569,55.45721428278699,86.3,62.2,65.3,48.3
fish10,17.7,7400,370.0,20.0,20.0,5.4525915531452025,4.28417907747123,23.6,20.97080015168752,17.111964906796537,583,6426,25.5501690387302,8.97402014023463,46.18418917896483,86.8,62.0,65.4,47.7
fish10,17.7,7405,370.25,20.0,20.0,5.647326965757531,4.673649902695888,23.6,22.734167614713687,17.85268741852223,625,6426,25.544431183068546,8.990403584628636,47.034834767697184,86.8,62.2,65.4,47.7
fish10,17.7,7410,370.5,20.0,20.0,5.647326965757531,4.673649902695888,23.6,22.980659840728098,17.955688949631753,635,3523,25.546349585846325,9.024277303017511,47.27062688886384,86.8,62.2,65.4,47.8
fish10,17.7,7415,370.75,20.0,20.0,5.647326965757531,4.089443664858901,22.933333333333334,20.04171406901782,16.92474913022628,559,2404,25.44172724217545,9.042584580485023,45.66431182266047,87.1,62.2,65.4,48.0
fish10,17.7,7420,371.0,20.0,20.0,5.858618053011219,4.417974245127915,7.866666666666666,21.0845657944634,17.199075132463207,579,1800,25.464513707968628,9.074534448740218,46.11904815670884,87.1,62.1,65.4,48.0
fish10,17.7,7425,371.25,20.0,20.0,6.036797790982188,4.478914490083559,6.933333333333334,21.937808115282515,17.632514899708706,605,1528,25.452465066113888,9.072184181965724,46.62464924807961,87.1,62.1,65.4,48.0
fish10,17.7,7430,371.5,20.0,20.0,5.842062378369859,4.478914490083559,6.933333333333334,21.10352673492605,17.448436879968398,583,1234,25.45628451055833,9.062835233041977,46.17911974360031,87.1,62.1,65.4,48.1
fish10,17.7,7435,371.75,20.0,20.0,6.621004028819175,4.673649902695888,4.266666666666667,24.25104285172544,19.067127872339896,668,685,25.428758499635297,9.084195926655665,47.87295442629096,87.0,62.1,65.5,48.1
fish10,17.7,7440,372.0,20.0,20.0,6.701298660830031,4.731144407099002,2.1333333333333333,24.213120970800148,19.03746980824752,662,225,25.43702671755567,9.120660797108544,47.79768751466422,87.0,62.2,65.5,48.2
fish10,17.7,7495,374.75,20.0,20.0,7.876368617765568,4.791916395024325,15.466666666666667,27.55024649222601,20.910609955435884,754,1386,25.538988711039224,9.60312822976642,50.22211694080564,86.6,62.3,65.4,48.1
fish10,17.7,8570,428.5,20.0,20.0,98.19710872286399,30.67737651063301,20.53333333333333,2021.8809252938943,224.62040891721475,4748,7697,24.340502748541184,9.144863171005246,128.44536591954645,86.4,62.2,65.2,48.2
fish10,17.7,8575,428.75,20.0,20.0,98.19992563526567,29.601696315794083,18.133333333333333,1956.3329541145238,221.92099424409184,4510,6319,24.463271945454157,9.258421157826316,123.92169310328048,86.4,62.2,65.2,48.2
fish10,17.7,8580,429.0,20.0,20.0,98.54757065989322,29.919766731630595,16.666666666666668,1967.273416761471,221.14048344826344,5606,5075,24.33632738647462,9.307115817599827,145.76344320407446,86.4,62.2,65.2,48.2
fish10,17.7,8650,432.5,20.0,20.0,39.87655070080987,6.595590902959083,29.333333333333332,216.91315889268105,84.93844665493576,1546,27696,25.229417967544364,9.094570254474217,65.24398822201859,86.7,61.6,65.4,48.1
fish11,13.0,400,20.0,20.0,20.0,90.92543358637579,53.20846224117525,14.533333333333333,2860.2768297307543,232.3013433264068,30559,8077,23.43138862658842,8.915888580226895,643.5272772068154,86.2,61.6,64.9,47.9
fish11,13.0,405,20.25,20.0,20.0,66.61750012995624,40.382418248184955,14.133333333333333,1709.1960561243834,171.2919633955736,25114,7712,23.039587340385534,8.961367093870374,534.2809544342559,86.1,61.7,64.9,47.8
fish11,13.0,420,21.0,20.0,20.0,53.07335147439848,35.57812363286812,9.333333333333334,1501.4220705346984,152.08475079728365,20158,5630,23.165208005099817,9.218483001666598,435.54369100676644,86.0,61.9,65.0,48.1
fish11,13.0,430,21.5,20.0,20.0,50.79389882753538,35.10203869414498,8.533333333333333,1353.4319302237388,141.91315877891722,18476,3415,23.302569263524187,9.257877466456096,402.0804467299803,85.9,61.9,64.9,47.8
fish11,13.0,435,21.75,20.0,20.0,56.022278416354474,28.465556504249484,5.333333333333333,1014.0879787637465,136.6057164697633,18841,781,23.472044217917368,9.366598072041405,409.6586422899588,85.9,61.9,65.1,47.9
fish11,13.0,440,22.0,20.0,20.0,74.62971419972149,45.1338571274247,5.466666666666667,2240.4057641259,198.54052587628473,16999,727,23.52499992283951,9.400771216487884,372.9057711393274,85.9,62.0,65.1,48.1
fish11,13.0,445,22.25,20.0,20.0,73.34747231446572,32.347463850771966,5.466666666666667,1807.186196435343,185.3758805811896,21425,1682,24.188945018156073,9.39441046014362,462.0833554782997,86.0,62.0,65.1,48.0
fish11,13.0,450,22.5,20.0,20.0,42.77188796432252,22.08053277474255,4.666666666666667,637.3151308304891,104.62729340073737,7849,1414,24.838563366529673,8.970608568816717,190.7891719353464,86.3,62.2,65.2,48.2
fish11,13.0,455,22.75,20.0,20.0,56.5346949879208,30.551144366489382,4.4,1083.295411452408,141.53090930957697,4350,1368,24.86988280931638,8.972148284912112,120.84203109422849,86.2,62.2,65.2,48.2
fish11,13.0,460,23.0,20.0,20.0,49.529449844664896,24.135336657571685,4.4,797.629882442169,120.90166963380946,7785,1311,24.801705683936596,8.972096196450126,189.47380188038673,86.2,62.2,65.2,48.2
fish11,13.0,465,23.25,20.0,20.0,56.9070563388745,31.536888392908853,4.133333333333333,1174.7250663632915,144.18273677167048,13163,1111,24.848762997756776,8.915966636562342,297.0247296343191,86.2,62.2,65.2,48.1
fish11,13.0,470,23.5,20.0,20.0,11.062410201132264,7.562155113635155,3.8666666666666667,58.854759196056115,30.067652102363333,1582,946,24.7056900589366,8.947275250487856,65.29296530942446,86.2,62.2,65.3,48.2
fish11,13.0,500,25.0,20.0,20.0,46.986416802663605,16.29114933256803,2.2666666666666666,596.719757299962,109.36208135718518,5860,191,25.127235019241144,9.049410690466567,151.3766457097077,86.1,62.2,65.4,48.1
fish11,13.0,505,25.25,20.0,20.0,42.672796830597605,21.17908812051259,2.2666666666666666,633.8073568448993,104.56878436308423,9409,191,25.066609967248237,9.050986211299898,222.29759617854813,86.3,62.2,65.5,48.1
fish11,13.0,510,25.5,20.0,20.0,46.60212517397495,13.50682753766209,2.1333333333333333,428.3086841107318,104.22876044407373,3304,174,25.130945900170595,9.015341680049898,100.22628758022049,86.3,62.1,65.4,48.1
fish11,13.0,515,25.75,20.0,20.0,28.489033745690065,14.037675868329282,2.2666666666666666,300.3033750474023,71.83713987104937,4178,190,24.994461609564887,9.014772025171915,117.5692336347368,86.3,62.1,65.4,48.1
fish11,13.0,520,26.0,20.0,20.0,17.637961803208512,6.546017850400724,2.2666666666666666,82.93515358361773,41.6978034487735,1146,171,25.067981563144254,9.00975902095371,56.99774058409797,86.3,62.1,65.4,48.1
fish11,13.0,525,26.25,20.0,20.0,18.11487874137519,6.777186667216741,2.2666666666666666,98.36935912021235,42.81338744192358,2629,156,24.949535358174636,9.079742730447977,86.6092780886226,86.2,62.2,65.4,48.1
fish11,13.0,535,26.75,20.0,20.0,19.42420072280471,11.997957918267373,1.8666666666666667,156.6742510428517,51.49612246858169,1757,161,25.01589820539686,9.0578775329166,69.21377573831346,86.2,62.2,65.4,48.1
fish11,13.0,540,27.0,20.0,20.0,17.817190826191972,6.270019863567784,2.2666666666666666,86.25331816458095,42.55624522283649,1183,504,24.769509272803788,9.090139911132388,57.51964918393618,86.2,62.3,65.4,48.0
fish11,13.0,545,27.25,20.0,20.0,17.835693899530856,6.1115700266865876,2.4,93.87561623056502,42.54824825497081,1357,420,24.890902506510418,9.094345599269866,61.12524810578029,86.2,62.3,65.4,48.1
fish11,13.0,550,27.5,20.0,20.0,54.540101121964284,12.548061093199212,1.6,480.62191884717475,120.11824781492804,3110,304,25.468294170445567,9.084521334319644,96.75281550476521,86.8,62.1,65.4,48.2
fish11,13.0,555,27.75,20.0,20.0,55.67686196166495,7.054961567146942,1.6,338.9647326507394,119.3834959206376,1487,298,25.43499560680625,9.081109875986309,64.25610548279256,86.8,62.1,65.4,48.2
fish11,13.0,560,28.0,20.0,20.0,54.54382134804751,12.621834186714723,1.6,477.6071293136139,120.00975694463281,3251,297,25.398580586581765,9.073814961581759,99.49239554816353,86.7,62.1,65.4,48.2
fish11,13.0,565,28.25,20.0,20.0,54.540101121964284,6.73979423508305,1.4666666666666666,319.8900265453166,117.649412455444,1337,297,25.303320194931967,9.073632669915092,61.11695286484706,86.4,62.1,65.4,48.2
fish11,13.0,570,28.5,20.0,20.0,54.540101121964284,15.101058814250116,1.4666666666666666,556.5794463405384,120.88437634894714,1570,255,25.265924394602834,9.092018081622655,65.7579424762255,86.3,62.3,65.4,48.2
fish11,13.0,575,28.75,20.0,20.0,54.540101121964284,6.73979423508305,1.4666666666666666,319.8900265453166,117.649412455444,1331,199,25.269097145061725,9.093372248289322,60.98246939335105,86.3,62.3,65.4,48.2
fish11,13.0,580,29.0,20.0,20.0,55.093428294739816,12.61152482218136,1.4666666666666666,487.48577929465296,120.7646479611679,1751,267,25.228046792941626,9.092831883705987,69.3408786766476,86.3,62.3,65.4,48.2
fish11,13.0,585,29.25,20.0,20.0,55.093428294739816,14.915096538627196,1.4666666666666666,549.0709139173302,122.31172905857707,1835,267,25.330855011645657,9.08336573787265,71.11422074951831,86.6,62.3,65.4,48.2
fish11,13.0,590,29.5,20.0,20.0,55.093428294739816,12.038142005676779,1.4666666666666666,481.66477057262034,120.68218186632366,1981,267,25.38241725891491,9.04930323787265,74.05172049678757,86.6,62.1,65.4,48.2
fish11,13.0,595,29.75,20.0,20.0,55.093428294739816,11.424574358906145,1.4666666666666666,457.2241183162684,120.06978189734349,1655,267,25.311106745044096,9.049283711581761,67.46039045662586,86.6,62.1,65.4,48.2
fish11,13.0,600,30.0,20.0,20.0,55.318733744048856,10.596976340999651,1.8666666666666667,419.8710656048539,118.73191757607536,1458,358,25.459947897376537,8.990891872151693,63.610839769528226,86.8,62.1,65.3,47.9
fish11,13.0,605,30.25,20.0,20.0,55.144180260795395,10.752594408346248,1.8666666666666667,425.3507773985589,118.8109606339233,1461,358,25.34463535759066,8.992265570068358,63.556900927659015,86.7,62.1,65.3,47.9
fish11,13.0,610,30.5,20.0,20.0,55.144180260795395,10.752594408346248,1.8666666666666667,425.5972696245733,118.81231124016283,1534,358,25.345073727737244,9.021022080485025,65.04609580822228,86.7,62.2,65.2,47.9
fish11,13.0,615,30.75,20.0,20.0,55.143692946835614,10.75543137787737,1.8666666666666667,425.50246492226006,118.82518336726785,1483,358,25.34587234291736,9.017366479990217,64.02323882290757,86.7,62.2,65.2,47.9
fish11,13.0,620,31.0,20.0,20.0,55.143692946835614,10.75543137787737,1.8666666666666667,426.6401213500189,118.83362361162277,1581,358,25.350707412361803,9.017021427906885,65.98772884026869,86.7,62.2,65.2,47.9
fish11,13.0,625,31.25,20.0,20.0,55.143692946835614,11.315199117773833,1.8666666666666667,439.2491467576791,119.08361502299253,1506,358,25.31070743662516,9.0159830209944,64.44669045761957,86.7,62.2,65.2,47.9
fish11,13.0,630,31.5,20.0,20.0,55.337733045627274,12.219434684422863,1.8666666666666667,465.4910883579825,119.82164307759179,1864,358,25.306562427586687,8.981191354327732,71.56775378191442,86.5,62.2,65.3,47.9
fish11,13.0,635,31.75,20.0,20.0,55.334262419377104,11.328172366239796,1.8666666666666667,443.95145999241555,118.95014065333558,1522,358,25.216115385813776,8.991028590901694,64.64714397671547,86.5,62.2,65.2,47.9
fish11,13.0,640,32.0,20.0,20.0,55.334262419377104,11.313646547383666,1.8666666666666667,444.3306788016685,118.93967983890352,1599,358,25.273650078648693,8.99108718465169,66.24473726330038,86.5,62.2,65.3,47.9
fish11,13.0,645,32.25,20.0,20.0,55.32466471151062,11.770392699041164,1.8666666666666667,459.3667045885475,119.09457064959366,1550,358,25.225069362386073,8.990260370508828,65.2153297328949,86.5,62.2,65.3,47.9
fish11,13.0,700,35.0,20.0,20.0,55.281275940530314,10.705851639609197,1.6,430.4133485020856,119.13604500935438,1467,299,25.622173702871066,9.009221935685476,63.971395638556544,86.6,62.2,65.5,48.1
fish11,13.0,705,35.25,20.0,20.0,55.281275940530314,6.528312605099659,1.6,316.1926431551004,118.08467024825926,1275,299,25.62912691693718,9.008720633602143,60.13784755053933,86.5,62.2,65.5,48.1
fish11,13.0,710,35.5,20.0,20.0,55.31189946290554,11.554617357643819,1.6,470.49677664012125,120.02707722769135,3059,299,25.720637274829254,9.015367765543196,95.91600504037245,86.8,62.1,65.5,48.0
fish11,13.0,715,35.75,20.0,20.0,55.28088371222122,6.676193820478035,1.6,320.3640500568828,118.10504494891777,1289,299,25.68729960869683,9.018408130126529,60.48570773882336,86.8,62.1,65.5,48.0
fish11,13.0,720,36.0,20.0,20.0,55.281275940530314,11.474443068409617,1.6,450.45506257110344,119.63599793211391,1507,299,25.743571241421165,9.020725838459862,64.90429707988102,86.8,62.1,65.5,48.0
fish11,13.0,725,36.25,20.0,20.0,55.26273423864584,6.527937462493423,1.6,315.6427758816837,117.8067971983947,1258,299,25.700667649257326,9.021005786376529,59.88167343563386,86.8,62.1,65.5,48.0
fish11,13.0,730,36.5,20.0,20.0,55.07732316265426,6.518877582838654,1.6,314.8464163822525,117.6733734822753,1191,299,25.555824028787484,9.07440422387653,58.45022825266401,86.7,62.2,65.5,48.0
fish11,13.0,735,36.75,20.0,20.0,55.06280477236459,10.76605422791535,1.6,429.427379598028,118.69041303776339,1382,299,25.521435870869954,9.073720630126532,62.23515650099649,86.7,62.2,65.5,48.0
fish11,13.0,740,37.0,20.0,20.0,55.06280477236459,10.76605422791535,1.6,429.54114524080387,118.70221591558357,1386,299,25.540407362120824,9.071061123148603,62.331468485269426,86.7,62.2,65.4,48.0
fish11,13.0,745,37.25,20.0,20.0,55.06143791613593,10.57084932990274,1.6,424.7819491846795,118.57341587851455,1393,299,25.468419487169054,9.063466723876532,62.39188621104559,86.7,62.2,65.4,48.0
fish11,13.0,750,37.5,20.0,20.0,17.45662603877696,6.00989375183355,1.3333333333333333,76.6211604095563,40.5995198440524,1067,227,25.426010855196722,9.076627451578775,55.8426383067755,86.8,62.3,65.4,48.0
fish11,13.0,755,37.75,20.0,20.0,17.461903292390232,6.187728432892445,1.3333333333333333,79.57906712172922,40.85328420111299,1075,227,25.397043818250115,9.081100107828775,55.978143926078886,86.8,62.3,65.4,48.0
fish11,13.0,760,38.0,20.0,20.0,17.39753327829995,6.188304146793105,1.3333333333333333,79.0481607887751,40.64921047688926,1109,227,25.378406710984976,9.077512901772394,56.63591961275737,86.8,62.3,65.5,48.0
fish11,13.0,765,38.25,20.0,20.0,17.698020277325337,6.5950805604432725,1.3333333333333333,84.24345847554038,41.197867867073796,1132,227,25.27777730750567,9.079889203855728,56.9976665113614,86.8,62.3,65.3,48.0
fish11,13.0,770,38.5,20.0,20.0,17.46900351621282,6.188304146793105,1.3333333333333333,80.07205157375805,40.86910704767306,1107,227,25.329222539435495,9.044635302056209,56.513857841491706,86.4,62.3,65.3,48.0
fish11,13.0,775,38.75,20.0,20.0,17.698020277325337,6.5950805604432725,1.3333333333333333,84.24345847554038,41.197867867073796,1203,227,25.192369356433264,9.043941944874659,58.296311301307924,86.4,62.3,65.3,48.0
fish11,13.0,780,39.0,20.0,20.0,17.67307217972565,6.848148048327095,1.3333333333333333,87.04967766401212,41.55438691790901,1182,227,25.195733077418954,9.038193246957992,57.873926324376946,86.4,62.3,65.3,48.0
fish11,13.0,785,39.25,20.0,20.0,17.67307217972565,6.848148048327095,1.3333333333333333,89.3060295790671,41.604850284157614,1203,227,25.16354575781175,9.039553924041325,58.26309968185308,86.4,62.3,65.3,48.0
fish11,13.0,790,39.5,20.0,20.0,17.573631903377112,6.620021972333146,1.3333333333333333,84.9829351535836,41.31114579845302,1101,227,25.236883435736758,9.040048715707991,56.29693215144475,86.7,62.1,65.4,48.0
fish11,13.0,795,39.75,20.0,20.0,18.18270006744285,8.460006570268353,1.3333333333333333,118.35419036784222,44.4127734704211,1952,224,25.248142263454863,9.048551324197982,73.33669358765285,86.7,62.1,65.4,48.0
fish11,13.0,800,40.0,20.0,20.0,17.617335645575327,6.4918673151896344,1.3333333333333333,83.14372392870685,41.114182883759085,1066,206,25.399912299186795,9.132451161691877,55.85236346087867,86.9,62.1,65.5,48.3
fish11,13.0,805,40.25,20.0,20.0,17.506675262445412,8.945416588468893,1.3333333333333333,119.58665149791427,43.150601552099076,2214,206,25.39661803654801,9.131448558796773,78.80806659534478,86.9,62.1,65.5,48.3
fish11,13.0,810,40.5,20.0,20.0,17.919641157670156,6.487056575550057,1.3333333333333333,84.16761471368979,41.681081351029164,1104,206,25.316670136157377,9.085804027546775,56.482474163704154,86.8,62.3,65.5,48.2
fish11,13.0,815,40.75,20.0,20.0,17.808408774922814,5.894984228688444,1.3333333333333333,76.67804323094424,40.56001544725983,1092,206,25.282946663392615,9.086774079630109,56.20972074302273,86.9,62.3,65.5,48.2
fish11,13.0,820,41.0,20.0,20.0,17.401911675371547,6.087645214116782,1.3333333333333333,75.7299962078119,40.30309701373734,987,206,25.20826378008054,9.02587889251709,53.97414267259763,86.9,62.3,65.5,48.1
fish11,13.0,825,41.25,20.0,20.0,17.718316606607697,5.991312678546836,1.3333333333333333,77.62609025407659,40.313413946122786,1092,206,25.253723881172842,9.069023422198825,56.162747303371674,86.8,62.3,65.5,48.1
fish11,13.0,830,41.5,20.0,20.0,17.73052471272827,6.325812854823207,1.3333333333333333,80.0151687523701,40.786820747351435,1044,206,25.212391387091742,9.073942044311101,55.16633343140285,86.7,62.3,65.4,48.1
fish11,13.0,835,41.75,20.0,20.0,17.75565406734958,5.991312678546836,1.3333333333333333,85.89306029579066,40.76495587626103,1186,206,25.230468641191646,9.08952471309238,58.03999335428402,86.7,62.3,65.5,48.1
fish11,13.0,840,42.0,20.0,20.0,17.75779498020339,5.99453890496047,1.3333333333333333,76.41259006446718,40.334922524594354,1012,206,25.114045132785375,9.114944622029196,54.46898975481457,86.7,62.3,65.4,48.1
fish11,13.0,845,42.25,20.0,20.0,17.64011757319524,6.08818229947185,1.3333333333333333,77.07622298065982,40.866281778134116,995,206,25.097348058611075,9.120214825057984,54.117562883669066,86.7,62.3,65.4,48.2
fish11,13.0,1285,64.25,20.0,20.0,33.34199438560048,12.060066676727196,18.266666666666666,296.2267728479332,79.06352689139904,2363,7283,24.22114006843096,9.098082619465723,80.57922268789667,86.6,62.5,65.5,48.2
fish11,13.0,1325,66.25,20.0,20.0,95.38155723455968,44.37319272189388,7.6,2738.907849829351,238.58521261464023,5606,2100,23.828315945020133,9.060126865376368,145.0084428103965,86.6,62.4,65.1,48.0
fish11,13.0,1330,66.5,20.0,20.0,95.93689309170603,41.00477760336115,8.0,2761.2248767538867,229.35067371240206,5953,2034,24.016275908745662,9.091474521626367,152.16775043037202,86.4,62.5,65.3,48.0
fish11,13.0,1335,66.75,20.0,20.0,95.57272693527115,29.24455758323048,7.066666666666666,2188.813045127038,220.60932731958783,4975,1890,23.997200486001848,9.110693271626365,132.6078937576282,86.4,62.5,65.2,48.0
fish11,13.0,1340,67.0,20.0,20.0,56.09989207872987,28.890360562985084,7.066666666666666,1304.1714069017821,150.81959656488485,3136,1845,24.237348024702666,9.116061112085976,96.07340913678864,86.4,62.5,65.3,48.0
fish11,13.0,1345,67.25,20.0,20.0,85.6996985672165,40.72411150536466,6.8,2316.951080773606,218.97094138681746,5043,1709,24.19805555487738,9.110764882310226,134.1688204371876,86.4,62.5,65.3,48.0
fish11,13.0,1350,67.5,20.0,20.0,68.95071776943115,17.65353653564881,6.266666666666667,749.9051952976866,148.6870753911782,1844,1572,24.378328639484923,8.89324861585829,70.15157725534323,86.7,62.4,65.2,48.1
fish11,13.0,1355,67.75,20.0,20.0,69.56957084123816,16.297491842611684,6.266666666666667,726.3177853621538,151.88494218449299,3433,1554,24.372690653859827,8.886907470024957,101.91959812388478,86.6,62.4,65.3,48.1
fish11,13.0,1360,68.0,20.0,20.0,33.947446323513425,24.99840979460851,5.866666666666666,638.8130451270382,98.93052115376459,3698,1408,24.300616272349423,8.887314390299055,107.14793066264849,86.7,62.4,65.2,48.1
fish11,13.0,1365,68.25,20.0,20.0,36.4369015727777,7.319551504467067,6.666666666666667,237.35305271141445,80.54975560986523,2307,1379,24.29231770644953,8.89544265030755,79.32776035675708,86.6,62.4,65.0,48.1
fish11,13.0,1370,68.5,20.0,20.0,41.195073704656906,18.278895545961603,6.0,470.3640500568827,96.95829609427572,3053,1086,24.438341970486118,8.80649733780755,94.30483930829367,86.3,62.4,65.3,48.1
fish11,13.0,1375,68.75,20.0,20.0,58.24541064374348,29.105970247350367,5.333333333333333,1117.4819871065604,141.17607842368412,4789,927,24.384804652668524,8.801321559651692,128.9661262123202,86.3,62.4,65.1,48.1
fish11,13.0,1380,69.0,20.0,20.0,48.75326567808558,10.671755262413864,4.666666666666667,426.2988244216912,107.36766528932402,1844,799,24.25069442749023,8.806367144097223,69.93706157158746,86.3,62.4,65.1,48.1
fish11,13.0,1385,69.25,20.0,20.0,47.38334888004081,15.802798344905925,4.666666666666667,550.910125142207,108.7556528877825,2790,865,24.408016408491722,8.81195305718316,89.01996946567488,86.3,62.4,65.2,48.1
fish11,13.0,1390,69.5,20.0,20.0,22.104577558660687,10.096415018647038,3.7333333333333334,179.2946530147895,55.723948046243805,2638,805,24.562031216769746,8.797119101195863,86.1191503179656,86.5,62.2,65.2,48.0
fish11,13.0,1395,69.75,20.0,20.0,46.12200206652408,8.458866285316725,3.8666666666666667,301.85817216533934,100.80896327776398,1343,892,24.655750833224072,9.010312471347385,60.52606330457146,86.5,62.2,65.2,48.4
fish11,13.0,1400,70.0,20.0,20.0,24.891393866183936,7.3580537644299,4.133333333333333,140.57641259006445,56.740916496422315,1756,910,25.06627133741968,9.084602685504487,69.27087402292416,86.7,62.1,65.2,48.3
fish11,13.0,1405,70.25,20.0,20.0,10.422125715087788,7.0561278520811825,3.8666666666666667,59.00644671975729,28.707511831708306,1585,856,25.02830259781826,9.083281081771851,65.81158367959011,86.7,62.1,65.2,48.2
fish11,13.0,1410,70.5,20.0,20.0,22.473970454456914,6.61935042992515,3.7333333333333334,128.80166856276068,51.62187454161783,2180,846,25.088758352322046,9.102623507648042,77.79138185997009,86.6,62.2,65.2,48.2
fish11,13.0,1415,70.75,20.0,20.0,14.102967024660623,6.005958840179621,3.3333333333333335,71.7292377701934,35.488830035447464,1921,702,24.927391169776453,9.209003715981375,72.55639488575783,86.6,62.2,65.2,48.3
fish11,13.0,1420,71.0,20.0,20.0,7.789416504493146,6.231533203594517,2.1333333333333333,36.29124004550625,22.98367945283415,991,480,24.938324217544377,9.14182277408176,53.90014699162614,86.6,62.2,65.2,48.1
fish11,13.0,1425,71.25,20.0,20.0,6.426268616206846,6.036797790982188,1.7333333333333334,31.854379977246865,20.946170619151857,871,352,24.950824441113888,9.250823228189681,51.62164766930357,86.6,62.2,65.3,48.0
fish11,13.0,1550,77.5,20.0,20.0,12.671088553771945,8.708527032621934,3.7333333333333334,86.32916192643154,35.594830525265486,1594,667,25.250807280815966,9.103144500350952,66.23395178116692,86.4,62.4,65.3,48.4
fish11,13.0,1555,77.75,20.0,20.0,12.837735070885245,8.579833804410063,3.7333333333333334,85.81721653394007,35.63109562601031,1579,648,25.287456560751828,9.107929656600952,65.97538621735278,86.4,62.4,65.3,48.4
fish11,13.0,1560,78.0,20.0,20.0,12.98055817536092,8.676056025768077,3.466666666666667,87.54266211604094,35.91714060969495,1567,587,25.211466977418503,9.115390594100953,65.66685757151946,86.4,62.4,65.3,48.4
fish11,13.0,1565,78.25,20.0,20.0,13.067592745721049,8.900210047275797,3.466666666666667,89.45771710276829,36.26748406108916,1608,583,25.21269962557569,9.116484344100952,66.48918396967665,86.4,62.4,65.3,48.4
fish11,13.0,1570,78.5,20.0,20.0,13.138829726647074,8.900210047275797,3.2,90.5195297686765,36.53118972042928,1634,554,25.027486917961962,9.085800750350952,66.79328766831291,85.9,62.3,65.3,48.4
fish11,13.0,1575,78.75,20.0,20.0,13.423079365103922,8.707344404841482,3.0666666666666664,91.10731892301857,36.84601088129613,1643,605,25.01648430718316,9.089511687850951,66.9659959950341,85.9,62.3,65.3,48.4
fish11,13.0,1580,79.0,20.0,20.0,13.61528460797993,8.738634269628179,2.933333333333333,92.62419416003033,37.29552035565087,1669,578,25.031683959960937,9.093854135767618,67.50553809572855,85.9,62.3,65.3,48.4
fish11,13.0,1585,79.25,20.0,20.0,13.697509924413774,9.127336981080859,2.933333333333333,96.22677284793325,37.91428498108847,1730,587,25.013936586714387,9.094570281600953,68.70850686831534,85.9,62.3,65.3,48.4
fish11,13.0,1590,79.5,20.0,20.0,14.994626771149306,8.957828980167118,2.933333333333333,101.93401592718998,39.41030280907885,1866,578,25.168276830131628,8.98914059410095,71.47741742423258,86.2,62.1,65.3,48.3
fish11,13.0,1595,79.75,20.0,20.0,14.168770752077712,9.165782783938596,3.466666666666667,101.38414865377321,39.01295329269512,1812,669,25.173328903367793,8.988958302434286,70.40228720580208,86.2,62.1,65.3,48.3
fish11,13.0,1920,96.0,20.0,20.0,83.81715719774452,57.23615371876441,22.8,3285.058778915434,237.9044675824427,11682,11953,24.69015613538954,9.905039059787326,268.23519519517686,87.0,62.0,65.4,48.2
fish11,13.0,1925,96.25,20.0,20.0,89.18881897644653,58.22588837108627,22.666666666666668,3884.546833522942,245.81580712860438,10991,3920,24.76520795348367,10.090797511535225,254.67600546501887,87.0,62.1,65.6,47.9
fish11,13.0,1930,96.5,20.0,20.0,83.34675659807667,58.03115295847394,22.4,3301.4979142965485,232.42093249820772,5011,1415,24.802130646863404,10.211087164815265,135.23321781167868,86.8,62.3,65.6,48.1
fish11,13.0,2370,118.5,20.0,20.0,51.99062899855535,23.11756065257615,25.2,850.5309063329539,126.50628559241909,5664,2296,23.676814216820986,9.128375649759505,146.0851898665805,86.2,62.4,65.1,48.2
fish11,13.0,2375,118.75,20.0,20.0,54.79394415218654,31.98863437648204,6.133333333333333,1116.0788775123244,140.96166536530419,8081,2143,23.80919696404728,9.323225790140361,194.75242275418765,86.2,62.4,65.2,48.4
fish11,13.0,2410,120.5,20.0,20.0,52.50391916953739,24.390649058239756,3.0666666666666664,738.0546075085323,123.95227463811729,4011,378,25.250503467399692,9.008710879474213,114.4792143468739,86.8,62.3,65.5,48.1
fish11,13.0,2740,137.0,20.0,20.0,88.79934815122186,7.399945679268489,32.13333333333333,539.04057641259,184.89865331465904,1354,1992,24.464960929192433,9.023883459716371,60.5688443889088,86.9,62.6,65.5,48.0
fish11,13.0,2985,149.25,20.0,20.0,8.344544361778615,5.3977902755122065,4.133333333333333,36.38604474781948,23.321582562548823,986,694,24.96626287161745,9.245585818439059,53.931848690056505,86.6,62.3,65.6,48.2
fish11,13.0,2995,149.75,20.0,20.0,8.178887329717803,6.231533203594517,2.933333333333333,40.53849070913917,23.85835426961143,1100,401,25.0878645434721,9.252294868458641,56.34015941193074,86.9,62.2,65.6,48.2
fish11,13.0,3000,150.0,20.0,20.0,8.547818911536858,5.506459802830807,3.0666666666666664,36.348122866894194,23.27142242109741,986,433,25.670503351658947,8.828909405506982,54.21941275716593,87.2,62.4,65.7,48.0
fish11,13.0,3005,150.25,20.0,20.0,8.196427660843453,6.568768578041506,2.0,41.50549867273416,23.96893073315461,1126,310,25.500494511281705,8.828248596149018,56.84874310743072,87.2,62.4,65.7,48.0
fish11,13.0,3010,150.5,20.0,20.0,9.326715990587413,7.217725915428181,1.8666666666666667,50.81532043989381,27.101559600459602,1366,312,25.330524799092608,8.823564369191066,61.474089168283676,87.1,62.4,65.6,48.0
fish11,13.0,3015,150.75,20.0,20.0,6.454237911785866,5.8049956888754455,1.3333333333333333,31.70269245354569,20.677020447381754,864,211,25.267820900170598,8.861113157653808,51.40893405782441,87.1,62.6,65.7,48.0
fish11,13.0,3285,164.25,20.0,20.0,7.594681091880817,5.647326965757531,56.8,35.817216533940076,22.191202141795028,977,7840,24.20845027170063,8.755455639478898,52.50390591117953,86.9,62.7,65.4,48.4
fish11,13.0,3290,164.5,20.0,20.0,7.594681091880817,6.231533203594517,34.266666666666666,39.097459233978,22.824480236097017,1066,1909,24.383832280646434,8.729511612786188,54.43334389343262,86.7,62.7,65.4,48.2
fish11,13.0,3350,167.5,20.0,20.0,9.347299805391776,7.399945679268489,17.466666666666665,58.229048160788764,27.798023897143644,1574,6655,25.132924988471135,9.143502597003511,65.75642758547465,87.0,62.7,65.5,48.0
fish11,13.0,3355,167.75,20.0,20.0,8.56835815494246,7.0104748540438315,17.2,52.25635191505498,26.694208865764985,1423,6395,25.12562899695503,9.18740884903802,62.77303784599305,87.0,62.7,65.5,48.0
fish11,13.0,3360,168.0,20.0,20.0,9.152564392779446,7.0104748540438315,16.4,51.68752370117557,26.836183674379456,1396,5998,25.195264572313103,9.184469396368662,62.299733968681764,87.0,62.6,65.5,48.1
fish11,13.0,3365,168.25,20.0,20.0,9.152564392779446,6.815739441431503,16.0,49.184679560106176,26.292949393067783,1330,5469,25.19516912824842,9.191523435423111,60.98669256367153,87.0,62.6,65.5,48.1
fish11,13.0,3370,168.5,20.0,20.0,8.373622742330133,6.426268616206846,15.466666666666667,43.36367083807356,24.922630291720658,1173,5427,25.069079687499997,9.209999993896487,57.73907968139648,86.6,62.6,65.5,48.2
fish11,13.0,3375,168.75,20.0,20.0,8.76309356755479,5.4525915531452025,15.333333333333334,41.84679560106181,24.23345202587779,1146,5027,25.11521246592204,9.205234373474122,57.240446839396164,86.6,62.6,65.6,48.2
fish11,13.0,3380,169.0,20.0,20.0,8.178887329717803,6.426268616206846,15.2,44.55821008722032,24.781198604171504,1208,4901,25.127846968737945,9.175091141594782,58.46293811033273,86.6,62.6,65.6,48.2
fish11,13.0,3385,169.25,20.0,20.0,8.680849679704796,6.995059835782424,14.666666666666666,51.08077360637087,26.266019284293723,1385,4733,25.03023420854733,9.182382805336847,61.91261701388417,86.6,62.6,65.5,48.2
fish11,13.0,3390,169.5,20.0,20.0,9.170736894910853,6.7747783259703676,14.666666666666666,50.20857034508911,26.349507015954654,1353,4653,25.18140610411844,9.12981770117018,61.37122380528862,86.8,62.6,65.5,48.3
fish11,13.0,3395,169.75,20.0,20.0,8.76309356755479,6.621004028819175,13.466666666666667,47.042093287827065,25.43118031765876,1273,4041,25.072235100470653,9.14957355752521,59.681808657995866,86.8,62.4,65.5,48.3
fish11,13.0,3400,170.0,20.0,20.0,80.35075037332298,10.88459780577275,12.4,555.0246492226014,168.13776306233908,2142,3871,25.494066819763184,8.845859365463255,77.17992618522644,87.0,62.3,65.6,48.2
fish11,13.0,3420,171.0,20.0,20.0,7.984151917105475,5.4525915531452025,10.933333333333334,37.16344330678801,22.674068920625132,1017,2826,25.433194427490236,8.892513020451863,54.6657074479421,86.8,62.5,65.6,48.3
fish11,13.0,3425,171.25,20.0,20.0,7.594681091880817,5.4525915531452025,10.4,35.11566173682214,21.86720923170537,959,2554,25.424348933919266,8.912412108092838,53.5167610420121,86.8,62.5,65.6,48.3
fish11,13.0,3430,171.5,20.0,20.0,7.594681091880817,5.647326965757531,10.4,36.80318543799772,22.55946865798747,1006,2549,25.51851555258669,8.956289059066776,54.59480461165347,86.8,62.5,65.6,48.3
fish11,13.0,3435,171.75,20.0,20.0,7.984151917105475,6.036797790982188,9.333333333333334,40.27303754266211,23.21069871885408,1094,2205,25.40182724321154,8.936276038233437,56.21810328144497,86.7,62.5,65.5,48.2
fish11,13.0,3440,172.0,20.0,20.0,7.984151917105475,7.0104748540438315,9.333333333333334,47.59196056124383,25.050265599211528,1289,2191,25.480295124119888,8.944544267400106,60.20483939152,86.7,62.5,65.6,48.2
fish11,13.0,3450,172.5,20.0,20.0,8.178887329717803,7.0104748540438315,7.6,46.96624952597648,25.49467471269183,1271,1641,26.072083324215733,8.794199090533787,60.28628241474952,87.2,62.5,65.6,48.0
fish11,13.0,3455,172.75,20.0,20.0,8.76309356755479,6.815739441431503,6.4,49.39324990519529,26.345743750614496,1341,1418,25.971575507100425,8.79694646199544,61.588521969095865,87.2,62.5,65.6,48.0
fish11,13.0,3460,173.0,20.0,20.0,8.373622742330133,6.815739441431503,6.266666666666667,46.890405764125894,25.601214284292148,1271,1346,25.99895832248264,8.801389843400319,60.22034816588296,87.1,62.5,65.6,48.0
fish11,13.0,3465,173.25,20.0,20.0,8.178887329717803,6.815739441431503,5.6,44.52028820629503,24.90786599266689,1209,1111,25.989318562655974,8.82738596800698,58.99670453066295,87.1,62.5,65.6,48.0
fish11,13.0,3470,173.5,20.0,20.0,8.373622742330133,6.815739441431503,4.533333333333333,45.69586651497914,25.104502305793552,1238,867,25.983012151572144,8.836038299041325,59.579050450613465,87.1,62.5,65.6,48.0
fish11,13.0,3475,173.75,20.0,20.0,8.373622742330133,6.815739441431503,3.7333333333333334,45.601061812665904,25.09364594341175,1234,681,25.919027744547524,8.883212786769867,59.482240531317395,87.1,62.5,65.6,48.1
fish11,13.0,3480,174.0,20.0,20.0,8.373622742330133,6.815739441431503,3.2,45.620022753128545,25.101274152595494,1235,578,25.94883680487739,8.885113806396058,59.533950611273454,87.1,62.5,65.6,48.1
fish11,13.0,3485,174.25,20.0,20.0,8.674212998429319,6.69959603339737,3.2,45.999241562381485,25.1814537346833,1242,703,25.95055550062391,8.873854033745662,59.66440953436957,87.1,62.5,65.6,48.1
fish11,13.0,3490,174.5,20.0,20.0,8.957828980167118,6.815739441431503,2.6666666666666665,49.469093667045875,26.293834204975994,1341,652,26.0165625,8.859775286769866,61.69633778676987,87.1,62.5,65.4,48.0
fish11,13.0,3495,174.75,20.0,20.0,9.542035218004104,6.815739441431503,2.2666666666666666,52.692453545695855,27.12664152832692,1431,502,25.976067707127704,8.86683908029132,63.46290678741903,86.8,62.5,65.4,48.0
fish11,13.0,3665,183.25,20.0,20.0,54.136444706227365,7.20521026665616,31.866666666666667,346.28365566932115,117.22355017420188,1523,25383,25.018728253381045,8.8746385802269,64.35336683360794,86.4,62.6,65.3,48.2
fish11,13.0,3670,183.5,20.0,20.0,51.994355167491754,7.20521026665616,31.733333333333334,310.16306408797874,112.83013205372153,1424,21112,25.079040714047277,8.973199765936533,62.53224047998381,86.4,62.6,65.3,48.0
fish11,13.0,3675,183.75,20.0,20.0,50.63119539349911,8.957827494453825,31.733333333333334,333.8263177853621,110.45309467034028,1752,21112,25.01049039018419,9.020224492549898,69.07071488273408,86.4,62.7,65.3,48.1
fish11,13.0,3680,184.0,20.0,20.0,48.687359436451345,7.365460788047292,31.733333333333334,275.93856655290097,104.61379799369207,1477,21112,24.98164924218449,9.01591786278619,63.53756710497068,86.4,62.7,65.2,48.1
fish11,13.0,3685,184.25,20.0,20.0,46.82449782524553,7.365222331063921,31.2,268.7902919984831,101.56466651518441,1475,18422,25.057638816475585,8.96704740014606,63.524686216621646,86.4,62.6,65.2,48.0
fish11,13.0,3690,184.5,20.0,20.0,44.417416463744296,8.56925998291072,27.333333333333332,295.5821008722032,99.03432188255387,1627,16052,25.023676177130806,9.067581307209863,66.63125748434067,86.4,62.6,65.2,48.5
fish11,13.0,3750,187.5,20.0,20.0,26.32472090753234,6.454260940341893,16.53333333333333,160.8835798255593,61.80324376058784,2071,5645,25.468007596823607,9.336012289587659,76.22401988641127,86.5,62.6,65.4,48.6
fish11,13.0,3755,187.75,20.0,20.0,25.369564746369083,8.132310960869459,16.266666666666666,172.2980659840728,59.76374174966722,2270,5378,25.28838936087525,9.29746088850233,79.98585024937758,86.6,62.5,65.4,48.6
fish11,13.0,3760,188.0,20.0,20.0,23.826467264152686,8.089851503553316,16.0,161.8505877891543,56.77465270421568,2146,4748,25.233536908166197,9.330211551655664,77.48374845982187,86.6,62.5,65.4,48.6
fish11,13.0,3765,188.25,20.0,20.0,22.844970892035114,7.904612770303613,14.799999999999999,151.66856276071292,54.596707587675624,2528,4182,25.191427587419668,9.288404917017617,85.03983250443729,86.6,62.5,65.4,48.5
fish11,13.0,3770,188.5,20.0,20.0,21.50763727219775,6.864557008780867,12.4,133.29541145240802,51.636209190958965,2231,3284,25.19372794504048,9.30185218377643,79.1155801288169,86.6,62.5,65.4,48.5
fish11,13.0,3775,188.75,20.0,20.0,21.615630799968482,6.426268616206846,11.6,115.41524459613196,50.13102177267291,1978,3187,25.16732166339262,9.185016252634263,73.91233791602689,86.3,62.5,65.4,48.5
fish11,13.0,3780,189.0,20.0,20.0,20.64195373690684,6.426268616206846,10.133333333333333,114.50511945392489,48.73442797104194,1802,2461,25.177712320040477,9.16985021701389,70.38756253705436,86.3,62.5,65.4,48.5
fish11,13.0,3785,189.25,20.0,20.0,20.479816359634835,8.207266682165423,8.266666666666666,130.07205157375805,48.79657108662164,2132,2006,25.177217528373816,9.183538363891177,77.00075589226499,86.3,62.5,65.4,48.5
fish11,13.0,3790,189.5,20.0,20.0,19.295053609182126,7.360849876845491,7.866666666666666,118.24042472506635,46.651508589160144,1934,1858,25.137721000596034,9.183847610092164,73.0015686106882,86.3,62.5,65.4,48.5
fish11,13.0,3795,189.75,20.0,20.0,17.59475131782325,7.28425244236184,6.8,112.21084565794462,44.28070894982119,2987,1582,25.237152497392813,9.199287058925629,94.17643955631844,86.5,62.3,65.4,48.4
fish11,13.0,3800,190.0,20.0,20.0,16.357774659435606,6.815739441431503,6.666666666666667,97.25066363291617,41.34768582579968,2618,1395,25.487490884211034,9.168339746093748,87.01583063030478,86.8,62.4,65.2,48.2
fish11,13.0,3805,190.25,20.0,20.0,15.384097596373964,6.815739441431503,6.8,92.20705346985208,39.584748578118635,2485,1464,25.49327648019673,9.162532454427083,84.35580893462381,86.8,62.4,65.2,48.2
fish11,13.0,3810,190.5,20.0,20.0,15.306556733949876,12.55448680318722,4.666666666666667,139.68524838832005,45.639538287424436,3725,1059,25.45628420312199,9.200989464272393,109.15727366739438,86.8,62.4,65.2,48.3
fish11,13.0,3815,190.75,20.0,20.0,15.330958089058099,12.59790825985995,5.866666666666666,140.02654531664768,45.350662555633086,3727,1091,25.519014218912012,9.213424364556209,109.27243858346823,86.7,62.6,65.2,48.2
fish11,13.0,3820,191.0,20.0,20.0,16.623631167337184,9.64701869064519,4.8,121.04664391353809,43.677882128009635,3226,810,25.49922684702932,9.219615787760416,99.23884263478973,86.7,62.6,65.2,48.3
fish11,13.0,3825,191.25,20.0,20.0,15.376025716058392,8.064348492039057,3.6,103.58361774744026,40.37395302527532,2764,538,25.48950040371742,9.234752555168996,90.00425295888641,86.7,62.6,65.2,48.3
fish11,13.0,3830,191.5,20.0,20.0,15.361915896924028,8.067420947126966,2.4,104.66439135381113,40.12066214646948,2793,182,25.472256474172326,9.230286409335667,90.562542883508,86.7,62.6,65.2,48.3
fish11,13.0,3835,191.75,20.0,20.0,15.57930100867328,8.091574930972065,3.8666666666666667,106.97762609025406,40.36695399245648,2857,599,25.32731284268227,9.217493440585665,91.68480628326793,86.5,62.5,65.2,48.3
fish11,13.0,3850,192.5,20.0,20.0,16.519461865580126,6.630028251354935,4.533333333333333,96.8145620022753,41.130994286800835,1729,952,25.367946991626123,9.019680891927084,68.9676278835532,86.6,62.6,65.4,48.0
fish11,13.0,3855,192.75,20.0,20.0,16.163039246823278,6.815739441431503,3.8666666666666667,97.45923397800529,40.75041675562807,2621,879,25.3694486671542,8.977499902343748,86.76694856949794,86.6,62.6,65.4,48.0
fish11,13.0,3860,193.0,20.0,20.0,16.163039246823278,6.426268616206846,3.8666666666666667,93.85665529010237,40.665808958644845,2538,899,25.357673518804866,8.978108636209697,85.09578215501456,86.6,62.6,65.4,48.0
fish11,13.0,3865,193.25,20.0,20.0,15.96830383421095,6.426268616206846,4.133333333333333,93.59120212362532,40.54787721609252,2533,949,25.354921787893037,8.9810383237097,84.99596011160274,86.6,62.6,65.4,48.0
fish11,13.0,3875,193.75,20.0,20.0,16.715474991623598,7.501545439886987,3.6,104.09556313993173,42.318040973225976,1844,1017,25.279236029052733,9.020270098357729,71.17950612741046,86.6,62.6,65.3,48.0
fish11,13.0,3880,194.0,20.0,20.0,16.941980897272593,7.20521026665616,3.6,108.83579825559346,44.72855296278985,1801,1010,25.297256846788184,9.024293539587656,70.34155038637584,86.6,62.6,65.3,48.0
fish11,13.0,3885,194.25,20.0,20.0,17.33145172249725,9.347299805391776,4.266666666666667,128.70686386044747,47.87718881224603,1883,1100,25.277287265184196,9.01893546667099,71.95622273185519,86.6,62.6,65.3,48.0
fish11,13.0,3945,197.25,20.0,20.0,19.818240116402343,11.490580886187596,6.0,175.27493363670834,54.01923871140392,1987,2145,25.56934888592002,9.105709580485025,74.41505846640504,86.6,62.7,65.5,48.1
fish11,13.0,3950,197.5,20.0,20.0,20.387751164067907,10.81929550659172,25.866666666666667,173.64429275692072,54.033831549858085,2151,2970,25.78830689011562,9.2570767516666,78.06538364178223,86.6,62.7,65.3,48.3
fish11,13.0,3955,197.75,20.0,20.0,20.377441799534544,10.937428284723874,25.866666666666667,173.53052711414483,53.959464171025765,2144,3041,25.640138660948953,9.232080001566143,77.7522186625151,86.2,62.7,65.3,48.3
fish11,13.0,3960,198.0,20.0,20.0,20.240857205172084,11.76086036255953,25.866666666666667,179.84452028820627,54.182885132309494,2222,1861,25.640720223810643,9.2457193505923,79.32643957440294,86.2,62.7,65.3,48.3
fish11,13.0,3970,198.5,20.0,20.0,19.6312942985801,11.519455724018105,25.733333333333334,172.1084565794463,53.00512930752748,2200,1576,25.611115259222334,9.243733667490217,78.85484892671255,86.2,62.7,65.3,48.3
fish11,13.0,3975,198.75,20.0,20.0,19.169966949986645,11.68378749982243,25.733333333333334,169.47288585513837,52.88550617324927,2217,1368,25.404626540120447,9.235973253875308,78.98059979399576,85.9,62.5,65.2,48.3
fish11,13.0,3990,199.5,20.0,20.0,17.52618713510958,11.48938934412739,25.6,152.9958285930982,50.94424154483886,2045,1157,25.40413608486976,9.260224558925628,75.5643606437954,85.9,62.5,65.2,48.3
fish11,13.0,4000,200.0,20.0,20.0,18.110393372946564,11.48938934412739,4.533333333333333,155.8210087220326,51.58470937718928,1709,664,25.690160545047714,9.046796828842165,68.91695737388989,86.3,62.3,65.3,48.1
fish11,13.0,4005,200.25,20.0,20.0,18.225723352953313,11.723012559301834,4.533333333333333,158.79787637466816,52.32980633956064,1744,663,25.678836728395066,9.039755811807849,69.59859254020292,86.3,62.3,65.3,48.1
fish11,13.0,4010,200.5,20.0,20.0,18.110393372946564,11.294653931515063,4.533333333333333,155.02464922260143,51.73530473539521,1669,667,25.67706153698203,9.038577423508963,68.09563896049099,86.3,62.3,65.3,48.1
fish11,13.0,4015,200.75,20.0,20.0,18.499864198171224,11.48938934412739,4.666666666666667,160.01137656427755,52.24702826813935,1686,815,25.595242916229623,9.086878204758962,68.40212112098858,86.3,62.4,65.3,48.1
fish11,13.0,4020,201.0,20.0,20.0,18.737460953545188,11.35486320553103,4.8,161.62305650360256,52.46269450246681,1734,817,25.620303716287495,9.102001902675632,69.40230561896313,86.3,62.4,65.3,48.1
fish11,13.0,4025,201.25,20.0,20.0,19.66751598863968,11.402689059257968,4.933333333333334,168.80925293894575,53.39257468767825,1895,820,25.612578010389537,9.098352812661066,72.61093082305061,86.3,62.4,65.3,48.1
fish11,13.0,4030,201.5,20.0,20.0,21.81036621258081,8.56835815494246,4.933333333333334,149.4880546075085,53.12650713884639,1845,831,25.648381027391213,9.122757091935476,71.67113811932668,86.3,62.4,65.3,48.2
fish11,13.0,4035,201.75,20.0,20.0,23.17351410086711,7.20521026665616,4.933333333333334,144.1221084565794,54.94594404338165,1844,848,25.567300270061725,9.106487560685474,71.55378783074721,86.2,62.4,65.3,48.3
fish11,13.0,4040,202.0,20.0,20.0,25.113885374517878,6.071160482285117,5.866666666666666,137.4478574137277,57.34240250841636,1711,1064,25.530772506073372,9.134993434651694,68.88576594072507,86.2,62.4,65.3,48.3
fish11,13.0,4045,202.25,20.0,20.0,26.44480814150015,6.097026007842629,5.6,143.51535836177473,60.165925544960494,1728,1170,25.488780332946774,9.150341740406885,69.19912207335366,86.1,62.4,65.3,48.4
fish11,13.0,4050,202.5,20.0,20.0,27.34623793859719,6.460307793440435,5.866666666666666,144.86158513462266,61.76577945707365,1941,1487,25.27049038129265,9.044925026353198,73.13541540764584,86.1,62.5,65.4,48.3
fish11,13.0,4055,202.75,20.0,20.0,28.71060114035637,6.460913221606935,5.866666666666666,152.65453166477056,64.62601244942222,2016,1487,25.43121088850234,9.010934140936532,74.76214502943887,86.1,62.4,65.4,48.3
fish11,13.0,4060,203.0,20.0,20.0,29.688459000621773,6.461224478541615,5.866666666666666,161.13007205157373,66.73997917661005,2079,1507,25.38022132837743,9.016734922186531,75.97695625056396,86.1,62.4,65.4,48.3
fish11,13.0,4065,203.25,20.0,20.0,30.87775466232845,6.471839900013135,6.0,172.5066363291619,69.04680251588111,2135,1491,25.416019951544865,9.015348203436533,77.1313681549814,86.1,62.4,65.4,48.3
fish11,13.0,4070,203.5,20.0,20.0,31.744273168489485,5.900699767722865,5.866666666666666,169.47288585513837,70.33657571395686,2056,1470,25.520711666229634,9.020084533649019,75.66079619987866,86.1,62.4,65.4,48.3
fish11,13.0,4075,203.75,20.0,20.0,33.12037944810883,5.714078206826609,5.466666666666667,171.12248767538867,73.35450187404984,1904,1288,25.497439076666183,9.09875969610214,72.67619877276832,86.1,62.5,65.3,48.3
fish11,13.0,4080,204.0,20.0,20.0,8.373622742330133,5.647326965757531,4.533333333333333,42.05536594615092,24.376596346210057,1153,736,25.71258245531247,9.115927674770354,57.88851013008282,86.1,62.5,65.6,48.2
fish11,13.0,4555,227.75,20.0,20.0,16.6938266632455,7.10375610594028,12.266666666666666,87.71331058020476,39.87447123612925,1495,3577,25.387603634982646,8.925693219237855,64.2132968542205,86.7,62.5,65.5,48.3
fish11,13.0,4565,228.25,20.0,20.0,9.928068845527662,6.618712316066225,5.333333333333333,44.76678043230943,26.80206984005294,1209,617,25.118037410481765,8.962421796629165,58.260459207110934,86.7,62.5,65.4,48.1
fish11,13.0,4615,230.75,20.0,20.0,7.789416504493146,7.399945679268489,3.2,52.63557072430792,26.638371813824747,1436,293,25.313996778681243,8.941363920752208,62.97536069943345,86.6,62.3,65.4,48.0
fish11,13.0,4620,231.0,20.0,20.0,37.810924882361626,9.205135614761113,3.8666666666666667,239.55252180508148,83.18585008783856,1763,362,25.390828492548437,8.967708321083917,69.61853681363235,86.6,62.5,65.5,48.0
fish11,13.0,4625,231.25,20.0,20.0,39.13961016512611,8.981858164095687,3.8666666666666667,246.0940462646947,84.73655938996394,2103,387,25.394200818549265,8.97186847733392,76.4260692958832,86.6,62.5,65.4,48.1
fish11,13.0,5485,274.25,20.0,20.0,46.00968511307356,7.111547929300307,2.4,276.94349639742126,99.49595238630171,2237,225,25.81531679866461,8.93636062808567,79.49167742675027,87.3,62.5,65.7,48.0
fish11,13.0,5490,274.5,20.0,20.0,46.014590938363824,7.329900240402668,2.533333333333333,277.98634812286684,99.46149210220692,2214,301,25.774431328648696,8.93610674434238,78.99053807299109,87.3,62.5,65.6,48.0
fish11,13.0,5495,274.75,20.0,20.0,46.01563688052141,6.946959125096462,2.933333333333333,268.7144482366325,99.29654115538814,1839,381,25.79089389347029,8.940156206597221,71.51105010006751,87.1,62.5,65.6,48.1
fish11,13.0,7295,364.75,20.0,20.0,5.842062378369859,1.5578833008986293,2.0,8.058399696624951,13.205702935491718,240,233,25.917126663697793,8.886761025651294,39.60388768934909,86.6,62.4,65.4,48.3
fish11,13.0,7310,365.5,20.0,20.0,7.166263778419012,2.7652431933805577,2.4,16.951080773606368,17.301408997947856,467,173,25.743515492078995,8.804700509982638,43.88821600206164,86.6,62.3,65.5,48.1
fish12,15.28,395,19.75,20.0,20.0,73.59003580937492,49.97500931809009,30.933333333333334,2426.450511945392,207.42855124063857,13492,1103,23.135989566379124,8.627421583006116,301.6034111493853,86.2,61.9,64.9,47.7
fish12,15.28,400,20.0,20.0,20.0,70.28995161656901,30.467555165253458,26.133333333333333,1394.6909366704585,167.72934997299785,7843,1292,23.975094979443966,8.808056505319806,189.6431514847638,86.5,62.2,65.3,47.8
fish12,15.28,405,20.25,20.0,20.0,59.09371727637087,27.86308490720034,26.133333333333333,1177.0762229806596,149.26259282946938,11142,1281,24.00564216512045,8.845523962646062,255.6911661277665,86.2,62.3,65.3,47.8
fish12,15.28,415,20.75,20.0,20.0,42.44245184180202,17.546317064503228,26.133333333333333,489.76109215017055,101.00076357091083,7237,1393,23.746054455396862,8.830107345316145,177.31616180071302,86.2,62.2,65.1,47.9
fish12,15.28,420,21.0,20.0,20.0,53.94128140818693,27.791209069558743,26.133333333333333,1054.550625711035,135.7163557485227,8581,1127,23.878089795524687,8.8688736459944,204.3669634415191,86.2,62.2,65.2,47.8
fish13,13.88,1200,60.0,20.0,20.0,9.931506043228762,7.789416504493146,5.866666666666666,62.15396283655668,29.0136724912247,1674,1240,24.730520262993707,9.440178983041976,67.65069924603569,86.5,62.4,65.4,48.7
fish13,13.88,1205,60.25,20.0,20.0,9.736770630616434,7.984151917105475,5.866666666666666,62.43837694349639,29.032021352166723,1680,1245,24.799908237014584,9.399635364744395,67.79954360175898,86.6,62.4,65.4,48.7
fish13,13.88,1210,60.5,20.0,20.0,9.152564392779446,7.984151917105475,5.866666666666666,61.98331437239286,28.81130288014692,1675,1245,24.801323068406855,9.403053333494398,67.70437640190126,86.6,62.4,65.4,48.6
fish13,13.88,1215,60.75,20.0,20.0,9.201643445668207,8.158433514826493,5.866666666666666,60.94046264694728,28.481502200727387,1641,1228,24.813445365547835,9.405299427244396,67.03874479279223,86.6,62.4,65.4,48.7
fish13,13.88,1220,61.0,20.0,20.0,9.308638574106695,7.917693732983249,5.866666666666666,59.46150929086082,28.255123230707778,1606,1228,24.862967934992287,9.401425729327732,66.38439366432002,86.6,62.4,65.4,48.6
fish13,13.88,1225,61.25,20.0,20.0,8.973751369517752,7.745764762260153,5.866666666666666,57.98255593477435,27.756485582068557,1565,1217,24.783006909010147,9.433860625161065,65.51686753417121,86.6,62.4,65.3,48.7
fish13,13.88,1230,61.5,20.0,20.0,8.973751369517752,7.745764762260153,5.866666666666666,58.28593098217671,27.94607306776683,1570,1186,24.77211717664931,9.431621041827732,65.60373821847705,86.6,62.4,65.3,48.6
fish13,13.88,1235,61.75,20.0,20.0,9.014400485187561,7.596705376241202,5.866666666666666,57.62229806598406,27.777090196859007,1553,1172,24.76319791393516,9.431536406411063,65.25473432034622,86.6,62.4,65.3,48.6
fish13,13.88,1240,62.0,20.0,20.0,8.922198603997769,7.575708533141656,5.866666666666666,58.0394387561623,27.999429187437816,1560,1143,24.785042664252387,9.432044218911063,65.41708688316345,86.6,62.4,65.3,48.6
fish13,13.88,1245,62.25,20.0,20.0,8.935798823472968,7.249286922890672,6.0,55.8589306029579,27.639556510274183,1503,1120,24.87995148064884,9.393789010577729,64.33374049122656,86.4,62.4,65.3,48.6
fish13,13.88,1250,62.5,20.0,20.0,9.033671672298421,6.9747152208180765,6.0,52.37011755783086,26.686501728062606,1416,1002,25.25791947682698,9.420800752597387,62.99872022942437,86.5,62.5,65.4,48.4
fish13,13.88,1255,62.75,20.0,20.0,9.092063176101597,7.043147175048758,6.0,53.24232081911262,27.03617328883476,1441,970,25.264147764681592,9.421162081813813,63.50530984649541,86.5,62.5,65.4,48.5
fish13,13.88,1260,63.0,20.0,20.0,9.124078068974802,7.043147175048758,6.0,53.318164580963206,27.062154073243757,1443,951,25.26226843516032,9.42423499848048,63.5465034336408,86.5,62.5,65.4,48.5
fish13,13.88,1265,63.25,20.0,20.0,9.092063176101597,7.011133025032199,5.866666666666666,52.692453545695855,26.91000772321803,1426,907,25.23689525596713,9.462001925563813,63.21889718153095,86.7,62.4,65.4,48.5
fish13,13.88,1270,63.5,20.0,20.0,9.162355986230539,6.948978209460324,5.6,51.83921122487674,26.893245905857402,1404,767,25.244877256869092,9.467158175563814,62.79203543243291,86.7,62.4,65.4,48.5
fish13,13.88,1275,63.75,20.0,20.0,9.340175810156515,7.000317032266255,5.6,53.3560864618885,27.511263449651814,1442,736,25.226296518113873,9.46530921723048,63.53160573534436,86.7,62.4,65.4,48.5
fish13,13.88,1280,64.0,20.0,20.0,9.667562391190668,7.000317032266255,5.2,54.209328782707615,27.498888827571182,1460,1254,25.228709673827378,9.467542290147147,63.89625196397452,86.7,62.4,65.4,48.5
fish13,13.88,1285,64.25,20.0,20.0,9.667562391190668,7.000317032266255,5.333333333333333,54.3230944254835,27.530487813579704,1464,905,25.15920436602934,9.466523408847387,63.90572777487672,86.6,62.5,65.4,48.5
fish13,13.88,1290,64.5,20.0,20.0,9.667562391190668,6.807735903927363,5.333333333333333,53.450891164201735,27.383815922392497,1443,1394,25.15126167789035,9.46675127343072,63.47801295132107,86.6,62.5,65.4,48.5
fish13,13.88,1295,64.75,20.0,20.0,9.667562391190668,6.807735903927363,5.333333333333333,53.450891164201735,27.383815922392497,1443,1383,25.153622789001464,9.467167940097385,63.48079072909885,86.6,62.6,65.4,48.5
fish13,13.88,1300,65.0,20.0,20.0,9.96938876074882,6.829857431988972,6.0,53.28024270003791,27.631442217486978,1438,1347,25.196908673020353,9.422975231764052,63.37988390478441,86.6,62.6,65.5,48.3
fish13,13.88,1305,65.25,20.0,20.0,9.96938876074882,6.829857431988972,6.0,53.318164580963206,27.651763896752378,1439,1347,25.07511638031006,9.414029925494724,63.26914630580478,86.2,62.5,65.4,48.3
fish13,13.88,1310,65.5,20.0,20.0,9.96938876074882,6.857396613569952,6.0,53.697383390216146,27.76921905033775,1449,1347,25.062351615547843,9.407386044300926,63.449737659848765,86.2,62.5,65.4,48.3
fish13,13.88,1315,65.75,20.0,20.0,9.96938876074882,6.857396613569952,6.0,53.81114903299203,27.783635437124214,1452,1347,25.064222235616043,9.402965473333996,63.507187708950035,86.3,62.5,65.4,48.3
fish13,13.88,1320,66.0,20.0,20.0,9.966062991544621,6.8943975602511935,6.0,53.77322715206673,27.846364759454698,1451,1347,25.06521173681565,9.403304015000662,63.48851575181631,86.3,62.5,65.4,48.3
fish13,13.88,1325,66.25,20.0,20.0,9.796376705035838,6.8830756821093155,5.733333333333333,53.26128175957527,27.59703521014226,1437,1303,24.85190865516192,9.398258442083996,62.99016709724592,85.9,62.4,65.4,48.3
fish13,13.88,1330,66.5,20.0,20.0,9.796376705035838,7.011133025032199,5.733333333333333,53.81114903299203,27.67226105268613,1451,1944,24.86444776202543,9.394010394244726,63.27845815627016,85.9,62.4,65.4,48.3
fish13,13.88,1335,66.75,20.0,20.0,9.796376705035838,7.011133025032199,5.733333333333333,53.75426621160408,27.608395577544112,1450,1927,24.861531095358767,9.391712217161391,63.253243312520155,85.9,62.4,65.4,48.3
fish13,13.88,1340,67.0,20.0,20.0,9.796376705035838,7.075161325065317,5.466666666666667,53.86803185437997,27.690337633453122,1455,1848,24.856756789803217,9.391998675494722,63.34875546529794,85.9,62.4,65.4,48.3
fish13,13.88,1345,67.25,20.0,20.0,9.604291062079836,7.107175475081877,5.466666666666667,53.962836556693205,27.534211591446272,1456,1848,25.00056750034285,9.313297502634262,63.433865002977115,86.2,62.2,65.4,48.3
fish13,13.88,1350,67.5,20.0,20.0,9.313383199504777,7.069193957627898,5.2,53.39400834281379,27.364556969202024,1438,1796,24.707246034673993,9.390729157129925,62.85797519180392,86.3,62.2,65.4,48.4
fish13,13.88,1355,67.75,20.0,20.0,9.313383199504777,7.069193957627898,5.2,53.39400834281379,27.364556969202024,1438,1796,24.707680062451775,9.390820304192436,62.85850036664421,86.3,62.2,65.4,48.4
fish13,13.88,1360,68.0,20.0,20.0,9.313383199504777,7.069193957627898,5.2,53.39400834281379,27.364556969202024,1438,1796,24.70644299163818,9.392613923380111,62.8590569150183,86.3,62.2,65.4,48.4
fish13,13.88,1365,68.25,20.0,20.0,9.313383199504777,7.069193957627898,5.2,53.39400834281379,27.364556969202024,1438,1796,24.70808361663818,9.41021157963011,62.8782951962683,86.3,62.4,65.4,48.4
fish13,13.88,1370,68.5,20.0,20.0,9.313383199504777,7.069193957627898,5.066666666666666,53.39400834281379,27.364556969202024,1438,1766,24.609715561082627,9.402119131713443,62.77183469279608,86.2,62.4,65.4,48.4
fish13,13.88,1375,68.75,20.0,20.0,9.22706771437799,7.069193957627898,5.066666666666666,53.337125521425854,27.340843592205093,1435,1766,24.6108527138604,9.400348298380111,62.71120101224051,86.2,62.4,65.4,48.4
fish13,13.88,1380,69.0,20.0,20.0,9.24216181856832,6.988907497040148,5.066666666666666,52.559726962457326,27.117426855918538,1417,1766,24.609142455583736,9.401031892130108,62.350174347713846,86.2,62.4,65.4,48.4
fish13,13.88,1385,69.25,20.0,20.0,9.24216181856832,6.988907497040148,5.066666666666666,52.559726962457326,27.117426855918538,1417,1766,24.544159816694847,9.383551423380109,62.26771124007496,86.1,62.4,65.4,48.4
fish13,13.88,1390,69.5,20.0,20.0,9.280352821596473,6.988907497040148,5.066666666666666,52.199469093667034,27.09537223138361,1409,1766,24.547922905815973,9.384065746296779,62.11198865211275,86.1,62.4,65.4,48.4
fish13,13.88,1395,69.75,20.0,20.0,8.974827768797825,6.988908239896793,5.066666666666666,50.54986727341675,26.540860736185902,1365,1768,24.546694566345213,9.382294912963447,61.228989479308666,86.1,62.4,65.4,48.4
fish13,13.88,1400,70.0,20.0,20.0,9.020350766922123,6.6849847860269485,4.933333333333334,49.90519529768676,26.548047758164724,1351,1754,24.756527387152776,9.51429027095371,61.29081765810649,86.2,62.3,65.4,48.4
fish13,13.88,1405,70.25,20.0,20.0,9.020350766922123,6.6849847860269485,4.933333333333334,49.90519529768676,26.548047758164724,1351,1754,24.877720979648167,9.510162666787043,61.40788364643521,86.2,62.2,65.4,48.4
fish13,13.88,1410,70.5,20.0,20.0,9.078734842158838,6.6849847860269485,4.933333333333334,50.05688282138793,26.633247797608984,1354,1754,24.872213151041667,9.515963448037043,61.46817659907872,86.2,62.2,65.4,48.5
fish13,13.88,1415,70.75,20.0,20.0,9.293690069818984,6.674558793000161,4.933333333333334,50.66363291619263,26.979669151626403,1373,1754,24.847977006700305,9.511171781370376,61.819148788070684,86.2,62.2,65.4,48.5
fish13,13.88,1420,71.0,20.0,20.0,10.217570480471817,6.897504186744818,4.933333333333334,55.57451649601819,28.735668698590445,1495,1754,24.85711760879329,9.510996000120377,64.26811360891367,86.2,62.2,65.4,48.5
fish13,13.88,1425,71.25,20.0,20.0,10.12055191678928,6.530619917842174,4.933333333333334,51.516875237011746,27.77969641654446,1388,1754,24.85132341020372,9.56602855220371,62.17735196240743,86.2,62.2,65.4,48.5
fish13,13.88,1430,71.5,20.0,20.0,10.9809061985017,6.370847053274429,4.933333333333334,51.896094046264686,28.315910656122774,1393,1754,24.846557752651638,9.56548167720371,62.27203942985535,86.2,62.2,65.4,48.5
fish13,13.88,1435,71.75,20.0,20.0,11.183281148861623,6.110950855672136,4.933333333333334,50.43610163064087,28.46534720438947,1356,1754,24.836635796422136,9.564446520953707,61.52108231737584,86.2,62.2,65.3,48.5
fish13,13.88,1725,86.25,20.0,20.0,7.20521026665616,6.815739441431503,18.4,40.310959423587406,23.53536444813659,1099,3812,24.7887189871894,9.769671143754321,56.538390130943725,86.7,62.3,65.4,48.3
fish13,13.88,1745,87.25,20.0,20.0,7.20521026665616,6.815739441431503,8.666666666666666,43.59120212362532,24.672253709179937,1197,2830,24.755394204203295,9.926334549585977,58.62172875378927,86.3,62.1,65.3,48.6
fish13,13.88,1750,87.5,20.0,20.0,7.789416504493146,7.399945679268489,6.533333333333333,46.8145620022753,25.32340892723946,1275,2074,24.692208816170396,9.39933256987466,59.59154138604506,86.5,62.3,65.3,48.4
fish13,13.88,1760,88.0,20.0,20.0,7.984151917105475,7.594681091880817,6.533333333333333,48.36935912021235,25.663770706738273,1308,1974,24.691175785752275,9.394150278207993,60.24532606396026,86.5,62.3,65.3,48.4
fish13,13.88,1785,89.25,20.0,20.0,8.06078946584801,7.537613358620837,9.2,48.48312476298823,25.614803175203495,1308,2748,24.614570036692676,9.385452352640362,60.16002238933304,86.4,62.5,65.2,48.4
fish13,13.88,1790,89.5,20.0,20.0,7.984151917105475,6.621004028819175,9.066666666666666,45.03223359878649,24.809227978281772,1229,2828,24.58680944325011,9.39268542555703,58.559494868807136,86.3,62.4,65.3,48.4
fish13,13.88,1795,89.75,20.0,20.0,7.984151917105475,6.621004028819175,9.066666666666666,45.03223359878649,24.84351392320746,1229,2806,24.546401651848686,9.381220581807028,58.50762223365571,86.3,62.4,65.2,48.4
fish13,13.88,1815,90.75,20.0,20.0,7.789416504493146,7.399945679268489,9.6,50.18960940462646,25.97184654354517,1373,3156,24.853849577256188,9.35575191106796,61.66960148832415,86.3,62.4,65.4,48.3
fish13,13.88,1840,92.0,20.0,20.0,7.789416504493146,7.20521026665616,9.6,48.54000758437618,25.71417984445172,1326,3211,24.787017905887556,9.367838506020437,60.674856411907996,86.3,62.5,65.4,48.3
fish13,13.88,1845,92.25,20.0,20.0,7.789416504493146,7.399945679268489,9.6,49.90519529768676,26.11628870408083,1356,3195,24.781575197554226,9.336562464353772,61.238137661908,86.3,62.4,65.4,48.3
fish13,13.88,1850,92.5,20.0,20.0,8.373622742330133,7.0104748540438315,10.8,52.161547212741745,26.682827071591753,1420,3648,24.8520563294964,9.311129449197983,62.56318577869439,86.2,62.4,65.3,48.3
fish13,13.88,1855,92.75,20.0,20.0,8.76309356755479,7.0104748540438315,10.8,53.09063329541144,26.949561682477455,1440,3648,24.84814574771457,9.310507706536189,62.958653454250765,86.2,62.4,65.3,48.3
fish13,13.88,1860,93.0,20.0,20.0,8.957828980167118,7.0104748540438315,10.8,53.10959423587409,26.890757800378662,1436,3648,24.836834983825682,9.302102758619524,62.85893774244521,86.2,62.4,65.3,48.3
fish13,13.88,1865,93.25,20.0,20.0,8.957828980167118,7.20521026665616,10.8,54.85400075843761,27.355902921418682,1482,3628,24.84688711734347,9.303971248202858,63.79085836554633,86.2,62.4,65.3,48.3
fish13,13.88,1870,93.5,20.0,20.0,9.347299805391776,7.20521026665616,10.8,55.74516496018202,27.578022630001296,1504,3628,24.81108409016927,9.351201063781316,64.24228515395059,86.4,62.3,65.3,48.3
fish13,13.88,1875,93.75,20.0,20.0,9.347299805391776,7.0104748540438315,10.8,53.90595373530526,27.192540666394482,1457,3628,24.79627926957872,9.345484917947982,63.281764187526704,86.4,62.3,65.3,48.3
fish13,13.88,1880,94.0,20.0,20.0,9.736770630616434,7.0104748540438315,10.8,53.6784224497535,27.273200319589773,1450,3695,24.802446937391498,9.345628147114649,63.14807508450615,86.4,62.3,65.3,48.3
fish13,13.88,2685,134.25,20.0,20.0,9.75819758771402,6.545721450598965,7.6,47.686765263557064,26.601467299221866,1291,3896,25.017842291768392,9.555113908884262,60.392956200652655,86.2,62.2,65.4,48.4
fish13,13.88,2690,134.5,20.0,20.0,8.179304815152863,6.526920491745032,7.866666666666666,41.29692832764504,24.280774269227273,1115,4226,24.897095853659547,9.665992817083996,56.86308867074354,86.1,62.4,65.4,48.5
fish13,13.88,2695,134.75,20.0,20.0,7.391110142320815,6.7872612890499635,8.0,39.45771710276829,23.57219987707139,1071,4382,24.863432707139005,9.684261049895813,55.96769375703482,86.1,62.4,65.4,48.5
fish13,13.88,2700,135.0,20.0,20.0,7.9075336826357345,6.979118875015639,8.4,42.68107698141827,24.28319208189588,1158,4682,24.99543286916474,9.578316997687022,57.73374986685177,86.0,62.4,65.4,48.6
fish13,13.88,2705,135.25,20.0,20.0,7.20521026665616,6.231533203594517,8.533333333333333,37.97876374668183,22.887719274158016,1036,4702,24.970754141273023,9.58799473046197,55.27874887173499,86.0,62.4,65.4,48.6
fish13,13.88,2710,135.5,20.0,20.0,7.0104748540438315,6.231533203594517,8.666666666666666,36.879029199848304,22.43232233588384,1005,4588,25.048927080601825,9.525615174770355,54.67454225537218,86.3,62.4,65.4,48.6
fish13,13.88,2715,135.75,20.0,20.0,7.0104748540438315,6.036797790982188,8.533333333333333,36.36708380735684,22.576210325361576,995,4431,25.044812497268495,9.527639911132386,54.47245240840088,86.3,62.4,65.4,48.6
fish13,13.88,2720,136.0,20.0,20.0,7.0104748540438315,6.036797790982188,8.8,35.836177474402724,22.5753611473581,980,4365,25.006214415072225,9.524277285724214,54.13049170079644,86.3,62.4,65.4,48.6
fish13,13.88,2725,136.25,20.0,20.0,7.20521026665616,6.231533203594517,8.533333333333333,38.18733409177094,23.138222745899586,1035,4185,25.00877076459343,9.524755799770356,55.233526564363785,86.3,62.4,65.4,48.6
fish13,13.88,2730,136.5,20.0,20.0,7.20521026665616,6.621004028819175,8.533333333333333,39.49563898369358,23.620034970077864,1068,3853,24.92282020128039,9.593984310531617,55.87680451181201,86.0,62.5,65.4,48.6
fish13,13.88,2735,136.75,20.0,20.0,7.0104748540438315,6.231533203594517,8.133333333333333,37.86499810390595,23.155823434127722,1037,3506,24.919052822913642,9.621015578842167,55.28006840175581,86.0,62.5,65.4,48.7
fish13,13.88,2740,137.0,20.0,20.0,7.0104748540438315,5.842062378369859,7.733333333333333,36.51877133105801,22.566033978596387,1007,3143,24.92373602549235,9.621474561807842,54.68521058730019,86.0,62.6,65.4,48.7
fish13,13.88,2745,137.25,20.0,20.0,7.399945679268489,5.647326965757531,7.2,35.836177474402724,22.29195609047923,982,2713,24.928701251729326,9.635458927906882,54.204160179636204,86.0,62.5,65.4,48.7
fish13,13.88,2750,137.5,20.0,20.0,8.273390580796944,6.967065283077439,6.533333333333333,45.41145240803943,25.194402167094434,1234,2266,25.073961971914027,9.409768744903142,59.16373071681717,86.6,62.4,65.4,48.6
fish13,13.88,2770,138.5,20.0,20.0,7.789416504493146,7.399945679268489,6.266666666666667,44.80470231323473,24.764703193775553,1221,1800,25.008584550344203,9.429879453436534,58.85846400378074,86.5,62.6,65.4,48.6
fish13,13.88,2775,138.75,20.0,20.0,7.984151917105475,7.399945679268489,6.266666666666667,46.16989002654531,25.359319499649978,1254,1815,25.000910874807097,9.424885987504322,59.50579686231141,86.5,62.6,65.4,48.6
fish13,13.88,2790,139.5,20.0,20.0,7.20521026665616,6.231533203594517,6.133333333333333,38.58551384148653,22.84885617157938,1051,1673,25.039243896409022,9.437470599269869,55.49671449567889,86.4,62.6,65.4,48.7
fish13,13.88,2795,139.75,20.0,20.0,7.399945679268489,7.0104748540438315,6.0,42.09328782707622,23.830586288183476,1146,1557,25.03552425354381,9.432281801340316,57.38780605488412,86.4,62.6,65.4,48.6
fish13,13.88,2815,140.75,20.0,20.0,7.984151917105475,7.594681091880817,5.733333333333333,49.981039059537345,25.751984190595625,1358,1484,24.998489124891492,9.502428232828777,61.660917357720265,86.5,62.5,65.4,48.6
fish13,13.88,2820,141.0,20.0,20.0,8.76309356755479,7.399945679268489,5.6,54.53166477057261,27.072102061233107,1485,1520,24.99456984816186,9.500755055745444,64.1953249039073,86.5,62.5,65.4,48.6
fish13,13.88,2825,141.25,20.0,20.0,9.347299805391776,7.20521026665616,5.6,56.06750094804701,27.828375417915076,1516,1524,25.00035988948492,9.498111855570476,64.8184717450554,86.5,62.5,65.3,48.7
fish13,13.88,2935,146.75,20.0,20.0,8.520530815502232,5.668045609043146,5.066666666666666,35.89306029579067,23.134569237628874,977,923,24.981869836859065,9.53634099828932,54.05821083514839,86.2,62.6,65.4,48.4
fish13,13.88,3025,151.25,20.0,20.0,7.588167724808579,6.018202231990878,7.066666666666666,35.817216533940076,22.350250140776154,974,2959,24.997212958140427,9.340016252634257,53.817229210774684,86.4,62.5,65.3,48.5
fish13,13.88,3030,151.5,20.0,20.0,7.399945679268489,6.426268616206846,7.066666666666666,38.149412210845654,22.92317976829813,1037,3023,24.945672389484923,9.343128231800925,55.028800621285846,86.4,62.6,65.3,48.5
fish13,13.88,3050,152.5,20.0,20.0,7.0104748540438315,5.842062378369859,5.466666666666667,35.00189609404626,22.171357446139176,957,1074,24.999798870322145,9.374521481312646,53.514320351634794,86.3,62.6,65.3,48.5
fish13,13.88,3055,152.75,20.0,20.0,6.621004028819175,5.647326965757531,5.333333333333333,33.57982555934774,21.751129384343013,931,964,25.00913964572483,9.382796220895981,53.01193586662082,86.3,62.6,65.3,48.5
fish13,13.88,3060,153.0,20.0,20.0,7.0104748540438315,5.842062378369859,5.2,35.26734926052332,22.002086323638434,965,889,25.003553500686458,9.386529945203996,53.69008344589045,86.3,62.6,65.3,48.5
fish13,13.88,3065,153.25,20.0,20.0,6.815739441431503,5.842062378369859,5.2,33.99696624952597,21.566876561148188,931,847,25.01889196549404,9.394811191813151,53.03370315730719,86.3,62.6,65.3,48.5
fish13,13.88,3070,153.5,20.0,20.0,7.0104748540438315,6.036797790982188,5.333333333333333,35.949943117178606,22.111814932391546,984,890,25.05380930801204,9.417688799370659,54.1514981073827,86.5,62.5,65.3,48.4
fish13,13.88,3075,153.75,20.0,20.0,7.20521026665616,6.426268616206846,5.2,37.5237011755783,22.494610262080972,1021,843,25.05470823068501,9.437509762562646,54.91221799324766,86.5,62.5,65.3,48.5
fish13,13.88,3080,154.0,20.0,20.0,6.815739441431503,6.426268616206846,5.066666666666666,35.89306029579067,22.18929752699746,981,819,25.047667927890345,9.441334631983437,54.10900255987379,86.5,62.5,65.3,48.4
fish13,13.88,3125,156.25,20.0,20.0,7.180610568823453,6.138263465976081,4.933333333333334,36.04474781949184,22.27240340712807,975,635,24.929808569335943,9.369394510735408,53.79920308007135,86.4,62.5,65.3,48.3
fish13,13.88,3485,174.25,20.0,20.0,7.594681091880817,6.815739441431503,6.0,42.1691315889268,23.973058160751208,1145,1520,25.00193119150798,9.50225255800883,57.40418374951682,86.5,62.5,65.4,48.4
fish13,13.88,3490,174.5,20.0,20.0,7.20521026665616,6.036797790982188,5.733333333333333,37.67538869927948,22.635823108705065,1031,1354,25.01766039811123,9.551699172592164,55.18935957070339,86.3,62.6,65.4,48.4
fish13,13.88,3495,174.75,20.0,20.0,7.20521026665616,6.621004028819175,5.733333333333333,40.9556313993174,23.602473490752075,1118,1391,25.072208985712496,9.564466067462496,56.99667505317499,86.3,62.6,65.4,48.4
fish13,13.88,3500,175.0,20.0,20.0,7.399945679268489,6.621004028819175,5.333333333333333,42.09328782707622,23.764405375304374,1143,1319,25.105815489969135,9.570465484608542,57.53628097457768,86.4,62.6,65.4,48.5
fish13,13.88,3505,175.25,20.0,20.0,7.0104748540438315,6.621004028819175,5.466666666666667,41.39173302995828,23.64758229986768,1132,1021,25.100611402252568,9.572041005441877,57.31265240769444,86.4,62.6,65.4,48.5
fish13,13.88,4360,218.0,20.0,20.0,6.3341417635383,2.5887363685764093,17.866666666666667,12.438376943496396,14.695663185390726,351,2760,25.092329983162585,9.349833884673648,41.46216386783624,86.4,62.4,65.4,48.4
fish13,13.88,4420,221.0,20.0,20.0,7.399945679268489,6.815739441431503,7.6,42.47250663632916,23.787628675843372,1155,4039,25.157299207221133,9.3622492451032,57.61954845232433,86.4,62.4,65.4,48.3
fish13,13.88,4425,221.25,20.0,20.0,7.399945679268489,6.036797790982188,7.6,39.24914675767918,23.030864987346494,1071,4362,25.150272306748374,9.368723860677084,55.93899616742546,86.4,62.5,65.4,48.3
fish13,13.88,4430,221.5,20.0,20.0,7.20521026665616,6.036797790982188,7.466666666666667,38.71824042472506,22.9663133912348,1056,4064,25.172199426702804,9.452438070837658,55.74463749754047,86.4,62.5,65.4,48.4
fish13,13.88,4435,221.75,20.0,20.0,7.594681091880817,6.036797790982188,8.133333333333333,40.348881304512695,23.447423894453838,1098,4078,25.12172613743912,9.46786123249266,56.54958736993178,86.3,62.5,65.4,48.4
fish13,13.88,4440,222.0,20.0,20.0,7.789416504493146,6.231533203594517,8.533333333333333,43.30678801668562,24.222446952881167,1181,3899,25.115120350402076,9.46672841592365,58.201848766325725,86.3,62.5,65.4,48.4
fish13,13.88,4445,222.25,20.0,20.0,7.399945679268489,6.621004028819175,8.8,42.92756920743268,24.014648684719948,1171,3710,25.110619619393052,9.481438700315685,58.01205831970874,86.3,62.5,65.4,48.4
fish13,13.88,4450,222.5,20.0,20.0,7.594681091880817,5.842062378369859,6.933333333333334,40.310959423587406,23.617038704224715,1101,2818,25.018627405161915,9.40016924641927,56.438796651581185,86.4,62.6,65.5,48.4
fish13,13.88,4455,222.75,20.0,20.0,7.789416504493146,6.036797790982188,7.733333333333333,42.263936291240036,24.11787100675323,1160,2649,25.02322802666558,9.412597631835936,57.63582565850152,86.2,62.5,65.5,48.4
fish13,13.88,4460,223.0,20.0,20.0,7.789416504493146,6.036797790982188,7.466666666666667,42.22601441031475,24.136281571225414,1151,2184,25.032702970358766,9.42116534016927,57.47386831052803,86.2,62.5,65.5,48.4
fish13,13.88,4465,223.25,20.0,20.0,7.789416504493146,6.036797790982188,6.533333333333333,42.30185817216533,24.262705813454847,1157,2004,25.020966823832193,9.419869767252605,57.5808365910848,86.2,62.5,65.5,48.4
fish13,13.88,4470,223.5,20.0,20.0,7.789416504493146,6.231533203594517,6.933333333333334,42.88964732650739,24.327959223382862,1170,2214,25.028258436245395,9.420846331744727,57.84910476799013,86.2,62.5,65.5,48.4
fish13,13.88,4475,223.75,20.0,20.0,7.594681091880817,6.231533203594517,7.733333333333333,42.62419416003033,24.25086985529966,1165,2334,25.08565447845459,9.441357402282291,57.827011880736876,86.5,62.5,65.5,48.4
fish13,13.88,4480,224.0,20.0,20.0,7.594681091880817,6.231533203594517,7.866666666666666,42.62419416003033,24.25086985529966,1165,2321,25.086925998263894,9.445937477578056,57.83286347584195,86.5,62.5,65.5,48.4
fish13,13.88,4485,224.25,20.0,20.0,7.594681091880817,6.036797790982188,8.4,41.619264315510044,24.03406094495074,1138,2437,25.078679524061418,9.449710258897145,57.28838978295856,86.5,62.5,65.5,48.4
fish13,13.88,4490,224.5,20.0,20.0,7.594681091880817,6.036797790982188,7.6,41.619264315510044,24.03406094495074,1138,2328,25.07602325635368,9.446871717230477,57.28289497358416,86.5,62.5,65.5,48.4
fish13,13.88,4495,224.75,20.0,20.0,7.399945679268489,6.036797790982188,7.6,40.36784224497534,23.612836549892382,1107,2343,25.03053290049235,9.525494760767614,56.69602766125996,86.4,62.6,65.5,48.4
fish13,13.88,4500,225.0,20.0,20.0,7.399945679268489,7.0104748540438315,7.066666666666666,43.98938187334091,24.401197181542003,1201,2266,25.05923548712083,9.684863213433161,58.76409870055399,86.4,62.6,65.4,48.5
fish13,13.88,4505,225.25,20.0,20.0,7.399945679268489,7.0104748540438315,7.066666666666666,43.98938187334091,24.401197181542003,1201,2281,25.062312777879505,9.68652988009983,58.768842657979334,86.4,62.6,65.4,48.5
fish13,13.88,4510,225.5,20.0,20.0,7.399945679268489,7.0104748540438315,6.666666666666667,43.98938187334091,24.401197181542003,1201,2218,25.06300288869599,9.687486917961966,58.77048980665795,86.4,62.6,65.4,48.5
fish13,13.88,4515,225.75,20.0,20.0,7.399945679268489,7.0104748540438315,6.666666666666667,43.85665529010238,24.287123813194793,1197,2187,25.056774542744957,9.643118428378635,58.63989297112359,86.5,62.5,65.4,48.5
fish13,13.88,4520,226.0,20.0,20.0,7.399945679268489,7.0104748540438315,6.666666666666667,43.85665529010238,24.287123813194793,1197,2223,25.049825778537326,9.637522713459859,58.62734849199718,86.5,62.5,65.4,48.5
fish13,13.88,4525,226.25,20.0,20.0,7.399945679268489,7.0104748540438315,6.666666666666667,43.76185058778915,24.252432570325897,1194,2209,25.04878411187066,9.639192647128635,58.56797675899929,86.5,62.5,65.4,48.5
fish13,13.88,4530,226.5,20.0,20.0,7.399945679268489,7.0104748540438315,6.533333333333333,43.06029579067121,24.09521346119298,1175,2188,25.037699028787493,9.636243428378634,58.17394245716613,86.5,62.6,65.4,48.5
fish13,13.88,4535,226.75,20.0,20.0,7.594681091880817,7.0104748540438315,6.666666666666667,43.7428896473265,24.22198032283612,1191,2208,25.021644401474937,9.61459629296197,58.45624069443691,86.1,62.6,65.4,48.4
fish13,13.88,4540,227.0,20.0,20.0,7.594681091880817,7.0104748540438315,6.666666666666667,43.76185058778915,24.236349909653885,1192,2208,25.01976074668979,9.614882751295303,58.4746434979851,86.1,62.6,65.4,48.4
fish13,13.88,4545,227.25,20.0,20.0,7.594681091880817,7.0104748540438315,6.666666666666667,43.76185058778915,24.236349909653885,1192,2208,25.069474313524044,9.61353183151881,58.52300614504286,86.1,62.6,65.4,48.4
fish13,13.88,4550,227.5,20.0,20.0,7.789416504493146,7.0104748540438315,6.0,45.05119453924914,24.42344956844466,1226,2036,25.258333166880664,9.558883407073548,59.33721657395421,86.3,62.5,65.4,48.4
fish13,13.88,4555,227.75,20.0,20.0,7.789416504493146,7.0104748540438315,6.0,44.89950701554796,24.399328177434906,1221,2036,25.326245444045828,9.564010373263885,59.31025581730972,86.5,62.5,65.4,48.4
fish13,13.88,4560,228.0,20.0,20.0,7.789416504493146,7.0104748540438315,6.0,44.577171027682965,24.301030414607933,1211,2036,25.325807110746403,9.566660112847218,59.11246722359362,86.5,62.5,65.4,48.4
fish13,13.88,4565,228.25,20.0,20.0,7.789416504493146,7.0104748540438315,6.0,44.36860068259385,24.203059090848342,1203,2036,25.32691389248695,9.567669227430551,58.9545831199175,86.5,62.5,65.4,48.4
fish13,13.88,4570,228.5,20.0,20.0,7.789416504493146,7.0104748540438315,6.0,44.93742889647326,24.382804584914943,1218,2036,25.321371339397665,9.567431595855288,59.248802935252954,86.5,62.5,65.4,48.4
fish13,13.88,4575,228.75,20.0,20.0,7.789416504493146,7.0104748540438315,6.0,44.084186575654144,24.214013696021578,1194,2036,25.26318991200011,9.572128854327731,58.71531876632784,86.5,62.6,65.4,48.4
fish13,13.88,4580,229.0,20.0,20.0,7.576367446986668,7.18882879189829,6.0,45.52521805081531,24.744777619602367,1234,2036,25.250199506896223,9.56949213557773,59.499691642473955,86.5,62.6,65.4,48.4
fish13,13.88,4585,229.25,20.0,20.0,7.594681091880817,7.0104748540438315,6.0,44.50132726583238,24.423752746813314,1213,2031,25.246267149447227,9.562246041827734,59.06851319127496,86.5,62.6,65.4,48.4
fish13,13.88,4600,230.0,20.0,20.0,7.789416504493146,7.399945679268489,6.133333333333333,45.10807736063708,24.601952866913507,1223,1943,25.129495029703772,9.634241515000662,59.22373654470444,86.4,62.6,65.3,48.4
fish13,13.88,4605,230.25,20.0,20.0,7.789416504493146,7.399945679268489,6.133333333333333,45.10807736063708,24.601952866913507,1223,1943,25.154647012875404,9.633974587917328,59.24862160079273,86.4,62.6,65.3,48.4
fish13,13.88,4610,230.5,20.0,20.0,7.789416504493146,7.399945679268489,6.133333333333333,45.10807736063708,24.601952866913507,1223,1943,25.154647012875404,9.637939431667327,59.252586444542736,86.4,62.6,65.3,48.4
fish13,13.88,4615,230.75,20.0,20.0,7.792688045162186,7.387186373516577,6.133333333333333,44.63405384907091,24.449472997467993,1210,1943,25.176535085042318,9.63323891447915,59.00977399952147,86.4,62.6,65.3,48.4
fish13,13.88,4640,232.0,20.0,20.0,7.77256108719512,7.335031894113324,5.866666666666666,44.78574137277208,24.46080221131925,1212,1941,25.137294723680284,9.697828754583995,59.07512347826428,86.4,62.6,65.4,48.4
fish13,13.88,4645,232.25,20.0,20.0,7.77256108719512,7.335031894113324,5.866666666666666,44.78574137277208,24.46080221131925,1212,1947,25.137294723680284,9.698333314641316,59.075628038321604,86.4,62.6,65.4,48.4
fish13,13.88,4750,237.5,20.0,20.0,7.789416504493146,7.0104748540438315,5.6,42.88964732650739,24.28445575069356,1171,1639,25.292916096327037,9.488622934457991,58.20153903078503,86.2,62.6,65.4,48.4
fish13,13.88,4755,237.75,20.0,20.0,7.789416504493146,7.0104748540438315,5.6,42.88964732650739,24.28445575069356,1171,1639,25.356969902584876,9.50593738975525,58.28290729234013,86.4,62.4,65.4,48.4
fish13,13.88,4760,238.0,20.0,20.0,7.594681091880817,7.20521026665616,5.6,43.07925673113386,24.143045559558598,1173,1639,25.356570610215933,9.50098622426987,58.317556834485806,86.4,62.4,65.4,48.4
fish13,13.88,4765,238.25,20.0,20.0,7.594681091880817,7.20521026665616,5.6,43.07925673113386,24.143045559558598,1173,1639,25.348775403886954,9.498974505519866,58.30774990940682,86.4,62.4,65.4,48.4
fish13,13.88,4770,238.5,20.0,20.0,7.789416504493146,7.20521026665616,5.6,43.61016306408797,24.246948315065357,1183,1639,25.347620889998066,9.501370338853201,58.50899122885127,86.4,62.4,65.4,48.4
fish13,13.88,4775,238.75,20.0,20.0,7.789416504493146,7.20521026665616,5.6,43.61016306408797,24.246948315065357,1183,1639,25.279699833603846,9.545465390936535,58.48516522454038,86.3,62.6,65.4,48.4
fish13,13.88,4780,239.0,20.0,20.0,7.789416504493146,7.0104748540438315,5.6,42.75692074326886,24.11752639091229,1162,1639,25.2784325009758,9.525139865864647,58.04357236684045,86.3,62.6,65.4,48.4
fish13,13.88,4785,239.25,20.0,20.0,7.789416504493146,7.0104748540438315,5.6,42.73795980280621,24.116793005688514,1161,1639,25.286735431058908,9.52150054294798,58.02823597400689,86.3,62.6,65.4,48.4
fish14,12.32,400,20.0,20.0,20.0,62.38465541815107,15.60946693135456,5.6,734.8312476298823,137.41832429055285,7073,1293,24.293983830581478,9.262138609049055,175.01612243963055,86.6,62.4,65.2,48.2
fish14,12.32,410,20.5,20.0,20.0,38.13501837988401,13.598406904982525,5.2,371.6344330678801,86.285824021627,3847,1188,24.13700498860677,9.20327468465169,110.28027967325846,86.4,62.5,65.2,48.2
fish14,12.32,420,21.0,20.0,20.0,40.29629739149942,20.727902250850494,3.7333333333333334,626.6401213500188,103.04612328505651,8197,492,24.046462379267187,9.21717443300883,197.20363681227602,86.0,62.5,65.1,48.2
fish14,12.32,425,21.25,20.0,20.0,50.46241836352505,25.554399365603352,3.3333333333333335,826.3367463026165,122.04949044825574,11801,322,24.193949272928133,9.160820271767507,269.37476954469565,86.0,62.5,65.3,48.2
fish14,12.32,430,21.5,20.0,20.0,53.30347063477368,25.704726807917048,3.0666666666666664,914.8084945013271,127.44106150471326,10045,295,23.865303460693358,9.167206982252333,233.9325104429457,86.0,62.6,65.2,48.2
fish14,12.32,440,22.0,20.0,20.0,46.10503819215574,22.22818444741731,2.4,750.2275312855517,112.28251018248727,10343,190,23.994305319251552,9.17617503856023,240.0304803578118,86.3,62.6,65.2,48.2
fish14,12.32,830,41.5,20.0,20.0,10.32097686845342,7.984151917105475,3.6,60.44747819491846,29.85336936889626,1633,479,24.805507167769065,9.139215323882633,66.6047224916517,86.2,62.8,65.2,48.3
fish14,12.32,855,42.75,20.0,20.0,7.399945679268489,4.868385315308217,4.133333333333333,30.906332954114518,20.927478419153754,850,619,24.960624246479558,9.151825942897792,51.11245018937735,86.4,62.7,65.2,48.4
fish14,12.32,860,43.0,20.0,20.0,7.399945679268489,4.868385315308217,4.133333333333333,31.058020477815695,20.888216100770702,853,624,24.974070166618443,9.170445734564463,51.2045159011829,86.4,62.9,65.2,48.4
fish14,12.32,865,43.25,20.0,20.0,6.815739441431503,5.063120727920545,3.8666666666666667,29.105043610163058,20.033820875786972,800,534,24.963909567580988,9.132730890814463,50.09664045839545,86.4,62.9,65.2,48.4
fish14,12.32,870,43.5,20.0,20.0,7.399945679268489,5.063120727920545,3.2,32.859309821767155,21.719235344960406,897,365,24.898328305826077,9.139501724147795,51.97783002997387,86.4,62.9,65.2,48.4
fish14,12.32,875,43.75,20.0,20.0,7.789416504493146,5.063120727920545,2.8,34.33826317785361,22.337906997245902,941,250,24.919248473198035,9.140029074086085,52.87927754728412,86.4,62.9,65.2,48.4
fish14,12.32,895,44.75,20.0,20.0,7.0104748540438315,6.231533203594517,3.8666666666666667,40.348881304512695,23.694015645597396,1106,553,24.957043317159016,9.175846128294205,56.25288944545322,86.3,62.9,65.2,48.4
fish14,12.32,905,45.25,20.0,20.0,7.0104748540438315,6.231533203594517,3.6,35.09670079635949,22.28799039670303,954,444,25.17411407666619,9.058036983479393,53.31215106014558,86.5,62.8,65.3,48.5
fish14,12.32,910,45.5,20.0,20.0,7.344975773176848,5.407050726461399,4.133333333333333,32.2715206674251,21.53230723962632,884,898,25.130915413392618,9.076526566812728,51.887441980205345,86.5,62.8,65.3,48.5
fish14,12.32,915,45.75,20.0,20.0,7.20521026665616,4.868385315308217,4.933333333333334,29.59802806219188,20.612203930018676,809,1414,25.12051604047233,9.089101443439063,50.389617483911394,86.4,62.8,65.3,48.4
fish14,12.32,920,46.0,20.0,20.0,7.0104748540438315,5.063120727920545,5.866666666666666,28.2328403488813,20.0173279725322,776,2014,25.014361655887555,9.107818877495658,49.64218053338321,86.4,62.8,65.3,48.5
fish14,12.32,925,46.25,20.0,20.0,6.815739441431503,5.063120727920545,6.0,27.85362153962836,20.01330280379578,766,2361,25.022768673366965,9.140172395483654,49.48294106885062,86.4,62.9,65.3,48.5
fish14,12.32,930,46.5,20.0,20.0,7.20521026665616,4.868385315308217,6.4,29.313613955252176,20.770217895762826,804,2689,25.049062151572144,9.14002918445799,50.26909133603013,86.4,62.9,65.4,48.6
fish14,12.32,935,46.75,20.0,20.0,7.20521026665616,4.868385315308217,6.4,29.029199848312473,20.289658197532532,794,2918,25.011800774298777,9.142161360677083,50.03396213497586,86.2,62.9,65.3,48.6
fish14,12.32,940,47.0,20.0,20.0,6.738953321359764,5.024022325499287,6.666666666666667,28.574137277208944,20.011970026115755,780,3168,25.09753871917724,9.090992726124655,49.7885314453019,86.2,62.8,65.4,48.5
fish14,12.32,945,47.25,20.0,20.0,6.762538277014018,5.096124362989593,7.066666666666666,28.30868411073189,20.015884578854727,775,3428,24.97796843163761,9.094013587941062,49.57198201957867,86.2,62.8,65.3,48.5
fish14,12.32,1615,80.75,20.0,20.0,6.963666713921931,6.392429267411034,8.666666666666666,35.24838832006067,22.21984732085057,956,3881,24.596456792459374,9.195419841670992,52.911876634130365,86.4,62.5,65.2,48.3
fish14,12.32,1655,82.75,20.0,20.0,7.0104748540438315,6.231533203594517,2.6666666666666665,35.11566173682214,22.14504801730713,956,596,25.112330299641176,9.14832662111918,53.38065692076036,86.4,62.5,65.3,48.2
fish14,12.32,1660,83.0,20.0,20.0,6.815739441431503,6.426268616206846,2.933333333333333,36.575654152445956,22.791066195945316,999,385,25.12299007687039,9.165781059731376,54.26877113660177,86.3,62.5,65.3,48.2
fish14,12.32,1665,83.25,20.0,20.0,6.231533203594517,5.842062378369859,3.6,30.28062191884717,20.514469368600732,832,491,25.107799083097486,9.09715474611918,50.844953829216664,86.3,62.6,65.3,48.2
fish14,12.32,1675,83.75,20.0,20.0,6.621004028819175,5.842062378369859,4.8,31.20970800151687,21.252715892696724,861,1485,25.091141085984972,9.101057694657646,51.41219878064262,86.3,62.6,65.3,48.1
fish14,12.32,1680,84.0,20.0,20.0,7.789416504493146,5.647326965757531,5.066666666666666,35.9878649981039,22.977321017801142,993,1720,25.048176755099824,9.099928093422783,54.008104848522606,86.2,62.6,65.3,48.1
fish14,12.32,1685,84.25,20.0,20.0,8.414740600543576,5.022919183379958,5.333333333333333,32.57489571482745,22.34779481384692,888,1933,25.055602985127766,9.277460769271851,52.09306375439962,86.2,62.6,65.3,48.4
fish14,12.32,1690,84.5,20.0,20.0,9.961322080429769,4.6762513866702236,5.2,34.86916951080773,24.370779221529293,949,1450,25.09784245241895,9.23988913828532,53.31773159070427,86.2,62.6,65.3,48.5
fish14,12.32,2995,149.75,20.0,20.0,8.957828980167118,6.815739441431503,8.133333333333333,48.46416382252559,26.330413626939166,1311,2823,24.041327905273434,9.436376931667333,59.697704836940765,86.4,62.8,65.1,48.4
fish14,12.32,3000,150.0,20.0,20.0,8.178887329717803,6.426268616206846,7.733333333333333,44.88054607508532,25.062640105220805,1224,2709,24.903849236212842,9.366542854139539,58.75039209035238,86.6,62.7,65.3,48.4
fish14,12.32,3005,150.25,20.0,20.0,7.20521026665616,6.621004028819175,8.133333333333333,36.65149791429654,22.36502119518255,998,2646,24.74710450934893,9.392939317819806,54.10004382716874,86.5,62.7,65.1,48.5
fish14,12.32,3010,150.5,20.0,20.0,6.815739441431503,5.647326965757531,8.933333333333334,32.68866135760333,21.15702467455499,901,2665,24.794430792744954,9.387727758619524,52.20215855136448,86.5,62.6,65.2,48.4
fish14,12.32,3015,150.75,20.0,20.0,7.20521026665616,5.647326965757531,8.933333333333334,33.29541145240803,21.084671760446763,908,2562,24.758688678807385,9.398300687620374,52.31698936642776,86.5,62.6,65.2,48.4
fish14,12.32,3020,151.0,20.0,20.0,35.055916210707345,7.068765329343149,6.933333333333334,194.2737959802806,75.59598335702347,1096,1927,24.643701804361225,9.421780529435477,55.9854823337967,86.2,62.6,65.1,48.4
fish14,12.32,3025,151.25,20.0,20.0,6.426268616206846,5.647326965757531,6.8,30.621918847174815,20.351871768422253,841,1753,24.58687427631896,9.433177001274958,50.840051277593915,86.1,62.6,65.2,48.3
fish14,12.32,3030,151.5,20.0,20.0,6.747237658676097,5.728267883050418,6.666666666666667,33.029958285930974,20.898266463691577,901,1601,24.542460191495916,9.436373626666601,51.99883381816251,86.2,62.6,65.1,48.3
fish14,12.32,3050,152.5,20.0,20.0,7.770135660245889,6.433130383046064,4.533333333333333,40.65225635191505,23.467244725839937,1099,870,25.066770505099832,9.396542871093748,56.443313376193586,86.5,62.5,65.4,48.3
fish14,12.32,3055,152.75,20.0,20.0,8.178887329717803,5.4525915531452025,3.8666666666666667,37.78915434205536,23.4172914235359,1040,762,24.851279952418945,9.39167307942708,55.042953031846025,86.5,62.5,65.3,48.3
fish14,12.32,3060,153.0,20.0,20.0,8.38774667574077,5.7305603386600135,3.2,37.618505877891536,23.257177750267527,1018,331,24.87416634830428,9.39921863538954,54.633384983693816,86.5,62.5,65.3,48.3
fish14,12.32,3065,153.25,20.0,20.0,9.929544901683288,6.307039381665176,1.7333333333333334,47.136897990140305,26.430641911689232,1271,162,24.807560483503927,9.452324112786188,59.679884596290115,86.4,62.6,65.3,48.3
fish14,12.32,3075,153.75,20.0,20.0,8.409386832695763,5.741023474519101,1.6,36.499810390595364,23.38484149523937,988,153,24.81523417900933,9.438795466952854,54.01402964596218,86.4,62.6,65.2,48.3
fish14,12.32,3085,154.25,20.0,20.0,16.63387070334582,7.054154081972727,1.6,87.5237011755783,40.07530691787583,2355,160,24.633419849235626,9.440611873202855,81.17403172243849,86.3,62.6,65.2,48.3
fish14,12.32,3090,154.5,20.0,20.0,7.20521026665616,6.231533203594517,1.7333333333333334,36.499810390595364,22.84614284125128,995,277,24.598159541301964,9.41644520653619,53.914604747838155,86.2,62.6,65.1,48.3
fish14,12.32,3095,154.75,20.0,20.0,7.20521026665616,5.647326965757531,1.7333333333333334,33.46605991657186,21.82433238181125,912,327,24.715147349717885,9.41960926903619,52.37475661875408,86.2,62.6,65.2,48.3
fish14,12.32,3100,155.0,20.0,20.0,7.594681091880817,5.842062378369859,2.2666666666666666,35.589685248388314,22.55125140991198,973,438,25.49217403818766,9.514531087070042,54.466705125257704,86.6,62.6,65.4,48.6
fish14,12.32,3105,155.25,20.0,20.0,7.848827950471296,5.838426095087628,2.4,35.41903678422449,22.454006367809487,964,495,25.462846786988823,9.504098130957285,54.24694491794611,86.6,62.6,65.5,48.6
fish14,12.32,3110,155.5,20.0,20.0,34.3553013650136,6.961742715208759,2.533333333333333,180.5460750853242,73.40630140726194,1337,555,25.382425750939642,9.503883287207287,61.626309038146935,86.6,62.6,65.4,48.6
fish14,12.32,3115,155.75,20.0,20.0,37.885492832488374,6.650294123514805,2.6666666666666665,190.02654531664768,79.56323334825198,1625,581,25.46349364780379,9.507581192768946,67.47107484057274,86.5,62.6,65.5,48.6
fish14,12.32,3120,156.0,20.0,20.0,10.12624145584109,5.257856140532874,2.1333333333333333,41.14524080394387,25.776969895313016,1120,214,25.415012568250116,9.507721163898042,57.322733732148166,86.5,62.6,65.4,48.6
fish14,12.32,3125,156.25,20.0,20.0,11.878860169352048,4.868385315308217,2.2666666666666666,45.16496018202502,28.301550355013084,1230,231,25.347260951496633,9.50956361181471,59.45682456331134,86.5,62.6,65.5,48.6
fish14,12.32,3930,196.5,20.0,20.0,49.81374999737368,7.693167540295877,7.466666666666667,304.56958665149784,106.23069343190734,1715,2709,24.582686155700685,9.47511065266927,68.35779680836995,86.2,62.7,65.2,48.5
fish14,12.32,3935,196.75,20.0,20.0,48.98953866291635,7.227787165841775,7.066666666666666,295.48729616989,104.4110025168277,1783,2581,24.464170481571152,9.496155571397145,69.6203260529683,86.1,62.7,65.1,48.6
fish14,12.32,3940,197.0,20.0,20.0,7.594681091880817,6.815739441431503,6.133333333333333,41.998483124762984,23.79240243515054,1140,2146,24.455346786988816,9.48273434850905,56.738081135497865,86.1,62.7,65.2,48.6
fish14,12.32,3945,197.25,20.0,20.0,7.984151917105475,6.036797790982188,5.466666666666667,41.2779673871824,23.690050903606277,1125,1566,24.560468139648442,9.478619776365491,56.53908791601393,86.0,62.6,65.2,48.7
fish14,12.32,3950,197.5,20.0,20.0,9.347299805391776,7.594681091880817,5.6,54.3230944254835,27.924583757139516,1472,1348,24.797612250358675,9.491191368103026,63.7288036184617,86.1,62.6,65.2,48.6
fish14,12.32,3955,197.75,20.0,20.0,7.399945679268489,6.621004028819175,5.2,39.32499051952976,23.070148987857902,1069,1102,24.693853382703995,9.490390586853025,55.56424396955701,86.1,62.6,65.2,48.6
fish14,12.32,3960,198.0,20.0,20.0,25.296910394962463,8.606036586884866,5.333333333333333,175.5783086841107,59.84024017528852,2363,832,24.757837997248146,9.483082642862529,81.50092064011068,86.1,62.6,65.2,48.6
fish14,12.32,3965,198.25,20.0,20.0,7.594681834737464,6.45622876759718,5.066666666666666,39.53356086461888,23.192768573703432,1072,860,24.799170199754506,9.47856115175883,55.717731351513336,86.4,62.6,65.2,48.6
fish14,12.32,3970,198.5,20.0,20.0,7.399945679268489,6.036797790982188,4.933333333333334,38.18733409177094,22.701211648899843,1040,729,24.746405692696282,9.473105393981934,55.01951108667822,86.4,62.5,65.3,48.5
fish14,12.32,3975,198.75,20.0,20.0,7.399945679268489,6.036797790982188,5.066666666666666,39.62836556693211,23.386771065377392,1090,735,24.73180922292073,9.47650383148193,56.00831305440266,86.4,62.5,65.2,48.5
fish14,12.32,3980,199.0,20.0,20.0,7.20521026665616,6.231533203594517,4.4,37.751232461130066,22.703977025621704,1028,683,24.768046194947804,9.481803310648596,54.809849505596404,86.4,62.5,65.2,48.5
fish14,12.32,3990,199.5,20.0,20.0,39.01829573197909,7.713792955072417,4.266666666666667,238.07356844899502,84.40783840625086,1713,676,24.62007322091939,9.526907497151692,68.40698071807108,86.3,62.6,65.2,48.5
fish14,12.32,4000,200.0,20.0,20.0,7.399945679268489,7.0104748540438315,4.266666666666667,40.216154721274165,23.372858962182217,1095,786,25.15832820138814,9.554879469543032,56.613207670931175,86.5,62.6,65.3,48.4
fish14,12.32,4005,200.25,20.0,20.0,7.017788277723826,6.558818756124813,4.0,38.376943496397416,22.984665780745893,1040,853,25.19946535416591,9.554342386711971,55.553807740877886,86.6,62.6,65.3,48.4
fish14,12.32,4015,200.75,20.0,20.0,6.426268616206846,6.036797790982188,3.7333333333333334,34.47098976109214,21.971072940809673,949,366,24.967607730648847,9.504863187620375,53.45247091826923,86.6,62.6,65.3,48.4
fish14,12.32,4020,201.0,20.0,20.0,6.815739441431503,6.036797790982188,3.3333333333333335,35.6655290102389,22.3718746048845,979,334,24.960094671103395,9.508938708453709,54.0490333795571,86.6,62.6,65.3,48.4
fish14,12.32,4030,201.5,20.0,20.0,7.594681091880817,6.815739441431503,3.3333333333333335,41.41069397042092,23.484048189601282,1124,352,24.932112727393633,9.430973237768807,56.843085965162444,86.2,62.6,65.2,48.4
fish14,12.32,4035,201.75,20.0,20.0,8.373622742330133,6.036797790982188,2.8,43.1361395525218,24.395318515830972,1183,247,24.967369153886956,9.428076102352142,58.055445256239096,86.1,62.6,65.3,48.4
fish14,12.32,4040,202.0,20.0,20.0,9.152564392779446,5.842062378369859,1.8666666666666667,43.72392870686385,25.21750714449828,1198,172,24.956909177803695,9.431539653937023,58.34844883174072,86.1,62.6,65.3,48.4
fish14,12.32,4050,202.5,20.0,20.0,11.878860169352048,4.868385315308217,2.0,43.49639742131209,28.118015920623495,1183,247,25.028996337721086,9.357564935938518,58.046561273659606,86.5,62.5,65.3,48.3
fish14,12.32,4160,208.0,20.0,20.0,8.178887329717803,6.036797790982188,3.8666666666666667,36.575654152445956,23.267144309673025,992,372,25.27140549647955,9.311995321390365,54.42340081786992,86.3,62.6,65.3,48.3
fish14,12.32,4165,208.25,20.0,20.0,7.789416504493146,6.036797790982188,3.8666666666666667,35.703450891164195,23.38685867603308,976,268,25.17932658403184,9.31699533461465,54.01632191864648,86.5,62.6,65.2,48.3
fish14,12.32,4175,208.75,20.0,20.0,6.815739441431503,6.426268616206846,2.4,37.86499810390595,23.33301682097268,1031,219,25.099335320347915,9.34800114949544,55.067336469843355,86.5,62.6,65.2,48.3
fish14,12.32,4180,209.0,20.0,20.0,6.815739441431503,6.231533203594517,2.2666666666666666,38.28213879408418,23.453606295676007,1047,167,25.114738999807095,9.344752451578778,55.39949145138587,86.5,62.6,65.2,48.3
fish14,12.32,4190,209.5,20.0,20.0,8.178887329717803,6.621004028819175,2.8,46.18885096700796,25.31518664166734,1255,243,25.021574744537734,9.380904795328776,59.50247953986651,86.4,62.7,65.3,48.3
fish14,12.32,4195,209.75,20.0,20.0,9.542035218004104,6.621004028819175,2.8,47.11793704967766,26.56351064425126,1270,223,24.920060054901498,9.375989430745442,59.69604948564694,86.4,62.7,65.1,48.3
fish15,9.61,2255,112.75,20.0,20.0,95.37315404017998,62.17921692698299,3.3333333333333335,3828.15699658703,260.6307840020517,26233,445,22.865216810136957,8.878245437102846,556.4034622472398,86.0,62.3,65.3,48.2
fish15,9.61,3065,153.25,20.0,20.0,93.9305264336235,30.990080530058727,4.8,2009.3667045885472,220.24459478138888,14860,888,23.63795994277766,9.02413730696572,329.8620972497434,86.5,62.2,65.6,48.3
fish15,9.61,3075,153.75,20.0,20.0,32.888709203056756,18.956510064181508,34.4,384.8691695108077,83.50540577589597,4021,1098,23.873476548767094,9.116552712917331,113.41002926168443,86.7,62.3,65.5,48.2
fish15,9.61,3080,154.0,20.0,20.0,48.165582871145254,22.040532915781355,39.86666666666667,640.5005688282138,114.5304587200641,5321,3707,23.964075512525767,9.235432938035327,139.6195084505611,86.7,62.5,65.3,48.4
fish15,9.61,3085,154.25,20.0,20.0,25.17547413332549,8.04254342090865,39.333333333333336,141.10731892301857,56.63815288836795,2519,4102,24.068841071065265,9.243854140175712,83.69269521124099,86.7,62.5,65.4,48.4
fish15,9.61,3090,154.5,20.0,20.0,41.68680617577166,8.490715521157869,39.46666666666667,272.44975350777395,88.85095150063658,3762,3740,23.890616256073375,9.251204388936358,108.38182064500973,86.6,62.5,65.4,48.4
fish15,9.61,3095,154.75,20.0,20.0,17.417664693406888,5.92200526775883,39.46666666666667,81.39931740614333,39.544654028149345,2192,3828,23.988294229220163,9.26559240175883,77.093886630979,86.6,62.5,65.4,48.4
fish15,9.61,3125,156.25,20.0,20.0,24.645995630313546,7.141242138011369,35.46666666666667,131.39931740614333,54.07270124528945,3512,2186,24.398719552480443,9.10930329958598,103.74802285206641,86.3,62.3,65.3,48.1
fish15,9.61,3130,156.5,20.0,20.0,28.33816253231149,8.265297900495282,4.0,166.1736822146378,62.790970192824275,2751,806,24.302044221835676,9.331923678069646,88.65396789990533,86.3,62.3,65.3,48.5
fish15,9.61,3135,156.75,20.0,20.0,50.163968277423024,25.185107498310984,3.6,764.3913538111489,121.71802026816711,2480,666,24.402612783851154,9.597106043232813,83.59971882708396,86.3,62.4,65.4,48.8
fish15,9.61,3140,157.0,20.0,20.0,19.473541261232867,5.842062378369859,2.933333333333333,86.5566932119833,44.077837562293304,1141,558,24.15598086291655,9.706201109049056,56.682181971965605,86.3,62.5,65.3,48.5
fish15,9.61,3230,161.5,20.0,20.0,52.68566944797742,29.43852339635754,31.733333333333334,1357.3758058399694,148.56955078049643,12191,4318,24.670403145326212,9.118538411193423,277.60894155651965,86.6,62.7,65.6,48.4
fish15,9.61,3235,161.75,20.0,20.0,12.33735871983749,7.340318062006349,31.333333333333332,65.45316647705725,31.896819245033576,1756,3586,24.74677061360677,9.134394530571827,69.0011651441786,86.6,62.7,65.5,48.5
fish15,9.61,3240,162.0,20.0,20.0,9.39772120023988,6.751235713144936,31.333333333333332,48.27455441789912,26.47149693793561,1308,3584,24.531887780290774,9.104208984364403,59.796096764655175,86.4,63.0,65.4,48.5
fish15,9.61,3245,162.25,20.0,20.0,7.545933353056179,6.700405747141524,31.333333333333332,37.42889647326507,23.286031114898112,1013,3582,24.567287141757543,9.108365885374283,53.935653027131835,86.4,63.0,65.3,48.5
fish15,9.61,3250,162.5,20.0,20.0,8.190239664982169,4.988040578136374,3.3333333333333335,29.97724687144482,21.432403002873805,821,617,24.812469556850868,9.100286409335665,50.33275596618653,87.1,63.0,65.6,48.5
fish15,9.61,3255,162.75,20.0,20.0,8.190239664982169,4.988040578136374,3.3333333333333335,30.356465680697756,21.549192046190402,830,617,24.792660520181535,9.096914013502332,50.48957453368387,87.1,63.0,65.6,48.5
fish15,9.61,3260,163.0,20.0,20.0,7.919360703296902,5.026443295308642,3.3333333333333335,29.59802806219188,21.158361189732517,808,617,24.754544093586482,9.100969997151692,50.01551409073818,87.2,62.8,65.4,48.5
fish15,9.61,3265,163.25,20.0,20.0,8.178887329717803,4.478914490083559,3.2,27.92946530147895,20.365134916694323,767,602,24.81700940602621,9.11301752165688,49.27002692768309,87.2,62.8,65.4,48.5
fish15,9.61,3270,163.5,20.0,20.0,7.984151917105475,4.28417907747123,3.2,26.697004171406896,19.964089363496903,737,624,24.78457888136499,9.076878237395817,48.60145711876081,87.2,62.8,65.4,48.3
fish15,9.61,3275,163.75,20.0,20.0,6.879977227038797,4.8769459952968655,3.7333333333333334,24.64922260144103,18.990035161401785,677,1041,24.767200459628633,9.234391275776758,47.54159173540539,87.2,62.8,65.4,48.4
fish15,9.61,3280,164.0,20.0,20.0,7.594681091880817,4.28417907747123,4.0,25.00948047023132,19.102096015023594,689,1324,24.693185720486113,9.448323567443424,47.92150928792954,87.2,63.0,65.4,48.6
fish15,9.61,3285,164.25,20.0,20.0,7.594681091880817,4.089443664858901,4.0,24.023511566173678,18.853907818519215,665,1336,24.679114524257333,9.418255208333333,47.39736973259066,87.2,63.0,65.4,48.6
fish15,9.61,3290,164.5,20.0,20.0,7.594681091880817,4.089443664858901,4.0,24.232081911262796,18.994618610121954,670,1104,24.658654431830513,9.439954417546593,47.498608849377106,87.2,63.0,65.4,48.5
fish15,9.61,3295,164.75,20.0,20.0,7.984151917105475,4.089443664858901,4.0,24.89571482745544,19.452127721983448,688,794,24.674214352737234,9.385608720895979,47.81982307363321,87.2,63.0,65.4,48.2
fish15,9.61,4975,248.75,20.0,20.0,15.96830383421095,12.852537232413692,35.6,158.4565794463405,47.246880960600315,4229,2729,25.16804638061523,9.114720013936362,118.86276639455158,86.7,62.7,65.7,48.2
fish15,9.61,4980,249.0,20.0,20.0,15.209183084790544,13.794124374080882,35.6,167.0079635949943,47.84551895307063,4457,2620,25.165941677347814,9.114632119401298,123.42057379674911,87.0,62.7,65.7,48.2
fish15,9.61,4985,249.25,20.0,20.0,14.84095944535514,13.609344726238414,9.466666666666667,166.87523701175576,47.4431526007566,4450,2457,25.114886881510422,9.10054357773463,123.21543045924506,87.0,62.6,65.6,48.2
fish15,9.61,4990,249.5,20.0,20.0,15.111879264155936,13.603248844601234,9.466666666666667,167.42510428517252,47.57902535273802,4461,2457,25.15451368513696,9.099479125934177,123.47399281107113,87.0,62.6,65.7,48.2
fish15,9.61,4995,249.75,20.0,20.0,14.62013639304814,13.631478882863005,9.466666666666667,165.77550246492223,47.37665188809139,4420,2457,25.153085745333446,9.10724279911253,122.66032854444597,87.0,62.6,65.7,48.2
fish15,9.61,5035,251.75,20.0,20.0,19.084070436008208,12.463066407189034,8.666666666666666,189.53356086461886,54.859030094369416,5079,2693,25.16218725518121,9.11414385476642,135.85633110994763,86.9,62.8,65.7,48.4
fish15,9.61,5040,252.0,20.0,20.0,19.473541261232867,13.826214295475335,6.133333333333333,200.81532043989378,56.93272955741777,5357,1566,25.23801621724823,9.114671223100029,141.49268744034828,86.6,62.8,65.7,48.2
fish15,9.61,5045,252.25,20.0,20.0,20.836689149519167,13.826214295475335,28.666666666666668,209.23397800530904,57.7585077622557,5593,1272,25.249361655887558,9.123746733252208,146.23310838913977,86.6,62.8,65.7,48.3
fish15,9.61,5050,252.5,20.0,20.0,16.993539605645744,14.145136025028174,6.933333333333334,190.21615472127414,51.38429596301742,5054,1452,25.28977407761561,9.10670241435369,135.4764764919693,86.5,62.7,65.6,48.4
fish15,9.61,5055,252.75,20.0,20.0,15.781858701768122,13.655372124025355,6.933333333333334,173.85286310200982,49.04512866859325,4628,1452,25.286618823223346,9.08253247002496,126.92915129324831,86.6,62.7,65.6,48.4
fish15,9.61,5060,253.0,20.0,20.0,18.481768210274357,13.750435489015588,6.4,197.23170269245352,53.2240458878953,5236,1348,25.32759980059966,9.0873859799597,139.13498578055936,86.8,62.7,65.7,48.3
fish2,16.0,1250,62.5,20.0,20.0,9.549761669979281,5.983651969384831,10.533333333333333,39.552521805081525,25.449141268145944,1078,556,27.55330959289928,10.102535799566907,59.21584539246618,87.7,64.7,66.1,49.5
fish2,16.0,1255,62.75,20.0,20.0,9.736770630616434,5.063120727920545,35.46666666666667,40.82290481607887,25.755132324204347,1117,718,27.315492814127616,10.069846992227763,59.72533980635538,87.7,64.7,66.0,49.5
fish2,16.0,1260,63.0,20.0,20.0,5.921044754115535,3.304769389672308,10.533333333333333,15.680697762609023,15.281693298793565,435,556,27.359386127820425,10.074251285129124,46.133637412949554,87.7,64.7,66.1,49.5
fish2,16.0,1265,63.25,20.0,20.0,5.507949230406062,2.753974615203031,35.86666666666667,11.831626848691693,13.77283900081717,336,735,27.165036580234105,10.083919259982638,43.96895584021674,87.6,64.7,66.0,49.5
fish2,16.0,1270,63.5,20.0,20.0,6.183270921588047,2.6997379086210045,36.666666666666664,12.116040955631398,14.485217677928631,345,735,27.226746757884094,10.084537749565971,44.21128450745007,87.8,64.7,66.0,49.5
fish2,16.0,1275,63.75,20.0,20.0,5.09485259241162,2.8916731231061887,37.2,11.395525218050814,13.226734437496656,324,765,27.163698981221515,10.106279285335539,43.74997826655705,87.8,64.7,66.0,49.5
fish2,16.0,1280,64.0,20.0,20.0,4.896328239476303,4.039470955424988,10.533333333333333,14.751611679939323,14.730957767141806,407,556,27.239160031900287,10.114339181168873,45.49349921306916,87.8,64.7,66.0,49.5
fish2,16.0,1285,64.25,20.0,20.0,5.921044754115535,3.717865284810104,10.533333333333333,15.94615092908608,15.584066503700262,442,556,27.130787295569903,10.11550454575221,46.08629184132211,87.7,64.7,66.0,49.5
fish2,16.0,1290,64.5,20.0,20.0,4.54405744651402,2.753974615203031,10.533333333333333,9.196056124383768,11.946058586907755,266,556,27.119290712690947,10.11026366169188,42.54955437438283,87.8,64.7,65.9,49.5
fish2,16.0,1295,64.75,20.0,20.0,4.54405744651402,2.8916731231061887,10.533333333333333,9.859689040576411,12.138431808242844,282,556,27.115718359374995,10.091236969629925,42.84695532900492,87.7,64.6,66.0,49.5
fish2,16.0,2010,100.5,20.0,20.0,7.789416504493146,5.257856140532874,18.0,35.26734926052332,22.418140761440323,960,2528,27.839463608560447,10.279534237321215,57.31899784588167,87.3,64.8,65.7,49.7
fish2,16.0,2015,100.75,20.0,20.0,7.789416504493146,5.4525915531452025,18.0,37.14448236632536,22.964133571264156,1019,2392,27.864797272557386,10.29637345309787,58.54117072565525,87.3,64.8,65.7,49.7
fish2,16.0,2020,101.0,20.0,20.0,7.594681091880817,5.842062378369859,18.0,38.56655290102388,23.017871774608167,1046,2392,27.742618267746913,10.26505174759759,58.9276700153445,87.3,64.7,65.7,49.7
fish2,16.0,4095,204.75,20.0,20.0,7.022635417339058,6.609538779344616,3.2,35.6655290102389,22.58894662577173,967,228,27.057421862265503,10.245550095780686,56.64297195804619,87.1,64.3,65.6,49.4
fish2,16.0,4100,205.0,20.0,20.0,7.227620765953069,4.628106476013824,2.933333333333333,25.426621160409553,19.68478731280239,689,262,27.821988457102837,10.015042270141182,51.61703072724402,87.6,64.1,66.0,49.4
fish2,16.0,4105,205.25,20.0,20.0,6.947103982142434,4.353945573666473,3.0666666666666664,23.284034888130446,18.8714450853612,634,286,27.81050879802939,10.003681577799055,50.494190375828445,87.6,64.1,66.1,49.4
fish2,16.0,4110,205.5,20.0,20.0,6.815739441431503,4.28417907747123,2.2666666666666666,24.914675767918084,19.253267783558293,684,208,27.79084361962212,10.013720649708642,51.48456426933076,87.6,64.1,66.0,49.4
fish2,16.0,4115,205.75,20.0,20.0,7.594681091880817,4.673649902695888,3.6,28.72582480091012,20.86244250372313,788,374,27.797449691942,10.004088500934177,53.56153819287618,87.4,64.1,66.0,49.5
fish2,16.0,4120,206.0,20.0,20.0,7.789416504493146,5.4525915531452025,3.3333333333333335,32.8782707622298,22.26520795836917,894,354,27.737805425177676,10.04588537050883,55.663690795686506,87.3,64.2,66.0,49.5
fish2,16.0,4500,225.0,20.0,20.0,44.536558784058386,10.003407137996321,7.866666666666666,382.0819112627986,99.63433090982149,2583,2081,27.86839663882785,9.862799427244397,89.39119606607224,88.2,64.7,66.2,49.4
fish2,16.0,4505,225.25,20.0,20.0,9.152564392779446,6.231533203594517,7.2,48.50208570345088,25.900406112755217,1321,1819,27.771144460042315,9.856666580835977,64.04781104087829,88.1,64.6,66.1,49.6
fish2,16.0,4510,225.5,20.0,20.0,9.347299805391776,6.621004028819175,6.266666666666667,51.95297686765263,26.53695275308539,1413,1412,27.71713791140333,9.807073525651296,65.78421143705462,88.1,64.6,66.2,49.4
fish2,16.0,4515,225.75,20.0,20.0,9.736770630616434,7.399945679268489,5.866666666666666,56.44671975729995,27.472848521773425,1530,584,27.40012454515622,9.801871627966563,67.80199617312277,87.9,64.6,66.1,49.4
fish2,16.0,4525,226.25,20.0,20.0,12.268330994576706,6.621004028819175,5.6,59.91657186196434,30.493429721162073,1615,534,27.36366109295127,9.882506404452851,69.54616749740411,87.8,64.8,66.1,49.5
fish2,16.0,4530,226.5,20.0,20.0,11.684124756739719,6.426268616206846,4.666666666666667,57.546454304133476,29.56251826521181,1560,414,27.357980018427345,9.854879461659323,68.41285948008667,87.8,64.8,66.1,49.5
fish2,16.0,4535,226.75,20.0,20.0,74.76806976432805,8.564230843417215,4.8,458.17216533940075,155.80603187623774,1779,370,27.41125297714045,9.85609693220986,72.8473499093503,87.9,64.8,66.0,49.4
fish2,16.0,4540,227.0,20.0,20.0,10.515712281065747,6.231533203594517,4.8,51.72544558210086,27.675286823876693,1400,379,27.285627518246503,9.87733393095864,65.16296144920514,87.9,64.8,66.0,49.5
fish2,16.0,4545,227.25,20.0,20.0,8.56835815494246,6.621004028819175,4.933333333333334,49.051952976867646,25.77197664508122,1330,383,27.251634754604773,10.06043936919106,63.91207412379583,87.9,64.7,66.0,49.6
fish2,16.0,4550,227.5,20.0,20.0,8.373622742330133,6.815739441431503,3.7333333333333334,48.14182783466059,25.583676831736003,1304,608,27.630171633572054,10.101302042600848,63.81147367617291,88.1,64.7,66.1,49.4
fish2,16.0,4555,227.75,20.0,20.0,7.984151917105475,7.0104748540438315,3.8666666666666667,48.00910125142206,25.511830336931926,1304,1129,27.495012050129453,10.110139874256985,63.685151924386446,88.0,64.6,66.0,49.4
fish2,16.0,4560,228.0,20.0,20.0,7.984151917105475,7.20521026665616,5.2,51.57375805839969,26.575748928923073,1403,1374,27.477846775459952,10.066409442382394,65.60425621784235,88.0,64.4,66.0,49.2
fish2,16.0,4565,228.25,20.0,20.0,8.178887329717803,7.20521026665616,5.2,50.34129692832764,26.196723968140486,1365,1478,27.480060340033628,10.244287072488994,65.02434741252262,88.0,64.4,66.1,49.5
fish2,16.0,5255,262.75,20.0,20.0,14.240569332628123,5.985890567887591,3.466666666666667,74.04247250663632,35.86987231630938,1352,490,27.26465474399519,9.878216145451862,64.18287088944706,88.0,64.5,65.7,49.3
fish2,16.0,5265,263.25,20.0,20.0,14.243319387931662,5.583858779635506,3.2,68.8661357603337,35.253049866358516,1194,577,27.18107932518853,9.919716796355777,60.9807961215443,87.6,64.5,65.8,49.3
fish2,16.0,5270,263.5,20.0,20.0,14.124395467471503,5.621003097649428,3.2,70.42093287827075,35.31588128504929,1182,627,27.2042127703443,9.925335285939111,60.76954805628341,87.6,64.5,65.8,49.3
fish2,16.0,5275,263.75,20.0,20.0,14.110606562408217,5.583858779635506,3.2,70.3640500568828,35.41794384535825,1118,627,27.23378318134826,9.928359374957614,59.52214255630587,87.9,64.5,65.8,49.3
fish2,16.0,5280,264.0,20.0,20.0,14.098007713691842,5.724460742739604,3.3333333333333335,67.70951839211224,34.94228368135101,1010,625,27.257624422633796,9.927047525776759,57.384671948410556,87.9,64.5,65.8,49.3
fish2,16.0,5285,264.25,20.0,20.0,14.098007713691842,5.724460742739604,3.0666666666666664,67.70951839211224,34.94228368135101,1007,557,27.28404378586758,9.895074869781071,57.31911865564865,87.9,64.5,65.8,49.3
fish2,16.0,5290,264.5,20.0,20.0,14.236719849488486,5.724460742739604,2.8,69.73833902161546,35.42055305968456,1024,472,27.27414337005616,9.899778643756443,57.653922013812604,87.8,64.5,65.7,49.3
fish2,16.0,5295,264.75,20.0,20.0,14.23395790847861,5.717131719070044,2.4,70.91391733029957,35.83544541433512,1042,428,27.256374380587353,9.910087887562648,58.00646226815,87.9,64.5,65.8,49.3
fish2,16.0,5300,265.0,20.0,20.0,14.482700484969348,5.929956805297748,2.933333333333333,76.54531664770572,36.69357091718107,1237,488,27.625106367530343,9.904918474737801,62.27002484226815,87.7,64.5,66.0,49.2
fish2,16.0,5305,265.25,20.0,20.0,14.52762845492019,5.857807224982097,2.8,73.81494122108455,36.57222932333792,1158,493,27.657927573404194,9.90422186507119,60.722149438475384,87.7,64.4,66.0,49.2
fish2,16.0,5310,265.5,20.0,20.0,14.33300149937818,5.8833146936362315,2.2666666666666666,74.53545695866514,36.5812571905141,1163,428,27.57449009857178,9.915911300616791,60.750401399188576,87.7,64.4,66.0,49.2
fish2,16.0,5315,265.75,20.0,20.0,14.160263557767575,5.857807224982097,1.8666666666666667,72.9806598407281,36.318719116107346,1142,378,27.40165168048247,9.916327940368653,60.15797962085112,87.6,64.4,66.0,49.2
fish2,16.0,5320,266.0,20.0,20.0,14.083636409018084,5.835072097330881,2.4,73.11338642396662,36.23736763123191,1044,392,27.422932074577428,9.922333824062347,58.225265898639776,87.6,64.4,66.0,49.2
fish2,16.0,5325,266.25,20.0,20.0,14.047847061526488,5.860371566124132,2.2666666666666666,74.36480849450132,36.40608230767625,1061,425,27.37042341820988,9.94112939172321,58.53155280993309,87.6,64.5,66.0,49.1
fish2,16.0,5330,266.5,20.0,20.0,14.029143416893183,5.667534523670689,2.1333333333333333,73.09442548350397,36.31482232228507,1167,445,27.3782752480401,9.949846839639878,60.668122087679976,87.6,64.5,66.0,49.1
fish2,16.0,5335,266.75,20.0,20.0,13.831665377543775,5.690966450855864,2.0,72.71520667425104,36.102038418172675,1185,417,27.370727356333795,9.947802563465967,61.01852991979976,87.6,64.5,66.0,49.1
fish2,16.0,5340,267.0,20.0,20.0,13.83098789228261,5.8586555672718434,2.1333333333333333,74.64922260144102,36.02839504599897,1995,453,27.543027726839792,9.93843734741211,77.3814650742519,87.7,64.5,66.0,49.1
fish2,16.0,5345,267.25,20.0,20.0,13.852492106471384,5.838425723659305,1.8666666666666667,74.19416003033749,35.81812111520784,1987,411,27.573978189181094,9.935992703236472,77.24997089241756,87.7,64.5,66.0,49.1
fish2,16.0,5350,267.5,20.0,20.0,13.555087962526946,5.3370212590134685,2.533333333333333,60.16306408797875,33.429057602370015,1621,494,27.57365535479887,9.996018823740219,69.98967417853909,87.8,64.5,66.0,49.3
fish2,16.0,5355,267.75,20.0,20.0,12.747213531428732,5.357524473871739,2.533333333333333,53.77322715206673,31.581546961254165,1447,502,27.511824043763713,9.998974555958643,66.45079859972236,87.7,64.5,66.0,49.3
fish2,16.0,5360,268.0,20.0,20.0,10.485593158353167,5.537035410952362,2.4,43.401592718998856,27.39769276311125,1173,500,27.47641596361325,9.994560493458643,60.93097645707189,87.7,64.5,66.0,49.3
fish2,16.0,5365,268.25,20.0,20.0,9.66817673363692,5.603847194838091,2.533333333333333,42.54835039817974,26.31279972979129,1150,512,27.450309208547345,9.970146407816147,60.42045561636349,87.7,64.6,66.0,49.3
fish2,16.0,5370,268.5,20.0,20.0,8.387747418597415,6.210775188906664,2.533333333333333,38.1683731513083,24.21529758444859,1038,513,27.42491021042811,9.954482355742986,58.1393925661711,87.7,64.6,66.0,49.3
fish2,16.0,5375,268.75,20.0,20.0,7.540562499505508,6.399973719507938,2.6666666666666665,34.86916951080773,22.69356349865801,950,514,27.427258164224497,9.972232998148597,56.399491162373096,87.7,64.6,66.1,49.4
fish2,16.0,5380,269.0,20.0,20.0,7.402507791840587,6.531624260027583,2.6666666666666665,38.130451270383006,23.13817801200093,1030,510,27.471320602586545,9.976181536769868,58.04750213935642,87.5,64.6,66.1,49.4
fish2,16.0,5390,269.5,20.0,20.0,7.6792374924698485,6.430887698831752,2.8,40.064467197572995,23.70071725718659,1085,617,27.440795597029318,9.949654800372654,59.090450397401966,87.5,64.4,66.1,49.4
fish2,16.0,5725,286.25,20.0,20.0,56.45278464270487,23.325845770411746,2.8,786.5377322715206,129.2477169106543,2414,456,26.7718008192086,9.942320926655661,84.99412174586426,87.2,64.6,65.7,49.4
fish2,16.0,5740,287.0,20.0,20.0,41.512769720743826,6.8617259821029135,2.8,216.4580963215775,88.1571804771512,1837,379,26.620776535203728,9.934977176655662,73.29575371185939,87.4,64.6,65.7,49.4
fish2,16.0,5745,287.25,20.0,20.0,31.310504315749803,7.193786617153778,2.8,165.09290860826695,67.45739367892483,1952,401,26.465702745150345,9.921679644097223,75.42738238924757,87.4,64.6,65.7,49.5
fish2,16.0,5750,287.5,20.0,20.0,15.109178237391035,7.961242218142446,3.6,93.59120212362532,37.74496422647807,2497,534,26.8416642523118,10.00283528517617,86.78449953748796,87.7,64.6,65.8,49.5
fish2,16.0,5755,287.75,20.0,20.0,14.274820966862471,9.49422199284015,3.6,99.07091391733029,38.76092568804437,2644,529,26.938790537516276,10.013623044490812,89.83241358200709,87.7,64.6,65.9,49.5
fish2,16.0,5760,288.0,20.0,20.0,8.926521286820917,4.156263991596059,3.466666666666667,29.97724687144482,21.47716840329052,816,526,26.9532655232559,10.02033203086853,53.29359755412443,87.6,64.6,66.0,49.5
fish2,16.0,5775,288.75,20.0,20.0,10.24308240626583,7.594680349024172,3.466666666666667,56.37087599544937,28.677261014440948,1516,521,27.222236164686414,10.001484374321832,67.54372053900825,87.6,64.5,66.1,49.5
fish2,16.0,5785,289.25,20.0,20.0,10.554938083401797,7.155681042639916,3.3333333333333335,56.35191505498672,28.743014761534322,1513,454,27.418937774582847,9.899941405571829,67.57887918015467,87.5,64.3,66.1,49.5
fish2,16.0,5790,289.5,20.0,20.0,11.977617760442902,4.930218102524044,3.3333333333333335,42.41562381494121,27.630233241509863,1149,447,27.45370349203981,9.913717447238499,60.34742093927831,87.5,64.3,66.1,49.5
fish2,16.0,5795,289.75,20.0,20.0,9.931506043228762,4.478914490083559,3.2,30.906332954114518,22.989451170402422,847,400,27.468425432822148,9.902008463022444,54.3104338958446,87.5,64.3,66.2,49.5
fish2,16.0,5800,290.0,20.0,20.0,10.32097686845342,4.089443664858901,2.6666666666666665,35.210466439135374,24.74601115627734,965,445,27.858061954752603,9.980065095859102,57.1381270506117,87.8,64.3,66.1,49.6
fish2,16.0,5805,290.25,20.0,20.0,10.32097686845342,4.28417907747123,2.6666666666666665,35.36215396283655,24.591595007769723,967,373,27.873908080583742,10.038655594285327,57.252563674869066,87.8,64.4,66.1,49.6
fish2,16.0,5810,290.5,20.0,20.0,10.414701605767537,4.414927790022618,2.6666666666666665,35.456958665149784,24.395679753089365,962,477,27.841243122449335,10.046477858479818,57.127720980929155,87.8,64.4,66.0,49.6
fish2,16.0,5815,290.75,20.0,20.0,10.42989228132185,4.5590453222039695,2.8,36.12059158134243,24.539865744153502,981,474,27.894537569851348,10.038206368668874,57.55274393852022,87.6,64.4,66.1,49.5
fish2,16.0,5820,291.0,20.0,20.0,10.424771027604239,4.786093884632878,2.933333333333333,37.92188092529389,24.96154144783858,1028,595,27.930718308437015,10.062034496296777,58.552752804733785,87.6,64.4,66.1,49.5
fish2,16.0,5825,291.25,20.0,20.0,10.40838732427643,4.795599849703578,2.933333333333333,37.504740235115655,25.002038161824608,1017,645,27.924537752881463,10.031878240701888,58.29641599358335,87.6,64.4,66.1,49.5
fish2,16.0,5830,291.5,20.0,20.0,10.730960937101068,4.795599849703578,3.0666666666666664,38.43382631778535,25.645082337094752,1041,667,27.91522786983914,10.021738271713257,58.7569661415524,87.6,64.4,66.0,49.5
fish2,16.0,5835,291.75,20.0,20.0,11.272659431939921,4.725284753875255,3.3333333333333335,39.24914675767918,26.504876690610242,1062,703,27.869707087293083,10.023072909503513,59.1327799967966,87.6,64.4,66.0,49.5
fish2,16.0,5840,292.0,20.0,20.0,11.279042799099107,4.5648392326145455,3.3333333333333335,38.09252938945771,26.298882217671164,1031,708,27.638608984375,10.028417964511448,58.28702694888645,87.3,64.4,66.0,49.5
fish2,16.0,5845,292.25,20.0,20.0,13.275273178246794,4.462159729861067,3.3333333333333335,42.83276450511945,29.762541285001916,1165,711,27.654546329752606,10.021474605549706,60.976020935302316,87.3,64.4,66.0,49.5
fish2,16.0,5850,292.5,20.0,20.0,7.360999933887986,3.7389200707280392,3.6,21.387940841865753,18.417528613953987,587,750,27.93683263027992,10.048613267517087,49.72544589779701,87.5,64.4,66.0,49.5
fish2,16.0,5855,292.75,20.0,20.0,7.7508607588518,4.006062834912186,3.6,24.27000379218809,19.196899542687614,664,703,27.910712901456854,10.033447260019514,51.22416016147637,87.5,64.4,66.0,49.5
fish2,16.0,5860,293.0,20.0,20.0,7.514290631362625,3.5400658894418937,3.7333333333333334,20.85703450891164,18.219324385804562,575,716,27.60014894068212,10.031725254313152,49.13187419499528,87.0,64.4,65.9,49.5
fish2,16.0,5865,293.25,20.0,20.0,6.776792210337708,4.011549945527958,3.8666666666666667,20.97080015168752,17.623993173265433,579,744,27.606672363205895,10.127968736267091,49.314641099472986,87.0,64.5,65.9,49.5
fish2,16.0,5870,293.5,20.0,20.0,6.884936538007577,4.819455576605304,3.8666666666666667,23.94766780432309,18.94156095632277,654,804,27.61338297526042,10.118212876118555,50.811595851378975,87.0,64.5,65.9,49.5
fish2,16.0,5875,293.75,20.0,20.0,7.789416504493146,4.673649902695888,3.466666666666667,25.274933636708376,19.717521151623313,688,748,27.658304984010304,10.119228488063811,51.53753347207411,87.0,64.5,66.0,49.5
fish2,16.0,5880,294.0,20.0,20.0,7.399945679268489,4.28417907747123,3.466666666666667,23.871824042472504,19.314426962296082,659,788,27.769355357530376,10.118802050103083,51.06815740763346,87.3,64.4,66.0,49.5
fish2,16.0,5885,294.25,20.0,20.0,7.698534679563318,4.581336593009193,3.466666666666667,26.033371255214256,20.203604221159413,713,690,27.703478647566424,10.107060514820947,52.07053916238737,87.3,64.4,65.9,49.4
fish2,16.0,5890,294.5,20.0,20.0,8.373622742330133,3.894708252246573,3.6,24.95259764884338,20.360426412700654,684,634,27.704372847870264,10.112499971347386,51.49687281921765,87.3,64.4,65.9,49.5
fish2,16.0,5895,294.75,20.0,20.0,7.165538750332503,3.935663053426217,3.8666666666666667,21.53962836556693,18.250034450979047,590,645,27.712397879122513,10.085117172198826,49.59751505132134,87.3,64.4,65.9,49.4
fish2,16.0,5900,295.0,20.0,20.0,7.329342355061513,4.414502876021098,4.133333333333333,24.345847554038677,19.118318170245168,665,723,27.53619605931411,10.117363274086847,50.95355933340096,87.4,64.4,65.8,49.5
fish2,16.0,5905,295.25,20.0,20.0,7.190437819393553,4.338173241358334,4.133333333333333,24.57337883959044,18.976985421915554,674,709,27.53305374522268,10.023313789833914,51.0363675350566,87.4,64.3,65.8,49.5
fish2,16.0,5910,295.5,20.0,20.0,7.589126752738581,4.490755625021,4.133333333333333,26.905574516496014,19.837418957146394,736,699,27.539494717444896,10.022858060667247,52.28235277811214,87.4,64.3,65.8,49.5
fish2,16.0,5915,295.75,20.0,20.0,7.399945679268489,4.089443664858901,3.3333333333333335,24.478574137277207,19.0558421388167,670,525,27.43726825853513,10.018834620115486,50.85610287865062,87.4,64.3,65.8,49.5
fish2,16.0,5920,296.0,20.0,20.0,7.480502539675388,4.229884056642492,4.266666666666667,25.350777398558964,19.405421585364753,697,627,27.446530388556592,10.020208304680716,51.40673869323731,87.3,64.3,65.8,49.5
fish2,16.0,5925,296.25,20.0,20.0,8.178887329717803,4.089443664858901,4.133333333333333,24.55441789912779,19.85478557588823,680,627,27.450740458001032,10.104521447488994,51.15526190549003,87.3,64.4,65.9,49.6
fish2,16.0,5930,296.5,20.0,20.0,7.399945679268489,4.673649902695888,4.266666666666667,25.55934774364808,19.371182626121925,703,571,27.46381357404921,10.109075492180716,51.63288906622993,87.3,64.4,65.9,49.6
fish2,16.0,5935,296.75,20.0,20.0,8.178887329717803,4.673649902695888,4.0,27.398558968524835,20.528506294926707,748,576,27.44644371727838,10.11324541726642,52.5196891345448,87.3,64.4,65.8,49.6
fish2,16.0,5940,297.0,20.0,20.0,9.25213466904104,4.610059888083916,3.8666666666666667,30.811528251801285,22.28670499934846,839,491,27.69176061190382,10.11700844013426,54.58876905203808,87.3,64.4,65.9,49.6
fish2,16.0,5945,297.25,20.0,20.0,9.31845022468723,4.093150890950827,3.2,29.692832764505116,22.287180636530337,814,443,27.713166752266602,10.077818979517621,54.070985731784226,87.3,64.4,65.9,49.5
fish2,16.0,5950,297.5,20.0,20.0,7.810875404426512,4.230890627397839,3.8666666666666667,26.45051194539249,20.140295145645254,725,572,27.724234737820105,9.99338215907415,52.217616896894256,87.4,64.4,66.0,49.5
fish2,16.0,5955,297.75,20.0,20.0,8.551607480431523,4.059517684874284,3.7333333333333334,27.455441789912776,20.665810926307586,749,511,27.65685176849365,9.999329423650108,52.63618119214375,87.4,64.4,66.0,49.5
fish2,16.0,5960,298.0,20.0,20.0,8.31908740737641,4.361173197403853,4.0,29.142965491088354,20.98864850859853,798,560,27.6344949215736,9.99447916323344,53.58897408480704,87.3,64.4,66.0,49.5
fish2,16.0,5965,298.25,20.0,20.0,7.20521026665616,3.894708252246573,4.0,23.568448995070153,18.75788414881412,652,558,27.606838627266594,9.981774085479312,50.628612712745905,87.3,64.6,66.0,49.5
fish2,16.0,5970,298.5,20.0,20.0,7.399945679268489,3.894708252246573,4.0,23.739097459233975,18.843931021620563,655,492,27.548518189814057,9.984332679229313,50.632850869043374,87.3,64.6,66.0,49.5
fish2,16.0,5975,298.75,20.0,20.0,6.231533203594517,3.894708252246573,3.8666666666666667,20.098596890405762,16.72755337640236,556,466,27.50039316660563,9.96066405906677,48.581057225672396,87.3,64.6,66.0,49.4
fish2,16.0,5980,299.0,20.0,20.0,7.71112832828317,5.232551843171423,4.133333333333333,30.546075085324226,21.16437955892154,834,524,27.34021096686845,9.997659492227767,54.017870459096216,87.2,64.5,66.0,49.5
fish2,16.0,5985,299.25,20.0,20.0,6.621004028819175,3.6999728396342446,4.0,17.974971558589303,16.310034907436798,497,508,27.379802471226828,9.84708980034722,47.16689227157404,87.2,64.4,66.0,49.4
fish2,16.0,5990,299.5,20.0,20.0,5.507949230406062,4.54405744651402,3.8666666666666667,18.373151308304887,16.44358031276053,509,513,27.39344907541158,9.858727168771956,47.43217624418354,87.2,64.4,66.0,49.4
fish2,16.0,5995,299.75,20.0,20.0,7.399945679268489,4.089443664858901,3.6,22.165339400834277,18.31863452295443,614,520,27.442298741018043,9.861461554114022,49.583760295132066,87.2,64.4,66.0,49.4
fish2,16.0,6000,300.0,20.0,20.0,83.72917919944395,10.81537173778748,3.3333333333333335,569.7193780811527,175.25884462812016,1629,558,28.059196128543803,10.061126258680552,70.70032238722436,87.5,64.3,65.9,49.4
fish2,16.0,6005,300.25,20.0,20.0,82.51705109586543,10.876717582471848,3.3333333333333335,574.3648084945012,173.0937791136801,1537,526,28.079122301718623,10.057923133680557,68.87704543539918,87.5,64.4,65.9,49.5
fish2,16.0,6010,300.5,20.0,20.0,82.0428648987295,10.682265941098295,3.3333333333333335,558.8357982555934,171.75304328004682,1480,495,28.092928832838272,10.061461554114024,67.7543903869523,87.5,64.4,65.9,49.5
fish2,16.0,6015,300.75,20.0,20.0,82.01753645852705,10.240491322284537,3.2,535.2863102009859,171.29120106215487,1533,492,28.10329326561822,10.066181606197357,68.82947487181558,87.4,64.4,65.9,49.5
fish2,16.0,6020,301.0,20.0,20.0,82.07038625175097,10.267335932901494,3.2,551.4599924156237,171.6583720737229,1659,492,28.011483253460156,10.071246717230478,71.26272997069063,87.3,64.4,65.9,49.5
fish2,16.0,6025,301.25,20.0,20.0,81.86514387473744,10.08581594002173,3.3333333333333335,540.8987485779294,171.1140694484829,1655,497,27.976604835717474,10.036627579752604,71.11323241547008,87.3,64.4,65.9,49.5
fish2,16.0,6030,301.5,20.0,20.0,82.06819928178511,10.317192013841984,3.3333333333333335,556.6932119833143,171.74024425467863,1691,525,27.970406919050806,10.033102193948956,71.82350911299977,87.3,64.4,65.9,49.5
fish2,16.0,6035,301.75,20.0,20.0,81.76438874212546,10.135189906998958,3.3333333333333335,544.3875616230564,171.05129430118305,1619,537,27.947251616282518,10.046438783391313,70.37369039967383,87.3,64.4,65.9,49.5
fish2,16.0,6040,302.0,20.0,20.0,9.784267398849186,6.915040803587238,3.3333333333333335,51.34622677284793,27.484160649921826,1384,553,27.964235007881825,10.044348937818738,65.68858394570057,87.6,64.4,65.9,49.5
fish2,16.0,6045,302.25,20.0,20.0,10.34616268017983,6.657860118454444,3.3333333333333335,51.915054986727334,28.181003873138145,1400,580,27.93976883452616,10.074101519097228,66.01387035362339,87.6,64.3,65.9,49.5
fish2,16.0,6050,302.5,20.0,20.0,78.87924050036952,7.100052965559907,3.7333333333333334,391.9984831247629,164.09859400849788,777,625,27.99761914032359,10.067578109698827,53.605197250022414,87.9,64.4,66.1,49.2
fish2,16.0,6055,302.75,20.0,20.0,78.70734941533537,6.905642181301887,3.7333333333333334,376.05233219567685,163.55289016990935,762,625,28.00050108476804,10.062519515948827,53.30302060071687,87.9,64.4,66.1,49.1
fish2,16.0,6060,303.0,20.0,20.0,6.621004028819175,3.894708252246573,3.7333333333333334,19.30223739097459,17.009321687947363,540,653,27.860891546103403,10.061562484698827,48.722454030802226,87.5,64.4,66.1,49.1
fish2,16.0,6065,303.25,20.0,20.0,6.815739441431503,3.894708252246573,3.6,19.60561243837694,17.28087019561339,548,643,27.86985872365693,10.03319334156248,48.863052065219414,87.5,64.4,66.1,49.1
fish2,16.0,6070,303.5,20.0,20.0,6.815739441431503,3.894708252246573,3.7333333333333334,19.35912021236253,17.157863488598206,539,643,27.836195555962462,10.033476540078055,48.64967209604052,87.5,64.4,66.1,49.1
fish2,16.0,6075,303.75,20.0,20.0,7.0104748540438315,3.894708252246573,3.7333333333333334,19.927948426241937,17.553885520155507,555,609,27.820935139295795,10.022320942083994,48.94325608137979,87.5,64.4,66.1,49.1
fish2,16.0,6080,304.0,20.0,20.0,79.53378040545098,7.304722600099363,3.8666666666666667,405.9916571861964,165.75088621768163,828,568,27.859515523255897,10.018759747812483,54.43827527106838,87.8,64.4,66.1,49.1
fish2,16.0,6085,304.25,20.0,20.0,79.94360550277638,7.3253755005718055,3.8666666666666667,418.52483883200597,166.62505679729614,868,568,27.872353978569116,10.046813133229149,55.279167111798266,87.8,64.4,66.1,49.1
fish2,16.0,6090,304.5,20.0,20.0,79.69912246629389,7.301354488066342,4.0,413.8035646568069,166.12610886672158,836,573,27.869689275275334,10.051357404062484,54.64104667933782,87.8,64.4,66.1,49.1
fish2,16.0,6095,304.75,20.0,20.0,79.66003632100728,7.30993968232431,3.8666666666666667,421.5965111869548,166.1022573183885,865,631,27.866390801304938,10.070836570729147,55.237227372034084,87.8,64.4,66.1,49.2
fish2,16.0,6100,305.0,20.0,20.0,81.42886713796082,11.583484024051224,3.7333333333333334,612.8175957527492,172.67313054859378,1546,616,27.99304059363471,10.23464191178216,69.14768250541687,87.8,64.4,66.2,49.4
fish2,16.0,6105,305.25,20.0,20.0,81.62266357977259,11.58413699504307,3.7333333333333334,631.2286689419794,173.27157850904834,1601,632,28.003057781737525,10.218421223439112,70.24147900517664,87.8,64.3,66.2,49.4
fish2,16.0,6110,305.5,20.0,20.0,81.62266357977259,11.359519430988238,3.6,623.5874099355327,172.9998361157977,1604,616,27.96052753634983,10.2422428255611,70.28277036191093,87.8,64.3,66.2,49.4
fish2,16.0,6115,305.75,20.0,20.0,81.57864486635647,11.355275490969566,3.6,614.7516116799392,172.80189281604518,1576,624,27.966803504096138,10.243876940144434,69.73068044424058,87.8,64.3,66.2,49.4
fish2,16.0,6120,306.0,20.0,20.0,81.57864486635647,11.163374076461777,3.6,608.1532043989381,172.65683009163885,1602,627,27.915553626543208,10.24857094742457,70.20412457396777,87.7,64.3,66.2,49.4
fish2,16.0,6125,306.25,20.0,20.0,81.59003137302655,10.975556887793763,3.6,599.9241562381493,172.38196700404686,1589,630,27.89682536393154,10.284134109454687,69.96095947338623,87.7,64.4,66.2,49.4
fish2,16.0,6130,306.5,20.0,20.0,81.59003137302655,10.975556887793763,3.466666666666667,600.1137656427758,172.4292248045823,1594,647,27.915232372971527,10.280595697519518,70.07582807049104,87.7,64.4,66.2,49.5
fish2,16.0,6135,306.75,20.0,20.0,81.59003137302655,10.975556887793763,3.466666666666667,600.1137656427758,172.4292248045823,1560,622,27.90391728106841,10.277845046954686,69.3817623280231,87.7,64.4,66.2,49.5
fish2,16.0,6140,307.0,20.0,20.0,81.88547437542552,11.142452261883477,3.8666666666666667,595.2218430034129,173.02790490773873,1521,667,27.913031937191814,10.287740884738495,68.6207728219303,87.7,64.4,66.2,49.5
fish2,16.0,6145,307.25,20.0,20.0,81.88547437542552,11.177792181104236,3.7333333333333334,577.5502464922259,173.0581025411131,1366,632,27.857298295762803,10.26555988752577,65.44285818328856,87.7,64.4,66.2,49.5
fish2,16.0,6300,315.0,20.0,20.0,85.80342512641253,8.817253759902277,3.8666666666666667,480.96321577550236,177.66919643921972,1115,757,27.43007069481744,10.005504557196298,59.735575252013746,87.5,64.4,65.9,49.4
fish2,16.0,6305,315.25,20.0,20.0,7.887455753207306,5.384250970281981,3.8666666666666667,32.66970041714068,22.145036526243388,885,744,27.437691813132208,10.046139320203993,55.1838311333362,87.5,64.3,65.9,49.4
fish2,16.0,6310,315.5,20.0,20.0,8.373622742330133,4.868385315308217,4.133333333333333,30.52711414486158,21.56071136170023,836,647,27.441845507511097,10.040315754943425,54.202161262454524,87.5,64.3,65.8,49.5
fish2,16.0,6350,317.5,20.0,20.0,87.91127788804671,16.391323551282827,3.2,1156.067500948047,191.0209798127228,5979,529,27.62498654964117,9.996090460364025,157.20107701000518,87.6,64.4,65.9,49.3
fish2,16.0,6355,317.75,20.0,20.0,87.91127788804671,16.391323551282827,3.2,1148.7106560485397,190.91563113318313,6077,540,27.614769641998667,9.9964485282792,159.15121817027787,87.6,64.4,65.9,49.3
fish2,16.0,6360,318.0,20.0,20.0,87.91127788804671,16.391323551282827,3.2,1123.7580583996964,190.13956080938482,6235,554,27.558736625596023,9.993177042600843,162.25191366819686,87.5,64.4,65.9,49.3
fish2,16.0,6365,318.25,20.0,20.0,88.0875785701316,16.357250202643524,3.0666666666666664,1110.8456579446338,189.57988759799656,6441,529,27.571332132052202,9.978577434529198,166.36990956658138,87.5,64.4,65.9,49.3
fish2,16.0,6370,318.5,20.0,20.0,87.01488168758306,16.391323551282827,3.0666666666666664,1071.1224876753886,187.04836901972263,6255,529,27.603975376082058,10.096240197489001,162.80021557357105,87.5,64.4,66.0,49.4
fish2,16.0,6375,318.75,20.0,20.0,87.01488168758306,16.391323551282827,3.0666666666666664,1065.396283655669,186.73026814676362,6302,538,27.595008210283442,10.053619771152073,163.68862798143553,87.5,64.3,65.9,49.4
fish2,16.0,6380,319.0,20.0,20.0,77.37373156444137,16.35756517386143,2.933333333333333,1014.1259006446718,172.10261518195708,6026,494,27.74049415388696,10.05846025203069,158.31895440591765,87.4,64.3,65.9,49.3
fish2,16.0,6385,319.25,20.0,20.0,77.31455263259342,16.071180565403942,3.0666666666666664,1021.7861205915812,172.33291114221402,5863,479,27.750889166768392,10.05946610510084,155.07035527186923,87.4,64.1,65.9,49.4
fish2,16.0,6390,319.5,20.0,20.0,77.31455263259342,16.071180565403942,3.0666666666666664,1029.9772468714445,172.6256726642636,5684,483,27.765507274467566,10.07164384815428,151.51715112262184,87.4,64.1,65.9,49.4
fish2,16.0,6395,319.75,20.0,20.0,77.31455263259342,16.071180565403942,3.0666666666666664,1039.4577171027681,173.22538301673097,5545,545,27.759891063530063,10.072171179188624,148.73206224271868,87.4,64.1,66.0,49.4
fish2,16.0,6400,320.0,20.0,20.0,74.42799593463664,13.258656960788784,3.466666666666667,730.3943875616229,165.10258811913974,2141,599,27.673942606589247,9.909951036569804,80.40389364315905,87.8,64.2,66.1,49.3
fish2,16.0,6405,320.25,20.0,20.0,74.42799593463664,13.603777758533196,3.466666666666667,743.2878270762228,165.2950836332502,2167,599,27.691815813059872,9.966861864556206,80.99867767761609,87.8,64.4,66.1,49.3
fish2,16.0,6410,320.5,20.0,20.0,74.42799593463664,13.603777758533196,3.466666666666667,743.9514599924155,165.4368359098706,2124,675,27.63866926812066,9.935999232133232,80.0546685002539,87.8,64.4,66.1,49.3
fish2,16.0,6415,320.75,20.0,20.0,74.54055951649364,9.254319410436961,3.466666666666667,554.721274175199,159.4766867872664,1550,633,27.60851668955485,10.017903571065268,68.62642026062012,87.7,64.4,66.0,49.4
fish2,16.0,6420,321.0,20.0,20.0,7.36099919103134,6.7378449792439135,3.466666666666667,37.5237011755783,23.342040231008983,1014,639,27.656087141456133,10.098710855441622,58.03479799689776,87.6,64.4,65.9,49.3
fish2,16.0,6425,321.25,20.0,20.0,13.631478882863005,5.647326965757531,3.466666666666667,55.517633674630254,31.523218785980063,1503,639,27.538137133770228,10.053554649353023,67.65169178312325,87.6,64.4,65.9,49.4
fish2,16.0,6430,321.5,20.0,20.0,12.852537232413692,6.036797790982188,3.6,57.470610542282884,30.67151653240948,1552,661,27.61518177256644,10.122880850463442,68.77806262302988,87.6,64.3,65.9,49.4
fish2,16.0,6435,321.75,20.0,20.0,12.852537232413692,6.231533203594517,3.466666666666667,57.565415244596124,30.706471001888037,1556,864,27.660182029366197,10.099436827500663,68.87961885686686,87.6,64.3,65.8,49.4
fish2,16.0,6450,322.5,20.0,20.0,52.75823168515993,17.754462525289377,32.266666666666666,772.3928706863859,123.99307114118852,6207,20343,26.8452568356361,10.098173821502263,161.08343065713836,87.7,64.3,65.8,49.5
fish2,16.0,6455,322.75,20.0,20.0,45.064313859651584,16.870535916485686,32.266666666666666,581.5889268107697,108.72105034664,4699,20343,26.6521843641493,10.110234372287325,130.74241873643663,87.6,64.3,65.7,49.5
fish2,16.0,6460,323.0,20.0,20.0,46.16487380927876,7.582843671226606,32.266666666666666,315.83238528631017,99.81584937055942,2427,20530,26.7817589551384,10.069078775183364,85.39083773032176,87.2,64.3,65.8,49.5
fish2,16.0,8065,403.25,20.0,20.0,6.753928568486732,5.7148630348731215,2.933333333333333,30.640879787637463,20.838186098517962,837,234,27.394603259258496,10.137617093870375,54.27222035312887,87.0,64.3,65.8,49.5
fish2,16.0,8070,403.5,20.0,20.0,7.315418992945299,5.051122478802473,3.0666666666666664,26.962457337883954,19.774936379293738,732,368,27.351899112654323,10.150989489703711,52.142888602358035,87.0,64.3,65.8,49.5
fish2,16.0,8075,403.75,20.0,20.0,6.621004028819175,5.4525915531452025,2.2666666666666666,28.138035646568063,19.816380699788834,766,183,27.34622226291233,10.142119044992656,52.80834130790499,87.0,64.3,65.9,49.5
fish2,16.0,8090,404.5,20.0,20.0,6.231533203594517,5.647326965757531,3.7333333333333334,29.067121729237765,19.98695567498895,796,481,27.44731637543101,10.16238593715032,53.529702312581335,87.2,64.3,66.0,49.4
fish2,16.0,8235,411.75,20.0,20.0,4.406358938610862,3.717865284810104,2.533333333333333,12.078119074706104,13.424206139350302,336,298,27.117211539638195,10.742067017862531,44.57927855750073,87.0,64.0,65.7,49.3
fish3,81.9,1120,56.0,20.0,20.0,20.030313803132607,13.324512688171092,42.8,206.99658703071668,53.317850064442005,5505,19659,27.05837565104167,10.056197778956093,147.21457342999776,86.8,63.0,66.0,48.4
fish3,81.9,1125,56.25,20.0,20.0,20.29737968165389,13.621199232595483,42.53333333333333,206.712172923777,54.133793033000885,5500,19541,27.04974687017747,10.054664537207286,147.10441140738476,86.8,63.0,66.0,48.4
fish3,81.9,1130,56.5,20.0,20.0,31.448865823209527,17.0665594425222,41.6,373.1702692453545,79.92070585559235,6116,19944,27.06877897796631,10.047799368921913,159.43657834688824,86.8,63.0,65.9,48.4
fish3,81.9,1135,56.75,20.0,20.0,30.916350522228683,17.15639903957767,41.2,364.69472885855134,78.75332671672724,6142,20253,27.21241186154212,10.078876817819808,160.13128867936194,86.7,63.0,65.9,48.4
fish3,81.9,1140,57.0,20.0,20.0,29.649643255154324,17.802754150133364,40.13333333333333,372.37390974592336,76.47453121942463,5907,20565,27.31355761349526,10.110862459299302,155.56442007279458,87.0,63.0,65.8,48.5
fish3,81.9,1145,57.25,20.0,20.0,29.457460297977693,18.27885543170272,39.46666666666667,387.63746681835414,77.02606587911333,6292,20818,27.417624092591844,10.093502514478896,163.35112660707074,87.0,63.0,65.8,48.6
fish3,81.9,1150,57.5,20.0,20.0,27.373411634708333,19.146152451628772,37.06666666666666,404.0955631399317,76.76280266054872,5958,22705,27.339426659478082,9.98269853328069,156.48212519275876,86.9,63.1,65.9,49.0
fish3,81.9,1440,72.0,20.0,20.0,29.34897351339401,13.459262426617903,5.466666666666667,276.52635570724306,71.34000081962213,5121,1115,27.81186500651042,9.856171667310926,140.08803667382136,86.9,63.7,65.8,48.7
fish3,81.9,1445,72.25,20.0,20.0,29.73784411044869,14.409836647988556,5.333333333333333,309.9924156238149,73.54517676259226,6007,902,27.812654751925997,9.860302529642318,157.81295728156832,86.9,63.7,65.8,48.8
fish3,81.9,1450,72.5,20.0,20.0,30.37872436752327,14.020949708087663,5.066666666666666,301.85817216533934,74.47816726536628,4956,687,27.582606159558722,9.900872216754488,136.6034783763132,86.9,63.7,65.8,48.8
fish3,81.9,1455,72.75,20.0,20.0,30.51522576194138,14.698778169021619,4.533333333333333,330.7925673113386,75.50024083534463,5374,624,27.601638264295783,9.900712735483383,144.98235099977916,86.9,63.7,65.8,48.8
fish3,81.9,1460,73.0,20.0,20.0,29.73401394158185,15.822115589128837,4.133333333333333,344.3306788016685,77.62178918067595,6101,561,27.49202066446941,9.935836433400048,159.44785709786947,87.2,63.9,65.8,48.8
fish3,81.9,1465,73.25,20.0,20.0,29.54581269602785,16.161092962410727,3.7333333333333334,346.0561243837694,78.59302438108506,6105,522,27.548666211822898,9.935364440748426,159.58403065257133,87.2,63.9,65.8,48.8
fish3,81.9,1470,73.5,20.0,20.0,28.717991078270902,16.797749336596077,3.6,340.46264694728853,77.5798276926696,6126,530,27.62352341029791,9.951070828236471,160.09459423853437,87.2,63.9,65.8,48.8
fish3,81.9,1475,73.75,20.0,20.0,28.635043705177136,16.934703873568253,2.933333333333333,361.67993932499047,77.91807650929591,5855,446,27.58714240180123,9.942965364233658,154.63010776603488,87.2,63.9,65.8,48.8
fish3,81.9,2335,116.75,20.0,20.0,32.36479321061015,19.725564292672395,40.4,492.87068638604467,84.60743744061024,8675,9784,27.55764556741596,10.100566161431203,211.15821172884716,86.4,63.3,65.5,49.0
fish3,81.9,2340,117.0,20.0,20.0,32.36479321061015,19.795265046054464,40.53333333333333,494.5392491467576,84.67272404694464,8682,9905,27.662294113931537,10.10487932831446,211.407173442246,86.7,63.3,65.5,48.9
fish3,81.9,2345,117.25,20.0,20.0,32.36479321061015,19.876585563093464,40.666666666666664,499.4690936670458,84.67647644800634,8675,10115,27.578843652343757,10.077428134112887,211.15627178645664,86.7,63.3,65.5,48.9
fish3,81.9,2350,117.5,20.0,20.0,30.52645181157592,20.655215213751454,40.53333333333333,510.59916571861953,84.83765489020543,8706,10042,27.69856048808156,10.093297332922619,211.9118578210042,86.8,63.4,65.7,49.0
fish3,81.9,2355,117.75,20.0,20.0,30.5734597801356,20.44721832429451,40.53333333333333,508.4186575654152,84.80781670659066,8680,10283,27.637371566942004,10.096207489172619,211.33357905611462,86.7,63.4,65.7,49.0
fish3,81.9,2360,118.0,20.0,20.0,30.5734597801356,20.836689149519167,40.666666666666664,515.946150929086,85.19097459675187,8798,9980,27.605817520235792,10.121526463731131,213.68734398396694,86.6,63.4,65.7,49.0
fish3,81.9,2365,118.25,20.0,20.0,30.5734597801356,20.44721832429451,41.333333333333336,506.4467197572999,84.81502687319686,8838,9943,27.6166506166623,10.142310884433325,214.51896150109562,86.7,63.3,65.6,49.0
fish3,81.9,2370,118.5,20.0,20.0,30.55137019490977,20.650729845322832,41.2,510.6181266590822,85.10880007314121,8727,9349,27.610096916876902,10.141451551649306,212.2915484685262,86.7,63.3,65.7,49.0
fish3,81.9,2375,118.75,20.0,20.0,30.5734597801356,21.031424562131495,41.46666666666667,517.4440652256351,85.45657124411296,8861,9043,27.634064048013578,10.15351534690857,215.00757939492215,86.6,63.3,65.7,49.0
fish3,81.9,2380,119.0,20.0,20.0,30.5734597801356,20.44721832429451,41.46666666666667,512.5711035267349,85.46001930609252,8694,8987,27.49840876668294,10.19417940249973,211.57258816918267,86.5,63.4,65.7,49.0
fish3,81.9,2385,119.25,20.0,20.0,30.5734597801356,20.64195373690684,41.2,515.1308304891921,85.58196646738779,8616,8378,27.388018499228387,10.215220971637303,209.92323947086567,86.5,63.4,65.6,48.9
fish3,81.9,2390,119.5,20.0,20.0,30.81772293105088,20.99146927456906,40.266666666666666,521.0276829730753,85.74871921300146,8757,7328,27.446291068672842,10.244185831324257,212.8304768999971,86.5,63.5,65.6,48.9
fish3,81.9,2395,119.75,20.0,20.0,30.962930605360256,20.25248291168218,39.2,517.8991277967386,86.13705629969868,8969,6813,27.400331800503203,10.232756919850239,217.01308872035344,86.5,63.5,65.6,49.0
fish3,81.9,2400,120.0,20.0,20.0,31.450654622013126,20.647153733428926,35.733333333333334,527.872582480091,86.97511348382406,8789,5511,27.505787649197053,9.952910084999928,213.238697734197,86.7,63.6,65.7,48.8
fish3,81.9,2405,120.25,20.0,20.0,31.453331877365354,20.503987429182793,35.733333333333334,526.3557072430792,86.9688906665575,8884,5243,27.413869246419274,9.969065689076317,215.0629349354956,86.7,63.6,65.7,48.8
fish3,81.9,2410,120.5,20.0,20.0,31.435016003901268,20.52339530191652,35.6,527.5502464922259,87.25750579495173,9117,4979,27.490406008572048,9.983889911132387,219.81429591970442,86.7,63.6,65.7,48.8
fish3,81.9,2415,120.75,20.0,20.0,31.403771453369977,20.404340638686662,35.333333333333336,523.246113007205,87.2232487750067,8825,4583,27.57823970523411,9.99372718148761,214.07196688672173,86.7,63.6,65.7,48.8
fish3,81.9,2420,121.0,20.0,20.0,32.326078493646556,20.25248291168218,34.8,531.5510049298445,88.07642200080772,9094,4564,27.39854787861388,10.000351524353025,219.27889940296689,86.7,63.6,65.7,48.8
fish3,81.9,2425,121.25,20.0,20.0,32.326078493646556,20.05774749906985,34.93333333333333,534.7364429275691,88.57646376457926,9037,4198,27.439784591844344,10.005634720855287,218.18541931269965,86.7,63.6,65.7,48.8
fish3,81.9,2430,121.5,20.0,20.0,32.36647206663014,20.671925031146863,34.8,544.8805460750852,89.26368146923342,8930,3536,27.363179155345023,10.016145768864947,215.97932492420995,86.7,63.6,65.7,48.7
fish3,81.9,2435,121.75,20.0,20.0,32.3673724088851,21.057461687574236,34.13333333333333,555.9916571861963,89.82243135623922,9175,3171,27.28787100867755,10.022630137083269,220.8105011457608,86.7,63.6,65.7,48.7
fish3,81.9,2440,122.0,20.0,20.0,32.65760055762906,21.126331927226065,33.86666666666667,569.757299962078,90.91056027310921,9358,3079,27.416113286505794,10.02837557448281,224.6044888609886,86.5,63.6,65.7,48.7
fish3,81.9,2445,122.25,20.0,20.0,32.666648551577495,21.10823742504249,33.46666666666667,571.5206674251042,91.50420995998728,9149,2971,27.29055735856044,9.990758397409651,220.2613157559701,86.5,63.5,65.6,48.7
fish3,81.9,2450,122.5,20.0,20.0,32.86178510677867,20.9011988206589,31.2,578.8775123246112,91.67386799472925,9533,2428,27.066959576340658,9.949358654435477,227.67631823077613,86.6,63.7,65.4,49.0
fish3,81.9,2455,122.75,20.0,20.0,32.86906213048301,21.286820162743922,31.2,589.7990140310958,92.37649096765132,9894,2445,27.079142316182462,9.952805921766492,234.91194823794893,86.6,63.7,65.5,49.0
fish3,81.9,2460,123.0,20.0,20.0,32.9820179406491,21.50336584648318,31.2,603.5646568069775,93.58926466008377,9834,2544,27.07622159762912,9.952600838459862,233.708822436089,86.8,63.7,65.5,49.0
fish3,81.9,2465,123.25,20.0,20.0,32.77348916583362,22.01661293177975,31.2,597.4023511566172,92.84935808352665,9905,2534,27.09053131689378,9.964625588215723,235.1551569051095,86.8,63.8,65.4,49.0
fish3,81.9,2470,123.5,20.0,20.0,33.162630162707444,21.264891034553628,31.2,589.0595373530526,93.07035505714589,9502,2355,27.1632919234476,9.970006442599825,227.17329836604742,86.8,63.8,65.5,49.0
fish3,81.9,2475,123.75,20.0,20.0,33.431036154618134,21.421434701281157,31.333333333333332,589.7800530906331,92.81187625323847,9498,2550,27.348617510308156,9.95531895239088,227.26393646269904,86.9,63.8,65.4,49.0
fish3,81.9,2480,124.0,20.0,20.0,33.24662347795879,20.687744906280347,30.53333333333333,583.8452787258248,92.69362865732596,9411,2443,27.354993010626902,9.982102800114955,225.55709581074186,86.8,63.8,65.5,49.0
fish3,81.9,2485,124.25,20.0,20.0,33.15688639512047,20.951261415746984,29.866666666666667,583.560864618885,92.80730652415197,9144,2272,27.38606959362266,9.989667866982355,220.25573746060502,86.8,63.8,65.4,49.0
fish3,81.9,2490,124.5,20.0,20.0,33.20696979019464,20.861163304578696,29.866666666666667,584.7743648084944,92.95988709710157,9253,2264,27.314033851453996,9.98854807531569,222.36258192676968,86.8,63.8,65.5,49.0
fish3,81.9,2495,124.75,20.0,20.0,33.1882171170227,21.440367145761435,29.733333333333334,602.0288206295031,93.87437854260544,9391,1895,27.26789282586369,9.994199108505246,225.08209193436892,86.8,63.8,65.4,49.0
fish3,81.9,2500,125.0,20.0,20.0,33.1701835290841,20.234505780848675,26.8,577.5502464922259,92.75983705590096,8803,936,27.6997753701104,9.997109206771853,213.75688457688227,86.9,63.8,65.6,49.0
fish3,81.9,2505,125.25,20.0,20.0,33.175338954207426,20.349865475121266,26.133333333333333,580.2427000379217,93.03024295718834,9047,800,27.78959291945093,10.006305133808985,218.73589805325992,86.9,63.8,65.7,49.0
fish3,81.9,2510,125.5,20.0,20.0,33.175199297157974,20.505633599510357,25.6,587.5237011755783,93.57028019242401,8939,724,27.755387206353078,10.007828559356266,216.54321576570936,86.9,63.8,65.7,49.0
fish3,81.9,2515,125.75,20.0,20.0,33.149743085612414,20.363584551659827,3.7333333333333334,580.9252938945771,93.08997866009247,8776,396,27.711962646465537,9.999498540200129,213.23146118666568,86.9,63.8,65.7,49.0
fish3,81.9,2520,126.0,20.0,20.0,33.10779248509879,20.387185107303647,3.3333333333333335,574.1183162684869,92.9053842621261,8965,238,27.65232297024197,10.00831039173338,216.96063336197537,86.5,63.8,65.7,49.0
fish3,81.9,2525,126.25,20.0,20.0,33.00760489496436,20.48407738535636,20.933333333333334,562.1729237770193,92.27772857120655,8750,402,27.63674153163581,10.024544091754489,212.6612856233903,86.5,63.8,65.6,49.0
fish3,81.9,2530,126.5,20.0,20.0,33.00646981000926,20.496490519911234,22.4,563.6708380735683,92.52869813906494,8765,1081,27.702384108479823,10.025322078185612,213.02770618666545,86.5,63.8,65.7,49.0
fish3,81.9,2535,126.75,20.0,20.0,32.744491013799866,20.899420421848347,21.2,572.4307925673112,92.92344199290571,9197,1259,27.71991474245803,10.027184057352281,221.68709879981031,86.5,63.8,65.7,49.0
fish3,81.9,2540,127.0,20.0,20.0,32.720678001155285,21.02062936935164,21.333333333333332,581.7785362153962,93.17880267925577,9063,1641,27.73270561312452,10.002057083977594,218.9947626971021,86.8,63.8,65.7,49.0
fish3,81.9,2545,127.25,20.0,20.0,32.7578238048825,20.72803893647336,21.333333333333332,570.1744406522563,92.49872287518473,9097,1909,27.69843868903643,10.012935965813531,219.65137465484997,86.8,63.8,65.7,49.0
fish3,81.9,2550,127.5,20.0,20.0,31.435396346504024,19.937248722520145,19.466666666666665,521.425862722791,88.32788784333421,8946,2188,27.530090033467605,10.094068842188513,216.54415887565614,87.1,63.9,65.8,49.4
fish3,81.9,2555,127.75,20.0,20.0,31.352401430584912,19.473541261232867,19.6,511.5851346226772,88.26046334200115,8736,2169,27.507438584391274,10.093870277139873,212.32130886153115,87.1,63.9,65.6,49.4
fish3,81.9,2560,128.0,20.0,20.0,31.371929646095293,19.15528215980827,19.6,503.2612817595752,87.44460364302942,8792,2299,27.468045807939696,10.114622216754487,213.4226680246942,87.0,63.8,65.6,49.4
fish3,81.9,2565,128.25,20.0,20.0,31.19499605014801,19.406600963147376,19.6,504.49374288964725,87.21928052766077,9191,2312,27.37601467978395,10.120842911518945,221.3168575913029,87.0,63.7,65.6,49.4
fish3,81.9,2570,128.5,20.0,20.0,30.962930605360256,19.278805848620536,20.133333333333333,502.2563519150549,86.85954305040671,9041,2483,27.457703170192385,10.119482250965962,218.39718542115833,87.0,63.7,65.6,49.3
fish3,81.9,2575,128.75,20.0,20.0,30.3787184246701,19.084067464581626,20.133333333333333,492.7569207432688,86.57447422678348,9389,2486,27.459139593505856,10.130003067768948,225.3691426612748,87.0,63.7,65.6,49.3
fish3,81.9,2580,129.0,20.0,20.0,30.40790080515206,19.204989669419557,20.266666666666666,489.72317026924526,86.11513411257518,9490,2520,27.21074511349525,10.132128738021848,227.1428738515171,86.9,63.7,65.5,49.4
fish3,81.9,2585,129.25,20.0,20.0,30.409264689954142,19.46361966786872,20.266666666666666,492.0364050056882,86.09812220788181,9468,2578,27.203779232656217,10.149296706771848,226.71307593942808,86.9,63.9,65.5,49.4
fish3,81.9,2590,129.5,20.0,20.0,30.409074518652762,19.417134670387835,20.266666666666666,491.6003033750473,86.01808562569838,9570,2781,27.223314940728073,10.163424305555555,228.78673924628362,86.9,63.9,65.5,49.4
fish3,81.9,2595,129.75,20.0,20.0,30.427767763293023,19.001273119956934,20.0,486.65149791429644,86.22418850927923,7389,3026,27.19648735214044,10.150325319035845,185.12681267117628,86.9,63.9,65.5,49.4
fish3,81.9,3235,161.75,20.0,20.0,31.649196432079624,18.756871797705497,7.2,430.8304891922639,82.46488988432382,6260,2891,27.606891723331408,10.208339696205988,163.0152314195374,87.1,64.2,65.9,49.1
fish3,81.9,3240,162.0,20.0,20.0,31.649196432079624,18.14218318025603,6.666666666666667,414.58096321577545,81.63940387750476,6151,2560,27.500433013840667,10.211341090901694,160.73177410474236,87.1,64.2,65.9,49.1
fish3,81.9,3245,162.25,20.0,20.0,32.09078905101511,17.640174030300336,6.4,401.13765642775877,81.14635097870172,4770,2281,27.58675249294705,10.241477782524957,133.22823027547201,86.9,64.0,65.8,49.2
fish3,81.9,4950,247.5,20.0,20.0,21.218282722869507,7.412707956446986,19.2,102.0288206295032,47.42330191581904,2327,11663,27.764130488567577,10.131572153207989,84.43570264177556,87.3,63.9,65.7,49.4
fish3,81.9,4955,247.75,20.0,20.0,20.857854621077358,7.5412503847597145,19.2,99.43117178612057,46.64575678943569,2664,12250,27.669143072264866,10.140869028207991,91.09001210047286,87.3,63.9,65.7,49.5
fish3,81.9,4960,248.0,20.0,20.0,21.38412398337853,7.259701773067769,18.8,103.05271141448614,47.83207426920569,2744,12446,27.561999443430953,10.14730127715005,92.58930072058101,87.2,64.0,65.6,49.4
fish3,81.9,4965,248.25,20.0,20.0,21.42372567117746,7.837948072033796,18.666666666666668,106.21918847174818,48.140282171995686,2839,12403,27.640597077244887,10.162643096245661,94.58324017349055,87.2,63.9,65.7,49.4
fish3,81.9,4970,248.5,20.0,20.0,21.481001404298325,7.160334296670539,18.4,99.03299203640499,47.36376450921085,2642,12398,27.540315352809582,10.187053896321194,90.56736924913078,87.1,63.9,65.6,49.4
fish3,81.9,4975,248.75,20.0,20.0,21.42372567117746,6.444535461132296,17.733333333333334,93.43951459992414,47.56024382422824,2511,12183,27.476408791605635,10.193880070622763,87.8902888622284,87.1,63.9,65.6,49.3
fish3,81.9,4980,249.0,20.0,20.0,21.89398364236928,7.1880859352522775,16.4,98.55896852483882,48.12687750953255,2624,11522,27.576482919123148,10.215051950412326,90.27153486953549,87.1,63.9,65.6,49.3
fish3,81.9,4985,249.25,20.0,20.0,21.48476768749361,7.527159137041502,16.53333333333333,107.50853242320817,48.397716589101634,2865,11723,27.434612008535126,10.204801301733653,94.93941331026878,87.1,64.0,65.6,49.4
fish3,81.9,4990,249.5,20.0,20.0,20.6335579710936,6.363882029361415,13.466666666666667,84.43306788016685,45.517602501121566,2251,10223,27.56624429658489,10.24613922526042,82.83238352184532,87.1,64.0,65.6,49.4
fish3,81.9,4995,249.75,20.0,20.0,21.13370106515451,7.822305739638709,12.8,104.8540007584376,47.51175288166041,2791,9575,27.44102293226454,10.23871083984375,93.4997337721083,87.1,64.0,65.6,49.3
fish3,81.9,5000,250.0,20.0,20.0,20.68415988010669,6.166166275885284,12.8,84.18657565415243,45.81091016209157,2252,8888,27.77479785126109,10.222275255319806,83.03707310658089,87.1,63.9,65.9,49.2
fish3,81.9,5005,250.25,20.0,20.0,21.20126833424923,6.778290552192716,12.666666666666666,90.89874857792945,46.98962814873005,2429,8535,27.915904635789662,10.235484880987803,86.73138951677745,87.0,63.9,65.9,49.2
fish3,81.9,5010,250.5,20.0,20.0,17.93193394944837,7.434049485030282,12.8,82.40424725066362,40.895994395761434,2205,7974,28.04334800279405,10.23259752332899,82.37594552612305,87.1,63.9,65.9,49.1
fish3,81.9,5015,250.75,20.0,20.0,17.374194208195522,6.163195220729556,12.533333333333333,73.5494880546075,39.91441835226858,1971,7477,27.921768026545013,10.232457551733651,77.57422557827866,87.1,63.9,65.8,49.1
fish3,81.9,5020,251.0,20.0,20.0,17.109459413829427,6.568810178013683,12.4,72.56351915054985,38.386200985099926,1944,7077,27.85718036745801,10.242773294915091,76.9799536623731,87.1,63.9,65.8,49.1
fish3,81.9,5025,251.25,20.0,20.0,16.193584026394024,7.865655139216774,12.266666666666666,80.24270003792186,39.216808315279415,2153,6360,27.80575669802441,10.26886704978942,81.13462374781383,87.1,63.9,65.8,49.2
fish3,81.9,5030,251.5,20.0,20.0,16.341904270050193,5.720805888041222,12.133333333333333,64.99810390595373,36.71813170789694,1749,4695,27.72658997243246,10.219420449320477,72.92601042175295,87.1,63.9,65.8,49.1
fish3,81.9,5035,251.75,20.0,20.0,15.444058013413517,6.915363203371608,11.466666666666667,71.93780811528251,36.46837499279877,1922,4425,27.735912799580895,10.218583834319643,76.39449663390053,87.1,63.9,65.8,49.2
fish3,81.9,5040,252.0,20.0,20.0,15.703090640164822,7.020204790393305,11.333333333333334,74.64922260144102,37.092044004241885,1998,3802,27.61453262123767,10.248694485123954,77.82322710636163,87.1,63.9,65.7,49.2
fish3,81.9,5045,252.25,20.0,20.0,18.775695785115456,7.8798466725821985,11.2,93.83769434963973,43.48194867334145,2518,4413,27.858716588884516,10.26193673654132,88.48065332542583,86.9,63.9,65.8,49.2
fish3,81.9,5650,282.5,20.0,20.0,28.70739497107218,9.549912469878421,9.733333333333333,202.3890784982935,66.64015960230091,4153,4593,27.599252510051965,9.895455627399024,120.55470813745099,87.3,64.0,65.8,49.1
fish3,81.9,5655,282.75,20.0,20.0,28.70831908473982,8.218471188957231,9.733333333333333,191.4865377322715,66.04401482244879,4036,4645,27.550871265081707,9.904700410588582,118.17557167567028,87.3,64.0,65.8,49.1
fish3,81.9,5660,283.0,20.0,20.0,28.720374162391312,9.072384160692076,9.733333333333333,202.0667425104285,66.43511900372386,5369,4647,27.53945616227138,9.90893869611952,144.82839485839088,87.3,64.0,65.8,49.1
fish3,81.9,5665,283.25,20.0,20.0,28.61451411890793,9.24887427122169,9.733333333333333,209.2529389457717,66.72977652807674,5561,4653,27.56774174262153,9.8935187763532,148.68126051897474,87.3,64.0,65.8,49.1
fish3,81.9,5670,283.5,20.0,20.0,28.61451411890793,9.8836007038407,9.733333333333333,220.21236253318162,67.09373301322329,5848,4684,27.60768530904511,9.931158735105727,154.49884404415084,87.6,64.1,65.8,49.1
fish3,81.9,5675,283.75,20.0,20.0,28.626144282557906,9.956175569586193,9.733333333333333,221.1793704967766,67.40428692694421,5870,4622,27.537936816387415,9.926975790140364,154.86491260652778,87.6,64.1,65.7,49.1
fish3,81.9,5680,284.0,20.0,20.0,28.626144282557906,9.08508180934237,9.733333333333333,211.47136897990137,67.02188981484558,5624,4683,27.549139018795806,9.92752269481023,149.95666171360602,87.6,64.1,65.7,49.1
fish3,81.9,5685,284.25,20.0,20.0,28.447196059386638,9.573507082669074,9.466666666666667,213.36746302616606,66.71156126525965,5667,4648,27.54757223305408,9.937822169992657,150.82539440304674,87.6,64.1,65.7,49.1
fish3,81.9,5690,284.5,20.0,20.0,28.462537534840088,9.541418646987914,9.466666666666667,215.4342055365946,66.77197598556678,5724,4665,27.44286316905081,9.926552626281318,151.84941579533213,87.5,64.1,65.7,49.1
fish3,81.9,5695,284.75,20.0,20.0,28.640427930147435,9.234153081067657,9.466666666666667,211.01630640879785,66.88696534258706,5607,4726,27.488852893217114,9.928541556421914,149.55739444963902,87.5,64.1,65.7,49.1
fish3,81.9,5700,285.0,20.0,20.0,26.594838441155442,10.046349452132372,9.466666666666667,180.16685627607126,60.864821722160876,4783,4770,27.578309231058764,9.961236868921914,133.19954609998067,87.4,64.1,65.6,48.9
fish3,81.9,5705,285.25,20.0,20.0,26.594838441155442,9.507204898442511,9.466666666666667,176.12817595752747,60.64336245956511,4681,4754,27.63161248184015,9.96192697308858,131.21353945492874,87.4,64.1,65.6,48.9
fish3,81.9,5710,285.5,20.0,20.0,26.63018950322589,10.429347767400321,9.466666666666667,183.21956769055743,61.1798967542865,4864,4757,27.491547184678065,9.967079970031316,134.73862715470938,87.5,64.0,65.6,48.9
fish3,81.9,5715,285.75,20.0,20.0,28.557382499976395,9.190711567265486,13.466666666666667,182.973075464543,64.25126441613622,4861,4861,27.470913316345214,9.970458876281315,134.66137219262652,87.5,64.0,65.6,48.9
fish3,81.9,5720,286.0,20.0,20.0,28.61079983567787,9.137294231564011,13.466666666666667,181.43723928706862,64.17044932018776,4819,4964,27.44194607881146,9.965113844543033,133.7870599233545,87.5,64.0,65.6,49.0
fish3,81.9,5725,286.25,20.0,20.0,28.58742065131456,9.622811963978222,13.466666666666667,183.35229427379596,64.23089233869025,4869,4925,27.453040187336484,9.977223219543033,134.81026340687953,87.1,64.0,65.6,49.0
fish3,81.9,5730,286.5,20.0,20.0,28.589185678705487,9.478038860806764,13.2,183.54190367842241,64.08650073883506,4878,4922,27.471655517502764,9.99559886864556,135.02725438614834,87.1,64.1,65.6,49.0
fish3,81.9,5735,286.75,20.0,20.0,25.524572185552657,9.396930057911877,13.2,156.61736822146375,57.921509615735225,4160,4919,27.453131629096138,10.005462133619522,120.65859376271567,87.1,64.1,65.6,49.0
fish3,81.9,5740,287.0,20.0,20.0,25.598813278755156,8.643140790639904,13.2,153.9628365566932,57.65698792836945,4099,4888,27.485245281737534,10.019303303358289,119.48454858509582,87.1,64.1,65.6,49.1
fish3,81.9,5745,287.25,20.0,20.0,25.563364159607435,8.892262966876753,13.333333333333334,155.76412590064464,57.72863473402138,4143,4702,27.429867740207253,10.00716463698281,120.29703237719006,87.1,64.1,65.6,49.0
fish3,81.9,5750,287.5,20.0,20.0,18.395009982586544,7.7594585816727495,13.466666666666667,102.61660978384526,43.275061240285325,2735,6095,27.6668094314952,9.908147781785331,92.27495721328053,87.5,64.0,65.9,49.0
fish3,81.9,5755,287.75,20.0,20.0,19.42997420465752,7.743757563602627,13.333333333333334,104.58854759196055,44.88598842892091,2787,5994,27.69068101654053,9.908024082936182,93.33870509947671,87.5,64.0,65.8,49.1
fish3,81.9,5760,288.0,20.0,20.0,19.247281983990344,7.8139530595109425,13.333333333333334,107.09139173302994,44.9172846079891,2854,5871,27.61544223806122,9.907991532633039,94.60343377069427,87.5,64.0,65.8,49.1
fish3,81.9,5765,288.25,20.0,20.0,18.894750448345313,8.03912850890693,13.066666666666666,105.85893060295788,43.825537770324594,2827,5842,27.681679280429417,9.906751294920177,94.1284305753496,87.5,64.0,65.8,49.1
fish3,81.9,5770,288.5,20.0,20.0,19.57206633819352,8.116456171473612,13.066666666666666,111.3576033371255,45.42493872559784,2973,5700,27.509938845486104,9.974606108252203,96.9445449537383,87.4,63.9,65.8,49.0
fish3,81.9,5775,288.75,20.0,20.0,18.69114532737959,8.984903133487693,13.066666666666666,106.61736822146376,44.12322315515236,2848,5706,27.601101936170792,9.973141261535222,94.53424319770602,87.4,63.9,65.9,49.0
fish3,81.9,5780,289.0,20.0,20.0,19.794282989568437,8.28198320362137,12.8,115.13083048919225,45.972802141313416,3069,5643,27.59854531971496,10.003479804727766,98.98202512444273,87.4,63.9,65.8,49.0
fish3,81.9,5785,289.25,20.0,20.0,19.85613620534203,8.447567435730873,12.8,108.646188850967,45.90111197140478,2906,5747,27.549508846914033,10.008902978674572,95.67841182558861,87.4,63.9,65.9,49.0
fish3,81.9,5790,289.5,20.0,20.0,18.635441478921692,8.3826083363203,12.933333333333334,104.74023511566172,43.55457950869236,2804,5856,27.45834560816259,9.992451157368553,93.53079676553114,87.3,64.0,65.8,49.0
fish3,81.9,5795,289.75,20.0,20.0,19.25721694877412,8.527434925170272,12.933333333333334,112.34357224118314,45.1319252822882,2997,5856,27.470932542570132,9.992158188618555,97.40309073118868,87.3,64.0,65.8,49.0
fish3,81.9,5800,290.0,20.0,20.0,18.759606995876116,8.175239903585881,13.066666666666666,108.96852483883198,44.25050042895412,2907,6118,27.537727869839145,9.837018225733438,95.51474609557258,87.4,64.1,65.9,49.0
fish3,81.9,5805,290.25,20.0,20.0,18.9374528197847,7.541339527557237,13.066666666666666,101.57375805839968,43.57521406989136,2716,6118,27.509108000861282,9.839316402816774,91.66842440367805,87.4,64.1,65.9,49.0
fish3,81.9,5810,290.5,20.0,20.0,18.754962656125244,7.346354515111847,13.066666666666666,101.36518771331056,43.48836238155177,2708,6118,27.43773628741605,9.831689450062646,91.42942573747871,87.4,64.1,65.9,49.0
fish3,81.9,5815,290.75,20.0,20.0,18.281081030214175,7.9158276770884655,13.066666666666666,102.25635191505496,42.78289607838854,2733,6035,27.405804877311805,9.834807939645978,91.90061281695779,87.4,64.1,65.9,49.0
fish3,81.9,5820,291.0,20.0,20.0,19.687968317817695,8.608560070911372,13.333333333333334,113.34850208570343,46.033487702510826,2868,5974,27.39035337931315,9.833743486870663,94.58409686618381,87.4,64.1,65.9,49.0
fish3,81.9,5825,291.25,20.0,20.0,19.081623466216243,7.946651027901466,13.333333333333334,107.90671217292376,44.46349850792326,2879,6012,27.34592194189378,9.839811193678115,94.76573313557189,87.4,64.1,65.9,49.0
fish3,81.9,5830,291.5,20.0,20.0,22.80778645976231,8.44956869153523,13.333333333333334,131.24762988244214,51.73374652393739,3494,6259,27.21134348408263,9.848548174370661,106.93989165845329,87.3,64.1,65.9,49.0
fish3,81.9,5835,291.75,20.0,20.0,19.246519813071536,8.186301781901655,13.333333333333334,114.05005688282137,45.33168997367966,3048,5804,27.26783201088611,9.845585934066774,98.0734179449529,87.3,64.1,65.9,49.0
fish3,81.9,5840,292.0,20.0,20.0,22.745560329952415,8.534105777851465,13.333333333333334,133.25748957148272,51.706342170837665,3557,6363,27.240210559515305,9.847184242407481,108.22739480192278,87.3,64.1,65.9,49.0
fish3,81.9,5845,292.25,20.0,20.0,19.016082710051844,9.045892406981975,13.333333333333334,116.79939324990518,45.54427818149436,3114,6404,27.2327927514347,9.849983722676175,99.36277647411087,87.4,64.1,65.9,49.0
fish3,81.9,5850,292.5,20.0,20.0,16.53976116628907,8.256638420572713,12.8,101.64960182025027,40.951227992748144,2714,4120,27.538605387350948,9.937157928456202,91.75576331580714,87.2,63.8,65.9,48.9
fish3,81.9,5855,292.75,20.0,20.0,17.480449451414582,8.223116271564749,12.8,107.79294653014787,42.63369935674715,2878,4031,27.448032408744904,9.937909884982641,94.94594229372754,87.2,63.8,65.9,48.9
fish3,81.9,5860,293.0,20.0,20.0,17.72900037089065,8.212343364484273,12.8,107.22411831626847,42.71437720993027,2862,4126,27.49321898803711,9.960074595122865,94.69329358315997,87.2,63.8,65.9,49.0
fish3,81.9,5865,293.25,20.0,20.0,17.872138446584234,8.144087467278696,12.8,105.70724307925671,42.66346710826617,2820,4122,27.45231603544259,9.950637742741904,93.8029537781845,87.2,63.8,65.9,49.0
fish3,81.9,5870,293.5,20.0,20.0,17.66693172668971,8.449402291646525,12.8,111.01630640879786,43.43003202413627,2957,4071,27.358435781898027,9.975328615729012,96.47376439762704,87.4,64.0,65.9,49.0
fish3,81.9,5875,293.75,20.0,20.0,17.456519067419933,8.231529123080842,11.6,104.2851725445582,42.28474439728143,2786,3637,27.368014853677632,9.976106602605181,93.0641214562828,87.4,64.0,65.9,49.0
fish4,61.25,150,7.5,20.0,20.0,94.39291606722075,33.40428737250851,25.2,2366.6287447857408,222.4384000498212,14196,14452,24.8751283272449,10.22091781103346,319.0160461382784,87.4,62.8,65.7,49.7
fish4,61.25,160,8.0,20.0,20.0,58.44063931316876,32.378770801261524,25.333333333333332,1474.3268866135759,158.4235475791371,8341,14659,24.645979706488717,10.216103385066987,201.68208309155568,87.2,63.0,65.6,49.8
fish4,61.25,165,8.25,20.0,20.0,73.81160320404122,43.51755855131022,25.866666666666667,2331.399317406143,196.18348145810302,9667,15147,24.535251041666665,10.267835169633228,228.1430862112999,87.2,63.0,65.6,49.9
fish4,61.25,170,8.5,20.0,20.0,56.21152263263948,40.32382171594748,26.266666666666666,1748.4641638225253,165.3633743054325,9259,15014,24.57502917614218,10.244999857415094,220.00002903355727,86.8,63.0,65.7,49.8
fish4,61.25,180,9.0,20.0,20.0,58.5861144158707,32.226523817374535,28.0,1354.6833522942736,153.53340239088254,7270,16111,24.74395305626009,10.122984956518811,180.2669380127789,86.8,63.1,65.7,49.6
fish4,61.25,185,9.25,20.0,20.0,58.855414807183195,32.502358375745345,29.333333333333332,1450.208570345089,158.17936830138,7715,15923,24.591313973415037,10.131900944010415,189.02321491742546,86.8,63.1,65.7,49.6
fish4,61.25,190,9.5,20.0,20.0,59.264835790493166,28.959787945121423,30.4,1299.6397421312095,152.01477267980135,6634,15281,25.04235979817708,10.134065695603688,167.85642549378076,87.0,63.2,65.7,49.4
fish4,61.25,195,9.75,20.0,20.0,58.875840393521955,31.528895255397757,31.333333333333332,1323.890784982935,154.0439746118967,6321,15161,24.901057550877702,10.122822218057841,161.44387976893555,87.0,63.3,65.7,49.5
fish4,61.25,200,10.0,20.0,20.0,59.196029436512895,32.42556185568056,32.0,1440.5384907091388,159.6480728458526,5918,16929,26.104737556664734,10.05860990014606,154.5233474568108,87.4,63.2,65.7,49.7
fish4,61.25,205,10.25,20.0,20.0,58.73940437048869,28.541324910716185,32.13333333333333,1086.2912400455061,149.69838657014046,5357,16953,25.70518940972223,10.060735562472871,142.9059249721951,87.3,63.3,65.6,49.7
fish4,61.25,215,10.75,20.0,20.0,60.689688323223855,23.748207316495257,31.599999999999998,952.2373909745921,147.06512042598973,4660,16649,25.572928157382545,10.101682834614648,128.8746109919972,87.2,63.3,65.6,49.6
fish4,61.25,225,11.25,20.0,20.0,61.10876644293199,11.830818144341121,31.2,486.6704588547591,130.10156184136324,3684,11942,25.51730322113037,10.150937402343752,109.34824062347413,87.2,63.3,65.6,49.4
fish4,61.25,230,11.5,20.0,20.0,72.70389103062624,21.39875528787839,30.4,1018.0128934395144,160.4047345772748,4643,16258,25.390402050611712,10.205449140379164,128.45585119099087,87.1,63.4,65.5,49.4
fish4,61.25,1700,85.0,20.0,20.0,16.094980206628897,8.279832633631164,18.4,98.21767159651117,38.758127091701866,2634,18096,26.145723422410754,9.860738478247328,88.68646190065809,86.8,62.6,65.8,50.5
fish4,61.25,1705,85.25,20.0,20.0,16.386148811886706,8.124224223420965,18.933333333333334,102.80621918847173,39.76571407494069,2758,19767,26.17164791184413,9.455927149189842,90.78757506103398,86.8,62.4,65.8,50.5
fish4,61.25,1710,85.5,20.0,20.0,15.832286782326042,8.328526886777292,20.666666666666668,104.32309442548349,39.76867194439095,2786,21763,26.3906671488444,10.291991535780166,92.40265868462457,87.0,63.5,65.8,50.8
fish4,61.25,2565,128.25,20.0,20.0,17.52618713510958,9.736770630616434,15.866666666666667,111.28175957527492,44.00026556953289,2983,8041,26.75773272448881,9.975305965169273,96.39303868965808,87.3,64.2,65.8,49.4
fish4,61.25,2570,128.5,20.0,20.0,17.33145172249725,9.542035218004104,16.0,114.25862722791048,44.05337798579545,3055,8572,26.836525775749298,9.990872375318741,97.92739815106805,86.9,64.2,65.8,49.4
fish4,61.25,2575,128.75,20.0,20.0,16.970209449821073,10.315941043250099,15.733333333333333,119.49184679560105,44.53236271186484,3187,8898,26.734347684883776,10.04028643184238,100.51463411672616,86.9,64.2,65.8,49.4
fish4,61.25,2580,129.0,20.0,20.0,17.358457533006394,9.261610548417575,15.466666666666667,117.51990898748576,43.775119880831284,3138,9181,26.721487392378442,10.040634733570945,99.52212212594938,86.9,64.2,65.8,49.3
fish4,61.25,2585,129.25,20.0,20.0,17.55058106165134,9.182538658446056,15.866666666666667,109.68904057641257,43.408222147651934,2925,10007,26.69530262315539,10.06864577840169,95.26394840155709,86.9,64.2,65.7,49.3
fish4,61.25,2590,129.5,20.0,20.0,17.593807889882815,9.22497731577611,16.0,110.90254076602197,43.34246714698797,2953,10533,26.820146392068743,10.074381472269694,95.95452786433844,87.2,64.2,65.8,49.3
fish4,61.25,2595,129.75,20.0,20.0,17.212340602162296,7.986526086946132,15.866666666666667,96.83352294273794,41.826962007031284,2587,10653,26.799798583306217,10.071900980461965,88.61169956376818,87.2,64.2,65.8,49.3
fish4,61.25,2600,130.0,20.0,20.0,17.04734619822973,8.857590132924114,40.0,103.2802427000379,42.146893093051894,2762,14962,27.055289091868456,10.153066394000582,92.44835548586903,87.4,64.2,65.9,49.5
fish4,61.25,2605,130.25,20.0,20.0,17.57357098913214,7.473475858660755,39.86666666666667,89.83693591202122,41.269663685126055,2406,15159,27.09226832589986,10.154625631448956,85.36689395734882,87.4,64.2,65.9,49.5
fish4,61.25,2610,130.5,20.0,20.0,17.437170623217888,6.867176321314708,39.86666666666667,84.86916951080772,40.51930446555997,2268,15207,26.912164181386686,10.136197905815974,82.40836208720266,87.3,64.2,65.9,49.6
fish4,61.25,2615,130.75,20.0,20.0,17.120609692086077,8.817016045775553,39.86666666666667,97.59196056124382,41.621993999477105,2602,15597,26.981652342826937,10.186028599675497,89.20768094250244,87.3,64.1,65.9,49.5
fish4,61.25,2620,131.0,20.0,20.0,17.847117549033236,7.591480865449795,39.86666666666667,94.21691315889267,41.60704855947306,2517,15970,26.86845762801936,10.203964754062227,87.41242238208159,87.3,64.1,65.8,49.5
fish4,61.25,2625,131.25,20.0,20.0,17.413182296404848,7.594295549281537,39.86666666666667,87.8460371634433,41.351491642897095,2343,16174,26.7793128830898,10.21605784300698,83.85537072609678,87.3,64.1,65.9,49.5
fish4,61.25,2630,131.5,20.0,20.0,16.97849081571082,8.028984801405628,40.13333333333333,92.58627227910503,40.8646792506345,2473,16405,26.889291171584894,10.218616415140364,86.56790758672525,87.3,64.1,65.9,49.6
fish4,61.25,2635,131.75,20.0,20.0,17.62596466837541,8.471394562651728,40.13333333333333,102.19946909366703,42.04333662481353,2726,16588,26.773427168933257,10.263834537760422,91.55726170669368,87.2,64.2,65.9,49.6
fish4,61.25,2640,132.0,20.0,20.0,17.0501274535124,7.509612863062684,40.13333333333333,86.91695108077359,40.5263551269157,2324,16524,26.861860133625544,10.267613787237806,83.60947392086335,87.2,64.2,65.9,49.7
fish4,61.25,2645,132.25,20.0,20.0,17.485523162306848,8.81688233157927,43.06666666666666,103.07167235494879,42.36778040245877,2754,18008,26.871625638815797,10.274029873148605,92.22565551196439,87.2,64.2,65.9,49.6
fish4,61.25,2985,149.25,20.0,20.0,15.916602497361765,10.107278554238327,16.666666666666668,113.31058020477813,42.40550540222718,3025,8077,26.658216050870912,10.142867734686531,97.30108378555744,86.9,64.3,65.7,49.5
fish4,61.25,2990,149.5,20.0,20.0,16.275589457260647,9.898567779544562,15.733333333333333,106.97762609025406,42.401298767540695,2854,8210,26.72976990829279,10.175455643335974,93.98522555162876,87.2,64.3,65.8,49.5
fish4,61.25,2995,149.75,20.0,20.0,17.119545921368985,8.878618176002794,15.466666666666667,102.25635191505496,42.51483354160528,2728,8789,26.663945267269938,10.168658792961969,91.39260406023192,87.3,64.3,65.8,49.5
fish4,61.25,3000,150.0,20.0,20.0,17.213344944347707,9.272572883942784,15.066666666666666,105.68828213879407,42.66175254869864,2824,9200,26.92740703213539,10.032105851904554,93.43951288403994,87.5,64.3,65.9,49.4
fish4,61.25,3005,150.25,20.0,20.0,17.454210268964125,9.132606806127672,14.933333333333334,107.26204019719377,42.723780567926745,2859,9371,26.963757052273213,10.045614924526216,94.18937197679944,87.5,64.3,65.9,49.4
fish4,61.25,3010,150.5,20.0,20.0,16.93694432921263,6.609538779344616,14.666666666666666,84.07281001137655,40.05666541784381,2273,9434,26.838782544548135,10.061724939600628,82.36050748414877,87.5,64.3,65.8,49.4
fish4,61.25,3015,150.75,20.0,20.0,17.11944637857842,7.8823352423463415,14.666666666666666,90.97459233978003,40.82220277725831,2451,9746,26.870649231333793,10.081249649005464,85.97189888033927,87.4,64.2,65.8,49.4
fish4,61.25,3020,151.0,20.0,20.0,16.99628817523599,7.882335985202987,14.533333333333333,92.16913158892679,40.77998908942065,2467,10041,26.827389527704685,10.086041323343915,86.2534308510486,87.4,64.2,65.9,49.3
fish4,61.25,3025,151.25,20.0,20.0,17.07086058250261,6.729263499269176,14.266666666666666,84.07281001137655,40.52376316079214,2245,10251,26.756547440121494,10.09457649468316,81.75112393480465,87.4,64.2,65.8,49.3
fish4,61.25,3030,151.5,20.0,20.0,16.33105856301841,8.2490211685245,14.4,90.97459233978003,39.641603529378074,2431,10328,26.79900846346632,10.105846055094402,85.52485451856072,87.4,64.2,65.9,49.4
fish4,61.25,3035,151.75,20.0,20.0,17.297776545020206,7.67754006503371,14.4,87.56162305650359,40.46663720614253,2336,10683,26.715327708981352,10.174742506567636,83.61007021554899,87.3,64.3,65.9,49.4
fish4,61.25,3040,152.0,20.0,20.0,17.591840805484175,7.9250376137857295,14.133333333333333,93.40159271899884,41.495592692946616,2501,10575,26.752497973331394,10.170562848398422,86.94306082172983,87.3,64.3,65.8,49.4
fish4,61.25,3045,152.25,20.0,20.0,17.602919769502805,6.632261278432849,14.133333333333333,85.57072430792566,41.598152688637164,2285,10559,26.74312765614074,10.198700897206201,82.64182855334694,87.3,64.3,65.9,49.4
fish4,61.25,3050,152.5,20.0,20.0,16.93694432921263,7.7111290711398155,14.266666666666666,84.22449753507773,40.11520335726333,2259,10506,26.718014503290625,10.136966102430558,82.03498060572119,87.4,64.3,65.9,49.4
fish4,61.25,3055,152.75,20.0,20.0,18.214677074627108,8.515952589992855,14.4,101.80128934395144,43.31123784823219,2712,10747,26.848582942708333,10.086806587208644,91.17538952991697,87.4,64.2,66.0,49.3
fish4,61.25,3060,153.0,20.0,20.0,18.032495939332392,7.594679606167525,14.266666666666666,96.96624952597647,42.74935626332096,2589,10746,26.80669055620358,10.091770762083264,88.67846131828685,87.4,64.2,65.9,49.3
fish4,61.25,3065,153.25,20.0,20.0,18.8772962885906,6.9990578902512635,13.866666666666667,86.72734167614712,42.66264051774759,2323,10602,26.7565819331228,10.11121413624022,83.32779606936302,87.5,64.2,66.0,49.2
fish4,61.25,3070,153.5,20.0,20.0,19.24864289736584,7.285549470065778,14.266666666666666,94.78574137277208,43.98396613400587,2546,10200,26.77509325689622,10.120367793771956,87.81546105066818,87.5,64.1,66.0,49.1
fish4,61.25,3075,153.75,20.0,20.0,18.98801164311232,7.610126567264712,13.6,98.04702313234735,43.44668248264281,2627,9641,26.729225453016497,10.00392572631836,89.27315117933486,87.4,64.2,65.9,49.0
fish4,61.25,3080,154.0,20.0,20.0,17.72092254772191,6.815739441431503,13.2,82.66970041714067,41.334517089964464,2214,9558,26.723439971076118,10.034078743987612,81.03751871506373,87.4,64.2,65.9,49.1
fish4,61.25,3085,154.25,20.0,20.0,16.702885057186975,7.634497465250448,13.466666666666667,92.88964732650737,40.96601559892918,2484,9189,26.5928015642331,10.041588503519689,86.31439006775278,87.4,64.1,65.9,49.2
fish4,61.25,3090,154.5,20.0,20.0,16.94766375061459,8.370293258842704,13.866666666666667,94.36860068259384,41.314924826282635,2518,8309,26.565843474192672,10.057255827320947,86.98309930151362,87.4,64.1,65.9,49.3
fish4,61.25,3095,154.75,20.0,20.0,16.552510072047937,5.257856140532874,13.066666666666666,68.03185437997723,39.04071335805694,1831,7880,26.608977687336484,10.113610000599754,73.34258768793623,87.2,63.9,65.9,49.4
fish4,61.25,3100,155.0,20.0,20.0,16.188069058654026,7.843369439836396,12.666666666666666,87.46681835419035,40.271601122302734,2335,7309,26.67288950346017,10.030344878472222,83.40323438193239,87.2,63.9,65.8,49.5
fish4,61.25,3105,155.25,20.0,20.0,15.189362183761634,7.984151917105475,13.333333333333334,83.33333333333331,38.70272551625608,2227,6723,26.601921518113873,10.036201011562344,81.17812252967622,87.2,63.9,65.8,49.4
fish4,61.25,3110,155.5,20.0,20.0,15.311510102065489,5.677301602852463,13.6,60.97838452787257,36.62921773343667,1634,5380,26.595866878179844,10.06775702615314,69.34362390433299,87.2,63.9,65.8,49.4
fish4,61.25,3115,155.75,20.0,20.0,15.0470902789173,6.203462879511639,12.8,63.17785362153962,35.09280765567611,1690,5100,26.678662145242573,10.08856757062276,70.56722971586532,87.5,64.0,65.8,49.4
fish4,61.25,3120,156.0,20.0,20.0,17.796526040013195,6.3321353077374205,13.066666666666666,73.68221463784603,39.431191264750886,1972,5329,26.760623859998915,10.108759615569642,76.30938347556855,87.5,64.1,65.8,49.4
fish4,61.25,3125,156.25,20.0,20.0,16.592619873792742,4.490035425502691,13.6,54.83503981797496,35.786423027479884,1478,4746,26.775276798502595,10.128792146799299,66.4640689453019,87.5,64.0,65.8,49.3
fish4,61.25,3130,156.5,20.0,20.0,19.66188364954961,6.58421033914217,13.066666666666666,81.53204398938186,43.01807625145021,1984,4835,26.750528651183327,10.129195792632634,76.55972444381595,87.4,64.1,65.7,49.3
fish4,61.25,3135,156.75,20.0,20.0,14.554707065380642,7.487588649221702,14.0,72.96169890026545,35.9104315695393,1960,4945,26.56767274840555,10.123922385904523,75.89159513431008,87.3,64.0,65.7,49.3
fish4,61.25,3140,157.0,20.0,20.0,14.950679371971201,7.395305053800848,13.2,81.9112627986348,37.432634722873296,2192,4570,26.496097267414612,10.134934758122762,80.47103202553737,87.3,64.0,65.7,49.2
fish4,61.25,3145,157.25,20.0,20.0,11.566692492424755,6.7472369158194505,13.066666666666666,57.03450891164201,29.953139728952603,1543,5048,26.553449833603853,10.134602726872764,67.54805256047662,87.2,64.0,65.7,49.2
fish4,61.25,3150,157.5,20.0,20.0,10.507787486366086,7.0874674882631625,12.666666666666666,52.86310200985968,28.55705942697819,1421,5130,26.561673651801218,10.008160578314468,64.98983423011569,87.3,64.1,65.6,49.4
fish4,61.25,3155,157.75,20.0,20.0,12.260949970941924,6.432964726014004,12.8,56.162305650360246,30.204299839540706,1512,4966,26.389529345024958,10.035156005181209,66.66468535020617,87.4,64.0,65.7,49.4
fish4,61.25,3205,160.25,20.0,20.0,18.30937346843421,6.584769710196618,20.666666666666668,79.42737959802805,41.37243602174602,2126,2984,26.636908655161918,10.080813766437105,79.23772242159902,87.4,64.2,65.6,49.5
fish4,61.25,3210,160.5,20.0,20.0,18.01947514804108,10.662277897324035,20.53333333333333,136.78422449753506,48.06106159462361,2403,2776,26.637551188075687,10.096624306901298,84.79417549497698,87.4,64.2,65.6,49.5
fish4,61.25,3330,166.5,20.0,20.0,16.245077363382325,13.170714619607226,17.733333333333334,165.79446340538487,48.24686167214073,4411,9436,26.474431059641898,10.022346948740212,124.71677800838211,87.4,64.0,65.3,49.5
fish4,61.25,3335,166.75,20.0,20.0,16.58020822495116,13.300522875644761,17.733333333333334,167.1786120591581,48.72935528157756,4446,9824,26.478970968948172,10.022776639291976,125.42174760824015,87.3,64.0,65.3,49.5
fish4,61.25,3340,167.0,20.0,20.0,16.15275365370259,13.13001647539878,17.733333333333334,163.13993174061432,48.006092083174565,4347,10185,26.471236526583443,10.033011014291978,123.44424754087541,87.3,64.0,65.3,49.5
fish4,61.25,3345,167.25,20.0,20.0,16.59198993135692,13.134827215038358,16.933333333333334,165.41524459613194,48.45454554037846,4400,10451,26.47646643036266,10.049586554114024,124.52605298447668,87.3,64.0,65.3,49.6
fish4,61.25,3350,167.5,20.0,20.0,16.819550693443254,12.059089077381042,16.133333333333333,155.85893060295788,47.61212172881647,4158,10575,26.462886148617592,10.037496740966375,119.66038288958396,87.1,64.0,65.5,49.5
fish4,61.25,3355,167.75,20.0,20.0,16.803828875387044,12.05370930955062,16.133333333333333,154.07660219946908,47.43048385387269,4115,10856,26.485568433803984,10.02565103653802,118.811219470342,87.0,64.0,65.5,49.5
fish4,61.25,3360,168.0,20.0,20.0,16.215847440075024,12.018190361878172,16.133333333333333,150.32233598786496,46.72765692037274,4011,10936,26.47609360411845,10.027242833868662,116.72333643798711,87.1,64.0,65.5,49.5
fish4,61.25,3365,168.25,20.0,20.0,16.57792468362132,12.026342470711516,16.0,149.07091391733027,46.647109090316945,3980,11064,26.51872383166655,10.027454420979813,116.14617825264637,87.1,64.0,65.5,49.5
fish4,61.25,3370,168.5,20.0,20.0,16.781387176111004,11.862706008727859,16.133333333333333,144.63405384907088,46.34777423873525,3863,11243,26.51934883166655,10.029329420979817,113.80867825264637,87.1,64.0,65.5,49.6
fish4,61.25,3490,174.5,20.0,20.0,16.42186535942699,13.415246684628364,11.066666666666666,174.30792567311335,50.37860349636863,4631,2169,26.265483777006178,10.142991275268127,129.0284750522743,87.1,64.0,65.4,49.3
fish4,61.25,3495,174.75,20.0,20.0,16.72755086926118,13.404955148654507,11.066666666666666,188.2631778536215,51.9773444235119,5000,2247,26.31446850857205,10.136637101904551,136.4511056104766,86.9,63.8,65.3,49.3
fish4,61.25,3500,175.0,20.0,20.0,16.679453872858446,14.694564686125435,11.333333333333334,180.92529389457715,52.011979882489534,4817,2476,26.47371051927732,10.152311130099829,132.96602164937715,86.9,63.7,65.5,49.5
fish4,61.25,3595,179.75,20.0,20.0,18.296291762897926,6.125512703075598,20.0,74.99051952976866,40.50931497045552,2011,16138,26.546921518113876,10.377968685531613,77.14489020364549,87.0,63.8,65.5,50.2
fish4,61.25,3615,180.75,20.0,20.0,17.74340287554354,6.362533001692256,21.6,78.61205915813423,39.922251055958405,2105,24076,26.80452959948881,10.396806429958342,79.30133602944716,87.1,64.2,65.6,50.7
fish4,61.25,3620,181.0,20.0,20.0,17.911463791710847,6.416047651614358,21.333333333333332,75.23701175578307,40.22097381687806,2014,24818,26.798891741698466,10.429651557403139,77.5085432991016,87.1,64.2,65.5,51.0
fish4,61.25,3625,181.25,20.0,20.0,17.9053619672205,7.7160267250069765,20.933333333333334,93.42055365946149,42.02446565172071,2498,25837,26.87350986009763,10.622275004058418,87.45578486415604,87.1,64.3,65.5,51.0
fish4,61.25,3630,181.5,20.0,20.0,17.97937426057603,6.9310114786198636,20.666666666666668,86.32916192643154,40.75660783898729,2310,26112,26.823258225711765,10.747222799078624,83.7704810247904,87.1,64.4,65.6,50.8
fish4,61.25,3635,181.75,20.0,20.0,17.759872007385642,6.893633903619093,20.266666666666666,87.42889647326506,40.55345692843207,2341,26190,26.803305978732638,10.840435748248632,84.46374172698127,87.0,64.6,65.5,50.9
fish4,61.25,3640,182.0,20.0,20.0,18.194957202102056,7.584506927257029,20.53333333333333,104.96776640121348,42.934257089653805,2806,25114,26.768057978858483,10.899036091740927,93.78709407059941,87.0,64.6,65.5,51.0
fish4,61.25,3645,182.25,20.0,20.0,16.93220787523765,6.942204842561981,20.266666666666666,93.93249905195296,40.74517926805964,2512,24943,26.62890468749999,10.93383084376653,87.80273553126652,87.1,64.7,65.5,51.2
fish4,61.25,3650,182.5,20.0,20.0,15.959505440095576,6.856502957024799,19.6,68.80925293894576,37.28107395281306,1841,23290,26.444230658467607,10.285670458306207,73.54990111677381,87.2,64.9,65.5,51.2
fish4,61.25,3655,182.75,20.0,20.0,13.672866398038952,6.00909443808244,20.133333333333333,58.11528251801288,33.88751018860049,1565,23036,26.5140398785438,10.280927630519868,68.09496750906366,87.2,64.8,65.6,51.1
fish4,61.25,3660,183.0,20.0,20.0,17.212340602162296,6.196442884206819,20.0,71.10352673492604,38.70267481628999,1903,22334,26.519825075954863,10.305969958453709,74.88579503440857,87.2,64.8,65.6,51.2
fish4,61.25,3665,183.25,20.0,20.0,17.709383012582748,6.773126955646282,19.733333333333334,79.86348122866893,40.06243135505881,2135,21742,26.511465660867568,10.350094297186537,79.5615599580541,87.2,64.8,65.6,51.3
fish4,61.25,3670,183.5,20.0,20.0,17.94487896936179,6.318254288450029,20.133333333333333,77.20894956389836,39.869415887724706,2070,21315,26.53202125651042,10.33534493747287,78.26736619398329,87.3,64.8,65.6,51.1
fish4,61.25,3675,183.75,20.0,20.0,15.20022274792634,6.030571166575311,20.266666666666666,66.70458854759195,35.4302972728102,1799,20680,26.43949529320988,10.220735444980194,72.64023073819007,87.3,64.9,65.6,50.9
fish4,61.25,3680,184.0,20.0,20.0,17.435145596000858,6.63168556453219,19.866666666666667,85.6655290102389,39.89661066239317,2290,19477,26.424226077534243,10.273961401102277,82.49818747863652,87.3,64.9,65.7,51.1
fish4,61.25,3685,184.25,20.0,20.0,17.13671630988492,6.036797790982188,20.53333333333333,74.17519908987485,39.06812365400984,2019,18085,26.385905873823756,10.39790014901691,77.16380602284067,87.3,64.8,65.7,51.3
fish4,61.25,3690,184.5,20.0,20.0,16.720958759384462,6.357447405093653,20.133333333333333,74.47857413727719,38.02979004312098,2004,16439,26.31540671266155,10.420676832029553,76.8160835446911,87.3,64.8,65.7,51.4
fish4,61.25,3695,184.75,20.0,20.0,17.10436936009095,7.087645773858205,20.8,82.46113007205156,39.21951957953747,2219,15201,26.48791537355023,10.454667835828994,81.32258320937922,87.1,64.6,65.7,51.3
fish4,61.25,3700,185.0,20.0,20.0,11.786608516766973,6.08098921856851,21.466666666666665,57.717102768297295,30.14178768670783,1548,13377,26.413421715837636,10.296487576791979,67.66990929262963,87.2,64.6,65.7,51.1
fish4,61.25,3705,185.25,20.0,20.0,12.27987127257251,7.037310550381037,21.066666666666666,61.90747061054227,31.035054046407677,1665,12021,26.397627459415393,10.296399708684284,69.99402716809968,87.2,64.6,65.7,50.9
fish4,61.25,3710,185.5,20.0,20.0,13.45731614220535,7.380155235362067,21.2,68.18354190367842,33.191640525447305,1825,11808,26.44303117673897,10.31785793999566,73.26088911673463,87.2,64.5,65.7,50.7
fish4,61.25,3715,185.75,20.0,20.0,13.899471846478514,6.382740931033737,21.333333333333332,68.84717481987106,34.03828009490396,1847,9707,26.398912295569904,10.413450410588583,73.7523627061585,87.4,64.5,65.7,50.6
fish4,61.25,3720,186.0,20.0,20.0,14.685182406686295,6.7674879308464,20.8,69.34015927189988,34.52361675601071,1858,7303,26.45631264917821,10.263001273430719,73.87931392260893,87.4,64.5,65.8,50.0
fish4,61.25,4030,201.5,20.0,20.0,17.350039481493777,11.42899435594992,15.466666666666667,152.04778156996585,46.04832573008671,4064,4631,26.541912378362955,9.928525345855288,117.75043772421824,87.0,64.1,65.9,49.3
fish4,61.25,4035,201.75,20.0,20.0,17.350039481493777,11.42899435594992,15.6,152.54076602199467,46.10930242144655,4077,5223,26.469303860134552,10.030738869465722,118.04004272960029,86.8,64.2,65.9,49.3
fish4,61.25,4040,202.0,20.0,20.0,17.074641722830815,11.42899435594992,15.733333333333333,151.9529768676526,45.81508350751459,4074,5987,26.46147399902344,10.0491991575453,117.99067315656875,86.9,64.2,65.9,49.4
fish4,61.25,4045,202.25,20.0,20.0,16.93694432921263,11.97978838756255,15.866666666666667,154.5695866514979,46.93267565110728,4132,7089,26.438023466868465,10.156350858041977,119.23437432491045,86.8,64.2,65.8,49.5
fish4,61.25,4115,205.75,20.0,20.0,49.7092122387202,16.072817821451757,10.4,573.1892301858171,114.02758249390263,3962,6991,26.51605705023871,10.18047510782878,115.93653215806748,87.1,64.1,65.5,49.7
fish4,61.25,4120,206.0,20.0,20.0,49.83879020919747,16.85621958320373,10.4,600.7963594994311,114.8259959259715,4001,6728,26.52979389284863,10.21749988093906,116.76729377378769,87.1,64.1,65.6,49.7
fish4,61.25,4125,206.25,20.0,20.0,49.951594476607774,17.510059717324644,10.8,632.0060675009479,116.52376697973762,3984,6871,26.48461128741606,10.208723830117117,116.37333511753319,87.1,64.1,65.6,49.7
fish4,61.25,4130,206.5,20.0,20.0,49.05924535915159,17.55303248858318,10.266666666666666,633.8073568448993,116.63480250547377,4078,6772,26.48226318359376,10.190917840533785,118.23318102412755,87.1,64.1,65.5,49.7
fish4,61.25,4135,206.75,20.0,20.0,47.78487181149038,18.890008051517167,10.266666666666666,650.4550625711034,116.91009953741839,4164,6473,26.309138264295786,10.191054534912112,119.7801927992079,86.9,64.1,65.5,49.8
fish4,61.25,4140,207.0,20.0,20.0,47.286735916087,19.7958548742314,10.266666666666666,676.79180887372,117.81752527871944,4107,6441,26.296525417073568,10.205823422654468,118.64234883972804,86.9,64.1,65.4,49.7
fish4,61.25,4145,207.25,20.0,20.0,47.515066277658605,20.78467878430524,10.0,690.1023890784982,118.20266408898433,4152,6074,26.407627926974822,10.205575990030498,119.65320391700533,86.9,64.1,65.4,49.7
fish4,61.25,4150,207.5,20.0,20.0,48.28367627787517,18.20737330808351,25.733333333333334,631.5320439893818,117.51134272814626,3561,6835,26.475164398871527,10.081555978732638,107.77672037760416,87.0,64.0,65.4,49.5
fish4,61.25,4250,212.5,20.0,20.0,31.836702363812957,18.128504217976353,16.0,449.5070155479711,83.50040460959804,5372,14463,26.923072132703997,10.129465949842665,144.49253808254667,86.9,63.6,65.6,50.1
fish4,61.25,4255,212.75,20.0,20.0,32.114278178162024,17.499203610299816,16.4,445.3356086461888,84.6296814239471,4967,15697,26.932868250698508,10.110211401102278,136.38307965180078,87.0,63.6,65.6,50.1
fish4,61.25,4260,213.0,20.0,20.0,31.547130900344076,18.110390401519982,16.8,434.01592718998853,82.98984594571766,4903,16248,26.990680692526738,10.138323351022931,135.1890040435497,87.0,63.7,65.6,50.1
fish4,61.25,4265,213.25,20.0,20.0,31.907862087647796,17.030309523910077,17.333333333333332,414.92226014410306,82.87881285747987,4717,16503,26.921331848125686,10.199986753294201,131.4613186014199,87.0,63.7,65.6,50.1
fish4,61.25,4270,213.5,20.0,20.0,20.072852746109874,16.554848584769584,17.2,281.94918467956006,62.748399283796964,4483,16659,26.933480371093744,10.212994546847874,126.80647491794161,87.0,63.7,65.6,50.0
fish4,61.25,4275,213.75,20.0,20.0,20.05968932634253,15.639669996868141,18.133333333333333,261.7368221463784,60.552011636734676,4115,17728,26.7743657225809,10.227366301208075,119.30173202378897,87.0,63.7,65.6,50.0
fish4,61.25,4280,214.0,20.0,20.0,19.863012086457523,14.994626771149306,19.466666666666665,238.56655290102384,58.5530917451001,6348,18393,26.79556760568501,10.296386550521845,164.05195415620688,87.0,63.7,65.6,49.9
fish4,61.25,4630,231.5,20.0,20.0,14.35800308265638,12.327101355269347,18.133333333333333,135.3811149032992,43.930460398363515,3606,8463,26.468641369459363,10.168460263050925,108.75710163251028,87.2,64.0,65.8,50.2
fish4,61.25,4635,231.75,20.0,20.0,15.96830383421095,11.294653931515063,18.8,136.91695108077357,44.6071344368553,3656,8800,26.489548444658446,10.269498677402076,109.87904712206053,87.2,64.2,65.8,50.2
fish4,61.25,4640,232.0,20.0,20.0,15.773568421598622,11.294653931515063,19.6,134.5089116420174,44.25617850015645,3591,10367,26.44793386833286,10.232210273477763,108.50014414181064,87.1,64.2,65.8,50.4
fish4,61.25,4645,232.25,20.0,20.0,16.303920524026278,11.062511229636122,20.933333333333334,138.8699279484262,44.62596497068945,3699,12945,26.463788821957436,10.221487595780689,110.66527641773813,87.1,64.3,65.8,50.9
fish4,61.25,4650,232.5,20.0,20.0,14.799891358536978,12.073595581964376,20.933333333333334,131.8354190367842,44.09055083414743,3527,16220,26.293492498986517,10.270159379312728,107.10365187829925,87.0,64.6,65.6,51.3
fish4,61.25,4655,232.75,20.0,20.0,14.605155945924649,11.878860169352048,22.666666666666668,131.03905953735304,44.082496921676984,3505,20110,26.29268522796631,10.23180328364902,106.62448851161534,87.1,64.6,65.6,51.1
fish4,61.25,4660,233.0,20.0,20.0,17.30513082581573,10.155968350244576,23.866666666666667,133.3712552142586,44.61031140258759,3555,24744,26.3678066933526,10.405341688781316,107.87314838213392,87.1,64.5,65.6,51.4
fish4,61.25,4665,233.25,20.0,20.0,17.071255782238293,10.034780202727372,23.466666666666665,125.71103526734925,43.74321052003035,3352,29349,26.368123859998917,10.506259681691063,103.91438354168999,87.1,64.4,65.7,51.9
fish4,61.25,4670,233.5,20.0,20.0,17.438749936447312,9.89559486724722,24.53333333333333,129.4084186575654,44.338697221751204,3448,32441,26.33939141589507,10.475960165140366,105.77535158103544,87.1,64.0,65.6,51.5
fish4,61.25,4675,233.75,20.0,20.0,17.72518654487002,8.443798923965652,23.2,113.0072051573758,42.00083477824002,3014,33855,26.411096865336102,10.540614999124738,97.23171186446083,87.1,63.7,65.7,51.8
fish4,61.25,4680,234.0,20.0,20.0,17.976921347930897,7.8290620208341934,23.333333333333332,105.08153204398937,41.807300796967,2822,35180,26.37778531833225,10.627909789657592,93.44569510798985,87.1,63.2,65.7,51.9
fish4,61.25,4685,234.25,20.0,20.0,17.57906812831263,8.11130891777339,22.4,109.04436860068257,42.14594100618868,2912,34579,26.331856480275846,10.804915206866793,95.37677168714265,87.1,62.7,65.7,51.5
fish4,61.25,4690,234.5,20.0,20.0,17.715241180093205,8.263512073118267,22.0,107.2810011376564,41.80265418221765,2867,33770,26.206995548502604,10.896425590981377,94.44342113948399,87.1,62.4,65.7,51.2
fish4,61.25,4695,234.75,20.0,20.0,17.33717320438484,8.209501937813275,21.733333333333334,100.70155479711792,41.27917605733533,2690,33853,26.176452987840438,10.985588969919414,90.96204195775985,86.9,62.0,65.7,51.5
fish5,27.36,355,17.75,20.0,20.0,18.32849905564245,12.01128105221361,7.6,192.49146757679176,53.556863447439916,2413,3555,26.048113905089586,9.523919203016494,83.83203310810609,86.9,63.0,65.7,48.6
fish5,27.36,360,18.0,20.0,20.0,18.42642241871983,12.790574073856488,7.733333333333333,199.75350777398555,54.40525128358442,2623,3460,25.932293497250402,9.543772736008968,87.93606623325937,86.7,63.0,65.6,48.6
fish5,27.36,365,18.25,20.0,20.0,19.713989100414228,12.063783931383842,7.733333333333333,199.35532802426997,55.278568669126734,2481,3323,25.88858692745632,9.50227209726969,85.01085902472602,86.7,63.0,65.7,48.7
fish5,27.36,370,18.5,20.0,20.0,20.483330071570474,11.024797883431354,7.6,189.81797497155856,54.698930117520455,2232,3391,25.879450737545817,9.53658200475905,80.05603274230486,86.7,63.0,65.7,48.6
fish5,27.36,375,18.75,20.0,20.0,20.3745253443423,11.055728948458027,7.466666666666667,179.38945771710274,54.058428856620964,1892,3233,25.90965082457742,9.54883133543862,73.29848216001605,86.7,63.0,65.6,48.6
fish5,27.36,380,19.0,20.0,20.0,20.41389228944109,11.044956784234198,7.733333333333333,169.26431551004927,53.552228045183064,1701,3286,25.707324483913837,9.604114518864947,69.33143900277878,86.8,63.0,65.6,48.6
fish5,27.36,385,19.25,20.0,20.0,21.387399981187443,10.403759327371771,7.733333333333333,164.16382252559725,53.18418951633814,1551,3016,25.6149456090103,9.607405548508964,66.24235115751927,86.8,62.9,65.6,48.6
fish5,27.36,390,19.5,20.0,20.0,21.199287878430965,10.22064590698631,7.333333333333333,154.28517254455818,52.344668486763254,1273,2571,25.672736749926912,9.59100252210829,60.7237392720352,86.8,62.9,65.6,48.5
fish5,27.36,395,19.75,20.0,20.0,24.609357940532206,11.61403994647166,6.533333333333333,227.34167614713687,62.20520497745855,1449,2411,25.690002124004604,9.605201716952855,64.27520384095746,86.8,62.9,65.6,48.6
fish5,27.36,400,20.0,20.0,20.0,37.56122402079753,16.850512958449062,8.4,394.9753507773985,87.89144517095428,1693,2254,25.487636554783947,9.650419874307845,68.99805642909179,86.6,63.0,65.5,48.7
fish5,27.36,405,20.25,20.0,20.0,37.56122402079753,15.23095324165859,8.133333333333333,334.69852104664386,85.44556131933388,1616,1860,25.572927286614313,9.646630793242986,67.5395580798573,86.5,63.1,65.6,48.7
fish5,27.36,410,20.5,20.0,20.0,37.7558405763465,15.23095324165859,7.6,341.39173302995823,85.93213574211278,1817,1341,25.612228647566432,9.653606718911062,71.60583536647749,86.5,63.1,65.6,48.7
fish5,27.36,415,20.75,20.0,20.0,37.7558405763465,15.22418284618683,6.0,349.3742889647326,86.28699636548576,2058,1278,25.59615185064622,9.670139917490218,76.42629176813645,86.5,63.1,65.5,48.7
fish5,27.36,420,21.0,20.0,20.0,37.7558405763465,15.22418284618683,5.733333333333333,352.29427379598025,86.25647656446974,2223,1009,25.607128511386446,9.667262313323553,79.73439082471,86.8,63.1,65.5,48.8
fish5,27.36,425,21.25,20.0,20.0,37.7558405763465,15.03633520039633,6.4,356.2571103526734,86.36510987752683,2297,953,25.46116064332561,9.673883394018809,81.07504403734441,86.7,63.1,65.4,48.8
fish5,27.36,430,21.5,20.0,20.0,37.7558405763465,15.029566290637863,7.066666666666666,362.79863481228665,86.79765752036901,2457,1229,25.575784247334795,9.680540300114949,84.39632454744975,86.7,63.1,65.5,48.8
fish5,27.36,435,21.75,20.0,20.0,37.7558405763465,14.445712166851088,7.2,359.17709518392104,86.75974267429902,2469,1423,25.62287639836441,9.68484697315428,84.6877233715187,86.7,63.0,65.4,48.8
fish5,27.36,440,22.0,20.0,20.0,37.7558405763465,13.934628280107706,8.0,370.72430792567303,88.43788415905112,2560,2002,25.599130690511068,9.701009092161387,86.50013978267245,86.7,63.0,65.4,48.7
fish5,27.36,445,22.25,20.0,20.0,37.33937136917916,15.323649865374627,8.266666666666666,387.8839590443685,90.80509967757295,2853,2401,25.665389856333782,9.770862600443097,92.49625245677689,86.7,62.8,65.4,48.8
fish5,27.36,2290,114.5,20.0,20.0,50.990910352911094,13.563892299495487,4.533333333333333,475.57830868411065,113.21046033327528,3759,971,25.5055882757493,9.643883287207283,110.3294715629566,86.6,63.2,65.9,48.6
fish5,27.36,2295,114.75,20.0,20.0,68.93991366237154,45.36245491738887,4.533333333333333,1955.1573758058396,187.08203344899258,5222,971,25.44385693357491,9.652867651102277,139.5367245846772,86.6,63.2,65.8,48.5
fish5,27.36,2300,115.0,20.0,20.0,50.98095607385452,14.385326835810014,4.933333333333334,499.8672734167614,113.8417981556607,3878,1053,25.962464720474053,9.598616436756982,113.12108115723103,87.1,62.9,66.0,48.4
fish5,27.36,2305,115.25,20.0,20.0,50.79169997186318,14.402356081563207,4.933333333333334,500.2844141069396,113.89393956542983,3914,1080,25.8917443449044,9.597682185702855,113.76942653060726,87.0,62.8,66.0,48.4
fish5,27.36,2310,115.5,20.0,20.0,50.79699505403596,14.267108629163568,5.466666666666667,497.9332574895714,113.87156386432393,4011,1252,25.899899721027886,9.573502475950454,115.69340219697834,87.0,62.8,66.0,48.3
fish5,27.36,2315,115.75,20.0,20.0,50.98133047360411,14.267108629163568,5.6,500.15168752370107,114.11570161175166,4090,1293,25.869035806613496,9.601764165200127,117.27079997181362,87.0,62.8,66.0,48.3
fish5,27.36,2320,116.0,20.0,20.0,51.16566589317227,13.408217775043793,5.6,491.562381494122,114.02354290910442,3911,1293,25.871557443406846,9.60481752925449,113.69637497266133,86.8,62.8,66.0,48.3
fish5,27.36,2325,116.25,20.0,20.0,51.235173503826374,13.732504415294136,5.733333333333333,489.5335608646188,114.03152476448021,3978,1345,25.88613635336794,9.496357261562347,114.9424936149303,86.8,62.6,66.1,48.3
fish5,27.36,2330,116.5,20.0,20.0,51.232748819733786,14.253798123780316,5.466666666666667,496.7576791808873,114.11938005214856,4040,1300,25.90553270487845,9.499596201578777,116.20512890645722,86.8,62.6,66.1,48.3
fish5,27.36,2335,116.75,20.0,20.0,51.29369277897266,14.239527847610413,5.333333333333333,494.7098976109214,113.9262779491581,3960,1270,25.818905387294443,9.504299980152977,114.52320536744742,86.8,62.6,66.0,48.3
fish5,27.36,2340,117.0,20.0,20.0,51.78488147902253,13.683606619427003,5.2,489.04057641259,114.17326162682525,3822,1263,25.8240053891594,9.495657373004486,111.75966276216388,87.1,62.6,66.0,48.3
fish5,27.36,2345,117.25,20.0,20.0,51.722570663555,13.992721155539185,5.2,493.7049677664011,114.29717522251958,3958,1238,25.839530496479554,9.524104662566716,114.52363515904626,87.1,62.7,66.0,48.3
fish5,27.36,2350,117.5,20.0,20.0,51.74660950461996,13.622965745699702,3.7333333333333334,492.529389457717,114.69166782831411,3984,1047,26.476860956469874,9.48112949115965,115.63799044762953,87.3,62.7,66.1,48.1
fish5,27.36,2355,117.75,20.0,20.0,52.11713451394471,13.438805640300009,3.7333333333333334,498.9002654531664,115.54710788117045,4093,1047,26.573684318919245,9.480940689076316,117.91462500799557,87.3,62.7,66.1,48.1
fish5,27.36,2360,118.0,20.0,20.0,52.15889494315696,13.670924570766275,3.7333333333333334,510.69397042093277,115.92486083923237,4325,1047,26.56414004147377,9.484287043242986,122.54842708471676,87.1,62.7,65.9,48.1
fish5,27.36,2365,118.25,20.0,20.0,52.22047478768482,13.794087231248582,3.7333333333333334,514.012135001896,116.04085029022662,4572,1047,26.542260931151578,9.448408115376367,127.43066904652794,87.1,62.7,66.0,48.1
fish5,27.36,2370,118.5,20.0,20.0,52.26509967212409,13.248279253443988,3.7333333333333334,500.0758437618505,115.98801314877994,4548,1046,26.499678417893396,9.445185462941064,126.90486388083447,87.1,62.7,66.0,48.1
fish5,27.36,2375,118.75,20.0,20.0,52.40683672018329,13.551803050438277,3.7333333333333334,503.9249146757678,116.14835636475193,4693,1046,26.539921526572147,9.451663323709699,129.85158485028185,87.1,62.7,66.0,48.1
fish5,27.36,2380,119.0,20.0,20.0,52.54372440005733,13.516122160017,3.7333333333333334,502.35115661736813,116.14117270884229,4734,1046,26.488571663392623,9.456451729287043,130.62502339267968,86.8,62.7,66.0,48.1
fish5,27.36,2385,119.25,20.0,20.0,52.82902295209835,13.009752441549216,3.7333333333333334,486.23435722411824,116.09207879882061,4783,1046,26.434882458929366,9.448147694810233,131.5430301537396,86.8,62.6,66.0,48.1
fish5,27.36,2390,119.5,20.0,20.0,52.75828517083844,13.123584822557604,3.7333333333333334,491.884717481987,116.20633581525928,5006,1046,26.39815923996914,9.441018784575993,135.95917802454514,86.8,62.6,66.0,48.1
fish5,27.36,2805,140.25,20.0,20.0,111.73895155139253,48.14989373878147,3.0666666666666664,3685.570724307925,265.5450236063341,30007,603,25.44091071980794,9.47844058963988,635.0593513094478,86.4,63.0,65.3,48.1
fish5,27.36,2810,140.5,20.0,20.0,106.55511958992152,53.98317852302205,3.0666666666666664,3900.341296928327,266.4226036425968,25607,603,25.100221211581754,9.47527979020013,546.7155010017818,86.4,63.0,65.2,48.1
fish5,27.36,2845,142.25,20.0,20.0,53.683658723349765,28.542064795935616,7.866666666666666,979.4084186575652,136.75319259612692,10290,1666,24.94111944323882,9.877675648328992,240.61879509156782,86.8,62.9,65.5,48.3
fish5,27.36,2850,142.5,20.0,20.0,50.11847573642121,16.145613315621116,32.13333333333333,518.4110731892301,112.73566887047274,8801,14353,25.334282570902513,9.493561100260415,210.84784367116293,87.0,62.7,65.9,48.4
fish5,27.36,4450,222.5,20.0,20.0,36.21240732292611,24.20051341397954,3.8666666666666667,672.013651877133,100.28131626459852,9399,744,25.465006893506462,9.600689993921916,223.04569688742836,86.8,62.9,66.0,48.4
fish5,27.36,4460,223.0,20.0,20.0,48.76741264005225,17.17222782899091,3.8666666666666667,564.922260144103,112.4123331563721,4440,744,25.22961617446711,9.544645102087657,123.57426127655476,86.8,62.9,65.9,48.3
fish5,27.36,4470,223.5,20.0,20.0,59.77609350569171,22.05374982122721,3.8666666666666667,836.46188850967,140.94697026798985,3081,743,24.853423559099358,9.590130122502643,96.063553681602,86.6,63.1,65.9,48.3
fish5,27.36,4475,223.75,20.0,20.0,68.25586154845729,34.49274767308544,4.0,1545.0322335987862,169.23201708761243,6990,736,25.172893258535126,9.591549400795833,174.56444265933098,86.6,63.0,66.0,48.4
fish5,27.36,4490,224.5,20.0,20.0,48.016140913953606,21.137663462504342,3.3333333333333335,637.959802806219,112.68515782211317,7338,641,25.02167023064884,9.57530917865965,181.35697940930848,86.7,62.9,65.9,48.4
fish5,27.36,4500,225.0,20.0,20.0,42.23166181135606,21.356948801554093,2.6666666666666665,610.9025407660218,104.42657929212378,5202,453,25.431510015115617,9.599121050347224,139.07063106546286,86.8,63.0,66.0,48.6
fish5,27.36,4510,225.5,20.0,20.0,73.82106422628483,43.006202779034396,2.8,2066.83731513083,193.24807926602983,10324,483,24.8595788230425,9.471767538695866,240.8113463617384,86.7,63.0,65.9,48.6
fish5,27.36,4515,225.75,20.0,20.0,34.33779966243355,21.022174511175347,2.8,522.5066363291619,92.6645860499648,7143,483,25.22381482835935,9.491152312850954,177.57496714121032,86.7,63.0,65.9,48.6
fish5,27.36,4525,226.25,20.0,20.0,34.29588471903893,13.375591511150919,2.8,335.38111490329914,79.65749967448959,3643,483,25.210728786817015,9.481487612395819,107.55221639921282,86.4,63.0,65.9,48.5
fish5,27.36,4530,226.5,20.0,20.0,53.042502123602866,32.77229762377341,2.8,1142.150170648464,141.46914720981388,7026,483,25.184079209391275,9.519915333684288,175.22399454307558,86.5,62.9,65.9,48.5
fish5,27.36,4535,226.75,20.0,20.0,41.4400054265536,19.591732725040057,2.8,558.968524838832,98.62803670607515,6147,483,25.14860158389999,9.524042933103773,157.61264451700376,86.4,62.9,65.7,48.5
fish5,27.36,4540,227.0,20.0,20.0,46.045663146153245,20.74155595600421,2.8,628.0621918847173,110.00526024486521,7214,483,25.177290704496404,9.520843056901294,178.97813376139771,86.5,62.9,65.8,48.6
fish5,27.36,4545,227.25,20.0,20.0,32.61325795871528,29.178244256154226,2.8,865.0170648464162,111.60812456032207,4475,483,24.983089554096747,9.512978490183087,123.99606804427984,86.7,62.9,65.8,48.5
fish5,27.36,4550,227.5,20.0,20.0,49.98869570893623,22.55587485681968,2.6666666666666665,703.5646568069775,118.42973310318528,8223,532,26.137698567708327,9.58867501338323,200.18637358109157,87.0,63.0,66.1,48.5
fish5,27.36,4555,227.75,20.0,20.0,21.47990494788881,9.040364810678994,2.6666666666666665,146.03716344330675,51.588307356925704,3898,532,25.672429396942515,9.58204418500264,113.21447358194516,86.9,63.0,66.0,48.5
fish5,27.36,4560,228.0,20.0,20.0,45.60350001331362,14.08353835194081,2.6666666666666665,401.7254455821008,101.00195116654511,9230,532,25.647989088251556,9.58154288669162,219.82953197494317,86.9,63.0,65.9,48.5
fish5,27.36,4565,228.25,20.0,20.0,41.383319521609664,19.749371362463805,2.6666666666666665,587.2203261281759,99.53724727653962,10375,532,25.319699217826933,9.579879465643565,242.3995786834705,86.7,63.0,65.9,48.5
fish5,27.36,4570,228.5,20.0,20.0,33.87388865842526,16.386148811886706,2.6666666666666665,413.95525218050807,84.99431323542768,4598,532,25.407551016273032,9.552994698037041,126.92054571431008,86.7,63.0,66.0,48.5
fish5,27.36,4575,228.75,20.0,20.0,24.25057006621445,10.313738473294672,2.6666666666666665,175.35077739855893,57.034506233989376,4670,532,25.515055486815655,9.567262214650048,128.48231770146572,86.7,63.0,66.0,48.5
fish5,27.36,4580,229.0,20.0,20.0,26.307023090797735,10.920049896347056,2.6666666666666665,232.1577550246492,65.00066256491654,6188,532,25.262502633535124,9.574199061033461,158.5967016945686,86.6,63.0,65.9,48.5
fish5,27.36,4585,229.25,20.0,20.0,28.17280858576225,10.034350088729331,2.6666666666666665,207.6033371255214,65.26262685220706,5517,532,25.101400292497797,9.57405581050449,145.0154561030023,86.6,63.0,66.0,48.5
fish5,27.36,4590,229.5,20.0,20.0,43.955772658219644,19.17338854769818,2.6666666666666665,586.9359120212362,104.0815073604181,7390,534,24.91761998690381,9.553912627495658,182.27153261439946,86.6,63.0,65.9,48.6
fish5,27.36,4595,229.75,20.0,20.0,41.570664996307464,21.081433671541063,2.6666666666666665,639.3060295790671,104.53857263864788,8260,534,24.971430685462487,9.555725811756982,199.72715649721948,86.6,63.0,66.0,48.6
fish5,27.36,4600,230.0,20.0,20.0,42.92025426509074,20.85120159695567,3.8666666666666667,627.9484262419415,104.64803163686702,9071,753,25.18710386674669,9.522467319700457,216.12957118644715,86.6,62.8,65.7,48.2
fish5,27.36,4605,230.25,20.0,20.0,45.91345843457567,15.58839654544706,3.8666666666666667,483.82631778536205,104.45798111933559,12807,753,25.21824057027558,9.544768749650318,290.9030093199259,86.2,62.8,65.7,48.2
fish5,27.36,4615,230.75,20.0,20.0,17.673214808201685,7.495367844018746,3.8666666666666667,109.4615092908608,43.581300967605976,2923,753,25.17932589380712,9.55826158103943,93.19758747484656,86.1,62.8,65.7,48.2
fish5,27.36,4620,231.0,20.0,20.0,48.528878399591015,13.820054528166597,3.8666666666666667,513.9931740614334,108.71884318025907,3340,753,24.99660466820987,9.562981633122764,101.35958630133263,86.1,62.8,65.7,48.2
fish5,27.36,4625,231.25,20.0,20.0,20.503549143761646,7.449261703427328,3.8666666666666667,119.52976867652633,47.94285970760911,3189,753,25.079512411988816,9.561526557403143,98.42103896939196,86.3,62.8,65.6,48.2
fish5,27.36,4630,231.5,20.0,20.0,33.38122018793653,12.204199437469791,3.8666666666666667,297.8763746681835,77.41150540703424,2412,753,24.984612828214665,9.505289568487802,82.72990239670247,86.3,62.8,65.7,48.2
fish5,27.36,4635,231.75,20.0,20.0,33.04723778274243,29.05662079464246,32.13333333333333,673.4167614713689,104.23462891872015,3574,1119,25.108279996066628,9.646813074482811,106.23509307054944,86.4,62.8,65.7,48.4
fish5,27.36,6310,315.5,20.0,20.0,34.406041445362845,12.04493988684444,2.8,280.9252938945771,76.81737137762298,2527,474,25.252078743922855,9.625719366614023,85.41779811053688,86.5,62.9,65.8,48.3
fish5,27.36,6315,315.75,20.0,20.0,14.101987939601178,9.483434228626754,3.3333333333333335,110.06825938566551,40.92414801264575,2932,599,25.29964831993197,9.614036422687105,93.55368474261908,86.4,62.9,65.8,48.4
fish5,27.36,6320,316.0,20.0,20.0,11.925382309665233,9.667769648194906,3.3333333333333335,84.62267728479331,35.260842246861024,2267,617,25.137899085828998,9.644775343057844,80.12267442888685,86.4,62.9,65.7,48.4
fish5,27.36,6330,316.5,20.0,20.0,49.2361938122318,13.512862505054297,4.666666666666667,520.7053469852103,110.4806166965756,4017,856,25.146540445040483,9.676451773919004,115.16299221895949,86.2,62.9,65.8,48.5
fish5,27.36,6335,316.75,20.0,20.0,34.98719008524484,15.334984372079486,4.8,400.2275312855517,84.93566059429916,5602,980,25.008506654791187,9.713743456353082,146.76225011114428,86.3,62.7,65.7,48.5
fish5,27.36,6345,317.25,20.0,20.0,31.556594894014275,14.85496526455906,19.066666666666666,326.58323852863094,75.64754376003835,8655,1385,24.945147178819447,9.772369758436415,207.81751693725585,86.2,62.7,65.8,48.5
fish5,27.36,6350,317.5,20.0,20.0,30.84160725793348,13.07763765328843,20.0,240.34888130451267,71.0846679903963,6374,2389,25.723574531536343,9.589667919752335,162.79324245128868,86.6,62.9,65.9,48.5
fish5,27.36,6550,327.5,20.0,20.0,87.7986073348327,35.04308559071742,2.0,1875.8437618505875,204.24348507447664,2941,180,24.960862811787916,9.4623533987999,93.24321621058782,86.9,62.9,65.8,48.2
fish5,27.36,6555,327.75,20.0,20.0,91.20056391664619,35.02655554463034,1.6,1937.4288964732648,210.79040465998852,2828,157,24.796518012152784,9.487441300286187,90.84395931243898,86.9,62.9,65.8,48.2
fish5,27.36,6560,328.0,20.0,20.0,93.44233293157035,44.73824436345081,1.7333333333333334,2577.8156996587027,226.761122778299,5027,152,24.913063907877603,9.508189989556207,134.96125389743383,86.9,62.8,65.7,48.2
fish5,27.36,6565,328.25,20.0,20.0,87.20229550509228,39.87261058915942,1.8666666666666667,2379.7117937049675,212.90754266541248,8291,156,24.901501312255856,9.510699748473696,200.23220106072955,87.0,62.8,65.9,48.2
fish5,27.36,6800,340.0,20.0,20.0,19.99606365461155,10.794141637701086,5.866666666666666,158.79787637466816,49.720227897424024,4230,1032,25.352503638580703,9.55394202523761,119.50644566381833,86.8,62.9,65.8,48.5
fish5,27.36,6805,340.25,20.0,20.0,14.961776164549336,9.301033950621465,6.0,111.85058778915432,40.259386423329424,2990,1242,25.435468098280165,9.563157508680552,94.79862560696071,86.8,62.9,65.8,48.5
fish5,27.36,6815,340.75,20.0,20.0,13.016383179971523,10.099849244921554,5.866666666666666,105.93477436480848,38.28026644702351,2831,1274,25.471904559081285,9.620556598567962,91.71246115764924,86.4,62.9,65.8,48.5
fish5,27.36,7950,397.5,20.0,20.0,89.2877853102549,34.70860695728378,7.466666666666667,2388.1304512703828,217.87625290647756,13388,1727,24.331031268009138,9.510598744667902,301.60163001267705,86.6,62.9,65.8,48.3
fish5,27.36,7955,397.75,20.0,20.0,92.4647276425646,31.34673492008913,5.2,2216.363291619264,220.7967229603235,8815,777,24.26701245388455,9.575852701653375,210.14286515553795,86.6,63.0,65.8,48.4
fish5,27.36,7960,398.0,20.0,20.0,85.40437442188089,20.613644955840588,4.933333333333334,1617.7284793325746,198.86579515337786,9164,744,24.2024033738878,9.579202378325991,217.06160575221378,86.6,63.0,65.8,48.4
fish5,27.36,7965,398.25,20.0,20.0,88.37753037620324,18.2839826282735,5.466666666666667,1457.9635949943115,199.31373733949513,10609,890,24.269351569112146,9.5935285674625,246.04288013657464,86.6,63.0,65.8,48.4
fish5,27.36,7970,398.5,20.0,20.0,87.11207110829417,17.465886489726152,3.7333333333333334,1344.880546075085,194.81069560840572,9295,357,24.29459446115376,9.609062394036188,219.80365685518996,86.4,62.9,65.8,48.3
fish5,27.36,7975,398.75,20.0,20.0,86.97050640297685,16.80082476311057,2.533333333333333,1202.4270003792185,190.9341944939817,7799,187,24.224572795425225,9.64095046280755,189.84552325823276,86.4,62.9,65.8,48.3
fish5,27.36,8010,400.5,20.0,20.0,27.514976340025665,12.07974494928007,1.4666666666666666,252.42700037921875,65.56256676052693,6696,159,24.84782483360385,9.526917200883233,168.29474203448711,86.3,62.9,65.9,48.6
fish5,27.36,8015,400.75,20.0,20.0,17.52618713510958,12.463066407189034,1.4666666666666666,163.25369738339018,49.4135512311099,4349,174,24.898966333836682,9.569768744903142,121.44873507873983,86.3,62.9,65.8,48.5
fish5,27.36,8020,401.0,20.0,20.0,20.514555307828967,10.750838295235074,1.4666666666666666,161.7557830868411,50.73262796494372,4302,179,24.882151798502605,9.57221015590032,120.49436195440293,86.3,62.9,65.9,48.5
fish5,27.36,8025,401.25,20.0,20.0,17.72092254772191,10.32097686845342,2.1333333333333333,140.97459233978003,48.322142648576296,3760,285,24.78952597292676,9.56358711136712,109.55311308429388,86.3,62.9,65.9,48.5
fish5,27.36,8030,401.5,20.0,20.0,18.18686155037381,11.412125567232266,3.6,154.2093287827076,48.70761284254812,4103,462,24.94363187570454,9.570335155900318,116.57396703160487,86.5,62.9,65.9,48.5
fish5,27.36,8035,401.75,20.0,20.0,10.496421779682093,9.649447831877652,4.4,77.05726204019719,33.278250576448514,2064,576,24.948471173020355,9.560774611367124,75.78924578438748,86.5,62.9,66.0,48.5
fish5,27.36,10730,536.5,20.0,20.0,35.460773082784215,11.481835977750734,2.533333333333333,266.83731513083046,78.84127936504477,2132,405,24.986911998588653,9.517789688099754,77.1447016866884,86.6,63.2,65.6,48.5
fish5,27.36,10735,536.75,20.0,20.0,22.954256990369906,10.468677569666813,3.6,156.4277588168373,54.34328898395521,4170,629,25.145527632800444,9.516715469349753,118.0622431021502,86.4,63.2,65.7,48.5
fish5,27.36,10755,537.75,20.0,20.0,34.700078962987554,16.523847691218187,4.933333333333334,377.6450511945392,86.46287419963916,3862,1064,25.414568929017623,9.510006455485023,112.16457538450264,86.8,63.0,65.7,48.5
fish5,27.36,11150,557.5,20.0,20.0,10.961371297281506,9.54501481601126,2.8,78.38452787258247,33.15671546844908,2093,281,25.934081906900293,9.587376178487142,77.38145808538744,86.6,63.2,65.8,48.5
fish5,27.36,11155,557.75,20.0,20.0,13.318936806186121,10.107279297094973,2.533333333333333,98.72961698900264,37.787888085269316,2639,256,25.86895572645399,9.576308487786187,88.22526421424018,86.6,63.2,65.7,48.5
fish5,27.36,11160,558.0,20.0,20.0,12.410525642329855,10.592990915093793,2.6666666666666665,95.809632157755,36.95574819540057,2551,281,25.887163451225373,9.59985666486952,86.5070201160949,86.9,63.3,65.7,48.5
fish5,27.36,11170,558.5,20.0,20.0,11.35492857691588,9.618293167000528,5.466666666666667,79.88244216913158,33.75400891360438,2134,587,25.880206181203587,9.589970607492656,78.15017678869624,86.9,63.3,65.7,48.5
fish6,13.78,110,5.5,20.0,20.0,46.67923963668422,33.654671662186935,2.2666666666666666,1124.478574137277,135.90117822669365,3583,236,24.67811189957607,9.670680127875011,106.00879202745108,86.4,63.2,65.5,48.7
fish6,13.78,115,5.75,20.0,20.0,46.05162977073402,16.97239196264706,3.3333333333333335,483.5419036784224,107.418342969715,3812,330,24.730082080059283,9.691565544541676,110.66164762460096,86.4,63.2,65.5,48.7
fish6,13.78,120,6.0,20.0,20.0,46.33098844103352,35.18368161096835,1.8666666666666667,1175.9954493742887,138.34088859137165,3915,214,24.73643655717638,9.694020000447166,112.73045655762354,86.4,63.2,65.4,48.7
fish6,13.78,125,6.25,20.0,20.0,43.70703156744219,34.845904694026416,1.7333333333333334,1177.7777777777776,136.29146547458654,9406,202,24.914101219177237,9.694843517896862,222.7289447370741,86.4,63.2,65.3,48.7
fish6,13.78,130,6.5,20.0,20.0,71.87588518442108,39.53305081626706,3.3333333333333335,1930.1858172165337,183.8896432038006,4130,355,24.7476686261024,9.714863073560924,117.06253169966334,86.4,63.2,65.5,48.7
fish6,13.78,135,6.75,20.0,20.0,24.099477481555365,6.554606016085276,2.6666666666666665,111.14903299203638,54.257368884278264,688,305,24.99920104046103,9.677122176106769,48.4363232165678,86.2,63.0,65.5,48.7
fish6,13.78,140,7.0,20.0,20.0,27.575843042173354,6.001663643052376,1.6,141.3727720894956,61.48976289882456,705,204,24.939266217248235,9.67871395745807,48.717980174706305,86.2,63.0,65.4,48.7
fish6,13.78,145,7.25,20.0,20.0,40.33429896608284,16.131882353376216,2.533333333333333,373.72013651877126,95.40995884949241,2704,444,24.736280377705896,9.658261505084567,88.47454188279046,86.2,63.0,65.4,48.7
fish6,13.78,150,7.5,20.0,20.0,39.370516753546084,32.42946631021201,5.733333333333333,979.2377701934014,124.08746732805356,6482,1121,25.971857541232634,9.74579394259983,165.35765148383248,86.6,63.0,65.8,48.7
fish6,13.78,155,7.75,20.0,20.0,33.707878026600945,28.684458529269893,5.866666666666666,661.4144861585133,102.61709272021915,3161,1246,25.634622364166628,9.751425453016493,98.60604781718311,86.5,63.2,65.7,48.7
fish6,13.78,160,8.0,20.0,20.0,39.396418679079254,20.92418280528653,6.266666666666667,538.3579825559347,98.42142733354734,1691,1355,25.585173357626825,9.757030929183959,69.16220428681078,86.8,63.2,65.7,48.7
fish6,13.78,165,8.25,20.0,20.0,39.388695941387304,22.79318338381499,6.0,557.9635949943116,98.85388852644734,2065,1252,25.252838270399305,9.76059863009983,76.31343690049914,86.7,63.2,65.7,48.6
fish6,13.78,170,8.5,20.0,20.0,38.62715496501419,10.735174419997252,5.466666666666667,305.2142586272279,87.24610840078893,1900,1175,25.279756885368446,9.766809567599829,73.04656645296828,86.8,63.2,65.7,48.6
fish6,13.78,175,8.75,20.0,20.0,38.78536263062879,5.553490428518187,5.6,194.84262419416,83.51215980530723,1091,929,25.1956464857125,9.75388316089842,56.76952964661092,86.6,63.2,65.6,48.6
fish6,13.78,180,9.0,20.0,20.0,5.2906833471484935,4.425540240067553,4.0,20.079635949943114,16.774799778731136,548,367,25.243498075508775,9.753883160898424,45.9573812364072,86.6,63.2,65.6,48.6
fish6,13.78,185,9.25,20.0,20.0,30.433835416377654,5.605724393582564,4.266666666666667,115.37732271520666,65.06108633878905,716,522,25.188333043680075,9.76263641251458,49.270969456194656,86.6,63.2,65.6,48.6
fish6,13.78,190,9.5,20.0,20.0,38.786925601011994,20.668889718891254,5.733333333333333,475.3697383390215,96.76876880318005,1209,1015,25.352230657958987,9.764257499016656,59.29648815697564,86.6,63.2,65.7,48.6
fish6,13.78,195,9.75,20.0,20.0,38.83038271480373,20.90639881718099,4.933333333333334,488.6992794842623,97.26055722068595,1355,836,25.163042327033153,9.770826509433325,62.03386883646648,86.6,63.2,65.6,48.6
fish6,13.78,200,10.0,20.0,20.0,34.71348901116138,30.960149350077586,4.266666666666667,899.0519529768675,118.66931191616216,1492,829,25.925563186909244,9.624355371093753,65.389918558003,86.9,63.2,65.6,48.5
fish6,13.78,205,10.25,20.0,20.0,5.507949230406062,4.268660430707704,4.133333333333333,18.373151308304887,15.864806632004374,506,817,25.586682831488712,9.609303314166599,45.315986145655316,86.8,63.2,65.5,48.5
fish6,13.78,210,10.5,20.0,20.0,5.232551843171423,3.855564164141585,4.533333333333333,15.870307167235492,14.935461326792337,443,824,25.494517042353124,9.609016880925495,43.96353392327862,86.8,63.2,65.5,48.5
fish6,13.78,215,10.75,20.0,20.0,5.834917583148511,3.135179674527506,5.066666666666666,13.367463026166096,14.606686996686351,380,1065,25.572594523940843,9.640445903937023,42.813040427877866,86.8,63.2,65.6,48.5
fish6,13.78,220,11.0,20.0,20.0,5.647326965757531,4.089443664858901,5.333333333333333,18.73340917709518,15.999651757887387,519,1174,25.4305113061222,9.648525327799055,45.45903663392126,86.4,63.2,65.6,48.5
fish6,13.78,225,11.25,20.0,20.0,5.645648109737542,3.993263043473066,5.733333333333333,18.562760712931357,16.493139204614074,514,1323,25.439890589565696,9.645322218057844,45.36521280762354,86.4,63.2,65.6,48.5
fish6,13.78,230,11.5,20.0,20.0,33.5075741605701,6.032661193748867,6.0,133.84527872582478,72.65374509630817,852,1376,25.287355867343482,9.644801384724513,51.972157252067994,86.4,63.2,65.5,48.4
fish6,13.78,235,11.75,20.0,20.0,33.85873735427318,5.493766611320389,6.266666666666667,135.68448995070153,73.58796732504409,763,1397,25.342186468505865,9.625338480461968,50.22752494896783,86.6,63.2,65.5,48.5
fish6,13.78,240,12.0,20.0,20.0,33.43302403900286,6.266665122954391,6.266666666666667,129.88244216913156,72.83940521499034,705,1391,25.3637754313151,9.638606715901693,49.102382147216794,86.6,63.2,65.5,48.5
fish6,13.78,245,12.25,20.0,20.0,6.526919748888385,2.9467529719814394,6.4,15.301478953356083,15.754557164671056,426,1391,25.322307550877703,9.642405551391176,43.484713102268884,86.6,63.2,65.5,48.5
fish6,13.78,250,12.5,20.0,20.0,33.12147887594492,6.412809539494389,6.133333333333333,177.22791050436098,73.7803232517479,861,1288,25.656761472725577,9.571448556168873,52.44821002889445,86.8,63.1,65.5,48.5
fish6,13.78,255,12.75,20.0,20.0,33.29054116287106,7.297148433736618,6.0,189.78005309063326,75.26763076056399,766,1285,25.50381028163581,9.589150372812485,50.4129606544483,86.7,63.1,65.4,48.5
fish6,13.78,260,13.0,20.0,20.0,38.28958307650656,4.841223504903412,6.0,145.86651497914295,80.97845753027954,769,1242,25.239873144060304,9.59634764094883,50.216220785009135,86.6,63.1,65.4,48.5
fish6,13.78,265,13.25,20.0,20.0,45.468169360969625,18.154294715012618,6.266666666666667,488.49070913917325,104.81945418828597,919,1347,25.215945149061408,9.60182941012912,53.19777455919052,86.6,63.1,65.4,48.5
fish6,13.78,270,13.5,20.0,20.0,6.834515886016118,2.9290781838028614,6.666666666666667,15.149791429654908,15.970880687844616,423,1384,25.291066568332244,9.594593079365623,43.345659647697865,86.6,63.1,65.4,48.5
fish6,13.78,275,13.75,20.0,20.0,6.531624260027583,2.961002633879415,6.8,14.486158513462266,15.475239630058327,408,1399,25.28906598561605,9.642884094068739,43.09195007968479,86.6,63.2,65.4,48.6
fish6,13.78,280,14.0,20.0,20.0,6.207566048195889,2.9226285166880186,6.0,12.760712931361393,14.613108295963025,357,1164,25.167798777469585,9.657991521951889,41.96579029942147,86.5,63.2,65.4,48.6
fish6,13.78,285,14.25,20.0,20.0,33.48587383222678,5.475884937565897,4.533333333333333,155.91581342434583,73.34507518571183,562,939,25.09953886349526,9.655624990463258,45.995163853958516,86.5,63.2,65.3,48.6
fish6,13.78,290,14.5,20.0,20.0,5.257856140532874,2.9210311891849297,4.933333333333334,11.395525218050814,13.259710076155857,322,879,25.176817332157093,9.656744777933756,41.27356211009085,86.5,63.2,65.4,48.6
fish6,13.78,295,14.75,20.0,20.0,5.257856140532874,2.9210311891849297,4.666666666666667,11.642017444065223,13.46139449483477,333,802,25.09545454235312,9.635205058532291,41.390659600885414,86.5,63.2,65.4,48.5
fish6,13.78,300,15.0,20.0,20.0,6.446500316960999,2.8086410643547755,4.4,13.917330299582858,15.384096366017644,390,670,25.816857556830517,9.689794800557031,43.30665235738755,86.6,63.1,65.7,48.5
fish6,13.78,305,15.25,20.0,20.0,6.618712316066225,2.8739145778407726,4.4,14.258627227910502,15.61135097830874,398,660,25.559904354443965,9.663821504338584,43.18372585878255,86.6,63.2,65.6,48.6
fish6,13.78,310,15.5,20.0,20.0,9.623634306285359,4.212556182517602,4.266666666666667,32.29048160788775,23.87637290756003,878,666,25.550754927948372,9.656594966252642,52.76734989420102,86.6,63.2,65.6,48.6
fish6,13.78,315,15.75,20.0,20.0,7.141242138011369,2.961002633879415,4.666666666666667,17.330299582859308,17.09489935392477,481,743,25.414248808665334,9.650829978423646,44.68507878708898,86.5,63.2,65.6,48.5
fish6,13.78,320,16.0,20.0,20.0,7.180210169091252,3.341439393717751,5.733333333333333,18.467956010618124,17.344871683164442,512,850,25.529826169162327,9.646598211659326,45.41642438082165,86.5,63.2,65.7,48.5
fish6,13.78,325,16.25,20.0,20.0,6.609538779344616,3.0293720024376696,6.0,14.941221084565791,15.934613544244014,423,885,25.37196141493055,9.63659169717365,43.468553112104196,86.5,63.2,65.6,48.6
fish6,13.78,330,16.5,20.0,20.0,6.44275557660845,3.6938465008745784,6.0,17.6905574516496,16.50385163852071,491,892,25.312668995026012,9.632971905506984,44.76564090053299,86.5,63.2,65.6,48.6
fish6,13.78,335,16.75,20.0,20.0,6.792889171000155,3.6577094964726493,6.266666666666667,18.67652635570724,17.10264713981425,521,961,25.305446772803787,9.61246082725525,45.33790760005904,86.5,63.0,65.6,48.6
fish6,13.78,340,17.0,20.0,20.0,6.471839900013135,3.167070510340827,6.266666666666667,16.230565036025784,16.475442362878816,450,947,25.276588313726737,9.635751849269866,43.9123401629966,86.3,63.0,65.6,48.6
fish6,13.78,345,17.25,20.0,20.0,6.196442884206819,3.0293720024376696,6.266666666666667,14.941221084565791,15.867209308968821,413,1000,25.373584857780546,9.641917200883231,43.275502058663776,86.3,63.0,65.6,48.6
fish6,13.78,350,17.5,20.0,20.0,47.284156717812046,3.244857629743068,6.666666666666667,130.0910125142207,96.8518454565445,530,1139,25.65313335232205,9.58588211389118,45.83901546621323,86.5,63.0,65.6,48.5
fish6,13.78,355,17.75,20.0,20.0,48.21772249341559,3.3253595187581624,7.066666666666666,129.4463405384907,98.46234260082485,555,1306,25.680642107626834,9.557617138502334,46.33825924612917,86.4,63.2,65.6,48.5
fish6,13.78,360,18.0,20.0,20.0,4.659272283740637,3.208023825807179,7.2,11.054228289723168,12.79471218001737,309,1408,25.566275908745663,9.574283816019689,41.32055972476535,86.7,63.2,65.6,48.5
fish6,13.78,365,18.25,20.0,20.0,4.957153713080139,3.16707088176915,7.066666666666666,10.864618885096698,13.206975425712068,306,1412,25.633333014970948,9.574498659769693,41.32783167474064,86.7,63.2,65.6,48.5
fish6,13.78,370,18.5,20.0,20.0,5.486564616137297,2.3513847558956296,7.2,9.726962457337882,12.84465464125723,273,1442,25.581518788580247,9.571708952320945,40.613227740901195,86.7,63.2,65.6,48.5
fish6,13.78,375,18.75,20.0,20.0,5.399475817242009,2.4384729976484327,7.333333333333333,9.55631399317406,12.677650461883145,274,1426,25.53135824017937,9.575458949947356,40.58681719012672,86.7,63.2,65.6,48.5
fish6,13.78,380,19.0,20.0,20.0,6.00909443808244,2.1772079009616996,7.6,9.99241562381494,13.72429986542444,284,1503,25.491041242811416,9.616718709267507,40.78775995207892,86.5,63.2,65.6,48.5
fish6,13.78,385,19.25,20.0,20.0,4.702769511791259,2.1772079009616996,7.866666666666666,7.792946530147894,11.176034234065716,226,1546,25.422022241210943,9.617128865517508,39.55915110672846,86.6,63.2,65.5,48.6
fish6,13.78,390,19.5,20.0,20.0,4.819455576605304,2.6162759215857117,8.133333333333333,8.81683731513083,12.229084369040297,257,1576,25.563172357837068,9.627014934529198,40.33018729236627,86.5,63.2,65.6,48.6
fish6,13.78,395,19.75,20.0,20.0,45.90673112478938,3.8212337871027584,8.4,153.83010997345465,95.64812639734176,513,1654,25.50637551448493,9.60047846805784,45.36685398254277,86.6,63.1,65.5,48.6
fish6,13.78,400,20.0,20.0,20.0,4.868385315308217,2.5315603639602724,8.266666666666666,9.06332954114524,12.08355280923326,261,1730,25.965572264946832,9.719540833780503,40.905113098727334,86.9,63.1,65.4,48.7
fish6,13.78,405,20.25,20.0,20.0,5.232551843171423,2.4234977505214648,8.266666666666666,9.252938945771708,12.376374131242825,263,1734,25.88018149225682,9.711692518064709,40.85187401032153,86.8,63.2,65.4,48.7
fish6,13.78,410,20.5,20.0,20.0,5.138210906269437,2.3513845701814677,8.4,8.703071672354948,12.078862412370336,251,1741,25.89219983360384,9.703355926672616,40.61555576027646,86.8,63.2,65.4,48.7
fish6,13.78,415,20.75,20.0,20.0,4.406358938610862,2.6162755501573884,8.533333333333333,8.49450132726583,11.551135379615527,243,1757,25.870168626102394,9.741920382648043,40.47208900875044,86.8,63.2,65.4,48.7
fish6,13.78,420,21.0,20.0,20.0,4.681756697273824,2.6162755501573884,8.133333333333333,8.665149791429654,11.87280270733203,249,1573,25.860281326388133,9.736676233408184,40.57695755979631,86.4,63.2,65.5,48.7
fish6,13.78,425,21.25,20.0,20.0,4.819455576605304,2.6162755501573884,8.266666666666666,9.082290481607886,12.091511264624694,259,1636,25.740203247051472,9.736253050475652,40.65645629752712,86.4,63.2,65.5,48.7
fish6,13.78,430,21.5,20.0,20.0,5.667632952176286,2.5032044114970025,8.266666666666666,10.504361016306406,13.324494000683591,297,1840,25.717330041937178,9.715702934731377,41.373032976668554,86.4,63.2,65.4,48.6
fish6,13.78,435,21.75,20.0,20.0,5.053639648547486,2.4087440603891697,8.533333333333333,8.93060295790671,12.037747154155154,254,1916,25.823215157949182,9.668980890814463,40.572196048763644,86.4,63.2,65.5,48.6
fish6,13.78,440,22.0,20.0,20.0,4.819455576605304,2.478577227968392,8.266666666666666,8.911642017444064,11.985887774554529,256,1875,25.68430464379581,9.700559589597912,40.50486423339372,86.7,63.2,65.4,48.6
fish6,13.78,445,22.25,20.0,20.0,5.413644322051407,2.0641954479763482,8.533333333333333,8.987485779294651,12.640898836463721,256,1938,25.68002533267928,9.712408602862888,40.51243393554216,86.7,63.2,65.4,48.6
fish6,13.78,450,22.5,20.0,20.0,4.819455576605304,2.340878348636912,8.133333333333333,8.43761850587789,11.701509250469599,240,1806,25.78792850068645,9.69589492771361,40.283823428400055,86.7,63.1,65.4,48.5
fish6,13.78,455,22.75,20.0,20.0,4.681756697273824,2.340878348636912,8.133333333333333,8.475540386803184,11.512556698275235,242,1841,25.710011998136537,9.7101266919348,40.260138690071344,86.6,63.0,65.4,48.5
fish6,13.78,460,23.0,20.0,20.0,4.819455576605304,2.203179469305431,8.533333333333333,8.229048160788773,11.677140163196936,235,1888,25.681279176142176,9.741851945654552,40.12313112179673,86.6,63.0,65.5,48.6
fish6,13.78,465,23.25,20.0,20.0,4.8769459952968655,2.6997379086210045,8.666666666666666,9.177095183921121,11.953364303450046,264,1938,25.643783448772666,9.739150122737888,40.66293357151056,86.6,63.0,65.4,48.6
fish6,13.78,470,23.5,20.0,20.0,4.681756697273824,2.6162755501573884,8.4,8.835798255593476,11.765860971714973,254,1994,25.655558670891654,9.732268612321217,40.46782728321287,86.6,63.0,65.4,48.5
fish6,13.78,475,23.75,20.0,20.0,5.225299705164725,2.5255614251153977,8.533333333333333,9.537353052711413,12.40098952192218,272,1983,25.55775494563726,9.767626685237882,40.76538163087514,86.5,63.2,65.5,48.5
fish6,13.78,480,24.0,20.0,20.0,5.138212020554406,2.177208272390023,8.4,8.456579446340537,12.052869579755113,242,2013,25.532325357394743,9.78505507065455,40.157380428049294,86.5,63.2,65.5,48.6
fish6,13.78,485,24.25,20.0,20.0,4.681756697273824,2.4785768565400694,8.533333333333333,8.646188850967006,11.795824535603026,246,2087,25.62118820461697,9.771025122737885,40.312213327354854,86.5,63.2,65.4,48.5
fish6,13.78,490,24.5,20.0,20.0,5.225298962308079,2.2642963284286646,8.666666666666666,8.949563898369357,12.268124364357764,254,2067,25.597095241800933,9.776728280374739,40.45382352217567,86.5,63.2,65.4,48.5
fish6,13.78,495,24.75,20.0,20.0,4.681756697273824,2.753974615203031,8.8,9.290860826697003,12.093353827678047,265,1997,25.671691641273032,9.778626063664754,40.750317704937785,86.5,63.1,65.4,48.5
fish6,13.78,500,25.0,20.0,20.0,4.8769459952968655,2.3513845701814677,8.666666666666666,8.93060295790671,11.741894025244777,255,2086,26.132039067849995,9.713997211201987,40.94603627905198,86.7,63.3,65.6,48.6
fish6,13.78,505,25.25,20.0,20.0,4.702769511791259,2.3513845701814677,8.666666666666666,8.418657565415243,11.40743605251161,241,2176,26.135107586877147,9.725276493824852,40.680384080702,86.7,63.3,65.6,48.6
fish6,13.78,510,25.5,20.0,20.0,5.225298962308079,2.6126496668682013,8.666666666666666,9.708001516875235,12.426001505193424,277,2289,26.035255315314398,9.728521933619179,41.30377724893358,86.7,63.3,65.6,48.6
fish6,13.78,515,25.75,20.0,20.0,5.09485259241162,2.753974615203031,8.933333333333334,10.163064087978762,12.746757858519214,288,2395,25.926831052803703,9.705403455564714,41.39223450836841,86.6,63.5,65.6,48.6
fish6,13.78,520,26.0,20.0,20.0,5.28979080488831,2.597665134033158,9.333333333333334,10.030337504740233,12.703469883900066,284,2441,25.951817830384808,9.705494601398046,41.337312431782856,86.6,63.5,65.6,48.6
fish6,13.78,525,26.25,20.0,20.0,4.957153713080139,2.6162755501573884,9.2,9.518392112248765,12.332421253496955,271,2463,25.871726806565256,9.695305799314713,40.987032605879975,86.6,63.5,65.6,48.6
fish6,13.78,530,26.5,20.0,20.0,4.819455576605304,2.340878348636912,9.733333333333333,8.589306029579065,11.866155440349347,247,2584,25.906895846727164,9.689784965981378,40.53668081270854,86.6,63.5,65.7,48.6
fish6,13.78,535,26.75,20.0,20.0,5.312387389775044,2.264296514142826,9.066666666666666,9.215017064846414,12.417794935682222,261,2532,25.869417507520136,9.74107402848138,40.83049153600152,86.5,63.3,65.6,48.6
fish6,13.78,540,27.0,20.0,20.0,5.051122850230795,2.3513847558956296,9.2,8.797876374668181,11.898286868858897,251,2570,25.930394188982174,9.743600052727594,40.69399424170977,86.5,63.3,65.6,48.6
fish6,13.78,545,27.25,20.0,20.0,5.141015190108135,2.3757723681559004,9.2,8.911642017444064,12.232367981129835,254,2588,25.917208584236807,9.74342753549152,40.74063611972832,86.5,63.3,65.6,48.6
fish6,13.78,550,27.5,20.0,20.0,4.681756697273824,2.4785768565400694,9.466666666666667,8.399696624952597,11.69629202895903,241,2572,26.229231417262703,9.724495237975649,40.773726655238356,86.5,63.3,65.5,48.6
fish6,13.78,555,27.75,20.0,20.0,4.2686608021360275,2.340878348636912,9.466666666666667,7.3758058399696615,10.803170154876833,212,2599,26.05727832255422,9.728941858408186,40.02622018096241,86.7,63.5,65.5,48.6
fish6,13.78,560,28.0,20.0,20.0,4.406358938610862,2.4785768565400694,9.466666666666667,8.058399696624951,11.234086484524365,231,2647,26.044682855883934,9.726985475285849,40.39166833116978,86.7,63.5,65.5,48.6
fish6,13.78,565,28.25,20.0,20.0,4.406358938610862,2.340878348636912,9.333333333333334,7.622298065984071,11.074788351781962,219,2737,26.00164473317464,9.757177499124737,40.13882223229938,86.7,63.5,65.5,48.6
fish6,13.78,570,28.5,20.0,20.0,4.61568182718094,2.090119844923058,9.333333333333334,7.3758058399696615,10.956210973947169,212,2756,25.978645706666548,9.755767997063531,39.97441370373008,86.7,63.5,65.5,48.6
fish6,13.78,575,28.75,20.0,20.0,4.702769511791259,2.2642963284286646,9.333333333333334,7.868790291998482,11.154036345207128,227,2770,25.98766052470266,9.772473719914755,40.30013424461742,86.6,63.4,65.5,48.6
fish6,13.78,580,29.0,20.0,20.0,4.681756697273824,2.340878348636912,9.466666666666667,8.19112627986348,11.531719289030155,234,2861,25.932248176781926,9.778150828001236,40.39039900478316,86.6,63.4,65.5,48.6
fish6,13.78,585,29.25,20.0,20.0,4.964034422763831,2.2642963284286646,9.466666666666667,8.589306029579065,11.784213430868878,245,2868,25.92190532902848,9.789371551672613,40.61127688070109,86.5,63.5,65.5,48.6
fish6,13.78,590,29.5,20.0,20.0,5.225299333736403,2.264296514142826,9.733333333333333,9.044368600682592,12.26562581245744,257,2944,25.92820305718317,9.786467905839283,40.85467096302245,86.6,63.5,65.5,48.7
fish6,13.78,595,29.75,20.0,20.0,4.819455576605304,2.203179469305431,10.0,8.304891922639362,11.71573021952962,238,2989,25.906957335502717,9.731611123392318,40.398568458895035,86.9,63.4,65.5,48.7
fish6,13.78,600,30.0,20.0,20.0,5.0948529638399425,2.340878348636912,10.0,9.044368600682592,12.228526901556005,257,3035,26.022456325954867,9.755468664169308,40.91792499012418,87.3,63.5,65.5,48.7
fish6,13.78,605,30.25,20.0,20.0,5.232551100314777,2.340878348636912,10.133333333333333,9.613196814562,12.584291210038865,275,3042,25.94677926040461,9.758216060002646,41.20499532040726,87.3,63.5,65.5,48.8
fish6,13.78,610,30.5,20.0,20.0,5.7833462462123775,2.340878348636912,10.4,10.314751611679938,13.516480193706109,290,2941,25.96046853027344,9.766347566562231,41.526816096835674,87.2,63.5,65.5,48.7
fish6,13.78,615,30.75,20.0,20.0,5.370250351074581,2.203179469305431,10.533333333333333,9.613196814562,12.87582987397774,274,3123,25.89774720366678,9.793902914587658,41.17165011825443,86.8,63.5,65.5,48.8
fish6,13.78,620,31.0,20.0,20.0,5.370250351074581,2.0654809614022733,10.666666666666666,9.006446719757298,12.643683156030058,257,2998,25.982998874070912,9.801835847812225,40.92483472188314,86.8,63.6,65.5,48.8
fish6,13.78,625,31.25,20.0,20.0,5.645648109737542,2.0654809614022733,10.266666666666666,9.499431171786119,13.157709497948295,270,2917,25.913398267486947,9.800244044992656,41.113642312479605,86.8,63.6,65.5,48.8
fish6,13.78,630,31.5,20.0,20.0,5.7833466176407,2.203179469305431,10.0,10.219946909366703,13.532849318472238,289,2884,25.990221146477598,9.807389221149021,41.57761036762662,86.8,63.6,65.5,48.8
fish6,13.78,635,31.75,20.0,20.0,5.370250351074581,2.340878348636912,9.866666666666667,9.821767159651117,12.847129166387909,280,2791,26.072608322313098,9.76548491362466,41.43809323593776,87.0,63.6,65.5,48.8
fish6,13.78,640,32.0,20.0,20.0,6.058744004875339,2.4785768565400694,9.733333333333333,11.774744027303752,14.459960946606795,334,2849,26.068450378248432,9.772398976124663,42.52084935437309,87.0,63.6,65.5,48.7
fish6,13.78,645,32.25,20.0,20.0,6.270359349055012,2.6997379086210045,9.333333333333334,12.817595752749334,14.844150571792248,358,2807,26.06900157666618,9.753912645806203,42.98291422247239,87.0,63.6,65.5,48.6
fish6,13.78,650,32.5,20.0,20.0,6.270359349055012,2.5255614251153977,9.6,11.831626848691693,14.61416022740232,332,2831,26.317139126078278,9.736022074211968,42.69316120029025,87.1,63.6,65.6,48.9
fish6,13.78,655,32.75,20.0,20.0,6.009094066654117,2.2642963284286646,9.6,10.73189230185817,14.06420413808639,304,2807,26.234001139247564,9.779371694342295,42.093372833589854,87.0,63.5,65.5,48.9
fish6,13.78,660,33.0,20.0,20.0,6.183270921588047,2.3513845701814677,9.466666666666667,11.376564277588166,14.47301219502059,323,2838,26.185225084092885,9.784693942599828,42.429919026692716,87.0,63.5,65.5,48.9
fish6,13.78,665,33.25,20.0,20.0,6.183270921588047,2.5255612394012363,9.333333333333334,12.002275312855515,14.522070215780563,338,2803,26.235311834189336,9.779309828016494,42.774621662205824,87.0,63.5,65.6,48.9
fish6,13.78,670,33.5,20.0,20.0,5.7833466176407,2.753974615203031,8.8,12.191884717481985,14.307640698483091,345,2728,26.16498200110919,9.778463473849826,42.84344547495902,87.0,63.5,65.6,48.9
fish6,13.78,675,33.75,20.0,20.0,5.7833462462123775,2.478577227968392,8.666666666666666,10.750853242320817,13.988077814001931,306,2723,26.06817648646979,9.789427001274957,41.977603487744744,86.9,63.6,65.5,48.9
fish6,13.78,680,34.0,20.0,20.0,6.196442884206819,2.4785768565400694,8.933333333333334,11.585134622677282,14.694658634276886,328,2826,26.067846625358676,9.79364250512653,42.421489130485206,86.9,63.6,65.6,48.8
fish6,13.78,685,34.25,20.0,20.0,6.471839900013135,2.340878348636912,9.2,12.04019719378081,15.085458151470016,341,2811,26.068749362220295,9.790631432045828,42.67938079426612,86.9,63.6,65.6,48.8
fish6,13.78,690,34.5,20.0,20.0,6.309428408638753,2.609455011862024,9.333333333333334,12.22980659840728,14.872561611718673,341,2773,26.074916903856074,9.788137962807552,42.683054866663625,86.9,63.6,65.6,48.8
fish6,13.78,695,34.75,20.0,20.0,6.334141020681654,2.753974615203031,9.333333333333334,12.41941600303375,14.900919189180858,346,2822,26.07637967664931,9.795198520141177,42.79157819679049,87.0,63.6,65.5,48.8
fish6,13.78,700,35.0,20.0,20.0,6.609538779344616,2.4785768565400694,9.2,12.210845657944631,15.231239821824058,341,2899,26.19950918464189,9.796028578016493,42.81553776265839,87.0,63.6,65.5,48.9
fish6,13.78,705,35.25,20.0,20.0,6.196442884206819,2.4785768565400694,9.333333333333334,11.433447098976107,14.429381693844821,322,2961,26.152590727610647,9.803997331364952,42.396588058975595,87.0,63.6,65.5,48.8
fish6,13.78,710,35.5,20.0,20.0,5.7833462462123775,2.478577227968392,9.2,10.845657944634052,13.743993018324504,308,2963,26.080589733359254,9.803815018335976,42.044404751695225,87.0,63.6,65.5,48.8
fish6,13.78,715,35.75,20.0,20.0,5.645647366880897,2.4785768565400694,8.8,10.826697004171406,13.485680846448481,306,2735,26.01091095166618,9.783395105732811,41.91430605739899,87.0,63.5,65.5,48.8
fish6,13.78,720,36.0,20.0,20.0,5.507949230406062,2.340878348636912,9.066666666666666,10.371634433067879,13.270743215205139,296,2868,26.020151371689778,9.775045501666598,41.715196873356376,87.0,63.5,65.6,48.8
fish6,13.78,725,36.25,20.0,20.0,5.645647366880897,2.340878348636912,8.8,10.371634433067879,13.487113584775939,294,2805,26.00595430380739,9.77110017835829,41.657054482165684,87.0,63.5,65.5,48.7
fish6,13.78,730,36.5,20.0,20.0,5.921044754115535,2.203179469305431,8.933333333333334,10.637087599544936,13.999038524528226,304,2856,26.08663112943673,9.777994709608292,41.94462583904502,87.0,63.5,65.5,48.7
fish6,13.78,735,36.75,20.0,20.0,5.507949230406062,2.478577227968392,9.066666666666666,10.5422828972317,13.251546731615743,297,2865,26.20364927012126,9.682223234293193,41.82587250441445,86.7,63.3,65.6,48.8
fish6,13.78,985,49.25,20.0,20.0,9.542035218004104,4.089443664858901,6.133333333333333,28.081152825180123,22.045760096213833,767,2240,25.900758861381636,9.969869720416597,51.21062858179823,86.7,63.5,65.6,49.1
fish6,13.78,1205,60.25,20.0,20.0,7.984151917105475,6.036797790982188,7.6,35.47591960561243,22.47800258747439,971,2594,25.87418741438124,9.750992754607733,55.04518016898898,87.3,63.6,65.7,48.6
fish6,13.78,1210,60.5,20.0,20.0,7.594681091880817,6.036797790982188,7.866666666666666,34.62267728479332,22.051122244413186,951,2639,25.84288522660998,9.741552650441065,54.60443787705104,87.3,63.6,65.7,48.6
fish6,13.78,1215,60.75,20.0,20.0,7.789416504493146,6.036797790982188,7.733333333333333,35.039817974971555,22.393970481177554,962,2612,25.979942389575346,9.746337782531315,54.966280172106664,86.8,63.6,65.7,48.6
fish6,13.78,1220,61.0,20.0,20.0,7.399945679268489,5.842062378369859,7.466666666666667,33.788395904436854,21.811652120649327,928,2601,25.946817351447212,9.741497294065685,54.24831464551289,86.8,63.6,65.7,48.6
fish6,13.78,1225,61.25,20.0,20.0,7.399945679268489,5.842062378369859,7.333333333333333,33.18164580963215,21.61369326733579,911,2515,25.9429718653361,9.750299393335979,53.91327125867208,86.8,63.6,65.6,48.6
fish6,13.78,1235,61.75,20.0,20.0,7.595201091533027,5.640880827211757,6.4,31.77853621539628,21.32447521791625,869,2347,25.962815456795404,9.73068673654132,53.07350219333672,87.1,63.6,65.6,48.6
fish6,13.78,1240,62.0,20.0,20.0,7.399945679268489,6.036797790982188,6.133333333333333,32.30944254835039,21.450197948114873,878,2332,25.97437372655044,9.73119456175698,53.26556828830742,87.1,63.6,65.7,48.6
fish6,13.78,1245,62.25,20.0,20.0,7.849636921358805,5.51649616754676,6.133333333333333,30.735684489950696,21.09048972084125,836,2187,25.936656592399693,9.720585835732358,52.37724242813205,87.1,63.6,65.7,48.6
fish6,13.78,1250,62.5,20.0,20.0,6.705801114961513,6.270359349055012,6.0,30.451270383010993,20.699014018386087,828,2195,26.277264312065974,9.711070728291402,52.54833504035737,87.2,63.5,65.7,48.7
fish6,13.78,1255,62.75,20.0,20.0,7.3993543653782625,5.617028071736615,6.0,30.375426621160404,20.65076208994412,827,2104,26.132485973951542,9.751972430377533,52.42445840432907,87.2,63.5,65.6,48.7
fish6,13.78,1260,63.0,20.0,20.0,6.650846066002793,6.134010983105982,5.866666666666666,30.299582859309815,20.478738288927307,825,2071,26.177416385434,9.746324647002748,52.42374103243675,87.2,63.5,65.7,48.7
fish6,13.78,1265,63.25,20.0,20.0,6.341363815850835,6.008954038176344,5.466666666666667,28.649981039059533,20.024584521250233,782,1932,26.210984237840442,9.735836377875014,51.58682061571545,87.2,63.5,65.7,48.8
fish6,13.78,1270,63.5,20.0,20.0,6.688222155290271,6.105914659040494,5.466666666666667,31.797497155858924,20.879354888840197,866,1895,26.18969944478731,9.734592922623953,53.24429236741126,87.2,63.5,65.7,48.7
fish6,13.78,1275,63.75,20.0,20.0,6.5534961882561324,5.938269742594953,5.333333333333333,30.868411073189225,20.742306937644788,843,1750,26.20719511349525,9.733336395422617,52.800531508917864,87.2,63.6,65.7,48.7
fish6,13.78,1280,64.0,20.0,20.0,6.589138450131817,6.158073967011945,5.066666666666666,31.96814562002275,21.112850007671746,871,1692,26.105098677100663,9.728202934731375,53.25330161183204,87.1,63.6,65.7,48.7
fish6,13.78,1285,64.25,20.0,20.0,6.659468403093061,6.23439617310825,4.8,32.76450511945392,21.38324608932283,890,1601,26.102429488495247,9.726783646477593,53.629213134972844,87.1,63.6,65.7,48.7
fish6,13.78,1320,66.0,20.0,20.0,6.621004028819175,6.036797790982188,3.7333333333333334,32.25255972696245,21.162326558508934,881,1066,25.918310573832198,9.665517478423649,53.203828052255844,87.0,63.5,65.6,48.7
fish6,13.78,1325,66.25,20.0,20.0,6.815739441431503,5.842062378369859,3.7333333333333334,31.551004929844517,20.73375554336421,859,1058,25.92922194098955,9.663981020090315,52.77320296107987,87.0,63.4,65.7,48.7
fish6,13.78,1330,66.5,20.0,20.0,6.606999695328545,6.0341391070461095,3.6,31.64580963215775,21.028211242852088,862,1032,25.918492600711776,9.665250551340312,52.82374315205209,87.0,63.4,65.6,48.7
fish6,13.78,1335,66.75,20.0,20.0,6.815739441431503,5.842062378369859,3.6,31.26659082290481,20.888607818365852,851,1029,25.983961467808854,9.619107987085975,52.62306945489483,86.9,63.3,65.6,48.7
fish6,13.78,1340,67.0,20.0,20.0,6.621004028819175,5.842062378369859,3.6,31.494122108456573,20.74067390659415,860,919,25.989287054443366,9.60930003457599,52.79858708901935,86.9,63.3,65.6,48.7
fish6,13.78,1345,67.25,20.0,20.0,6.621004028819175,5.842062378369859,3.466666666666667,31.58892681076981,20.965963616628002,863,981,25.996092437065975,9.616933525933161,52.87302596299914,86.9,63.3,65.6,48.7
fish6,13.78,1350,67.5,20.0,20.0,6.621004028819175,5.842062378369859,3.466666666666667,30.944254835039814,20.674089460056372,845,1030,26.075585176425516,9.762571247990927,52.73815642441644,87.0,63.4,65.6,48.7
fish6,13.78,1355,67.75,20.0,20.0,6.426268616206846,5.647326965757531,3.466666666666667,29.92036405005688,20.282830880670275,821,1030,26.061718084189327,9.783811478413472,52.2655295626028,87.0,63.5,65.6,48.7
fish6,13.78,1360,68.0,20.0,20.0,6.621004028819175,5.647326965757531,3.466666666666667,30.754645430413344,20.626583777543864,844,1052,25.935459330919056,9.778651977157592,52.59411130807665,87.2,63.5,65.6,48.7
fish6,13.78,1365,68.25,20.0,20.0,6.815739441431503,5.647326965757531,3.466666666666667,31.304512703830106,20.80866513790531,856,1051,25.931947913935158,9.783359016248914,52.835306930184075,87.2,63.5,65.6,48.7
fish6,13.78,1370,68.5,20.0,20.0,7.0104748540438315,5.647326965757531,3.3333333333333335,31.64580963215775,20.91594280722626,862,1072,25.91564586270179,9.780377260843911,52.9360231235457,87.2,63.5,65.6,48.7
fish6,13.78,1375,68.75,20.0,20.0,7.20521026665616,5.4525915531452025,3.3333333333333335,31.228668941979517,20.87744860261518,854,1082,25.84266863996718,9.761819306596124,52.68448794656331,87.1,63.5,65.6,48.7
fish6,13.78,1380,69.0,20.0,20.0,7.0104748540438315,5.257856140532874,3.8666666666666667,31.13386423966628,20.887306333522037,858,1167,25.83250797156817,9.757125272528334,52.7496332440965,87.1,63.5,65.6,48.7
fish6,13.78,1385,69.25,20.0,20.0,7.0104748540438315,5.647326965757531,3.8666666666666667,32.97307546454304,21.04294975085168,899,1130,25.834947222222226,9.762662393824263,53.57760961604649,87.1,63.5,65.6,48.7
fish6,13.78,1390,69.5,20.0,20.0,7.399945679268489,5.4525915531452025,3.6,34.09177095183921,21.568201538833435,929,1017,25.828684332030498,9.763476195907593,54.17216052793809,87.1,63.5,65.6,48.7
fish6,13.78,1395,69.75,20.0,20.0,6.815739441431503,5.647326965757531,3.8666666666666667,32.02502844141069,20.889994313867092,880,837,25.81936573591822,9.776047810490928,53.19541354640915,87.1,63.5,65.6,48.7
fish6,13.78,1400,70.0,20.0,20.0,7.0104748540438315,5.842062378369859,4.266666666666667,32.84034888130451,21.01169057533017,895,835,26.09582391425239,9.81265591426425,53.80847982851664,87.1,63.4,65.8,48.6
fish6,13.78,1405,70.25,20.0,20.0,7.0104748540438315,5.647326965757531,4.666666666666667,32.40424725066363,20.898135419136366,888,965,26.08800268825955,9.819299798234299,53.66730248649385,87.1,63.4,65.8,48.6
fish6,13.78,1410,70.5,20.0,20.0,7.20521026665616,5.647326965757531,4.8,33.276450511945384,21.14317634096002,909,1033,26.08214331325954,9.81643521490097,54.07857852816051,87.1,63.4,65.8,48.6
fish6,13.78,1415,70.75,20.0,20.0,7.20521026665616,5.842062378369859,5.066666666666666,35.02085703450891,21.521634316407543,953,1148,25.97165282297017,9.853977536349824,54.88563035931999,86.7,63.5,65.8,48.6
fish6,13.78,1420,71.0,20.0,20.0,7.399945679268489,6.815739441431503,5.2,38.90784982935153,22.579904505033653,1055,1216,25.96719541188935,9.877841464900968,56.94503687679032,86.7,63.5,65.8,48.6
fish6,13.78,1430,71.5,20.0,20.0,7.0104748540438315,6.621004028819175,5.466666666666667,37.40993553280242,22.204838180889126,1017,1288,25.96172228308784,9.875745110734304,56.17746739382214,86.7,63.5,65.8,48.6
fish6,13.78,1435,71.75,20.0,20.0,7.399945679268489,6.815739441431503,5.466666666666667,41.82783466059916,23.715153190388552,1143,1541,25.94745146527702,9.871122714900974,58.67857418017799,86.7,63.4,65.8,48.6
fish6,13.78,1440,72.0,20.0,20.0,7.399945679268489,7.0104748540438315,5.6,42.70003792188092,23.81178760432802,1163,1504,25.978966443549258,9.88813441847695,59.12710086202621,87.0,63.4,65.7,48.7
fish6,13.78,1445,72.25,20.0,20.0,7.399945679268489,6.815739441431503,5.6,41.733029958285925,23.709970697426186,1139,1666,25.98480402875359,9.87794236501058,58.64274639376417,87.0,63.4,65.7,48.7
fish6,13.78,1610,80.5,20.0,20.0,7.789416504493146,6.426268616206846,4.133333333333333,36.727341676147134,22.772190254998677,1002,1443,26.213675009475526,9.729765542941621,55.98344055241714,87.3,63.5,65.6,48.6
fish6,13.78,1620,81.0,20.0,20.0,6.426268616206846,6.036797790982188,4.266666666666667,31.854379977246865,21.1416018562988,869,1439,26.19676120756172,9.785576098876529,53.36233730643825,86.9,63.5,65.6,48.6
fish6,13.78,1625,81.25,20.0,20.0,6.426268616206846,5.4525915531452025,4.0,30.053090633295405,20.778671349037477,827,1380,26.19593658824025,9.784632091935475,52.52056868017572,86.9,63.5,65.6,48.6
fish6,13.78,1630,81.5,20.0,20.0,6.621004028819175,5.063120727920545,4.266666666666667,29.256731133864236,20.41528934743527,802,1420,26.201592011157377,9.805178963459863,52.04677097461724,86.9,63.5,65.6,48.6
fish6,13.78,1635,81.75,20.0,20.0,7.208206207509529,4.8248476015703865,4.666666666666667,30.28062191884717,20.804489656769427,828,1641,26.208415082295733,9.78423496957355,52.55265005186928,86.9,63.5,65.6,48.6
fish6,13.78,1640,82.0,20.0,20.0,7.399945679268489,4.478914490083559,4.8,29.65491088357982,20.890832697234927,821,1753,26.248132785297916,9.782991470326321,52.45112425562424,87.2,63.5,65.6,48.7
fish6,13.78,1645,82.25,20.0,20.0,7.20521026665616,4.478914490083559,4.933333333333334,29.71179370496776,20.8915445164017,822,1792,26.241049500566643,9.78541984887653,52.46646934944317,87.2,63.5,65.6,48.7
fish6,13.78,1650,82.5,20.0,20.0,7.20521026665616,4.673649902695888,4.933333333333334,29.484262419415998,20.568999480343663,810,1843,26.051482171630855,9.676653407414754,51.928135579045616,87.2,63.4,65.6,48.7
fish6,13.78,1655,82.75,20.0,20.0,7.399945679268489,4.478914490083559,5.333333333333333,29.389457717102765,20.688501853988363,811,1945,26.0435826008361,9.69917295121087,51.96275555204697,87.2,63.3,65.6,48.7
fish6,13.78,1660,83.0,20.0,20.0,6.621004028819175,4.673649902695888,5.2,28.11907470610542,20.331805167557675,779,1893,26.004802445305714,9.738209427727593,51.32301187303331,87.1,63.3,65.6,48.7
fish6,13.78,1665,83.25,20.0,20.0,6.815739441431503,4.673649902695888,5.2,28.460371634433063,20.55512189676826,784,1926,26.00510211520725,9.738993905374736,51.424096020581985,87.1,63.4,65.5,48.7
fish6,13.78,1670,83.5,20.0,20.0,7.0104748540438315,5.063120727920545,5.333333333333333,31.72165339400834,21.254869480542055,876,2017,26.002788397725418,9.73818009049098,53.26096848821639,87.1,63.4,65.5,48.7
fish6,13.78,1675,83.75,20.0,20.0,7.20521026665616,5.063120727920545,5.466666666666667,31.3424345847554,20.982618369774524,864,2092,25.934502766927082,9.749869553248088,52.96437232017517,87.1,63.5,65.5,48.7
fish6,13.78,1680,84.0,20.0,20.0,7.20521026665616,4.673649902695888,5.6,30.432309442548345,20.828655804892104,839,2189,25.847167532009546,9.748128032419416,52.37529556442897,87.0,63.5,65.5,48.7
fish6,13.78,1685,84.25,20.0,20.0,7.20521026665616,5.063120727920545,5.466666666666667,31.53204398938187,20.819317493280703,866,2282,25.885197129313156,9.753886486646865,52.95908361596002,87.0,63.5,65.5,48.8
fish6,13.78,1690,84.5,20.0,20.0,6.815739441431503,5.257856140532874,5.2,31.51308304891922,20.921823492578795,867,2268,25.898009573854043,9.751646884112889,52.98965645796693,87.0,63.5,65.5,48.8
fish6,13.78,1695,84.75,20.0,20.0,6.815739441431503,5.063120727920545,5.333333333333333,30.583996966249522,20.684214990784117,839,2304,25.947176295979823,9.744524519856771,52.4717008158366,87.0,63.5,65.5,48.8
fish6,13.78,1700,85.0,20.0,20.0,7.0104748540438315,4.673649902695888,5.333333333333333,28.877512324611295,20.179100816119444,795,2306,26.201835347323954,9.79674147363239,51.89857682095634,87.0,63.5,65.6,48.9
fish6,13.78,1705,85.25,20.0,20.0,7.399945679268489,4.673649902695888,5.466666666666667,30.28062191884717,20.819956883924487,833,2355,26.189218179660372,9.795019456481935,52.64423763614231,87.0,63.5,65.6,48.9
fish6,13.78,1710,85.5,20.0,20.0,7.20521026665616,5.063120727920545,5.733333333333333,31.171786120591577,20.812677051293456,852,2385,26.184860445300448,9.801829348712497,53.026689794012945,87.0,63.6,65.6,48.9
fish6,13.78,2205,110.25,20.0,20.0,51.42206435025681,10.910861502492525,16.4,403.0527114144861,112.84963180853666,3161,3523,25.94938771699505,9.733808470153809,98.90319618714886,86.8,63.5,65.8,48.6
fish6,13.78,2210,110.5,20.0,20.0,51.809057005710365,10.910861502492525,15.2,404.1524459613196,113.1396248895807,3448,3052,25.947734130181207,9.74088528374566,104.64861941392687,86.8,63.5,65.9,48.6
fish6,13.78,2215,110.75,20.0,20.0,10.747967897154881,9.019650995961578,14.933333333333334,81.03905953735304,33.70105525973564,2165,2839,25.972682080002773,9.727063659498425,78.99974573950121,86.8,63.5,65.8,48.6
fish6,13.78,2225,111.25,20.0,20.0,8.012125669824371,7.402507791840587,6.266666666666667,46.890405764125894,25.477164977974287,1267,2464,25.78135413343641,9.731796727455986,60.8531508608924,86.5,63.5,65.7,48.7
fish6,13.78,2230,111.5,20.0,20.0,6.879977227038797,6.531624260027583,6.266666666666667,35.68448995070155,22.1425832653842,967,2397,25.807200425870914,9.744905477640362,54.89210590351128,86.5,63.5,65.6,48.7
fish6,13.78,2240,112.0,20.0,20.0,7.160334296670539,6.196442884206819,6.8,33.56086461888509,21.379370304415072,918,3323,25.909457347709747,9.783671742078996,54.05312908978874,86.8,63.5,65.6,48.7
fish6,13.78,2245,112.25,20.0,20.0,6.792032657287303,5.8119744556364115,7.466666666666667,31.58892681076981,20.50901201867934,863,3903,25.97559026300878,9.781676332590312,53.0172665955991,86.8,63.5,65.5,48.8
fish6,13.78,2250,112.5,20.0,20.0,6.798353624488224,6.292093848804049,8.0,34.47098976109214,21.471195232285552,936,4309,25.881510399712454,9.785982808388605,54.387493208101056,87.1,63.5,65.6,48.9
fish6,13.78,2255,112.75,20.0,20.0,6.958623460152152,6.46597801821945,8.0,34.58475540386802,21.60475463581421,943,4345,25.90262584995223,9.767584384112887,54.530210234065116,87.1,63.4,65.6,48.9
fish6,13.78,2260,113.0,20.0,20.0,6.815739441431503,6.231533203594517,8.133333333333333,33.86423966628744,21.43348360393678,926,4366,25.817426166280114,9.77476867547565,54.112194841755766,87.1,63.4,65.6,48.9
fish6,13.78,2265,113.25,20.0,20.0,7.399945679268489,5.647326965757531,7.866666666666666,35.3811149032992,21.79159798584784,968,4256,25.788463395785108,9.761292112975655,54.90975550876076,87.1,63.4,65.6,48.9
fish6,13.78,2270,113.5,20.0,20.0,6.815739441431503,5.647326965757531,8.133333333333333,35.077739855896844,21.887876246454088,965,4213,25.78628023272857,9.759436632272932,54.845716865001506,87.1,63.4,65.6,48.9
fish6,13.78,2275,113.75,20.0,20.0,7.20521026665616,6.231533203594517,7.866666666666666,39.78005309063329,23.76218961964348,1087,3901,25.81352845366678,9.807154751926,57.360683205592785,87.1,63.5,65.6,48.9
fish6,13.78,2970,148.5,20.0,20.0,7.202773696857239,6.290492992731892,5.733333333333333,31.15282518012893,21.671221061002353,845,1662,25.9660887509758,9.697518960910374,52.56360771188617,86.9,63.7,65.4,48.7
fish6,13.78,2975,148.75,20.0,20.0,7.067677787213387,6.4170438223766615,5.733333333333333,34.22449753507773,22.226629834171366,927,1647,25.97354095767928,9.697580853260886,54.21112181094016,86.9,63.7,65.4,48.7
fish6,13.78,2980,149.0,20.0,20.0,6.958523917361586,6.425562902393134,5.733333333333333,34.18657565415244,22.193233808293332,927,1625,25.96582838946684,9.703921999094224,54.20975038856106,86.8,63.6,65.4,48.7
fish6,13.78,2985,149.25,20.0,20.0,7.082895205606954,6.136803752666666,5.6,32.51801289343951,21.78247744730507,881,1560,25.95062433418933,9.70621692568461,53.27684125987395,86.8,63.6,65.4,48.7
fish6,13.78,2990,149.5,20.0,20.0,6.906838180501967,5.96664018076282,5.466666666666667,30.261660978384523,20.982869316035252,823,1478,25.956375151740176,9.706200606441499,52.122575758181675,86.8,63.6,65.4,48.7
fish6,13.78,2995,149.75,20.0,20.0,7.0104748540438315,6.111696683744732,5.2,31.70269245354569,21.29756897341194,860,1428,25.95895759480795,9.707147886657715,52.86610548146567,86.8,63.6,65.4,48.7
fish6,13.78,3000,150.0,20.0,20.0,6.884936538007577,6.058744004875339,4.8,31.437239287068632,20.928131181217168,855,1411,25.702420111083992,9.53031899511549,52.33273910619948,86.9,63.6,65.6,48.6
fish6,13.78,3005,150.25,20.0,20.0,6.467585560001421,6.115185138554407,4.8,29.996207811907464,20.441908826059944,813,1399,25.662315921284232,9.534036443032159,51.45635236431639,86.9,63.6,65.5,48.6
fish6,13.78,3010,150.5,20.0,20.0,6.673774336381972,5.957813929523221,4.666666666666667,30.185817216533934,20.515632426751417,818,1390,25.64361786265432,9.535501286782159,51.53911914943648,86.9,63.6,65.5,48.6
fish6,13.78,3015,150.75,20.0,20.0,6.427359872619838,5.60684573568972,4.533333333333333,27.512324611300716,19.63726013387569,750,1380,25.625957355847774,9.544869776365488,50.17082713221326,86.9,63.6,65.5,48.6
fish6,13.78,3020,151.0,20.0,20.0,6.6951344363814185,5.550812801737635,4.4,27.493363670838068,19.919767402069315,747,1330,25.696934022955247,9.548030584451887,50.18496460740713,86.5,63.7,65.6,48.6
fish6,13.78,3025,151.25,20.0,20.0,6.621004028819175,5.4525915531452025,4.266666666666667,26.18505877891543,19.36773618914129,716,1379,25.70004599064956,9.543776027933758,49.563822018583316,86.5,63.7,65.6,48.6
fish6,13.78,3030,151.5,20.0,20.0,6.815739441431503,5.257856140532874,4.533333333333333,26.393629124004548,19.41680902060564,722,1408,25.686686615649556,9.543756493462457,49.670443109112014,86.5,63.7,65.6,48.6
fish6,13.78,3035,151.75,20.0,20.0,6.815739441431503,5.257856140532874,4.533333333333333,26.35570724307925,19.550748627451433,720,1396,25.685432217444895,9.547903627141318,49.63333584458621,86.5,63.7,65.6,48.6
fish6,13.78,3040,152.0,20.0,20.0,6.815739441431503,5.4525915531452025,4.4,27.189988623435717,19.912897788806774,741,1438,25.78653036564957,9.51861977297465,50.12515013862422,86.8,63.7,65.6,48.6
fish6,13.78,3045,152.25,20.0,20.0,6.815739441431503,5.257856140532874,4.4,27.246871444823658,19.925954028288658,745,1499,25.787337680223253,9.518968081145816,50.206305761369066,86.8,63.7,65.6,48.6
fish6,13.78,3050,152.5,20.0,20.0,6.815739441431503,5.4525915531452025,4.4,27.68297307546454,19.745758966665598,753,1555,25.688067622714573,9.640973207590317,50.38904083030489,87.0,63.7,65.6,48.8
fish6,13.78,3055,152.75,20.0,20.0,6.6721965088658415,5.576280527561209,4.266666666666667,27.66401213500189,19.74225066365491,752,1545,25.656618116421164,9.648662009673652,50.34528012609481,87.0,63.7,65.6,48.8
fish6,13.78,3060,153.0,20.0,20.0,6.618712316066225,5.660740728214581,4.266666666666667,27.85362153962836,19.73850202330497,759,1605,25.628783983696838,9.704212149895564,50.5129961335924,86.9,63.6,65.6,48.8
fish6,13.78,3065,153.25,20.0,20.0,6.527558605603956,5.727008369607105,4.266666666666667,27.758816837315127,19.61756633097606,755,1608,25.612924468315974,9.711321524895562,50.424245993211535,87.0,63.6,65.6,48.8
fish6,13.78,3070,153.5,20.0,20.0,6.6187130589228715,5.834917583148511,4.533333333333333,28.06219188471748,20.025935847132143,764,1669,25.64657898220485,9.706360587395562,50.63293956960041,87.0,63.6,65.6,48.8
fish6,13.78,3075,153.75,20.0,20.0,6.444535461132296,5.834917583148511,4.533333333333333,28.61205915813424,19.88137023310762,783,1704,25.64355814887153,9.707005118645561,51.010563267517085,87.0,63.6,65.6,48.8
fish6,13.78,3080,154.0,20.0,20.0,6.700087061640384,6.001061557740783,4.8,29.806598407280998,20.419839321177825,812,1717,25.535867192849995,9.68646475791931,51.462331950769304,86.9,63.7,65.6,48.8
fish6,13.78,3085,154.25,20.0,20.0,6.679369532639739,6.178416724834678,5.066666666666666,31.873340917709513,20.95328224118111,867,1754,25.557772517432696,9.692327390024397,52.59009990745709,86.9,63.7,65.6,48.8
fish6,13.78,3095,154.75,20.0,20.0,6.808369560646412,6.387898584727003,5.2,32.366325369738334,21.39991639603038,881,1743,25.56116666393515,9.68799470960829,52.86916137354345,86.9,63.7,65.6,48.9
fish6,13.78,3100,155.0,20.0,20.0,6.883877224430363,6.521567466753865,5.333333333333333,32.49905195297686,21.85415888864811,885,1749,25.663665544957297,9.786318042235902,53.149983587193205,86.9,63.7,65.5,49.0
fish6,13.78,3105,155.25,20.0,20.0,7.077715266214309,6.416760793994531,5.333333333333333,32.76450511945392,21.843258419152956,889,1749,25.672090084876544,9.783472990152571,53.23556307502912,86.9,63.7,65.5,49.0
fish6,13.78,3110,155.5,20.0,20.0,7.0104748540438315,6.621004028819175,5.333333333333333,33.8073568448995,22.039302768389827,919,1749,25.664525016709312,9.778336264027487,53.8228612807368,86.9,63.7,65.5,49.0
fish6,13.78,3115,155.75,20.0,20.0,7.370998784343316,6.655792748408591,5.333333333333333,34.67956010618126,22.595048009190943,942,1749,25.66022802039253,9.773531576527493,54.27375959692003,86.9,63.7,65.5,49.0
fish6,13.78,3135,156.75,20.0,20.0,7.629594611386764,7.180794797271664,5.333333333333333,40.178232840348876,24.083773120630333,1088,1725,25.50878728703628,9.773746420277488,57.042533707313765,86.9,63.6,65.5,49.0
fish6,13.78,3140,157.0,20.0,20.0,8.091574930972065,6.424950788516819,5.333333333333333,37.82707622298065,23.698859465571992,1024,1689,25.665818371412485,9.676676107777489,55.82249447918997,86.7,63.4,65.5,48.9
fish6,13.78,3145,157.25,20.0,20.0,8.069140660262486,6.374429108021502,5.333333333333333,37.125521425862715,23.452414475044563,1004,1665,25.671347635886107,9.683375326527491,55.4347229624136,86.7,63.4,65.5,48.9
fish6,13.78,3230,161.5,20.0,20.0,7.704394332787065,6.831728687880278,4.533333333333333,37.03071672354948,23.32440544101794,1002,1363,25.47333196004232,9.77330395625432,55.28663591629664,86.3,63.5,65.7,48.9
fish6,13.78,3235,161.75,20.0,20.0,7.704394332787065,6.831728687880278,4.666666666666667,37.78915434205536,23.449117027249994,1023,1390,25.46679130978055,9.783613202879163,55.710404512659714,86.3,63.5,65.6,48.9
fish6,13.78,3250,162.5,20.0,20.0,7.20521026665616,6.426268616206846,5.466666666666667,34.75540386803185,22.125124810989504,948,1523,25.901044300201793,9.728811749256984,54.58985604945878,86.7,63.4,65.6,48.9
fish6,13.78,3255,162.75,20.0,20.0,7.20521026665616,6.426268616206846,5.466666666666667,34.85020857034508,22.159816216358294,951,1499,25.905011268427334,9.728831280506983,54.65384254893432,86.7,63.4,65.6,48.9
fish6,13.78,3260,163.0,20.0,20.0,7.20521026665616,6.036797790982188,5.466666666666667,33.33333333333333,21.541849465387052,908,1549,25.77713372124566,9.672343667941623,53.60947738918729,86.6,63.4,65.6,48.9
fish6,13.78,3265,163.25,20.0,20.0,7.20521026665616,6.036797790982188,5.466666666666667,33.1626848691695,21.450490865776104,903,1549,25.763518258535125,9.668854084608288,53.492372343143415,86.6,63.4,65.6,48.9
fish6,13.78,3270,163.5,20.0,20.0,7.20521026665616,6.231533203594517,5.466666666666667,34.33826317785361,21.661221305190487,931,1549,25.74495490180122,9.666227133337657,54.03118203513888,86.6,63.4,65.6,48.9
fish6,13.78,3275,163.75,20.0,20.0,7.080131778883787,6.245210680160901,5.466666666666667,33.8452787258248,21.46734242950528,915,1549,25.745467273099926,9.666142497920992,53.71160977102092,86.6,63.4,65.6,48.9
fish6,13.78,3280,164.0,20.0,20.0,7.14956956101317,6.2558736444577665,5.6,34.18657565415244,21.531436077708978,927,1560,25.679160753019364,9.744846939076316,53.96400769209568,86.4,63.5,65.6,48.9
fish6,13.78,3285,164.25,20.0,20.0,7.1254163200247165,6.2558736444577665,5.6,34.015927189988616,21.48237749980652,924,1552,25.686061901685928,9.743792251576318,53.909854153262245,86.4,63.5,65.6,48.9
fish6,13.78,3290,164.5,20.0,20.0,6.967066025934085,6.357447405093653,5.466666666666667,34.22449753507773,21.45059623534849,929,1537,25.687146885831858,9.74752595960829,54.014672845440145,86.4,63.5,65.7,48.9
fish6,13.78,3295,164.75,20.0,20.0,7.20521026665616,5.4525915531452025,5.466666666666667,33.276450511945384,21.21778045891972,912,1537,25.674282280797133,9.746077411132392,53.66035969192953,86.4,63.5,65.6,48.9
fish6,13.78,3300,165.0,20.0,20.0,7.399945679268489,5.842062378369859,5.866666666666666,33.44709897610921,21.262177332797204,909,1613,25.602515905234252,9.641393135537044,53.4239090407713,86.6,63.5,65.7,49.0
fish6,13.78,3305,165.25,20.0,20.0,7.20521026665616,5.063120727920545,5.866666666666666,30.659840728100107,20.6225605123776,843,1613,25.59073665093317,9.639231681145562,52.08996833207873,86.6,63.5,65.7,49.0
fish6,13.78,3310,165.5,20.0,20.0,7.0104748540438315,5.063120727920545,5.866666666666666,30.14789533560864,20.42912623639503,832,1613,25.60335382891996,9.635273347812229,51.87862717673219,86.6,63.5,65.7,49.0
fish6,13.78,3315,165.75,20.0,20.0,7.20521026665616,5.4525915531452025,5.866666666666666,31.89230185817216,20.789224416979273,870,1613,25.586300455051003,9.634898996893565,52.62119945194458,86.6,63.5,65.7,49.0
fish6,13.78,3320,166.0,20.0,20.0,7.20521026665616,5.4525915531452025,5.866666666666666,31.89230185817216,20.789224416979273,870,1613,25.549750942484533,9.609296781370372,52.5590477238549,86.6,63.6,65.7,49.0
fish6,13.78,3325,166.25,20.0,20.0,7.0104748540438315,5.063120727920545,5.866666666666666,30.128934395145993,20.385916261723715,831,1613,25.55462119003107,9.610917875120371,51.78553906515144,86.6,63.6,65.7,49.0
fish6,13.78,3330,166.5,20.0,20.0,7.0104748540438315,5.063120727920545,5.866666666666666,29.65491088357982,20.295989262940985,816,1613,25.559842572624298,9.610898343870375,51.49074091649467,86.6,63.6,65.7,49.0
fish6,13.78,3335,166.75,20.0,20.0,7.0104748540438315,4.868385315308217,5.866666666666666,29.029199848312473,20.21041426660465,802,1613,25.554104668209874,9.610442614703707,51.20454728291358,86.6,63.6,65.7,49.0
fish6,13.78,3340,167.0,20.0,20.0,7.20521026665616,5.063120727920545,5.866666666666666,30.508153204398933,20.64290257377223,836,1613,25.47925619527558,9.585270086659321,51.7845262819349,86.4,63.5,65.7,49.0
fish6,13.78,3345,167.25,20.0,20.0,7.20521026665616,5.063120727920545,5.866666666666666,30.072051573758053,20.52609635189569,825,1613,25.463392491018034,9.585029201242653,51.54842169226069,86.4,63.5,65.7,49.0
fish6,13.78,3350,167.5,20.0,20.0,7.399945679268489,5.4525915531452025,5.466666666666667,33.31437239287068,21.35208903337588,911,1562,25.417999093797476,9.661422355132636,53.29942144893011,86.4,63.5,65.6,48.9
fish6,13.78,3355,167.75,20.0,20.0,7.399945679268489,5.4525915531452025,5.466666666666667,33.31437239287068,21.35208903337588,911,1562,25.418311593797473,9.658141099707288,53.29645269350476,86.4,63.5,65.6,48.9
fish6,13.78,3360,168.0,20.0,20.0,7.399945679268489,5.4525915531452025,5.466666666666667,33.31437239287068,21.35208903337588,911,1562,25.5753298309703,9.710322089290617,53.50565192026092,86.7,63.6,65.6,48.9
fish6,13.78,3365,168.25,20.0,20.0,7.399945679268489,5.4525915531452025,5.6,33.31437239287068,21.35208903337588,911,1583,25.579444414303637,9.70677717552185,53.506221589825486,86.7,63.6,65.6,48.9
fish6,13.78,3370,168.5,20.0,20.0,7.399945679268489,5.4525915531452025,5.733333333333333,33.31437239287068,21.35208903337588,911,1592,25.578328958224073,9.69873357890447,53.49706253712854,86.7,63.6,65.6,48.9
fish6,13.78,3375,168.75,20.0,20.0,7.399945679268489,5.4525915531452025,5.866666666666666,33.31437239287068,21.387393202620547,912,1620,25.577078954908583,9.705432797654469,53.522511752563055,86.7,63.6,65.6,48.9
fish6,13.78,3380,169.0,20.0,20.0,7.594681091880817,5.4525915531452025,6.0,33.86423966628744,21.56843558510547,925,1673,25.390203940139585,9.65567043033176,53.545874370471346,86.6,63.6,65.6,48.9
fish6,13.78,3385,169.25,20.0,20.0,7.594681091880817,5.4525915531452025,5.866666666666666,33.71255214258627,21.52294717624375,920,1664,25.378953931850855,9.653294123289319,53.43224805514018,86.6,63.6,65.6,48.9
fish6,13.78,3390,169.5,20.0,20.0,7.594681091880817,5.4525915531452025,5.866666666666666,33.73151308304892,21.530968867307177,921,1659,25.398728241626127,9.657379417154521,53.47610765878065,86.6,63.6,65.6,48.9
fish6,13.78,3395,169.75,20.0,20.0,7.594681091880817,5.4525915531452025,5.733333333333333,33.71255214258627,21.51659928048941,920,1613,25.39054680718316,9.657688659498426,53.448235466681595,86.6,63.6,65.6,48.9
fish6,13.78,3400,170.0,20.0,20.0,7.20521026665616,5.4525915531452025,7.333333333333333,31.45620022753128,20.797201675929557,863,1858,25.791542986759143,9.680722273720631,52.73226526047978,87.0,63.6,65.6,48.9
fish6,13.78,3405,170.25,20.0,20.0,7.20521026665616,5.4525915531452025,7.333333333333333,31.3424345847554,20.776743775326693,859,1858,25.781560473331414,9.682229431141748,52.64378990447316,87.0,63.6,65.6,48.9
fish6,13.78,3410,170.5,20.0,20.0,7.20521026665616,5.257856140532874,7.2,30.602957906712167,20.653188840106754,840,1831,25.788157695553632,9.683173441558413,52.27133113711204,87.0,63.6,65.6,48.9
fish6,13.78,3415,170.75,20.0,20.0,7.399945679268489,5.257856140532874,7.2,31.551004929844517,20.900627378183955,864,1872,25.78889551798502,9.684735933420395,52.75363145140541,87.0,63.6,65.6,48.9
fish6,13.78,3420,171.0,20.0,20.0,7.399945679268489,5.257856140532874,7.066666666666666,31.70269245354569,20.913375262514936,869,1807,25.691343308437027,9.66185181883706,52.73319512727409,86.6,63.6,65.6,48.9
fish6,13.78,3425,171.25,20.0,20.0,7.399945679268489,5.257856140532874,7.066666666666666,32.19567690557451,21.019820444892673,882,1797,25.679277310519748,9.661191047498916,52.98046835801866,86.7,63.6,65.6,48.9
fish6,13.78,3430,171.5,20.0,20.0,7.399945679268489,5.257856140532874,7.066666666666666,32.46113007205157,21.076983542374585,890,1813,25.682784406873907,9.661744432915581,53.14452883978949,86.7,63.6,65.6,48.9
fish6,13.78,3435,171.75,20.0,20.0,7.594681091880817,5.4525915531452025,7.066666666666666,33.56086461888509,21.420836562395497,918,1813,25.685592478641464,9.664517870415583,53.71011034905705,86.7,63.6,65.6,48.9
fish6,13.78,3440,172.0,20.0,20.0,7.594681091880817,5.4525915531452025,6.933333333333334,33.788395904436854,21.51253724749193,925,1823,25.77749362067705,9.684101203748915,53.961594824425966,86.9,63.6,65.6,48.9
fish6,13.78,3445,172.25,20.0,20.0,7.399945679268489,5.4525915531452025,6.933333333333334,33.21956769055745,21.31439133358922,907,1846,25.779416250648033,9.680562811523016,53.59997906217105,86.9,63.6,65.6,48.9
fish6,13.78,3450,172.5,20.0,20.0,7.415152697669013,5.998245016767426,8.8,35.30527114144861,21.99628637751761,956,2228,25.715633321804468,9.61810214401881,54.453735465823286,87.1,63.6,65.4,48.9
fish6,13.78,3455,172.75,20.0,20.0,7.498586641865919,5.880350695618642,8.8,34.07281001137656,21.63560714375057,929,2228,25.700320811330528,9.628691341781616,53.909012153112144,87.1,63.6,65.4,48.9
fish6,13.78,3460,173.0,20.0,20.0,7.384626489514417,5.880350695618642,8.8,34.30034129692832,21.688015633698217,932,2241,25.638497925633555,9.616627549235025,53.89512547486858,87.0,63.5,65.4,48.9
fish6,13.78,3465,173.25,20.0,20.0,7.658131449443339,5.948726564172548,8.8,35.3431930223739,22.049062256505252,957,2255,25.6414449272815,9.624186142985025,54.40563107026652,87.0,63.5,65.4,48.9
fish6,13.78,3470,173.5,20.0,20.0,7.636010664238375,5.973331462001778,8.8,35.72241183162684,22.165824696268214,969,2277,25.638215760614845,9.626705674235025,54.64492143484986,87.0,63.5,65.4,48.8
fish6,13.78,3475,173.75,20.0,20.0,7.697591994479528,5.911750874617272,8.8,35.589685248388314,22.192227098252364,965,2303,25.659543841307833,9.625240830485025,54.58478467179286,87.0,63.5,65.4,48.8
fish6,13.78,3480,174.0,20.0,20.0,7.697591994479528,5.911750874617272,8.8,35.589685248388314,22.192227098252364,965,2293,25.668389327418943,9.647216740406884,54.61560606782582,87.0,63.6,65.4,48.8
fish6,13.78,3485,174.25,20.0,20.0,7.697591994479528,5.911750874617272,8.8,35.3431930223739,22.138008522015355,960,2294,25.649591634039226,9.655917904281615,54.50550953832084,86.9,63.6,65.4,48.9
fish6,13.78,3490,174.5,20.0,20.0,7.636011407095021,5.911750874617272,8.8,34.64163822525597,21.985009395774274,941,2286,25.643280870150342,9.661767511992986,54.125048382143326,86.9,63.6,65.4,48.9
fish6,13.78,3495,174.75,20.0,20.0,7.636011407095021,5.7885896998482576,8.8,34.907091391733026,22.0135971195111,945,2273,25.642408578359348,9.661122980742983,54.20353155910233,86.9,63.6,65.4,48.9
fish6,13.78,3500,175.0,20.0,20.0,7.399945679268489,4.868385315308217,9.466666666666667,31.494122108456573,21.15871258414035,867,2508,25.52316202345482,9.686529751925997,52.54969177538082,87.0,63.6,65.4,49.0
fish6,13.78,3505,175.25,20.0,20.0,7.399945679268489,4.868385315308217,9.6,31.475161167993928,21.156435171377836,866,2539,25.534433611759134,9.696213969919416,52.550647581678554,87.0,63.6,65.4,49.1
fish6,13.78,3510,175.5,20.0,20.0,7.399945679268489,4.868385315308217,9.6,31.72165339400834,21.349890665203358,873,2557,25.518526606788154,9.679195708963608,52.65772231575176,87.0,63.6,65.4,49.0
fish6,13.78,3515,175.75,20.0,20.0,7.399945679268489,5.257856140532874,9.733333333333333,33.522942737959795,21.651293768973172,920,2587,25.520896447735076,9.678977505832249,53.599873953567325,87.0,63.6,65.4,49.0
fish6,13.78,3520,176.0,20.0,20.0,7.594681091880817,5.257856140532874,9.866666666666667,34.86916951080773,22.04031725521131,955,2609,25.524290520392523,9.585325113762751,54.20961563415528,86.9,63.6,65.4,49.0
fish6,13.78,3525,176.25,20.0,20.0,7.399945679268489,5.4525915531452025,10.0,34.793325748957145,21.97866331073301,951,2642,25.5213173680435,9.589150004058416,54.13046737210192,86.9,63.6,65.4,49.0
fish6,13.78,3530,176.5,20.0,20.0,7.399945679268489,5.4525915531452025,10.133333333333333,34.926052332195674,22.112369521306334,955,2719,25.50814896526572,9.583183242755467,54.19133220802119,86.9,63.6,65.5,49.0
fish6,13.78,3535,176.75,20.0,20.0,7.399945679268489,5.4525915531452025,10.133333333333333,34.47098976109214,21.892292761357336,940,2769,25.498378962293085,9.58769825785955,53.88607722015263,86.9,63.6,65.5,49.0
fish6,13.78,3540,177.0,20.0,20.0,7.399945679268489,5.4525915531452025,10.4,33.73151308304892,21.65287879291306,921,2849,25.510540292527942,9.60680957501729,53.53734986754523,86.8,63.4,65.4,49.1
fish6,13.78,3545,177.25,20.0,20.0,7.399945679268489,5.4525915531452025,10.533333333333333,34.015927189988616,21.77463587576403,929,2842,25.50820089578511,9.606705430094403,53.694906325879515,86.8,63.4,65.4,49.0
fish6,13.78,3550,177.5,20.0,20.0,7.20521026665616,5.647326965757531,6.666666666666667,31.361395525218047,21.00904154853049,858,2222,25.70952178548177,9.628050067382386,52.497571852864155,86.9,63.5,65.6,48.9
fish6,13.78,3555,177.75,20.0,20.0,6.815739441431503,6.231533203594517,6.933333333333334,33.06788016685627,21.479613724869303,899,2274,25.71663122076341,9.628762956364948,53.32539417712836,86.9,63.5,65.6,48.9
fish6,13.78,3560,178.0,20.0,20.0,6.815739441431503,6.231533203594517,6.933333333333334,32.42320819112627,21.334613261135623,882,2268,25.73981252936846,9.640351498031615,53.02016402740008,87.2,63.7,65.6,48.9
fish6,13.78,3580,179.0,20.0,20.0,6.815739441431503,6.231533203594517,6.933333333333334,31.551004929844517,21.257913451720444,856,2333,25.66314160759067,9.614033133602142,52.39717474119281,87.0,63.7,65.6,48.9
fish6,13.78,3585,179.25,20.0,20.0,6.815739441431503,6.231533203594517,6.933333333333334,32.08191126279863,21.387693943490834,873,2362,25.65647492577823,9.614300060685478,52.73077498646371,87.0,63.7,65.6,48.9
fish6,13.78,3590,179.5,20.0,20.0,7.0104748540438315,6.231533203594517,6.933333333333334,33.01099734546833,21.86974065501228,898,2362,25.668666773647736,9.613010994709864,53.2416777683576,87.0,63.7,65.6,48.9
fish6,13.78,3595,179.75,20.0,20.0,7.594681091880817,6.231533203594517,6.933333333333334,33.99696624952597,22.38050543839766,922,2411,25.658371679517963,9.61021477249993,53.7085864520179,87.0,63.7,65.6,48.9
fish6,13.78,3600,180.0,20.0,20.0,7.20260952553847,6.843534908555356,8.533333333333333,35.89306029579067,22.90704673265981,973,2788,25.623853472222226,9.655074743896057,54.73892821611828,86.9,63.5,65.6,49.0
fish6,13.78,3605,180.25,20.0,20.0,7.298032433145374,6.884936538007577,8.533333333333333,35.74137277208949,23.031291874560978,969,2815,25.48502960564884,9.655374223062728,54.520403828711565,87.0,63.5,65.6,49.0
fish6,13.78,3610,180.5,20.0,20.0,7.160333553813893,6.7472369158194505,8.533333333333333,34.71748198710655,22.739252130600097,943,2898,25.467373385940366,9.651106642617119,53.978480028557485,87.0,63.5,65.6,48.9
fish6,13.78,3615,180.75,20.0,20.0,7.205728037738431,6.831728687880278,8.533333333333333,34.39514599924156,22.586467689929716,931,2954,25.46194802364774,9.646461453236475,53.72840947688421,87.0,63.5,65.6,48.9
fish6,13.78,3620,181.0,20.0,20.0,7.680957948462014,6.110950484243813,8.533333333333333,32.70762229806598,22.12188971672466,889,2996,25.368823038718137,9.660660681396061,52.8094837201142,86.7,63.6,65.6,48.9
fish6,13.78,3625,181.25,20.0,20.0,7.698764965123582,6.128905329377938,8.533333333333333,34.167614713689794,22.44691847076437,927,3044,25.368059025046264,9.657685420979394,53.565744446025654,86.7,63.6,65.6,48.9
fish6,13.78,3630,181.5,20.0,20.0,7.594681091880817,6.231533203594517,8.266666666666666,34.35722411831626,22.52655511750102,932,3045,25.372486124504935,9.65438789261712,53.666874017122055,86.7,63.6,65.6,48.9
fish6,13.78,3635,181.75,20.0,20.0,7.738669738434087,6.25152273308207,8.266666666666666,34.60371634433067,22.557458139689306,938,3146,25.385771800778233,9.651887892617117,53.797659693395346,86.7,63.6,65.6,49.0
fish6,13.78,3640,182.0,20.0,20.0,7.870805364343579,6.150410286423356,8.266666666666666,34.7364429275692,22.729111232025488,946,3225,25.376809025046267,9.620585809283785,53.917394834330054,86.7,63.6,65.6,49.0
fish6,13.78,3645,182.25,20.0,20.0,7.870805364343579,6.128905329377938,8.4,34.67956010618126,22.727772975777697,944,3345,25.542889856333787,9.628102087646061,54.05099194397985,86.9,63.6,65.6,49.0
fish6,13.78,3650,182.5,20.0,20.0,7.848827207614651,6.609538779344616,6.4,37.011755783086834,24.05687072969488,1004,3099,25.559027024257336,9.541956323740214,55.180983347997554,87.0,63.7,65.6,48.9
fish6,13.78,3655,182.75,20.0,20.0,7.298032433145374,6.7472369158194505,6.4,35.058778915434196,23.321557328637127,956,3159,25.55437850159068,9.536738229327733,54.21111673091842,87.0,63.7,65.6,49.0
fish6,13.78,3660,183.0,20.0,20.0,8.386922847720342,5.548272232008272,6.4,32.233598786499805,22.472048312885356,878,3241,25.45529852549235,9.586389929188618,52.60168845468097,87.0,63.6,65.6,48.9
fish6,13.78,3885,194.25,20.0,20.0,10.32097686845342,6.621004028819175,6.8,55.27114144861584,27.81685893454621,1498,2569,25.458297872585714,9.65737288656235,65.07567075914807,86.8,63.6,65.5,48.6
fish6,13.78,3890,194.5,20.0,20.0,10.026091008538963,6.826549491344278,6.933333333333334,53.204398938187325,27.221443036349434,1440,2702,25.46369287469181,9.658323407395681,63.92201628208748,86.8,63.6,65.5,48.6
fish6,13.78,3895,194.75,20.0,20.0,9.681367639100166,6.535226371904098,6.0,49.317406143344705,26.310521759886292,1332,2482,25.438788270832585,9.660152834479016,61.7389411053116,86.8,63.6,65.5,48.6
fish6,13.78,3900,195.0,20.0,20.0,7.811165861375104,6.550054533415157,5.466666666666667,43.420553659461504,24.324156772354627,1174,2516,25.46047509645062,9.663538008530937,58.60401310498156,86.8,63.6,65.7,48.8
fish6,13.78,3905,195.25,20.0,20.0,7.68248080458634,6.073921309010022,5.466666666666667,40.76602199469093,23.65206121472919,1106,2541,25.531095899775,9.664781498114268,57.31587739788927,86.9,63.6,65.7,48.8
fish6,13.78,3910,195.5,20.0,20.0,7.984151917105475,5.842062378369859,5.466666666666667,40.51952976867652,23.921075304447456,1105,2654,25.531143681203584,9.659218309020993,57.290361990224575,86.9,63.6,65.7,48.8
fish6,13.78,3915,195.75,20.0,20.0,8.178887329717803,6.036797790982188,5.866666666666666,42.33978005309063,24.312908065592378,1152,2897,25.535084678819445,9.655897996520993,58.230982675340435,86.9,63.6,65.7,48.8
fish6,13.78,3920,196.0,20.0,20.0,8.178887329717803,5.842062378369859,6.0,41.69510807736063,24.321825502485275,1141,3103,25.52157770898136,9.64581336110433,57.98739107008569,86.9,63.6,65.7,48.9
fish6,13.78,3925,196.25,20.0,20.0,8.555165763765922,5.973493404750609,6.133333333333333,41.94160030337504,24.36207753806352,1136,3191,25.50821825689622,9.639950726562075,57.8681689834583,86.8,63.6,65.7,48.9
fish6,13.78,3930,196.5,20.0,20.0,8.749601805149908,5.973493404750609,6.266666666666667,42.09328782707622,24.573147137965346,1141,3262,25.51013217455075,9.642968300331965,57.97310047488272,86.8,63.6,65.7,48.9
fish6,13.78,3935,196.75,20.0,20.0,8.56835815494246,5.842062378369859,6.266666666666667,40.76602199469093,24.411186653432175,1112,3264,25.517640934678063,9.64621373866399,57.40385467334205,86.8,63.6,65.7,48.8
fish6,13.78,3940,197.0,20.0,20.0,9.152562907066155,5.647326222900885,6.266666666666667,40.80394387561623,24.873142156962647,1121,3275,25.481629741075313,9.668677953041925,57.57030769411724,86.7,63.4,65.7,49.0
fish6,13.78,3945,197.25,20.0,20.0,9.347299805391776,5.842062378369859,6.4,42.2070534698521,25.31237794711731,1151,3377,25.499737506932387,9.71032838947508,58.23006589640747,86.7,63.4,65.7,49.1
fish6,13.78,4355,217.75,20.0,20.0,6.594029418289165,6.038488532708513,3.3333333333333335,31.83541903678422,20.74061471020517,869,879,25.973483900112573,9.535849306731755,52.88933320684433,86.5,63.2,65.7,48.6
fish6,13.78,4360,218.0,20.0,20.0,6.426268616206846,5.842062378369859,3.6,30.640879787637463,20.388164842362656,842,1018,25.98660420735677,9.599058934942878,52.425663142299655,86.5,63.3,65.7,48.7
fish6,13.78,4390,219.5,20.0,20.0,6.036797790982188,5.647326965757531,4.666666666666667,30.602957906712167,20.408388835979107,845,1176,25.905775111050072,9.545670280922781,52.35144539197285,86.6,63.3,65.7,48.7
fish6,13.78,4395,219.75,20.0,20.0,6.231533203594517,5.647326965757531,4.666666666666667,30.849450132726577,20.487496615212336,846,1217,25.9043775182465,9.545273145506115,52.369650663752616,86.6,63.3,65.7,48.7
fish6,13.78,4400,220.0,20.0,20.0,6.231533203594517,5.257856140532874,4.8,28.47933257489571,19.831222580933574,782,1302,25.836657348331407,9.57643547387653,51.05309282220794,86.6,63.2,65.7,48.8
fish6,13.78,4405,220.25,20.0,20.0,6.621004028819175,5.4525915531452025,4.8,31.058020477815695,20.77582890093859,851,1323,25.773679786889346,9.577167904281616,52.370847691170965,86.3,63.2,65.7,48.8
fish6,13.78,4410,220.5,20.0,20.0,6.621004028819175,5.4525915531452025,4.8,30.489192263936285,20.64194414941325,838,1364,25.77541153472147,9.573984310531616,52.10939584525309,86.3,63.2,65.7,48.8
fish6,13.78,4415,220.75,20.0,20.0,6.621004028819175,5.4525915531452025,4.8,30.128934395145993,20.71189436334276,822,1425,25.76776391825735,9.5762108762953,51.78397479455265,86.3,63.2,65.7,48.8
fish6,13.78,4420,221.0,20.0,20.0,6.704406773036948,5.677431602765515,4.8,30.830489192263933,20.72426429614081,838,1442,25.758614644198953,9.575810487270354,52.09442513146931,86.3,63.2,65.7,48.8
fish6,13.78,4425,221.25,20.0,20.0,6.815739441431503,5.647326965757531,5.066666666666666,30.640879787637463,20.779284043270547,835,1486,25.55166586725682,9.644462840175628,51.89612870743245,86.0,63.3,65.6,48.8
fish6,13.78,4430,221.5,20.0,20.0,6.530619174985529,5.881376580646785,5.066666666666666,30.830489192263933,20.742141396684076,837,1486,25.55155298868815,9.646038369401294,51.93759135808945,86.0,63.3,65.6,48.8
fish6,13.78,4435,221.75,20.0,20.0,6.549042762663287,6.1136009967567855,5.066666666666666,31.551004929844517,20.97650756136161,859,1486,25.5452769938151,9.65262691106796,52.37790390488306,86.0,63.3,65.6,48.8
fish6,13.78,4460,223.0,20.0,20.0,7.052955111346063,6.110950484243813,4.933333333333334,31.53204398938187,21.249202366475245,858,1484,25.859170245869947,9.476744689899023,52.495914935768965,86.3,63.3,65.7,48.6
fish6,13.78,4465,223.25,20.0,20.0,6.924587997201792,6.0858954152871,4.933333333333334,31.9491846795601,21.37131806337208,868,1484,25.80394456649591,9.478163960732358,52.64210852722827,86.3,63.3,65.6,48.6
fish6,13.78,4470,223.5,20.0,20.0,7.3050903141391395,6.084345816323517,5.066666666666666,32.5938566552901,21.764209720237353,885,1497,25.770363799370656,9.480982962671913,52.951346762042576,86.3,63.3,65.6,48.6
fish6,13.78,4475,223.75,20.0,20.0,7.3255731004396445,6.003665270285057,5.066666666666666,33.01099734546833,21.820008840060105,895,1497,25.773436653344422,9.485878796005247,53.15931544934968,86.3,63.3,65.7,48.6
fish6,13.78,4480,224.0,20.0,20.0,7.3255731004396445,6.003665270285057,5.066666666666666,33.06788016685627,21.823050373740124,898,1497,25.778085130310064,9.58238270225525,53.32046783256531,86.3,63.4,65.6,48.6
fish6,13.78,4485,224.25,20.0,20.0,7.3255731004396445,6.16890370262584,5.066666666666666,33.617747440273035,22.043808426090596,910,1497,25.720068660481775,9.595758351124658,53.51582701160643,86.1,63.4,65.6,48.6
fish6,13.78,4490,224.5,20.0,20.0,7.139637567655981,6.085895786715422,5.066666666666666,32.95411452408039,21.668698644832276,893,1497,25.698384331597218,9.599306528207991,53.15769085980521,86.1,63.4,65.7,48.6
fish6,13.78,4495,224.75,20.0,20.0,7.09194468526868,6.084345816323517,5.066666666666666,32.42320819112627,21.587544991967388,881,1468,25.742195333899982,9.601552621957993,52.96374795585798,86.1,63.4,65.6,48.6
fish6,13.78,4500,225.0,20.0,20.0,7.160333553813893,6.471839900013135,5.066666666666666,34.67956010618126,22.629721028857745,942,1403,25.801987123541185,9.775823508103688,54.41781063164487,86.2,63.3,65.7,48.7
fish6,13.78,4505,225.25,20.0,20.0,7.160333553813893,6.471839900013135,5.066666666666666,34.660599165718615,22.615351442039977,941,1403,25.917330041937173,9.77405592511495,54.51138596705213,86.3,63.3,65.7,48.7
fish6,13.78,4510,225.5,20.0,20.0,7.160333553813893,6.471839900013135,5.066666666666666,34.64163822525597,22.614647956796205,940,1403,25.871240565923994,9.773346289698283,54.444586855622276,86.3,63.3,65.6,48.7
fish6,13.78,4515,225.75,20.0,20.0,7.160333553813893,6.471839900013135,5.066666666666666,35.437997724687136,22.745790197655815,960,1389,25.876219014466834,9.773492785125311,54.84971179959214,86.3,63.3,65.6,48.8
fish6,13.78,4520,226.0,20.0,20.0,7.160333553813893,6.471839900013135,5.066666666666666,35.437997724687136,22.745790197655815,960,1389,25.87283359780017,9.805292922592162,54.87812652039233,86.3,63.4,65.6,48.8
fish6,13.78,4525,226.25,20.0,20.0,7.160333553813893,6.471839900013135,5.066666666666666,35.55176336746302,22.765403609537785,964,1387,25.879734598324628,9.806653599675496,54.966388198000125,86.3,63.4,65.7,48.7
fish6,13.78,4530,226.5,20.0,20.0,7.160333553813893,6.471839900013135,5.066666666666666,35.62760712931361,22.773750068241142,968,1378,25.875889112213514,9.8066535996755,55.04254271188901,86.3,63.4,65.7,48.7
fish6,13.78,4535,226.75,20.0,20.0,7.160334296670539,6.471839900013135,5.066666666666666,34.86916951080773,22.644700547410427,949,1356,25.870797916666668,9.800279901758834,54.651077818425506,86.3,63.5,65.7,48.8
fish6,13.78,4540,227.0,20.0,20.0,7.160333553813893,6.471839900013135,5.066666666666666,35.47591960561243,22.73843067043523,963,1356,25.8760540145874,9.80301427951389,54.93906829410129,86.3,63.5,65.7,48.8
fish6,13.78,4545,227.25,20.0,20.0,7.160333553813893,6.471839900013135,5.066666666666666,34.7743648084945,22.448178007421955,943,1354,25.747638292025346,9.743079383680557,54.3507176757059,86.1,63.3,65.6,48.8
fish6,13.78,4550,227.5,20.0,20.0,7.20521026665616,6.036797790982188,4.8,31.77853621539628,21.437923402753025,872,1251,25.742750722173994,9.526806519307028,52.70955724148102,86.1,63.4,65.7,48.6
fish6,13.78,4555,227.75,20.0,20.0,7.101263079036262,6.110950484243813,4.8,31.987106560485394,21.304599275852723,873,1251,25.72222983571747,9.525527261691623,52.70775709740909,86.1,63.4,65.7,48.6
fish6,13.78,4560,228.0,20.0,20.0,6.763107305204864,6.086796500398713,4.8,30.887372013651873,20.722887179204726,842,1383,25.748887960476345,9.562835206254324,52.151723166730676,86.1,63.5,65.7,48.6
fish6,13.78,4565,228.25,20.0,20.0,6.569876177300711,6.086796500398713,4.8,30.546075085324226,20.5510424066396,833,1361,25.86130113811728,9.562285074191625,52.0835862123089,86.4,63.5,65.7,48.6
fish6,13.78,4570,228.5,20.0,20.0,6.545722193455611,6.110950484243813,4.8,30.735684489950696,20.609564699641012,838,1319,25.86221701115738,9.599394449191623,52.22161146034901,86.4,63.5,65.7,48.7
fish6,13.78,4585,229.25,20.0,20.0,6.646703897344627,6.1883108325029195,4.8,31.15282518012893,20.8045235496039,849,1250,25.677537913211772,9.574195886982812,52.23173380019459,86.3,63.5,65.7,48.7
fish6,13.78,4590,229.5,20.0,20.0,6.646703897344627,6.20594142071106,4.8,31.437239287068632,20.900745956676076,857,1240,25.676122982656217,9.57416333489948,52.3902863175557,86.3,63.5,65.7,48.7
fish6,13.78,4610,230.5,20.0,20.0,6.426268616206846,6.036797790982188,4.4,30.015168752370112,20.090048020323447,819,1124,25.873402207438158,9.655139923508964,51.908542130947126,86.6,63.4,65.8,48.8
fish6,13.78,4615,230.75,20.0,20.0,6.366707856042847,5.911943645916912,4.4,29.35153583617747,19.9296655258063,799,1109,25.861544555362656,9.654553986008962,51.49609854137162,86.6,63.4,65.8,48.8
fish6,13.78,4620,231.0,20.0,20.0,6.444536203988942,5.92200526775883,4.4,29.92036405005688,20.14104573264324,813,1096,25.856613874345943,9.650888621425633,51.76750249577158,86.6,63.5,65.8,48.8
fish6,13.78,4625,231.25,20.0,20.0,6.509062217974889,5.74967181159198,4.4,29.27569207432688,20.024895081756807,797,1146,25.704756097788863,9.654820913092298,51.29957701088116,86.3,63.5,65.8,48.8
fish6,13.78,4630,231.5,20.0,20.0,6.568810178013683,5.4994687789351815,4.4,28.631020098596885,19.801614613236257,781,1136,25.698823053637845,9.65627924642563,50.97510230006348,86.3,63.5,65.8,48.8
fish6,13.78,4635,231.75,20.0,20.0,6.562932696230431,5.538474695704012,4.4,28.820629503223355,19.91825476022387,787,1121,25.696800498962403,9.654059200021953,51.09085969898436,86.3,63.5,65.8,48.8
fish6,13.78,4640,232.0,20.0,20.0,6.562931953373785,5.410417724209451,4.4,28.06219188471748,19.671166223698293,768,1180,25.691123340277024,9.696835879474216,50.74795921975124,86.3,63.4,65.8,48.8
fish6,13.78,4645,232.25,20.0,20.0,6.815739441431503,5.063120727920545,4.4,27.92946530147895,19.564204314880442,767,1180,25.811470546976736,9.700891869057546,50.85236241603428,86.6,63.4,65.8,48.8
fish6,13.78,4650,232.5,20.0,20.0,6.621004028819175,5.257856140532874,4.533333333333333,29.010238907849825,19.780355193526617,800,1230,25.99205568546248,9.741282313664755,51.73333799912723,86.8,63.4,65.7,48.8
fish6,13.78,4655,232.75,20.0,20.0,6.621004028819175,5.257856140532874,4.533333333333333,29.124004550625706,19.81420220303159,806,1230,25.989030609338073,9.743059694035848,51.85209030337393,86.8,63.4,65.7,48.8
fish6,13.78,4660,233.0,20.0,20.0,6.621004028819175,5.257856140532874,4.533333333333333,29.048160788775117,19.822684720572518,802,1230,25.992155478677624,9.742421673202514,51.77457715188014,86.8,63.4,65.7,48.8
fish6,13.78,4665,233.25,20.0,20.0,6.621004028819175,5.063120727920545,4.533333333333333,27.152066742510424,19.194262401594273,747,1230,25.920293532684703,9.727727656894261,50.58802118957896,86.7,63.3,65.7,48.8
fish6,13.78,4670,233.5,20.0,20.0,6.815739441431503,4.868385315308217,4.533333333333333,27.493363670838068,19.409539936181705,760,1237,25.911252564814067,9.725995886060927,50.837248450874995,86.7,63.3,65.7,48.8
fish6,13.78,4675,233.75,20.0,20.0,6.815739441431503,4.868385315308217,4.533333333333333,27.284793325748954,19.28804503529824,752,1229,25.903266407135387,9.727050573560927,50.67031698069631,86.7,63.3,65.7,48.8
fish6,13.78,4680,234.0,20.0,20.0,6.815739441431503,4.868385315308217,4.533333333333333,26.981418278346602,19.23660924648573,743,1236,25.913787216958884,9.744911904642317,50.5186991216012,86.7,63.5,65.7,48.8
fish6,13.78,4685,234.25,20.0,20.0,6.815739441431503,4.868385315308217,4.666666666666667,26.981418278346602,19.23660924648573,743,1262,25.890089300292217,9.745159269958071,50.49524857025029,86.6,63.5,65.7,48.8
fish6,13.78,4690,234.5,20.0,20.0,6.815739441431503,4.673649902695888,4.933333333333334,26.35570724307925,19.162494671055757,728,1285,25.87342258615376,9.742952238708071,50.17637482486184,86.6,63.5,65.7,48.8
fish6,13.78,4695,234.75,20.0,20.0,6.815739441431503,5.063120727920545,5.333333333333333,27.9105043610163,19.545086991952388,770,1355,25.87569689170932,9.741930103291406,51.017626995000725,86.6,63.5,65.7,48.8
fish6,13.78,4700,235.0,20.0,20.0,6.621004028819175,5.063120727920545,4.933333333333334,27.41751990898748,19.320435349348923,754,1328,25.71075403095764,9.628915949492985,50.41966998045062,86.6,63.5,65.7,48.8
fish6,13.78,4705,235.25,20.0,20.0,6.621004028819175,4.868385315308217,4.933333333333334,27.208949563898365,19.414344686539575,755,1328,25.70414816555447,9.631630793242987,50.435778958797464,86.6,63.5,65.7,48.8
fish6,13.78,4710,235.5,20.0,20.0,6.621004028819175,4.868385315308217,4.933333333333334,27.208949563898365,19.414344686539575,755,1328,25.688154195130902,9.631845636992988,50.41999983212389,86.6,63.5,65.7,48.7
fish6,13.78,4715,235.75,20.0,20.0,6.621004028819175,4.868385315308217,4.933333333333334,27.189988623435717,19.487181037824463,754,1328,25.69462126508172,9.631708918242985,50.406330183324705,86.6,63.5,65.7,48.7
fish6,13.78,4720,236.0,20.0,20.0,6.621004028819175,4.868385315308217,4.933333333333334,27.189988623435717,19.487181037824463,754,1328,25.740831877456475,9.552399022409654,50.37323089986613,86.6,63.5,65.8,48.7
fish6,13.78,4725,236.25,20.0,20.0,6.815739441431503,4.868385315308217,4.933333333333334,27.645051194539246,19.571256345878123,762,1328,25.697377256869096,9.553440689076318,50.490817945945416,86.6,63.5,65.7,48.7
fish6,13.78,4730,236.5,20.0,20.0,6.815739441431503,4.868385315308217,4.933333333333334,27.569207432688657,19.47457601411222,759,1328,25.744816145833333,9.556028581364952,50.48084472719828,86.6,63.5,65.8,48.7
fish6,13.78,4735,236.75,20.0,20.0,6.815739441431503,5.063120727920545,4.933333333333334,28.687902919984825,19.726693574059954,788,1336,25.694408487654325,9.550716081364953,51.00512456901928,86.6,63.5,65.7,48.7
fish6,13.78,4740,237.0,20.0,20.0,6.815739441431503,5.063120727920545,4.933333333333334,28.687902919984825,19.726693574059954,788,1336,25.735445475241576,9.54940098046197,51.04484645570354,86.6,63.5,65.8,48.7
fish6,13.78,4745,237.25,20.0,20.0,6.815739441431503,5.063120727920545,4.933333333333334,28.801668562760707,19.796637334422353,791,1336,25.76194725460476,9.56830723046197,51.15025448506673,86.4,63.3,65.7,48.7
fish6,13.78,4750,237.5,20.0,20.0,6.835463028239784,5.234363670531048,4.8,29.46530147895335,20.17310598620039,807,1318,25.642269045210476,9.581842310206097,51.364111355416576,86.5,63.3,65.6,48.7
fish6,13.78,4755,237.75,20.0,20.0,6.835463028239784,5.234363670531048,4.8,29.46530147895335,20.17310598620039,807,1318,25.642286372714572,9.579244653956096,51.36153102667067,86.5,63.3,65.6,48.7
fish6,13.78,4760,238.0,20.0,20.0,6.773881697998631,5.234363670531048,4.8,28.839590443686003,20.024027935908208,791,1318,25.64066744060752,9.577506377495665,51.03817381810318,86.5,63.4,65.6,48.6
fish6,13.78,4765,238.25,20.0,20.0,6.773881697998631,5.234363670531048,4.8,28.839590443686003,20.024027935908208,791,1318,25.66888361181565,9.562438025146061,51.05132163696171,86.8,63.5,65.5,48.6
fish6,13.78,4770,238.5,20.0,20.0,6.621004028819175,5.257856140532874,4.8,28.138035646568063,19.763603474373518,774,1318,25.669630139593426,9.563408077229395,50.713038216822824,86.8,63.5,65.5,48.6
fish6,13.78,4775,238.75,20.0,20.0,6.621004028819175,5.257856140532874,4.8,28.138035646568063,19.763603474373518,774,1314,25.66974298681566,9.564553910562728,50.71429689737839,86.8,63.5,65.5,48.6
fish6,13.78,4780,239.0,20.0,20.0,6.621004028819175,5.257856140532874,4.8,28.631020098596885,20.00355304245957,788,1324,25.669773360339505,9.578642456807028,51.008415817146535,86.8,63.4,65.5,48.6
fish6,13.78,4785,239.25,20.0,20.0,6.621004028819175,5.257856140532874,4.8,29.010238907849825,20.13065927351858,797,1330,25.544039878543813,9.581279175557029,51.06531905410084,86.6,63.4,65.6,48.7
fish6,13.78,4790,239.5,20.0,20.0,6.706699228646543,5.525941961229133,4.8,29.7686765263557,20.17935826237583,814,1349,25.545906197988256,9.584098185973696,51.410004383961954,86.6,63.4,65.6,48.7
fish6,13.78,4795,239.75,20.0,20.0,6.706699228646543,5.525941961229133,4.933333333333334,29.7686765263557,20.17935826237583,814,1333,25.549057239654914,9.582493365987142,51.411550605642056,86.6,63.4,65.6,48.6
fish6,13.78,4800,240.0,20.0,20.0,6.940016386882828,5.177472737152819,6.133333333333333,29.21880925293894,20.13187122092228,798,1576,25.87344448513455,9.578801930745446,51.41224641588,86.7,63.4,65.8,48.7
fish6,13.78,4805,240.25,20.0,20.0,6.940016386882828,5.177472737152819,6.133333333333333,29.21880925293894,20.13187122092228,798,1576,25.711595549331474,9.582890482415094,51.254486031746566,86.8,63.4,65.7,48.7
fish6,13.78,4810,240.5,20.0,20.0,6.940016386882828,5.177472737152819,6.133333333333333,29.21880925293894,20.13187122092228,798,1576,25.710605965998138,9.581640487289432,51.25224645328757,86.8,63.4,65.7,48.7
fish6,13.78,4815,240.75,20.0,20.0,7.0104748540438315,5.257856140532874,6.133333333333333,29.57906712172923,20.22240719965485,812,1576,25.7119993379381,9.575263531737855,51.52726286967596,86.8,63.4,65.7,48.7
fish6,13.78,4820,241.0,20.0,20.0,6.815739441431503,5.4525915531452025,6.133333333333333,29.90140310959423,20.522675705969235,822,1576,25.7199897351677,9.57252589908176,51.73251563424947,86.8,63.4,65.8,48.8
fish6,13.78,4825,241.25,20.0,20.0,6.815739441431503,5.4525915531452025,6.266666666666667,29.90140310959423,20.522675705969235,822,1599,25.748808858913844,9.57722641991509,51.76603527882894,86.4,63.5,65.7,48.8
fish6,13.78,4830,241.5,20.0,20.0,7.0104748540438315,5.647326965757531,6.266666666666667,31.15282518012893,20.871598095813887,851,1599,25.746395664469393,9.579241396321189,52.34563706079058,86.4,63.5,65.7,48.8
fish6,13.78,4835,241.75,20.0,20.0,7.0104748540438315,5.842062378369859,6.266666666666667,31.873340917709513,21.1524582186806,870,1622,25.75163854859906,9.57883773031235,52.73047627891141,86.4,63.5,65.7,48.8
fish6,13.78,4840,242.0,20.0,20.0,6.936929074661999,6.084345816323517,6.266666666666667,32.859309821767155,21.367796388941763,895,1659,25.76837017956016,9.588518730152975,53.25688890971314,86.4,63.5,65.7,48.8
fish6,13.78,4845,242.25,20.0,20.0,6.946092211390565,6.085895786715422,6.266666666666667,32.8782707622298,21.36886944536693,896,1651,25.81983321209189,9.705836383808983,53.445669595900874,86.7,63.5,65.8,48.9
fish6,13.78,4850,242.5,20.0,20.0,6.621004028819175,5.647326965757531,7.733333333333333,30.640879787637463,20.74086414753834,837,1981,25.813735829878443,9.69355780257119,52.24729363244963,86.7,63.3,65.7,48.7
fish6,13.78,5220,261.0,20.0,20.0,7.203480896384243,6.032267108298157,12.4,33.92112248767538,21.635378436760675,925,4146,25.851301204427074,9.506500588215726,53.8578017926428,86.7,63.4,65.8,48.7
fish6,13.78,5225,261.25,20.0,20.0,7.399945679268489,5.4525915531452025,11.866666666666667,31.0200985968904,20.63458283469386,847,4044,25.83025507117377,9.550514267985028,52.3207693391588,86.4,63.4,65.9,48.7
fish6,13.78,5230,261.5,20.0,20.0,7.20521026665616,5.257856140532874,11.866666666666667,30.565036025786874,20.487133915454923,839,4008,25.67409234391201,9.550068296549057,52.004160640461066,86.4,63.4,65.9,48.7
fish6,13.78,5235,261.75,20.0,20.0,7.663771959956512,5.4865642447089735,11.866666666666667,32.15775502464922,20.941296875982992,877,4079,25.64529491094896,9.55270175509983,52.73799666604879,86.4,63.4,65.8,48.7
fish6,13.78,5240,262.0,20.0,20.0,7.399945679268489,5.257856140532874,11.866666666666667,31.930223739097453,20.884607396041453,875,4085,25.664856512959798,9.63975904333327,52.804615556293065,86.4,63.4,65.8,48.8
fish6,13.78,5670,283.5,20.0,20.0,7.789416504493146,7.0104748540438315,2.533333333333333,43.83769434963973,24.004142741746634,1186,208,25.388597649298767,9.721474392689597,58.83007204198836,86.7,63.4,65.6,48.9
fish6,13.78,5675,283.75,20.0,20.0,7.594681091880817,6.621004028819175,3.2,40.557451649601816,23.549654920721554,1107,264,25.472981207030497,9.706126159498424,57.319107366528925,86.7,63.4,65.7,48.9
fish6,13.78,5685,284.25,20.0,20.0,7.0104748540438315,6.036797790982188,3.2,36.38604474781948,22.062556851051095,998,220,25.495902220474047,9.852529125965967,55.30843134644002,86.7,63.5,65.7,49.0
fish6,13.78,5690,284.5,20.0,20.0,7.20521026665616,5.257856140532874,3.2,33.029958285930974,21.256408725941135,906,418,25.422829316692578,9.83176746570799,53.37459678240057,86.5,63.5,65.6,49.0
fish6,13.78,5700,285.0,20.0,20.0,7.0104748540438315,5.4525915531452025,4.0,32.49905195297686,21.129931253390158,892,761,25.66937424647956,9.790419781737858,53.29979402821742,86.4,63.5,65.7,48.8
fish6,13.78,5705,285.25,20.0,20.0,7.20521026665616,5.4525915531452025,4.4,33.21956769055745,21.31746662081809,911,871,25.830446241421175,9.717262229654523,53.76770847107569,86.5,63.4,65.7,48.8
fish6,13.78,5710,285.5,20.0,20.0,6.815739441431503,5.647326965757531,4.4,31.664770572620398,20.81713173045689,864,896,25.79282052883572,9.709684099737803,52.78250462857352,86.5,63.4,65.7,48.9
fish6,13.78,5715,285.75,20.0,20.0,6.621004028819175,5.257856140532874,4.4,30.508153204398933,20.533355663111877,841,908,25.81967808091906,9.709550657653809,52.34922873857287,86.5,63.4,65.7,48.8
fish6,13.78,5720,286.0,20.0,20.0,7.0104748540438315,5.257856140532874,4.266666666666667,31.001137656427755,20.815382651269584,851,892,25.786366597323944,9.70845690765381,52.514823504977755,86.5,63.4,65.7,48.8
fish6,13.78,5725,286.25,20.0,20.0,6.621004028819175,5.257856140532874,4.533333333333333,30.318543799772463,20.590246085776162,836,843,25.798102582295737,9.813974478816988,52.33207706111273,86.5,63.6,65.7,48.9
fish6,13.78,5730,286.5,20.0,20.0,6.426268616206846,4.673649902695888,4.4,27.569207432688657,20.03113598293985,771,404,25.804079329427086,9.815595572566986,51.039674901994076,86.4,63.6,65.7,48.9
fish6,13.78,5735,286.75,20.0,20.0,6.815739441431503,4.673649902695888,2.8,28.441410693970415,20.199553516725786,782,247,25.81305929224462,9.818844265736477,51.2719035579811,86.4,63.6,65.7,48.9
fish6,13.78,5740,287.0,20.0,20.0,6.815739441431503,5.063120727920545,4.666666666666667,29.59802806219188,20.260350227848857,808,1210,25.811835320347914,9.808212778207992,51.78004809855591,86.4,63.6,65.7,48.8
fish6,13.78,5745,287.25,20.0,20.0,6.815739441431503,4.868385315308217,3.6,29.59802806219188,20.650541763305768,821,672,25.682794415207848,9.74065415182114,51.843448567028986,86.3,63.4,65.7,48.9
fish6,13.78,5750,287.5,20.0,20.0,7.0104748540438315,4.478914490083559,2.933333333333333,26.848691695108073,19.6414287435876,737,606,25.619750734965006,9.624387887912325,49.98413862287733,86.5,63.4,65.5,48.9
fish6,13.78,5755,287.75,20.0,20.0,6.815739441431503,4.28417907747123,3.3333333333333335,27.246871444823658,19.929774841804615,758,786,25.62629154542523,9.624150264729394,50.41044181015462,86.5,63.4,65.6,48.9
fish6,13.78,5760,288.0,20.0,20.0,6.621004028819175,4.868385315308217,3.3333333333333335,29.029199848312473,20.282250500701306,800,935,25.62613529542523,9.629085165140367,51.255220460565596,86.5,63.4,65.6,48.9
fish6,13.78,5765,288.25,20.0,20.0,6.426268616206846,4.868385315308217,3.0666666666666664,27.87258248009101,19.997082250358854,773,826,25.750596856840158,9.658173706807032,50.86877056364719,86.8,63.6,65.6,48.9
fish6,13.78,5770,288.5,20.0,20.0,6.426268616206846,4.868385315308217,3.3333333333333335,28.270762229806593,20.19053491204341,782,848,25.7415214231703,9.664475790140363,51.04599721331066,86.8,63.6,65.6,48.9
fish6,13.78,5775,288.75,20.0,20.0,6.426268616206846,4.868385315308217,4.4,27.948426241941597,19.987735488753103,772,959,25.718778512742784,9.66469063838323,50.82346915112601,86.8,63.6,65.6,48.9
fish6,13.78,5780,289.0,20.0,20.0,6.426268616206846,4.868385315308217,3.8666666666666667,27.815699658703068,19.96104738874575,767,848,25.72008918048246,9.664619019307032,50.72470819978949,86.8,63.6,65.6,48.9
fish6,13.78,5785,289.25,20.0,20.0,6.426268616206846,5.063120727920545,2.8,28.53621539628365,20.218212102460654,786,512,25.552467911312903,9.617665880319809,50.89013379163271,86.6,63.6,65.6,48.9
fish6,13.78,5790,289.5,20.0,20.0,6.231533203594517,5.063120727920545,3.2,27.68297307546454,19.843110864053763,763,475,25.555475666639545,9.619036372502645,50.434512039142184,86.7,63.6,65.6,48.9
fish6,13.78,5795,289.75,20.0,20.0,6.426268616206846,5.4525915531452025,1.8666666666666667,30.242700037921875,20.430234857082127,830,158,25.577194439621913,9.611061108228897,51.78825554785081,86.7,63.6,65.6,48.9
fish6,13.78,5800,290.0,20.0,20.0,7.594681091880817,6.426268616206846,2.4,42.4914675767918,24.23706328417676,1156,224,26.005948814090672,9.759283789698282,58.88523260378895,86.7,63.6,65.5,48.8
fish6,13.78,5840,292.0,20.0,20.0,7.984151917105475,5.842062378369859,3.6,34.7364429275692,23.088958721705968,957,822,25.850866536156925,9.77849928613239,54.769365822289316,86.6,63.6,65.6,48.8
fish6,13.78,5845,292.25,20.0,20.0,6.231533203594517,5.842062378369859,3.3333333333333335,30.77360637087599,20.624663052042788,844,739,25.837849900817872,9.773925723224215,52.49177562404209,86.6,63.6,65.6,48.8
fish6,13.78,5850,292.5,20.0,20.0,6.621004028819175,5.257856140532874,4.0,29.40841865756541,20.36633534982001,805,936,25.883532107204857,9.702001902675633,51.68553400988049,87.1,63.5,65.7,49.1
fish6,13.78,5855,292.75,20.0,20.0,6.426268616206846,5.842062378369859,4.266666666666667,31.626848691695102,20.808522068358144,864,864,25.870354940607523,9.700331982252331,52.85068692285986,87.1,63.5,65.7,49.1
fish6,13.78,5885,294.25,20.0,20.0,6.743160118546133,6.239361426930198,4.666666666666667,32.82138794084186,21.182907796529303,891,1365,25.742889809992285,9.73697584863239,53.299865658624675,87.0,63.6,65.6,49.1
fish6,13.78,5890,294.5,20.0,20.0,6.4999986240368886,6.045265613890086,5.066666666666666,31.72165339400834,20.83159338507022,861,1456,25.743206610616046,9.738509046766493,52.701715657382536,86.9,63.6,65.6,49.1
fish6,13.78,5895,294.75,20.0,20.0,6.621004028819175,5.063120727920545,5.066666666666666,27.98634812286689,19.67682458598524,768,1464,25.769282967103553,9.732701755099827,50.86198472220338,86.9,63.6,65.7,49.1
fish6,13.78,5900,295.0,20.0,20.0,7.0104748540438315,5.257856140532874,4.933333333333334,28.61205915813424,19.973140816371593,784,1540,26.06130570729573,9.744091705226896,51.48539741252262,86.9,63.6,65.7,49.0
fish6,13.78,5905,295.25,20.0,20.0,6.815739441431503,4.868385315308217,5.066666666666666,27.455441789912776,19.63643995049568,758,1545,26.061956861689062,9.680810451242658,50.902767312931715,87.0,63.6,65.7,48.9
fish6,13.78,5910,295.5,20.0,20.0,7.0104748540438315,4.868385315308217,5.466666666666667,27.038301099734543,19.43925434130783,742,1598,26.049778082030503,9.680540254338585,50.570318336369084,87.0,63.6,65.7,48.9
fish6,13.78,5915,295.75,20.0,20.0,6.815739441431503,4.868385315308217,5.466666666666667,26.981418278346602,19.522559283805304,742,1589,26.042889959189335,9.685787654452854,50.568677613642194,87.0,63.6,65.7,48.9
fish6,13.78,5920,296.0,20.0,20.0,7.0104748540438315,4.673649902695888,5.466666666666667,26.526355707243074,19.395078490496807,730,1648,26.03391429277585,9.683867072889543,50.3177813656654,87.0,63.6,65.7,48.9
fish6,13.78,5925,296.25,20.0,20.0,7.0104748540438315,4.673649902695888,5.466666666666667,26.48843382631778,19.34555026469418,731,1656,26.075754611469787,9.630006395806209,50.325761007276,87.0,63.6,65.7,48.9
fish6,13.78,5930,296.5,20.0,20.0,6.815739441431503,4.673649902695888,5.333333333333333,26.54531664770572,19.26337485894124,735,1655,26.027338945384088,9.635973211659323,50.36331215704341,87.0,63.6,65.7,49.0
fish6,13.78,5935,296.75,20.0,20.0,6.815739441431503,4.868385315308217,5.2,26.24194160030337,19.124800755195135,722,1720,25.993523761137023,9.626077361541324,50.059601122678345,87.0,63.6,65.7,48.9
fish6,13.78,5940,297.0,20.0,20.0,6.815739441431503,4.673649902695888,5.066666666666666,26.393629124004548,19.29379757787934,730,1715,26.024869181315104,9.617460813903811,50.24232999521892,86.9,63.6,65.7,49.0
fish6,13.78,5945,297.25,20.0,20.0,6.621004028819175,5.063120727920545,5.2,26.943496397421306,19.51549929031295,738,1757,26.005828467682267,9.626148967223694,50.39197743490596,86.7,63.4,65.7,49.0
fish6,13.78,5950,297.5,20.0,20.0,6.621004028819175,5.4525915531452025,5.333333333333333,28.194918467956008,19.822961156101915,772,1835,26.17373549169847,9.636702323902977,51.250437815601444,86.9,63.4,65.7,49.0
fish6,13.78,5955,297.75,20.0,20.0,6.815739441431503,5.4525915531452025,5.333333333333333,28.839590443686003,19.992940313843388,790,1833,26.148666047254018,9.635328625986308,51.583994673240326,86.9,63.4,65.8,49.0
fish6,13.78,5960,298.0,20.0,20.0,6.621004028819175,5.257856140532874,5.333333333333333,27.095183921122484,19.32779390157016,743,1835,26.15113563337914,9.634758956866794,50.64589459024593,86.9,63.4,65.7,49.0
fish6,13.78,5965,298.25,20.0,20.0,6.815739441431503,5.257856140532874,5.333333333333333,27.588168373151305,19.531437558224393,757,1852,26.117242371942968,9.621474469237855,50.878716841180825,86.9,63.6,65.8,49.0
fish6,13.78,5975,298.75,20.0,20.0,7.0104748540438315,4.868385315308217,5.466666666666667,27.66401213500189,19.835646176189226,764,1840,26.135055120604715,9.623147620889876,51.038202741494594,87.2,63.6,65.8,49.0
fish6,13.78,5980,299.0,20.0,20.0,7.20521026665616,5.063120727920545,5.333333333333333,27.701934015927186,20.069780662450288,764,1714,26.148084673827366,9.620686713653141,51.04877138748051,87.2,63.6,65.8,49.0
fish6,13.78,5985,299.25,20.0,20.0,7.20521026665616,5.063120727920545,5.466666666666667,27.531285551763364,20.00248495388822,758,1600,26.051730427890348,9.614586433400047,50.826316861290394,87.1,63.6,65.7,49.0
fish6,13.78,5990,299.5,20.0,20.0,6.815739441431503,4.868385315308217,5.466666666666667,26.31778536215396,19.389586063813162,724,1472,26.05619225348956,9.6299054280493,50.16609768153886,87.1,63.6,65.7,49.0
fish6,13.78,5995,299.75,20.0,20.0,7.0104748540438315,4.673649902695888,4.0,25.483503981797494,19.336473902907578,706,811,26.05235558401979,9.632574704223208,49.804930288243,87.1,63.6,65.7,49.0
fish6,13.78,6000,300.0,20.0,20.0,6.463338648556166,5.280505839669798,5.066666666666666,26.222980659840722,19.172250978816162,716,1190,25.991770209343056,9.668017482492658,49.97978769183572,87.0,63.6,65.6,48.8
fish6,13.78,6005,300.25,20.0,20.0,6.815739441431503,5.257856140532874,4.933333333333334,27.531285551763364,19.61560084836206,755,885,26.00571105203511,9.637626853423653,50.743337905458766,87.0,63.5,65.6,48.8
fish6,13.78,6010,300.5,20.0,20.0,6.815739441431503,5.257856140532874,4.8,27.038301099734543,19.52940640244003,742,779,25.872586153835716,9.624221921274396,50.33680807511011,87.1,63.5,65.6,48.8
fish6,13.78,6015,300.75,20.0,20.0,6.815739441431503,5.257856140532874,4.4,27.000379218809247,19.524213463056082,740,746,25.866570528835712,9.633255126274957,50.299825655110666,87.1,63.5,65.6,48.8
fish6,13.78,6020,301.0,20.0,20.0,6.621004028819175,5.257856140532874,4.0,26.469472885855133,19.34477200628613,727,596,25.83803752863377,9.631855386691628,50.009892915325395,87.1,63.5,65.6,48.8
fish6,13.78,6025,301.25,20.0,20.0,6.815739441431503,5.647326965757531,3.7333333333333334,29.389457717102765,20.30211906062691,806,641,25.828666931133505,9.660751872920992,51.6094188040545,86.7,63.6,65.7,48.8
fish6,13.78,6030,301.5,20.0,20.0,6.621004028819175,5.4525915531452025,3.2,28.2328403488813,19.94462152830328,776,475,25.82455650770399,9.690253782653807,51.0348102903578,86.7,63.6,65.7,48.8
fish6,13.78,6035,301.75,20.0,20.0,6.621004028819175,5.4525915531452025,3.2,28.34660599165718,19.976349353511342,780,404,25.820489778476293,9.697496640936532,51.11798641941282,86.7,63.6,65.6,48.9
fish6,13.78,6040,302.0,20.0,20.0,6.621004028819175,5.4525915531452025,3.466666666666667,27.171027682973072,19.62500645814274,745,519,25.73889254193718,9.700940633890363,50.33983317582754,86.7,63.6,65.7,48.9
fish6,13.78,6045,302.25,20.0,20.0,6.426268616206846,5.647326965757531,3.7333333333333334,27.474402730375424,19.80697550786502,751,482,25.687998415629075,9.675784388383233,50.38378280401231,86.7,63.6,65.6,48.9
fish6,13.78,6050,302.5,20.0,20.0,6.231533203594517,5.4525915531452025,4.0,26.16609783845278,19.306728367445128,722,506,25.570980193790387,9.594355255084567,49.60533544887495,87.0,63.6,65.7,48.7
fish6,13.78,6055,302.75,20.0,20.0,6.231533203594517,5.4525915531452025,3.8666666666666667,25.55934774364808,19.102563503996638,701,398,25.56247338799371,9.648932065794204,49.231405453787914,87.0,63.6,65.7,48.8
fish6,13.78,6060,303.0,20.0,20.0,6.426268616206846,5.063120727920545,2.933333333333333,24.63026166097838,18.959466238990046,676,209,25.572325764898604,9.64159809662501,48.73392386152361,87.0,63.6,65.7,48.8
fish6,13.78,6065,303.25,20.0,20.0,6.426268616206846,4.868385315308217,2.4,24.175199089874855,18.761050296696506,668,214,25.50059393082607,9.723766065375008,48.58435999620108,87.0,63.5,65.7,48.8
fish6,13.78,6085,304.25,20.0,20.0,6.231533203594517,4.673649902695888,1.7333333333333334,22.942737959802802,18.166511155056188,632,151,25.46593684828017,9.683622792296939,47.78955964057711,87.0,63.6,65.6,48.7
fish6,13.78,6090,304.5,20.0,20.0,6.342816843450436,5.172781968861572,2.0,24.611300720515732,18.687537922649476,674,245,25.36311997249273,9.687522531880274,48.530642504373006,86.9,63.6,65.6,48.7
fish6,13.78,6095,304.75,20.0,20.0,6.231533203594517,4.478914490083559,2.2666666666666666,22.013651877133103,17.833598602717966,606,302,25.34251673712083,9.688505604796942,47.15102234191778,86.9,63.6,65.6,48.7
fish6,13.78,6100,305.0,20.0,20.0,6.231533203594517,4.868385315308217,2.533333333333333,23.511566173682212,18.5080255462841,649,381,25.777798329878436,9.706949729654523,48.464748059532965,86.9,63.6,65.6,48.6
fish6,13.78,6105,305.25,20.0,20.0,6.036797790982188,4.868385315308217,2.6666666666666665,22.980659840728098,18.321483378191886,636,411,25.788991859266496,9.697350122706098,48.20634198197259,86.9,63.6,65.6,48.7
fish6,13.78,6110,305.5,20.0,20.0,6.426268616206846,5.063120727920545,2.6666666666666665,24.971558589306024,18.720088902664127,690,412,25.791821758053636,9.700022660562727,49.291844418616364,86.9,63.6,65.6,48.7
fish6,13.78,6115,305.75,20.0,20.0,6.417051250943121,5.44384887327828,2.6666666666666665,25.786879029199845,19.048423252707245,705,444,25.79021142937931,9.701832556396061,49.59204398577537,86.9,63.6,65.6,48.7
fish6,13.78,6120,306.0,20.0,20.0,6.621004028819175,5.257856140532874,2.6666666666666665,30.10997345468335,20.32562824490327,829,469,25.786652382160703,9.719758995522392,52.08641137768309,86.9,63.6,65.6,48.7
fish6,13.78,6125,306.25,20.0,20.0,6.815739441431503,5.257856140532874,2.8,32.29048160788775,21.04424253034417,889,466,25.7348858988444,9.736633976872765,53.251519875717165,86.9,63.5,65.6,48.7
fish6,13.78,6130,306.5,20.0,20.0,6.815739441431503,5.257856140532874,2.933333333333333,32.65073947667804,21.376373620705056,906,496,25.668427565511063,9.746689322566986,53.53511688807805,86.9,63.5,65.6,48.7
fish6,13.78,6135,306.75,20.0,20.0,6.426268616206846,5.842062378369859,3.2,34.7743648084945,22.026469989472773,959,472,25.677225137875407,9.753997262912327,54.61122240078773,86.9,63.5,65.6,48.8
fish6,13.78,6145,307.25,20.0,20.0,9.542035218004104,6.036797790982188,3.6,47.174819871065594,25.82384247824896,1280,475,25.78712126508171,9.717711484686534,61.10483274976824,86.8,63.4,65.5,48.7
fish6,13.78,6275,313.75,20.0,20.0,7.820753169248542,4.864878660510714,3.0666666666666664,27.701934015927186,20.103734434383856,758,494,25.906727131483297,9.608199628183575,50.674926759666874,86.9,63.4,65.7,48.9
fish6,13.78,6280,314.0,20.0,20.0,7.0104748540438315,4.868385315308217,3.466666666666667,26.67804323094425,19.570776019413664,731,533,25.921145534261083,9.58898417900933,50.13012971327042,86.9,63.4,65.7,48.9
fish6,13.78,6285,314.25,20.0,20.0,6.815739441431503,4.673649902695888,3.3333333333333335,25.00948047023132,19.0144425986488,689,534,25.930945871913583,9.668014121119178,49.378959993032765,86.9,63.5,65.7,49.0
fish6,13.78,6290,314.5,20.0,20.0,7.0104748540438315,5.257856140532874,3.466666666666667,27.493363670838068,19.81431430474233,754,581,25.85716541339262,9.671021933619185,50.60818734701181,86.8,63.5,65.7,48.9
fish6,13.78,6295,314.75,20.0,20.0,7.160333553813893,5.232551100314777,3.0666666666666664,27.85362153962836,19.985168524398535,762,517,25.834292221238883,9.684713345675995,50.75900556691488,86.8,63.5,65.7,49.0
fish6,13.78,6465,323.25,20.0,20.0,6.426268616206846,5.4525915531452025,2.0,30.906332954114518,20.391981059453116,851,268,25.814378695546843,9.65835274098714,52.49273143653399,87.1,63.4,65.6,48.6
fish6,13.78,6640,332.0,20.0,20.0,4.478914490083559,2.142089538735615,4.933333333333334,7.432688661357602,10.84009881232071,216,1846,25.89013843044705,9.77244785546197,39.982586285909015,86.8,63.5,65.7,48.6
fish6,13.78,7740,387.0,20.0,20.0,5.647326965757531,4.478914490083559,2.4,23.246113007205153,17.911471150634497,643,264,25.587459693268197,9.579797992451985,48.02725768572018,87.0,63.4,65.7,48.7
fish6,13.78,7755,387.75,20.0,20.0,7.916101791190844,5.729917024804567,2.4,38.888888888888886,23.679317553642203,1052,298,25.588107442898224,9.720471737321217,56.34857918021944,86.8,63.2,65.7,48.4
fish6,13.78,8950,447.5,20.0,20.0,102.5488639837097,41.22414614235525,10.666666666666666,2434.850208570345,238.81413280438878,1702,3289,25.26618760782878,9.617975145806207,68.92416275363499,86.6,62.6,65.5,48.4
fish6,13.78,8955,447.75,20.0,20.0,96.03658445360092,18.937871790933052,10.666666666666666,1043.8945771710275,206.59510287843068,2275,3293,25.244429914893622,9.601109913624658,80.34553982851828,86.4,62.6,65.6,48.3
fish6,13.78,8960,448.0,20.0,20.0,102.5488639837097,39.00437162700622,10.666666666666666,2169.359120212362,238.28897266634573,2543,3333,25.11902592042522,9.59710926475525,85.57613518518048,86.4,62.6,65.5,48.3
fish6,13.78,8965,448.25,20.0,20.0,99.60164264061294,41.17037817831686,10.666666666666666,2435.627607129313,236.429973723985,3106,3333,24.99819311154213,9.608212778207996,96.72640588975013,86.3,62.6,65.4,48.4
fish6,13.78,8970,448.5,20.0,20.0,102.5488639837097,42.652594101252646,10.666666666666666,2556.9397042093283,242.08365996048929,4274,3350,25.081886795891656,9.61087879600525,120.1727655918969,86.4,62.7,65.5,48.4
fish6,13.78,8975,448.75,20.0,20.0,100.39318908263179,42.15811900340081,10.666666666666666,2507.773985589685,237.81081083972595,6338,3350,25.077950392358098,9.62136707725525,161.45931746961335,86.6,62.7,65.4,48.4
fish7,18.32,675,33.75,20.0,20.0,6.501235480352499,2.896994205261577,9.466666666666667,13.538111490329918,15.373609644460046,378,2205,25.45706134694417,9.628469813664754,42.645531160608925,86.9,63.1,65.5,48.8
fish7,18.32,680,34.0,20.0,20.0,7.143365222305673,2.6479717575294544,9.6,13.632916192643153,16.11026132497986,384,2411,25.28606739969136,9.629052552530501,42.59511995222186,86.6,63.1,65.5,48.8
fish7,18.32,685,34.25,20.0,20.0,6.699344947851018,2.505861424005628,9.6,13.045127038301098,15.46778601540067,365,2531,25.279652478705508,9.64062807887395,42.22028055757946,86.6,63.1,65.6,48.9
fish7,18.32,690,34.5,20.0,20.0,44.20493866299861,3.894708252246573,9.6,143.5912021236253,92.75636506000885,594,2559,25.20802056206598,9.620742072889543,46.70876263495553,86.6,63.1,65.5,48.8
fish7,18.32,695,34.75,20.0,20.0,6.426268616206846,2.9210311891849297,9.733333333333333,13.613955252180507,15.35277356018155,383,2676,25.248689040120453,9.709085174041325,42.617774214161784,86.5,63.1,65.5,48.9
fish7,18.32,700,35.0,20.0,20.0,6.618712316066225,3.0480914327747026,9.866666666666667,15.851346226772845,16.131863294460395,439,2808,25.702034917365175,9.749218660312229,44.23125357767741,87.1,63.2,65.6,48.9
fish7,18.32,705,35.25,20.0,20.0,6.618712316066225,2.9610028195935763,10.0,15.737580583996964,16.12456491362748,434,2906,25.634908031303496,9.753935459126364,44.06884349042986,87.0,63.2,65.5,48.9
fish7,18.32,710,35.5,20.0,20.0,7.7747131428986185,3.399177183672435,10.0,19.397042093287823,18.317130516817496,533,3094,25.606288191712927,9.75173819156223,46.018026383275156,87.0,63.2,65.6,48.9
fish7,18.32,715,35.75,20.0,20.0,6.423317246752237,3.3533496143232715,10.0,14.865377322715204,15.481881998830001,411,3251,25.65993408864339,9.725956921005249,43.60589100964864,87.0,63.1,65.6,48.9
fish7,18.32,720,36.0,20.0,20.0,6.2427889674949,3.745673751925263,10.0,16.344330678801665,16.13748778712714,454,3349,25.44347151323484,9.722454316838583,44.24592583007342,86.9,63.1,65.4,48.9
fish7,18.32,725,36.25,20.0,20.0,5.842062378369859,2.9210311891849297,10.133333333333333,14.201744406522561,14.86633310695591,398,3440,25.437725,9.71859363975525,43.11631863975525,86.9,63.1,65.5,49.0
fish7,18.32,730,36.5,20.0,20.0,5.647326965757531,2.9210311891849297,10.266666666666666,13.784603716344328,14.516940837068384,388,3505,25.545463884348926,9.712656139755248,43.01812002410417,86.9,63.2,65.5,48.9
fish7,18.32,735,36.75,20.0,20.0,6.03848816128019,2.8018587831766806,10.266666666666666,13.765642775881682,14.892272825320944,386,3617,25.552946607632112,9.750908099269868,43.02385470690198,86.8,63.3,65.5,49.0
fish7,18.32,740,37.0,20.0,20.0,5.4525915531452025,2.7262957765726012,10.4,12.646947288585512,14.203353003948077,360,3806,25.496930994085623,9.752519429482355,42.44945042356798,86.8,63.3,65.5,49.0
fish7,18.32,745,37.25,20.0,20.0,5.4525915531452025,2.7262957765726012,10.533333333333333,11.642017444065223,13.807695250718563,331,3888,25.507386853705516,9.758027246093752,41.88541409979926,86.8,63.3,65.5,49.0
fish7,18.32,750,37.5,20.0,20.0,5.762574860104896,2.9773300658162873,11.2,12.855517633674628,14.25842814032648,362,4086,25.912712433068535,9.715260232035318,42.867972665103856,87.0,63.4,65.5,49.1
fish7,18.32,755,37.75,20.0,20.0,5.370250351074581,3.0293720024376696,11.2,12.021236253318163,13.62825720644633,337,4079,25.893858314777898,9.646822737587822,42.28068105236572,87.0,63.3,65.6,49.1
fish7,18.32,760,38.0,20.0,20.0,5.788589328419934,3.079036797791811,11.333333333333334,12.931361395525215,14.246959826568256,360,4129,25.89286015849171,9.646878078873954,42.73973823736567,87.1,63.3,65.6,49.1
fish7,18.32,765,38.25,20.0,20.0,6.599526557469658,2.6458930589197496,11.2,12.77967387182404,15.3303862983691,355,4200,25.88016917044557,9.644977031697165,42.62514620214274,87.0,63.3,65.6,49.1
fish7,18.32,770,38.5,20.0,20.0,6.884936538007577,2.8916731231061887,11.333333333333334,14.599924156238147,16.26997931101288,405,4271,25.836241268506456,9.641109809356266,43.57735107786272,87.0,63.4,65.6,49.1
fish7,18.32,775,38.75,20.0,20.0,7.022635417339058,3.0293720024376696,11.333333333333334,15.434205536594613,16.42543476239681,427,4320,25.792795056830506,9.568189908176,43.90098496500651,87.0,63.4,65.6,49.1
fish7,18.32,780,39.0,20.0,20.0,6.884936538007577,3.0293720024376696,11.066666666666666,15.301478953356083,16.260758301108737,425,4248,25.77627164440391,9.572392330074313,43.84866397447822,87.0,63.4,65.6,49.0
fish7,18.32,785,39.25,20.0,20.0,7.160334296670539,2.89167330882035,10.933333333333334,15.339400834281378,16.641746632006736,427,4214,25.789934842917358,9.562021255397797,43.891956098315156,87.0,63.4,65.6,49.0
fish7,18.32,790,39.5,20.0,20.0,7.298032433145374,3.0293720024376696,11.066666666666666,15.491088357982553,17.068413519853564,432,4252,25.780394964806828,9.566471140501234,43.98686610530806,87.0,63.4,65.6,49.0
fish7,18.32,795,39.75,20.0,20.0,7.3453442300732705,3.0785634123941397,10.933333333333334,16.401213500189606,17.124581398358252,455,4216,25.820920138210717,9.612799277369183,44.5337194155799,87.0,63.2,65.6,49.0
fish7,18.32,800,40.0,20.0,20.0,7.3139095082406005,3.072509873585783,10.8,16.477057262040194,17.084299671728438,457,4095,26.237439185173127,9.587900358570945,44.96533954374407,86.9,63.3,65.6,49.1
fish7,18.32,805,40.25,20.0,20.0,7.435730569620208,3.167070510340827,10.933333333333334,16.970041714069016,17.37842150358247,470,4121,26.174609302586678,9.595650995508826,45.170260298095506,86.9,63.3,65.6,49.1
fish7,18.32,810,40.5,20.0,20.0,7.315418992945299,3.222267730566148,10.8,17.595752749336363,17.349621833558828,488,4032,26.10736971450617,9.592825487603081,45.46019520210925,86.9,63.3,65.6,49.0
fish7,18.32,815,40.75,20.0,20.0,7.170706061162167,3.227649355538186,10.666666666666666,17.216533940083426,16.996225937777616,478,3937,26.13843739684304,9.537584592013888,45.23602198885693,87.2,63.5,65.6,49.0
fish7,18.32,820,41.0,20.0,20.0,6.958623460152152,3.017456024693143,10.666666666666666,16.344330678801665,16.61110305250207,454,3877,26.10240435444397,9.540406856271956,44.722811210715925,87.2,63.5,65.6,48.9
fish7,18.32,825,41.25,20.0,20.0,7.237080302483393,3.077624813021903,10.4,17.25445582100872,17.164211384352544,477,3700,26.081162940960162,9.544261017258963,45.16542395821912,87.2,63.5,65.6,49.0
fish7,18.32,830,41.5,20.0,20.0,7.315418992945299,2.9610028195935763,10.266666666666666,17.045885475919604,17.119742383737588,473,3548,26.041076060655378,9.546871700021955,45.04794776067733,87.2,63.5,65.6,48.9
fish7,18.32,835,41.75,20.0,20.0,7.489595105022582,3.135179674527506,9.866666666666667,18.259385665529006,17.609623609661934,506,3418,26.070811337600514,9.53810216597451,45.72891350357503,87.2,63.5,65.6,48.9
fish7,18.32,1425,71.25,20.0,20.0,11.23435402898828,8.106143835513665,12.133333333333333,70.11755783086839,31.044590700743566,1882,6379,26.018641398093145,9.840807205835976,73.49944860392912,87.1,63.4,65.7,49.0
fish7,18.32,1810,90.5,20.0,20.0,11.189892573011134,7.561769571035875,15.2,68.33522942737959,30.554506628526315,1839,5424,25.95029036908562,9.622200341754487,72.3524907108401,86.4,63.3,65.7,48.8
fish7,18.32,1825,91.25,20.0,20.0,11.237020884347466,7.459333353833967,13.6,64.67576791808872,29.97464340921316,1740,3955,26.04762094425155,9.66885722299152,70.51647816724306,86.6,63.4,65.7,48.9
fish7,18.32,1830,91.5,20.0,20.0,10.532351527079785,7.745764762260153,13.066666666666666,64.03109594235873,29.474400725933148,1719,3854,26.098714626057944,9.691663200791675,70.17037782684963,86.6,63.4,65.8,48.9
fish7,18.32,1835,91.75,20.0,20.0,10.12624145584109,8.178887329717803,11.6,62.30565036025786,29.212472513618497,1678,3389,26.086561993332847,9.655774601872762,69.30233659520562,86.6,63.4,65.8,48.8
fish7,18.32,1840,92.0,20.0,20.0,9.634975498700033,7.745764762260153,10.8,58.70307167235494,27.980649353569756,1582,3102,25.974717369079595,9.652245867877538,67.26696323695714,86.5,63.4,65.8,48.8
fish7,18.32,1845,92.25,20.0,20.0,9.08940003502564,8.36377543463059,10.933333333333334,59.764884338263165,27.94377538894644,1612,3090,25.96518625742594,9.637646302530502,67.84283255995643,86.5,63.4,65.8,48.8
fish7,18.32,1860,93.0,20.0,20.0,9.379700240864262,7.794854215141958,8.0,55.517633674630254,27.474248852979702,1503,2179,25.828914099799253,9.654062469100955,65.5429765689002,86.8,63.4,65.7,48.6
fish7,18.32,1865,93.25,20.0,20.0,8.56835815494246,7.984151917105475,8.0,52.559726962457326,26.499539335251452,1418,2252,25.82995128624057,9.661503860092163,63.85145514633273,86.8,63.4,65.7,48.6
fish7,18.32,1870,93.5,20.0,20.0,8.373622742330133,7.20521026665616,7.066666666666666,48.691695108077354,25.916899805295177,1327,1833,25.83131849922839,9.667197228738996,62.038515727967386,86.8,63.4,65.7,48.6
fish7,18.32,1875,93.75,20.0,20.0,8.56835815494246,6.426268616206846,6.933333333333334,46.16989002654531,25.04853007715801,1250,1833,25.833814116282525,9.659807903279196,60.49362201956172,86.8,63.4,65.7,48.6
fish7,18.32,1880,94.0,20.0,20.0,8.56835815494246,6.621004028819175,6.933333333333334,47.042093287827065,25.246013966503504,1275,1884,25.66453891661844,9.644221965779202,60.80876088239764,86.5,63.4,65.7,48.6
fish7,18.32,1885,94.25,20.0,20.0,8.373622742330133,6.231533203594517,7.866666666666666,44.42548350398179,24.87086397812922,1210,1942,25.65690447845459,9.649036414930558,59.505940893385144,86.5,63.4,65.7,48.5
fish7,18.32,1890,94.5,20.0,20.0,8.373622742330133,6.231533203594517,7.733333333333333,45.089116420174435,25.043362859185425,1223,1882,25.66662665049235,9.651572223567959,59.77819887406031,86.5,63.4,65.7,48.6
fish7,18.32,1895,94.75,20.0,20.0,8.178887329717803,6.231533203594517,7.6,44.709897610921495,24.96774202583431,1218,1784,25.675211467808857,9.656650348567963,59.69186181637682,86.5,63.4,65.7,48.6
fish7,18.32,1900,95.0,20.0,20.0,8.373622742330133,6.036797790982188,6.266666666666667,44.956389836935905,25.264282018571002,1233,1580,26.071010244393054,9.798144449191623,60.52915469358467,87.1,63.4,65.7,48.7
fish7,18.32,1905,95.25,20.0,20.0,8.373622742330133,6.426268616206846,6.266666666666667,45.601061812665904,25.144690757485755,1238,1625,26.03915270903788,9.795956949191622,60.595109658229504,87.1,63.4,65.8,48.7
fish7,18.32,1910,95.5,20.0,20.0,8.76309356755479,6.426268616206846,6.4,47.136897990140305,25.473239653813945,1278,1603,26.032620496283638,9.796191324191625,61.38881182047527,87.1,63.4,65.7,48.7
fish7,18.32,1915,95.75,20.0,20.0,8.178887329717803,6.621004028819175,6.533333333333333,45.98028062191884,24.96654637484828,1243,1672,26.01656135999891,9.793775959608288,60.6703373196072,87.1,63.4,65.7,48.7
fish7,18.32,1920,96.0,20.0,20.0,8.178887329717803,6.231533203594517,6.666666666666667,45.221843003412964,25.144239123859247,1235,1653,25.91538957579812,9.76613599114948,60.3815255669476,87.0,63.3,65.7,48.7
fish7,18.32,1925,96.25,20.0,20.0,7.984151917105475,6.036797790982188,6.0,42.88964732650739,24.47682388810348,1172,1616,25.912329484934865,9.766764255099828,59.1190937400347,87.0,63.3,65.7,48.7
fish7,18.32,1930,96.5,20.0,20.0,8.178887329717803,7.594681091880817,5.6,50.43610163064087,26.181602935396736,1368,1511,25.92304130978054,9.771181567626531,63.05422287740707,87.0,63.3,65.7,48.7
fish7,18.32,1940,97.0,20.0,20.0,8.373622742330133,7.789416504493146,5.866666666666666,50.94804702313234,26.746871366257032,1381,1659,25.920111612654306,9.844488859293195,63.38460047194751,86.9,63.4,65.7,48.7
fish7,18.32,1945,97.25,20.0,20.0,8.56835815494246,7.20521026665616,6.0,49.9241562381494,26.056267187082142,1347,1687,25.92333648679757,9.84423171280755,62.70756819960512,86.9,63.4,65.7,48.7
fish7,18.32,1955,97.75,20.0,20.0,8.373622742330133,7.594681091880817,6.0,50.70155479711793,26.200828251109705,1368,1633,25.992898256353683,9.638834520806208,62.99173277715989,86.8,63.5,65.8,48.7
fish7,18.32,1960,98.0,20.0,20.0,8.373622742330133,7.0104748540438315,5.866666666666666,49.62078119074705,25.97009484114533,1343,1601,25.98158324771457,9.5807648701032,62.42234811781777,86.8,63.5,65.7,48.7
fish7,18.32,1965,98.25,20.0,20.0,8.56835815494246,6.036797790982188,5.866666666666666,47.516116799393245,26.097897894952574,1294,1589,25.991088404507117,9.582760310702854,61.45384871520997,86.9,63.5,65.8,48.7
fish7,18.32,1970,98.5,20.0,20.0,8.178887329717803,6.036797790982188,5.866666666666666,46.07508532423208,25.622655169951848,1260,1589,26.038675278482316,9.581415903207992,60.8200911816903,86.9,63.5,65.8,48.7
fish7,18.32,2010,100.5,20.0,20.0,9.152564392779446,8.56835815494246,6.133333333333333,64.88433826317784,29.38302998525889,1756,2249,25.848079901801224,9.602649641927083,70.5707295437283,86.7,63.3,65.8,48.6
fish7,18.32,2015,100.75,20.0,20.0,9.152564392779446,8.56835815494246,6.4,64.5430413348502,29.29697129638892,1743,2480,25.872741221788196,9.603893131510418,70.33663435329862,86.7,63.3,65.8,48.6
fish7,18.32,2050,102.5,20.0,20.0,8.879225089882587,7.734215569984595,5.466666666666667,60.769814182783456,28.816278696461804,1637,2175,25.829100010831855,9.676113148328993,68.24521315916084,86.9,63.4,65.7,48.8
fish7,18.32,2055,102.75,20.0,20.0,10.12624145584109,7.984151917105475,5.333333333333333,67.614713689799,31.066745866282677,1815,2093,25.842724066162113,9.681751204427082,71.8244752705892,86.9,63.4,65.7,48.8
fish7,18.32,2275,113.75,20.0,20.0,11.099918518902733,7.0104748540438315,6.266666666666667,54.56958665149791,29.130430543490597,1481,1987,25.67621895930915,9.511324863168928,64.80754382247808,86.8,63.4,65.7,48.7
fish7,18.32,2280,114.0,20.0,20.0,10.905183106290405,7.20521026665616,6.4,56.73113386423966,29.154842623591644,1529,1867,25.557898748251837,9.547480461586844,65.68537920983869,86.5,63.4,65.6,48.8
fish7,18.32,2285,114.25,20.0,20.0,10.905183106290405,7.0104748540438315,6.4,56.95866514979142,29.383132081619177,1541,1892,25.576349288356454,9.547779940753513,65.94412922910996,86.5,63.4,65.7,48.8
fish7,18.32,2290,114.5,20.0,20.0,10.32097686845342,7.594681091880817,6.266666666666667,59.271899886234344,29.497952740538004,1595,1828,25.571891803807386,9.548124992836843,67.02001679664423,86.5,63.4,65.7,48.8
fish7,18.32,2295,114.75,20.0,20.0,10.12624145584109,7.20521026665616,6.4,58.02047781569965,29.191282411719637,1582,1821,25.579265889466836,9.548785799566906,66.76805168903374,86.5,63.4,65.7,48.8
fish7,18.32,2300,115.0,20.0,20.0,10.12624145584109,7.399945679268489,5.733333333333333,62.43837694349639,29.683508348575774,1689,1649,25.89085737297152,9.674859930409324,69.34571730338084,86.8,63.4,65.7,48.8
fish7,18.32,2305,115.25,20.0,20.0,9.931506043228762,7.399945679268489,5.733333333333333,60.409556313993164,29.2392730171221,1634,1674,25.89556636011572,9.675315659575991,68.25088201969172,86.8,63.4,65.7,48.8
fish7,18.32,2310,115.5,20.0,20.0,9.931506043228762,7.594681091880817,5.733333333333333,60.88357982555934,29.49337326145804,1645,1662,25.871169748263885,9.676650294992664,68.44782004325654,86.8,63.4,65.7,48.8
fish7,18.32,2315,115.75,20.0,20.0,9.736770630616434,7.594681091880817,5.866666666666666,58.77891543420553,29.137814770694664,1596,1641,25.85834424007086,9.675400294992658,67.45374453506352,86.8,63.4,65.7,48.8
fish7,18.32,2320,116.0,20.0,20.0,9.736770630616434,7.984151917105475,5.6,60.94046264694728,29.471263294102982,1646,1623,25.86902572631836,9.649619036769867,68.43864476308823,86.8,63.3,65.7,48.8
fish7,18.32,2325,116.25,20.0,20.0,9.715204016469395,8.35507509759249,5.6,61.452408039438744,29.575708845675273,1655,1625,25.85867420094808,9.653886599689061,68.61256080063714,86.8,63.3,65.7,48.8
fish7,18.32,2330,116.5,20.0,20.0,9.542035218004104,8.178887329717803,5.6,61.1111111111111,29.66295424803725,1657,1625,25.843665593634714,9.662337129338583,68.6460027229733,86.8,63.3,65.7,48.8
fish7,18.32,2335,116.75,20.0,20.0,9.347299805391776,8.178887329717803,5.6,62.66590822904815,29.837210008275548,1707,1580,25.826864341905388,9.663216035588581,69.63008037749397,86.8,63.3,65.7,48.8
fish7,18.32,2340,117.0,20.0,20.0,9.152564392779446,8.373622742330133,5.6,61.433447098976096,29.46555604256302,1667,1578,25.787241933846186,9.681887906222872,68.80912984006906,86.7,63.5,65.7,48.8
fish7,18.32,2345,117.25,20.0,20.0,9.152564392779446,8.373622742330133,5.466666666666667,61.33864239666286,29.59702172784916,1664,1577,25.787432601344726,9.681568895806206,68.74900149715094,86.7,63.5,65.7,48.8
fish7,18.32,2425,121.25,20.0,20.0,8.957828980167118,8.373622742330133,6.0,62.571103526734916,28.969054199638162,1693,1739,26.08698715277777,9.617786320622765,69.56477347340054,87.1,63.4,65.8,48.6
fish7,18.32,2430,121.5,20.0,20.0,9.152564392779446,8.373622742330133,6.0,62.26772847933256,28.810883212570463,1679,1811,26.096153804901494,9.619635278956098,69.29578908385758,87.1,63.4,65.8,48.6
fish7,18.32,2435,121.75,20.0,20.0,8.957828980167118,8.373622742330133,5.733333333333333,61.528251801289336,28.63083351870732,1661,1799,26.085975860802925,9.614290236367118,68.92026609717004,87.1,63.4,65.8,48.6
fish7,18.32,2440,122.0,20.0,20.0,9.152564392779446,8.373622742330133,5.866666666666666,60.95942358740992,28.78600714885117,1641,1861,25.999226692030174,9.645943882200454,68.46517057423063,86.9,63.4,65.8,48.6
fish7,18.32,2475,123.75,20.0,20.0,9.777791917465896,9.139614172869509,6.533333333333333,70.23132347364428,30.48963365405814,1883,2813,25.987125889455537,9.656246721384258,73.3033726108398,86.9,63.4,65.5,48.8
fish7,18.32,2480,124.0,20.0,20.0,9.863247917453247,9.283056076931313,6.8,70.8001516875237,30.77660521212306,1902,3060,25.908527854165897,9.716139296425714,73.66466715059161,86.6,63.5,65.5,48.8
fish7,18.32,2485,124.25,20.0,20.0,9.542035218004104,8.178887329717803,6.933333333333334,61.13007205157375,28.614108031679535,1644,3265,25.89443935816258,9.697597627597384,68.47203698575996,86.6,63.5,65.5,48.8
fish7,18.32,2490,124.5,20.0,20.0,9.542035218004104,8.178887329717803,6.8,62.30565036025786,29.071414575819368,1686,3445,25.906097344273704,9.70472653160095,69.33082387587466,86.6,63.5,65.5,48.8
fish7,18.32,2495,124.75,20.0,20.0,9.347299805391776,8.56835815494246,7.066666666666666,64.37239287068637,29.365752253957606,1737,3666,25.896687591759953,9.70027016447915,70.33695775623912,86.6,63.5,65.5,48.8
fish7,18.32,2500,125.0,20.0,20.0,9.152564392779446,8.373622742330133,7.466666666666667,63.46226772847932,29.057737238538603,1717,4000,25.849826268325618,9.684654824320475,69.87448109264609,86.8,63.5,65.8,48.8
fish7,18.32,2505,125.25,20.0,20.0,9.240299476956766,8.199725201495102,7.466666666666667,62.91240045506256,29.009381124452034,1692,4036,25.834439998202853,9.684166543070477,69.35860654127333,86.8,63.5,65.7,48.8
fish7,18.32,2510,125.5,20.0,20.0,9.347299805391776,8.178887329717803,7.466666666666667,64.44823663253696,29.597525361440884,1737,4120,25.846024202398606,9.680670444700452,70.26669464709906,86.8,63.5,65.7,48.8
fish7,18.32,2515,125.75,20.0,20.0,10.12624145584109,7.399945679268489,7.866666666666666,60.59916571861963,29.457963211927044,1632,4451,25.855229885506336,9.672874218400322,68.16810410390666,86.8,63.5,65.7,48.8
fish7,18.32,2890,144.5,20.0,20.0,9.347299805391776,7.594681091880817,7.466666666666667,52.48388320060674,27.52377132164332,1419,2244,25.731696725332,9.718622938781316,63.83031966411332,86.4,63.2,65.5,48.7
fish7,18.32,2895,144.75,20.0,20.0,8.178887329717803,7.399945679268489,7.466666666666667,47.250663632916186,25.716254619849764,1283,2209,25.730594264484928,9.715510963853202,61.10610522833812,86.4,63.2,65.5,48.7
fish7,18.32,2900,145.0,20.0,20.0,8.178887329717803,7.594681091880817,7.466666666666667,49.9241562381494,26.223211705781843,1356,2129,26.147785444396213,9.686764212671914,62.95454965706813,86.7,63.2,65.6,48.8
fish7,18.32,2905,145.25,20.0,20.0,8.178887329717803,7.789416504493146,7.466666666666667,48.9950701554797,26.209676904120034,1334,2129,26.13299377772955,9.690136612786185,62.503130390515736,86.7,63.2,65.6,48.8
fish7,18.32,2910,145.5,20.0,20.0,8.178887329717803,7.594681091880817,7.466666666666667,49.9620781190747,26.238615116908157,1352,2129,26.111005947913647,9.710377498202858,62.861383446116506,86.7,63.2,65.6,48.9
fish7,18.32,2915,145.75,20.0,20.0,8.583965573075186,7.3438444025049705,7.466666666666667,49.37428896473264,26.285036135860402,1330,2079,26.11293316507221,9.693495987786186,62.4064291528584,86.7,63.2,65.6,48.8
fish7,18.32,2920,146.0,20.0,20.0,8.471657533904416,7.4612759239632895,7.466666666666667,48.558968524838825,26.237872213833604,1306,2077,26.035519921573595,9.665087778207992,61.82060769978159,86.8,63.2,65.6,48.9
fish7,18.32,2930,146.5,20.0,20.0,8.56835815494246,7.984151917105475,6.933333333333334,52.559726962457326,27.28878176095416,1419,1998,26.022642325676806,9.683411356565687,64.0860536822425,86.8,63.2,65.6,48.8
fish7,18.32,2935,146.75,20.0,20.0,8.56835815494246,7.984151917105475,7.066666666666666,52.938945771710266,27.435145738061593,1428,1969,26.028006754387743,9.66733711136712,64.25534386575487,86.8,63.2,65.6,48.8
fish7,18.32,2945,147.25,20.0,20.0,8.56835815494246,7.984151917105475,7.066666666666666,56.23814941221084,27.839294574897732,1519,1973,25.96355796071747,9.732291493055554,66.07584945377302,86.6,63.3,65.6,48.8
fish7,18.32,2950,147.5,20.0,20.0,8.56835815494246,7.984151917105475,6.4,55.72620401971937,27.550863674951724,1509,1816,25.768497142349055,9.714075459628633,65.66257260197769,86.7,63.3,65.7,48.8
fish7,18.32,2955,147.75,20.0,20.0,8.56835815494246,7.984151917105475,6.4,55.93477436480848,27.585695108798284,1515,1816,25.749686246066627,9.715260352198284,65.76494659826491,86.7,63.3,65.7,48.8
fish7,18.32,2970,148.5,20.0,20.0,8.56835815494246,7.984151917105475,6.4,56.35191505498672,27.683951132367458,1527,1831,25.90063677660153,9.653030529435476,66.093667306037,86.7,63.2,65.7,48.8
fish7,18.32,3000,150.0,20.0,20.0,8.373622742330133,7.789416504493146,6.8,52.028820629503215,26.54225428882528,1411,1920,25.797329241698467,9.802604064899024,63.81993330659749,86.5,63.2,65.6,48.8
fish7,18.32,3005,150.25,20.0,20.0,8.373622742330133,7.789416504493146,6.8,52.50284414106939,26.664003200253145,1423,1920,25.815671359573173,9.796738162189058,64.07240952176224,86.5,63.2,65.6,48.8
fish7,18.32,3010,150.5,20.0,20.0,8.373622742330133,7.789416504493146,6.8,52.52180508153204,26.79869680659464,1427,1920,25.806960370551216,9.79138660413954,64.13834697469076,86.5,63.2,65.6,48.8
fish7,18.32,3015,150.75,20.0,20.0,8.178887329717803,7.789416504493146,6.8,51.270383010997335,26.370609762554796,1392,1934,25.796600137875398,9.79408842705621,63.430688564931614,86.5,63.2,65.6,48.9
fish7,18.32,3020,151.0,20.0,20.0,8.56835815494246,7.789416504493146,6.8,53.26128175957527,26.85562072745081,1443,1934,26.007337792497804,9.851953010389545,64.71929080288734,86.8,63.4,65.7,48.9
fish7,18.32,3025,151.25,20.0,20.0,8.373622742330133,7.789416504493146,6.8,51.72544558210086,26.698888862634867,1404,1981,25.98679098305408,9.851686083306209,63.918477066360296,86.8,63.4,65.7,48.9
fish7,18.32,3030,151.5,20.0,20.0,8.373622742330133,7.789416504493146,6.8,52.4270003792188,26.875526940922658,1428,1981,25.98329278336513,9.84994454904132,64.39323733240644,86.8,63.4,65.7,48.8
fish7,18.32,3035,151.75,20.0,20.0,8.373622742330133,7.789416504493146,6.8,53.10959423587409,27.01143497859476,1446,2035,25.991387390814886,9.848056528207989,64.75944391902289,86.8,63.4,65.7,48.8
fish7,18.32,3045,152.25,20.0,20.0,8.56835815494246,7.984151917105475,6.533333333333333,57.64125900644671,27.869629543894522,1571,1996,25.829178443268194,9.792376191838583,67.04155463510678,86.7,63.4,65.6,48.8
fish7,18.32,3050,152.5,20.0,20.0,8.373622742330133,7.789416504493146,6.933333333333334,54.94880546075085,27.13919550385902,1495,1930,26.039882181633843,9.627115879313154,65.566998060947,86.7,63.4,65.6,48.6
fish7,18.32,3055,152.75,20.0,20.0,8.373622742330133,7.594681091880817,6.933333333333334,54.588547591960555,27.03442499893264,1482,1930,26.04106708434305,9.628102208868663,65.30916929321171,86.7,63.4,65.6,48.6
fish7,18.32,3060,153.0,20.0,20.0,8.373622742330133,7.789416504493146,6.933333333333334,53.22335987864997,26.660072188596608,1439,1942,26.033684222920737,9.650563147216372,64.46424737013712,86.7,63.4,65.6,48.6
fish7,18.32,3065,153.25,20.0,20.0,8.178887329717803,7.789416504493146,6.933333333333334,52.59764884338262,26.64473879170918,1428,1977,26.06631888714072,9.64941731388304,64.27573620102376,87.0,63.4,65.6,48.6
fish7,18.32,3075,153.75,20.0,20.0,8.56835815494246,7.984151917105475,6.933333333333334,54.626469472885844,27.321975288753343,1474,2016,26.065780692696276,9.649768876383037,65.19554956907932,87.0,63.4,65.6,48.6
fish7,18.32,3080,154.0,20.0,20.0,8.91280889599217,7.777573140985767,6.933333333333334,56.06750094804701,27.611755727082457,1508,2021,25.92154883443574,9.647086585479313,65.72863541991505,86.7,63.4,65.6,48.6
fish7,18.32,3085,154.25,20.0,20.0,8.867962640272388,7.523361653867085,6.933333333333334,55.30906332954114,27.52355378071739,1490,2021,25.914478556315107,9.647161454900106,65.36164001121521,86.7,63.4,65.6,48.5
fish7,18.32,3090,154.5,20.0,20.0,8.814907818614168,7.669612298907463,6.933333333333334,55.97269624573378,27.716852462147788,1512,2021,25.91706106814161,9.647617184066775,65.80467825220839,86.7,63.4,65.6,48.6
fish7,18.32,3095,154.75,20.0,20.0,9.007933918084023,7.6953493102652155,6.933333333333334,57.186196435343184,27.952176424399006,1541,1932,25.897989874474796,9.646601556396487,66.36459143087129,86.7,63.4,65.6,48.5
fish7,18.32,3115,155.75,20.0,20.0,8.957828980167118,8.373622742330133,6.8,59.651118695487284,28.661011396737745,1610,1789,26.154409203121986,9.75979805348714,68.11420725660912,87.1,63.4,65.7,48.7
fish7,18.32,3145,157.25,20.0,20.0,8.957828980167118,8.373622742330133,6.8,56.90178232840348,28.115430222352888,1533,1798,26.087785999891494,9.781246623473699,66.5290326233652,87.0,63.4,65.7,48.7
fish7,18.32,3150,157.5,20.0,20.0,9.181370887798524,8.382381765043267,6.666666666666667,58.968524838831996,28.528436347907867,1588,1286,26.010811502169386,9.729645131842295,67.50045663401168,87.0,63.4,65.8,48.6
fish7,18.32,3155,157.75,20.0,20.0,9.017148311921163,8.482798897881313,6.666666666666667,57.86879029199847,28.311444439467056,1557,1301,26.002135313509715,9.73112299642563,66.87325830993535,87.0,63.4,65.8,48.6
fish7,18.32,3245,162.25,20.0,20.0,10.515712281065747,8.178887329717803,7.6,63.02616609783844,30.01017029616601,1704,2125,25.979483193461103,9.835156185531616,69.89463937899272,87.1,63.4,65.6,48.8
fish7,18.32,3280,164.0,20.0,20.0,9.39748125754322,8.241805059065133,7.466666666666667,58.13424345847553,28.283931048940257,1565,2191,25.63114983028836,9.775660734293195,66.70681056458156,87.1,63.4,65.7,48.8
fish7,18.32,3285,164.25,20.0,20.0,9.39210446113938,8.246726484344967,7.6,58.26697004171406,28.267248833312102,1568,2189,25.602925038580253,9.77985344262653,66.74277848120678,86.8,63.4,65.7,48.8
fish7,18.32,3350,167.5,20.0,20.0,8.76309356755479,8.178887329717803,8.0,53.81114903299203,27.199004935285274,1457,2502,25.652928864636834,9.798277903143564,64.59120676778039,87.0,63.5,65.5,48.9
fish7,18.32,3355,167.75,20.0,20.0,8.795920402742087,7.9250376137857295,8.0,52.33219567690556,26.79868176374756,1418,2503,25.648783983696827,9.798977770953709,63.807761754650535,87.0,63.5,65.5,48.9
fish7,18.32,3385,169.25,20.0,20.0,8.178887329717803,7.594681091880817,7.866666666666666,48.95714827455441,26.24906174742114,1336,2653,25.58904412495177,9.81598948156569,62.12503360651746,87.0,63.4,65.5,49.0
fish7,18.32,3390,169.5,20.0,20.0,8.883007715924082,7.837948072033796,8.0,52.294273795980274,27.172624772571965,1420,2791,25.587585809024763,9.794879444874654,63.78246525389942,87.0,63.4,65.5,49.0
fish7,18.32,3395,169.75,20.0,20.0,8.795920402742087,8.012125669824371,8.133333333333333,54.55062571103526,27.583968872452843,1470,2917,25.588332486677757,9.79198557111952,64.78031805779727,87.0,63.4,65.5,49.0
fish7,18.32,4025,201.25,20.0,20.0,6.231533203594517,5.842062378369859,17.866666666666667,31.247629882442165,20.667706139325723,858,6140,25.835936378460175,9.706471340433758,52.70240771889394,86.9,63.3,65.7,48.7
fish7,18.32,4030,201.5,20.0,20.0,6.426268616206846,5.842062378369859,15.866666666666667,33.06788016685627,21.357595829692773,910,5217,25.832425139231738,9.710921216233574,53.743346355465306,86.9,63.3,65.7,48.7
fish7,18.32,4040,202.0,20.0,20.0,7.0104748540438315,6.426268616206846,12.666666666666666,39.72317026924535,23.06357180475692,1080,4241,25.861075679901496,9.729326169490813,57.19040184939231,86.9,63.3,65.7,48.7
fish7,18.32,4045,202.25,20.0,20.0,7.20521026665616,6.621004028819175,12.933333333333334,40.0265453166477,23.010909373907683,1086,4118,25.823753563982173,9.711367186440366,57.255120750422535,86.8,63.2,65.7,48.7
fish7,18.32,4050,202.5,20.0,20.0,7.399945679268489,6.815739441431503,12.933333333333334,41.221084565794456,23.371888930688147,1116,3730,25.672017406303492,9.659827426391177,57.65184483269467,86.7,63.2,65.7,48.8
fish7,18.32,4055,202.75,20.0,20.0,7.20521026665616,6.426268616206846,10.0,37.58058399696624,22.427858046012545,1021,3086,25.666084238688153,9.66257483036253,55.74865906905069,86.7,63.2,65.7,48.8
fish7,18.32,4060,203.0,20.0,20.0,7.0104748540438315,6.231533203594517,10.0,37.06863860447478,22.438296389031073,1019,3118,25.667125905354823,9.688525351195866,55.73565125655068,86.7,63.2,65.7,48.9
fish7,18.32,4065,203.25,20.0,20.0,7.594681091880817,6.621004028819175,8.933333333333334,40.178232840348876,23.310089154164526,1091,2865,25.59424409722223,9.694410767862529,57.10865486508476,86.4,63.1,65.7,48.9
fish7,18.32,4070,203.5,20.0,20.0,8.373622742330133,5.842062378369859,8.4,42.017444065225625,24.522562848583334,1151,2743,25.59654444444444,9.67449865451389,58.291043098958326,86.4,63.1,65.7,48.9
fish7,18.32,4075,203.75,20.0,20.0,8.76309356755479,6.036797790982188,7.333333333333333,44.10314751611679,24.964840683131957,1199,2510,25.625875857204857,9.69535801489088,59.301233872095736,86.4,63.1,65.7,48.9
fish7,18.32,4080,204.0,20.0,20.0,7.789416504493146,5.842062378369859,7.333333333333333,40.462646947288576,23.700803335700446,1108,2491,25.593414895121256,9.69079746957355,57.444212364694806,86.4,63.1,65.7,48.9
fish7,18.32,4085,204.25,20.0,20.0,7.984151917105475,6.231533203594517,7.333333333333333,41.42965491088357,23.870161604571475,1126,2463,25.406427159721474,9.741083927906883,57.667511087628355,86.1,63.1,65.6,48.9
fish7,18.32,4090,204.5,20.0,20.0,7.789416504493146,6.231533203594517,6.666666666666667,41.37277208949563,23.872849259916748,1133,2493,25.411774286547992,9.73756178935369,57.80933607590168,86.1,63.1,65.6,48.9
fish7,18.32,4095,204.75,20.0,20.0,7.789416504493146,6.036797790982188,7.066666666666666,41.8847174819871,24.15778142113139,1141,2735,25.3986274582851,9.750195254474216,57.96882271275932,86.1,63.1,65.7,48.9
fish7,18.32,4100,205.0,20.0,20.0,7.789416504493146,6.621004028819175,7.866666666666666,44.065225635191496,24.673466979797038,1203,3245,25.69786848263211,9.73930661916733,59.49717510179944,86.2,63.2,65.8,48.8
fish7,18.32,4105,205.25,20.0,20.0,7.399945679268489,6.426268616206846,7.866666666666666,40.6332954114524,23.639639653394244,1110,3837,25.85775585257448,9.737792944335938,57.795548796910424,86.4,63.2,65.8,48.8
fish7,18.32,4110,205.5,20.0,20.0,7.789416504493146,6.815739441431503,7.733333333333333,43.45847554038679,24.15915800413926,1175,4292,25.862274043255088,9.73294594013426,59.09521998338935,86.4,63.2,65.8,48.8
fish7,18.32,4115,205.75,20.0,20.0,7.594681091880817,6.621004028819175,7.6,43.51535836177474,24.44309754637494,1189,4465,25.85093732638889,9.732454406568738,59.36339173295763,86.4,63.2,65.8,48.8
fish7,18.32,4120,206.0,20.0,20.0,7.594681091880817,6.621004028819175,7.333333333333333,42.017444065225625,24.140102106170126,1140,4463,25.851484155273432,9.735914692083998,58.38739884735743,86.4,63.2,65.8,48.8
fish7,18.32,4125,206.25,20.0,20.0,7.594681091880817,6.621004028819175,7.333333333333333,41.33485020857034,23.69182916313121,1125,4442,25.741953027343747,9.709339171250663,57.95129219859441,86.5,63.1,65.8,48.8
fish7,18.32,4130,206.5,20.0,20.0,7.399945679268489,6.426268616206846,6.8,40.310959423587406,23.605979890192604,1101,3894,25.74832453816732,9.702509733570945,57.47083427173827,86.4,63.1,65.8,48.8
fish7,18.32,4135,206.75,20.0,20.0,7.399945679268489,6.621004028819175,6.266666666666667,40.42472506636329,23.618768399496414,1100,2082,25.741683875189892,9.707281877634259,57.44896575282415,86.4,63.1,65.8,48.8
fish7,18.32,4140,207.0,20.0,20.0,7.399945679268489,6.815739441431503,5.866666666666666,44.04626469472885,24.73370011808276,1200,1849,25.76217865999952,9.71160153808594,59.473780198085464,86.4,63.1,65.8,48.8
fish7,18.32,4410,220.5,20.0,20.0,8.797111201945645,7.537613358620837,7.333333333333333,52.80621918847174,27.219913657015187,1426,2224,25.647364659721468,9.69063134748671,63.85799600720817,86.5,63.2,65.7,48.9
fish7,18.32,4415,220.75,20.0,20.0,8.56835815494246,7.594681091880817,7.333333333333333,49.77246871444823,26.604688975638542,1349,2180,25.672017570420255,9.693160636382633,62.345178206802885,86.5,63.2,65.7,48.9
fish7,18.32,4430,221.5,20.0,20.0,7.594681091880817,6.426268616206846,7.2,43.572241183162674,24.68176622067483,1191,2063,25.69575877231551,9.698424288898046,59.214183061213554,86.7,63.4,65.7,48.8
fish7,18.32,4435,221.75,20.0,20.0,7.984151917105475,7.20521026665616,7.466666666666667,48.047023132347356,25.681244528979835,1303,2074,25.708554014587406,9.696096806324853,61.46465082091226,86.7,63.4,65.7,48.8
fish7,18.32,4450,222.5,20.0,20.0,8.497565402290752,7.8498850354785725,7.2,56.806977626090244,27.617476117899347,1537,1891,25.732741840202422,9.849020032236309,66.32176187243874,86.8,63.4,65.7,48.9
fish7,18.32,4455,222.75,20.0,20.0,8.373622742330133,7.789416504493146,7.2,53.3560864618885,27.06271381572653,1446,1933,25.732976234266502,9.850868990569644,64.50384522483614,86.8,63.4,65.7,48.9
fish7,18.32,4460,223.0,20.0,20.0,8.373622742330133,7.594681091880817,7.2,51.47895335608645,26.770992292981383,1399,1986,25.732633380635583,9.85120753223631,63.563840912871896,86.8,63.4,65.7,48.9
fish7,18.32,4465,223.25,20.0,20.0,8.373622742330133,7.789416504493146,7.2,53.65946150929085,27.198314125033022,1460,2010,25.58115331759983,9.844840344736314,64.62599366233614,86.8,63.3,65.7,48.9
fish7,18.32,4470,223.5,20.0,20.0,8.56835815494246,7.984151917105475,7.2,55.57451649601819,27.772017971680032,1511,2026,25.566574371545116,9.850748545328775,65.6373229168739,86.8,63.3,65.7,48.9
fish7,18.32,4475,223.75,20.0,20.0,8.416349628038839,7.913197964561581,7.2,54.209328782707615,27.328179256032517,1465,2058,25.584347818332247,9.85088201140298,64.73522982973523,86.8,63.3,65.7,48.9
fish7,18.32,4500,225.0,20.0,20.0,8.76309356755479,8.178887329717803,7.6,57.944634053849065,27.857037705887745,1571,2834,25.797772778753583,9.626848927434285,66.84462170618787,86.5,63.3,65.7,49.0
fish7,18.32,4740,237.0,20.0,20.0,9.830658796392674,7.680957948462014,11.066666666666666,55.42282897231702,28.146736963914012,1492,3565,25.848666328919965,9.717538638644749,65.40620496756472,86.5,63.1,65.6,48.7
fish7,18.32,4760,238.0,20.0,20.0,7.984151917105475,6.426268616206846,14.4,46.16989002654531,25.10881022434086,1256,5647,25.645575315856938,9.69907223119736,60.4646475470543,86.5,63.2,65.7,48.7
fish7,18.32,4765,238.25,20.0,20.0,7.789416504493146,6.231533203594517,14.4,44.444444444444436,24.99486409340855,1221,5700,25.7469817082723,9.633743460930717,59.80072516920302,86.6,63.2,65.7,48.7
fish7,18.32,4770,238.5,20.0,20.0,7.594681091880817,6.231533203594517,14.266666666666666,43.68600682593856,24.78037524043648,1202,5714,25.73292798075735,9.64651038576762,59.419438366524965,86.6,63.2,65.7,48.7
fish7,18.32,4775,238.75,20.0,20.0,7.789416504493146,6.426268616206846,14.933333333333334,45.2787258248009,25.100651290512083,1239,6074,25.742107724488818,9.645338506020439,60.167446230509256,86.6,63.2,65.7,48.7
fish7,18.32,4780,239.0,20.0,20.0,7.594681091880817,6.621004028819175,16.0,44.02730375426621,24.628855002491992,1205,6457,25.754542586696292,9.655677034335664,59.51021962103196,86.6,63.2,65.7,48.6
fish7,18.32,4785,239.25,20.0,20.0,8.152095461922713,7.433348228356445,15.866666666666667,47.4971558589306,25.518120336296416,1284,6665,25.698861241018037,9.653928999572328,61.032790240590366,86.6,63.2,65.7,48.6
fish7,18.32,4790,239.5,20.0,20.0,7.789416504493146,7.399945679268489,15.733333333333333,46.47326507394766,25.188726278033492,1260,6829,25.712407147424017,9.65096022685369,60.5633673742777,86.6,63.2,65.7,48.6
fish7,18.32,5175,258.75,20.0,20.0,10.482816360210371,6.883876481573718,12.0,54.66439135381114,28.250457719542496,1473,4344,25.93854094298563,9.759628607177735,65.15816955016336,87.0,63.6,65.6,48.7
fish7,18.32,5180,259.0,20.0,20.0,10.337892457139771,7.270339480238669,11.866666666666667,60.42851725445581,29.093139093432224,1629,4284,25.92910077083258,9.760364284261067,68.26946505509365,87.0,63.6,65.6,48.7
fish7,18.32,5185,259.25,20.0,20.0,9.90312149078462,7.270339480238669,11.6,57.90671217292377,28.279957578383545,1562,3861,25.898848889593427,9.755266655815971,66.89411554540939,87.0,63.5,65.5,48.7
fish7,18.32,5190,259.5,20.0,20.0,9.95142945847482,7.318648190785515,11.466666666666667,59.2529389457717,28.568899911916066,1595,3646,25.825194520832575,9.76288711521361,67.48808163604619,87.0,63.5,65.5,48.8
fish7,18.32,5195,259.75,20.0,20.0,9.97558344231992,7.680957948462014,11.066666666666666,60.44747819491846,28.960848489054957,1631,3441,25.87624047278887,9.79829076757431,68.29453124036317,87.0,63.5,65.6,48.8
fish7,18.32,5200,260.0,20.0,20.0,9.931506043228762,7.789416504493146,9.733333333333333,63.083048919226385,29.273895035037295,1701,3155,25.893866542769064,9.730872298177085,69.64473884094616,87.0,63.3,65.7,48.8
fish7,18.32,5205,260.25,20.0,20.0,9.736770630616434,7.789416504493146,9.733333333333333,61.88850967007963,29.16525382912832,1672,3135,26.027916014946822,9.67974925332599,69.14766526827282,86.8,63.2,65.7,48.8
fish7,18.32,5210,260.5,20.0,20.0,9.736770630616434,7.594681091880817,9.866666666666667,58.987485779294644,28.67416780579549,1592,3116,26.02522508409288,9.68441398044162,67.5496390645345,86.8,63.2,65.7,48.8
fish7,18.32,5215,260.75,20.0,20.0,9.542035218004104,7.594681091880817,9.066666666666666,56.95866514979142,28.326197688528218,1539,2949,26.015919607204854,9.682662685648598,66.47858229285345,86.8,63.2,65.7,48.8
fish7,18.32,5220,261.0,20.0,20.0,9.347299805391776,7.789416504493146,9.2,55.97269624573378,28.329367666765187,1512,2935,26.005212070022388,9.685257088459863,65.93046915848225,86.8,63.2,65.7,48.8
fish7,18.32,5225,261.25,20.0,20.0,8.56835815494246,7.594681091880817,9.066666666666666,50.360257868790285,26.34923443399411,1361,2879,25.97957406925155,9.731813078043196,62.93138714729474,87.0,63.3,65.7,48.8
fish7,18.32,5230,261.5,20.0,20.0,8.373622742330133,7.789416504493146,9.066666666666666,49.52597648843382,26.213733296049856,1345,2859,25.969113986469786,9.734202393754325,62.603316380224115,87.0,63.3,65.7,48.8
fish7,18.32,5235,261.75,20.0,20.0,8.513249334658015,7.63205272402842,9.2,49.184679560106176,25.983972587220627,1328,2876,25.94316344534792,9.736328035312228,62.23949148066015,87.0,63.3,65.7,48.8
fish7,18.32,5240,262.0,20.0,20.0,8.373622742330133,7.789416504493146,8.533333333333333,50.34129692832764,26.328975827900805,1358,2734,25.934061669243704,9.743437410312227,62.837499079555926,87.0,63.3,65.7,48.8
fish7,18.32,5265,263.25,20.0,20.0,8.178887329717803,7.0104748540438315,6.933333333333334,48.50208570345088,25.818574696057922,1323,2507,25.613345296054415,9.735878816562229,61.80922411261665,86.7,63.3,65.6,49.0
fish7,18.32,5270,263.5,20.0,20.0,8.373622742330133,7.594681091880817,7.2,51.38414865377322,26.58993203550842,1395,2666,25.62054591282974,9.73633128856023,63.25687720138997,86.7,63.3,65.6,49.0
fish7,18.32,5385,269.25,20.0,20.0,8.56835815494246,7.789416504493146,9.066666666666666,57.66021994690936,27.9875207543311,1572,5214,25.736145094807938,9.807727749972875,66.98387284478082,86.5,63.6,65.8,48.9
fish7,18.32,5390,269.5,20.0,20.0,8.56835815494246,7.594681091880817,9.066666666666666,55.06257110352673,27.407305490610547,1502,5424,25.73472139146593,9.805996004062226,65.58071739552815,86.5,63.6,65.8,48.9
fish7,18.32,5395,269.75,20.0,20.0,8.56835815494246,7.789416504493146,9.066666666666666,58.323852863102,28.249783577136238,1577,5628,25.71037223239475,9.817727774895562,67.06810000729031,86.5,63.6,65.8,49.0
fish7,18.32,5400,270.0,20.0,20.0,8.56835815494246,7.984151917105475,11.733333333333333,59.32878270762229,28.326857948800903,1605,6969,25.76295474128252,9.718434153143562,67.58138889442608,86.7,63.7,65.6,49.0
fish7,18.32,5405,270.25,20.0,20.0,8.721734280931392,7.579890816058707,11.466666666666667,57.37580583996965,28.088894175815266,1552,6990,25.759373986062883,9.677617085732356,66.47699107179524,86.7,63.5,65.6,49.0
fish7,18.32,5410,270.5,20.0,20.0,9.542035218004104,7.20521026665616,11.466666666666667,58.001516875237,28.76242393426718,1569,7105,25.706617918396002,9.679866444810234,66.76648436320623,86.5,63.5,65.6,49.0
fish7,18.32,5415,270.75,20.0,20.0,9.695448486825336,6.992003723540728,11.333333333333334,57.470610542282884,28.85109072317849,1551,7017,25.659174367947045,9.675491436756982,66.35466580470403,86.5,63.5,65.5,49.0
fish7,18.32,5680,284.0,20.0,20.0,10.013432731290909,7.2697310806455855,9.466666666666667,54.872961698900255,27.91519692770342,1480,3080,25.76187413729445,9.611490779452854,64.9733649167473,87.0,63.5,65.8,48.8
fish7,18.32,5685,284.25,20.0,20.0,9.829799311253238,7.2697310806455855,9.6,56.95866514979142,28.083493236570433,1537,3076,25.765854163935153,9.626344301340318,66.13219846527548,87.0,63.5,65.8,48.8
fish7,18.32,5690,284.5,20.0,20.0,9.736770630616434,7.20521026665616,9.733333333333333,53.48881304512703,27.43723940987557,1457,3137,25.76740365118333,9.62731435342365,64.53471800460699,86.6,63.5,65.8,48.8
fish7,18.32,5695,284.75,20.0,20.0,9.347299805391776,7.20521026665616,10.0,51.896094046264686,26.886665170973078,1402,3062,25.766887274829248,9.636533130126526,63.44342040495577,86.6,63.5,65.8,48.8
fish7,18.32,5700,285.0,20.0,20.0,8.76309356755479,7.594681091880817,8.133333333333333,54.588547591960555,27.471048696191488,1477,2710,25.713444766273028,9.760797375986307,65.01424214225933,86.8,63.5,65.7,48.9
fish7,18.32,5705,285.25,20.0,20.0,8.76309356755479,7.789416504493146,8.4,54.607508532423196,27.59073566971272,1472,2713,25.735775087690943,9.734254396979011,64.91002948466995,86.8,63.5,65.8,48.9
fish7,18.32,5710,285.5,20.0,20.0,8.76309356755479,7.789416504493146,8.266666666666666,54.85400075843761,27.520029181289033,1479,2553,25.766686546024268,9.727356586201985,65.07404313222625,87.0,63.5,65.7,48.9
fish7,18.32,5715,285.75,20.0,20.0,8.76309356755479,7.984151917105475,8.266666666666666,55.61243837694349,27.782793362687418,1502,2569,25.777025157316228,9.725081198363831,65.54210635568006,87.0,63.5,65.7,48.9
fish7,18.32,5775,288.75,20.0,20.0,8.178887329717803,7.20521026665616,6.533333333333333,48.46416382252559,25.438834689325006,1313,2247,25.610072762025432,9.693880045403374,61.563952807428805,87.0,63.5,65.7,48.9
fish7,18.32,5780,289.0,20.0,20.0,7.984151917105475,7.0104748540438315,6.533333333333333,46.90936670458854,25.215211578176483,1278,2212,25.60276813505196,9.692219889153375,60.85498802420534,87.0,63.5,65.8,48.8
fish7,18.32,5785,289.25,20.0,20.0,7.789416504493146,7.0104748540438315,6.533333333333333,44.72885855138414,24.662763297670264,1220,2229,25.608085017432696,9.70179671207004,59.70988172950274,87.0,63.5,65.8,48.8
fish7,18.32,5790,289.5,20.0,20.0,7.789416504493146,7.0104748540438315,6.533333333333333,44.160030337504736,24.49419786576896,1201,2250,25.52510313517252,9.699426920403376,59.24453005557589,87.0,63.5,65.7,48.8
fish7,18.32,5795,289.75,20.0,20.0,7.789416504493146,6.815739441431503,6.533333333333333,45.39249146757678,24.950525742706212,1238,2242,25.61283321350474,9.695657389153375,60.068490602658116,87.0,63.5,65.8,48.8
fish7,18.32,5850,292.5,20.0,20.0,9.247120386680454,8.021339320804866,6.4,60.42851725445581,28.76947148491071,1631,2362,25.900215385606554,9.68023106637531,68.20044645198186,87.0,63.5,65.6,48.7
fish7,18.32,5855,292.75,20.0,20.0,9.220119776167833,8.035590282701971,6.666666666666667,60.73189230185816,28.729822904286,1632,2358,25.89260240275065,9.674505150307553,68.20710755305821,87.0,63.5,65.6,48.7
fish7,18.32,5860,293.0,20.0,20.0,9.316162969074156,8.035590282701971,6.533333333333333,61.24383769434963,28.815978628805354,1647,2401,25.89140455457899,9.670416608640886,68.50182116321987,87.0,63.5,65.6,48.8
fish7,18.32,5865,293.25,20.0,20.0,9.318544567481274,8.096439899146802,6.666666666666667,61.54721274175198,29.03497114305096,1653,2405,25.891018348053358,9.688164004474217,68.63918235252757,87.0,63.5,65.6,48.8
fish7,18.32,5870,293.5,20.0,20.0,9.290131043627937,8.257893848304475,6.533333333333333,62.77967387182403,29.223152888618003,1694,2456,25.891417762115854,9.680803976853689,69.45222173896954,86.9,63.5,65.6,48.8
fish7,18.32,5875,293.75,20.0,20.0,9.225615429635035,8.32240871944073,6.8,63.27265832385285,29.330304388380476,1704,2542,25.88351856129964,9.679241476853688,69.64276003815333,86.9,63.5,65.6,48.8
fish7,18.32,5880,294.0,20.0,20.0,9.347299805391776,8.178887329717803,6.8,62.969283276450504,29.297520360307406,1703,2607,25.90978148803711,9.680872317462498,69.65065380549962,86.9,63.5,65.6,48.8
fish7,18.32,5885,294.25,20.0,20.0,9.347299805391776,8.373622742330133,6.8,63.65187713310579,29.3733124453297,1714,2542,25.89066696777344,9.680761636691626,69.85142860446507,86.9,63.5,65.6,48.8
fish7,18.32,5890,294.5,20.0,20.0,9.152564392779446,8.178887329717803,7.466666666666667,62.51422070534697,29.23394942782553,1699,2964,25.772989339023177,9.691448501576316,69.4444378405995,86.6,63.5,65.7,48.8
fish7,18.32,5895,294.75,20.0,20.0,9.152564392779446,8.373622742330133,7.6,61.64201744406522,28.925078409407618,1659,2964,25.76222535669774,9.704326112270355,68.64655146896808,86.6,63.5,65.6,48.8
fish7,18.32,5900,295.0,20.0,20.0,8.76309356755479,8.178887329717803,8.933333333333334,61.20591581342433,28.655371954081,1656,3329,25.872016567484543,9.667207019000582,68.65922358648513,86.7,63.5,65.8,48.8
fish7,18.32,5905,295.25,20.0,20.0,8.76309356755479,7.984151917105475,8.933333333333334,59.55631399317405,28.12505290877409,1604,3274,25.860692816162103,9.694287096394431,67.63497991255653,86.6,63.5,65.8,48.8
fish7,18.32,5910,295.5,20.0,20.0,8.76309356755479,7.984151917105475,8.933333333333334,59.84072810011376,28.30779290440931,1619,3252,25.90286274956597,9.695960273477768,67.97882302304373,86.9,63.5,65.8,48.8
fish7,18.32,5915,295.75,20.0,20.0,9.152564392779446,7.984151917105475,8.933333333333334,60.67500948047022,28.489103968857385,1641,3242,25.899060595024956,9.694703763061101,68.41376435808606,86.9,63.5,65.8,48.8
fish7,18.32,5920,296.0,20.0,20.0,8.178887329717803,7.789416504493146,8.933333333333334,55.46075085324231,27.42979410592664,1512,3254,25.88305383745358,9.696031888061098,65.81908572551468,86.9,63.5,65.8,48.8
fish7,18.32,5935,296.75,20.0,20.0,8.647115816552718,8.188190866352466,9.2,59.84072810011376,28.657977221981376,1611,3398,25.818674508535118,9.677952460977767,67.71662696951289,86.9,63.4,65.8,48.8
fish7,18.32,5950,297.5,20.0,20.0,8.332065855838895,7.169452119143697,8.8,50.492984452028814,26.221014173323045,1364,3481,25.86208698638162,9.807242754607733,62.949329740989356,86.8,63.6,65.7,49.1
fish7,18.32,5955,297.75,20.0,20.0,8.124224966277612,7.242953327126769,8.8,49.77246871444823,26.08460456812926,1339,3485,25.84985606913626,9.8087141087744,62.43857017791066,86.7,63.6,65.7,49.1
fish7,18.32,5960,298.0,20.0,20.0,8.23649809118602,7.753419157140668,8.8,53.033750474023506,26.9065261630466,1428,3488,25.908076569714957,9.807708265516494,64.27578483523146,86.7,63.6,65.8,49.1
fish7,18.32,5965,298.25,20.0,20.0,8.56835815494246,7.789416504493146,8.8,54.493742889647315,27.37365854168605,1465,3535,25.84264702502592,9.808932223849828,64.95157924887575,86.7,63.6,65.7,49.1
fish7,18.32,5970,298.5,20.0,20.0,8.373622742330133,7.594681091880817,8.933333333333334,52.25635191505498,26.62111082001227,1412,3613,25.93947419552273,9.76513665093316,63.944610846455895,86.8,63.5,65.7,49.1
fish7,18.32,5975,298.75,20.0,20.0,8.373622742330133,7.789416504493146,9.066666666666666,52.692453545695855,26.79640978312427,1423,3726,25.946544542025347,9.741552668242987,64.14809721026833,86.8,63.5,65.7,49.1
fish7,18.32,5980,299.0,20.0,20.0,8.56835815494246,7.789416504493146,9.066666666666666,54.361016306408786,27.19538954484621,1470,3744,25.964126931254064,9.746428963459866,65.11055589471394,86.8,63.5,65.7,49.1
fish7,18.32,5985,299.25,20.0,20.0,8.76309356755479,7.984151917105475,9.066666666666666,55.384907091391725,27.26754492872941,1491,3833,25.93881432787106,9.707314380126533,65.4661287079976,86.8,63.6,65.7,49.1
fish7,18.32,5990,299.5,20.0,20.0,8.76309356755479,8.178887329717803,8.266666666666666,57.37580583996965,27.806254214853247,1544,3698,25.901153683132595,9.707665942626534,66.48881962575912,86.8,63.6,65.7,49.1
fish7,18.32,5995,299.75,20.0,20.0,9.542035218004104,7.984151917105475,8.266666666666666,58.77891543420553,28.18916977124798,1580,3727,25.90512943966713,9.710797453043197,67.21592689271033,86.8,63.6,65.7,49.1
fish8,12.7,255,12.75,20.0,20.0,43.61812351262082,30.757245485785702,6.666666666666667,1238.2442169131587,137.37364738293408,7088,1706,24.60071586083306,9.83299152627521,176.19370738710825,86.3,63.3,65.0,48.7
fish8,12.7,265,13.25,20.0,20.0,50.59616821692633,46.34554843129536,6.666666666666667,1921.084565794463,165.6609472171212,5833,2049,24.514621919589572,9.856393208652076,151.03101512824165,85.8,63.2,65.2,48.8
fish8,12.7,270,13.5,20.0,20.0,44.25373840178847,33.23371857230426,6.666666666666667,929.256731133864,127.77989541380539,4461,2077,24.3473132051256,9.878124981307986,123.44543818643359,85.8,63.2,65.1,48.8
fish8,12.7,275,13.75,20.0,20.0,45.72905764362267,32.97176057608096,6.8,1375.654152445961,142.8700670371229,5344,1913,24.470850346016586,9.89872720463011,141.24957755064668,85.9,63.3,65.1,48.8
fish8,12.7,280,14.0,20.0,20.0,51.379590778664394,21.171772468262656,6.8,650.7015547971179,118.29498431652355,2426,1949,24.59490410126109,9.927255844868553,83.04215994612964,85.8,63.3,65.1,48.8
fish8,12.7,440,22.0,20.0,20.0,46.23926941666363,10.348788678423485,6.933333333333334,334.4330678801668,100.67496363881548,1818,1598,25.377672317994673,9.82344389135573,71.5611162093504,86.2,63.2,65.4,49.2
fish8,12.7,445,22.25,20.0,20.0,60.64596675246614,37.752848349776365,6.4,1644.1979522184297,167.98271492853988,3111,1496,25.25827129599489,9.832454303487147,97.31072559948204,86.1,63.2,65.4,49.2
fish8,12.7,455,22.75,20.0,20.0,14.22782488400913,5.112849408946244,6.533333333333333,60.29579067121728,33.4727132446004,1633,2104,25.60332798784044,9.945504542785221,68.20883253062567,86.1,63.3,65.4,49.2
fish8,12.7,460,23.0,20.0,20.0,14.051521230497666,5.112849408946244,6.933333333333334,59.70800151687523,33.35070296370449,1617,2379,25.56621859535876,9.945312484698828,67.85153108005758,86.3,63.3,65.4,49.2
fish8,12.7,465,23.25,20.0,20.0,13.936833078633072,5.265562163950285,7.466666666666667,60.48540007584375,33.36289477340739,1635,3791,25.534390926106774,9.89215492922465,68.12654585533143,86.3,63.3,65.4,49.2
fish8,12.7,470,23.5,20.0,20.0,13.901150702498501,5.455214579962273,7.733333333333333,64.41031475161166,33.9283468059306,1732,4151,25.541756587558318,9.894749332841235,70.07650592039955,86.3,63.3,65.4,49.2
fish8,12.7,475,23.75,20.0,20.0,14.29222164093867,6.002177328423094,7.733333333333333,70.38301099734545,34.92424148091816,1896,4134,25.44341437398652,9.896930327002208,73.26034470098872,86.3,63.3,65.4,49.2
fish8,12.7,480,24.0,20.0,20.0,60.699547516629735,10.054401275318503,7.733333333333333,450.208570345089,129.89717730127595,2260,4172,25.408813991800947,9.89786131514443,80.50667530694538,86.0,63.3,65.4,49.2
fish8,12.7,485,24.25,20.0,20.0,14.605152974498065,6.231532460737871,7.6,79.7307546454304,36.48841069546973,2159,4134,25.260997368631255,9.909326158894437,78.35032352752569,86.0,63.4,65.4,49.2
fish8,12.7,490,24.5,20.0,20.0,14.605152974498065,6.036797048125543,7.466666666666667,79.54114524080393,36.64349636674384,2156,4030,25.343527496545107,9.9041178255611,78.3676453221062,86.0,63.4,65.4,49.2
fish8,12.7,495,24.75,20.0,20.0,14.605155945924649,6.231533203594517,7.333333333333333,81.13386423966628,36.69905220101502,2185,3845,25.223449408467616,9.902988262557981,78.8264376710256,85.9,63.4,65.4,49.1
fish8,12.7,500,25.0,20.0,20.0,13.912947266037182,6.28675048094928,6.533333333333333,77.98634812286689,35.64565243591714,2098,3329,25.621757208911287,9.779641845024958,77.36139905393625,86.6,63.4,65.3,48.9
fish8,12.7,505,25.25,20.0,20.0,62.314702093509354,9.984510350635054,6.533333333333333,429.1619264315509,131.79199509646566,2427,3277,25.56222154217002,9.746682869709863,83.84890441187989,86.6,63.2,65.3,48.9
fish8,12.7,510,25.5,20.0,20.0,14.215685120699993,5.842062378369859,6.266666666666667,77.20894956389836,36.384436463225065,2106,3117,25.494070570203988,9.755908130126526,77.3699787003305,86.6,63.2,65.3,48.9
fish8,12.7,515,25.75,20.0,20.0,14.215685120699993,5.842062378369859,6.0,75.6920743268866,36.25869532411018,2052,1713,25.55590225867754,9.760403574583268,76.35630583326082,86.6,63.2,65.3,48.9
fish8,12.7,520,26.0,20.0,20.0,14.761977441037786,5.134600994398139,5.466666666666667,68.10769814182783,35.63327502812409,1829,1459,25.46592399086657,9.762278590901692,71.80820258176826,86.5,63.2,65.3,48.9
fish8,12.7,525,26.25,20.0,20.0,14.963556049073183,4.813037666612078,4.933333333333334,62.988244216913145,34.98106267862875,1704,1277,25.420498767975232,9.828645778401691,69.32914454637692,86.5,63.4,65.4,48.9
fish8,12.7,530,26.5,20.0,20.0,14.994626771149306,4.868385315308217,4.8,61.073189230185804,34.49262879280781,1644,1031,25.46521651950412,9.843466737270354,68.18868325677448,86.5,63.4,65.3,48.8
fish8,12.7,535,26.75,20.0,20.0,14.994626771149306,4.868385315308217,5.066666666666666,61.09215017064845,34.3553562667626,1649,1095,25.386987376950113,9.837913354990219,68.20490073194034,86.5,63.4,65.3,48.9
fish8,12.7,540,27.0,20.0,20.0,14.777990458899234,5.238089096610802,4.933333333333334,62.3625331816458,34.149227708198914,1679,1059,25.390359742548437,9.837210233041976,68.80756997559041,86.4,63.4,65.3,48.8
fish8,12.7,545,27.25,20.0,20.0,14.799891358536978,5.647326965757531,5.733333333333333,64.46719757299961,34.221900956021464,1738,1202,25.32916178835645,9.790947212208643,69.88010900056508,86.4,63.4,65.3,48.8
fish8,12.7,550,27.5,20.0,20.0,14.799891358536978,6.231533203594517,6.0,69.7952218430034,34.73936442599799,1874,1255,25.830059835476337,9.888694595326317,73.19875443080267,86.5,63.4,65.5,49.0
fish8,12.7,555,27.75,20.0,20.0,14.605155945924649,6.036797790982188,6.4,68.8661357603337,34.65069566387371,1849,1365,25.73998183947905,9.875706317382388,72.59568815686144,86.5,63.4,65.5,49.0
fish8,12.7,560,28.0,20.0,20.0,14.70678319223905,6.4931836571663695,7.2,76.58323852863101,35.60143308156378,2054,1575,25.796639778344424,9.9102994272444,76.78693920558882,86.5,63.4,65.6,49.1
fish8,12.7,565,28.25,20.0,20.0,14.86420937266204,6.578805314185782,7.333333333333333,77.32271520667423,35.79320649258576,2080,1759,25.71460428871814,9.932037699211971,77.2466419879301,86.5,63.3,65.5,49.1
fish8,12.7,570,28.5,20.0,20.0,14.799891358536978,6.815739441431503,6.933333333333334,80.48919226393627,36.08353961625951,2160,1963,25.73458254937067,9.936591734049056,78.87117428341973,86.5,63.3,65.5,49.2
fish8,12.7,575,28.75,20.0,20.0,14.276678108477503,6.978784589524934,6.933333333333334,83.71255214258626,35.96343232516225,2246,3251,25.766440233696837,9.929606069342295,80.61604630303913,86.5,63.3,65.5,49.2
fish8,12.7,580,29.0,20.0,20.0,13.826214295475335,6.815739441431503,6.933333333333334,82.17671596511185,35.82008037639742,2216,3603,25.69471701115738,9.939973903401691,79.95469091455908,86.5,63.3,65.5,49.2
fish8,12.7,585,29.25,20.0,20.0,13.631478882863005,7.399945679268489,6.8,87.5237011755783,36.29616373655019,2351,3754,25.73259045860384,9.925826767985026,82.67841722658886,86.5,63.3,65.5,49.2
fish8,12.7,590,29.5,20.0,20.0,13.436743470250677,8.178887329717803,7.466666666666667,96.7387182404247,37.46105586100725,2596,4029,25.610585250270514,9.93091791381836,87.46150316408887,86.5,63.3,65.4,49.2
fish8,12.7,595,29.75,20.0,20.0,13.436743470250677,8.76309356755479,7.2,101.97193780811527,38.123243869902005,2734,3965,25.812690334442518,9.932525986735026,90.42521632117754,86.4,63.3,65.5,49.2
fish8,12.7,600,30.0,20.0,20.0,14.215098263949642,8.247667683715465,6.933333333333334,98.388320060675,37.9030343475418,2638,4103,25.90032877604166,9.85501295636495,88.51534173240661,86.4,63.4,65.5,49.1
fish8,12.7,605,30.25,20.0,20.0,14.020949708087663,8.56835815494246,6.933333333333334,100.2464922260144,38.11269245017339,2689,4089,26.04721702728271,9.876064393520355,89.70328142080307,86.4,63.4,65.6,49.1
fish8,12.7,610,30.5,20.0,20.0,14.250563725943575,8.664246090809769,6.8,104.26621160409555,38.76226763536112,2788,3926,25.870802159721475,9.879166580835973,91.50996874055744,86.4,63.4,65.6,49.1
fish8,12.7,615,30.75,20.0,20.0,14.109321420410614,8.291832739890852,6.666666666666667,99.98103905953734,38.5841908758927,2676,3823,25.874621694136255,9.87830069541931,89.27292238955556,86.4,63.4,65.6,49.1
fish8,12.7,620,31.0,20.0,20.0,14.020949708087663,8.178887329717803,6.666666666666667,98.46416382252558,38.627002238330626,2638,3720,25.845038389587412,9.873863840643565,88.47890223023097,86.7,63.4,65.6,49.1
fish8,12.7,625,31.25,20.0,20.0,14.698186855131391,8.138664613762804,6.533333333333333,102.65453166477056,39.65754098479006,2743,3495,25.852816375939646,9.85583323970371,90.56864961564335,86.7,63.3,65.6,49.1
fish8,12.7,630,31.5,20.0,20.0,14.020949708087663,8.178887329717803,6.266666666666667,100.54986727341675,38.8370856728206,2696,3318,25.84023380466037,9.844723227087657,89.60495703174803,86.7,63.3,65.6,49.1
fish8,12.7,635,31.75,20.0,20.0,14.425331151911086,8.085948534735167,6.266666666666667,99.29844520288205,39.05338865136504,2660,3286,25.792416833025143,9.843727133337657,88.83614396636281,86.7,63.3,65.6,49.1
fish8,12.7,640,32.0,20.0,20.0,14.404409337332787,7.875791418151616,6.266666666666667,96.56806977626088,38.43948924945915,2586,3150,25.706830766465927,9.830582590643566,87.2574133571095,86.6,63.3,65.6,49.1
fish8,12.7,645,32.25,20.0,20.0,14.563845687839889,7.49629492911297,5.866666666666666,90.50056882821386,37.694305744288535,2424,2854,25.670954166666665,9.9107844174597,84.06173858412637,86.6,63.4,65.6,49.1
fish8,12.7,650,32.5,20.0,20.0,14.994626771149306,7.20521026665616,5.6,91.58134243458474,38.16367732500177,2463,2456,25.897837817985625,9.94552081803216,85.10335863601779,86.5,63.5,65.5,49.1
fish8,12.7,655,32.75,20.0,20.0,15.189362183761634,7.0104748540438315,5.6,90.25407660219945,38.13316290969643,2429,2422,25.86862345903185,9.943421212418876,84.39204467145072,86.5,63.5,65.6,49.1
fish8,12.7,660,33.0,20.0,20.0,15.773568421598622,6.621004028819175,5.2,87.04967766401212,38.26566293000506,2338,2191,25.733480208333333,9.946354155815971,82.4398343641493,86.6,63.5,65.5,49.1
fish8,12.7,665,33.25,20.0,20.0,15.773568421598622,6.231533203594517,5.066666666666666,83.4470989761092,38.042330786519074,2248,2154,25.728371737086928,9.899137358252206,80.58750909533913,86.6,63.4,65.5,49.1
fish8,12.7,795,39.75,20.0,20.0,14.41042053331232,5.4525915531452025,4.266666666666667,63.46226772847932,34.09996814114517,1717,422,25.54870183872177,9.897167854139541,69.78586969286131,86.6,63.5,65.5,49.1
fish8,12.7,800,40.0,20.0,20.0,15.96830383421095,6.426268616206846,2.8,80.58399696624952,37.61908856066744,2165,329,26.01355896870178,9.753017556667327,79.0665765253691,86.5,63.5,65.6,49.3
fish8,12.7,805,40.25,20.0,20.0,15.96830383421095,7.20521026665616,2.8,86.42396662874476,38.02212362324851,2318,329,25.971254295047704,9.722278625318738,82.05353292036645,86.5,63.5,65.6,49.3
fish8,12.7,810,40.5,20.0,20.0,15.384097596373964,7.399945679268489,2.8,87.4478574137277,37.82205343206138,2346,329,25.917582408292795,9.744755831813812,82.58233824010661,86.5,63.5,65.6,49.3
fish8,12.7,815,40.75,20.0,20.0,15.189362183761634,7.984151917105475,2.933333333333333,91.01251422070533,37.95596868713775,2436,350,25.933016444057895,9.749355450057987,84.40237189411587,86.5,63.5,65.7,49.3
fish8,12.7,825,41.25,20.0,20.0,14.410417561885737,7.205208780942868,5.333333333333333,83.94008342813802,36.930437862328866,2275,626,25.813129287361804,9.778287731764049,81.09141701912586,86.7,63.4,65.6,49.3
fish8,12.7,830,41.5,20.0,20.0,14.410417561885737,7.205208780942868,5.6,85.98786499810389,37.03313746864033,2325,754,25.81030374228395,9.775201782184176,82.08550552446812,86.7,63.4,65.7,49.4
fish8,12.7,835,41.75,20.0,20.0,14.799891358536978,7.20521026665616,5.333333333333333,85.32423208191125,37.17429276708862,2293,714,25.78816400958403,9.782506467013887,81.43067047659792,86.7,63.4,65.6,49.3
fish8,12.7,950,47.5,20.0,20.0,13.863245699279062,4.430128122713327,2.6666666666666665,47.7815699658703,30.979365008654156,1293,158,26.01594571028345,9.88933261615965,61.7652783264431,86.4,63.5,65.7,49.1
fish8,12.7,1250,62.5,20.0,20.0,12.657801819801362,7.789416504493146,3.0666666666666664,76.73492605233218,34.245406588514484,2070,262,25.853615251536425,9.802418615966374,77.0560338675028,86.6,63.5,65.5,48.7
fish8,12.7,1415,70.75,20.0,20.0,13.24200805763835,6.036797790982188,1.7333333333333334,68.97990140310958,33.787783030300965,1869,170,26.292117127143015,9.747874329365624,73.41999145650864,86.8,63.7,65.7,48.8
fish8,12.7,1420,71.0,20.0,20.0,13.16399770981398,6.196442884206819,1.8666666666666667,69.20743268866134,33.572428145765265,1862,203,26.29442641752267,9.745035787698956,73.27946220522162,86.8,63.7,65.7,48.8
fish8,12.7,1425,71.25,20.0,20.0,13.631478882863005,5.257856140532874,2.8,59.55631399317405,32.99949837895767,1606,324,26.31865829036383,9.795947246032288,68.23460553639612,87.0,63.6,65.7,48.8
fish8,12.7,1430,71.5,20.0,20.0,13.826214295475335,4.28417907747123,3.7333333333333334,49.62078119074705,32.14243337361671,1356,450,26.275654831102162,9.79307615228229,63.18873098338446,87.0,63.6,65.6,48.8
fish8,12.7,1435,71.75,20.0,20.0,15.189362183761634,4.089443664858901,3.466666666666667,52.00985968904057,33.93855646517351,1426,499,26.308706026882597,9.801708949947358,64.63041497682995,87.0,63.6,65.7,48.9
fish8,12.7,1440,72.0,20.0,20.0,15.384097596373964,4.28417907747123,3.8666666666666667,55.10049298445202,34.361351839538294,1510,569,26.31264249808229,9.804117806487618,66.31676030456991,86.9,63.6,65.6,48.9
fish8,12.7,1445,72.25,20.0,20.0,15.384097596373964,4.478914490083559,4.133333333333333,56.97762609025407,34.226258901321025,1547,651,26.32505580645903,9.794215462737615,67.05927126919664,86.9,63.8,65.7,48.9
fish8,12.7,1450,72.5,20.0,20.0,14.679034525083894,4.842139075719622,4.266666666666667,56.37087599544937,32.91461296251727,1525,708,26.09942673490548,9.786038307603201,66.38546504250868,86.9,63.8,65.6,48.9
fish8,12.7,1455,72.75,20.0,20.0,15.056322501313945,5.797284094033189,4.533333333333333,64.5809632157755,34.10631675654189,1737,742,26.14042058872175,9.78594390864902,70.66636449737078,87.0,63.8,65.7,48.9
fish8,12.7,1460,73.0,20.0,20.0,14.799891358536978,6.231533203594517,4.666666666666667,69.09366704588547,34.66543463615871,1867,778,26.160355490149975,9.780781148232355,73.28113663838234,87.0,63.8,65.7,48.9
fish8,12.7,1465,73.25,20.0,20.0,15.725033139774741,6.565390066015441,4.933333333333334,76.65908229048159,37.16621870463165,2057,834,26.04456116760631,9.780722554482356,76.96528372208867,86.6,63.8,65.7,48.9
fish8,12.7,1470,73.5,20.0,20.0,15.139470445702136,6.6450228127547,4.933333333333334,73.18923018581721,35.83806916079456,1966,836,26.031054257974507,9.775982971149023,75.12703722912353,86.6,63.7,65.7,48.9
fish8,12.7,1475,73.75,20.0,20.0,14.540985017415496,7.105254447795288,4.8,74.85779294653014,35.23399617374505,2012,843,26.092056759982643,9.772470590707991,76.10452735069063,86.6,63.7,65.7,48.9
fish8,12.7,1480,74.0,20.0,20.0,15.121994000248044,6.590128678040952,4.8,69.01782328403488,35.819452012531976,1858,844,26.08165761688609,9.769430226124658,73.01108784301076,86.6,63.7,65.7,48.9
fish8,12.7,1485,74.25,20.0,20.0,15.869422186060213,5.759284376591383,4.933333333333334,67.88016685627606,36.985821168144014,1415,824,25.79844580070589,9.757711476124658,63.856157276830544,86.3,63.6,65.6,48.9
fish8,12.7,1490,74.5,20.0,20.0,15.913647413623927,4.9461334347365415,4.8,58.07736063708759,35.97259852617448,1220,767,25.846991833929366,9.76542634835773,60.01241818228709,86.3,63.6,65.6,48.9
fish8,12.7,1495,74.75,20.0,20.0,16.05869165947118,4.511959353696461,4.666666666666667,57.98255593477435,35.93476381576517,1557,741,25.82793772332462,9.764931556691065,66.73286928001568,86.3,63.6,65.6,48.9
fish8,12.7,1500,75.0,20.0,20.0,12.937517061290949,3.751879947774375,4.4,38.642396662874475,29.048945321204613,1051,669,26.120015987820103,9.874628845045297,57.0146448328654,86.5,63.6,65.6,48.9
fish8,12.7,1505,75.25,20.0,20.0,13.04727264502602,3.6999728396342446,4.133333333333333,40.197193780811524,29.52283154354118,1090,589,26.313140946828582,9.874150331020354,57.98729127784894,86.7,63.6,65.6,48.9
fish8,12.7,1510,75.5,20.0,20.0,13.04727264502602,3.3105020144095874,3.3333333333333335,38.263177853621535,29.660289830176435,1046,479,26.322793785867578,9.797464129882387,57.04025791574997,86.7,63.5,65.6,48.9
fish8,12.7,1515,75.75,20.0,20.0,12.463066407189034,3.6999728396342446,2.8,39.097459233978,29.06130462186692,1076,287,26.29037630116027,9.798177012083269,57.60855331324353,86.7,63.5,65.6,48.9
fish8,12.7,1520,76.0,20.0,20.0,12.357461906391881,4.374800902574954,2.533333333333333,48.312476298824414,30.003874748590945,1313,254,26.127199462721084,9.8003775329166,62.187576995637684,86.7,63.5,65.6,48.9
fish8,12.7,1560,78.0,20.0,20.0,13.427035819600585,6.347597868824173,2.2666666666666666,75.23701175578307,34.3985531717998,2023,178,25.827065043809675,9.72819009806315,76.01525514187283,86.7,63.6,65.4,48.8
fish8,12.7,1565,78.25,20.0,20.0,13.24200805763835,6.036797790982188,2.2666666666666666,68.73340917709517,34.00421389625988,1858,192,25.98275938517253,9.721699212646485,72.86445859781901,86.7,63.5,65.5,48.8
fish8,12.7,1570,78.5,20.0,20.0,13.394027727391661,5.4923288122820315,2.933333333333333,66.325369738339,34.00762219219459,1789,292,25.95288127863378,9.722102858479817,71.4549841371136,86.7,63.5,65.5,48.8
fish8,12.7,1575,78.75,20.0,20.0,14.366629134029877,5.21735485333562,2.0,65.32043989381872,34.40862045792364,1760,222,26.006683259111572,9.727005202229815,70.93368846134139,86.7,63.5,65.5,48.8
fish8,12.7,1580,79.0,20.0,20.0,14.23253459514485,5.121653745914785,2.4,57.41372772089495,32.93459035094151,1544,285,26.0264704833796,9.735865879313153,66.64233636269275,86.7,63.5,65.4,48.8
fish8,12.7,1585,79.25,20.0,20.0,14.02094673666108,3.894707509389927,2.933333333333333,47.4971558589306,31.801225828612143,1310,355,25.996544193672833,9.73883462931315,61.93537882298598,86.7,63.5,65.5,48.8
fish8,12.7,1590,79.5,20.0,20.0,14.41042053331232,4.28417907747123,3.2,49.82935153583617,32.171758080789196,1360,382,26.011891622585726,9.795107416269515,63.00699903885524,86.7,63.5,65.5,48.8
fish8,12.7,1595,79.75,20.0,20.0,14.215685120699993,4.868385315308217,3.466666666666667,53.29920364050056,32.247165505354474,1446,417,25.96788993055555,9.79945637460285,64.6873463051584,86.7,63.5,65.6,48.8
fish8,12.7,1600,80.0,20.0,20.0,13.826214295475335,5.4525915531452025,3.7333333333333334,57.432688661357595,32.243983014625876,1553,516,26.21612262322697,9.879446524895565,67.15556914812254,86.5,63.5,65.6,48.8
fish8,12.7,1605,80.25,20.0,20.0,13.826214295475335,6.231533203594517,3.8666666666666667,61.73682214637845,32.96192067373361,1660,534,26.18480328352187,9.876578688293034,69.2613819718149,86.5,63.5,65.6,48.8
fish8,12.7,1610,80.5,20.0,20.0,13.7019952928424,6.3793527618712735,4.133333333333333,64.20174440652255,33.466009706226785,1733,602,26.19834497068428,9.868430907524957,70.72677587820924,86.5,63.5,65.6,48.9
fish8,12.7,1615,80.75,20.0,20.0,15.066278266083806,6.384242987171975,4.133333333333333,66.4012135001896,35.53309437905645,1791,664,26.19360066663954,9.858984303749933,71.87258497038948,86.5,63.5,65.7,48.9
fish8,12.7,1620,81.0,20.0,20.0,11.429816698257056,6.04860438308559,4.0,49.81039059537352,28.756580623889644,1344,619,26.19826212497288,9.861438730833267,62.93970085580615,86.5,63.5,65.7,48.9
fish8,12.7,1650,82.5,20.0,20.0,11.684124756739719,3.5052374270219158,3.466666666666667,32.19567690557451,27.014964429805588,875,417,26.21882221135268,9.834593077500665,53.553415288853344,86.7,63.6,65.5,48.8
fish8,12.7,1660,83.0,20.0,20.0,11.878860169352048,3.894708252246573,2.2666666666666666,37.82707622298065,27.845580674264834,1028,156,26.18335763406635,9.838046852578058,56.5814044866444,86.7,63.6,65.5,48.9
fish8,12.7,1800,90.0,20.0,20.0,11.48938934412739,8.373622742330133,3.0666666666666664,77.66401213500188,33.11143663801862,2094,312,25.908979361809624,9.830156135389544,77.61913549719918,86.9,63.7,65.5,48.9
fish8,12.7,1805,90.25,20.0,20.0,11.48938934412739,8.56835815494246,3.466666666666667,83.4470989761092,34.32271635287885,2244,388,25.86529444444444,9.835621627966562,80.58091607241101,86.7,63.7,65.5,48.9
fish8,12.7,1810,90.5,20.0,20.0,11.099918518902733,8.76309356755479,3.8666666666666667,84.26241941600301,34.465285818238456,2266,501,25.85246888697118,9.844479056421918,81.01694794339309,86.7,63.7,65.5,48.9
fish8,12.7,1815,90.75,20.0,20.0,11.48938934412739,8.56835815494246,4.266666666666667,81.45620022753127,33.753853494065474,2183,756,25.86272931840685,9.856884657531316,79.37961397593817,86.7,63.7,65.5,48.9
fish8,12.7,1820,91.0,20.0,20.0,11.48938934412739,8.56835815494246,4.266666666666667,75.42662116040954,32.865029579608674,2020,1006,25.897356153681248,9.852620334614649,76.14997648829589,86.7,63.7,65.5,48.8
fish8,12.7,1825,91.25,20.0,20.0,11.093920694342827,8.150635748613299,4.533333333333333,73.26507394766779,32.16878057206635,1970,1033,25.85903140174018,9.821435438781313,75.0804668405215,87.0,63.6,65.5,48.8
fish8,12.7,1830,91.5,20.0,20.0,10.905183106290405,8.373622742330133,4.933333333333334,72.99962078119073,32.03174000300886,1969,1328,25.863436716037327,9.822389225260416,75.06582594129775,87.0,63.6,65.5,48.8
fish8,12.7,1835,91.75,20.0,20.0,11.099918518902733,7.984151917105475,4.933333333333334,71.38794084186574,31.8628150981337,1929,1338,25.859039975747947,9.826979056421917,74.26601903216986,87.0,63.6,65.5,48.8
fish8,12.7,1840,92.0,20.0,20.0,11.099918518902733,8.56835815494246,5.333333333333333,79.84452028820628,33.1423007298758,2153,1453,25.864760477532283,9.827721230570477,78.75248170810276,87.0,63.6,65.5,48.8
fish8,12.7,1845,92.25,20.0,20.0,11.099918518902733,9.152564392779446,5.466666666666667,79.86348122866893,33.03479556070701,2150,1738,25.8568569003635,9.886503782653811,78.74336068301731,86.9,63.7,65.5,48.8
fish8,12.7,1850,92.5,20.0,20.0,13.16399770981398,8.34454361892197,5.6,86.32916192643154,35.3580052265184,2308,1867,26.302391235182014,9.853688038624655,82.31607927380668,87.0,63.7,65.5,48.8
fish8,12.7,1855,92.75,20.0,20.0,13.04727264502602,8.373622742330133,6.266666666666667,86.8790291998483,35.536538332110176,2327,1975,26.28850660618912,9.855094292947982,82.6836008991371,87.0,63.7,65.5,48.8
fish8,12.7,1860,93.0,20.0,20.0,12.99369039514913,8.268712069640356,6.266666666666667,86.17747440273035,35.51346659754123,2311,2051,26.34163162608205,9.86429676038954,82.42592838647158,87.0,63.7,65.5,48.9
fish8,12.7,1865,93.25,20.0,20.0,12.657801819801362,8.373622742330133,6.133333333333333,83.25748957148274,35.413691501773776,2237,2092,26.20511251898872,9.882304589843748,80.82741710883246,87.1,63.7,65.5,48.9
fish8,12.7,1870,93.5,20.0,20.0,12.657801819801362,8.373622742330133,6.0,83.78839590443684,35.695138504605104,2250,2187,26.254687181637614,9.824472554482353,81.07915973611998,87.1,63.6,65.6,48.9
fish8,12.7,1875,93.75,20.0,20.0,12.657801819801362,8.56835815494246,6.0,88.28213879408418,36.411787725288875,2370,2261,26.329808647928132,9.830810451242659,83.5606190991708,87.1,63.6,65.6,48.9
fish8,12.7,1880,94.0,20.0,20.0,12.657801819801362,8.957828980167118,6.0,90.25407660219945,37.05713092580707,2410,2290,26.407291254038867,9.831936740864647,84.43922799490352,87.1,63.6,65.6,48.9
fish8,12.7,1885,94.25,20.0,20.0,12.657801819801362,9.931506043228762,6.266666666666667,100.64467197572998,39.9635065515798,2712,2377,26.347517124807098,9.82441397281223,90.41193109761933,86.7,63.6,65.6,48.9
fish8,12.7,1890,94.5,20.0,20.0,13.366167631739604,9.257134094268704,6.4,91.69510807736062,37.497693295431624,2453,2343,26.310872120026012,9.75435536278619,85.1252274828122,86.7,63.7,65.6,48.9
fish8,12.7,1895,94.75,20.0,20.0,13.138715326723588,8.776301558720894,6.0,89.07849829351534,36.38659682963729,2388,2402,26.268515397060057,9.766240121957992,83.79475551901805,86.7,63.7,65.6,49.0
fish8,12.7,1900,95.0,20.0,20.0,13.24200805763835,8.957828980167118,16.266666666666666,93.93249905195296,38.32301074343486,2527,2665,26.138667240378293,9.900165889729394,86.57883313010768,86.8,63.6,65.5,49.3
fish8,12.7,1905,95.25,20.0,20.0,13.24200805763835,8.957828980167118,16.0,93.0982176715965,38.10142138806896,2499,2789,26.119695852322046,9.941402903143567,86.04109875546561,87.0,63.5,65.5,49.3
fish8,12.7,1910,95.5,20.0,20.0,13.24200805763835,8.76309356755479,15.733333333333333,90.67121729237769,37.43470225541904,2439,2917,26.091557944045828,9.944479088295838,84.81603703234167,87.0,63.4,65.4,49.3
fish8,12.7,1915,95.75,20.0,20.0,13.24200805763835,8.957828980167118,6.533333333333333,91.8467956010618,37.58546619565508,2463,2915,26.062169876588417,9.953968025959863,85.27613790254827,87.0,63.4,65.5,49.3
fish8,12.7,1920,96.0,20.0,20.0,14.027391760921885,8.595909222229777,6.666666666666667,90.70913917330299,36.930939151279304,2430,3151,26.101314819166394,9.884567006842294,84.58588182600869,87.0,63.5,65.5,49.3
fish8,12.7,2130,106.5,20.0,20.0,13.52595163915704,7.935430921120092,11.733333333333333,92.4156238149412,36.81270341785886,2482,8221,25.817807336859065,10.043307133950128,85.5011144708092,86.8,63.6,65.4,49.3
fish8,12.7,2135,106.75,20.0,20.0,13.628387113502301,8.03951405150621,11.2,94.42548350398178,37.371852172455036,2536,7696,25.8294609266493,10.042756974018948,86.59221790066825,86.8,63.6,65.4,49.3
fish8,12.7,2140,107.0,20.0,20.0,13.713148542525632,8.389138046238752,10.8,99.37428896473263,38.32095528230961,2663,6983,25.84661376832561,10.047415258619521,89.15402902694512,86.8,63.6,65.4,49.3
fish8,12.7,2145,107.25,20.0,20.0,14.040528437849972,8.202782056593446,10.933333333333334,96.32157755024647,37.89010734190205,2577,6671,25.798028745222684,10.014905499256981,87.35293424447966,86.7,63.6,65.4,49.3
fish8,12.7,2150,107.5,20.0,20.0,13.631478882863005,7.984151917105475,10.133333333333333,89.19226393629123,36.19721089023279,2395,5709,25.714457329173143,9.835569608041975,83.45002693721511,86.7,63.6,65.5,49.0
fish8,12.7,2155,107.75,20.0,20.0,13.436743470250677,7.789416504493146,10.133333333333333,84.60371634433066,35.966021552001926,2283,5328,25.730755027413075,9.843636035654281,81.23439106306736,86.7,63.6,65.5,49.0
fish8,12.7,2160,108.0,20.0,20.0,13.24200805763835,8.373622742330133,11.066666666666666,91.18316268486916,36.53615580996495,2453,5386,25.754531141191652,9.83645505666733,84.65098619785898,86.7,63.6,65.5,48.9
fish8,12.7,2165,108.25,20.0,20.0,13.04727264502602,8.56835815494246,13.333333333333334,90.5195297686765,36.347413254058715,2429,5902,25.79949638189622,9.825901671250664,84.20539805314688,86.7,63.6,65.5,48.8
fish8,12.7,2170,108.5,20.0,20.0,12.852537232413692,8.56835815494246,13.866666666666667,87.01175578308683,35.711210625998454,2329,5634,25.807100555118513,9.819567035833998,82.2066675909525,86.7,63.5,65.5,48.8
fish8,12.7,2175,108.75,20.0,20.0,12.657801819801362,7.984151917105475,14.666666666666666,82.40424725066362,34.9942729680076,2221,5664,25.821822829559704,9.818141248480478,80.05996407804018,86.7,63.5,65.5,48.7
fish8,12.7,2180,109.0,20.0,20.0,12.657801819801362,8.178887329717803,15.333333333333334,82.21463784603715,34.78056457879925,2206,5257,25.83277769067081,9.81833981933594,79.77111751000675,86.7,63.5,65.5,48.7
fish8,12.7,2185,109.25,20.0,20.0,12.268330994576706,7.984151917105475,16.4,79.33257489571481,34.086031105823814,2131,4416,25.817751627302755,9.823046848509046,78.2607984758118,86.7,63.5,65.5,48.7
fish8,12.7,2190,109.5,20.0,20.0,12.085771002392523,8.365417890674923,16.666666666666668,83.67463026166097,34.52927653436814,2243,4507,25.799470422740043,9.860237595780694,80.51970801852073,86.7,63.5,65.5,48.7
fish8,12.7,2195,109.75,20.0,20.0,12.073595581964376,8.76309356755479,16.133333333333333,84.66059916571861,34.556938774795384,2275,3848,25.787699538167317,9.887070283847384,81.1747698220147,86.7,63.5,65.5,48.8
fish8,12.7,2200,110.0,20.0,20.0,13.04727264502602,8.56835815494246,8.4,86.5566932119833,35.391067315119784,2319,3107,25.77487361907959,9.807428330485024,81.96230194956462,86.7,63.6,65.5,48.8
fish8,12.7,2205,110.25,20.0,20.0,12.657801819801362,8.957828980167118,8.4,87.94084186575652,35.76572831810683,2354,2996,25.84699155663385,9.80518548074298,82.73217703737683,86.5,63.6,65.5,48.8
fish8,12.7,2210,110.5,20.0,20.0,12.657801819801362,8.957828980167118,8.266666666666666,88.86992794842622,35.962607707856634,2376,3010,25.843705959442513,9.805413351853689,83.16911931129621,86.5,63.5,65.5,48.8
fish8,12.7,2215,110.75,20.0,20.0,12.073595581964376,8.76309356755479,8.666666666666666,85.96890405764124,34.94915751961072,2306,2951,25.826666014946827,9.808150980461965,81.75481699540879,86.5,63.5,65.5,48.8
fish8,12.7,2220,111.0,20.0,20.0,11.878860169352048,8.373622742330133,8.8,78.61205915813423,33.78363357236196,2115,2959,25.830329152123717,9.805618434651691,77.93594758677541,86.5,63.5,65.5,48.8
fish8,12.7,2225,111.25,20.0,20.0,10.710447693678075,8.76309356755479,8.8,76.12817595752747,32.954578789358365,2052,2975,25.919903848078228,9.824195903937023,76.78409975201525,86.9,63.5,65.5,48.8
fish8,12.7,2230,111.5,20.0,20.0,10.710447693678075,8.56835815494246,8.8,71.31209708001515,32.310996693019426,1923,2870,25.918723306613497,9.791015563795304,74.16973887040879,86.9,63.5,65.5,48.8
fish8,12.7,2235,111.75,20.0,20.0,10.710447693678075,8.373622742330133,9.2,70.11755783086839,31.50736548229751,1892,2787,25.92165733439128,9.807353468057844,73.56901080244913,86.9,63.5,65.5,48.8
fish8,12.7,2240,112.0,20.0,20.0,10.515712281065747,8.76309356755479,9.066666666666666,70.25028441410693,31.75822645379997,1890,2681,25.891939312499247,9.826363866159655,73.5183031786589,86.9,63.5,65.5,48.8
fish8,12.7,2245,112.25,20.0,20.0,10.32097686845342,8.178887329717803,7.066666666666666,68.904057641259,31.3582692320175,1862,2142,25.78622777323782,9.829007098632388,72.85523487187021,86.7,63.5,65.5,48.8
fish8,12.7,2250,112.5,20.0,20.0,10.515712281065747,8.373622742330133,6.533333333333333,72.08949563898368,31.98291772316265,1939,1684,26.02489110783706,9.729902317259048,74.53479342509611,87.0,63.7,65.5,48.8
fish8,12.7,2255,112.75,20.0,20.0,10.32097686845342,8.373622742330133,6.533333333333333,71.89988623435721,31.861151168889442,1934,1807,25.981262656864114,9.728850883897147,74.39011354076126,87.0,63.7,65.4,48.8
fish8,12.7,2260,113.0,20.0,20.0,10.32097686845342,8.373622742330133,6.266666666666667,68.904057641259,31.204348336750066,1856,1852,25.990329459560066,9.724397758897148,72.8347272184572,87.0,63.7,65.4,48.7
fish8,12.7,2265,113.25,20.0,20.0,10.32097686845342,7.984151917105475,6.4,69.01782328403488,31.235876519234512,1864,1895,26.016835552281506,9.73110023176405,73.02793578404555,87.1,63.7,65.5,48.7
fish8,12.7,2270,113.5,20.0,20.0,10.32097686845342,8.178887329717803,6.666666666666667,71.82404247250662,31.83101960332804,1943,1884,26.034635068238813,9.688808565097382,74.5834436333362,87.1,63.7,65.5,48.7
fish8,12.7,2275,113.75,20.0,20.0,10.515712281065747,8.373622742330133,6.533333333333333,73.66325369738338,31.91105386408447,1983,1844,25.997434542262695,9.702083304680718,75.35951784694342,87.1,63.7,65.4,48.7
fish8,12.7,2280,114.0,20.0,20.0,10.515712281065747,8.56835815494246,6.4,72.9806598407281,31.797015061785572,1966,1553,25.98185729046103,9.70209632551405,75.00395361597508,87.1,63.7,65.5,48.7
fish8,12.7,2285,114.25,20.0,20.0,10.515712281065747,7.984151917105475,5.733333333333333,68.43003412969283,31.334132705303578,1845,1291,25.924552426015595,9.715100883897145,72.53965330991274,86.8,63.7,65.5,48.7
fish8,12.7,2290,114.5,20.0,20.0,10.710447693678075,7.984151917105475,4.666666666666667,69.81418278346605,31.765579736381877,1889,802,25.906227869085626,9.702962213092384,73.389190082178,86.8,63.7,65.5,48.7
fish8,12.7,2295,114.75,20.0,20.0,10.905183106290405,7.984151917105475,4.666666666666667,67.91808873720136,31.618987052284552,1832,787,25.912972589770646,9.715514296425711,72.26848688619636,86.8,63.7,65.5,48.7
fish8,12.7,2300,115.0,20.0,20.0,10.720387115601724,9.083942267247386,4.266666666666667,70.93287827076222,32.20711188214352,1907,937,26.112302419233917,9.846568949211965,74.09887136844588,86.7,63.7,65.6,48.9
fish8,12.7,2305,115.25,20.0,20.0,10.74939492477187,8.957828980167118,4.8,69.90898748577928,32.063696604849625,1883,1106,26.160765881780936,9.848802022128632,73.66956790390958,87.0,63.7,65.6,48.9
fish8,12.7,2310,115.5,20.0,20.0,11.91679265826739,8.293311767473064,4.933333333333334,70.4398938187334,32.483133942174646,1885,1133,26.166069780345023,9.820950459628632,73.68702023997366,87.0,63.6,65.6,48.9
fish8,12.7,2315,115.75,20.0,20.0,11.48938934412739,7.789416504493146,4.666666666666667,67.04588547591959,31.661788618300452,1802,1022,26.171369401041666,9.823535098224216,72.03490449926588,87.0,63.6,65.6,48.9
fish8,12.7,2320,116.0,20.0,20.0,11.089062411877904,7.688416229187981,4.533333333333333,62.77967387182403,30.427390438545387,1690,922,26.16426865565923,9.82446934762531,69.78873800328454,87.0,63.6,65.6,48.9
fish8,12.7,2325,116.25,20.0,20.0,11.151700827126334,7.752723100463354,2.8,60.56124383769434,30.367436614358567,1627,273,26.12758887756724,9.82595372262531,68.49354260019254,87.0,63.6,65.6,48.9
fish8,12.7,2330,116.5,20.0,20.0,9.830429996545702,8.971968513567322,2.2666666666666666,59.06332954114523,30.555203219131844,1451,187,26.134094993007327,9.824293566375308,64.97838855938264,87.0,63.7,65.6,48.9
fish8,12.7,2655,132.75,20.0,20.0,11.140977691441142,3.841716573403264,2.933333333333333,37.31513083048919,26.75255199102909,1010,203,25.94292526011526,9.849908752399022,55.99283401251428,87.1,63.8,65.7,48.8
fish8,12.7,2660,133.0,20.0,20.0,10.905183106290405,4.28417907747123,3.2,37.14448236632536,27.09723668549375,1024,242,25.940650949360414,9.8433625263532,56.26401347571361,87.1,63.8,65.7,48.9
fish8,12.7,2695,134.75,20.0,20.0,10.052907390603371,3.227590298434828,2.933333333333333,25.06636329161926,22.61929545368782,689,304,25.75957886945936,9.784745996093749,49.32432486555311,86.5,63.6,65.7,48.9
fish8,12.7,2700,135.0,20.0,20.0,10.807984028442885,3.5135496214624737,3.6,30.52711414486158,24.90457613593867,829,564,25.879495350402074,9.929156844573548,52.38865219497562,86.5,63.6,65.6,49.1
fish8,12.7,2705,135.25,20.0,20.0,9.638911153210609,2.671355584746801,3.6,21.520667425104282,21.41680582223423,590,576,26.002377313609184,9.924667910724216,47.727045224333395,86.8,63.6,65.6,49.1
fish8,12.7,2710,135.5,20.0,20.0,8.63895182201304,2.6445774597996614,3.6,18.619643534319298,19.339350963483312,519,576,25.996370460717472,9.88613601124022,46.26250647195769,86.8,63.4,65.6,49.1
fish8,12.7,2715,135.75,20.0,20.0,10.757054519648907,2.6918223996294173,3.6,24.81987106560485,24.23164103423189,687,576,26.032381700134277,9.870764904435475,49.64314660456976,86.8,63.4,65.6,49.1
fish8,12.7,2720,136.0,20.0,20.0,11.48794003081102,3.288214457887594,3.6,33.029958285930974,26.613786230268314,903,578,26.02908295715708,9.872047456518809,53.96113041367589,86.8,63.4,65.6,49.1
fish8,12.7,2725,136.25,20.0,20.0,11.348953038055354,3.8502237677134,3.6,40.25407660219946,27.475582791373238,1088,563,25.953866019524483,9.871536383565264,57.585402403089745,86.8,63.4,65.6,49.1
fish8,12.7,2730,136.5,20.0,20.0,11.321447285023444,4.384286439087889,3.7333333333333334,44.3496397421312,27.940761015962543,1198,562,25.956209843369464,9.901370373185474,59.81758021655494,86.8,63.5,65.6,49.1
fish8,12.7,2735,136.75,20.0,20.0,12.12892280210275,4.803053673289669,3.7333333333333334,51.47895335608645,29.671483101261472,1388,562,25.87117092978395,9.902871022499935,63.534041952283886,86.8,63.5,65.6,49.1
fish8,12.7,2740,137.0,20.0,20.0,12.322325529892131,5.3332230329824055,3.466666666666667,55.119453924914666,30.112408402786137,1489,444,25.87658761325412,9.902831959999933,65.55941957325405,86.8,63.5,65.6,49.1
fish8,12.7,2745,137.25,20.0,20.0,12.366041900653327,5.372010549897308,3.2,56.010618126659075,30.332470746673348,1515,413,25.815962646409016,9.901220636992987,66.017183283402,86.6,63.5,65.6,49.1
fish8,12.7,2750,137.5,20.0,20.0,12.323019357999508,5.332469404915026,4.133333333333333,58.07736063708759,30.85768880432052,1567,351,26.11683508283827,9.792249249256983,67.24908433209525,86.6,63.5,65.7,48.7
fish8,12.7,2755,137.75,20.0,20.0,12.330821581352577,5.329093121458898,4.133333333333333,57.679180887372006,30.92781057170672,1558,351,26.113601567849987,9.790628155506983,67.06422972335697,86.6,63.5,65.7,48.7
fish8,12.7,2760,138.0,20.0,20.0,12.326416441441722,5.31433033133269,4.266666666666667,58.38073568448994,31.03334334040899,1576,372,26.131292317708336,9.789335843870374,67.44062816157872,86.6,63.5,65.6,48.7
fish8,12.7,2770,138.5,20.0,20.0,12.328546954302487,5.122228345530476,4.266666666666667,55.252180508153195,30.45640484056827,1495,415,26.30059811167775,9.758150948037041,65.95874905971479,86.7,63.4,65.7,48.7
fish8,12.7,2775,138.75,20.0,20.0,12.268330994576706,5.257856140532874,4.266666666666667,55.10049298445202,30.436436946780532,1500,434,26.284356808132596,9.761549385537043,66.04590619366964,86.7,63.4,65.7,48.7
fish8,12.7,2780,139.0,20.0,20.0,12.268330994576706,5.257856140532874,2.1333333333333333,54.8919226393629,30.371424454548524,1495,221,26.31576308947904,9.76308910106023,65.97885219053927,86.7,63.4,65.7,48.7
fish8,12.7,2785,139.25,20.0,20.0,12.326416441441722,5.39391256382002,2.4,57.11035267349259,30.81778231315402,1548,271,26.299951449754506,9.7644823302269,67.02443377998141,86.6,63.4,65.7,48.7
fish8,12.7,2790,139.5,20.0,20.0,12.268330994576706,5.063120727920545,2.4,55.40386803185437,30.759982773240637,1516,294,26.266895764593436,9.820204986476895,66.40710075107033,86.6,63.5,65.7,48.7
fish8,12.7,2795,139.75,20.0,20.0,12.268330994576706,5.257856140532874,2.933333333333333,56.90178232840348,30.84566469450546,1545,398,26.202768117947052,9.823727121893565,66.92649523984062,86.6,63.5,65.7,48.7
fish8,12.7,2800,140.0,20.0,20.0,12.91429833396318,5.23184724364268,4.0,56.560485400075834,31.269156264833175,1531,525,26.11364889034695,9.933902962737612,66.66755185308456,86.8,63.5,65.5,49.0
fish8,12.7,2805,140.25,20.0,20.0,12.90453422620799,5.292571688742658,4.0,57.73606370875994,31.410351561469007,1553,525,26.008388332319846,9.934807910654278,67.00319624297413,86.6,63.5,65.5,49.0
fish8,12.7,2810,140.5,20.0,20.0,12.910019479682147,5.332015148075989,4.0,58.89268107698141,31.648885384073374,1589,534,26.005445623986514,9.996643871296776,67.78208949528329,86.6,63.5,65.5,49.1
fish8,12.7,2815,140.75,20.0,20.0,12.910019479682147,5.5088648012222725,4.133333333333333,60.144103147516105,31.79118352104302,1620,542,25.996044455276312,9.998453758229148,68.39449821350546,86.6,63.5,65.5,49.0
fish8,12.7,2820,141.0,20.0,20.0,12.90453422620799,5.4871511014593235,4.133333333333333,59.651118695487284,31.667211657530505,1603,537,25.995480153608906,10.003583947488996,68.0590641010979,86.6,63.5,65.5,49.0
fish8,12.7,2825,141.25,20.0,20.0,12.906250225060278,5.350580621373136,4.0,59.120212362533174,31.653777605801313,1594,521,26.17292380634826,10.007897104517621,68.06082091086587,86.8,63.5,65.5,49.0
fish8,12.7,2830,141.5,20.0,20.0,12.90453422620799,5.3626200990350625,3.7333333333333334,60.10618126659081,31.851541598530893,1621,488,26.175948903608923,9.957298148430715,68.55324705203964,86.8,63.4,65.5,49.0
fish8,12.7,2835,141.75,20.0,20.0,12.852537232413692,5.4525915531452025,3.7333333333333334,61.77474402730375,32.26075193555318,1680,462,26.232555750698513,9.957998009988993,69.79055376068752,86.8,63.4,65.5,49.0
fish8,12.7,2840,142.0,20.0,20.0,12.852537232413692,5.647326965757531,3.6,63.879408418657555,32.387621172127844,1739,398,26.234153055657284,9.9544954129431,70.96864846860038,86.8,63.4,65.5,49.0
fish8,12.7,2845,142.25,20.0,20.0,12.91653581818097,5.980347371595045,3.6,66.57186196435342,32.704250678213796,1796,389,26.120759163392623,9.952779914686419,71.99353907807904,86.7,63.4,65.5,49.0
fish8,12.7,3000,150.0,20.0,20.0,12.147425132584985,3.7905604933322516,2.8,36.93591202123625,27.456849734259603,1003,206,26.139750387893486,9.877363138665094,56.07711352655858,86.9,63.7,65.7,49.0
fish8,12.7,3005,150.25,20.0,20.0,11.934205218049925,3.7270124501207804,2.8,36.215396283655664,27.120687137666536,986,206,26.108209803527085,9.878023976124657,55.70623377965174,86.7,63.7,65.6,49.0
fish8,12.7,3010,150.5,20.0,20.0,11.926973508600993,3.9794696812699035,2.6666666666666665,38.69927948426241,27.494310996704403,1049,190,26.15310125956594,9.902073450883233,57.03517471044917,86.7,63.6,65.6,49.0
fish8,12.7,3015,150.75,20.0,20.0,11.93385013257313,3.9969832695562966,2.6666666666666665,37.90291998483124,27.560746802270167,901,190,26.154754966905383,9.903775939899024,54.0785309068044,86.7,63.6,65.6,49.0
fish8,12.7,3020,151.0,20.0,20.0,12.121373150009324,3.9909048450502986,3.3333333333333335,39.040576412590056,27.787722239747982,1062,232,26.15570982801649,9.90260732624266,57.29831715425915,86.7,63.6,65.6,49.0
fish8,12.7,3025,151.25,20.0,20.0,11.918677285578324,4.084184982661778,3.2,38.22525597269624,27.37785860673407,1035,225,26.222676378019354,9.903512274159324,56.82618865217867,87.0,63.6,65.7,49.0
fish8,12.7,3030,151.5,20.0,20.0,12.340297460729115,4.141549115723518,2.933333333333333,39.9886234357224,28.16555498525653,1082,204,26.22894806850104,9.88060537906223,57.74955344756327,87.0,63.6,65.6,49.0
fish8,12.7,3035,151.75,20.0,20.0,11.936058645381726,3.9746470559239895,3.2,37.35305271141448,27.29927003786786,1011,231,26.222233625831123,9.879173087395563,56.321406713226686,87.0,63.6,65.6,49.0
fish8,12.7,3040,152.0,20.0,20.0,11.936058645381726,3.9746470559239895,3.2,37.33409177095183,27.294579641004937,1010,231,26.228097374056592,9.879680899895561,56.30777827395215,87.0,63.6,65.6,49.0
fish8,12.7,3045,152.25,20.0,20.0,12.150285130672135,4.064431310159335,3.0666666666666664,38.794084186575645,27.767831881622673,1049,218,26.124399457389913,9.885442618645563,56.98984207603547,86.9,63.6,65.6,49.0
fish8,12.7,3050,152.5,20.0,20.0,10.436663419650253,3.713659230480381,3.466666666666667,32.366325369738334,24.425288370786244,880,305,25.979070597029324,9.930696573850842,53.50976717088017,86.9,63.8,65.6,48.9
fish8,12.7,3055,152.75,20.0,20.0,10.437849761713936,3.77539210347732,3.3333333333333335,32.51801289343951,24.468451684774482,882,300,25.97255145934305,9.93191402176751,53.544465481110564,86.9,63.8,65.6,48.9
fish8,12.7,3060,153.0,20.0,20.0,10.437849761713936,4.115917961437822,3.3333333333333335,34.167614713689794,24.725441409320712,928,300,25.958172084309144,9.924563761350841,54.44273584565998,86.9,63.8,65.6,48.9
fish8,12.7,3065,153.25,20.0,20.0,10.27642255539552,4.215074837975908,3.3333333333333335,34.09177095183921,24.478379963848443,928,300,25.83614952888018,9.925475219684175,54.32162474856436,87.0,63.8,65.6,48.9
fish8,12.7,3070,153.5,20.0,20.0,10.08450628375481,4.161859930710472,3.2,33.8452787258248,24.27612489197977,918,300,25.838892598300497,9.905221292961967,54.104113891262465,86.9,63.7,65.6,48.9
fish8,12.7,3075,153.75,20.0,20.0,10.052946019148964,4.049524777272122,3.2,32.93515358361774,24.049123454519343,897,275,25.852742458692006,9.893424417961969,53.68616687665397,86.9,63.7,65.6,48.9
fish8,12.7,3080,154.0,20.0,20.0,9.860405747925602,4.193874080727031,3.2,34.11073189230185,24.102885475704568,925,275,25.861744221327044,9.893528584628633,54.25527280595568,86.9,63.7,65.6,48.9
fish8,12.7,3090,154.5,20.0,20.0,10.37263437676049,3.713659230480381,3.466666666666667,32.04398938187334,24.135167727327527,871,299,25.847121943250116,9.800761657545298,53.06788360079541,86.6,63.8,65.6,48.9
fish8,12.7,3095,154.75,20.0,20.0,10.6287498054629,3.201430601645494,3.3333333333333335,28.10011376564277,23.99077673104336,765,286,25.872907428807395,9.7935936887953,50.96650111760269,86.6,63.8,65.6,48.9
fish8,12.7,3100,155.0,20.0,20.0,9.830658796392674,3.019244080640095,3.7333333333333334,25.06636329161926,22.333941953469267,686,324,25.960138599235627,9.814290293333265,49.49442889256889,86.7,63.8,65.6,48.8
fish8,12.7,3105,155.25,20.0,20.0,10.676047488114524,3.1883221532699557,3.7333333333333334,28.081152825180123,24.266326566390322,767,324,25.985004045933852,9.816048105833266,51.14105215176711,87.0,63.8,65.6,48.8
fish8,12.7,3110,155.5,20.0,20.0,10.845126117886869,3.598939135780008,3.7333333333333334,30.982176715965107,24.60653069778029,851,324,25.994240137905546,9.825742116249932,52.83998225415547,87.0,63.6,65.6,48.8
fish8,12.7,3115,155.75,20.0,20.0,10.639380826923988,2.9156846641894156,3.2,25.123246113007202,23.614133832953293,519,288,25.9874476175944,9.826953053749932,46.19440067134433,87.0,63.6,65.6,48.8
fish8,12.7,3120,156.0,20.0,20.0,10.634359115996944,3.1887927529552047,3.2,27.341676147136894,23.926689768549476,746,288,25.976931070040475,9.827695241249932,50.72462631129041,87.0,63.6,65.6,48.8
fish8,12.7,3125,156.25,20.0,20.0,10.485121444382948,3.3061187887697896,3.2,27.588168373151305,23.67628050031633,755,288,25.9220134762611,9.8309537030432,50.8529671793043,87.0,63.6,65.6,48.8
fish8,12.7,3130,156.5,20.0,20.0,10.02329712469331,3.3016178203515993,2.8,26.3746681835419,22.82816645327442,722,196,25.916271283166203,9.876604744709866,50.23287602787607,87.0,63.7,65.6,48.8
fish8,12.7,3135,156.75,20.0,20.0,9.666186620682254,3.687759533517151,2.8,27.398558968524835,22.603935174675517,750,183,25.92603256225586,9.876181567626533,50.802214129882394,87.0,63.7,65.6,48.8
fish8,12.7,3140,157.0,20.0,20.0,9.893124126042583,3.928882257961414,2.4,30.489192263936285,23.40459804631132,828,164,25.92289454705509,9.87702141137653,52.359915958431614,87.0,63.7,65.6,48.8
fish8,12.7,3145,157.25,20.0,20.0,9.6683201049696,3.937759394881265,3.0666666666666664,29.124004550625706,22.913725988906812,799,224,25.878198259348924,9.880758390543196,51.73895664989212,86.9,63.7,65.6,48.8
fish8,12.7,3150,157.5,20.0,20.0,9.860405005068957,3.61761640900238,3.8666666666666667,30.565036025786874,23.73995787022702,831,304,26.022655354742362,9.845641176340314,52.48829653108268,86.9,63.7,65.6,48.8
fish8,12.7,3155,157.75,20.0,20.0,9.831293938825015,3.702477009387953,3.8666666666666667,29.389457717102765,23.379015641993018,803,305,26.029100608825683,9.841988848357728,51.931089457183404,86.9,63.7,65.6,48.8
fish8,12.7,3160,158.0,20.0,20.0,9.796376705035838,3.745673751925263,4.133333333333333,30.204778156996582,23.554322335456995,826,352,26.031071128543807,9.841311768754325,52.392382897298134,86.9,63.7,65.6,48.8
fish8,12.7,3165,158.25,20.0,20.0,9.612405285224233,3.8765353786868437,4.0,30.0910125142207,23.15747471159473,820,373,26.04381424950493,9.848629473357727,52.29244372286266,86.9,63.7,65.6,48.8
fish8,12.7,3170,158.5,20.0,20.0,9.613274427500068,3.9370949096114063,3.3333333333333335,30.792567311338637,23.28827245268475,840,302,26.009105007520137,9.789918528143565,52.599023535663704,86.9,63.6,65.6,48.8
fish8,12.7,3175,158.75,20.0,20.0,9.548189042459672,4.128946924152237,2.6666666666666665,31.285551763367458,23.313341960917523,850,205,26.027012993631242,9.785289644018809,52.81230263765005,86.9,63.6,65.6,48.8
fish8,12.7,3180,159.0,20.0,20.0,9.417172901515722,4.01101768874109,2.533333333333333,30.03412969283276,22.916576887000048,820,198,26.03535065901014,9.78583651901881,52.22118717802895,86.9,63.6,65.6,48.8
fish8,12.7,3265,163.25,20.0,20.0,10.468347741315984,4.12845923876413,2.6666666666666665,34.71748198710655,24.82868826883758,941,190,26.178675084526155,9.750120415147146,54.7487954996733,86.8,63.8,65.7,48.8
fish8,12.7,3270,163.5,20.0,20.0,10.885876262060536,4.61752522594802,3.0666666666666664,38.96473265073947,26.018315987465026,1051,265,26.18161344333225,9.76280270681381,56.964416150146064,86.8,63.7,65.7,48.7
fish8,12.7,3275,163.75,20.0,20.0,10.311504703360113,4.430128122713327,3.0666666666666664,36.329161926431546,24.896549337735802,985,274,26.164595148364405,9.763264946397143,55.627860094761544,86.8,63.7,65.7,48.8
fish8,12.7,3285,164.25,20.0,20.0,10.468677569666813,4.129845780693913,3.466666666666667,35.55176336746302,24.91790228774003,962,353,26.17229043209877,9.76920243707233,55.1814928691711,86.8,63.8,65.7,48.8
fish8,12.7,3290,164.5,20.0,20.0,11.397092377286908,4.161859930710472,3.2,37.65642775881683,26.39204974285796,1023,305,26.07574535040208,9.766458289930556,56.302203640332635,86.5,63.7,65.7,48.8
fish8,12.7,3325,166.25,20.0,20.0,12.028669840583472,3.2366297495318324,3.3333333333333335,33.67463026166097,27.054695188946766,919,280,26.02497183159722,9.751598185973696,54.156570017570914,86.9,63.5,65.7,48.7
fish8,12.7,3330,166.5,20.0,20.0,11.814551812363383,3.6077067013445716,3.3333333333333335,34.945013272658315,26.728176357332234,953,280,26.026121992530353,9.787770060973697,54.87389205350405,86.9,63.7,65.7,48.7
fish8,12.7,3335,166.75,20.0,20.0,11.835437226966027,3.7438630388506073,3.3333333333333335,36.67045885475919,26.929362876344157,994,280,26.009507227749285,9.811715377966562,55.70122260571584,86.9,63.7,65.6,48.7
fish8,12.7,3340,167.0,20.0,20.0,11.843003221905665,4.186575514179957,3.3333333333333335,39.32499051952976,27.270856374728904,1064,280,26.011456104118434,9.81701485713323,57.10847096125167,86.9,63.7,65.7,48.7
fish8,12.7,3345,167.25,20.0,20.0,10.191571240718023,3.9570168391441727,2.8,31.3424345847554,23.987882677621847,852,200,25.956634042527938,9.818600141355725,52.81523418388366,86.8,63.7,65.7,48.7
fish8,12.7,3350,167.5,20.0,20.0,10.048500764979226,3.8758504648592202,3.8666666666666667,29.332574895714824,23.592003088826417,799,354,26.02096348259067,9.783092365858293,51.78405584844896,86.7,63.7,65.8,48.8
fish8,12.7,3355,167.75,20.0,20.0,10.05249213373825,4.161859559282148,3.8666666666666667,32.00606750094804,24.08195516470338,872,354,26.043988658292793,9.78211580335829,53.26610446165108,86.7,63.7,65.8,48.8
fish8,12.7,3360,168.0,20.0,20.0,9.667965019492808,4.397221801864907,4.0,33.59878649981039,23.79080861300225,911,398,26.042860181850862,9.784680921766494,54.047541103617355,86.7,63.7,65.8,48.8
fish8,12.7,3365,168.25,20.0,20.0,9.508248612030158,4.385960095111356,4.266666666666667,32.992036405005685,23.63583905950762,894,407,26.116701345486113,9.784609307183159,53.781310652669276,86.8,63.7,65.8,48.8
fish8,12.7,3370,168.5,20.0,20.0,9.316162969074156,4.578045738067357,4.266666666666667,33.617747440273035,23.42860531596883,911,407,26.112439192708337,9.77562493218316,54.1080641248915,86.8,63.7,65.8,48.8
fish8,12.7,3375,168.75,20.0,20.0,9.284148819057599,4.578045738067357,4.266666666666667,33.94008342813803,23.497804455400683,920,407,26.115316795047722,9.766484300231934,54.28180109527966,86.8,63.7,65.8,48.8
fish8,12.7,3380,169.0,20.0,20.0,9.188104140437982,4.193873337870385,4.266666666666667,31.26659082290481,22.772091408636214,852,436,26.110247350603274,9.767115810648601,52.91736316125188,86.8,63.7,65.8,48.8
fish8,12.7,3385,169.25,20.0,20.0,8.964005090322066,4.129845409265589,4.0,29.180887372013647,22.17901801601556,793,375,26.031736007954166,9.7842447204166,51.67598072837077,86.7,63.7,65.8,48.8
fish8,12.7,3390,169.5,20.0,20.0,9.220119776167833,4.321931052221591,3.6,30.868411073189225,22.885196115131293,841,339,26.0587759545597,9.828388602352142,52.70716455691184,86.7,63.7,65.8,48.9
fish8,12.7,3395,169.75,20.0,20.0,9.138800744842126,4.867595287265182,3.2,39.21122487675388,24.64010753960882,1063,282,26.06243485422017,9.833043550268808,57.15547840448899,86.7,63.7,65.8,48.9
fish8,12.7,3400,170.0,20.0,20.0,11.086070185307767,5.688904652234856,2.6666666666666665,52.408039438756155,28.774442542300207,1412,189,26.045248055841892,9.886298780557842,64.17154683639973,86.8,63.7,65.7,48.7
fish8,12.7,3525,176.25,20.0,20.0,11.171099042723661,4.701048312942448,2.933333333333333,40.197193780811524,26.341851924646036,1090,234,26.1268572262611,9.772431544992656,57.69928877125376,86.9,63.5,65.7,48.9
fish8,12.7,3530,176.5,20.0,20.0,10.189854499009087,4.432987749372153,2.6666666666666665,35.76033371255214,24.544949808610273,971,205,26.287508629617566,9.781620991982358,55.48912962159993,86.9,63.7,65.7,48.9
fish8,12.7,3535,176.75,20.0,20.0,93.76371054519491,20.25228531181434,2.6666666666666665,1279.2946530147892,202.47332196734274,2443,224,26.37688343573676,9.79120432531569,85.02808776105245,86.8,63.7,65.7,48.9
fish8,12.7,4060,203.0,20.0,20.0,8.373622742330133,7.789416504493146,8.8,53.50777398558968,27.314909816693227,1446,1802,25.944934419589575,9.799677708933087,64.66461212852266,86.5,63.5,65.5,48.9
fish8,12.7,4075,203.75,20.0,20.0,8.41976231147062,7.7794763397128515,5.6,54.22828972317026,27.207771804421732,1462,1258,25.895572346327047,9.808020800103082,64.94359314643013,86.8,63.5,65.5,48.9
fish8,12.7,4080,204.0,20.0,20.0,9.08811489302804,8.537321604272055,4.133333333333333,58.11528251801288,28.542399870711506,1565,791,25.973245665072223,9.799095000161065,67.07234066523328,86.8,63.5,65.6,48.9
fish8,12.7,4085,204.25,20.0,20.0,10.710447693678075,7.594681091880817,2.0,58.39969662495259,29.222484155136698,1574,354,25.98574578925238,9.864817650307552,67.33056343955994,86.8,63.5,65.5,48.9
fish8,12.7,4100,205.0,20.0,20.0,12.30651828332163,6.294628475680244,3.466666666666667,62.05915813424345,31.275722955084035,1670,427,25.801023761137024,9.926848868645562,69.12787262978259,86.6,63.7,65.5,49.2
fish8,12.7,4105,205.25,20.0,20.0,12.31171233699055,5.82867461589542,1.6,59.29086082669699,31.02778373162742,1600,199,25.877599325881775,9.927304609129166,67.80490393501094,86.9,63.7,65.5,49.2
fish8,12.7,4170,208.5,20.0,20.0,13.185438038331197,2.878270689212991,2.1333333333333333,31.551004929844517,28.520783090526592,858,177,25.685910373263894,9.809667919752334,52.655578293016234,87.0,63.6,65.6,49.0
fish8,12.7,4175,208.75,20.0,20.0,12.946397169637384,2.864576498372071,2.4,30.678801668562755,28.004760437443547,840,241,25.70400487058663,9.809400992669003,52.31340586325564,87.0,63.6,65.6,49.0
fish8,12.7,4180,209.0,20.0,20.0,12.893863833344664,3.8728823811300765,2.4,40.04550625711035,28.696927424501755,1082,262,25.702351195987653,9.807379506842295,57.14973070282995,87.0,63.6,65.6,49.0
fish8,12.7,4185,209.25,20.0,20.0,11.205006734330906,3.4575449160629375,2.533333333333333,31.83541903678422,25.46331775866429,871,277,25.709078626543207,9.806357374307845,52.935436000851055,87.0,63.6,65.6,49.0
fish8,12.7,4190,209.5,20.0,20.0,11.269393091267403,3.614969239344314,2.4,33.2006067500948,25.906409137311645,898,259,25.649438898364412,9.794889276758829,53.40432817512324,87.0,63.6,65.6,49.0
fish8,12.7,4195,209.75,20.0,20.0,11.269035034364025,4.129845409265589,2.6666666666666665,39.15434205536594,27.2463747214601,1057,382,25.654300009475527,9.802441357252336,56.59674136672786,87.0,63.7,65.6,49.0
fish8,12.7,4200,210.0,20.0,20.0,11.304464096382304,3.628121516261967,2.6666666666666665,31.3424345847554,25.714239922982966,852,307,25.921366250704544,9.84795874912474,52.80932499982928,86.8,63.8,65.8,49.1
fish8,12.7,4205,210.25,20.0,20.0,10.15963806207588,3.542766544778473,2.933333333333333,27.512324611300716,23.347944548488574,750,345,25.8869777107898,9.853577219380274,50.74055493017008,86.7,63.8,65.7,49.1
fish8,12.7,4210,210.5,20.0,20.0,9.893234068826192,3.5706214404340075,2.933333333333333,27.512324611300716,22.99167064034655,750,325,25.895354446900928,9.878277753183578,50.773632200084506,86.7,63.7,65.7,49.2
fish8,12.7,4215,210.75,20.0,20.0,11.151711969976024,3.5852538592188408,3.0666666666666664,30.621918847174815,25.403994062627447,832,351,25.896986453510795,9.878440500630274,52.41542695414107,86.6,63.7,65.7,49.2
fish8,12.7,4220,211.0,20.0,20.0,10.771282452989986,3.5983704790174853,3.3333333333333335,29.180887372013647,24.497169872709765,794,354,25.901348401764295,9.877821990956202,51.6591703927205,86.6,63.7,65.7,49.2
fish8,12.7,4225,211.25,20.0,20.0,11.005521496323974,3.375616370859176,3.0666666666666664,28.25180128934395,24.598671065537047,771,332,25.89176508907742,9.87995740762287,51.191722496700294,86.6,63.7,65.7,49.2
fish8,12.7,4230,211.5,20.0,20.0,11.302358840647505,3.318622551835474,2.8,28.53621539628365,25.07330330166037,780,332,25.947047258089796,9.879228240956202,51.426275499046,86.9,63.7,65.7,49.2
fish8,12.7,4235,211.75,20.0,20.0,11.68637115523726,3.208023825807179,2.2666666666666666,29.97724687144482,25.874218976698522,820,280,25.952954426160268,9.883479556518132,52.2364339826784,86.9,63.7,65.7,49.2
fish8,12.7,4240,212.0,20.0,20.0,12.000771116385822,3.3267739178121705,1.8666666666666667,32.233598786499805,26.672347708957805,880,211,25.95682168209876,9.880907941934796,53.43772962403356,86.9,63.7,65.7,49.2
fish8,12.7,4245,212.25,20.0,20.0,12.197450584840766,3.2334451230903767,1.8666666666666667,32.40424725066363,27.057756710113416,882,211,25.97273346324026,9.880940487321219,53.49367395056148,86.9,63.7,65.8,49.2
fish8,12.7,4250,212.5,20.0,20.0,12.821068339175305,3.8230864715779136,1.7333333333333334,38.528631020098594,28.48831981402471,1049,191,25.926119023000457,9.801800088151289,56.70791911115175,86.9,63.8,65.7,49.0
fish8,12.7,4255,212.75,20.0,20.0,12.584719582966642,3.6683854607608195,1.7333333333333334,36.76526355707242,27.972596462527196,999,191,25.899921106333796,9.801129515234623,55.68105062156842,87.0,63.8,65.7,49.0
fish8,12.7,4260,213.0,20.0,20.0,12.934468377615714,3.6858470490819917,1.7333333333333334,37.125521425862715,28.43555809574188,1009,191,25.887928926425513,9.798658808008831,55.86658773443434,87.0,63.8,65.7,49.0
fish8,12.7,4265,213.25,20.0,20.0,12.348246769698095,3.8095653663355153,1.7333333333333334,39.26810769814182,27.988152437837183,1066,191,25.889361277469593,9.794475866688618,57.00383714415821,86.9,63.8,65.7,49.0
fish8,12.7,4270,213.5,20.0,20.0,11.255468243437898,4.0913286635981585,1.7333333333333334,36.02578687902919,26.15390482892205,979,191,25.792212889946843,9.794039668771955,55.166252558718796,87.0,63.8,65.7,49.0
fish8,12.7,4275,213.75,20.0,20.0,11.022419256450823,4.0913286635981585,1.7333333333333334,35.11566173682214,25.635400454284568,955,179,25.795259736614458,9.786647070948284,54.68190680756275,87.0,63.7,65.7,49.0
fish8,12.7,4280,214.0,20.0,20.0,11.073131851104165,3.6778048830322594,1.6,32.78346605991656,25.502477539615924,887,183,25.744083570522733,9.789596299235027,53.273679869757764,87.0,63.7,65.7,49.0
fish8,12.7,4285,214.25,20.0,20.0,11.2240572930179,3.534823550090983,2.0,31.551004929844517,25.367308922877843,856,246,25.732360553807382,9.792480413818359,52.64484096762574,86.7,63.7,65.7,49.0
fish8,12.7,4290,214.5,20.0,20.0,11.459174392907475,3.1258984235922243,1.8666666666666667,29.484262419415998,25.465668133878,805,248,25.724404805030353,9.787890570068358,51.61229537509871,86.7,63.7,65.6,49.0
fish8,12.7,4295,214.75,20.0,20.0,11.601577783378152,3.318622551835474,2.1333333333333333,31.3424345847554,25.789229328184973,852,268,25.716436055030353,9.706516872151694,52.462952927182045,86.7,63.8,65.6,49.0
fish8,12.7,4300,215.0,20.0,20.0,11.891698960765083,4.963675251575483,2.4,45.35456958665149,27.744414834784685,1225,272,25.652507896592876,9.637962234454683,59.790470131047556,86.7,63.7,65.6,49.0
fish8,12.7,4305,215.25,20.0,20.0,11.533608628837937,5.155751980251733,2.4,45.24080394387561,27.184704364492777,1225,272,25.66622744394939,9.63686523054971,59.8030926744991,86.7,63.7,65.6,49.0
fish8,12.7,4310,215.5,20.0,20.0,10.377496373508642,5.562773536595084,2.4,44.10314751611679,25.64646307545699,1190,272,25.6807631799015,9.63381184513304,59.11457502503454,86.9,63.7,65.7,49.0
fish8,12.7,4315,215.75,20.0,20.0,10.201739462488643,5.762093488998279,2.2666666666666666,45.16496018202502,25.965815801150136,1222,263,25.690819581415624,9.649316399086846,59.780135980502465,86.9,63.6,65.7,49.0
fish8,12.7,4320,216.0,20.0,20.0,10.009638219543076,5.11603774967093,2.2666666666666666,40.57641259006446,25.363463479021217,1099,250,25.668714653787497,9.650748690753513,57.29946334454101,86.9,63.6,65.7,49.0
fish8,12.7,4325,216.25,20.0,20.0,9.579715135659802,5.399475817242009,2.0,40.6332954114524,24.806813647753692,1098,214,25.674938584391274,9.651471347003513,57.286409931394786,86.9,63.6,65.7,49.0
fish8,12.7,4330,216.5,20.0,20.0,9.753891990593731,5.6607410996429035,2.0,42.73795980280621,25.471741056601967,1161,206,25.70884027504626,9.65027994075351,58.57912021579977,86.9,63.6,65.7,49.0
fish8,12.7,4335,216.75,20.0,20.0,9.891396241483957,6.286452595434229,2.4,47.250663632916186,26.343760787655047,1274,242,25.71645747062778,9.664388013670179,60.860845484297954,86.9,63.7,65.7,49.0
fish8,12.7,4340,217.0,20.0,20.0,8.931990940305507,5.762574860104896,2.6666666666666665,46.58703071672354,26.1659139191043,1256,272,25.731648343385295,9.661992183261447,60.51364052664674,86.9,63.7,65.7,49.0
fish8,12.7,4345,217.25,20.0,20.0,9.115442360464906,5.431481424407139,2.933333333333333,45.487296169890016,26.049427172014088,1227,336,25.733154494881337,9.666998693678114,59.94015318855945,86.9,63.7,65.7,49.0
fish8,12.7,4350,217.5,20.0,20.0,8.548678396676294,4.723027583956346,3.0666666666666664,34.85020857034508,23.03486030253145,950,287,25.551804740547837,9.848535091781615,54.40033983232945,86.9,63.8,65.7,49.0
fish8,12.7,4355,217.75,20.0,20.0,8.312527983192117,4.628567047134352,2.933333333333333,33.50398179749715,22.536459926947817,911,268,25.566999980992446,9.838535091781615,53.625535072774056,86.9,63.8,65.7,49.0
fish8,12.7,4360,218.0,20.0,20.0,8.312527983192117,4.628567047134352,2.6666666666666665,32.5938566552901,22.251055749977446,888,247,25.58258157821467,9.837597591781615,53.18017916999628,86.9,63.8,65.7,49.0
fish8,12.7,4365,218.25,20.0,20.0,8.211012908231265,4.735653918368622,2.2666666666666666,32.25255972696245,21.880077365955923,878,196,25.582377576964575,9.844186130099827,52.986563707064406,86.9,63.8,65.7,49.0
fish8,12.7,4370,218.5,20.0,20.0,8.36377543463059,4.735653918368622,2.0,32.5938566552901,22.05083977317354,889,151,25.59098873667775,9.819671161132389,53.19065989781014,86.9,63.7,65.7,49.0
fish8,12.7,6100,305.0,20.0,20.0,93.00549756659593,14.547804441425892,1.6,1045.316647705726,200.62898028303596,5318,181,26.15270369871163,9.74853169630899,142.2612353950206,86.8,63.8,65.5,49.0
fish8,12.7,6115,305.75,20.0,20.0,93.00851653600533,14.55330455203297,1.8666666666666667,1047.4592339780052,200.75315582855512,5321,187,26.253754016998673,9.767626776790621,142.44138079378928,87.0,63.7,65.6,49.0
fish8,12.7,6120,306.0,20.0,20.0,93.0158262454021,14.56681711442394,1.7333333333333334,1053.3371255214256,201.0198574287486,5346,237,26.245325113762753,9.76098939870199,142.92631451246473,87.0,63.7,65.5,49.0
fish8,12.7,6125,306.25,20.0,20.0,93.0158262454021,14.56681711442394,1.6,1053.3371255214256,201.0198574287486,5349,157,26.253641169776447,9.767190573363834,143.00083174314028,87.0,63.7,65.5,49.1
fish8,12.7,6130,306.5,20.0,20.0,93.0158262454021,14.56681711442394,1.6,1057.1482745544176,201.17835304417062,5367,182,26.25187467176649,9.765374167113833,143.3572488388803,87.0,63.7,65.5,49.1
fish8,12.7,6135,306.75,20.0,20.0,93.00851653600533,14.55330455203297,1.6,1051.497914296549,200.93780779791155,5344,165,26.128198642137313,9.800283015685613,142.80848165782294,87.0,63.8,65.5,49.0
fish8,12.7,6140,307.0,20.0,20.0,92.92559590575081,14.525973370312874,1.6,1046.8145620022751,200.4845156046582,5306,165,26.13269082634067,9.800667130268947,142.05335795660963,87.0,63.8,65.5,49.0
fish8,12.7,6145,307.25,20.0,20.0,92.92111499446207,14.517865832878291,1.6,1043.818733409177,200.47238624134212,5299,163,26.115294986300984,9.802529109435612,141.8978240957366,87.0,63.8,65.5,49.0
fish8,12.7,6210,310.5,20.0,20.0,8.56835815494246,4.673649902695888,1.4666666666666666,30.659840728100107,21.48411569150111,839,214,25.64617157592773,9.707939143276215,52.134110719203946,86.8,63.7,65.5,48.9
fish8,12.7,6215,310.75,20.0,20.0,8.56835815494246,4.673649902695888,1.4666666666666666,30.508153204398933,21.463400530356026,835,234,25.701805237193163,9.783954942819806,52.18576018001296,86.6,63.7,65.5,49.1
fish8,12.7,6220,311.0,20.0,20.0,8.178887329717803,4.673649902695888,1.4666666666666666,29.067121729237765,20.86486282353292,797,234,25.699192389970943,9.852275260066985,51.491467650037926,86.6,63.7,65.5,49.0
fish8,12.7,6225,311.25,20.0,20.0,8.373622742330133,4.673649902695888,1.4666666666666666,29.21880925293894,21.01131482915291,800,234,25.696197598304284,9.851207582590316,51.5474051808946,86.6,63.7,65.5,49.0
fish8,12.7,6230,311.5,20.0,20.0,8.373622742330133,4.673649902695888,1.4666666666666666,29.21880925293894,21.01131482915291,800,234,25.69556391774873,9.851412654452853,51.54697657220158,86.6,63.6,65.5,49.0
fish8,12.7,6235,311.75,20.0,20.0,8.178887329717803,4.673649902695888,1.4666666666666666,28.593098217671592,20.626146258193632,784,234,25.728063991292313,9.875432807403138,51.28349679869545,86.9,63.6,65.5,49.0
fish8,12.7,6240,312.0,20.0,20.0,8.178887329717803,4.673649902695888,1.4666666666666666,28.593098217671592,20.626146258193632,784,215,25.722812272060064,9.879283706622651,51.28209597868271,86.9,63.6,65.5,49.0
fish8,12.7,6245,312.25,20.0,20.0,8.178887329717803,4.673649902695888,1.3333333333333333,28.593098217671592,20.626146258193632,784,160,25.724470258171177,9.879941312620373,51.28441157079155,86.9,63.6,65.5,49.0
fish8,12.7,6520,326.0,20.0,20.0,7.399945679268489,5.647326965757531,1.4666666666666666,34.64163822525597,22.249333460057937,946,191,25.68956985991678,9.853769329452518,54.4633391893693,87.0,63.6,65.6,49.1
fish8,12.7,6525,326.25,20.0,20.0,7.399945679268489,5.647326965757531,1.4666666666666666,34.64163822525597,22.249333460057937,946,191,25.685082012694565,9.854856569035851,54.45993858173042,87.0,63.6,65.6,49.1
fish8,12.7,6530,326.5,20.0,20.0,7.984151917105475,5.647326965757531,1.3333333333333333,36.594615092908604,22.628372302974096,997,181,25.6731636329745,9.85598938153585,55.469153014510354,87.0,63.6,65.5,49.1
fish8,12.7,6535,326.75,20.0,20.0,7.984151917105475,5.647326965757531,1.3333333333333333,36.29124004550625,22.55316918720074,988,181,25.64963495822483,9.912506325785317,55.322141284010144,87.0,63.8,65.6,49.2
fish8,12.7,6540,327.0,20.0,20.0,7.984151917105475,5.4525915531452025,1.4666666666666666,35.456958665149784,22.448762101674152,968,175,25.649652319335935,9.912454242451986,54.92210656178792,87.0,63.8,65.6,49.2
fish8,12.7,6545,327.25,20.0,20.0,8.178887329717803,5.4525915531452025,1.4666666666666666,35.91202123625331,22.671722979337023,980,175,25.645216555447046,9.917382610702516,55.16259916614956,87.0,63.8,65.6,49.2
fish8,12.7,6590,329.5,20.0,20.0,7.789416504493146,5.4525915531452025,1.3333333333333333,35.76033371255214,22.484428854604886,980,184,25.472863874345933,9.945618414815268,55.018482289161206,86.9,63.7,65.3,49.1
fish8,12.7,6595,329.75,20.0,20.0,7.789416504493146,5.4525915531452025,1.6,35.68448995070155,22.47766110555993,977,213,25.449191939667127,9.946438734266492,54.935630673933616,86.9,63.7,65.3,49.2
fish8,12.7,6640,332.0,20.0,20.0,7.789416504493146,5.4525915531452025,1.4666666666666666,34.62267728479332,22.52764846319833,946,205,25.913792335717478,9.827568183040622,54.6613605187581,87.1,63.7,65.5,49.1
fish8,12.7,6645,332.25,20.0,20.0,7.789416504493146,5.4525915531452025,1.4666666666666666,34.62267728479332,22.52764846319833,946,205,25.908939905161922,9.830937331771851,54.659877236933774,87.1,63.7,65.5,49.1
fish8,12.7,7370,368.5,20.0,20.0,12.10646995997702,4.315555485057188,2.2666666666666666,39.91277967387182,27.198983996013563,1088,314,25.9095289686415,10.013391878085667,57.68292084672717,86.7,63.5,65.6,48.9
fish8,12.7,7375,368.75,20.0,20.0,12.150286616385426,4.236471337951009,2.2666666666666666,39.097459233978,27.146761916655525,1069,312,26.001994167073573,9.913525331020356,57.295519498093924,86.7,63.5,65.6,48.6
fish8,12.7,7380,369.0,20.0,20.0,12.150286616385426,4.236471337951009,2.2666666666666666,39.53356086461888,27.253204824034782,1080,300,25.993370101344727,9.896295483228895,57.48966558457362,86.7,63.5,65.6,48.7
fish8,12.7,7385,369.25,20.0,20.0,12.125285033107225,4.202787617622536,2.933333333333333,39.19226393629123,27.220329749594036,1071,363,26.005206129964197,9.907125542947979,57.332331672912176,86.7,63.5,65.6,48.6
fish8,12.7,7390,369.5,20.0,20.0,11.909321006121795,3.937759394881265,2.933333333333333,36.3102009859689,26.576532433756185,994,365,25.96582250064802,9.964390980519187,55.81021348116721,86.7,63.5,65.6,48.6
fish8,12.7,7395,369.75,20.0,20.0,11.897170842819612,3.800485429551303,2.533333333333333,35.6655290102389,26.44000675721146,974,338,25.872046484374994,9.989094867451985,55.34114135182698,86.7,63.5,65.6,48.8
fish8,12.7,7400,370.0,20.0,20.0,11.54673490577298,4.1238334704294095,2.8,36.727341676147134,26.086285350933675,997,380,25.6439320203993,9.824261004882391,55.40819302528169,86.9,63.7,65.5,48.8
fish8,12.7,7405,370.25,20.0,20.0,11.539154053700422,4.103422741223567,2.8,35.91202123625331,25.930319626676745,973,380,25.607365251536425,9.805312456597225,54.87267770813365,86.9,63.7,65.5,48.8
fish8,12.7,7410,370.5,20.0,20.0,11.140977691441142,3.937759394881265,2.8,33.59878649981039,25.155690584057314,916,380,25.621670783130035,9.80227531762653,53.74394610075657,86.9,63.7,65.5,48.8
fish8,12.7,7415,370.75,20.0,20.0,11.134973181171421,4.009556489718383,2.8,33.46605991657186,25.063297649423877,913,378,25.77451367722499,9.798606696065269,53.83312037329026,86.7,63.7,65.5,48.8
fish8,12.7,7420,371.0,20.0,20.0,11.126058158562625,4.020802967910691,2.8,34.05384907091391,25.107400027069758,924,382,25.766332265425316,9.731285759724512,53.97761802514982,86.7,63.7,65.5,48.7
fish8,12.7,7425,371.25,20.0,20.0,10.208068601112672,3.913974610789233,2.8,30.849450132726577,23.35239226337095,838,382,25.75598501924114,9.728570915974512,52.24455593521566,86.7,63.7,65.5,48.7
fish8,12.7,7430,371.5,20.0,20.0,10.217123280770918,3.792171006540807,2.8,30.697762609025403,23.410656088688093,836,382,25.76033395225619,9.729990186807841,52.21032413906403,86.7,63.7,65.5,48.7
fish8,12.7,7435,371.75,20.0,20.0,10.212562883821047,3.6816447090354982,2.8,29.882442169131583,23.160406488205297,815,382,25.66822023262683,9.72986974550883,51.698089978135656,87.0,63.7,65.5,48.7
fish8,12.7,7440,372.0,20.0,20.0,10.134627564517926,3.9106440130168356,2.933333333333333,31.873340917709513,23.416047138653827,869,381,25.66776451640187,9.766227165974513,52.81399168237638,87.0,63.6,65.5,48.7
fish8,12.7,7445,372.25,20.0,20.0,10.191834211970711,3.9634912062424954,2.933333333333333,32.8782707622298,23.641563327107633,893,369,25.662682063726734,9.767662708494399,53.29034477222113,87.0,63.6,65.5,48.7
fish8,12.7,7450,372.5,20.0,20.0,10.464267229759436,4.54470001751282,2.533333333333333,37.94084186575653,24.665696838565367,1028,314,25.69742549896241,9.93774398548338,56.195169484445785,87.1,63.7,65.5,49.0
fish8,12.7,7455,372.75,20.0,20.0,10.426076226731283,4.773844549968453,2.6666666666666665,39.26810769814182,24.872519039522263,1063,322,25.692147735802926,9.93765934489568,56.8898070806986,86.9,63.7,65.5,49.0
fish8,12.7,7460,373.0,20.0,20.0,10.426076226731283,4.697462915340468,2.6666666666666665,38.756162305650356,24.819828496191832,1050,333,25.68971283267927,9.91816064172321,56.60787347440248,86.9,63.8,65.5,49.0
fish8,12.7,7465,373.25,20.0,20.0,10.426076226731283,4.773844549968453,2.6666666666666665,39.13538111490329,24.9211160248763,1060,331,25.6793569299015,9.912617008421158,56.791973938322656,86.9,63.8,65.5,49.0
fish8,12.7,7470,373.5,20.0,20.0,9.8532148955922,4.659272283740637,2.933333333333333,36.40500568828213,23.900900525083802,990,362,25.695433470474054,9.915628078873953,55.411061549348005,86.9,63.8,65.5,49.0
fish8,12.7,7475,373.75,20.0,20.0,9.796376705035838,4.353945573666473,2.8,34.546833522942734,23.607928263889473,939,336,25.602933181122204,9.913632627868655,54.29656580899086,86.6,63.8,65.5,49.0
fish8,12.7,7480,374.0,20.0,20.0,9.589120443654966,4.251095956741059,2.933333333333333,32.57489571482745,23.07128281924242,886,342,25.578137213643394,9.919120909118655,53.21725812276205,86.6,63.7,65.4,49.0
fish9,14.0,310,15.5,20.0,20.0,42.09231379027043,18.246564939013844,8.133333333333333,515.8703071672354,99.21576900583952,4229,2983,23.73590197836793,8.86748046722412,117.18338244559204,86.0,61.5,65.1,47.6
fish9,14.0,315,15.75,20.0,20.0,38.42568332833582,32.29702388450771,6.133333333333333,986.405005688282,122.70014282200873,3653,1608,23.629934278681247,9.053652331500583,105.74358661018184,86.0,61.4,65.1,47.6
fish9,14.0,325,16.25,20.0,20.0,22.96157412833313,6.813060700365981,6.4,124.95259764884337,51.202943414668525,1678,1367,23.701032074351364,9.072464119709863,66.33349619406123,85.8,61.5,65.0,47.6
fish9,14.0,330,16.5,20.0,20.0,47.65845543889854,20.451984492535328,5.466666666666667,732.9541145240803,115.95591879345989,5158,1112,23.9054764683853,9.081845671070946,136.14732213945624,85.9,61.5,65.2,47.6
fish9,14.0,335,16.75,20.0,20.0,36.89004709827198,11.632827533905965,4.266666666666667,325.16116799393245,83.30155228545351,4591,901,23.997542572021484,9.110888642109767,124.92843121413125,85.8,61.5,65.2,47.6
fish9,14.0,340,17.0,20.0,20.0,32.63920148422062,9.457470645991966,4.533333333333333,222.69624573378834,72.2576260987443,2750,1043,24.005055159938475,9.127864542600841,88.13291970253931,85.9,61.6,65.1,47.6
fish9,14.0,345,17.25,20.0,20.0,26.71583790308456,9.240734048094684,2.8,166.70458854759192,60.361937371004835,1954,480,24.06096685924765,9.06755859336853,72.20852545261619,85.9,61.6,65.2,47.7
fish9,14.0,420,21.0,20.0,20.0,8.506417282084637,6.565790465747641,2.533333333333333,46.94728858551383,25.5542541835576,1270,210,24.843610431058913,8.888596981800923,59.13220741285984,86.2,61.8,65.0,47.7
fish9,14.0,425,21.25,20.0,20.0,9.685725236185677,6.418250964426432,2.533333333333333,50.13272658323852,26.786952475163883,1354,210,24.92631015353733,8.940768202675713,60.94707835621304,86.1,61.8,65.1,47.8
fish9,14.0,430,21.5,20.0,20.0,11.187022174930942,7.361231705161542,2.533333333333333,67.08380735684489,31.25507578853633,1800,210,24.843319787126703,8.960507790078056,69.80382757720476,86.1,61.8,65.1,47.8
fish9,14.0,495,24.75,20.0,20.0,37.59368091337512,8.529517895205691,1.6,226.1092150170648,80.74712294036011,1593,158,25.258580112014577,8.80068349609375,65.91926360810832,86.4,61.8,65.3,47.8
fish9,14.0,500,25.0,20.0,20.0,10.12624145584109,6.815739441431503,2.8,52.23739097459233,27.81051094593479,1417,919,25.26644002700617,8.890891872151693,62.49733189915786,86.3,61.7,65.4,47.8
fish9,14.0,505,25.25,20.0,20.0,10.035036488270247,7.0752950392616,3.3333333333333335,54.986727341676136,28.46359896091589,1486,1058,25.213705734516665,8.897923122151692,63.83162885666836,86.3,61.7,65.3,47.8
fish9,14.0,510,25.5,20.0,20.0,9.540516076163009,7.131771458631354,3.466666666666667,50.18960940462646,26.91806799639851,1355,1129,25.158419210476342,8.89657545636495,61.1549946668413,86.3,61.7,65.3,47.8
fish9,14.0,515,25.75,20.0,20.0,8.467704050834337,6.704406773036948,3.466666666666667,42.88964732650739,24.704750507087972,1159,849,25.118419458836684,8.910107362270356,57.208526821107036,86.3,61.7,65.4,47.8
fish9,14.0,520,26.0,20.0,20.0,8.643140047783257,7.084540633077872,3.7333333333333334,44.690936670458846,25.663927867347446,1209,957,25.065867331874514,8.906930275715721,58.15279760759024,86.1,61.8,65.3,47.8
fish9,14.0,525,26.25,20.0,20.0,10.176866393410203,7.185173937199909,3.7333333333333334,50.17064846416381,28.40171784158953,1348,887,25.165277009111577,8.911572202799057,61.036849211910635,86.1,61.8,65.3,47.8
fish9,14.0,530,26.5,20.0,20.0,9.87112591218421,6.423317246752237,3.7333333333333334,45.202882062950316,26.017783869963782,1224,914,25.097199774829246,8.911487567382391,58.488687342211634,86.1,61.8,65.3,47.8
fish9,14.0,535,26.75,20.0,20.0,13.046104874378488,6.489600859562651,3.8666666666666667,58.39969662495259,31.559090613773634,1566,986,25.12093665334443,8.916803317599827,65.35773997094427,86.1,61.8,65.3,47.8
fish9,14.0,540,27.0,20.0,20.0,15.640487139178754,6.167361532228718,3.8666666666666667,67.80432309442547,36.061055899154425,1241,1034,25.077876843092177,8.92845696343316,58.826333806525334,86.2,61.8,65.3,47.8
fish9,14.0,545,27.25,20.0,20.0,7.594681091880817,5.4525915531452025,4.266666666666667,35.949943117178606,22.567729409605292,975,1018,25.05849329274496,8.929599536376529,53.488092829121484,86.2,61.8,65.3,47.8
fish9,14.0,550,27.5,20.0,20.0,7.0104748540438315,6.621004028819175,4.8,37.95980280621918,22.80237653659491,1029,2150,25.0030155895657,8.830605419752333,54.413621009318035,86.3,61.8,65.1,47.7
fish9,14.0,560,28.0,20.0,20.0,6.621004028819175,6.231533203594517,4.933333333333334,34.67956010618126,21.574736077320082,946,1779,24.876157531267328,8.813580704752603,52.609738236019936,86.2,61.7,65.1,47.7
fish9,14.0,565,28.25,20.0,20.0,6.621004028819175,6.036797790982188,3.8666666666666667,33.67463026166097,21.2830997741608,918,1184,24.82820168999566,8.817558569335938,52.005760259331595,86.2,61.7,65.1,47.7
fish9,14.0,570,28.5,20.0,20.0,6.621004028819175,5.647326965757531,3.7333333333333334,31.626848691695102,20.61509700844084,869,1104,24.841864735167704,8.81625973806381,51.038124473231505,86.2,61.7,65.1,47.7
fish9,14.0,575,28.75,20.0,20.0,6.621004028819175,5.4525915531452025,3.6,30.242700037921875,20.384987806987553,826,1109,24.799551628489557,8.819970663695862,50.13952229218542,86.2,61.7,65.1,47.7
fish9,14.0,580,29.0,20.0,20.0,6.932184449263917,5.313869760212162,2.4,30.0910125142207,20.425543206648612,823,672,24.825302545994887,8.894742804114024,50.18004535010891,86.1,61.8,65.1,47.7
fish9,14.0,585,29.25,20.0,20.0,6.932184449263917,5.313869760212162,2.4,30.0910125142207,20.425543206648612,823,692,24.82003773960066,8.893876918697357,50.17391465829802,86.0,61.8,65.1,47.7
fish9,14.0,590,29.5,20.0,20.0,7.072568012514087,5.909953904390567,2.1333333333333333,34.793325748957145,21.875829665225485,943,607,24.822750501543208,8.893473272864025,52.57622377440723,86.1,61.8,65.1,47.7
fish9,14.0,600,30.0,20.0,20.0,9.061213825305984,7.643947344644373,2.533333333333333,50.05688282138793,27.19387239943235,1349,487,25.329378076605142,8.80592122267617,61.11529929928132,86.5,61.8,65.3,47.8
fish9,14.0,605,30.25,20.0,20.0,9.931506043228762,7.594681091880817,2.533333333333333,53.41296928327644,28.432172456934868,1439,487,25.261561167097682,8.80219075392617,62.84375192102385,86.5,61.8,65.3,47.7
fish9,14.0,610,30.5,20.0,20.0,10.015156901566304,8.099213725863013,2.533333333333333,55.42282897231702,29.386683586386685,1491,456,25.204391126543207,8.803180337259503,63.82757146380271,86.5,61.8,65.3,47.7
fish9,14.0,615,30.75,20.0,20.0,10.798951634484018,9.057186056571304,2.533333333333333,63.15889268107697,32.35383333579758,1696,371,25.258427770242577,8.804814451842837,67.98324222208541,86.5,61.8,65.3,47.7
fish9,14.0,620,31.0,20.0,20.0,11.450095198979907,9.937818839006576,2.6666666666666665,71.06560485400075,35.209812243491406,1899,368,25.24737303781392,8.812724608092838,72.04009764590677,86.4,61.7,65.3,47.7
fish9,14.0,625,31.25,20.0,20.0,11.342076414083214,8.641581534539924,2.6666666666666665,65.01706484641637,32.90233207965966,1744,368,25.23938263135369,8.817952472676172,68.93733510402987,86.4,61.7,65.3,47.7
fish9,14.0,630,31.5,20.0,20.0,11.478207123034963,8.787087837220996,2.6666666666666665,65.90822904816078,33.42930381291963,1767,368,25.203180292859486,8.819710285176173,69.36289057803566,86.4,61.7,65.3,47.7
fish9,14.0,635,31.75,20.0,20.0,11.12603661571989,8.695591669844916,2.6666666666666665,62.81759575274933,32.64060636542386,1687,381,25.224256772170833,8.81635742008421,67.78061419225504,86.4,61.7,65.4,47.8
fish9,14.0,640,32.0,20.0,20.0,10.798951634484018,8.708832346703444,2.6666666666666665,62.6848691695108,31.893351288424476,1685,381,25.052524938437383,8.88687499792311,67.63939993636049,86.6,61.9,65.3,47.8
fish9,14.0,645,32.25,20.0,20.0,9.840980046632373,7.925036870929084,2.6666666666666665,56.33295411452407,28.850425077195123,1519,381,25.053262730275847,8.887317706256443,64.32058043653228,86.6,61.8,65.3,47.8
fish9,14.0,750,37.5,20.0,20.0,9.86485694494851,6.4525865414617805,3.466666666666667,47.15585893060295,26.52274069830512,1269,311,25.1315443081326,8.849625600592297,59.36116990872489,86.5,61.9,65.2,47.7
fish9,14.0,755,37.75,20.0,20.0,9.540515333306363,5.903784108517109,3.466666666666667,40.29199848312476,24.964006640832643,1089,311,25.172911232258368,8.854039663092298,55.80695089535067,86.5,61.9,65.3,47.7
fish9,14.0,900,45.0,20.0,20.0,6.231533203594517,5.647326965757531,2.533333333333333,28.270762229806593,20.051395192604176,774,223,25.04422195952616,8.7376040918986,49.26182605142476,86.2,61.6,65.2,47.7
fish9,14.0,915,45.75,20.0,20.0,5.4525915531452025,5.063120727920545,2.533333333333333,24.781949184679554,18.419892012373275,683,270,24.964708107258367,8.745716096835666,47.370424204094036,86.2,61.6,65.2,47.7
fish9,14.0,920,46.0,20.0,20.0,5.842062378369859,5.063120727920545,2.1333333333333333,25.407660219946905,18.690821859738794,697,203,24.93232944590251,8.776611280557846,47.64894072646035,86.0,61.8,65.1,47.7
fish9,14.0,930,46.5,20.0,20.0,6.719697734238471,6.113823853750589,2.1333333333333333,31.816458096321572,20.86386927598315,865,178,24.910471922302253,8.777200442462497,50.98767236476475,86.0,61.8,65.2,47.7
fish9,14.0,940,47.0,20.0,20.0,6.879750655761764,6.078226534701988,2.8,32.19567690557451,21.26226687023732,874,303,24.9919648821607,8.785328716437022,51.25729359859773,86.1,61.8,65.2,47.7
fish9,14.0,945,47.25,20.0,20.0,7.141242138011369,5.312387761203367,3.3333333333333335,31.228668941979517,21.278813166313522,845,362,24.949052384440108,8.787649678378639,50.63670206281875,86.1,61.8,65.1,47.8
fish9,14.0,960,48.0,20.0,20.0,7.350464740934235,6.6534378928407305,2.8,36.461888509670075,22.465142972860995,985,253,24.882434407533243,8.883411414930558,53.465845822463805,86.1,61.8,65.2,48.0
fish9,14.0,1450,72.5,20.0,20.0,61.658527903806664,8.795920402742087,1.7333333333333334,368.202502844141,130.96039779373402,1930,207,24.84164844285,8.851972645399304,72.2936210882493,86.3,62.2,65.1,47.8
fish9,14.0,1470,73.5,20.0,20.0,62.28485708489915,8.703907949997028,2.933333333333333,367.00796359499424,132.2150758902824,1827,708,24.72374918499228,8.854664713276758,70.11841389826904,85.9,62.1,65.0,47.9
fish9,14.0,1475,73.75,20.0,20.0,62.529417378472836,8.970097257676017,3.8666666666666667,378.2138794084186,132.75147804937788,1898,1222,24.734348158923495,8.865325514729818,71.55967367365332,85.9,62.1,65.0,47.9
fish9,14.0,1480,74.0,20.0,20.0,62.819470213048334,8.51619401840281,4.0,374.3648084945013,132.79912728893723,1917,1330,24.70708692760703,8.941718698077729,71.98880562568476,85.9,62.1,65.1,47.9
fish9,14.0,1485,74.25,20.0,20.0,62.96485617295275,8.795920402742087,5.066666666666666,377.6829730754645,133.5139839036771,1952,1677,24.79986441105972,8.94698566992018,72.78685008097989,86.3,62.1,65.1,47.8
fish9,14.0,1490,74.5,20.0,20.0,63.31666713765115,8.076352312581976,12.533333333333333,357.0534698521046,133.40338062765184,1732,3424,24.77687838660346,9.011132800250586,68.42801118685405,86.3,62.1,65.1,47.7
fish9,14.0,1495,74.75,20.0,20.0,63.25077872457642,8.36120440777874,12.533333333333333,366.81835419036776,133.9373436633787,1780,3598,24.77825861181566,9.193981101979151,69.5722397137948,86.3,62.1,65.1,47.9
fish9,14.0,1500,75.0,20.0,20.0,63.78136259827763,8.167453280222377,13.866666666666667,360.27682973075457,134.62381609710272,1748,4673,25.077220637945477,8.924850254313153,68.96207089225862,86.2,61.7,65.2,47.8
fish9,14.0,1505,75.25,20.0,20.0,63.97944978007677,8.167453280222377,13.866666666666667,361.0542282897231,134.8241721023844,1739,4795,25.077624294686025,8.864244786538022,68.72186908122404,86.2,61.6,65.2,47.8
fish9,14.0,1510,75.5,20.0,20.0,63.97944978007677,8.003561275552492,13.733333333333333,356.42775881683724,134.87972570808566,1734,5122,25.091704199049207,8.877151688035328,68.64885588708454,86.2,61.6,65.2,47.8
fish9,14.0,1515,75.75,20.0,20.0,64.02110918078516,7.961243703855738,14.133333333333333,356.3708759954493,135.3124030258411,1756,5423,25.08285438337915,8.87490884806315,69.0777632314423,86.2,61.6,65.2,47.8
fish9,14.0,1520,76.0,20.0,20.0,64.00984153117844,8.15882722884888,14.799999999999999,362.0591581342434,135.62953354230623,1754,5829,25.026651961696288,8.911259760019515,69.0179117217158,86.1,61.7,65.2,47.8
fish9,14.0,1525,76.25,20.0,20.0,64.32348749283129,8.151511576598947,14.799999999999999,363.40538490709133,135.36660337887602,1640,5567,25.022515597195092,8.914563797844778,66.73707939503987,86.1,61.7,65.2,47.8
fish9,14.0,1530,76.5,20.0,20.0,64.22466973035212,8.284630001851115,14.799999999999999,366.89419795221835,135.8302573544848,1696,5565,25.00586626850646,8.900869132900239,67.8267354014067,86.1,61.7,65.2,47.8
fish9,14.0,1535,76.75,20.0,20.0,64.65126555931789,7.723205691634043,14.933333333333334,351.66856276071286,135.88791152663825,1613,5815,25.009030478677623,8.908795568678114,66.17782604735574,86.1,61.7,65.2,47.8
fish9,14.0,1540,77.0,20.0,20.0,64.87027752712191,7.647530142248092,16.0,351.85817216533934,136.25203942595587,1535,6126,25.094351746942966,8.918893224928116,64.71324497187108,86.2,61.7,65.2,47.8
fish9,14.0,1545,77.25,20.0,20.0,64.97975082533151,8.052006671722204,16.266666666666666,365.9840728100113,136.77280329193928,1585,6574,25.06939079861111,8.952249345133039,65.72164014374415,86.2,61.7,65.2,47.8
fish9,14.0,1550,77.5,20.0,20.0,7.399945679268489,6.426268616206846,16.0,40.15927189988623,22.932456887093316,1104,7364,25.067764327418953,8.826731709628637,55.97449603704759,86.1,61.8,65.2,47.6
fish9,14.0,1555,77.75,20.0,20.0,7.594681091880817,6.426268616206846,15.466666666666667,41.03147516116799,23.155846230541048,1122,7576,25.060594188530057,8.81741855696572,56.31801274549578,86.1,61.8,65.2,47.5
fish9,14.0,1560,78.0,20.0,20.0,7.984151917105475,6.231533203594517,15.6,39.76109215017064,23.014643992838433,1089,7487,25.04261669919991,8.835520775307549,55.65813747450746,86.1,61.8,65.2,47.6
fish9,14.0,1565,78.25,20.0,20.0,7.847036180241114,6.292093848804049,15.333333333333334,40.76602199469093,23.307431375584983,1112,7939,25.001266878858026,8.833219344573552,56.07448622343158,86.1,61.8,65.2,47.5
fish9,14.0,1570,78.5,20.0,20.0,8.027843773597352,6.292093848804049,16.0,41.96056124383769,23.908563184244503,1140,8156,24.97922689887152,8.825123639890883,56.604350538762404,86.1,61.8,65.2,47.5
fish9,14.0,1575,78.75,20.0,20.0,8.273517609283411,6.3361913050246494,16.53333333333333,43.19302237390974,24.317437007206145,1173,8370,24.97850646219136,8.844309849675495,57.28281631186685,86.1,61.8,65.2,47.5
fish9,14.0,1580,79.0,20.0,20.0,7.663772702813158,6.444535461132296,16.53333333333333,41.240045506257104,23.622673132599097,1117,8294,24.96164018976659,8.857997990406885,56.159638180173474,86.1,61.8,65.2,47.5
fish9,14.0,1585,79.25,20.0,20.0,8.74997397632956,6.712766881731174,16.53333333333333,45.373530527114134,25.137719187148548,1224,8478,25.05348052292813,8.902187432183162,58.4356679551113,85.9,61.8,65.2,47.5
fish9,14.0,1590,79.5,20.0,20.0,8.449402291646525,6.712766138874527,17.6,43.49639742131209,24.693360146849038,1173,9265,25.00177482004048,8.942132111008961,57.40390693104944,85.9,61.8,65.2,47.5
fish9,14.0,1595,79.75,20.0,20.0,8.957828980167118,6.231533203594517,17.866666666666667,42.4914675767918,24.38984883913211,1148,9470,24.999161972818253,8.94245764023463,56.90161961305289,85.9,61.8,65.2,47.5
fish9,14.0,2250,112.5,20.0,20.0,9.587744673146553,6.517778155002555,2.2666666666666666,46.43534319302237,27.194109138559728,1081,319,25.536462406846034,9.011728385066988,56.16819079191302,86.5,61.9,65.4,47.7
fish9,14.0,2265,113.25,20.0,20.0,83.48417913473583,8.703492693131906,2.2666666666666666,500.37921880925285,172.25029213497206,1624,179,25.15486076268326,9.223336371856265,66.85819713453952,86.1,61.8,65.3,48.1
fish9,14.0,2270,113.5,20.0,20.0,9.711500876089023,4.799156647324686,3.6,38.452787258248,24.412662988159045,1040,494,25.14305086170715,9.26887021373113,55.21192107543828,86.1,61.8,65.3,47.9
fish9,14.0,2275,113.75,20.0,20.0,5.4525915531452025,4.868385315308217,3.7333333333333334,21.27417519908987,17.219160722600797,591,625,25.01669679947841,9.606363715606268,46.443060515084674,86.1,61.8,65.3,47.9
fish9,14.0,2280,114.0,20.0,20.0,5.647326965757531,4.868385315308217,3.8666666666666667,22.14637846037163,17.37172896877292,612,604,25.01394066358025,9.792216368770601,47.046157032350855,86.1,61.8,65.3,47.8
fish9,14.0,3095,154.75,20.0,20.0,49.74906798349207,7.857246001983912,4.133333333333333,353.75426621160403,107.26853299669807,2522,1619,25.396293084415397,10.243346305169,86.0796393895844,87.0,62.4,65.7,48.0
fish9,14.0,3170,158.5,20.0,20.0,43.6665666802206,7.610198624359375,1.8666666666666667,232.74554417899125,94.64209588449049,1146,160,25.30649217664931,8.736214129882388,56.9627063065317,87.0,62.2,65.4,47.9
fish9,14.0,3175,158.75,20.0,20.0,49.498722322359235,7.033881524103043,2.1333333333333333,256.08646188850963,106.0754956589225,1404,175,25.29087137313655,8.7366470606486,62.107518433785145,87.0,62.2,65.4,47.9
fish9,14.0,3180,159.0,20.0,20.0,49.599744883363776,7.046167630171445,2.1333333333333333,264.69472885855134,106.55224252934578,1535,262,25.257637960476345,8.752600827524398,64.71023878800074,87.0,62.2,65.4,47.9
fish9,14.0,3185,159.25,20.0,20.0,49.5499794309341,7.0526490544079055,2.2666666666666666,271.82404247250656,106.39876026771356,1545,315,25.50047645128038,8.79134433151881,65.1918207827992,86.8,62.2,65.4,47.9
fish9,14.0,3190,159.5,20.0,20.0,88.54723449127152,44.386329398821964,2.533333333333333,2185.7982555934773,228.29174716350065,1361,325,25.25459540049235,8.799007091935476,61.27360249242783,86.8,62.2,65.3,47.9
fish9,14.0,3250,162.5,20.0,20.0,48.478589976082546,6.9089560647997486,1.8666666666666667,233.80735684489946,103.72358570337813,1243,195,25.515550047302256,8.971142554717595,59.34669260201985,86.9,62.3,65.4,47.9
fish9,14.0,3255,162.75,20.0,20.0,43.52148083440117,6.898345100468105,1.8666666666666667,208.11528251801286,93.98508277749174,911,235,25.44390532158746,8.973629531849754,52.63753485343722,86.9,62.3,65.4,47.9
fish9,14.0,3260,163.0,20.0,20.0,43.09654306146928,6.861472667986623,2.4,203.39400834281378,93.23576188580262,886,282,25.43510328776041,8.982044246419271,52.137147534179675,86.9,62.3,65.4,47.9
fish9,14.0,3265,163.25,20.0,20.0,6.840712053300509,4.511959353696461,2.533333333333333,25.350777398558964,18.994002433748356,693,270,25.222672796103403,8.95700844394896,48.03968124005236,86.4,62.2,65.4,47.9
fish9,14.0,3270,163.5,20.0,20.0,6.840712053300509,4.511959353696461,2.4,25.350777398558964,18.994002433748356,693,251,25.224812560865615,8.958040349282157,48.04285291014777,86.4,62.2,65.4,47.9
fish9,14.0,3300,165.0,20.0,20.0,6.621004028819175,4.28417907747123,2.1333333333333333,23.814941221084563,18.46173745224295,658,246,25.28040300110241,9.002812499321832,47.443215500424245,86.8,62.1,65.3,48.0
fish9,14.0,3305,165.25,20.0,20.0,6.621004028819175,4.28417907747123,2.0,23.682214637846034,18.43811990375335,654,248,25.17387506086561,8.918424479124278,47.172299539989886,86.8,61.9,65.3,48.0
fish9,14.0,3310,165.5,20.0,20.0,42.1156632603679,6.849714732993536,2.0,233.18164580963213,92.05292698763193,876,235,25.170042679096746,8.915699869272446,51.60574254836919,86.8,61.9,65.3,48.0
fish9,14.0,3315,165.75,20.0,20.0,43.12735972657247,6.841903595360713,2.1333333333333333,230.01516875237007,93.31213630079257,857,250,25.170585206415627,8.910960285939112,51.221545492354736,86.8,61.9,65.2,48.0
fish9,14.0,3320,166.0,20.0,20.0,48.75084990827275,6.848064848382742,2.0,284.907091391733,104.20524424908777,1561,225,25.1477380135807,8.909996744272446,65.27773475785315,86.8,61.9,65.2,48.0
