FishID,Weight (g),FrameIndex,Timestamp (s),FPS_Top,FPS_Front,Length (cm),Width (cm),Height (cm),Area (cm²),Perimeter (cm),TopMaskPixels,FrontMaskPixels,BlurTop,BlurFront,Score,_Truth_Length (cm),Width_truth (cm),Area_truth (cm²),Perimeter_truth (cm),_AbsError_Length (cm),_PerFishScale,_PerFishScale_Width,_PerFishScale_Perimeter,_PerFishScale_Area,_CompositeRelError,_SelectionMode,_relL,_relW,_relA,_relP,_CompositeRelErrorRecalc
fish01,67.49,286,14.3,20.0,20.0,20.87196041076105,3.4290759721374338,19.16874940104469,45.67586116105406,44.358958519743084,3591,10787,455.0009677583481,266.6759407337506,793.4969084920988,20.80835491677989,3.7047248508619215,47.14461247637051,44.34499613098476,1.4819745711749732,0.9914870379850704,0.2931347624306447,0.7767257954665941,0.2248155203559927,0.1181387581451434,within,0.0712201698357185,0.0648663788285476,0.2109684014043822,0.1255000825119251,0.1181387581451434
fish01,67.49,287,14.35,20.0,20.0,20.87196041076105,3.4290759721374338,19.16874940104469,45.67586116105406,44.358958519743084,3650,10809,455.251913944932,266.676735004584,794.928648949516,20.80835491677989,3.7047248508619215,47.14461247637051,44.34499613098476,1.4257712311866122,0.9914870379850704,0.2931347624306447,0.7767257954665941,0.2248155203559927,0.1181404409149838,within,0.068519171116063,0.0807720321399935,0.2012799431136396,0.1219906172902393,0.1181404409149838
fish01,67.49,288,14.4,20.0,20.0,20.87196041076105,3.4290759721374338,19.16874940104469,45.67586116105406,44.358958519743084,3614,10860,455.2019052869821,266.683395160834,794.165300447816,20.80835491677989,3.7047248508619215,47.14461247637051,44.34499613098476,0.8163375305705678,0.9914870379850704,0.2931347624306447,0.7767257954665941,0.2248155203559927,0.1068429803484133,within,0.0392312383095826,0.0846799107323413,0.1870583529620909,0.1164024193896385,0.1068429803484133
fish01,67.49,289,14.45,20.0,20.0,20.87196041076105,3.4290759721374338,19.16874940104469,45.67586116105406,44.358958519743084,3586,10852,455.0999478078583,266.6818196400006,793.5017674478589,20.80835491677989,3.7047248508619215,47.14461247637051,44.34499613098476,0.8163375305705678,0.9914870379850704,0.2931347624306447,0.7767257954665941,0.2248155203559927,0.1065010828264958,within,0.0392312383095826,0.0846799107323413,0.185725078885383,0.1163681033786761,0.1065010828264958
fish01,67.49,290,14.5,20.0,20.0,20.87196041076105,3.4290759721374338,19.16874940104469,45.67586116105406,44.358958519743084,3554,10881,454.8861239958399,266.6838053170839,792.6499293129237,20.80835491677989,3.7047248508619215,47.14461247637051,44.34499613098476,0.8163375305705678,0.9914870379850704,0.2931347624306447,0.7767257954665941,0.2248155203559927,0.1043205852072649,within,0.0392312383095826,0.0846799107323413,0.1801253277632107,0.113245864023925,0.1043205852072649
fish01,67.49,291,14.55,20.0,20.0,20.87196041076105,3.4290759721374338,19.16874940104469,45.67586116105406,44.358958519743084,3554,10986,457.3374608627321,266.6810123483339,795.0984732110661,20.80835491677989,3.7047248508619215,47.14461247637051,44.34499613098476,0.8163404767015123,0.9914870379850704,0.2931347624306447,0.7767257954665941,0.2248155203559927,0.1090552267453651,within,0.0392313798936221,0.0999573289682457,0.187236122838985,0.1097960752806077,0.1090552267453651
fish01,67.49,292,14.6,20.0,20.0,20.87196041076105,3.4290759721374338,19.16874940104469,45.67586116105406,44.358958519743084,3617,11215,457.29981763592,266.6856347441672,796.3254523800873,20.80835491677989,3.7047248508619215,47.14461247637051,44.34499613098476,0.6232628392597128,0.9914870379850704,0.2931347624306447,0.7767257954665941,0.2248155203559927,0.0985663831025132,within,0.029952528287429,0.0846801438436869,0.1747922314563796,0.1048406288225574,0.0985663831025132
fish01,67.49,293,14.65,20.0,20.0,20.87196041076105,3.4290759721374338,19.16874940104469,45.67586116105406,44.358958519743084,3693,11196,457.3670224970312,266.68738604625054,797.9144085432816,20.80835491677989,3.7047248508619215,47.14461247637051,44.34499613098476,0.6232628392597128,0.9914870379850704,0.2931347624306447,0.7767257954665941,0.2248155203559927,0.1041644465397626,within,0.029952528287429,0.0999573289682457,0.1834140704857564,0.1033338584176195,0.1041644465397626
fish01,67.49,294,14.7,20.0,20.0,20.87196041076105,3.4290759721374338,19.16874940104469,45.67586116105406,44.358958519743084,3623,11342,457.2614061775864,266.68663734833393,796.4080435259204,20.80835491677989,3.7047248508619215,47.14461247637051,44.34499613098476,0.9839399737533476,0.9914870379850704,0.2931347624306447,0.7767257954665941,0.2248155203559927,0.1023624002200508,within,0.0472858127270742,0.0793155524546568,0.1814586018399185,0.101389633858554,0.1023624002200509
fish01,67.49,331,16.55,20.0,20.0,20.87196041076105,3.4290759721374338,19.16874940104469,45.67586116105406,44.358958519743084,4455,16159,459.5036716215157,264.45510741881264,813.0587790403284,20.80835491677989,3.7047248508619215,47.14461247637051,44.34499613098476,1.3514418205750722,0.9914870379850704,0.2931347624306447,0.7767257954665941,0.2248155203559927,0.0487295588484406,within,0.0649470765939919,0.0735069422306961,0.0096440158215191,0.0468202007475555,0.0487295588484406
fish01,67.49,332,16.6,20.0,20.0,20.87196041076105,3.4290759721374338,19.16874940104469,45.67586116105406,44.358958519743084,4465,16513,459.4267055134902,264.42265299172936,813.1493585052195,20.80835491677989,3.7047248508619215,47.14461247637051,44.34499613098476,1.2402680963977488,0.9914870379850704,0.2931347624306447,0.7767257954665941,0.2248155203559927,0.0440688998626922,within,0.0596043320751701,0.0508173991044561,0.0200435536198395,0.0458103146513033,0.0440688998626923
fish01,67.49,333,16.65,20.0,20.0,20.87196041076105,3.4290759721374338,19.16874940104469,45.67586116105406,44.358958519743084,4413,16458,459.31215252429377,264.4270052079518,811.9991577322455,20.80835491677989,3.7047248508619215,47.14461247637051,44.34499613098476,1.1617581259789311,0.9914870379850704,0.2931347624306447,0.7767257954665941,0.2248155203559927,0.0408356697535158,within,0.0558313298011891,0.0590666851135445,0.0065330429758679,0.0419116211234619,0.0408356697535159
fish01,67.49,334,16.7,20.0,20.0,20.87196041076105,3.4290759721374338,19.16874940104469,45.67586116105406,44.358958519743084,4420,16483,459.3287149787056,264.4351432287852,812.1638582074908,20.80835491677989,3.7047248508619215,47.14461247637051,44.34499613098476,1.0634531017580606,0.9914870379850704,0.2931347624306447,0.7767257954665941,0.2248155203559927,0.0389627831893987,within,0.0511070243664716,0.0489342673794124,0.0149771121283497,0.0408327288833611,0.0389627831893987
fish01,67.49,335,16.75,20.0,20.0,20.87196041076105,3.4290759721374338,19.16874940104469,45.67586116105406,44.358958519743084,4453,16824,459.4919787540388,264.2830338537851,812.835012607824,20.80835491677989,3.7047248508619215,47.14461247637051,44.34499613098476,1.040049037551551,0.9914870379850704,0.2931347624306447,0.7767257954665941,0.2248155203559927,0.040071606370352,within,0.0499822807574689,0.0646769758605042,0.0099995555753078,0.0356276132881272,0.040071606370352
fish01,67.49,336,16.8,20.0,20.0,20.87196041076105,3.4290759721374338,19.16874940104469,45.67586116105406,44.358958519743084,4602,16845,459.2406333909022,264.2864941393429,815.567127530245,20.80835491677989,3.7047248508619215,47.14461247637051,44.34499613098476,1.040115325497755,0.9914870379850704,0.2931347624306447,0.7767257954665941,0.2248155203559927,0.0355499405678004,within,0.0499854663983556,0.0485806957464523,0.0129327585440649,0.0307008415823294,0.0355499405678005
fish01,67.49,337,16.85,20.0,20.0,20.87196041076105,3.4290759721374338,19.16874940104469,45.67586116105406,44.358958519743084,4661,16806,459.23379308441525,264.28887044142624,816.7426635258415,20.80835491677989,3.7047248508619215,47.14461247637051,44.34499613098476,0.8472910553170117,0.9914870379850704,0.2931347624306447,0.7767257954665941,0.2248155203559927,0.028103249250147,within,0.0407187910195512,0.0333236164754242,0.0130216434825117,0.0253489460231007,0.028103249250147
fish01,67.49,338,16.9,20.0,20.0,20.87196041076105,3.4290759721374338,19.16874940104469,45.67586116105406,44.358958519743084,4659,16803,459.2095222412108,264.2866764310094,816.6761986722204,20.80835491677989,3.7047248508619215,47.14461247637051,44.34499613098476,0.8472910553170117,0.9914870379850704,0.2931347624306447,0.7767257954665941,0.2248155203559927,0.0288245923709282,within,0.0407187910195512,0.0325411199671407,0.0162215012666102,0.0258169572304107,0.0288245923709282
fish01,67.49,339,16.95,20.0,20.0,20.87196041076105,3.4290759721374338,19.16874940104469,45.67586116105406,44.358958519743084,4589,16956,459.1542184217665,264.2835026020897,815.2177210238561,20.80835491677989,3.7047248508619215,47.14461247637051,44.34499613098476,0.6544653120707835,0.9914870379850704,0.2931347624306447,0.7767257954665941,0.2248155203559927,0.025482659360505,within,0.0314520448487268,0.0485806957464523,0.0035109550686636,0.0183869417781775,0.0254826593605051
fish01,67.49,340,17.0,20.0,20.0,20.87196041076105,3.4290759721374338,19.16874940104469,45.67586116105406,44.358958519743084,4388,17000,459.10891029593387,264.2818098937564,811.1507201896902,20.80835491677989,3.7047248508619215,47.14461247637051,44.34499613098476,0.5660622339473491,0.9914870379850704,0.2931347624306447,0.7767257954665941,0.2248155203559927,0.0395913816217966,within,0.0272036033704363,0.08600060305905,0.0336429492022574,0.0115183708554426,0.0395913816217966
fish01,67.49,341,17.05,20.0,20.0,20.87196041076105,3.4290759721374338,19.16874940104469,45.67586116105406,44.358958519743084,4465,17051,459.0721524787056,264.2938053367509,812.6659578154564,20.80835491677989,3.7047248508619215,47.14461247637051,44.34499613098476,0.489669058610648,0.9914870379850704,0.2931347624306447,0.7767257954665941,0.2248155203559927,0.0390098833219843,within,0.0235323292287646,0.0831772167228019,0.0312430558641838,0.018086931472187,0.0390098833219843
fish01,67.49,342,17.1,20.0,20.0,20.87196041076105,3.4290759721374338,19.16874940104469,45.67586116105406,44.358958519743084,4483,17100,458.9935587565105,264.30204752425084,812.9556062807613,20.80835491677989,3.7047248508619215,47.14461247637051,44.34499613098476,0.3910782596883599,0.9914870379850704,0.2931347624306447,0.7767257954665941,0.2248155203559927,0.0321097121391258,within,0.0187942901422252,0.0722907420645111,0.0225323318963601,0.0148214844534071,0.0321097121391258
fish01,67.49,343,17.15,20.0,20.0,20.87196041076105,3.4290759721374338,19.16874940104469,45.67586116105406,44.358958519743084,4462,17086,458.9687757520133,264.29610351383417,812.5048792658474,20.80835491677989,3.7047248508619215,47.14461247637051,44.34499613098476,0.385589617742653,0.9914870379850704,0.2931347624306447,0.7767257954665941,0.2248155203559927,0.0321471432482187,within,0.018530519076821,0.073939596887544,0.0187991644815785,0.0173192925469314,0.0321471432482187
fish01,67.49,344,17.2,20.0,20.0,20.87196041076105,3.4290759721374338,19.16874940104469,45.67586116105406,44.358958519743084,4562,17174,458.6087670807262,264.30385090966746,814.1526179903937,20.80835491677989,3.7047248508619215,47.14461247637051,44.34499613098476,0.385589617742653,0.9914870379850704,0.2931347624306447,0.7767257954665941,0.2248155203559927,0.0324226886440453,within,0.018530519076821,0.073939596887544,0.016665925958846,0.0205547126529703,0.0324226886440453
fish01,67.49,345,17.25,20.0,20.0,20.87196041076105,3.4290759721374338,19.16874940104469,45.67586116105406,44.358958519743084,4622,17317,458.73777311422094,264.3047818992508,815.4825550134717,20.80835491677989,3.7047248508619215,47.14461247637051,44.34499613098476,0.3261602643723513,0.9914870379850704,0.2931347624306447,0.7767257954665941,0.2248155203559927,0.0318208833886518,within,0.015674485834021,0.076914097653373,0.0171103506510818,0.017584599416131,0.0318208833886517
fish01,67.49,346,17.3,20.0,20.0,20.87196041076105,3.4290759721374338,19.16874940104469,45.67586116105406,44.358958519743084,4692,17494,458.73241720149673,264.3053938784175,816.8778110799143,20.80835491677989,3.7047248508619215,47.14461247637051,44.34499613098476,0.1490477105074781,0.9914870379850704,0.2931347624306447,0.7767257954665941,0.2248155203559927,0.0133341134595422,within,0.007162878137343,0.022260152028226,0.0091107061908362,0.0148027174817635,0.0133341134595422
fish01,67.49,347,17.35,20.0,20.0,20.87196041076105,3.4290759721374338,19.16874940104469,45.67586116105406,44.358958519743084,4751,17397,458.6900431315104,264.30591471175086,818.0159578432613,20.80835491677989,3.7047248508619215,47.14461247637051,44.34499613098476,0.3821986210279391,0.9914870379850704,0.2931347624306447,0.7767257954665941,0.2248155203559927,0.0192279335635775,within,0.0183675558474703,0.0077994393905256,0.0295542420336877,0.0211904969826264,0.0192279335635775
fish01,67.49,348,17.4,20.0,20.0,20.87196041076105,3.4290759721374338,19.16874940104469,45.67586116105406,44.358958519743084,4699,17327,458.4556985609079,264.3103092430008,816.7460078039087,20.80835491677989,3.7047248508619215,47.14461247637051,44.34499613098476,0.3421253479492741,0.9914870379850704,0.2931347624306447,0.7767257954665941,0.2248155203559927,0.0141372350824079,within,0.016441729743536,0.022260152028226,0.0030665303764276,0.0147805281814418,0.0141372350824078
fish01,67.49,349,17.45,20.0,20.0,20.87196041076105,3.4290759721374338,19.16874940104469,45.67586116105406,44.358958519743084,4625,17305,458.2487845105585,264.12846679508414,814.8772513056426,20.80835491677989,3.7047248508619215,47.14461247637051,44.34499613098476,0.1371423953691923,0.9914870379850704,0.2931347624306447,0.7767257954665941,0.2248155203559927,0.0083642764021626,within,0.0065907370341227,0.0075495440283809,0.0010221767921428,0.0182946477540039,0.0083642764021626
fish01,67.49,350,17.5,20.0,20.0,20.87196041076105,3.4290759721374338,19.16874940104469,45.67586116105406,44.358958519743084,4925,16403,469.1632114149306,262.6023274692854,830.2655388842161,20.80835491677989,3.7047248508619215,47.14461247637051,44.34499613098476,0.7282806228328731,0.9914870379850704,0.2931347624306447,0.7767257954665941,0.2248155203559927,0.0159197316411603,within,0.0349994329559222,0.0069829669036671,0.0079552019910228,0.0137413247140289,0.0159197316411603
fish01,67.49,351,17.55,20.0,20.0,20.87196041076105,3.4290759721374338,19.16874940104469,45.67586116105406,44.358958519743084,4892,16403,468.33994752604167,262.9444693963688,829.1244169224104,20.80835491677989,3.7047248508619215,47.14461247637051,44.34499613098476,0.4150170466609175,0.9914870379850704,0.2931347624306447,0.7767257954665941,0.2248155203559927,0.0204034854097728,within,0.0199447312543793,0.0380377106554381,0.011599484467357,0.0120320152619168,0.0204034854097728
fish01,67.49,352,17.6,20.0,20.0,20.87196041076105,3.4290759721374338,19.16874940104469,45.67586116105406,44.358958519743084,4872,16420,467.2318876026106,262.9408430942854,827.612730696896,20.80835491677989,3.7047248508619215,47.14461247637051,44.34499613098476,0.7282806228328731,0.9914870379850704,0.2931347624306447,0.7767257954665941,0.2248155203559927,0.0204944234510536,within,0.0349994329559222,0.022260152028226,0.011332829652015,0.013385279168051,0.0204944234510536
fish01,67.49,353,17.65,20.0,20.0,20.87196041076105,3.4290759721374338,19.16874940104469,45.67586116105406,44.358958519743084,4840,16456,466.6279075622561,262.9443196567853,826.3722272190414,20.80835491677989,3.7047248508619215,47.14461247637051,44.34499613098476,0.7282806228328731,0.9914870379850704,0.2931347624306447,0.7767257954665941,0.2248155203559927,0.0254154272028313,within,0.0349994329559222,0.037537337152785,0.017554775343318,0.0115701633592998,0.0254154272028313
fish01,67.49,354,17.7,20.0,20.0,20.87196041076105,3.4290759721374338,19.16874940104469,45.67586116105406,44.358958519743084,4814,16521,466.30871474609376,262.9463118442854,825.5350265903792,20.80835491677989,3.7047248508619215,47.14461247637051,44.34499613098476,0.9213582602746726,0.9914870379850704,0.2931347624306447,0.7767257954665941,0.2248155203559927,0.0268421767379031,within,0.0442782845621155,0.037537337152785,0.0225323318963601,0.0030207533403521,0.0268421767379032
fish01,67.49,355,17.75,20.0,20.0,20.87196041076105,3.4290759721374338,19.16874940104469,45.67586116105406,44.358958519743084,4768,16552,465.9703769733004,260.4257193963688,821.7560963696692,20.80835491677989,3.7047248508619215,47.14461247637051,44.34499613098476,0.9213582602746726,0.9914870379850704,0.2931347624306447,0.7767257954665941,0.2248155203559927,0.0214254612574055,within,0.0442782845621155,0.022260152028226,0.0185325096662372,0.0006308987730437,0.0214254612574056
fish01,67.49,356,17.8,20.0,20.0,20.87196041076105,3.4290759721374338,19.16874940104469,45.67586116105406,44.358958519743084,4736,16595,465.5732805410124,260.4013443963688,820.6946249373811,20.80835491677989,3.7047248508619215,47.14461247637051,44.34499613098476,0.8170431289312816,0.9914870379850704,0.2931347624306447,0.7767257954665941,0.2248155203559927,0.0289741777211185,within,0.0392651476870195,0.0426976064476733,0.031065285987289,0.0028686707624922,0.0289741777211185
fish01,67.49,357,17.85,20.0,20.0,20.87196041076105,3.4290759721374338,19.16874940104469,45.67586116105406,44.358958519743084,4751,16608,465.1595780895657,260.41808918803537,820.597667277601,20.80835491677989,3.7047248508619215,47.14461247637051,44.34499613098476,0.9213582602746726,0.9914870379850704,0.2931347624306447,0.7767257954665941,0.2248155203559927,0.0332507066500359,within,0.0442782845621155,0.022260152028226,0.0513310519532464,0.0151333380565557,0.0332507066500359
fish01,67.49,358,17.9,20.0,20.0,20.87196041076105,3.4290759721374338,19.16874940104469,45.67586116105406,44.358958519743084,4742,16721,465.0723125293686,260.4340787713687,820.3463913007373,20.80835491677989,3.7047248508619215,47.14461247637051,44.34499613098476,0.9198689910832804,0.9914870379850704,0.2931347624306447,0.7767257954665941,0.2248155203559927,0.0264731784476303,within,0.0442067138301979,0.0082113471376432,0.0393315852628771,0.0141430675598029,0.0264731784476303
fish01,67.49,359,17.95,20.0,20.0,20.87196041076105,3.4290759721374338,19.16874940104469,45.67586116105406,44.358958519743084,4832,16790,465.0823689450111,260.44026366720203,822.1626326122131,20.80835491677989,3.7047248508619215,47.14461247637051,44.34499613098476,0.8854508163485768,0.9914870379850704,0.2931347624306447,0.7767257954665941,0.2248155203559927,0.0246388963401766,within,0.0425526582898941,0.0258044934776028,0.0204879783120751,0.0097104552811342,0.0246388963401765
fish01,67.49,360,18.0,20.0,20.0,20.87196041076105,3.4290759721374338,19.16874940104469,45.67586116105406,44.358958519743084,4906,16834,464.9569783039611,260.4424772088687,823.5194555128297,20.80835491677989,3.7047248508619215,47.14461247637051,44.34499613098476,0.7911098113107151,0.9914870379850704,0.2931347624306447,0.7767257954665941,0.2248155203559927,0.0284453680512552,within,0.038018854180191,0.0501544887163034,0.0163992711435046,0.0092088581650216,0.0284453680512552
fish01,67.49,361,18.05,20.0,20.0,20.87196041076105,3.4290759721374338,19.16874940104469,45.67586116105406,44.358958519743084,4920,16591,464.5120173583797,260.447216792202,823.3592341505818,20.80835491677989,3.7047248508619215,47.14461247637051,44.34499613098476,0.9690075090717336,0.9914870379850704,0.2931347624306447,0.7767257954665941,0.2248155203559927,0.0276040462368141,within,0.0465681940233689,0.0348889591590088,0.0157770765743744,0.013181955190504,0.027604046236814
fish01,67.49,362,18.1,20.0,20.0,20.87196041076105,3.4290759721374338,19.16874940104469,45.67586116105406,44.358958519743084,4888,16632,464.2240616372945,260.4313313755353,822.4153930128298,20.80835491677989,3.7047248508619215,47.14461247637051,44.34499613098476,1.307513535158268,0.9914870379850704,0.2931347624306447,0.7767257954665941,0.2248155203559927,0.0295103416536767,within,0.0628359877745014,0.0082942182208918,0.0339984889560465,0.0129126716632672,0.0295103416536767
fish01,67.49,363,18.15,20.0,20.0,20.87196041076105,3.4290759721374338,19.16874940104469,45.67586116105406,44.358958519743084,4824,16661,464.1464010226591,260.43776366720203,821.0641646898612,20.80835491677989,3.7047248508619215,47.14461247637051,44.34499613098476,1.3075164812892126,0.9914870379850704,0.2931347624306447,0.7767257954665941,0.2248155203559927,0.0290517332641902,within,0.0628361293585407,0.0069832000150124,0.0362206124172258,0.0101669912659816,0.0290517332641901
fish01,67.49,364,18.2,20.0,20.0,20.87196041076105,3.4290759721374338,19.16874940104469,45.67586116105406,44.358958519743084,4765,16742,464.1851596702105,260.43335611511867,819.9185157853292,20.80835491677989,3.7047248508619215,47.14461247637051,44.34499613098476,1.2796475556394782,0.9914870379850704,0.2931347624306447,0.7767257954665941,0.2248155203559927,0.0323047551389415,within,0.0614968151378256,0.0304297722350634,0.0298208968490289,0.0074715363338479,0.0323047551389414
fish01,67.49,365,18.25,20.0,20.0,20.87196041076105,3.4290759721374338,19.16874940104469,45.67586116105406,44.358958519743084,4802,16632,463.9535840901694,260.4346712192853,820.4282553094547,20.80835491677989,3.7047248508619215,47.14461247637051,44.34499613098476,1.2802515124826748,0.9914870379850704,0.2931347624306447,0.7767257954665941,0.2248155203559927,0.0337908423365456,within,0.0615258398659029,0.0458988079967915,0.0221767921425713,0.0055619293409166,0.0337908423365456
fish01,67.49,644,32.2,20.0,20.0,20.87196041076105,3.4290759721374338,19.16874940104469,45.67586116105406,44.358958519743084,4647,24013,461.6405941537174,247.21179685969872,801.7923910134161,20.80835491677989,3.7047248508619215,47.14461247637051,44.34499613098476,1.0208314254142152,0.9914870379850704,0.2931347624306447,0.7767257954665941,0.2248155203559927,0.0293306668007126,within,0.0490587280684555,0.0555200708285514,0.0035109550686636,0.0092329132371799,0.0293306668007126
fish01,67.49,645,32.25,20.0,20.0,20.87196041076105,3.4290759721374338,19.16874940104469,45.67586116105406,44.358958519743084,4626,23917,461.6984804789226,247.21522133886543,801.433701817788,20.80835491677989,3.7047248508619215,47.14461247637051,44.34499613098476,1.034342381916101,0.9914870379850704,0.2931347624306447,0.7767257954665941,0.2248155203559927,0.0308474112539819,within,0.0497080324731488,0.0267219031769696,0.0346206835251769,0.0123390258406325,0.0308474112539819
fish01,67.49,647,32.35,20.0,20.0,20.87196041076105,3.4290759721374338,19.16874940104469,45.67586116105406,44.358958519743084,4312,23803,465.6159373606741,238.4882941648695,790.3442315255436,20.80835491677989,3.7047248508619215,47.14461247637051,44.34499613098476,0.4275381031661638,0.9914870379850704,0.2931347624306447,0.7767257954665941,0.2248155203559927,0.0348420521331283,within,0.0205464634218342,0.090121370587479,0.0132882982978536,0.0154120762253463,0.0348420521331283
fish01,67.49,648,32.4,20.0,20.0,20.87196041076105,3.4290759721374338,19.16874940104469,45.67586116105406,44.358958519743084,4316,23783,472.7410111730317,239.38723947736955,798.4482506504013,20.80835491677989,3.7047248508619215,47.14461247637051,44.34499613098476,0.4243886891887278,0.9914870379850704,0.2931347624306447,0.7767257954665941,0.2248155203559927,0.0369934668695739,within,0.0203951100837145,0.0903833294617425,0.0169325807741878,0.0202628471586508,0.0369934668695739
fish01,67.49,649,32.45,20.0,20.0,20.87196041076105,3.4290759721374338,19.16874940104469,45.67586116105406,44.358958519743084,4255,23777,472.515733350947,239.64719390445288,797.2629272553999,20.80835491677989,3.7047248508619215,47.14461247637051,44.34499613098476,0.4402594965754929,0.9914870379850704,0.2931347624306447,0.7767257954665941,0.2248155203559927,0.033069433235833,within,0.0211578233039683,0.0911354632173025,0.006177503222079,0.0138069431999819,0.0330694332358329
fish01,67.49,650,32.5,20.0,20.0,20.87196041076105,3.4290759721374338,19.16874940104469,45.67586116105406,44.358958519743084,4231,23746,472.4155554029674,239.62391916486948,796.6594745678369,20.80835491677989,3.7047248508619215,47.14461247637051,44.34499613098476,0.3421253479492741,0.9914870379850704,0.2931347624306447,0.7767257954665941,0.2248155203559927,0.0431774860187719,within,0.016441729743536,0.1292004479001391,0.013999377805431,0.0130683886259817,0.0431774860187719
fish01,67.49,651,32.55,20.0,20.0,20.87196041076105,3.4290759721374338,19.16874940104469,45.67586116105406,44.358958519743084,4217,23755,472.22209619123663,239.62824859195285,796.1903447831895,20.80835491677989,3.7047248508619215,47.14461247637051,44.34499613098476,0.1227991568760735,0.9914870379850704,0.2931347624306447,0.7767257954665941,0.2248155203559927,0.0435079317428475,within,0.0059014351382986,0.1389660649324658,0.0149771121283497,0.0141871147722761,0.0435079317428475
fish01,67.49,652,32.6,20.0,20.0,20.87196041076105,3.4290759721374338,19.16874940104469,45.67586116105406,44.358958519743084,4202,23775,472.0856725938395,239.6392967690361,795.7649693628756,20.80835491677989,3.7047248508619215,47.14461247637051,44.34499613098476,0.4799880723338958,0.9914870379850704,0.2931347624306447,0.7767257954665941,0.2248155203559927,0.05320525998367,within,0.0230670840752928,0.1486199633525654,0.0262654993111416,0.0148684931956801,0.05320525998367
fish01,67.49,653,32.65,20.0,20.0,20.87196041076105,3.4290759721374338,19.16874940104469,45.67586116105406,44.358958519743084,4171,23678,471.83422724217553,242.7991014565362,798.0533286987117,20.80835491677989,3.7047248508619215,47.14461247637051,44.34499613098476,0.7048161629420413,0.9914870379850704,0.2931347624306447,0.7767257954665941,0.2248155203559927,0.0609132271724521,within,0.0338717868741114,0.1583215913206118,0.0376427714323807,0.0138167590627042,0.060913227172452
fish01,67.49,654,32.7,20.0,20.0,20.87196041076105,3.4290759721374338,19.16874940104469,45.67586116105406,44.358958519743084,4191,23668,471.7116361000908,242.8330923419529,798.3647284420438,20.80835491677989,3.7047248508619215,47.14461247637051,44.34499613098476,0.9265139894238884,0.9914870379850704,0.2931347624306447,0.7767257954665941,0.2248155203559927,0.0781014797517623,within,0.0445260566310672,0.1950174547947566,0.0605750855517531,0.0122873220294724,0.0781014797517623
fish01,67.49,655,32.75,20.0,20.0,20.87196041076105,3.4290759721374338,19.16874940104469,45.67586116105406,44.358958519743084,4225,23678,471.6148132254708,242.95963531070288,799.0744485361736,20.80835491677989,3.7047248508619215,47.14461247637051,44.34499613098476,1.1473279766230071,0.9914870379850704,0.2931347624306447,0.7767257954665941,0.2248155203559927,0.082857114991471,within,0.0551378511762021,0.1961521825457649,0.0683080751966578,0.011830351047259,0.0828571149914709
fish01,67.49,656,32.8,20.0,20.0,20.87196041076105,3.4290759721374338,19.16874940104469,45.67586116105406,44.358958519743084,4182,23681,471.59678806152345,243.0132616085052,798.2500496700287,20.80835491677989,3.7047248508619215,47.14461247637051,44.34499613098476,1.1473279766230071,0.9914870379850704,0.2931347624306447,0.7767257954665941,0.2248155203559927,0.0861793802198082,within,0.0551378511762021,0.2053795454818303,0.0774632238567171,0.006736900364483,0.0861793802198081
fish01,67.49,1432,71.6,20.0,20.0,20.87196041076105,3.4290759721374338,19.16874940104469,45.67586116105406,44.358958519743084,3796,6804,453.60708292070535,270.4636718342675,799.9907547549727,20.80835491677989,3.7047248508619215,47.14461247637051,44.34499613098476,1.307513535158268,0.9914870379850704,0.2931347624306447,0.7767257954665941,0.2248155203559927,0.1224450696047051,within,0.0628359877745014,0.1457888843419224,0.2065241544820231,0.0746312518203734,0.1224450696047051
fish01,67.49,1433,71.65,20.0,20.0,20.87196041076105,3.4290759721374338,19.16874940104469,45.67586116105406,44.358958519743084,3758,6781,453.63164891493057,265.8078970946841,794.5995460096146,20.80835491677989,3.7047248508619215,47.14461247637051,44.34499613098476,1.307513535158268,0.9914870379850704,0.2931347624306447,0.7767257954665941,0.2248155203559927,0.1144607266202965,within,0.0628359877745014,0.1305116992173636,0.1949691124838896,0.0695261070054314,0.1144607266202965
fish01,67.49,1434,71.7,20.0,20.0,20.87196041076105,3.4290759721374338,19.16874940104469,45.67586116105406,44.358958519743084,3706,6698,453.5647870320451,265.80685542801746,793.4916424600625,20.80835491677989,3.7047248508619215,47.14461247637051,44.34499613098476,1.307513535158268,0.9914870379850704,0.2931347624306447,0.7767257954665941,0.2248155203559927,0.1130213987520759,within,0.0628359877745014,0.1305116992173636,0.1914137149460024,0.0673241930704363,0.1130213987520759
fish01,67.49,1435,71.75,20.0,20.0,20.87196041076105,3.4290759721374338,19.16874940104469,45.67586116105406,44.358958519743084,3697,6637,453.6796611300998,265.8091536051008,793.4288147352006,20.80835491677989,3.7047248508619215,47.14461247637051,44.34499613098476,1.307513535158268,0.9914870379850704,0.2931347624306447,0.7767257954665941,0.2248155203559927,0.0966260136888637,within,0.0628359877745014,0.0999573289682457,0.1632371894582461,0.0604735485544618,0.0966260136888637
fish01,67.49,1436,71.8,20.0,20.0,20.87196041076105,3.4290759721374338,19.16874940104469,45.67586116105406,44.358958519743084,3639,6588,453.6436802173002,265.80874344885075,792.2324236661509,20.80835491677989,3.7047248508619215,47.14461247637051,44.34499613098476,1.307513535158268,0.9914870379850704,0.2931347624306447,0.7767257954665941,0.2248155203559927,0.0862698524056479,within,0.0628359877745014,0.0846801438436869,0.1451935469534685,0.0523697310509349,0.0862698524056479
fish01,67.49,1437,71.85,20.0,20.0,20.87196041076105,3.4290759721374338,19.16874940104469,45.67586116105406,44.358958519743084,3666,6533,453.5546220626078,265.8096809488508,792.6843030114586,20.80835491677989,3.7047248508619215,47.14461247637051,44.34499613098476,0.2768007865632143,0.9914870379850704,0.2931347624306447,0.7767257954665941,0.2248155203559927,0.0408814712949487,within,0.0133023868378945,0.0008114605929348,0.1072396782365227,0.0421723595124427,0.0408814712949487
fish01,67.49,1438,71.9,20.0,20.0,20.87196041076105,3.4290759721374338,19.16874940104469,45.67586116105406,44.358958519743084,3632,6433,453.53999100108206,265.81320308426746,791.9931940853495,20.80835491677989,3.7047248508619215,47.14461247637051,44.34499613098476,0.1695630933249496,0.9914870379850704,0.2931347624306447,0.7767257954665941,0.2248155203559927,0.0383034639775034,within,0.0081487985957128,0.0351591934860299,0.0745300208879607,0.0353758429403102,0.0383034639775034
fish01,67.49,1439,71.95,20.0,20.0,20.87196041076105,3.4290759721374338,19.16874940104469,45.67586116105406,44.358958519743084,3622,6422,453.5698521219136,265.8098371988508,791.8196893207644,20.80835491677989,3.7047248508619215,47.14461247637051,44.34499613098476,0.4876995700756481,0.9914870379850704,0.2931347624306447,0.7767257954665941,0.2248155203559927,0.042675559383644,within,0.023437680298425,0.0582810416020998,0.0552419892449224,0.0337415263891288,0.042675559383644
fish01,67.49,1440,72.0,20.0,20.0,20.87196041076105,3.4290759721374338,19.16874940104469,45.67586116105406,44.358958519743084,3647,6389,453.5648173899709,265.80892574051745,792.3137431304883,20.80835491677989,3.7047248508619215,47.14461247637051,44.34499613098476,0.4208415475340601,0.9914870379850704,0.2931347624306447,0.7767257954665941,0.2248155203559927,0.0394887187139788,within,0.0202246429002752,0.0757568746575446,0.0298208968490291,0.0321524604490663,0.0394887187139788
fish01,67.49,1441,72.05,20.0,20.0,20.87196041076105,3.4290759721374338,19.16874940104469,45.67586116105406,44.358958519743084,3664,6419,453.6460978581745,265.8101041259341,792.7362019841087,20.80835491677989,3.7047248508619215,47.14461247637051,44.34499613098476,0.7474452046132463,0.9914870379850704,0.2931347624306447,0.7767257954665941,0.2248155203559927,0.0448017091992688,within,0.0359204371322264,0.0772769937401443,0.0328429847562332,0.0331664211684714,0.0448017091992688
fish01,67.49,1442,72.1,20.0,20.0,20.87196041076105,3.4290759721374338,19.16874940104469,45.67586116105406,44.358958519743084,3678,6434,453.67467856596016,265.81268225093413,793.0473608168943,20.80835491677989,3.7047248508619215,47.14461247637051,44.34499613098476,0.9399365619975056,0.9914870379850704,0.2931347624306447,0.7767257954665941,0.2248155203559927,0.0490341206628878,within,0.0451711135145788,0.0881154474613066,0.0269765788187191,0.0358733428569468,0.0490341206628879
fish01,67.49,1443,72.15,20.0,20.0,20.87196041076105,3.4290759721374338,19.16874940104469,45.67586116105406,44.358958519743084,3675,6443,453.59465683305535,265.81041011551747,792.9050669485728,20.80835491677989,3.7047248508619215,47.14461247637051,44.34499613098476,0.8745191974867588,0.9914870379850704,0.2931347624306447,0.7767257954665941,0.2248155203559927,0.0482042627350909,within,0.0420273107116961,0.1112928343553906,0.0016443713612727,0.0378525345120039,0.0482042627350908
fish01,67.49,1444,72.2,20.0,20.0,20.87196041076105,3.4290759721374338,19.16874940104469,45.67586116105406,44.358958519743084,3641,6394,453.5685673599055,265.8114778238508,792.2000451837563,20.80835491677989,3.7047248508619215,47.14461247637051,44.34499613098476,1.371472564852521,0.9914870379850704,0.2931347624306447,0.7767257954665941,0.2248155203559927,0.0626737226578012,within,0.0659097064778803,0.1337179126604055,0.0238656059730677,0.0272016655198515,0.0626737226578013
fish01,67.49,1445,72.25,20.0,20.0,20.87196041076105,3.4290759721374338,19.16874940104469,45.67586116105406,44.358958519743084,3621,6419,453.6111281635803,265.8100064696841,791.8411346332643,20.80835491677989,3.7047248508619215,47.14461247637051,44.34499613098476,1.4967096450834347,0.9914870379850704,0.2931347624306447,0.7767257954665941,0.2248155203559927,0.0652292230195525,within,0.0719283024087832,0.1289616836047313,0.0305319763566063,0.0294949297080891,0.0652292230195524
fish01,67.49,1446,72.3,20.0,20.0,20.87196041076105,3.4290759721374338,19.16874940104469,45.67586116105406,44.358958519743084,3635,6405,453.5635804253285,265.8109244384341,792.0745048637625,20.80835491677989,3.7047248508619215,47.14461247637051,44.34499613098476,1.4629455114179457,0.9914870379850704,0.2931347624306447,0.7767257954665941,0.2248155203559927,0.0605687781409437,within,0.0703056785252267,0.1172568132909831,0.0262654993111416,0.0284471214364236,0.0605687781409438
fish01,67.49,1447,72.35,20.0,20.0,20.87196041076105,3.4290759721374338,19.16874940104469,45.67586116105406,44.358958519743084,3794,5618,457.5258358749389,265.11411129835966,798.5199471732986,20.80835491677989,3.7047248508619215,47.14461247637051,44.34499613098476,1.14559565162887,0.9914870379850704,0.2931347624306447,0.7767257954665941,0.2248155203559927,0.0617903753547414,within,0.0550545997610344,0.1298850376434026,0.0488422736767253,0.0133795903378033,0.0617903753547414
fish01,67.49,1448,72.4,20.0,20.0,20.87196041076105,3.4290759721374338,19.16874940104469,45.67586116105406,44.358958519743084,3792,5618,457.21292788882783,265.9126529650264,798.9655808538542,20.80835491677989,3.7047248508619215,47.14461247637051,44.34499613098476,1.14559565162887,0.9914870379850704,0.2931347624306447,0.7767257954665941,0.2248155203559927,0.0570250780016573,within,0.0550545997610344,0.1146668879670372,0.0430647526776587,0.0153140716008991,0.0570250780016573
fish01,67.49,1449,72.45,20.0,20.0,20.87196041076105,3.4290759721374338,19.16874940104469,45.67586116105406,44.358958519743084,3773,5618,465.8961569130792,265.91322588169305,807.2693827947724,20.80835491677989,3.7047248508619215,47.14461247637051,44.34499613098476,1.1965062673791884,0.9914870379850704,0.2931347624306447,0.7767257954665941,0.2248155203559927,0.0644958086446291,within,0.0575012427539057,0.1285422580167282,0.0517754766454824,0.0201642571624001,0.0644958086446291
fish01,67.49,1450,72.5,20.0,20.0,20.87196041076105,3.4290759721374338,19.16874940104469,45.67586116105406,44.358958519743084,3794,5608,465.8205276328004,265.9115787462764,807.6121063790769,20.80835491677989,3.7047248508619215,47.14461247637051,44.34499613098476,1.1965062673791884,0.9914870379850704,0.2931347624306447,0.7767257954665941,0.2248155203559927,0.0648189878446227,within,0.0575012427539057,0.1285422580167282,0.0532865205990844,0.0199459300087724,0.0648189878446227
fish01,67.49,1451,72.55,20.0,20.0,20.87196041076105,3.4290759721374338,19.16874940104469,45.67586116105406,44.358958519743084,3794,5598,465.80112651902186,265.91428056919307,807.595407088215,20.80835491677989,3.7047248508619215,47.14461247637051,44.34499613098476,1.173102203172686,0.9914870379850704,0.2931347624306447,0.7767257954665941,0.2248155203559927,0.0845139706863612,within,0.0563764991449033,0.1889498578661849,0.0807519665792629,0.0119775591550936,0.0845139706863612
fish01,67.49,1452,72.6,20.0,20.0,20.87196041076105,3.4290759721374338,19.16874940104469,45.67586116105406,44.358958519743084,3763,5549,465.7877064043208,265.9120930691931,806.9597994735138,20.80835491677989,3.7047248508619215,47.14461247637051,44.34499613098476,1.298219965100433,0.9914870379850704,0.2931347624306447,0.7767257954665941,0.2248155203559927,0.0884419557985421,within,0.0623893609222104,0.2022481607806244,0.0836851695480201,0.0054451319433134,0.0884419557985421
fish01,67.49,1453,72.65,20.0,20.0,20.87196041076105,3.4290759721374338,19.16874940104469,45.67586116105406,44.358958519743084,3712,5505,465.80798872189007,265.9128938504431,805.9608825723332,20.80835491677989,3.7047248508619215,47.14461247637051,44.34499613098476,1.1237898634586223,0.9914870379850704,0.2931347624306447,0.7767257954665941,0.2248155203559927,0.1028680742373333,within,0.0540066654934071,0.2346430033785994,0.1150615528198746,0.0077610752574522,0.1028680742373333
fish01,67.49,1454,72.7,20.0,20.0,20.87196041076105,3.4290759721374338,19.16874940104469,45.67586116105406,44.358958519743084,3736,5394,465.6578845552232,269.70980791294306,810.0876924681663,20.80835491677989,3.7047248508619215,47.14461247637051,44.34499613098476,1.410398319929115,0.9914870379850704,0.2931347624306447,0.7767257954665941,0.2248155203559927,0.1091561199791284,within,0.067780385598468,0.2433561809648036,0.1203946491267052,0.0050932642265368,0.1091561199791284
fish01,67.49,1461,73.05,20.0,20.0,20.87196041076105,3.4290759721374338,19.16874940104469,45.67586116105406,44.358958519743084,3734,5139,465.4610010954492,269.85601234002644,809.9970134354758,20.80835491677989,3.7047248508619215,47.14461247637051,44.34499613098476,1.3235213376338528,0.9914870379850704,0.2931347624306447,0.7767257954665941,0.2248155203559927,0.1245255778753201,within,0.0636052846525874,0.247917004435293,0.169636905026443,0.0169431173869571,0.1245255778753201
fish01,67.49,1502,75.1,20.0,20.0,20.87196041076105,3.4290759721374338,19.16874940104469,45.67586116105406,44.358958519743084,3932,6461,469.6754594316649,268.3633235676129,816.6787829992778,20.80835491677989,3.7047248508619215,47.14461247637051,44.34499613098476,0.3714540814809659,0.9914870379850704,0.2931347624306447,0.7767257954665941,0.2248155203559927,0.1225138839664789,within,0.0178511988557742,0.2354263157765914,0.1952357672992311,0.0415422539343188,0.1225138839664789
fish01,67.49,1503,75.15,20.0,20.0,20.87196041076105,3.4290759721374338,19.16874940104469,45.67586116105406,44.358958519743084,3971,6381,469.67155754257016,268.3607259113629,817.4522834539331,20.80835491677989,3.7047248508619215,47.14461247637051,44.34499613098476,0.3322808514052084,0.9914870379850704,0.2931347624306447,0.7767257954665941,0.2248155203559927,0.114181054258061,within,0.015968626675877,0.2262434771074752,0.1748811163948267,0.0396309968540651,0.114181054258061
fish01,67.49,1504,75.2,20.0,20.0,20.87196041076105,3.4290759721374338,19.16874940104469,45.67586116105406,44.358958519743084,3982,6383,469.41321987575975,268.35898111969624,817.4122009954559,20.80835491677989,3.7047248508619215,47.14461247637051,44.34499613098476,0.2926863246046878,0.9914870379850704,0.2931347624306447,0.7767257954665941,0.2248155203559927,0.1110009816329574,within,0.0140658079783455,0.2248235376255117,0.1701702146571263,0.0349443662708462,0.1110009816329574
fish01,67.49,1505,75.25,20.0,20.0,20.87196041076105,3.4290759721374338,19.16874940104469,45.67586116105406,44.358958519743084,4023,6308,469.358471598232,268.35916341136294,818.177635009595,20.80835491677989,3.7047248508619215,47.14461247637051,44.34499613098476,0.3162332761619026,0.9914870379850704,0.2931347624306447,0.7767257954665941,0.2248155203559927,0.0930175905055375,within,0.0151974184132593,0.1812613211981782,0.1447491222612326,0.03086250014948,0.0930175905055375
fish01,67.49,1506,75.3,20.0,20.0,20.87196041076105,3.4290759721374338,19.16874940104469,45.67586116105406,44.358958519743084,4061,6227,469.2454377509035,268.35833658844626,818.8237743393497,20.80835491677989,3.7047248508619215,47.14461247637051,44.34499613098476,0.2558788376756844,0.9914870379850704,0.2931347624306447,0.7767257954665941,0.2248155203559927,0.0928229262918129,within,0.0122969277820871,0.180421304465446,0.1438602728767609,0.0347132000429574,0.0928229262918129
fish01,67.49,1507,75.35,20.0,20.0,20.87196041076105,3.4290759721374338,19.16874940104469,45.67586116105406,44.358958519743084,4100,6169,469.22332834832446,268.3595540363629,819.5828823846873,20.80835491677989,3.7047248508619215,47.14461247637051,44.34499613098476,0.1758604482143546,0.9914870379850704,0.2931347624306447,0.7767257954665941,0.2248155203559927,0.0884950163532922,within,0.0084514344799328,0.17725571067432,0.1380827518776944,0.0301901683812217,0.0884950163532922
fish01,67.49,1508,75.4,20.0,20.0,20.87196041076105,3.4290759721374338,19.16874940104469,45.67586116105406,44.358958519743084,4088,6083,469.2171390552474,268.3605891926129,819.3377282478602,20.80835491677989,3.7047248508619215,47.14461247637051,44.34499613098476,0.0636054939811643,0.9914870379850704,0.2931347624306447,0.7767257954665941,0.2248155203559927,0.0929653926553581,within,0.0030567286186506,0.1841262596317237,0.1461712812763878,0.0385073010946701,0.092965392655358
fish01,67.49,1509,75.45,20.0,20.0,20.87196041076105,3.4290759721374338,19.16874940104469,45.67586116105406,44.358958519743084,4115,5909,456.29023801358073,268.36405924469625,806.9542972582769,20.80835491677989,3.7047248508619215,47.14461247637051,44.34499613098476,0.0636054939811643,0.9914870379850704,0.2931347624306447,0.7767257954665941,0.2248155203559927,0.0927975243161499,within,0.0030567286186506,0.1841262596317237,0.1448380071996801,0.0391691018145453,0.0927975243161499
fish01,67.49,1510,75.5,20.0,20.0,20.87196041076105,3.4290759721374338,19.16874940104469,45.67586116105406,44.358958519743084,4056,5823,456.1854289858029,268.36466471344625,805.6700936992492,20.80835491677989,3.7047248508619215,47.14461247637051,44.34499613098476,0.2099899021167068,0.9914870379850704,0.2931347624306447,0.7767257954665941,0.2248155203559927,0.1018679689851704,within,0.0100916147843754,0.1926915280693449,0.1577263232745209,0.0469624098124401,0.1018679689851703
fish01,67.49,1511,75.55,20.0,20.0,20.87196041076105,3.4290759721374338,19.16874940104469,45.67586116105406,44.358958519743084,4048,5728,456.1285539711846,268.51144856761294,805.6000025387975,20.80835491677989,3.7047248508619215,47.14461247637051,44.34499613098476,0.3174087824079272,0.9914870379850704,0.2931347624306447,0.7767257954665941,0.2248155203559927,0.1039953970078147,within,0.0152539104449803,0.1873443617533749,0.1622594551353272,0.0511238606975762,0.1039953970078147
fish01,67.49,1512,75.6,20.0,20.0,20.87196041076105,3.4290759721374338,19.16874940104469,45.67586116105406,44.358958519743084,4045,5576,456.0978291225856,268.6713704426129,805.6691995651985,20.80835491677989,3.7047248508619215,47.14461247637051,44.34499613098476,0.3652966678113323,0.9914870379850704,0.2931347624306447,0.7767257954665941,0.2248155203559927,0.1031214653017988,within,0.017555288213426,0.1783270904172471,0.1608372961201723,0.0557661864563498,0.1031214653017988
fish01,67.49,1513,75.65,20.0,20.0,20.87196041076105,3.4290759721374338,19.16874940104469,45.67586116105406,44.358958519743084,4128,5477,455.97565462087,269.4467089842796,807.9823636051497,20.80835491677989,3.7047248508619215,47.14461247637051,44.34499613098476,0.0710150133013272,0.9914870379850704,0.2931347624306447,0.7767257954665941,0.2248155203559927,0.0944080432896979,within,0.0034128124777447,0.1783270904172471,0.146704590907071,0.0491876793567289,0.0944080432896979
fish01,67.49,1514,75.7,20.0,20.0,20.87196041076105,3.4290759721374338,19.16874940104469,45.67586116105406,44.358958519743084,4136,5398,456.0425339072145,269.4498535155296,808.2123874227441,20.80835491677989,3.7047248508619215,47.14461247637051,44.34499613098476,0.4824171572959095,0.9914870379850704,0.2931347624306447,0.7767257954665941,0.2248155203559927,0.1022045678315399,within,0.0231838201157789,0.1831200927876398,0.152748766721479,0.0497655917012621,0.1022045678315399
fish01,67.49,1515,75.75,20.0,20.0,20.87196041076105,3.4290759721374338,19.16874940104469,45.67586116105406,44.358958519743084,4182,5292,455.9544393278709,269.45403971344626,809.0484790413171,20.80835491677989,3.7047248508619215,47.14461247637051,44.34499613098476,0.5809917524980115,0.9914870379850704,0.2931347624306447,0.7767257954665941,0.2248155203559927,0.0972503570916967,within,0.0279210804901015,0.1687341506139395,0.1447491222612326,0.0475970750015131,0.0972503570916967
fish01,67.49,1516,75.8,20.0,20.0,20.87196041076105,3.4290759721374338,19.16874940104469,45.67586116105406,44.358958519743084,4270,4940,455.88462160416594,269.4609667967796,810.7455884009455,20.80835491677989,3.7047248508619215,47.14461247637051,44.34499613098476,0.3115562932908275,0.9914870379850704,0.2931347624306447,0.7767257954665941,0.2248155203559927,0.0840843334683114,within,0.0149726537507099,0.1534815587363081,0.1288387182791875,0.0390444031070403,0.0840843334683114
fish01,67.49,1517,75.85,20.0,20.0,20.87196041076105,3.4290759721374338,19.16874940104469,45.67586116105406,44.358958519743084,4336,4871,455.93193929697657,269.4642220051129,812.1161613020895,20.80835491677989,3.7047248508619215,47.14461247637051,44.34499613098476,0.3151063810764327,0.9914870379850704,0.2931347624306447,0.7767257954665941,0.2248155203559927,0.0734421326337476,within,0.0151432625181885,0.1454201021936827,0.1032398560063996,0.0299653098167199,0.0734421326337476
fish01,67.49,1518,75.9,20.0,20.0,20.87196041076105,3.4290759721374338,19.16874940104469,45.67586116105406,44.358958519743084,4392,4609,456.0124294340157,269.4646191405296,813.3170485745453,20.80835491677989,3.7047248508619215,47.14461247637051,44.34499613098476,0.2136269007651101,0.9914870379850704,0.2931347624306447,0.7767257954665941,0.2248155203559927,0.0589666324138352,within,0.010266400281016,0.1179965338674071,0.0801297720101328,0.027473823496785,0.0589666324138352
fish01,67.49,1519,75.95,20.0,20.0,20.87196041076105,3.4290759721374338,19.16874940104469,45.67586116105406,44.358958519743084,4445,4602,455.9473599895713,269.46667643219627,814.3140364217676,20.80835491677989,3.7047248508619215,47.14461247637051,44.34499613098476,0.4761919826145977,0.9914870379850704,0.2931347624306447,0.7767257954665941,0.2248155203559927,0.0467200621818732,within,0.0228846530405243,0.074869769433065,0.0623527843206966,0.0267730419332069,0.0467200621818732
fish01,67.49,1520,76.0,20.0,20.0,20.87196041076105,3.4290759721374338,19.16874940104469,45.67586116105406,44.358958519743084,4424,4485,455.9159797441647,269.4691373696962,813.865117113861,20.80835491677989,3.7047248508619215,47.14461247637051,44.34499613098476,1.4314292756615146,0.9914870379850704,0.2931347624306447,0.7767257954665941,0.2248155203559927,0.062367089535747,within,0.068791083263733,0.0669358247963102,0.0745300208879604,0.0392114291949843,0.0623670895357469
fish01,67.49,1521,76.05,20.0,20.0,20.87196041076105,3.4290759721374338,19.16874940104469,45.67586116105406,44.358958519743084,4477,4465,455.8975203784896,269.4705371092795,814.908057487769,20.80835491677989,3.7047248508619215,47.14461247637051,44.34499613098476,1.4566348989393063,0.9914870379850704,0.2931347624306447,0.7767257954665941,0.2248155203559927,0.054559464377316,within,0.0700024055128295,0.0485717792374951,0.0608417403670947,0.0388219323918446,0.054559464377316
fish01,67.49,1522,76.1,20.0,20.0,20.87196041076105,3.4290759721374338,19.16874940104469,45.67586116105406,44.358958519743084,4486,4384,455.9342130465849,269.4722102863629,815.1264233329478,20.80835491677989,3.7047248508619215,47.14461247637051,44.34499613098476,1.4114000044495365,0.9914870379850704,0.2931347624306447,0.7767257954665941,0.2248155203559927,0.0483222028428362,within,0.0678285241718643,0.0391340915901467,0.0495533531843029,0.036772842425031,0.0483222028428362
fish01,67.49,1523,76.15,20.0,20.0,20.87196041076105,3.4290759721374338,19.16874940104469,45.67586116105406,44.358958519743084,4442,4374,455.9556670497566,269.4738378905296,814.2695049402862,20.80835491677989,3.7047248508619215,47.14461247637051,44.34499613098476,1.3842057427856211,0.9914870379850704,0.2931347624306447,0.7767257954665941,0.2248155203559927,0.0403105532411043,within,0.0665216326961722,0.0229416530461649,0.03924270032443,0.0325362268976499,0.0403105532411043
fish01,67.49,1524,76.2,20.0,20.0,20.87196041076105,3.4290759721374338,19.16874940104469,45.67586116105406,44.358958519743084,4477,4266,455.8960836961534,269.47435872386296,814.9104424200164,20.80835491677989,3.7047248508619215,47.14461247637051,44.34499613098476,1.2580642003553848,0.9914870379850704,0.2931347624306447,0.7767257954665941,0.2248155203559927,0.0392929535720996,within,0.0604595704651732,0.0237675082646716,0.0403093195857963,0.0326354159727574,0.0392929535720996
fish01,67.49,1525,76.25,20.0,20.0,20.87196041076105,3.4290759721374338,19.16874940104469,45.67586116105406,44.358958519743084,4451,4214,455.824364905162,269.47461263011286,814.3189775352748,20.80835491677989,3.7047248508619215,47.14461247637051,44.34499613098476,1.2397584157447206,0.9914870379850704,0.2931347624306447,0.7767257954665941,0.2248155203559927,0.0345812270320703,within,0.0595798380363542,0.017249656772683,0.0327540998177857,0.0287413135014582,0.0345812270320702
fish01,67.49,1526,76.3,20.0,20.0,20.87196041076105,3.4290759721374338,19.16874940104469,45.67586116105406,44.358958519743084,4461,4207,455.87501163735095,269.4751139321963,814.5701255695473,20.80835491677989,3.7047248508619215,47.14461247637051,44.34499613098476,1.3735996713929453,0.9914870379850704,0.2931347624306447,0.7767257954665941,0.2248155203559927,0.04217179674684,within,0.0660119301543281,0.0215224711760734,0.0459979556464154,0.035154830010543,0.04217179674684
fish01,67.49,1527,76.35,20.0,20.0,20.87196041076105,3.4290759721374338,19.16874940104469,45.67586116105406,44.358958519743084,4470,3789,455.84943430801206,269.47747721344626,814.7269115214583,20.80835491677989,3.7047248508619215,47.14461247637051,44.34499613098476,1.3708273621761364,0.9914870379850704,0.2931347624306447,0.7767257954665941,0.2248155203559927,0.0386616760366987,within,0.0658786995732516,0.0225679755596742,0.0353317630327539,0.0308682659811151,0.0386616760366987
fish01,67.49,1528,76.4,20.0,20.0,20.87196041076105,3.4290759721374338,19.16874940104469,45.67586116105406,44.358958519743084,4489,3615,455.853236370322,269.4798730467796,815.1131094171016,20.80835491677989,3.7047248508619215,47.14461247637051,44.34499613098476,1.440024612685999,0.9914870379850704,0.2931347624306447,0.7767257954665941,0.2248155203559927,0.036381469251965,within,0.069204154698686,0.0136589261655945,0.0317763654948665,0.030886430648713,0.036381469251965
fish01,67.49,1671,83.55,20.0,20.0,20.87196041076105,3.4290759721374338,19.16874940104469,45.67586116105406,44.358958519743084,2552,4822,460.90345848507343,271.4952245432429,783.4386830283163,20.80835491677989,3.7047248508619215,47.14461247637051,44.34499613098476,0.2610846510509255,0.9914870379850704,0.2931347624306447,0.7767257954665941,0.2248155203559927,0.0719394743715164,within,0.0125471067797092,0.0712584667497552,0.1637704990889295,0.0401818248676717,0.0719394743715164
fish01,67.49,1672,83.6,20.0,20.0,20.87196041076105,3.4290759721374338,19.16874940104469,45.67586116105406,44.358958519743084,2464,4779,460.89612776323486,271.5023794911596,781.6785072543944,20.80835491677989,3.7047248508619215,47.14461247637051,44.34499613098476,0.2406414484415471,0.9914870379850704,0.2931347624306447,0.7767257954665941,0.2248155203559927,0.0787367249938201,within,0.0115646551303052,0.0821701757111732,0.1786142838096082,0.0425977853241936,0.0787367249938201
fish01,67.49,1673,83.65,20.0,20.0,20.87196041076105,3.4290759721374338,19.16874940104469,45.67586116105406,44.358958519743084,2441,4631,460.9442918330252,271.51671542865967,781.281007261685,20.80835491677989,3.7047248508619215,47.14461247637051,44.34499613098476,0.2776389608163221,0.9914870379850704,0.2931347624306447,0.7767257954665941,0.2248155203559927,0.082908538831761,within,0.0133426674971039,0.0930800780596651,0.1811919470245765,0.0440194627456983,0.082908538831761
fish01,67.49,1674,83.7,20.0,20.0,20.87196041076105,3.4290759721374338,19.16874940104469,45.67586116105406,44.358958519743084,2440,4607,460.97147065246975,270.8464419944657,780.6179126469355,20.80835491677989,3.7047248508619215,47.14461247637051,44.34499613098476,0.1044565456286257,0.9914870379850704,0.2931347624306447,0.7767257954665941,0.2248155203559927,0.0865458816392182,within,0.0050199329089872,0.1018201800062497,0.1886582818541396,0.0506851317874966,0.0865458816392183
fish01,67.49,1675,83.75,20.0,20.0,20.87196041076105,3.4290759721374338,19.16874940104469,45.67586116105406,44.358958519743084,2441,4518,460.9624735344781,270.9329816995833,780.7154552340614,20.80835491677989,3.7047248508619215,47.14461247637051,44.34499613098476,0.0251334430696985,0.9914870379850704,0.2931347624306447,0.7767257954665941,0.2248155203559927,0.0903631191266233,within,0.0012078534401309,0.1107073752117087,0.1958579618683613,0.0536792859862923,0.0903631191266233
fish01,67.49,1676,83.8,20.0,20.0,20.87196041076105,3.4290759721374338,19.16874940104469,45.67586116105406,44.358958519743084,2488,4479,460.9159197373378,270.94173821,781.6176579473378,20.80835491677989,3.7047248508619215,47.14461247637051,44.34499613098476,0.3013921415395089,0.9914870379850704,0.2931347624306447,0.7767257954665941,0.2248155203559927,0.0908689868323202,within,0.0144841888147758,0.1101677224473754,0.1945246877916536,0.0442993482754763,0.0908689868323203
fish01,67.49,1677,83.85,20.0,20.0,20.87196041076105,3.4290759721374338,19.16874940104469,45.67586116105406,44.358958519743084,2516,4295,460.9662801240708,270.9540038513183,782.2402839753892,20.80835491677989,3.7047248508619215,47.14461247637051,44.34499613098476,0.241802224032849,0.9914870379850704,0.2931347624306447,0.7767257954665941,0.2248155203559927,0.0883385296671522,within,0.0116204392418287,0.098669155674204,0.1952357672992311,0.0478287564533449,0.0883385296671522
fish01,67.49,1678,83.9,20.0,20.0,20.87196041076105,3.4290759721374338,19.16874940104469,45.67586116105406,44.358958519743084,2453,4271,460.9836282684701,270.9633788482242,781.0070071166942,20.80835491677989,3.7047248508619215,47.14461247637051,44.34499613098476,0.277027638645773,0.9914870379850704,0.2931347624306447,0.7767257954665941,0.2248155203559927,0.100725766674303,within,0.0133132888089282,0.1160033735873888,0.2163014977112127,0.0572849065896825,0.100725766674303
fish01,67.49,1679,83.95,20.0,20.0,20.87196041076105,3.4290759721374338,19.16874940104469,45.67586116105406,44.358958519743084,2374,4127,460.90997360990553,270.97242181697425,779.3623954268799,20.80835491677989,3.7047248508619215,47.14461247637051,44.34499613098476,0.0980649145490701,0.9914870379850704,0.2931347624306447,0.7767257954665941,0.2248155203559927,0.1034908993112347,within,0.0047127663355064,0.1142022970558852,0.2243900271099062,0.070658506743641,0.1034908993112347
fish01,67.49,1680,84.0,20.0,20.0,20.87196041076105,3.4290759721374338,19.16874940104469,45.67586116105406,44.358958519743084,2382,4037,460.87739548490543,270.9835481190577,779.500943603963,20.80835491677989,3.7047248508619215,47.14461247637051,44.34499613098476,0.1514488072255417,0.9914870379850704,0.2931347624306447,0.7767257954665941,0.2248155203559927,0.0896312037675559,within,0.0072782691294549,0.0939119941731487,0.1983467401448824,0.0589878116227375,0.0896312037675559
fish01,67.49,1681,84.05,20.0,20.0,20.87196041076105,3.4290759721374338,19.16874940104469,45.67586116105406,44.358958519743084,2389,3845,460.8367140026516,270.98899084726963,779.6057048499213,20.80835491677989,3.7047248508619215,47.14461247637051,44.34499613098476,0.1514488072255417,0.9914870379850704,0.2931347624306447,0.7767257954665941,0.2248155203559927,0.0958715032763586,within,0.0072782691294549,0.1045429787970077,0.2083018532509665,0.0633629119280052,0.0958715032763586
fish01,67.49,1682,84.1,20.0,20.0,20.87196041076105,3.4290759721374338,19.16874940104469,45.67586116105406,44.358958519743084,2382,3780,460.87759512736005,270.99924476517566,779.5168398925357,20.80835491677989,3.7047248508619215,47.14461247637051,44.34499613098476,0.1514488072255417,0.9914870379850704,0.2931347624306447,0.7767257954665941,0.2248155203559927,0.1119941694557346,within,0.0072782691294549,0.1323471013944606,0.236656148615617,0.071695158683406,0.1119941694557346
fish01,67.49,1905,95.25,20.0,20.0,20.87196041076105,3.4290759721374338,19.16874940104469,45.67586116105406,44.358958519743084,3114,8899,464.2512406393924,265.774755714321,792.3059963537133,20.80835491677989,3.7047248508619215,47.14461247637051,44.34499613098476,0.7342435918603094,0.9914870379850704,0.2931347624306447,0.7767257954665941,0.2248155203559927,0.1224903218661285,within,0.03528599905167,0.2154009439377704,0.1906137504999778,0.0486605939750959,0.1224903218661285
fish01,67.49,1906,95.3,20.0,20.0,20.87196041076105,3.4290759721374338,19.16874940104469,45.67586116105406,44.358958519743084,3103,8884,464.22371020641566,265.77181951640426,792.05552972282,20.80835491677989,3.7047248508619215,47.14461247637051,44.34499613098476,0.6367841072199063,0.9914870379850704,0.2931347624306447,0.7767257954665941,0.2248155203559927,0.1102899508034912,within,0.0306023282362608,0.1912951911110914,0.1746144615794852,0.0446478222871273,0.1102899508034912
fish01,67.49,1907,95.35,20.0,20.0,20.87196041076105,3.4290759721374338,19.16874940104469,45.67586116105406,44.358958519743084,3162,8860,464.239517556254,265.7734731622376,793.2529907184917,20.80835491677989,3.7047248508619215,47.14461247637051,44.34499613098476,0.6713068696030682,0.9914870379850704,0.2931347624306447,0.7767257954665941,0.2248155203559927,0.1070245951924766,within,0.0322614100099631,0.1807157823723764,0.1692813652726544,0.0458398231149125,0.1070245951924766
fish01,67.49,1908,95.4,20.0,20.0,20.87196041076105,3.4290759721374338,19.16874940104469,45.67586116105406,44.358958519743084,3137,8824,464.1633716941363,265.77195623515433,792.6753279292907,20.80835491677989,3.7047248508619215,47.14461247637051,44.34499613098476,0.5171181606010897,0.9914870379850704,0.2931347624306447,0.7767257954665941,0.2248155203559927,0.0990469205968157,within,0.0248514677238653,0.1657002647328993,0.1615483756277498,0.0440875743027482,0.0990469205968157
fish01,67.49,1909,95.45,20.0,20.0,20.87196041076105,3.4290759721374338,19.16874940104469,45.67586116105406,44.358958519743084,3136,8802,464.06275099758574,265.7733429539043,792.5560939514901,20.80835491677989,3.7047248508619215,47.14461247637051,44.34499613098476,0.3384765647770926,0.9914870379850704,0.2931347624306447,0.7767257954665941,0.2248155203559927,0.1052329038075504,within,0.0162663779107374,0.1790251423407012,0.1736367272565664,0.0520033677221967,0.1052329038075504
fish01,67.49,1910,95.5,20.0,20.0,20.87196041076105,3.4290759721374338,19.16874940104469,45.67586116105406,44.358958519743084,3168,8758,464.00918765174026,265.7686945164044,793.1378821681446,20.80835491677989,3.7047248508619215,47.14461247637051,44.34499613098476,0.3384765647770926,0.9914870379850704,0.2931347624306447,0.7767257954665941,0.2248155203559927,0.1040071842019436,within,0.0162663779107374,0.1790251423407012,0.1708812941647037,0.0498559223916321,0.1040071842019436
fish01,67.49,1911,95.55,20.0,20.0,20.87196041076105,3.4290759721374338,19.16874940104469,45.67586116105406,44.358958519743084,3165,8733,464.0146868055557,265.76790024557096,793.0825870511266,20.80835491677989,3.7047248508619215,47.14461247637051,44.34499613098476,0.2566065320184592,0.9914870379850704,0.2931347624306447,0.7767257954665941,0.2248155203559927,0.1029519957098212,within,0.0123318990398193,0.1790251423407012,0.1680369761343939,0.0524139653243705,0.1029519957098212
fish01,67.49,1930,96.5,20.0,20.0,20.87196041076105,3.4290759721374338,19.16874940104469,45.67586116105406,44.358958519743084,3428,7409,457.472321417745,266.36283514140433,792.3951565591494,20.80835491677989,3.7047248508619215,47.14461247637051,44.34499613098476,0.4773910579081608,0.9914870379850704,0.2931347624306447,0.7767257954665941,0.2248155203559927,0.1017103333007833,within,0.0229422777445607,0.1538032523928005,0.1721256833029643,0.0579701197628076,0.1017103333007833
fish01,67.49,1931,96.55,20.0,20.0,20.87196041076105,3.4290759721374338,19.16874940104469,45.67586116105406,44.358958519743084,3396,7317,457.81726066757005,266.37243149557105,792.1096921631411,20.80835491677989,3.7047248508619215,47.14461247637051,44.34499613098476,0.5497936988833629,0.9914870379850704,0.2931347624306447,0.7767257954665941,0.2248155203559927,0.1117035593306846,within,0.0264217763048634,0.1768460174849829,0.1829696457935202,0.0605767977393723,0.1117035593306847
fish01,67.49,1932,96.6,20.0,20.0,20.87196041076105,3.4290759721374338,19.16874940104469,45.67586116105406,44.358958519743084,3358,7170,457.854847577413,266.36958644348766,791.3844340209006,20.80835491677989,3.7047248508619215,47.14461247637051,44.34499613098476,0.6472075184941595,0.9914870379850704,0.2931347624306447,0.7767257954665941,0.2248155203559927,0.1189667725078591,within,0.0311032525676621,0.187235848422145,0.192302564330474,0.0652254247111552,0.1189667725078591
fish01,67.49,1933,96.65,20.0,20.0,20.87196041076105,3.4290759721374338,19.16874940104469,45.67586116105406,44.358958519743084,3326,6947,457.8788363111708,266.372704933071,790.7715412442418,20.80835491677989,3.7047248508619215,47.14461247637051,44.34499613098476,0.7075752145696121,0.9914870379850704,0.2931347624306447,0.7767257954665941,0.2248155203559927,0.1245112632500404,within,0.0340043803270109,0.196828496836271,0.2010132882982978,0.0661988875385819,0.1245112632500404
fish01,67.49,1938,96.9,20.0,20.0,20.87196041076105,3.4290759721374338,19.16874940104469,45.67586116105406,44.358958519743084,3229,6299,457.8173432055815,266.03191717265435,788.4292603782359,20.80835491677989,3.7047248508619215,47.14461247637051,44.34499613098476,0.4074469632043964,0.9914870379850704,0.2931347624306447,0.7767257954665941,0.2248155203559927,0.1253106094708438,within,0.0195809310651383,0.1952701474930449,0.2168348073418958,0.0695565519832964,0.1253106094708439
fish01,67.49,1941,97.05,20.0,20.0,20.87196041076105,3.4290759721374338,19.16874940104469,45.67586116105406,44.358958519743084,3257,6122,457.7134629313152,266.0250161309877,788.8784790623029,20.80835491677989,3.7047248508619215,47.14461247637051,44.34499613098476,0.4609221859400847,0.9914870379850704,0.2931347624306447,0.7767257954665941,0.2248155203559927,0.1221505584415946,within,0.022150822964308,0.179150323133119,0.2190569308030753,0.0682441568658758,0.1221505584415945
fish01,67.49,1942,97.1,20.0,20.0,20.87196041076105,3.4290759721374338,19.16874940104469,45.67586116105406,44.358958519743084,3268,6066,457.7399820011091,266.0257648289043,789.1257468300134,20.80835491677989,3.7047248508619215,47.14461247637051,44.34499613098476,0.4769550305286785,0.9914870379850704,0.2931347624306447,0.7767257954665941,0.2248155203559927,0.1224117765307489,within,0.0229213233067292,0.1778816146364087,0.2188791609261809,0.069965007253677,0.122411776530749
fish01,67.49,1944,97.2,20.0,20.0,20.87196041076105,3.4290759721374338,19.16874940104469,45.67586116105406,44.358958519743084,3220,6036,457.74442644555376,266.0312140476544,788.1756404932081,20.80835491677989,3.7047248508619215,47.14461247637051,44.34499613098476,0.4769550305286785,0.9914870379850704,0.2931347624306447,0.7767257954665941,0.2248155203559927,0.1264706645181075,within,0.0229213233067292,0.179150323133119,0.2313230523087862,0.0724879593237956,0.1264706645181075
fish01,67.49,1960,98.0,20.0,20.0,20.87196041076105,3.4290759721374338,19.16874940104469,45.67586116105406,44.358958519743084,3149,6109,457.17222527923576,261.79290685347445,781.9451321327102,20.80835491677989,3.7047248508619215,47.14461247637051,44.34499613098476,0.4413981761847267,0.9914870379850704,0.2931347624306447,0.7767257954665941,0.2248155203559927,0.1261412555784448,within,0.0212125455351966,0.1830497514392004,0.2311452824318917,0.0691574429074903,0.1261412555784448
fish01,67.49,1961,98.05,20.0,20.0,20.87196041076105,3.4290759721374338,19.16874940104469,45.67586116105406,44.358958519743084,3167,6066,457.0672036071777,261.7101073743078,782.1173109814855,20.80835491677989,3.7047248508619215,47.14461247637051,44.34499613098476,0.2646686193423697,0.9914870379850704,0.2931347624306447,0.7767257954665941,0.2248155203559927,0.1207235456749343,within,0.0127193437636408,0.1830497514392004,0.2219901337718322,0.0651349537250639,0.1207235456749343
fish01,67.49,1962,98.1,20.0,20.0,20.87196041076105,3.4290759721374338,19.16874940104469,45.67586116105406,44.358958519743084,3198,6040,457.13328001543215,261.72176753055794,782.8150475459902,20.80835491677989,3.7047248508619215,47.14461247637051,44.34499613098476,0.2489598491574405,0.9914870379850704,0.2931347624306447,0.7767257954665941,0.2248155203559927,0.1189483653704857,within,0.011964417665554,0.1830497514392004,0.2183458512954978,0.0624334410816906,0.1189483653704857
fish01,67.49,1963,98.15,20.0,20.0,20.87196041076105,3.4290759721374338,19.16874940104469,45.67586116105406,44.358958519743084,3206,6150,457.0970863507118,261.72623367639125,782.943320027103,20.80835491677989,3.7047248508619215,47.14461247637051,44.34499613098476,0.2489598491574405,0.9914870379850704,0.2931347624306447,0.7767257954665941,0.2248155203559927,0.1183034182812851,within,0.011964417665554,0.1830497514392004,0.2165681525265543,0.0616313514938317,0.1183034182812851
fish01,67.49,1969,98.45,20.0,20.0,20.87196041076105,3.4290759721374338,19.16874940104469,45.67586116105406,44.358958519743084,3166,6575,457.1072039326986,261.6501008638911,782.0773047965898,20.80835491677989,3.7047248508619215,47.14461247637051,44.34499613098476,0.0233598722423735,0.9914870379850704,0.2931347624306447,0.7767257954665941,0.2248155203559927,0.121201685328358,within,0.0011226198484115,0.2153590421734556,0.2151459935113993,0.0531790857801654,0.121201685328358
fish01,67.49,1970,98.5,20.0,20.0,20.87196041076105,3.4290759721374338,19.16874940104469,45.67586116105406,44.358958519743084,3212,6553,457.0367395313216,261.6421776868078,782.9189172181294,20.80835491677989,3.7047248508619215,47.14461247637051,44.34499613098476,0.2160854470365514,0.9914870379850704,0.2931347624306447,0.7767257954665941,0.2248155203559927,0.121725661027439,within,0.0103845521618962,0.2153590421734556,0.2072352339896002,0.0539238157848037,0.1217256610274389
fish01,67.49,1971,98.55,20.0,20.0,20.87196041076105,3.4290759721374338,19.16874940104469,45.67586116105406,44.358958519743084,3226,6626,453.3376466242284,261.6419823743079,779.4996289985363,20.80835491677989,3.7047248508619215,47.14461247637051,44.34499613098476,0.0396593416812578,0.9914870379850704,0.2931347624306447,0.7767257954665941,0.2248155203559927,0.1126332245409333,within,0.0019059335463983,0.2006075814103493,0.1987911648371182,0.0492282183698673,0.1126332245409333
fish01,67.49,1972,98.6,20.0,20.0,20.87196041076105,3.4290759721374338,19.16874940104469,45.67586116105406,44.358958519743084,3255,6652,453.3319088269646,261.6468196138911,780.0787284408558,20.80835491677989,3.7047248508619215,47.14461247637051,44.34499613098476,0.0165307407178652,0.9914870379850704,0.2931347624306447,0.7767257954665941,0.2248155203559927,0.1076686771964059,within,0.0007944280450798,0.2006075814103493,0.1880360872850094,0.0412366120451849,0.1076686771964059
fish01,67.49,1973,98.65,20.0,20.0,20.87196041076105,3.4290759721374338,19.16874940104469,45.67586116105406,44.358958519743084,3284,6694,453.373571177824,261.64319331180786,780.696764489632,20.80835491677989,3.7047248508619215,47.14461247637051,44.34499613098476,0.0,0.9914870379850704,0.2931347624306447,0.7767257954665941,0.2248155203559927,0.1030743645102436,within,0.0,0.1908678397373487,0.1837696102395447,0.0376600080640812,0.1030743645102437
fish01,67.49,1974,98.7,20.0,20.0,20.87196041076105,3.4290759721374338,19.16874940104469,45.67586116105406,44.358958519743084,3309,6785,453.3826466242284,261.60085607222453,781.163502696453,20.80835491677989,3.7047248508619215,47.14461247637051,44.34499613098476,0.0,0.9914870379850704,0.2931347624306447,0.7767257954665941,0.2248155203559927,0.0979739011059171,within,0.0,0.1793154242434168,0.1762143904715345,0.0363657897087173,0.0979739011059171
fish01,67.49,1975,98.75,20.0,20.0,20.87196041076105,3.4290759721374338,19.16874940104469,45.67586116105406,44.358958519743084,3305,6868,453.3966352795069,261.6052506034745,781.1018858829815,20.80835491677989,3.7047248508619215,47.14461247637051,44.34499613098476,0.0116784630557162,0.9914870379850704,0.2931347624306447,0.7767257954665941,0.2248155203559927,0.0911038258399055,within,0.0005612391321862,0.1649904406865083,0.166170392427003,0.0326932311139244,0.0911038258399055
fish01,67.49,1976,98.8,20.0,20.0,20.87196041076105,3.4290759721374338,19.16874940104469,45.67586116105406,44.358958519743084,3332,6979,453.3470866154989,264.92157221805775,784.9086588335566,20.80835491677989,3.7047248508619215,47.14461247637051,44.34499613098476,0.0050570337626467,0.9914870379850704,0.2931347624306447,0.7767257954665941,0.2248155203559927,0.0892704752967469,within,0.000243029003632,0.164437209186312,0.1592373672281231,0.0331642957689205,0.0892704752967469
fish01,67.49,1977,98.85,20.0,20.0,20.87196041076105,3.4290759721374338,19.16874940104469,45.67586116105406,44.358958519743084,3320,7062,453.3109885693962,264.8725357597245,784.5835243291207,20.80835491677989,3.7047248508619215,47.14461247637051,44.34499613098476,0.0914994617439077,0.9914870379850704,0.2931347624306447,0.7767257954665941,0.2248155203559927,0.0928004091983288,within,0.0043972463037009,0.1695093041148466,0.1619928003199856,0.0353022860547822,0.0928004091983288
fish01,67.49,1978,98.9,20.0,20.0,20.87196041076105,3.4290759721374338,19.16874940104469,45.67586116105406,44.358958519743084,3372,7194,453.3209104618024,264.8827994330088,785.6437098948113,20.80835491677989,3.7047248508619215,47.14461247637051,44.34499613098476,0.097391723628732,0.9914870379850704,0.2931347624306447,0.7767257954665941,0.2248155203559927,0.0913521715414965,within,0.0046804143825034,0.1701597430460264,0.1564819341362604,0.0340865946011957,0.0913521715414964
fish01,67.49,1979,98.95,20.0,20.0,20.87196041076105,3.4290759721374338,19.16874940104469,45.67586116105406,44.358958519743084,3431,7391,453.20919165913136,264.8862174017588,786.7154090608902,20.80835491677989,3.7047248508619215,47.14461247637051,44.34499613098476,0.0185414750860601,0.9914870379850704,0.2931347624306447,0.7767257954665941,0.2248155203559927,0.0920317100402468,within,0.0008910591519711,0.1787522272332096,0.1546153504288696,0.0338682033469368,0.0920317100402468
fish01,67.49,1980,99.0,20.0,20.0,20.87196041076105,3.4290759721374338,19.16874940104469,45.67586116105406,44.358958519743084,3411,7551,453.31073674399295,264.9216275580088,786.4523643020018,20.80835491677989,3.7047248508619215,47.14461247637051,44.34499613098476,0.6470999847147603,0.9914870379850704,0.2931347624306447,0.7767257954665941,0.2248155203559927,0.0995766239482233,within,0.0310980847502239,0.1687181824867875,0.1584374027820984,0.0400528257737835,0.0995766239482233
fish01,67.49,1981,99.05,20.0,20.0,20.87196041076105,3.4290759721374338,19.16874940104469,45.67586116105406,44.358958519743084,3410,7559,453.3811793209876,264.92368484967545,786.504864170663,20.80835491677989,3.7047248508619215,47.14461247637051,44.34499613098476,0.8268773140170502,0.9914870379850704,0.2931347624306447,0.7767257954665941,0.2248155203559927,0.1034972474636788,within,0.0397377552105406,0.1676739602155857,0.1664370472423446,0.0401402271862439,0.1034972474636787
fish01,67.49,1982,99.1,20.0,20.0,20.87196041076105,3.4290759721374338,19.16874940104469,45.67586116105406,44.358958519743084,3457,7875,453.45836678210605,264.90770828717547,787.5060750692816,20.80835491677989,3.7047248508619215,47.14461247637051,44.34499613098476,0.63685776049347,0.9914870379850704,0.2931347624306447,0.7767257954665941,0.2248155203559927,0.0869430961502062,within,0.0306058678372458,0.1373632496001266,0.1464379360917292,0.0333653310717232,0.0869430961502062
fish01,67.49,1983,99.15,20.0,20.0,20.87196041076105,3.4290759721374338,19.16874940104469,45.67586116105406,44.358958519743084,3502,8084,453.4924856562674,264.8900715684254,788.4225572246928,20.80835491677989,3.7047248508619215,47.14461247637051,44.34499613098476,0.8249107716129878,0.9914870379850704,0.2931347624306447,0.7767257954665941,0.2248155203559927,0.0815595780757615,within,0.0396432478642402,0.1220125178461304,0.1332829652015462,0.0312995813911292,0.0815595780757615
fish01,67.49,1984,99.2,20.0,20.0,20.87196041076105,3.4290759721374338,19.16874940104469,45.67586116105406,44.358958519743084,3556,8273,453.37909588931984,264.8711132350921,789.3702091244119,20.80835491677989,3.7047248508619215,47.14461247637051,44.34499613098476,0.8228779412627212,0.9914870379850704,0.2931347624306447,0.7767257954665941,0.2248155203559927,0.0721697051245358,within,0.0395455548770533,0.1067362651669524,0.1179058708501845,0.024491129603953,0.0721697051245358
fish01,67.49,1985,99.25,20.0,20.0,20.87196041076105,3.4290759721374338,19.16874940104469,45.67586116105406,44.358958519743084,3584,8492,453.30404382595486,264.8756119330088,789.8596557589638,20.80835491677989,3.7047248508619215,47.14461247637051,44.34499613098476,0.9074731451430936,0.9914870379850704,0.2931347624306447,0.7767257954665941,0.2248155203559927,0.0617187393475724,within,0.0436109989844176,0.0843757587045815,0.0994178036531709,0.0194703960481195,0.0617187393475724
fish01,67.49,1986,99.3,20.0,20.0,20.87196041076105,3.4290759721374338,19.16874940104469,45.67586116105406,44.358958519743084,3648,8634,453.3241741126544,264.8853254746755,791.1694995873299,20.80835491677989,3.7047248508619215,47.14461247637051,44.34499613098476,0.9814976312020888,0.9914870379850704,0.2931347624306447,0.7767257954665941,0.2248155203559927,0.0505042219708895,within,0.0471684395584107,0.0606952592495376,0.0789742678103194,0.0151789212652903,0.0505042219708895
fish01,67.49,1987,99.35,20.0,20.0,20.87196041076105,3.4290759721374338,19.16874940104469,45.67586116105406,44.358958519743084,3697,8917,453.3932584544805,264.87163406842546,792.204892522906,20.80835491677989,3.7047248508619215,47.14461247637051,44.34499613098476,0.9790611809127155,0.9914870379850704,0.2931347624306447,0.7767257954665941,0.2248155203559927,0.0285901574778076,within,0.047051349557826,0.0172728513515387,0.0431536376161058,0.0068827913857601,0.0285901574778076
fish01,67.49,1988,99.4,20.0,20.0,20.87196041076105,3.4290759721374338,19.16874940104469,45.67586116105406,44.358958519743084,3715,8992,453.3823077543282,264.8195312038421,792.5018389581703,20.80835491677989,3.7047248508619215,47.14461247637051,44.34499613098476,1.3054085245999154,0.9914870379850704,0.2931347624306447,0.7767257954665941,0.2248155203559927,0.024815418813894,within,0.0627348259783494,3.753092659081855e-05,0.0292875872183456,0.0072017311322901,0.024815418813894
fish01,67.49,1989,99.45,20.0,20.0,20.87196041076105,3.4290759721374338,19.16874940104469,45.67586116105406,44.358958519743084,3730,9208,453.2606063654392,264.8223371934253,792.6829435588646,20.80835491677989,3.7047248508619215,47.14461247637051,44.34499613098476,1.3560083235358142,0.9914870379850704,0.2931347624306447,0.7767257954665941,0.2248155203559927,0.0242441210207582,within,0.0651665318550638,0.0238222311529768,0.0066219279143149,0.0013657931606772,0.0242441210207582
fish01,67.49,1997,99.85,20.0,20.0,20.87196041076105,3.4290759721374338,19.16874940104469,45.67586116105406,44.358958519743084,3769,12907,457.0087585412296,258.3324576820267,790.7212162232563,20.80835491677989,3.7047248508619215,47.14461247637051,44.34499613098476,1.4096750447827553,0.9914870379850704,0.2931347624306447,0.7767257954665941,0.2248155203559927,0.038090281528086,within,0.0677456267167951,0.0161585791210792,0.0412870539087147,0.0271698663657552,0.038090281528086
fish01,67.49,3586,179.3,20.0,20.0,20.87196041076105,3.4290759721374338,19.16874940104469,45.67586116105406,44.358958519743084,2369,1378,461.1668574191624,270.0029359594981,778.5497933786604,20.80835491677989,3.7047248508619215,47.14461247637051,44.34499613098476,1.3955733890269144,0.9914870379850704,0.2931347624306447,0.7767257954665941,0.2248155203559927,0.1247753655717351,within,0.0670679347122016,0.1305116992173636,0.1715923736722809,0.1299294546850944,0.1247753655717351
fish01,67.49,3587,179.35,20.0,20.0,20.87196041076105,3.4290759721374338,19.16874940104469,45.67586116105406,44.358958519743084,2359,1396,461.2386108913846,270.0010153865814,778.4196262779659,20.80835491677989,3.7047248508619215,47.14461247637051,44.34499613098476,1.2024957515851042,0.9914870379850704,0.2931347624306447,0.7767257954665941,0.2248155203559927,0.122094406656924,within,0.057789083106008,0.1305116992173636,0.1724812230567529,0.1275956212475713,0.122094406656924
fish01,67.49,3588,179.4,20.0,20.0,20.87196041076105,3.4290759721374338,19.16874940104469,45.67586116105406,44.358958519743084,2331,1362,461.2888279052736,270.0046091365814,777.913437041855,20.80835491677989,3.7047248508619215,47.14461247637051,44.34499613098476,1.0094181141433047,0.9914870379850704,0.2931347624306447,0.7767257954665941,0.2248155203559927,0.1183337604918528,within,0.0485102314998149,0.1305116992173636,0.1704368694724678,0.1238762417777648,0.1183337604918528
fish01,67.49,3589,179.45,20.0,20.0,20.87196041076105,3.4290759721374338,19.16874940104469,45.67586116105406,44.358958519743084,2323,1472,461.307899085829,270.0052341365814,777.7731332224105,20.80835491677989,3.7047248508619215,47.14461247637051,44.34499613098476,1.0094181141433047,0.9914870379850704,0.2931347624306447,0.7767257954665941,0.2248155203559927,0.1185248176833262,within,0.0485102314998149,0.1305116992173636,0.1715034887338344,0.123573851282292,0.1185248176833262
fish01,67.49,4777,238.85,20.0,20.0,20.87196041076105,3.4290759721374338,19.16874940104469,45.67586116105406,44.358958519743084,4777,11057,452.3315832978989,270.4748434365167,818.3464267344157,20.80835491677989,3.7047248508619215,47.14461247637051,44.34499613098476,1.460286628242418,0.9914870379850704,0.2931347624306447,0.7767257954665941,0.2248155203559927,0.0504448331264199,within,0.0701778989296669,0.1025053525278769,0.0126661037287232,0.0164299773194126,0.0504448331264199
fish01,67.49,4778,238.9,20.0,20.0,20.87196041076105,3.4290759721374338,19.16874940104469,45.67586116105406,44.358958519743084,4821,10694,452.3249426728989,270.4813212635888,819.2262639364877,20.80835491677989,3.7047248508619215,47.14461247637051,44.34499613098476,1.4634492998090955,0.9914870379850704,0.2931347624306447,0.7767257954665941,0.2248155203559927,0.0526258060112772,within,0.0703298893959639,0.0830962105303155,0.0339096040175994,0.0231675201012297,0.0526258060112771
fish01,67.49,4779,238.95,20.0,20.0,20.87196041076105,3.4290759721374338,19.16874940104469,45.67586116105406,44.358958519743084,4839,10528,452.4346605465735,270.4841988677554,819.6988594143289,20.80835491677989,3.7047248508619215,47.14461247637051,44.34499613098476,1.4923685211397952,0.9914870379850704,0.2931347624306447,0.7767257954665941,0.2248155203559927,0.051075267332617,within,0.0717196783267258,0.0735128282921645,0.0361317274787787,0.022936835232799,0.051075267332617
fish01,67.49,4780,239.0,20.0,20.0,20.87196041076105,3.4290759721374338,19.16874940104469,45.67586116105406,44.358958519743084,4837,10285,452.4753550561223,270.4871220052084,819.7024770613307,20.80835491677989,3.7047248508619215,47.14461247637051,44.34499613098476,1.4877637184768098,0.9914870379850704,0.2931347624306447,0.7767257954665941,0.2248155203559927,0.0515468768557907,within,0.0714983824731418,0.0715652995579861,0.0409315141549267,0.0221923112371081,0.0515468768557907
fish01,67.49,4781,239.05,20.0,20.0,20.87196041076105,3.4290759721374338,19.16874940104469,45.67586116105406,44.358958519743084,4711,10029,452.482581610616,274.3917997982344,821.0943814088504,20.80835491677989,3.7047248508619215,47.14461247637051,44.34499613098476,0.7891476881030677,0.9914870379850704,0.2931347624306447,0.7767257954665941,0.2248155203559927,0.0378982895659629,within,0.0379245592099497,0.0721244753974869,0.0280431980800854,0.0135009255763297,0.0378982895659629
fish01,67.49,4782,239.1,20.0,20.0,20.87196041076105,3.4290759721374338,19.16874940104469,45.67586116105406,44.358958519743084,4712,9687,452.438145862702,274.3879292804294,821.0660751431315,20.80835491677989,3.7047248508619215,47.14461247637051,44.34499613098476,0.6247152818143213,0.9914870379850704,0.2931347624306447,0.7767257954665941,0.2248155203559927,0.0359010548487365,within,0.0300223292188536,0.0657998149329031,0.0364872672325673,0.0112948080106215,0.0359010548487364
fish01,67.49,4783,239.15,20.0,20.0,20.87196041076105,3.4290759721374338,19.16874940104469,45.67586116105406,44.358958519743084,4758,9575,452.3780026255666,274.1684110512627,821.7064136768292,20.80835491677989,3.7047248508619215,47.14461247637051,44.34499613098476,0.611825958941278,0.9914870379850704,0.2931347624306447,0.7767257954665941,0.2248155203559927,0.0371666343697749,within,0.0294028990464739,0.0584096607868603,0.0451091062619441,0.0157448713838215,0.0371666343697749
fish01,67.49,4784,239.2,20.0,20.0,20.87196041076105,3.4290759721374338,19.16874940104469,45.67586116105406,44.358958519743084,4770,9622,452.4314053710936,274.1804943845961,822.0118997556897,20.80835491677989,3.7047248508619215,47.14461247637051,44.34499613098476,0.7897649025355022,0.9914870379850704,0.2931347624306447,0.7767257954665941,0.2248155203559927,0.0398649929053704,within,0.0379542210662044,0.0482699000453519,0.0554197591218168,0.0178160913881088,0.0398649929053705
fish01,67.49,4785,239.25,20.0,20.0,20.87196041076105,3.4290759721374338,19.16874940104469,45.67586116105406,44.358958519743084,4797,9648,452.5972083467272,274.1886877481142,822.7258960948413,20.80835491677989,3.7047248508619215,47.14461247637051,44.34499613098476,0.6090109308258072,0.9914870379850704,0.2931347624306447,0.7767257954665941,0.2248155203559927,0.031921042428579,within,0.029267615496826,0.0197038530158375,0.0624416692591439,0.0162710319425086,0.031921042428579
fish01,67.49,4786,239.3,20.0,20.0,20.87196041076105,3.4290759721374338,19.16874940104469,45.67586116105406,44.358958519743084,4873,9287,452.57747744394953,274.1851005085309,824.2225779524805,20.80835491677989,3.7047248508619215,47.14461247637051,44.34499613098476,0.6346879350543837,0.9914870379850704,0.2931347624306447,0.7767257954665941,0.2248155203559927,0.0329682799266128,within,0.0305015911922268,0.0082861758794798,0.0691969245811297,0.0238884280536151,0.0329682799266129
fish01,67.49,4787,239.35,20.0,20.0,20.87196041076105,3.4290759721374338,19.16874940104469,45.67586116105406,44.358958519743084,4962,8987,452.9804851145803,274.1834403522809,826.4039254668612,20.80835491677989,3.7047248508619215,47.14461247637051,44.34499613098476,0.6545021387075636,0.9914870379850704,0.2931347624306447,0.7767257954665941,0.2248155203559927,0.045848902144369,within,0.031453814649219,0.014663752619443,0.0991511488378296,0.0381268924709842,0.0458489021443689
fish01,67.49,4788,239.4,20.0,20.0,20.87196041076105,3.4290759721374338,19.16874940104469,45.67586116105406,44.358958519743084,4989,8581,452.97397469791366,274.1865718626976,826.9405465606112,20.80835491677989,3.7047248508619215,47.14461247637051,44.34499613098476,0.6532883327592884,0.9914870379850704,0.2931347624306447,0.7767257954665941,0.2248155203559927,0.0462297064015284,within,0.0313954820249858,0.0196383487278124,0.0980845295764636,0.0358004652768517,0.0462297064015284
fish01,67.49,4789,239.45,20.0,20.0,20.87196041076105,3.4290759721374338,19.16874940104469,45.67586116105406,44.358958519743084,5016,8154,452.8103071718382,274.1933459635418,827.32365313538,20.80835491677989,3.7047248508619215,47.14461247637051,44.34499613098476,0.6334932789572321,0.9914870379850704,0.2931347624306447,0.7767257954665941,0.2248155203559927,0.0516331348341384,within,0.0304441788642494,0.0256209182931911,0.1124838896049064,0.0379835525742064,0.0516331348341383
fish01,67.49,4790,239.5,20.0,20.0,20.87196041076105,3.4290759721374338,19.16874940104469,45.67586116105406,44.358958519743084,5056,7887,452.97188703294927,274.18489544270835,828.2767824756576,20.80835491677989,3.7047248508619215,47.14461247637051,44.34499613098476,0.6334932789572321,0.9914870379850704,0.2931347624306447,0.7767257954665941,0.2248155203559927,0.045359470610642,within,0.0304441788642494,0.0210714007229481,0.0937291675925513,0.036193135262819,0.045359470610642
fish01,67.49,4791,239.55,20.0,20.0,20.87196041076105,3.4290759721374338,19.16874940104469,45.67586116105406,44.358958519743084,5024,7403,453.0934668940602,274.18664023437503,827.7601071284353,20.80835491677989,3.7047248508619215,47.14461247637051,44.34499613098476,0.6334932789572321,0.9914870379850704,0.2931347624306447,0.7767257954665941,0.2248155203559927,0.044539370319461,within,0.0304441788642494,0.0210714007229481,0.088662726101062,0.0379791755895846,0.044539370319461
fish01,67.49,4792,239.6,20.0,20.0,20.87196041076105,3.4290759721374338,19.16874940104469,45.67586116105406,44.358958519743084,4992,6905,452.9365137517293,274.1863244331254,826.9628381848547,20.80835491677989,3.7047248508619215,47.14461247637051,44.34499613098476,0.6409528825034165,0.9914870379850704,0.2931347624306447,0.7767257954665941,0.2248155203559927,0.0440971680363994,within,0.0308026696520132,0.021939507372787,0.0830629749788899,0.0405835201419075,0.0440971680363994
fish01,67.49,4793,239.65,20.0,20.0,20.87196041076105,3.4290759721374338,19.16874940104469,45.67586116105406,44.358958519743084,4982,6859,453.23611444617376,274.1850288602087,827.0611433063824,20.80835491677989,3.7047248508619215,47.14461247637051,44.34499613098476,0.6542075256133195,0.9914870379850704,0.2931347624306447,0.7767257954665941,0.2248155203559927,0.0478496184028348,within,0.0314396562452789,0.0400957341672811,0.0818185858406295,0.0380444973581493,0.0478496184028347
fish01,67.49,4794,239.7,20.0,20.0,20.87196041076105,3.4290759721374338,19.16874940104469,45.67586116105406,44.358958519743084,4924,6641,453.3004894461738,274.18272089572497,825.9632103418987,20.80835491677989,3.7047248508619215,47.14461247637051,44.34499613098476,0.4607056453158158,0.9914870379850704,0.2931347624306447,0.7767257954665941,0.2248155203559927,0.0456878092735367,within,0.0221404165374121,0.0504633612488052,0.0859961779476469,0.0241512813602825,0.0456878092735367
fish01,67.49,4795,239.75,20.0,20.0,20.87196041076105,3.4290759721374338,19.16874940104469,45.67586116105406,44.358958519743084,4908,6635,453.2058409646871,274.18326777072497,825.549108735412,20.80835491677989,3.7047248508619215,47.14461247637051,44.34499613098476,0.4088301716818527,0.9914870379850704,0.2931347624306447,0.7767257954665941,0.2248155203559927,0.0524945570475026,within,0.0196474047716367,0.0771963372146761,0.0931069730234212,0.0200275131802764,0.0524945570475026
fish01,67.49,4796,239.8,20.0,20.0,20.87196041076105,3.4290759721374338,19.16874940104469,45.67586116105406,44.358958519743084,4980,6353,456.2763270579396,274.1775549104372,830.0538819683768,20.80835491677989,3.7047248508619215,47.14461247637051,44.34499613098476,0.6917677489981138,0.9914870379850704,0.2931347624306447,0.7767257954665941,0.2248155203559927,0.0571539414531698,within,0.0332447111636043,0.0608885668326148,0.1032398560063999,0.0312426318100601,0.0571539414531698
fish01,67.49,4797,239.85,20.0,20.0,20.87196041076105,3.4290759721374338,19.16874940104469,45.67586116105406,44.358958519743084,4791,6344,468.680815010052,273.1719333740234,837.6727483840754,20.80835491677989,3.7047248508619215,47.14461247637051,44.34499613098476,1.4094128391288834,0.9914870379850704,0.2931347624306447,0.7767257954665941,0.2248155203559927,0.0513072143086505,within,0.0677330257372883,0.0569687995616573,0.0555975289987112,0.0249295029369453,0.0513072143086505
fish01,67.49,4801,240.05,20.0,20.0,20.87196041076105,3.4290759721374338,19.16874940104469,45.67586116105406,44.358958519743084,4889,6043,468.0642091905382,275.07350238444013,840.9177115749783,20.80835491677989,3.7047248508619215,47.14461247637051,44.34499613098476,1.410719448201842,0.9914870379850704,0.2931347624306447,0.7767257954665941,0.2248155203559927,0.0487876752449921,within,0.0677958182587627,0.0700110296633018,0.0295542420336877,0.0277896110242162,0.0487876752449921
fish01,67.49,4802,240.1,20.0,20.0,20.87196041076105,3.4290759721374338,19.16874940104469,45.67586116105406,44.358958519743084,4885,5818,468.11740799950496,273.2904750406901,839.1078830401951,20.80835491677989,3.7047248508619215,47.14461247637051,44.34499613098476,1.3945908543576166,0.9914870379850704,0.2931347624306447,0.7767257954665941,0.2248155203559927,0.0542283061746138,within,0.067020716435061,0.088687211313453,0.0394204702013241,0.0217848267486169,0.0542283061746137
fish01,67.49,4803,240.15,20.0,20.0,20.87196041076105,3.4290759721374338,19.16874940104469,45.67586116105406,44.358958519743084,4988,5707,467.99778126339385,273.29704405110675,841.0548253145006,20.80835491677989,3.7047248508619215,47.14461247637051,44.34499613098476,1.3690184377774983,0.9914870379850704,0.2931347624306447,0.7767257954665941,0.2248155203559927,0.066661657365727,within,0.0657917669730594,0.1217052188152092,0.070796853473179,0.0083527902014606,0.0666616573657271
fish01,67.49,4804,240.2,20.0,20.0,20.87196041076105,3.4290759721374338,19.16874940104469,45.67586116105406,44.358958519743084,5091,5477,467.8913616886092,273.2998174886068,843.011179177216,20.80835491677989,3.7047248508619215,47.14461247637051,44.34499613098476,1.2780964176983003,0.9914870379850704,0.2931347624306447,0.7767257954665941,0.2248155203559927,0.0766055106135181,within,0.061422271141081,0.1454919004880303,0.0995066885916183,1.182233342904836e-06,0.0766055106135181
fish01,67.49,4805,240.25,20.0,20.0,20.87196041076105,3.4290759721374338,19.16874940104469,45.67586116105406,44.358958519743084,5052,5385,467.7677983484148,273.30850238444015,842.1163007328549,20.80835491677989,3.7047248508619215,47.14461247637051,44.34499613098476,0.6638340084676493,0.9914870379850704,0.2931347624306447,0.7767257954665941,0.2248155203559927,0.0652124615336003,within,0.0319022820940223,0.1295306501207341,0.0891071507932981,0.0103097631263467,0.0652124615336003
fish01,67.49,4806,240.3,20.0,20.0,20.87196041076105,3.4290759721374338,19.16874940104469,45.67586116105406,44.358958519743084,5030,5318,467.6156413296168,273.31175108235675,841.5273924119737,20.80835491677989,3.7047248508619215,47.14461247637051,44.34499613098476,1.304022369991511,0.9914870379850704,0.2931347624306447,0.7767257954665941,0.2248155203559927,0.090189277223768,within,0.062668210687811,0.1907763435343246,0.106261943913604,0.0010506107593324,0.090189277223768
fish01,67.49,4807,240.35,20.0,20.0,20.87196041076105,3.4290759721374338,19.16874940104469,45.67586116105406,44.358958519743084,5189,5077,467.68630971468696,273.31637998860674,844.7826897032937,20.80835491677989,3.7047248508619215,47.14461247637051,44.34499613098476,1.456241590458493,0.9914870379850704,0.2931347624306447,0.7767257954665941,0.2248155203559927,0.1138035380990761,within,0.0699835040435692,0.2068353841109676,0.1574596684591797,0.0209355957825875,0.113803538099076
fish01,67.49,4808,240.4,20.0,20.0,20.87196041076105,3.4290759721374338,19.16874940104469,45.67586116105406,44.358958519743084,5280,5008,467.86048071272114,273.32420876158614,846.7846894743074,20.80835491677989,3.7047248508619215,47.14461247637051,44.34499613098476,0.9793955667746808,0.9914870379850704,0.2931347624306447,0.7767257954665941,0.2248155203559927,0.1208295326862022,within,0.0470674193462979,0.215594892577047,0.1879472023465624,0.0327086164749013,0.1208295326862022
fish01,67.49,4819,240.95,20.0,20.0,20.87196041076105,3.4290759721374338,19.16874940104469,45.67586116105406,44.358958519743084,5456,2957,466.6086142834134,273.3452178761694,849.0738321595828,20.80835491677989,3.7047248508619215,47.14461247637051,44.34499613098476,0.0440328730652659,0.9914870379850704,0.2931347624306447,0.7767257954665941,0.2248155203559927,0.118954361065161,within,0.0021161150528895,0.2420586249391138,0.1995022443446959,0.032140459923945,0.118954361065161
fish01,67.49,4820,241.0,20.0,20.0,20.87196041076105,3.4290759721374338,19.16874940104469,45.67586116105406,44.358958519743084,5482,2889,466.4997164779665,273.3487335011694,849.4884499791359,20.80835491677989,3.7047248508619215,47.14461247637051,44.34499613098476,0.0392660332004446,0.9914870379850704,0.2931347624306447,0.7767257954665941,0.2248155203559927,0.122949428785068,within,0.0018870320771382,0.2414155872931471,0.2123016754810898,0.0361934202888969,0.122949428785068
fish01,67.49,4821,241.05,20.0,20.0,20.87196041076105,3.4290759721374338,19.16874940104469,45.67586116105406,44.358958519743084,5432,2725,466.57803678016194,273.3547914087931,848.572828188955,20.80835491677989,3.7047248508619215,47.14461247637051,44.34499613098476,0.1685466781498199,0.9914870379850704,0.2931347624306447,0.7767257954665941,0.2248155203559927,0.1249602839952205,within,0.0080999521021195,0.243583522804292,0.208924047820097,0.0392336132543738,0.1249602839952206
fish01,67.49,4985,249.25,20.0,20.0,20.87196041076105,3.4290759721374338,19.16874940104469,45.67586116105406,44.358958519743084,3577,16153,462.3633502818167,272.05852207094824,805.9618723527649,20.80835491677989,3.7047248508619215,47.14461247637051,44.34499613098476,1.1964414524984512,0.9914870379850704,0.2931347624306447,0.7767257954665941,0.2248155203559927,0.0664965732695135,within,0.0574981279050388,0.1563295383194839,0.0159548464512687,0.0362037804022628,0.0664965732695136
fish01,67.49,4986,249.3,20.0,20.0,20.87196041076105,3.4290759721374338,19.16874940104469,45.67586116105406,44.358958519743084,3586,16226,462.34395345502304,272.0547199876149,806.1186734426379,20.80835491677989,3.7047248508619215,47.14461247637051,44.34499613098476,1.2002463806105794,0.9914870379850704,0.2931347624306447,0.7767257954665941,0.2248155203559927,0.088628231534936,within,0.0576809836919255,0.207812295481218,0.0582640771521263,0.0307555698144744,0.088628231534936
fish01,67.49,4987,249.35,20.0,20.0,20.87196041076105,3.4290759721374338,19.16874940104469,45.67586116105406,44.358958519743084,3566,16373,462.2867573362563,272.08310540428164,805.6898627405379,20.80835491677989,3.7047248508619215,47.14461247637051,44.34499613098476,1.215525015677919,0.9914870379850704,0.2931347624306447,0.7767257954665941,0.2248155203559927,0.09833750638618,within,0.0584152385202598,0.2299385250415783,0.0778187636105062,0.0271774983723756,0.09833750638618
fish01,67.49,4988,249.4,20.0,20.0,20.87196041076105,3.4290759721374338,19.16874940104469,45.67586116105406,44.358958519743084,3560,16502,462.2093395977256,272.06852858136494,805.4778681790906,20.80835491677989,3.7047248508619215,47.14461247637051,44.34499613098476,1.3303755112713702,0.9914870379850704,0.2931347624306447,0.7767257954665941,0.2248155203559927,0.1093481982921942,within,0.0639346799202542,0.2581029212231679,0.0967512554997554,0.0186039365255996,0.1093481982921942
fish10,17.7,8497,424.85,20.0,20.0,20.44814786044034,4.850535999644887,0.5333575788127548,63.73770077066423,46.82869362438337,1285,85,426.7317474702623,245.95223943578927,698.3839869060517,20.44814786044034,4.850535999644887,63.7290805785124,46.71214876391671,0.3894885306750559,1.0000454602739153,0.5534935197921154,0.9249995515852448,0.4545876017944917,0.0090088629007109,within,0.0190476190476191,0.0,0.0127147301501421,0.0042731024050825,0.0090088629007109
fish10,17.7,8498,424.9,20.0,20.0,20.44814786044034,4.850535999644887,0.5333575788127548,63.73770077066423,46.82869362438337,1285,85,426.4001242063735,246.21570948787272,698.3158336942462,20.44814786044034,4.850535999644887,63.7290805785124,46.71214876391671,0.3894885306750559,1.0000454602739153,0.5534935197921154,0.9249995515852448,0.4545876017944917,0.0090088629007109,within,0.0190476190476191,0.0,0.0127147301501421,0.0042731024050825,0.0090088629007109
fish10,17.7,8499,424.95,20.0,20.0,20.44814786044034,4.850535999644887,0.5333575788127548,63.73770077066423,46.82869362438337,1306,85,425.9233489305285,246.21570948787272,698.2590584184012,20.44814786044034,4.850535999644887,63.7290805785124,46.71214876391671,0.0,1.0000454602739153,0.5534935197921154,0.9249995515852448,0.4545876017944917,0.0039705728422452,within,0.0,0.0,0.0085215744623293,0.0073607169066516,0.0039705728422452
fish10,17.7,8500,425.0,20.0,20.0,20.44814786044034,4.850535999644887,0.5333575788127548,63.73770077066423,46.82869362438337,1313,85,425.4815955041201,246.21570948787272,697.9573049919928,20.44814786044034,4.850535999644887,63.7290805785124,46.71214876391671,0.0,1.0000454602739153,0.5534935197921154,0.9249995515852448,0.4545876017944917,0.0039705728422452,within,0.0,0.0,0.0085215744623293,0.0073607169066516,0.0039705728422452
fish10,17.7,8501,425.05,20.0,20.0,20.44814786044034,4.850535999644887,0.5333575788127548,63.73770077066423,46.82869362438337,1302,85,425.1531710363129,246.21570948787272,697.4088805241856,20.44814786044034,4.850535999644887,63.7290805785124,46.71214876391671,0.1947442653375297,1.0000454602739153,0.5534935197921154,0.9249995515852448,0.4545876017944917,0.0042569370625953,within,0.0095238095238096,0.0,0.0073042066819962,0.0001997320445755,0.0042569370625953
fish10,17.7,8502,425.1,20.0,20.0,20.44814786044034,4.850535999644887,0.5333575788127548,63.73770077066423,46.82869362438337,1302,85,424.9350199946462,246.21570948787272,697.1907294825189,20.44814786044034,4.850535999644887,63.7290805785124,46.71214876391671,0.1947442653375297,1.0000454602739153,0.5534935197921154,0.9249995515852448,0.4545876017944917,0.0042569370625953,within,0.0095238095238096,0.0,0.0073042066819962,0.0001997320445755,0.0042569370625953
fish10,17.7,8503,425.15,20.0,20.0,20.44814786044034,4.850535999644887,0.5333575788127548,63.73770077066423,46.82869362438337,1301,85,424.7963744434311,246.21570948787272,697.0320839313038,20.44814786044034,4.850535999644887,63.7290805785124,46.71214876391671,0.1947442653375297,1.0000454602739153,0.5534935197921154,0.9249995515852448,0.4545876017944917,0.0042569370625953,within,0.0095238095238096,0.0,0.0073042066819962,0.0001997320445755,0.0042569370625953
fish10,17.7,8504,425.2,20.0,20.0,20.44814786044034,4.850535999644887,0.5333575788127548,63.73770077066423,46.82869362438337,1308,85,424.5029630057441,246.21570948787272,696.8786724936167,20.44814786044034,4.850535999644887,63.7290805785124,46.71214876391671,0.0,1.0000454602739153,0.5534935197921154,0.9249995515852448,0.4545876017944917,0.0011986076784905,within,0.0,0.0,0.0022994724739619,0.0024949582400004,0.0011986076784905
fish10,17.7,8505,425.25,20.0,20.0,20.44814786044034,4.850535999644887,0.5333575788127548,63.73770077066423,46.82869362438337,1343,85,424.4368432549183,246.21570948787272,697.5125527427911,20.44814786044034,4.850535999644887,63.7290805785124,46.71214876391671,0.0,1.0000454602739153,0.5534935197921154,0.9249995515852448,0.4545876017944917,0.0011511702621057,within,0.0,0.0,0.003652103340998,0.0009525777074249,0.0011511702621057
fish10,17.7,8506,425.3,20.0,20.0,20.44814786044034,4.850535999644887,0.5333575788127548,63.73770077066423,46.82869362438337,1351,85,424.28174327226816,246.21570948787272,697.5174527601408,20.44814786044034,4.850535999644887,63.7290805785124,46.71214876391671,0.0,1.0000454602739153,0.5534935197921154,0.9249995515852448,0.4545876017944917,9.527487205292385e-06,within,0.0,0.0,0.0,3.810994882116954e-05,9.527487205292385e-06
fish10,17.7,8507,425.35,20.0,20.0,20.44814786044034,4.850535999644887,0.5333575788127548,63.73770077066423,46.82869362438337,1373,85,424.055727647268,243.73918605037272,695.2549136976409,20.44814786044034,4.850535999644887,63.7290805785124,46.71214876391671,0.0,1.0000454602739153,0.5534935197921154,0.9249995515852448,0.4545876017944917,9.527487205292385e-06,within,0.0,0.0,0.0,3.810994882116954e-05,9.527487205292385e-06
fish10,17.7,8508,425.4,20.0,20.0,20.44814786044034,4.850535999644887,0.5333575788127548,63.73770077066423,46.82869362438337,1375,85,424.00716426849374,243.6697003732893,695.176864641783,20.44814786044034,4.850535999644887,63.7290805785124,46.71214876391671,0.0,1.0000454602739153,0.5534935197921154,0.9249995515852448,0.4545876017944917,9.527487205292385e-06,within,0.0,0.0,0.0,3.810994882116954e-05,9.527487205292385e-06
fish10,17.7,8509,425.45,20.0,20.0,20.44814786044034,4.850535999644887,0.5333575788127548,63.73770077066423,46.82869362438337,1361,85,423.8292736434936,243.61074855037268,694.6600221938663,20.44814786044034,4.850535999644887,63.7290805785124,46.71214876391671,0.0,1.0000454602739153,0.5534935197921154,0.9249995515852448,0.4545876017944917,4.334325888115016e-05,within,0.0,0.0,0.0001352630867035,3.810994882101743e-05,4.334325888115016e-05
fish10,17.7,8511,425.55,20.0,20.0,20.44814786044034,4.850535999644887,0.5333575788127548,63.73770077066423,46.82869362438337,1421,85,423.5966435198559,243.621679539956,695.6383230598118,20.44814786044034,4.850535999644887,63.7290805785124,46.71214876391671,0.0,1.0000454602739153,0.5534935197921154,0.9249995515852448,0.4545876017944917,0.0115258078598032,within,0.0,0.0222222222222221,0.020559989178953,0.0033210200380378,0.0115258078598032
fish10,17.7,8512,425.6,20.0,20.0,20.44814786044034,4.850535999644887,0.5333575788127548,63.73770077066423,46.82869362438337,1435,85,423.53895691905086,243.62135401912263,695.8603109381736,20.44814786044034,4.850535999644887,63.7290805785124,46.71214876391671,0.1947442653375262,1.0000454602739153,0.5534935197921154,0.9249995515852448,0.4545876017944917,0.0155865443752584,within,0.0095238095238093,0.0222222222222221,0.0234005139997294,0.0071996317552727,0.0155865443752584
fish10,17.7,8513,425.65,20.0,20.0,20.44814786044034,4.850535999644887,0.5333575788127548,63.73770077066423,46.82869362438337,1475,85,423.49979893293977,243.74508448787267,696.7448834208125,20.44814786044034,4.850535999644887,63.7290805785124,46.71214876391671,0.1947442653375262,1.0000454602739153,0.5534935197921154,0.9249995515852448,0.4545876017944917,0.0258214355463291,within,0.0095238095238093,0.0444444444444442,0.0389557689706479,0.0103617192464148,0.025821435546329
fish10,17.7,8516,425.8,20.0,20.0,20.44814786044034,4.850535999644887,0.5333575788127548,63.73770077066423,46.82869362438337,1513,85,421.1446643739865,243.73265284473624,695.1373172187227,20.44814786044034,4.850535999644887,63.7290805785124,46.71214876391671,0.1947442653375262,1.0000454602739153,0.5534935197921154,0.9249995515852448,0.4545876017944917,0.0328090202275342,within,0.0095238095238093,0.0444444444444442,0.0528878669011226,0.0243799600407604,0.0328090202275341
fish10,17.7,8517,425.85,20.0,20.0,20.44814786044034,4.850535999644887,0.5333575788127548,63.73770077066423,46.82869362438337,1519,85,421.233140884211,243.7327146911621,695.3458555753731,20.44814786044034,4.850535999644887,63.7290805785124,46.71214876391671,0.1947442653375262,1.0000454602739153,0.5534935197921154,0.9249995515852448,0.4545876017944917,0.0328090202275342,within,0.0095238095238093,0.0444444444444442,0.0528878669011226,0.0243799600407604,0.0328090202275341
fish10,17.7,8518,425.9,20.0,20.0,20.44814786044034,4.850535999644887,0.5333575788127548,63.73770077066423,46.82869362438337,1544,85,421.05964699207817,243.73257146199543,695.6722184540736,20.44814786044034,4.850535999644887,63.7290805785124,46.71214876391671,0.1947442653375262,1.0000454602739153,0.5534935197921154,0.9249995515852448,0.4545876017944917,0.0328090202275342,within,0.0095238095238093,0.0444444444444442,0.0528878669011226,0.0243799600407604,0.0328090202275341
fish10,17.7,8519,425.95,20.0,20.0,20.44814786044034,4.850535999644887,0.5333575788127548,63.73770077066423,46.82869362438337,1539,85,420.9835749330121,243.73233710187253,695.4959120348846,20.44814786044034,4.850535999644887,63.7290805785124,46.71214876391671,0.5188227806224148,1.0000454602739153,0.5534935197921154,0.9249995515852448,0.4545876017944917,0.0415479739969899,within,0.0253726050967259,0.0498892890082464,0.0654673339645609,0.0254626679184264,0.0415479739969899
fish10,17.7,8520,426.0,20.0,20.0,20.44814786044034,4.850535999644887,0.5333575788127548,63.73770077066423,46.82869362438337,1623,85,421.0024334083652,243.73211575249564,697.1945491608608,20.44814786044034,4.850535999644887,63.7290805785124,46.71214876391671,0.4844210112160958,1.0000454602739153,0.5534935197921154,0.9249995515852448,0.4545876017944917,0.042883894896258,within,0.023690214611235,0.0498892890082464,0.0730420668199647,0.0249140091455864,0.0428838948962581
fish11,13.0,5997,299.85,20.0,20.0,26.331221080961683,2.390580939729685,1.1757858355751034,38.10349542906957,55.20094555021838,5956,127,444.4977529558912,252.9423957475026,816.5601487033938,26.712832980685764,2.130735185411241,38.62075617283951,55.5714596774843,3.584805796700824,0.9798215296459196,0.1361832555569262,0.7547075664571832,0.1136621013158029,0.1163312137814717,fill,0.1341978890555245,0.2505352671553451,0.0397514196935603,0.0408402792214572,0.1163312137814717
fish11,13.0,5998,299.9,20.0,20.0,26.331221080961683,2.390580939729685,1.1757858355751034,38.10349542906957,55.20094555021838,5892,127,443.5186383418141,253.7769725704193,815.1356109122335,26.712832980685764,2.130735185411241,38.62075617283951,55.5714596774843,3.7619904447374672,0.9798215296459196,0.1361832555569262,0.7547075664571832,0.1136621013158029,0.1216446631487446,fill,0.1408308301653182,0.2562773169540781,0.0455909139612128,0.0438795915143692,0.1216446631487446
fish11,13.0,6047,302.35,20.0,20.0,26.331221080961683,2.390580939729685,1.1757858355751034,38.10349542906957,55.20094555021838,6238,118,434.2732223985272,251.74083974609368,810.7740621446209,26.712832980685764,2.130735185411241,38.62075617283951,55.5714596774843,2.4804773482065343,0.9798215296459196,0.1361832555569262,0.7547075664571832,0.1136621013158029,0.0839816248961197,fill,0.0928571428571428,0.1219512195121951,0.0733954784099432,0.0477226588051979,0.0839816248961197
fish11,13.0,6048,302.4,20.0,20.0,26.331221080961683,2.390580939729685,1.1757858355751034,38.10349542906957,55.20094555021838,6289,118,433.6461390107897,252.55296214192705,811.9791011527167,26.712832980685764,2.130735185411241,38.62075617283951,55.5714596774843,2.2896713983444954,0.9798215296459196,0.1361832555569262,0.7547075664571832,0.1136621013158029,0.0806282452958725,fill,0.0857142857142857,0.1219512195121951,0.067823850851816,0.047023625105193,0.0806282452958725
fish11,13.0,6049,302.45,20.0,20.0,26.331221080961683,2.390580939729685,1.1757858355751034,38.10349542906957,55.20094555021838,6415,118,433.468851531681,252.55296214192705,814.321813673608,26.712832980685764,2.130735185411241,38.62075617283951,55.5714596774843,0.0,0.9798215296459196,0.1361832555569262,0.7547075664571832,0.1136621013158029,0.0432142791647336,within,0.0,0.1219512195121951,0.0290367513125467,0.021869145834193,0.0432142791647337
fish11,13.0,6050,302.5,20.0,20.0,26.331221080961683,2.390580939729685,1.1757858355751034,38.10349542906957,55.20094555021838,6444,118,432.8591641155479,252.55282542317704,814.2919895387249,26.712832980685764,2.130735185411241,38.62075617283951,55.5714596774843,0.3816118997240814,0.9798215296459196,0.1361832555569262,0.7547075664571832,0.1136621013158029,0.0417618420964738,within,0.0142857142857143,0.1219512195121951,0.0157505625200899,0.0150598720678959,0.0417618420964738
fish11,13.0,6051,302.55,20.0,20.0,26.331221080961683,2.390580939729685,1.1757858355751034,38.10349542906957,55.20094555021838,6610,118,432.7445634211034,252.55282542317704,817.4973888442805,26.712832980685764,2.130735185411241,38.62075617283951,55.5714596774843,0.3816118997240814,0.9798215296459196,0.1361832555569262,0.7547075664571832,0.1136621013158029,0.0409853648395717,within,0.0142857142857143,0.1219512195121951,0.0133933354762669,0.0143111900841108,0.0409853648395718
fish11,13.0,6052,302.6,20.0,20.0,26.331221080961683,2.390580939729685,1.1757858355751034,38.10349542906957,55.20094555021838,6686,118,432.7692943238811,252.5527147460937,819.0420090699748,26.712832980685764,2.130735185411241,38.62075617283951,55.5714596774843,0.3816118997240814,0.9798215296459196,0.1361832555569262,0.7547075664571832,0.1136621013158029,0.0409853648395717,within,0.0142857142857143,0.1219512195121951,0.0133933354762669,0.0143111900841108,0.0409853648395718
fish11,13.0,6053,302.65,20.0,20.0,26.331221080961683,2.390580939729685,1.1757858355751034,38.10349542906957,55.20094555021838,6703,118,432.1845547957055,252.55259104817705,818.7971458438824,26.712832980685764,2.130735185411241,38.62075617283951,55.5714596774843,0.3816118997240814,0.9798215296459196,0.1361832555569262,0.7547075664571832,0.1136621013158029,0.0409853648395717,within,0.0142857142857143,0.1219512195121951,0.0133933354762669,0.0143111900841108,0.0409853648395718
fish11,13.0,6054,302.7,20.0,20.0,26.331221080961683,2.390580939729685,1.1757858355751034,38.10349542906957,55.20094555021838,6720,118,431.91437250403897,252.55259104817705,818.8669635522159,26.712832980685764,2.130735185411241,38.62075617283951,55.5714596774843,0.7632237994481663,0.9798215296459196,0.1361832555569262,0.7547075664571832,0.1136621013158029,0.039744535644832,within,0.0285714285714286,0.1219512195121951,0.0013929068895317,0.0070625876061727,0.039744535644832
fish11,13.0,6055,302.75,20.0,20.0,26.331221080961683,2.390580939729685,1.1757858355751034,38.10349542906957,55.20094555021838,6751,118,431.9900148925027,252.5526561523437,819.5626710448464,26.712832980685764,2.130735185411241,38.62075617283951,55.5714596774843,0.7632237994481663,0.9798215296459196,0.1361832555569262,0.7547075664571832,0.1136621013158029,0.0396457251437372,within,0.0285714285714286,0.1219512195121951,0.0013929068895317,0.0066673456017935,0.0396457251437372
fish11,13.0,6056,302.8,20.0,20.0,26.331221080961683,2.390580939729685,1.1757858355751034,38.10349542906957,55.20094555021838,6782,118,431.9290079480583,252.5526561523437,820.121664100402,26.712832980685764,2.130735185411241,38.62075617283951,55.5714596774843,0.7632237994481663,0.9798215296459196,0.1361832555569262,0.7547075664571832,0.1136621013158029,0.0396457251437372,within,0.0285714285714286,0.1219512195121951,0.0013929068895317,0.0066673456017935,0.0396457251437372
fish11,13.0,6057,302.85,20.0,20.0,26.331221080961683,2.390580939729685,1.1757858355751034,38.10349542906957,55.20094555021838,6828,118,431.84225880245634,252.5526561523437,820.9549149548,26.712832980685764,2.130735185411241,38.62075617283951,55.5714596774843,0.7632237994481663,0.9798215296459196,0.1361832555569262,0.7547075664571832,0.1136621013158029,0.0403213955592784,within,0.0285714285714286,0.1219512195121951,0.0063216543447982,0.004441279808692,0.0403213955592784
fish11,13.0,6058,302.9,20.0,20.0,26.331221080961683,2.390580939729685,1.1757858355751034,38.10349542906957,55.20094555021838,6884,118,433.0735782741782,250.20612620442705,820.9597044786053,26.712832980685764,2.130735185411241,38.62075617283951,55.5714596774843,0.7632237994481663,0.9798215296459196,0.1361832555569262,0.7547075664571832,0.1136621013158029,0.0403213955592784,within,0.0285714285714286,0.1219512195121951,0.0063216543447982,0.004441279808692,0.0403213955592784
fish11,13.0,6059,302.95,20.0,20.0,26.331221080961683,2.390580939729685,1.1757858355751034,38.10349542906957,55.20094555021838,6972,118,432.9850628096781,250.20612620442705,822.6311890141051,26.712832980685764,2.130735185411241,38.62075617283951,55.5714596774843,0.7632237994481663,0.9798215296459196,0.1361832555569262,0.7547075664571832,0.1136621013158029,0.0403213955592784,within,0.0285714285714286,0.1219512195121951,0.0063216543447982,0.004441279808692,0.0403213955592784
fish11,13.0,6060,303.0,20.0,20.0,26.331221080961683,2.390580939729685,1.1757858355751034,38.10349542906957,55.20094555021838,6872,118,433.058986394416,250.2174803710937,820.7164667655097,26.712832980685764,2.130735185411241,38.62075617283951,55.5714596774843,0.7632237994481663,0.9798215296459196,0.1361832555569262,0.7547075664571832,0.1136621013158029,0.0403213955592784,within,0.0285714285714286,0.1219512195121951,0.0063216543447982,0.004441279808692,0.0403213955592784
fish11,13.0,6061,303.05,20.0,20.0,26.331221080961683,2.390580939729685,1.1757858355751034,38.10349542906957,55.20094555021838,6894,118,432.87102191810135,250.2172329752604,820.9682548933617,26.712832980685764,2.130735185411241,38.62075617283951,55.5714596774843,0.7632237994481663,0.9798215296459196,0.1361832555569262,0.7547075664571832,0.1136621013158029,0.0427097899419317,within,0.0285714285714286,0.1219512195121951,0.0192864030858247,0.0010301085982785,0.0427097899419317
fish11,13.0,6062,303.1,20.0,20.0,26.331221080961683,2.390580939729685,1.1757858355751034,38.10349542906957,55.20094555021838,6900,118,432.8691469181014,250.2206118815104,821.0897587996118,26.712832980685764,2.130735185411241,38.62075617283951,55.5714596774843,0.7632237994481663,0.9798215296459196,0.1361832555569262,0.7547075664571832,0.1136621013158029,0.0433368447539774,within,0.0285714285714286,0.1219512195121951,0.0198221365048752,0.0030025944274108,0.0433368447539774
fish11,13.0,6063,303.15,20.0,20.0,26.331221080961683,2.390580939729685,1.1757858355751034,38.10349542906957,55.20094555021838,6952,118,432.7160697012254,250.2205337565104,821.9766034577358,26.712832980685764,2.130735185411241,38.62075617283951,55.5714596774843,0.3816118997240814,0.9798215296459196,0.1361832555569262,0.7547075664571832,0.1136621013158029,0.035981280204553,within,0.0142857142857143,0.1219512195121951,0.0069645344476589,0.0007236525726437,0.035981280204553
fish11,13.0,6064,303.2,20.0,20.0,26.331221080961683,2.390580939729685,1.1757858355751034,38.10349542906957,55.20094555021838,6997,118,432.7026451280381,250.2205337565104,822.8631788845485,26.712832980685764,2.130735185411241,38.62075617283951,55.5714596774843,0.3816118997240814,0.9798215296459196,0.1361832555569262,0.7547075664571832,0.1136621013158029,0.0392660683812322,within,0.0142857142857143,0.1219512195121951,0.013232615450552,0.0075947242764675,0.0392660683812322
fish11,13.0,6065,303.25,20.0,20.0,26.331221080961683,2.390580939729685,1.1757858355751034,38.10349542906957,55.20094555021838,6946,118,432.79069646386034,250.2206704752604,821.9313669391208,26.712832980685764,2.130735185411241,38.62075617283951,55.5714596774843,0.0,0.9798215296459196,0.1361832555569262,0.7547075664571832,0.1136621013158029,0.0335531904875503,within,0.0,0.1219512195121951,0.0074466945248045,0.0048148479132018,0.0335531904875503
fish11,13.0,6066,303.3,20.0,20.0,26.331221080961683,2.390580939729685,1.1757858355751034,38.10349542906957,55.20094555021838,6892,118,432.5498067464194,250.22040354817705,820.6102102945964,26.712832980685764,2.130735185411241,38.62075617283951,55.5714596774843,0.3816118997240814,0.9798215296459196,0.1361832555569262,0.7547075664571832,0.1136621013158029,0.0347164460536233,within,0.0142857142857142,0.1219512195121951,0.0016607735990571,0.0009680768175269,0.0347164460536233
fish11,13.0,6067,303.35,20.0,20.0,26.331221080961683,2.390580939729685,1.1757858355751034,38.10349542906957,55.20094555021838,6898,118,432.4754664158951,250.22059886067697,820.6560652765721,26.712832980685764,2.130735185411241,38.62075617283951,55.5714596774843,0.7632237994481628,0.9798215296459196,0.1361832555569262,0.7547075664571832,0.1136621013158029,0.038544196556088,within,0.0285714285714284,0.1219512195121951,0.0032679738562089,0.0003861642845195,0.038544196556088
fish11,13.0,6068,303.4,20.0,20.0,26.331221080961683,2.390580939729685,1.1757858355751034,38.10349542906957,55.20094555021838,6905,118,432.4934828151938,250.2175845377603,820.8110673529542,26.712832980685764,2.130735185411241,38.62075617283951,55.5714596774843,0.5724178495861239,0.9798215296459196,0.1361832555569262,0.7547075664571832,0.1136621013158029,0.0380973214110232,within,0.0214285714285714,0.1219512195121951,0.0086253080467158,0.0003841866566106,0.0380973214110232
fish11,13.0,6069,303.45,20.0,20.0,26.331221080961683,2.390580939729685,1.1757858355751034,38.10349542906957,55.20094555021838,6685,118,432.36668612586135,250.22059886067697,816.2872849865382,26.712832980685764,2.130735185411241,38.62075617283951,55.5714596774843,0.7632237994481628,0.9798215296459196,0.1361832555569262,0.7547075664571832,0.1136621013158029,0.0423001787421886,within,0.0285714285714284,0.1219512195121951,0.0171970427515268,0.0014810241336041,0.0423001787421886
fish11,13.0,6070,303.5,20.0,20.0,26.331221080961683,2.390580939729685,1.1757858355751034,38.10349542906957,55.20094555021838,6499,118,432.2948154531219,250.22059886067697,812.4954143137988,26.712832980685764,2.130735185411241,38.62075617283951,55.5714596774843,0.7632237994481628,0.9798215296459196,0.1361832555569262,0.7547075664571832,0.1136621013158029,0.0424097509326197,within,0.0285714285714284,0.1219512195121951,0.0175184828029572,0.0015978728438979,0.0424097509326197
fish11,13.0,6071,303.55,20.0,20.0,26.331221080961683,2.390580939729685,1.1757858355751034,38.10349542906957,55.20094555021838,6476,118,432.2298501228992,250.22087229817697,811.9707224210761,26.712832980685764,2.130735185411241,38.62075617283951,55.5714596774843,0.9540297493102088,0.9798215296459196,0.1361832555569262,0.7547075664571832,0.1136621013158029,0.0463644092737277,within,0.0357142857142858,0.1219512195121951,0.0226615236258434,0.0051306082425864,0.0463644092737276
fish11,13.0,6072,303.6,20.0,20.0,26.331221080961683,2.390580939729685,1.1757858355751034,38.10349542906957,55.20094555021838,6503,118,432.0807963818962,250.22087229817697,812.3616686800731,26.712832980685764,2.130735185411241,38.62075617283951,55.5714596774843,0.9540297493102088,0.9798215296459196,0.1361832555569262,0.7547075664571832,0.1136621013158029,0.0475924781931113,within,0.0357142857142858,0.1219512195121951,0.0265723775849136,0.0061320299610507,0.0475924781931113
fish11,13.0,6073,303.65,20.0,20.0,26.331221080961683,2.390580939729685,1.1757858355751034,38.10349542906957,55.20094555021838,6462,118,432.1074413601157,250.2209113606769,811.5683527207927,26.712832980685764,2.130735185411241,38.62075617283951,55.5714596774843,0.9540297493102088,0.9798215296459196,0.1361832555569262,0.7547075664571832,0.1136621013158029,0.0483049230997981,within,0.0357142857142858,0.1219512195121951,0.0273759777134898,0.0081782094592218,0.0483049230997981
fish11,13.0,6074,303.7,20.0,20.0,26.331221080961683,2.390580939729685,1.1757858355751034,38.10349542906957,55.20094555021838,6456,118,432.092549828122,250.2209113606769,811.4334611887989,26.712832980685764,2.130735185411241,38.62075617283951,55.5714596774843,0.9540297493102088,0.9798215296459196,0.1361832555569262,0.7547075664571832,0.1136621013158029,0.0477404487985197,within,0.0357142857142858,0.1219512195121951,0.0253937640630022,0.0079025259045958,0.0477404487985197
fish11,13.0,6075,303.75,20.0,20.0,26.331221080961683,2.390580939729685,1.1757858355751034,38.10349542906957,55.20094555021838,6414,118,432.0334093315972,250.2209113606769,810.5343206922742,26.712832980685764,2.130735185411241,38.62075617283951,55.5714596774843,0.9540297493102088,0.9798215296459196,0.1361832555569262,0.7547075664571832,0.1136621013158029,0.0483179675615208,within,0.0357142857142858,0.1219512195121951,0.0275366977392048,0.0080696672803974,0.0483179675615208
fish11,13.0,6098,304.9,20.0,20.0,26.331221080961683,2.390580939729685,1.1757858355751034,38.10349542906957,55.20094555021838,6063,129,431.2138302490046,252.45562159973773,804.9294518487424,26.712832980685764,2.130735185411241,38.62075617283951,55.5714596774843,1.3356416490342866,0.9798215296459196,0.1361832555569262,0.7547075664571832,0.1136621013158029,0.0419734315725687,within,0.0499999999999998,0.0121951219512194,0.0745740919318546,0.0311245124072009,0.0419734315725687
fish11,13.0,6099,304.95,20.0,20.0,26.331221080961683,2.390580939729685,1.1757858355751034,38.10349542906957,55.20094555021838,5932,129,430.98770177678233,252.05067368307112,801.6783754598534,26.712832980685764,2.130735185411241,38.62075617283951,55.5714596774843,1.1448356991722477,0.9798215296459196,0.1361832555569262,0.7547075664571832,0.1136621013158029,0.0387818387884933,within,0.0428571428571427,0.0121951219512194,0.0700203578699239,0.030054732475687,0.0387818387884932
fish11,13.0,6100,305.0,20.0,20.0,26.331221080961683,2.390580939729685,1.1757858355751034,38.10349542906957,55.20094555021838,5995,129,430.5046287819002,252.05067368307112,802.4553024649714,26.712832980685764,2.130735185411241,38.62075617283951,55.5714596774843,1.1448356991722477,0.9798215296459196,0.1361832555569262,0.7547075664571832,0.1136621013158029,0.0376645334832983,within,0.0428571428571427,0.0121951219512194,0.0658952105432335,0.0297106585815973,0.0376645334832982
fish11,13.0,6101,305.05,20.0,20.0,26.331221080961683,2.390580939729685,1.1757858355751034,38.10349542906957,55.20094555021838,6063,129,430.441538530345,252.05067368307112,803.7522122134161,26.712832980685764,2.130735185411241,38.62075617283951,55.5714596774843,0.7632237994481628,0.9798215296459196,0.1361832555569262,0.7547075664571832,0.1136621013158029,0.0289832293053409,within,0.0285714285714284,0.0121951219512194,0.051323261545055,0.0238431051536607,0.0289832293053409
fish11,13.0,6102,305.1,20.0,20.0,26.331221080961683,2.390580939729685,1.1757858355751034,38.10349542906957,55.20094555021838,6379,129,430.3416212618603,252.05067368307112,809.9722949449315,26.712832980685764,2.130735185411241,38.62075617283951,55.5714596774843,0.5724178495861239,0.9798215296459196,0.1361832555569262,0.7547075664571832,0.1136621013158029,0.0247593211010934,within,0.0214285714285714,0.0121951219512194,0.0450551805421621,0.0203584104824206,0.0247593211010934
fish11,13.0,6103,305.15,20.0,20.0,26.331221080961683,2.390580939729685,1.1757858355751034,38.10349542906957,55.20094555021838,6500,129,430.1014477716894,252.05067368307112,812.1521214547605,26.712832980685764,2.130735185411241,38.62075617283951,55.5714596774843,0.5724178495861239,0.9798215296459196,0.1361832555569262,0.7547075664571832,0.1136621013158029,0.0236868590890878,within,0.0214285714285714,0.0121951219512194,0.0437694203364405,0.01735432264012,0.0236868590890878
fish11,13.0,6104,305.2,20.0,20.0,26.331221080961683,2.390580939729685,1.1757858355751034,38.10349542906957,55.20094555021838,6677,129,429.8706926106771,252.05067368307112,815.4613662937481,26.712832980685764,2.130735185411241,38.62075617283951,55.5714596774843,0.3816118997240814,0.9798215296459196,0.1361832555569262,0.7547075664571832,0.1136621013158029,0.0141785980366599,within,0.0142857142857142,0.0121951219512194,0.0229293903353692,0.0073041655743367,0.0141785980366599
fish11,13.0,6105,305.25,20.0,20.0,26.331221080961683,2.390580939729685,1.1757858355751034,38.10349542906957,55.20094555021838,6960,129,429.5720555046176,252.05067368307112,820.8227291876888,26.712832980685764,2.130735185411241,38.62075617283951,55.5714596774843,0.5724178495861239,0.9798215296459196,0.1361832555569262,0.7547075664571832,0.1136621013158029,0.0162754257807849,within,0.0214285714285714,0.0121951219512194,0.0133397621343621,0.0181382476089868,0.0162754257807849
fish11,13.0,6194,309.7,20.0,20.0,26.331221080961683,2.390580939729685,1.1757858355751034,38.10349542906957,55.20094555021838,7656,119,408.2207987367794,250.6759047094981,812.0167034462775,26.712832980685764,2.130735185411241,38.62075617283951,55.5714596774843,1.247578484277863,0.9798215296459196,0.1361832555569262,0.7547075664571832,0.1136621013158029,0.050837110556367,within,0.0467033386230469,0.1425891038848135,0.0102860816457727,0.003769918071835,0.050837110556367
fish11,13.0,6195,309.75,20.0,20.0,26.331221080961683,2.390580939729685,1.1757858355751034,38.10349542906957,55.20094555021838,7541,119,408.10897174290784,250.63121072981085,809.5601824727187,26.712832980685764,2.130735185411241,38.62075617283951,55.5714596774843,1.247578484277863,0.9798215296459196,0.1361832555569262,0.7547075664571832,0.1136621013158029,0.0503154141734502,within,0.0467033386230469,0.1378987009932357,0.011893281902925,0.0047663351745932,0.0503154141734502
fish11,13.0,6196,309.8,20.0,20.0,26.331221080961683,2.390580939729685,1.1757858355751034,38.10349542906957,55.20094555021838,7582,119,408.13986548748255,250.62197560881503,810.4018410962976,26.712832980685764,2.130735185411241,38.62075617283951,55.5714596774843,1.247578484277863,0.9798215296459196,0.1361832555569262,0.7547075664571832,0.1136621013158029,0.0498306755446738,within,0.0467033386230469,0.1378987009932357,0.0101253616200575,0.004595300942355,0.0498306755446738
fish12,15.28,3681,184.05,20.0,20.0,18.77968457779337,1.4920490710698964,32.07148021896006,19.302450980392155,39.15174816254211,585,798,432.86377965086007,254.03280597262915,698.5965856234893,18.82326492608762,1.4930370555204504,19.4838523644752,39.24059057235718,0.0143060975419153,0.9583111619211174,0.4663431724739363,0.9495340543808524,0.3858369931466868,0.0040799137642361,within,0.0007600221108341,0.0087869075688699,0.0058620689655173,0.0009106564117231,0.0040799137642361
fish12,15.28,3683,184.15,20.0,20.0,18.77968457779337,1.4920490710698964,32.07148021896006,19.302450980392155,39.15174816254211,586,820,432.8428161091935,254.03601559176977,698.5988317009633,18.82326492608762,1.4930370555204504,19.4838523644752,39.24059057235718,0.0,0.9583111619211174,0.4663431724739363,0.9495340543808524,0.3858369931466868,0.0037845649794478,within,0.0,0.0035269925439974,0.0106896551724137,0.0009216122013803,0.0037845649794478
fish12,15.28,3697,184.85,20.0,20.0,18.77968457779337,1.4920490710698964,32.07148021896006,19.302450980392155,39.15174816254211,555,2426,426.8293347695244,258.28678053613226,696.2161153056567,18.82326492608762,1.4930370555204504,19.4838523644752,39.24059057235718,0.2620202769540682,0.9583111619211174,0.4663431724739363,0.9495340543808524,0.3858369931466868,0.0167000915850193,within,0.0139200228006632,0.0029952309332944,0.0386206896551724,0.011264422950947,0.0167000915850192
fish12,15.28,3698,184.9,20.0,20.0,18.77968457779337,1.4920490710698964,32.07148021896006,19.302450980392155,39.15174816254211,555,2427,427.0007627302759,259.6534341819657,697.7541969122416,18.82326492608762,1.4930370555204504,19.4838523644752,39.24059057235718,0.2620202769540682,0.9583111619211174,0.4663431724739363,0.9495340543808524,0.3858369931466868,0.0167000915850193,within,0.0139200228006632,0.0029952309332944,0.0386206896551724,0.011264422950947,0.0167000915850192
fish12,15.28,3699,184.95,20.0,20.0,18.77968457779337,1.4920490710698964,32.07148021896006,19.302450980392155,39.15174816254211,555,2424,426.94585821638697,259.683115171549,697.728973387936,18.82326492608762,1.4930370555204504,19.4838523644752,39.24059057235718,0.2620202769540682,0.9583111619211174,0.4663431724739363,0.9495340543808524,0.3858369931466868,0.0167000915850193,within,0.0139200228006632,0.0029952309332944,0.0386206896551724,0.011264422950947,0.0167000915850192
fish12,15.28,3700,185.0,20.0,20.0,18.77968457779337,1.4920490710698964,32.07148021896006,19.302450980392155,39.15174816254211,555,2424,426.9266655080537,259.683115171549,697.7097806796027,18.82326492608762,1.4930370555204504,19.4838523644752,39.24059057235718,0.2620202769540682,0.9583111619211174,0.4663431724739363,0.9495340543808524,0.3858369931466868,0.0167000915850193,within,0.0139200228006632,0.0029952309332944,0.0386206896551724,0.011264422950947,0.0167000915850192
fish12,15.28,3701,185.05,20.0,20.0,18.77968457779337,1.4920490710698964,32.07148021896006,19.302450980392155,39.15174816254211,555,2424,426.9241134247203,259.68315423404897,697.7072676587693,18.82326492608762,1.4930370555204504,19.4838523644752,39.24059057235718,0.2620202769540682,0.9583111619211174,0.4663431724739363,0.9495340543808524,0.3858369931466868,0.0167000915850193,within,0.0139200228006632,0.0029952309332944,0.0386206896551724,0.011264422950947,0.0167000915850192
fish12,15.28,3702,185.1,20.0,20.0,18.77968457779337,1.4920490710698964,32.07148021896006,19.302450980392155,39.15174816254211,555,2424,426.9151290497203,259.683466734049,697.6985957837693,18.82326492608762,1.4930370555204504,19.4838523644752,39.24059057235718,0.2620202769540682,0.9583111619211174,0.4663431724739363,0.9495340543808524,0.3858369931466868,0.0167000915850193,within,0.0139200228006632,0.0029952309332944,0.0386206896551724,0.011264422950947,0.0167000915850192
fish12,15.28,3703,185.15,20.0,20.0,18.77968457779337,1.4920490710698964,32.07148021896006,19.302450980392155,39.15174816254211,555,2424,426.9083408552759,259.683818296549,697.692159151825,18.82326492608762,1.4930370555204504,19.4838523644752,39.24059057235718,0.2620202769540682,0.9583111619211174,0.4663431724739363,0.9495340543808524,0.3858369931466868,0.0167000915850193,within,0.0139200228006632,0.0029952309332944,0.0386206896551724,0.011264422950947,0.0167000915850192
fish12,15.28,3704,185.2,20.0,20.0,18.77968457779337,1.4920490710698964,32.07148021896006,19.302450980392155,39.15174816254211,555,2424,426.9088356469425,259.810673765299,697.8195094122415,18.82326492608762,1.4930370555204504,19.4838523644752,39.24059057235718,0.2620202769540682,0.9583111619211174,0.4663431724739363,0.9495340543808524,0.3858369931466868,0.0167000915850193,within,0.0139200228006632,0.0029952309332944,0.0386206896551724,0.011264422950947,0.0167000915850192
fish12,15.28,3705,185.25,20.0,20.0,18.77968457779337,1.4920490710698964,32.07148021896006,19.302450980392155,39.15174816254211,555,2424,426.8955109941648,259.810673765299,697.8061847594637,18.82326492608762,1.4930370555204504,19.4838523644752,39.24059057235718,0.2620202769540682,0.9583111619211174,0.4663431724739363,0.9495340543808524,0.3858369931466868,0.0167000915850193,within,0.0139200228006632,0.0029952309332944,0.0386206896551724,0.011264422950947,0.0167000915850192
fish12,15.28,3706,185.3,20.0,20.0,18.77968457779337,1.4920490710698964,32.07148021896006,19.302450980392155,39.15174816254211,555,2424,436.199981480276,259.8117902967665,707.1117717770425,18.82326492608762,1.4930370555204504,19.4838523644752,39.24059057235718,0.2620202769540682,0.9583111619211174,0.4663431724739363,0.9495340543808524,0.3858369931466868,0.0167000915850193,within,0.0139200228006632,0.0029952309332944,0.0386206896551724,0.011264422950947,0.0167000915850192
fish12,15.28,3707,185.35,20.0,20.0,18.77968457779337,1.4920490710698964,32.07148021896006,19.302450980392155,39.15174816254211,549,2424,436.2039094409896,255.3101561821832,702.4940656231728,18.82326492608762,1.4930370555204504,19.4838523644752,39.24059057235718,0.2620202769540682,0.9583111619211174,0.4663431724739363,0.9495340543808524,0.3858369931466868,0.0167000915850193,within,0.0139200228006632,0.0029952309332944,0.0386206896551724,0.011264422950947,0.0167000915850192
fish12,15.28,3708,185.4,20.0,20.0,18.77968457779337,1.4920490710698964,32.07148021896006,19.302450980392155,39.15174816254211,549,2424,436.2000205521007,255.3101626925999,702.4901832447006,18.82326492608762,1.4930370555204504,19.4838523644752,39.24059057235718,0.2620202769540682,0.9583111619211174,0.4663431724739363,0.9495340543808524,0.3858369931466868,0.0167000915850193,within,0.0139200228006632,0.0029952309332944,0.0386206896551724,0.011264422950947,0.0167000915850192
fish12,15.28,3709,185.45,20.0,20.0,18.77968457779337,1.4920490710698964,32.07148021896006,19.302450980392155,39.15174816254211,551,2424,436.2306282095262,255.4301366509332,702.6807648604594,18.82326492608762,1.4930370555204504,19.4838523644752,39.24059057235718,0.2620202769540682,0.9583111619211174,0.4663431724739363,0.9495340543808524,0.3858369931466868,0.01729196033123,within,0.0139200228006632,0.0029952309332944,0.0399999999999998,0.0122525875909622,0.0172919603312299
fish12,15.28,3710,185.5,20.0,20.0,18.77968457779337,1.4920490710698964,32.07148021896006,19.302450980392155,39.15174816254211,551,2424,436.2010101539706,255.45572909884984,702.6767392528204,18.82326492608762,1.4930370555204504,19.4838523644752,39.24059057235718,0.2620202769540682,0.9583111619211174,0.4663431724739363,0.9495340543808524,0.3858369931466868,0.01729196033123,within,0.0139200228006632,0.0029952309332944,0.0399999999999998,0.0122525875909622,0.0172919603312299
fish12,15.28,3711,185.55,20.0,20.0,18.77968457779337,1.4920490710698964,32.07148021896006,19.302450980392155,39.15174816254211,554,2424,436.1714441817484,255.45578769259984,702.7072318743483,18.82326492608762,1.4930370555204504,19.4838523644752,39.24059057235718,0.2620202769540682,0.9583111619211174,0.4663431724739363,0.9495340543808524,0.3858369931466868,0.01729196033123,within,0.0139200228006632,0.0029952309332944,0.0399999999999998,0.0122525875909622,0.0172919603312299
fish12,15.28,3712,185.6,20.0,20.0,18.77968457779337,1.4920490710698964,32.07148021896006,19.302450980392155,39.15174816254211,553,2424,436.15719070952616,255.45578769259984,702.672978402126,18.82326492608762,1.4930370555204504,19.4838523644752,39.24059057235718,0.2620202769540682,0.9583111619211174,0.4663431724739363,0.9495340543808524,0.3858369931466868,0.01729196033123,within,0.0139200228006632,0.0029952309332944,0.0399999999999998,0.0122525875909622,0.0172919603312299
fish12,15.28,3713,185.65,20.0,20.0,18.77968457779337,1.4920490710698964,32.07148021896006,19.302450980392155,39.15174816254211,555,2424,436.13893550119286,255.45555331759985,702.6944888187927,18.82326492608762,1.4930370555204504,19.4838523644752,39.24059057235718,0.2620202769540682,0.9583111619211174,0.4663431724739363,0.9495340543808524,0.3858369931466868,0.0174710411572984,within,0.0139200228006632,0.0029952309332944,0.0406896551724136,0.012279255722822,0.0174710411572983
fish12,15.28,3714,185.7,20.0,20.0,18.77968457779337,1.4920490710698964,32.07148021896006,19.302450980392155,39.15174816254211,555,2429,436.1691524778578,255.4554882134332,702.724640691291,18.82326492608762,1.4930370555204504,19.4838523644752,39.24059057235718,0.2620202769540682,0.9583111619211174,0.4663431724739363,0.9495340543808524,0.3858369931466868,0.0174710411572984,within,0.0139200228006632,0.0029952309332944,0.0406896551724136,0.012279255722822,0.0174710411572983
fish12,15.28,3715,185.75,20.0,20.0,18.77968457779337,1.4920490710698964,32.07148021896006,19.302450980392155,39.15174816254211,555,2429,436.1357062973023,255.4554882134332,702.6911945107355,18.82326492608762,1.4930370555204504,19.4838523644752,39.24059057235718,0.2620202769540682,0.9583111619211174,0.4663431724739363,0.9495340543808524,0.3858369931466868,0.0174710411572984,within,0.0139200228006632,0.0029952309332944,0.0406896551724136,0.012279255722822,0.0174710411572983
fish12,15.28,3716,185.8,20.0,20.0,18.77968457779337,1.4920490710698964,32.07148021896006,19.302450980392155,39.15174816254211,550,2429,436.0928156534642,255.45561191134985,702.5484275648141,18.82326492608762,1.4930370555204504,19.4838523644752,39.24059057235718,0.2672028202515015,0.9583111619211174,0.4663431724739363,0.9495340543808524,0.3858369931466868,0.0187500279834413,within,0.0141953492818973,0.0029952309332944,0.0424137931034482,0.0153957386151252,0.0187500279834413
fish12,15.28,3717,185.85,20.0,20.0,18.77968457779337,1.4920490710698964,32.07148021896006,19.302450980392155,39.15174816254211,550,2429,436.06174794513095,255.45572909884984,702.5174770439808,18.82326492608762,1.4930370555204504,19.4838523644752,39.24059057235718,0.2672028202515015,0.9583111619211174,0.4663431724739363,0.9495340543808524,0.3858369931466868,0.0187500279834413,within,0.0141953492818973,0.0029952309332944,0.0424137931034482,0.0153957386151252,0.0187500279834413
fish12,15.28,3718,185.9,20.0,20.0,18.77968457779337,1.4920490710698964,32.07148021896006,19.302450980392155,39.15174816254211,549,2429,436.0050899590198,255.45572909884984,702.4408190578697,18.82326492608762,1.4930370555204504,19.4838523644752,39.24059057235718,0.2723839397733023,0.9583111619211174,0.4663431724739363,0.9495340543808524,0.3858369931466868,0.0198662808298992,within,0.0144706001239879,0.0029952309332944,0.043793103448276,0.0182061888140383,0.0198662808298992
fish12,15.28,3719,185.95,20.0,20.0,18.77968457779337,1.4920490710698964,32.07148021896006,19.302450980392155,39.15174816254211,541,2429,435.9559927367976,255.45572909884984,702.2317218356475,18.82326492608762,1.4930370555204504,19.4838523644752,39.24059057235718,0.2723839397733023,0.9583111619211174,0.4663431724739363,0.9495340543808524,0.3858369931466868,0.0212352169993056,within,0.0144706001239879,0.0029952309332944,0.0475862068965516,0.0198888300433884,0.0212352169993056
fish12,15.28,3720,186.0,20.0,20.0,18.77968457779337,1.4920490710698964,32.07148021896006,19.302450980392155,39.15174816254211,544,2429,435.9343781534642,255.45486972384984,702.269247877314,18.82326492608762,1.4930370555204504,19.4838523644752,39.24059057235718,0.2723839397733023,0.9583111619211174,0.4663431724739363,0.9495340543808524,0.3858369931466868,0.0209352948882786,within,0.0144706001239879,0.0029952309332944,0.0465517241379309,0.0197236243579011,0.0209352948882786
fish12,15.28,3721,186.05,20.0,20.0,18.77968457779337,1.4920490710698964,32.07148021896006,19.302450980392155,39.15174816254211,544,2429,435.9540830145753,255.45486972384984,702.2889527384251,18.82326492608762,1.4930370555204504,19.4838523644752,39.24059057235718,0.2723839397733023,0.9583111619211174,0.4663431724739363,0.9495340543808524,0.3858369931466868,0.0209352948882786,within,0.0144706001239879,0.0029952309332944,0.0465517241379309,0.0197236243579011,0.0209352948882786
fish12,15.28,3722,186.1,20.0,20.0,18.77968457779337,1.4920490710698964,32.07148021896006,19.302450980392155,39.15174816254211,544,2429,435.9577635701309,255.4599804009332,702.297743971064,18.82326492608762,1.4930370555204504,19.4838523644752,39.24059057235718,0.2723839397733023,0.9583111619211174,0.4663431724739363,0.9495340543808524,0.3858369931466868,0.0209352948882786,within,0.0144706001239879,0.0029952309332944,0.0465517241379309,0.0197236243579011,0.0209352948882786
fish12,15.28,3723,186.15,20.0,20.0,18.77968457779337,1.4920490710698964,32.07148021896006,19.302450980392155,39.15174816254211,539,2429,435.8276594034642,255.45971347384983,702.067372877314,18.82326492608762,1.4930370555204504,19.4838523644752,39.24059057235718,0.2723839397733023,0.9583111619211174,0.4663431724739363,0.9495340543808524,0.3858369931466868,0.0209352948882786,within,0.0144706001239879,0.0029952309332944,0.0465517241379309,0.0197236243579011,0.0209352948882786
fish12,15.28,3724,186.2,20.0,20.0,18.77968457779337,1.4920490710698964,32.07148021896006,19.302450980392155,39.15174816254211,539,2429,435.7990916951309,255.4599999321832,702.0390916273141,18.82326492608762,1.4930370555204504,19.4838523644752,39.24059057235718,0.2723839397733023,0.9583111619211174,0.4663431724739363,0.9495340543808524,0.3858369931466868,0.0209352948882786,within,0.0144706001239879,0.0029952309332944,0.0465517241379309,0.0197236243579011,0.0209352948882786
fish12,15.28,3725,186.25,20.0,20.0,18.77968457779337,1.4920490710698964,32.07148021896006,19.302450980392155,39.15174816254211,537,2431,433.7147601167469,255.4604491509332,699.91520926768,18.82326492608762,1.4930370555204504,19.4838523644752,39.24059057235718,0.2723839397733023,0.9583111619211174,0.4663431724739363,0.9495340543808524,0.3858369931466868,0.0209352948882786,within,0.0144706001239879,0.0029952309332944,0.0465517241379309,0.0197236243579011,0.0209352948882786
fish12,15.28,3726,186.3,20.0,20.0,18.77968457779337,1.4920490710698964,32.07148021896006,19.302450980392155,39.15174816254211,537,2431,434.0581846423489,259.7634960259332,704.5616806682822,18.82326492608762,1.4930370555204504,19.4838523644752,39.24059057235718,0.2723839397733023,0.9583111619211174,0.4663431724739363,0.9495340543808524,0.3858369931466868,0.0209352948882786,within,0.0144706001239879,0.0029952309332944,0.0465517241379309,0.0197236243579011,0.0209352948882786
fish12,15.28,3727,186.35,20.0,20.0,18.77968457779337,1.4920490710698964,32.07148021896006,19.302450980392155,39.15174816254211,547,2431,434.0179068645712,259.76307284884984,704.720979713421,18.82326492608762,1.4930370555204504,19.4838523644752,39.24059057235718,0.2672028202515015,0.9583111619211174,0.4663431724739363,0.9495340543808524,0.3858369931466868,0.0187500279834413,within,0.0141953492818973,0.0029952309332944,0.0424137931034482,0.0153957386151252,0.0187500279834413
fish12,15.28,3728,186.4,20.0,20.0,18.77968457779337,1.4920490710698964,32.07148021896006,19.302450980392155,39.15174816254211,548,2431,433.9542610312379,259.7637694634332,704.678030494671,18.82326492608762,1.4930370555204504,19.4838523644752,39.24059057235718,0.2672028202515015,0.9583111619211174,0.4663431724739363,0.9495340543808524,0.3858369931466868,0.0190499500944682,within,0.0141953492818973,0.0029952309332944,0.0434482758620689,0.0155609443006124,0.0190499500944682
fish12,15.28,3729,186.45,20.0,20.0,18.77968457779337,1.4920490710698964,32.07148021896006,19.302450980392155,39.15174816254211,548,2431,433.9455197117935,259.7637694634332,704.6692891752266,18.82326492608762,1.4930370555204504,19.4838523644752,39.24059057235718,0.2672028202515015,0.9583111619211174,0.4663431724739363,0.9495340543808524,0.3858369931466868,0.0190499500944682,within,0.0141953492818973,0.0029952309332944,0.0434482758620689,0.0155609443006124,0.0190499500944682
fish12,15.28,3730,186.5,20.0,20.0,18.77968457779337,1.4920490710698964,32.07148021896006,19.302450980392155,39.15174816254211,560,2431,433.9408929756823,259.76389316134987,704.9047861370323,18.82326492608762,1.4930370555204504,19.4838523644752,39.24059057235718,0.0806583132809812,0.9583111619211174,0.4663431724739363,0.9495340543808524,0.3858369931466868,0.0138551353269634,within,0.004285033101202,0.0029952309332944,0.0389655172413793,0.0091747600319777,0.0138551353269634
fish12,15.28,3731,186.55,20.0,20.0,18.77968457779337,1.4920490710698964,32.07148021896006,19.302450980392155,39.15174816254211,559,2431,433.84843637846006,259.76444003634987,704.7928764148099,18.82326492608762,1.4930370555204504,19.4838523644752,39.24059057235718,0.0858394328027785,0.9583111619211174,0.4663431724739363,0.9495340543808524,0.3858369931466868,0.0147759715356126,within,0.0045602839432927,0.0029952309332944,0.0399999999999998,0.0115483712658637,0.0147759715356126
fish12,15.28,3732,186.6,20.0,20.0,18.77968457779337,1.4920490710698964,32.07148021896006,19.302450980392155,39.15174816254211,565,2486,433.7680587650817,259.63350253634985,704.7015613014315,18.82326492608762,1.4930370555204504,19.4838523644752,39.24059057235718,0.0858394328027785,0.9583111619211174,0.4663431724739363,0.9495340543808524,0.3858369931466868,0.0132279313925868,within,0.0045602839432927,0.0029952309332944,0.0355172413793103,0.0098389693144502,0.0132279313925869
fish12,15.28,3733,186.65,20.0,20.0,18.77968457779337,1.4920490710698964,32.07148021896006,19.302450980392155,39.15174816254211,566,2486,433.7266177743229,259.63457349470985,704.6811912690329,18.82326492608762,1.4930370555204504,19.4838523644752,39.24059057235718,0.0858394328027785,0.9583111619211174,0.4663431724739363,0.9495340543808524,0.3858369931466868,0.0132279313925868,within,0.0045602839432927,0.0029952309332944,0.0355172413793103,0.0098389693144502,0.0132279313925869
fish12,15.28,3736,186.8,20.0,20.0,18.77968457779337,1.4920490710698964,32.07148021896006,19.302450980392155,39.15174816254211,561,2441,433.7322774778578,259.6259114201864,704.5781888980441,18.82326492608762,1.4930370555204504,19.4838523644752,39.24059057235718,0.0439533775096094,0.9583111619211174,0.4663431724739363,0.9495340543808524,0.3858369931466868,0.0139955327718938,within,0.0023350559896064,0.0331823469820666,0.0162068965517239,0.0042578315641782,0.0139955327718938
fish12,15.28,3737,186.85,20.0,20.0,18.77968457779337,1.4920490710698964,32.07148021896006,19.302450980392155,39.15174816254211,562,2442,433.7350118528578,259.54499671723045,704.5200085700883,18.82326492608762,1.4930370555204504,19.4838523644752,39.24059057235718,0.0439533775096094,0.9583111619211174,0.4663431724739363,0.9495340543808524,0.3858369931466868,0.0139955327718938,within,0.0023350559896064,0.0331823469820666,0.0162068965517239,0.0042578315641782,0.0139955327718938
fish12,15.28,3738,186.9,20.0,20.0,18.77968457779337,1.4920490710698964,32.07148021896006,19.302450980392155,39.15174816254211,563,2442,433.7308104639689,259.5468554422589,704.5376659062279,18.82326492608762,1.4930370555204504,19.4838523644752,39.24059057235718,0.0439533775096094,0.9583111619211174,0.4663431724739363,0.9495340543808524,0.3858369931466868,0.0139955327718938,within,0.0023350559896064,0.0331823469820666,0.0162068965517239,0.0042578315641782,0.0139955327718938
fish12,15.28,3739,186.95,20.0,20.0,18.77968457779337,1.4920490710698964,32.07148021896006,19.302450980392155,39.15174816254211,563,2442,433.7281281723023,259.5483202900781,704.5364484623803,18.82326492608762,1.4930370555204504,19.4838523644752,39.24059057235718,0.0439533775096094,0.9583111619211174,0.4663431724739363,0.9495340543808524,0.3858369931466868,0.0139955327718938,within,0.0023350559896064,0.0331823469820666,0.0162068965517239,0.0042578315641782,0.0139955327718938
fish12,15.28,3740,187.0,20.0,20.0,18.77968457779337,1.4920490710698964,32.07148021896006,19.302450980392155,39.15174816254211,562,2434,433.69948233896895,259.552086567084,704.491568906053,18.82326492608762,1.4930370555204504,19.4838523644752,39.24059057235718,0.0439533775096094,0.9583111619211174,0.4663431724739363,0.9495340543808524,0.3858369931466868,0.0139955327718938,within,0.0023350559896064,0.0331823469820666,0.0162068965517239,0.0042578315641782,0.0139955327718938
fish12,15.28,3741,187.05,20.0,20.0,18.77968457779337,1.4920490710698964,32.07148021896006,19.302450980392155,39.15174816254211,562,2434,433.69614032508,259.55547849416735,704.4916188192474,18.82326492608762,1.4930370555204504,19.4838523644752,39.24059057235718,0.0439533775096094,0.9583111619211174,0.4663431724739363,0.9495340543808524,0.3858369931466868,0.0139955327718938,within,0.0023350559896064,0.0331823469820666,0.0162068965517239,0.0042578315641782,0.0139955327718938
fish12,15.28,3742,187.1,20.0,20.0,18.77968457779337,1.4920490710698964,32.07148021896006,19.302450980392155,39.15174816254211,562,2434,433.69614032508,259.55674149957235,704.4928818246524,18.82326492608762,1.4930370555204504,19.4838523644752,39.24059057235718,0.0439533775096094,0.9583111619211174,0.4663431724739363,0.9495340543808524,0.3858369931466868,0.0139955327718938,within,0.0023350559896064,0.0331823469820666,0.0162068965517239,0.0042578315641782,0.0139955327718938
fish12,15.28,3743,187.15,20.0,20.0,18.77968457779337,1.4920490710698964,32.07148021896006,19.302450980392155,39.15174816254211,562,2383,433.6890656723023,259.5581998329057,704.4872655052079,18.82326492608762,1.4930370555204504,19.4838523644752,39.24059057235718,0.0439533775096094,0.9583111619211174,0.4663431724739363,0.9495340543808524,0.3858369931466868,0.0139955327718938,within,0.0023350559896064,0.0331823469820666,0.0162068965517239,0.0042578315641782,0.0139955327718938
fish12,15.28,3744,187.2,20.0,20.0,18.77968457779337,1.4920490710698964,32.07148021896006,19.302450980392155,39.15174816254211,562,2383,433.6712618528578,259.5594954058224,704.4707572586801,18.82326492608762,1.4930370555204504,19.4838523644752,39.24059057235718,0.0439533775096094,0.9583111619211174,0.4663431724739363,0.9495340543808524,0.3858369931466868,0.0139955327718938,within,0.0023350559896064,0.0331823469820666,0.0162068965517239,0.0042578315641782,0.0139955327718938
fish12,15.28,3745,187.25,20.0,20.0,18.77968457779337,1.4920490710698964,32.07148021896006,19.302450980392155,39.15174816254211,563,2383,433.6803330334134,259.559228478739,704.4995615121524,18.82326492608762,1.4930370555204504,19.4838523644752,39.24059057235718,0.0439533775096094,0.9583111619211174,0.4663431724739363,0.9495340543808524,0.3858369931466868,0.0139955327718938,within,0.0023350559896064,0.0331823469820666,0.0162068965517239,0.0042578315641782,0.0139955327718938
fish12,15.28,3746,187.3,20.0,20.0,18.77968457779337,1.4920490710698964,32.07148021896006,19.302450980392155,39.15174816254211,563,2383,430.48712990841335,259.5599576454057,701.307087553819,18.82326492608762,1.4930370555204504,19.4838523644752,39.24059057235718,0.0439533775096094,0.9583111619211174,0.4663431724739363,0.9495340543808524,0.3858369931466868,0.0139955327718938,within,0.0023350559896064,0.0331823469820666,0.0162068965517239,0.0042578315641782,0.0139955327718938
fish12,15.28,3758,187.9,20.0,20.0,18.77968457779337,1.4920490710698964,32.07148021896006,19.302450980392155,39.15174816254211,581,1579,432.527355817159,261.1061620497704,705.2535178669294,18.82326492608762,1.4930370555204504,19.4838523644752,39.24059057235718,0.0806583132809812,0.9583111619211174,0.4663431724739363,0.9495340543808524,0.3858369931466868,0.0052135935722177,within,0.004285033101202,0.0046137518466568,0.0093103448275862,0.0026452445134259,0.0052135935722177
fish12,15.28,3759,187.95,20.0,20.0,18.77968457779337,1.4920490710698964,32.07148021896006,19.302450980392155,39.15174816254211,580,1579,432.53680026160345,261.1060448622704,705.2428451238738,18.82326492608762,1.4930370555204504,19.4838523644752,39.24059057235718,0.0806583132809812,0.9583111619211174,0.4663431724739363,0.9495340543808524,0.3858369931466868,0.0052135935722177,within,0.004285033101202,0.0046137518466568,0.0093103448275862,0.0026452445134259,0.0052135935722177
fish12,15.28,3760,188.0,20.0,20.0,18.77968457779337,1.4920490710698964,32.07148021896006,19.302450980392155,39.15174816254211,576,1579,432.5382629267186,261.1060448622704,705.1643077889889,18.82326492608762,1.4930370555204504,19.4838523644752,39.24059057235718,0.0806583132809812,0.9583111619211174,0.4663431724739363,0.9495340543808524,0.3858369931466868,0.0052135935722177,within,0.004285033101202,0.0046137518466568,0.0093103448275862,0.0026452445134259,0.0052135935722177
fish12,15.28,3761,188.05,20.0,20.0,18.77968457779337,1.4920490710698964,32.07148021896006,19.302450980392155,39.15174816254211,577,1579,432.51043306560746,261.10285475810366,705.153287823711,18.82326492608762,1.4930370555204504,19.4838523644752,39.24059057235718,0.0806583132809812,0.9583111619211174,0.4663431724739363,0.9495340543808524,0.3858369931466868,0.0052135935722177,within,0.004285033101202,0.0046137518466568,0.0093103448275862,0.0026452445134259,0.0052135935722177
fish12,15.28,3762,188.1,20.0,20.0,18.77968457779337,1.4920490710698964,32.07148021896006,19.302450980392155,39.15174816254211,577,1579,432.4991353140184,261.10273757060367,705.141872884622,18.82326492608762,1.4930370555204504,19.4838523644752,39.24059057235718,0.0806583132809812,0.9583111619211174,0.4663431724739363,0.9495340543808524,0.3858369931466868,0.0052135935722177,within,0.004285033101202,0.0046137518466568,0.0093103448275862,0.0026452445134259,0.0052135935722177
fish12,15.28,3763,188.15,20.0,20.0,18.77968457779337,1.4920490710698964,32.07148021896006,19.302450980392155,39.15174816254211,575,1579,432.519473855685,261.10273757060367,705.1222114262887,18.82326492608762,1.4930370555204504,19.4838523644752,39.24059057235718,0.0806583132809812,0.9583111619211174,0.4663431724739363,0.9495340543808524,0.3858369931466868,0.0052135935722177,within,0.004285033101202,0.0046137518466568,0.0093103448275862,0.0026452445134259,0.0052135935722177
fish12,15.28,3764,188.2,20.0,20.0,18.77968457779337,1.4920490710698964,32.07148021896006,19.302450980392155,39.15174816254211,576,1579,432.5326248973517,261.10290033102035,705.155525228372,18.82326492608762,1.4930370555204504,19.4838523644752,39.24059057235718,0.0806583132809812,0.9583111619211174,0.4663431724739363,0.9495340543808524,0.3858369931466868,0.0052135935722177,within,0.004285033101202,0.0046137518466568,0.0093103448275862,0.0026452445134259,0.0052135935722177
fish12,15.28,3765,188.25,20.0,20.0,18.77968457779337,1.4920490710698964,32.07148021896006,19.302450980392155,39.15174816254211,579,1579,432.5428809992284,261.105309185187,705.2281901844154,18.82326492608762,1.4930370555204504,19.4838523644752,39.24059057235718,0.0754757699835444,0.9583111619211174,0.4663431724739363,0.9495340543808524,0.3858369931466868,0.0042248301338975,within,0.0040097066199677,0.0046137518466568,0.0082758620689653,0.0,0.0042248301338975
fish12,15.28,3766,188.3,20.0,20.0,18.77968457779337,1.4920490710698964,32.07148021896006,19.302450980392155,39.15174816254211,577,1579,432.56891398533946,258.74065423727035,702.8495682226098,18.82326492608762,1.4930370555204504,19.4838523644752,39.24059057235718,0.0754757699835444,0.9583111619211174,0.4663431724739363,0.9495340543808524,0.3858369931466868,0.0064579693839108,within,0.0040097066199677,0.0046137518466568,0.0137931034482757,0.0034153156207425,0.0064579693839107
fish12,15.28,3767,188.35,20.0,20.0,18.77968457779337,1.4920490710698964,32.07148021896006,19.302450980392155,39.15174816254211,578,1579,435.0091917799208,258.7527636122704,705.3219553921911,18.82326492608762,1.4930370555204504,19.4838523644752,39.24059057235718,0.0754757699835444,0.9583111619211174,0.4663431724739363,0.9495340543808524,0.3858369931466868,0.0042248301338975,within,0.0040097066199677,0.0046137518466568,0.0082758620689653,0.0,0.0042248301338975
fish12,15.28,3768,188.4,20.0,20.0,18.77968457779337,1.4920490710698964,32.07148021896006,19.302450980392155,39.15174816254211,578,1579,434.9934018493653,258.7402766331037,705.293678482469,18.82326492608762,1.4930370555204504,19.4838523644752,39.24059057235718,0.0754757699835444,0.9583111619211174,0.4663431724739363,0.9495340543808524,0.3858369931466868,0.0042248301338975,within,0.0040097066199677,0.0046137518466568,0.0082758620689653,0.0,0.0042248301338975
fish12,15.28,3769,188.45,20.0,20.0,18.77968457779337,1.4920490710698964,32.07148021896006,19.302450980392155,39.15174816254211,579,1579,434.9781067104764,258.7402766331037,705.2983833435801,18.82326492608762,1.4930370555204504,19.4838523644752,39.24059057235718,0.0754757699835444,0.9583111619211174,0.4663431724739363,0.9495340543808524,0.3858369931466868,0.0042248301338975,within,0.0040097066199677,0.0046137518466568,0.0082758620689653,0.0,0.0042248301338975
fish12,15.28,3770,188.5,20.0,20.0,18.77968457779337,1.4920490710698964,32.07148021896006,19.302450980392155,39.15174816254211,580,1579,434.98065877700606,258.740250591437,705.320909368443,18.82326492608762,1.4930370555204504,19.4838523644752,39.24059057235718,0.0754757699835444,0.9583111619211174,0.4663431724739363,0.9495340543808524,0.3858369931466868,0.0042248301338975,within,0.0040097066199677,0.0046137518466568,0.0082758620689653,0.0,0.0042248301338975
fish12,15.28,3771,188.55,20.0,20.0,18.77968457779337,1.4920490710698964,32.07148021896006,19.302450980392155,39.15174816254211,573,1579,435.0203462770061,258.740172466437,705.2205187434431,18.82326492608762,1.4930370555204504,19.4838523644752,39.24059057235718,0.0754757699835444,0.9583111619211174,0.4663431724739363,0.9495340543808524,0.3858369931466868,0.0042248301338975,within,0.0040097066199677,0.0046137518466568,0.0082758620689653,0.0,0.0042248301338975
fish12,15.28,3772,188.6,20.0,20.0,18.77968457779337,1.4920490710698964,32.07148021896006,19.302450980392155,39.15174816254211,575,1579,434.9732325190603,258.74071283102035,705.2139453500806,18.82326492608762,1.4930370555204504,19.4838523644752,39.24059057235718,0.0754757699835444,0.9583111619211174,0.4663431724739363,0.9495340543808524,0.3858369931466868,0.0119639434903186,within,0.0040097066199677,0.0046137518466568,0.0351724137931035,0.0040599017015458,0.0119639434903185
fish12,15.28,3773,188.65,20.0,20.0,18.77968457779337,1.4920490710698964,32.07148021896006,19.302450980392155,39.15174816254211,586,1579,434.9546344201359,258.74071283102035,705.4153472511563,18.82326492608762,1.4930370555204504,19.4838523644752,39.24059057235718,0.0422078285858162,0.9583111619211174,0.4663431724739363,0.9495340543808524,0.3858369931466868,0.005617275212382,within,0.0022423224000486,0.0028899459144076,0.0151724137931034,0.0021644187419686,0.005617275212382
fish12,15.28,3774,188.7,20.0,20.0,18.77968457779337,1.4920490710698964,32.07148021896006,19.302450980392155,39.15174816254211,589,1579,434.9918392812471,258.740738872687,705.5125781539341,18.82326492608762,1.4930370555204504,19.4838523644752,39.24059057235718,0.0422078285858162,0.9583111619211174,0.4663431724739363,0.9495340543808524,0.3858369931466868,0.0057004392826249,within,0.0022423224000486,0.0028899459144076,0.0155172413793103,0.0021522474367332,0.0057004392826249
fish12,15.28,3775,188.75,20.0,20.0,18.77968457779337,1.4920490710698964,32.07148021896006,19.302450980392155,39.15174816254211,589,1579,434.98123164235807,258.740738872687,705.5019705150451,18.82326492608762,1.4930370555204504,19.4838523644752,39.24059057235718,0.0422078285858162,0.9583111619211174,0.4663431724739363,0.9495340543808524,0.3858369931466868,0.0057004392826249,within,0.0022423224000486,0.0028899459144076,0.0155172413793103,0.0021522474367332,0.0057004392826249
fish12,15.28,3776,188.8,20.0,20.0,18.77968457779337,1.4920490710698964,32.07148021896006,19.302450980392155,39.15174816254211,578,1579,434.96417000172926,258.7406932997703,705.2648633014995,18.82326492608762,1.4930370555204504,19.4838523644752,39.24059057235718,0.0435803482942525,0.9583111619211174,0.4663431724739363,0.9495340543808524,0.3858369931466868,0.0024309422049385,within,0.0023152385340894,0.0006617280173328,0.0044827586206897,0.0022640436476419,0.0024309422049385
fish12,15.28,3777,188.85,20.0,20.0,18.77968457779337,1.4920490710698964,32.07148021896006,19.302450980392155,39.15174816254211,580,1579,434.9216439600626,258.7535774143537,705.2752213744163,18.82326492608762,1.4930370555204504,19.4838523644752,39.24059057235718,0.0435803482942525,0.9583111619211174,0.4663431724739363,0.9495340543808524,0.3858369931466868,0.0024309422049385,within,0.0023152385340894,0.0006617280173328,0.0044827586206897,0.0022640436476419,0.0024309422049385
fish12,15.28,3778,188.9,20.0,20.0,18.77968457779337,1.4920490710698964,32.07148021896006,19.302450980392155,39.15174816254211,580,1579,434.9439095850626,258.7535774143537,705.2974869994164,18.82326492608762,1.4930370555204504,19.4838523644752,39.24059057235718,0.0435803482942525,0.9583111619211174,0.4663431724739363,0.9495340543808524,0.3858369931466868,0.0024309422049385,within,0.0023152385340894,0.0006617280173328,0.0044827586206897,0.0022640436476419,0.0024309422049385
fish12,15.28,3779,188.95,20.0,20.0,18.77968457779337,1.4920490710698964,32.07148021896006,19.302450980392155,39.15174816254211,582,1579,434.97285055728486,258.7543196018537,705.3671701591385,18.82326492608762,1.4930370555204504,19.4838523644752,39.24059057235718,0.0435803482942525,0.9583111619211174,0.4663431724739363,0.9495340543808524,0.3858369931466868,0.0021280647438123,within,0.0023152385340894,0.0006617280173328,0.0034482758620688,0.0020870165617583,0.0021280647438123
fish12,15.28,3780,189.0,20.0,20.0,18.77968457779337,1.4920490710698964,32.07148021896006,19.302450980392155,39.15174816254211,583,1579,435.0051422239516,258.7543196018537,705.4194618258053,18.82326492608762,1.4930370555204504,19.4838523644752,39.24059057235718,0.0435803482942525,0.9583111619211174,0.4663431724739363,0.9495340543808524,0.3858369931466868,0.0021280647438123,within,0.0023152385340894,0.0006617280173328,0.0034482758620688,0.0020870165617583,0.0021280647438123
fish12,15.28,3781,189.05,20.0,20.0,18.77968457779337,1.4920490710698964,32.07148021896006,19.302450980392155,39.15174816254211,592,1579,434.9301031701359,258.75456699768705,705.524670167823,18.82326492608762,1.4930370555204504,19.4838523644752,39.24059057235718,0.0435803482942525,0.9583111619211174,0.4663431724739363,0.9495340543808524,0.3858369931466868,0.001638625760324,within,0.0023152385340894,0.0006617280173328,0.0017241379310346,0.0018533985588394,0.001638625760324
fish12,15.28,3782,189.1,20.0,20.0,18.77968457779337,1.4920490710698964,32.07148021896006,19.302450980392155,39.15174816254211,592,1579,434.8978288645804,258.75454746643703,705.4923763310175,18.82326492608762,1.4930370555204504,19.4838523644752,39.24059057235718,0.0435803482942525,0.9583111619211174,0.4663431724739363,0.9495340543808524,0.3858369931466868,0.001638625760324,within,0.0023152385340894,0.0006617280173328,0.0017241379310346,0.0018533985588394,0.001638625760324
fish12,15.28,3783,189.15,20.0,20.0,18.77968457779337,1.4920490710698964,32.07148021896006,19.302450980392155,39.15174816254211,592,1579,434.9398948540582,258.75454746643703,705.5344423204953,18.82326492608762,1.4930370555204504,19.4838523644752,39.24059057235718,0.0435803482942525,0.9583111619211174,0.4663431724739363,0.9495340543808524,0.3858369931466868,0.001638625760324,within,0.0023152385340894,0.0006617280173328,0.0017241379310346,0.0018533985588394,0.001638625760324
fish12,15.28,3784,189.2,20.0,20.0,18.77968457779337,1.4920490710698964,32.07148021896006,19.302450980392155,39.15174816254211,592,1579,434.9215441596137,258.75373366435366,705.5152778239674,18.82326492608762,1.4930370555204504,19.4838523644752,39.24059057235718,0.0435803482942525,0.9583111619211174,0.4663431724739363,0.9495340543808524,0.3858369931466868,0.001638625760324,within,0.0023152385340894,0.0006617280173328,0.0017241379310346,0.0018533985588394,0.001638625760324
fish12,15.28,3785,189.25,20.0,20.0,18.77968457779337,1.4920490710698964,32.07148021896006,19.302450980392155,39.15174816254211,595,1579,434.9280458957248,258.753434185187,705.5814800809118,18.82326492608762,1.4930370555204504,19.4838523644752,39.24059057235718,0.0435803482942525,0.9583111619211174,0.4663431724739363,0.9495340543808524,0.3858369931466868,0.0013696290464136,within,0.0023152385340894,0.0006617280173328,0.0006896551724139,0.0018118944618186,0.0013696290464137
fish12,15.28,3786,189.3,20.0,20.0,18.77968457779337,1.4920490710698964,32.07148021896006,19.302450980392155,39.15174816254211,591,1579,433.5451465901692,258.753863872687,704.1190104628563,18.82326492608762,1.4930370555204504,19.4838523644752,39.24059057235718,0.0435803482942525,0.9583111619211174,0.4663431724739363,0.9495340543808524,0.3858369931466868,0.0013696290464136,within,0.0023152385340894,0.0006617280173328,0.0006896551724139,0.0018118944618186,0.0013696290464137
fish12,15.28,3787,189.35,20.0,20.0,18.77968457779337,1.4920490710698964,32.07148021896006,19.302450980392155,39.15174816254211,591,1579,433.8558236735025,260.50132481018704,706.1771484836896,18.82326492608762,1.4930370555204504,19.4838523644752,39.24059057235718,0.0435803482942525,0.9583111619211174,0.4663431724739363,0.9495340543808524,0.3858369931466868,0.0013696290464136,within,0.0023152385340894,0.0006617280173328,0.0006896551724139,0.0018118944618186,0.0013696290464137
fish12,15.28,3788,189.4,20.0,20.0,18.77968457779337,1.4920490710698964,32.07148021896006,19.302450980392155,39.15174816254211,591,1579,433.8767915468381,260.506617778937,706.2034093257752,18.82326492608762,1.4930370555204504,19.4838523644752,39.24059057235718,0.0435803482942525,0.9583111619211174,0.4663431724739363,0.9495340543808524,0.3858369931466868,0.0013696290464136,within,0.0023152385340894,0.0006617280173328,0.0006896551724139,0.0018118944618186,0.0013696290464137
fish12,15.28,3789,189.45,20.0,20.0,18.77968457779337,1.4920490710698964,32.07148021896006,19.302450980392155,39.15174816254211,591,1579,433.861947796838,260.50687168518704,706.1888194820251,18.82326492608762,1.4930370555204504,19.4838523644752,39.24059057235718,0.0435803482942525,0.9583111619211174,0.4663431724739363,0.9495340543808524,0.3858369931466868,0.0013696290464136,within,0.0023152385340894,0.0006617280173328,0.0006896551724139,0.0018118944618186,0.0013696290464137
fish12,15.28,3790,189.5,20.0,20.0,18.77968457779337,1.4920490710698964,32.07148021896006,19.302450980392155,39.15174816254211,591,1579,433.8789225971741,260.5069042372704,706.2058268344445,18.82326492608762,1.4930370555204504,19.4838523644752,39.24059057235718,0.0435803482942525,0.9583111619211174,0.4663431724739363,0.9495340543808524,0.3858369931466868,0.0013696290464136,within,0.0023152385340894,0.0006617280173328,0.0006896551724139,0.0018118944618186,0.0013696290464137
fish12,15.28,3791,189.55,20.0,20.0,18.77968457779337,1.4920490710698964,32.07148021896006,19.302450980392155,39.15174816254211,591,1579,433.8786708610629,260.5063899143537,706.2050607754167,18.82326492608762,1.4930370555204504,19.4838523644752,39.24059057235718,0.0435803482942525,0.9583111619211174,0.4663431724739363,0.9495340543808524,0.3858369931466868,0.0013696290464136,within,0.0023152385340894,0.0006617280173328,0.0006896551724139,0.0018118944618186,0.0013696290464137
fish12,15.28,3792,189.6,20.0,20.0,18.77968457779337,1.4920490710698964,32.07148021896006,19.302450980392155,39.15174816254211,589,1579,433.8851074666153,260.5063508518537,706.1714583184689,18.82326492608762,1.4930370555204504,19.4838523644752,39.24059057235718,0.0435803482942525,0.9583111619211174,0.4663431724739363,0.9495340543808524,0.3858369931466868,0.002801272670654,within,0.0023152385340894,0.0006617280173328,0.0037931034482758,0.004435020682918,0.002801272670654
fish12,15.28,3793,189.65,20.0,20.0,18.77968457779337,1.4920490710698964,32.07148021896006,19.302450980392155,39.15174816254211,589,1579,433.88906579994864,260.5063508518537,706.1754166518024,18.82326492608762,1.4930370555204504,19.4838523644752,39.24059057235718,0.0435803482942525,0.9583111619211174,0.4663431724739363,0.9495340543808524,0.3858369931466868,0.002801272670654,within,0.0023152385340894,0.0006617280173328,0.0037931034482758,0.004435020682918,0.002801272670654
fish12,15.28,3794,189.7,20.0,20.0,18.77968457779337,1.4920490710698964,32.07148021896006,19.302450980392155,39.15174816254211,589,1579,433.8626682305042,260.5064159560204,706.1490841865245,18.82326492608762,1.4930370555204504,19.4838523644752,39.24059057235718,0.0435803482942525,0.9583111619211174,0.4663431724739363,0.9495340543808524,0.3858369931466868,0.002801272670654,within,0.0023152385340894,0.0006617280173328,0.0037931034482758,0.004435020682918,0.002801272670654
fish12,15.28,3795,189.75,20.0,20.0,18.77968457779337,1.4920490710698964,32.07148021896006,19.302450980392155,39.15174816254211,587,1579,433.847789758282,260.50749668518705,706.095286443469,18.82326492608762,1.4930370555204504,19.4838523644752,39.24059057235718,0.0435803482942525,0.9583111619211174,0.4663431724739363,0.9495340543808524,0.3858369931466868,0.002801272670654,within,0.0023152385340894,0.0006617280173328,0.0037931034482758,0.004435020682918,0.002801272670654
fish12,15.28,3796,189.8,20.0,20.0,18.77968457779337,1.4920490710698964,32.07148021896006,19.302450980392155,39.15174816254211,587,1579,433.847789758282,260.507340435187,706.095130193469,18.82326492608762,1.4930370555204504,19.4838523644752,39.24059057235718,0.0435803482942525,0.9583111619211174,0.4663431724739363,0.9495340543808524,0.3858369931466868,0.002801272670654,within,0.0023152385340894,0.0006617280173328,0.0037931034482758,0.004435020682918,0.002801272670654
fish12,15.28,3797,189.85,20.0,20.0,18.77968457779337,1.4920490710698964,32.07148021896006,19.302450980392155,39.15174816254211,563,1517,434.92535035669766,258.35315750016105,704.5385078568587,18.82326492608762,1.4930370555204504,19.4838523644752,39.24059057235718,0.0826530229402422,0.9583111619211174,0.4663431724739363,0.9495340543808524,0.3858369931466868,0.0079502693693342,within,0.0043910035408199,0.0,0.0234482758620687,0.003961798074448,0.0079502693693342
fish12,15.28,3798,189.9,20.0,20.0,18.77968457779337,1.4920490710698964,32.07148021896006,19.302450980392155,39.15174816254211,563,1517,435.01727744003097,260.17690098974435,706.4541784297753,18.82326492608762,1.4930370555204504,19.4838523644752,39.24059057235718,0.0826530229402422,0.9583111619211174,0.4663431724739363,0.9495340543808524,0.3858369931466868,0.0079502693693342,within,0.0043910035408199,0.0,0.0234482758620687,0.003961798074448,0.0079502693693342
fish12,15.28,3799,189.95,20.0,20.0,18.77968457779337,1.4920490710698964,32.07148021896006,19.302450980392155,39.15174816254211,563,1517,434.976261815031,260.31561843766104,706.5518802526921,18.82326492608762,1.4930370555204504,19.4838523644752,39.24059057235718,0.0826530229402422,0.9583111619211174,0.4663431724739363,0.9495340543808524,0.3858369931466868,0.0079502693693342,within,0.0043910035408199,0.0,0.0234482758620687,0.003961798074448,0.0079502693693342
fish12,15.28,3800,190.0,20.0,20.0,18.77968457779337,1.4920490710698964,32.07148021896006,19.302450980392155,39.15174816254211,564,1517,434.9353069539199,260.2878970834944,706.5032040374142,18.82326492608762,1.4930370555204504,19.4838523644752,39.24059057235718,0.0776114334302882,0.9583111619211174,0.4663431724739363,0.9495340543808524,0.3858369931466868,0.0071357917929115,within,0.0041231653347621,0.0,0.0231034482758618,0.0013165535610221,0.0071357917929115
fish12,15.28,3801,190.05,20.0,20.0,18.77968457779337,1.4920490710698964,32.07148021896006,19.302450980392155,39.15174816254211,564,1517,434.9141871622532,260.2878970834944,706.4820842457475,18.82326492608762,1.4930370555204504,19.4838523644752,39.24059057235718,0.0776114334302882,0.9583111619211174,0.4663431724739363,0.9495340543808524,0.3858369931466868,0.0071357917929115,within,0.0041231653347621,0.0,0.0231034482758618,0.0013165535610221,0.0071357917929115
fish12,15.28,3802,190.1,20.0,20.0,18.77968457779337,1.4920490710698964,32.07148021896006,19.302450980392155,39.15174816254211,564,1517,434.9141871622532,260.2878970834944,706.4820842457475,18.82326492608762,1.4930370555204504,19.4838523644752,39.24059057235718,0.0776114334302882,0.9583111619211174,0.4663431724739363,0.9495340543808524,0.3858369931466868,0.0071357917929115,within,0.0041231653347621,0.0,0.0231034482758618,0.0013165535610221,0.0071357917929115
fish12,15.28,3803,190.15,20.0,20.0,18.77968457779337,1.4920490710698964,32.07148021896006,19.302450980392155,39.15174816254211,564,1517,434.92626181503095,260.2877017709944,706.4939635860253,18.82326492608762,1.4930370555204504,19.4838523644752,39.24059057235718,0.0776114334302882,0.9583111619211174,0.4663431724739363,0.9495340543808524,0.3858369931466868,0.0071357917929115,within,0.0041231653347621,0.0,0.0231034482758618,0.0013165535610221,0.0071357917929115
fish12,15.28,3804,190.2,20.0,20.0,18.77968457779337,1.4920490710698964,32.07148021896006,19.302450980392155,39.15174816254211,561,1517,434.9424944539199,260.2877017709944,706.4501962249143,18.82326492608762,1.4930370555204504,19.4838523644752,39.24059057235718,0.0776114334302882,0.9583111619211174,0.4663431724739363,0.9495340543808524,0.3858369931466868,0.0071357917929115,within,0.0041231653347621,0.0,0.0231034482758618,0.0013165535610221,0.0071357917929115
fish12,15.28,3805,190.25,20.0,20.0,18.77968457779337,1.4920490710698964,32.07148021896006,19.302450980392155,39.15174816254211,582,1517,434.8967392645753,259.59645828141106,706.1331975459863,18.82326492608762,1.4930370555204504,19.4838523644752,39.24059057235718,0.0376602892198754,0.9583111619211174,0.4663431724739363,0.9495340543808524,0.3858369931466868,0.0117074968613339,within,0.0020007309766798,0.0037772529215203,0.0348275862068966,0.006224417340239,0.0117074968613339
fish12,15.28,3806,190.3,20.0,20.0,18.77968457779337,1.4920490710698964,32.07148021896006,19.302450980392155,39.15174816254211,583,1517,434.8964788479086,259.59656895849434,706.1530478064029,18.82326492608762,1.4930370555204504,19.4838523644752,39.24059057235718,0.0376602892198754,0.9583111619211174,0.4663431724739363,0.9495340543808524,0.3858369931466868,0.0124184347930435,within,0.0020007309766798,0.0037772529215203,0.0368965517241378,0.0069992035498359,0.0124184347930435
fish12,15.28,3807,190.35,20.0,20.0,18.77968457779337,1.4920490710698964,32.07148021896006,19.302450980392155,39.15174816254211,583,1517,428.02035905624194,259.59656895849434,699.2769280147362,18.82326492608762,1.4930370555204504,19.4838523644752,39.24059057235718,0.0376602892198754,0.9583111619211174,0.4663431724739363,0.9495340543808524,0.3858369931466868,0.0124184347930435,within,0.0020007309766798,0.0037772529215203,0.0368965517241378,0.0069992035498359,0.0124184347930435
fish12,15.28,3808,190.4,20.0,20.0,18.77968457779337,1.4920490710698964,32.07148021896006,19.302450980392155,39.15174816254211,583,1517,428.0435187784642,259.5964127084944,699.2999314869586,18.82326492608762,1.4930370555204504,19.4838523644752,39.24059057235718,0.0376602892198754,0.9583111619211174,0.4663431724739363,0.9495340543808524,0.3858369931466868,0.0124184347930435,within,0.0020007309766798,0.0037772529215203,0.0368965517241378,0.0069992035498359,0.0124184347930435
fish12,15.28,3809,190.45,20.0,20.0,18.77968457779337,1.4920490710698964,32.07148021896006,19.302450980392155,39.15174816254211,589,1517,428.0406194729087,259.5962173959944,699.4168368689029,18.82326492608762,1.4930370555204504,19.4838523644752,39.24059057235718,0.0376602892198754,0.9583111619211174,0.4663431724739363,0.9495340543808524,0.3858369931466868,0.0130515606175664,within,0.0020007309766798,0.0037772529215203,0.0389655172413793,0.0074627413306861,0.0130515606175664
fish12,15.28,3810,190.5,20.0,20.0,18.77968457779337,1.4920490710698964,32.07148021896006,19.302450980392155,39.15174816254211,598,1517,428.0420474148221,259.5962173959944,699.5982648108164,18.82326492608762,1.4930370555204504,19.4838523644752,39.24059057235718,0.1342848224287109,0.9583111619211174,0.4663431724739363,0.9495340543808524,0.3858369931466868,0.0170165067433645,within,0.0071339814296827,0.0037772529215203,0.0455172413793103,0.0116375512429445,0.0170165067433644
fish12,15.28,3811,190.55,20.0,20.0,18.77968457779337,1.4920490710698964,32.07148021896006,19.302450980392155,39.15174816254211,582,1517,428.035780015432,259.5959244272444,699.2717044426764,18.82326492608762,1.4930370555204504,19.4838523644752,39.24059057235718,0.1342848224287109,0.9583111619211174,0.4663431724739363,0.9495340543808524,0.3858369931466868,0.0090963983122499,within,0.0071339814296827,0.0037772529215203,0.0179310344827585,0.0075433244150378,0.0090963983122498
fish12,15.28,3812,190.6,20.0,20.0,18.77968457779337,1.4920490710698964,32.07148021896006,19.302450980392155,39.15174816254211,582,1517,428.02911334876535,259.59589187516104,699.2650052239263,18.82326492608762,1.4930370555204504,19.4838523644752,39.24059057235718,0.1342848224287109,0.9583111619211174,0.4663431724739363,0.9495340543808524,0.3858369931466868,0.0090963983122499,within,0.0071339814296827,0.0037772529215203,0.0179310344827585,0.0075433244150378,0.0090963983122498
fish12,15.28,3813,190.65,20.0,20.0,18.77968457779337,1.4920490710698964,32.07148021896006,19.302450980392155,39.15174816254211,582,1517,428.008748765432,259.5963671355777,699.2451159010096,18.82326492608762,1.4930370555204504,19.4838523644752,39.24059057235718,0.1342848224287109,0.9583111619211174,0.4663431724739363,0.9495340543808524,0.3858369931466868,0.0090963983122499,within,0.0071339814296827,0.0037772529215203,0.0179310344827585,0.0075433244150378,0.0090963983122498
fish12,15.28,3814,190.7,20.0,20.0,18.77968457779337,1.4920490710698964,32.07148021896006,19.302450980392155,39.15174816254211,584,1517,427.986248765432,259.5967772918277,699.2630260572597,18.82326492608762,1.4930370555204504,19.4838523644752,39.24059057235718,0.1342848224287109,0.9583111619211174,0.4663431724739363,0.9495340543808524,0.3858369931466868,0.0104251777534526,within,0.0071339814296827,0.0037772529215203,0.0213793103448275,0.0094101663177796,0.0104251777534526
fish12,15.28,3815,190.75,20.0,20.0,18.77968457779337,1.4920490710698964,32.07148021896006,19.302450980392155,39.15174816254211,590,1517,427.9972774400311,259.5967772918277,699.3940547318588,18.82326492608762,1.4930370555204504,19.4838523644752,39.24059057235718,0.1330674942640612,0.9583111619211174,0.4663431724739363,0.9495340543808524,0.3858369931466868,0.0121164924616033,within,0.0070693099622497,0.0058621631212928,0.0251724137931035,0.0103620829697673,0.0121164924616033
fish12,15.28,3816,190.8,20.0,20.0,18.77968457779337,1.4920490710698964,32.07148021896006,19.302450980392155,39.15174816254211,590,1517,427.9972774400311,259.5973827605777,699.3946602006088,18.82326492608762,1.4930370555204504,19.4838523644752,39.24059057235718,0.1330674942640612,0.9583111619211174,0.4663431724739363,0.9495340543808524,0.3858369931466868,0.0121164924616033,within,0.0070693099622497,0.0058621631212928,0.0251724137931035,0.0103620829697673,0.0121164924616033
fish12,15.28,3817,190.85,20.0,20.0,18.77968457779337,1.4920490710698964,32.07148021896006,19.302450980392155,39.15174816254211,590,1517,427.98509862058665,259.5972460418277,699.3823446624143,18.82326492608762,1.4930370555204504,19.4838523644752,39.24059057235718,0.1330674942640612,0.9583111619211174,0.4663431724739363,0.9495340543808524,0.3858369931466868,0.0121164924616033,within,0.0070693099622497,0.0058621631212928,0.0251724137931035,0.0103620829697673,0.0121164924616033
fish12,15.28,3818,190.9,20.0,20.0,18.77968457779337,1.4920490710698964,32.07148021896006,19.302450980392155,39.15174816254211,598,1517,427.94929132892,259.59625645849434,699.5055477874143,18.82326492608762,1.4930370555204504,19.4838523644752,39.24059057235718,0.1389576540501771,0.9583111619211174,0.4663431724739363,0.9495340543808524,0.3858369931466868,0.0141510039480463,within,0.0073822290976522,0.0078943752229108,0.0293103448275865,0.0120170666440363,0.0141510039480464
fish12,15.28,3819,190.95,20.0,20.0,18.77968457779337,1.4920490710698964,32.07148021896006,19.302450980392155,39.15174816254211,585,1517,427.95837119003113,259.59625645849434,699.2546276485255,18.82326492608762,1.4930370555204504,19.4838523644752,39.24059057235718,0.1389576540501771,0.9583111619211174,0.4663431724739363,0.9495340543808524,0.3858369931466868,0.0141510039480463,within,0.0073822290976522,0.0078943752229108,0.0293103448275865,0.0120170666440363,0.0141510039480464
fish12,15.28,3820,191.0,20.0,20.0,18.77968457779337,1.4920490710698964,32.07148021896006,19.302450980392155,39.15174816254211,584,1517,427.9873902872533,259.59625645849434,699.2636467457477,18.82326492608762,1.4930370555204504,19.4838523644752,39.24059057235718,0.1389576540501771,0.9583111619211174,0.4663431724739363,0.9495340543808524,0.3858369931466868,0.0141510039480463,within,0.0073822290976522,0.0078943752229108,0.0293103448275865,0.0120170666440363,0.0141510039480464
fish12,15.28,3821,191.05,20.0,20.0,18.77968457779337,1.4920490710698964,32.07148021896006,19.302450980392155,39.15174816254211,582,1517,427.869295640432,259.59625645849434,699.1055520989263,18.82326492608762,1.4930370555204504,19.4838523644752,39.24059057235718,0.1389576540501771,0.9583111619211174,0.4663431724739363,0.9495340543808524,0.3858369931466868,0.0141510039480463,within,0.0073822290976522,0.0078943752229108,0.0293103448275865,0.0120170666440363,0.0141510039480464
fish12,15.28,3822,191.1,20.0,20.0,18.77968457779337,1.4920490710698964,32.07148021896006,19.302450980392155,39.15174816254211,582,1517,427.85462983215706,259.59625645849434,699.0908862906514,18.82326492608762,1.4930370555204504,19.4838523644752,39.24059057235718,0.1389576540501771,0.9583111619211174,0.4663431724739363,0.9495340543808524,0.3858369931466868,0.0141510039480463,within,0.0073822290976522,0.0078943752229108,0.0293103448275865,0.0120170666440363,0.0141510039480464
fish12,15.28,3823,191.15,20.0,20.0,18.77968457779337,1.4920490710698964,32.07148021896006,19.302450980392155,39.15174816254211,577,1517,427.86926524882375,259.59608718766106,699.0053524364848,18.82326492608762,1.4930370555204504,19.4838523644752,39.24059057235718,0.1389576540501771,0.9583111619211174,0.4663431724739363,0.9495340543808524,0.3858369931466868,0.0141510039480463,within,0.0073822290976522,0.0078943752229108,0.0293103448275865,0.0120170666440363,0.0141510039480464
fish12,15.28,3824,191.2,20.0,20.0,18.77968457779337,1.4920490710698964,32.07148021896006,19.302450980392155,39.15174816254211,579,1517,427.852034346046,259.5958983855777,699.0279327316238,18.82326492608762,1.4930370555204504,19.4838523644752,39.24059057235718,0.1389576540501771,0.9583111619211174,0.4663431724739363,0.9495340543808524,0.3858369931466868,0.0147411291594691,within,0.0073822290976522,0.0078943752229108,0.0313793103448279,0.0123086019724862,0.0147411291594693
fish12,15.28,3827,191.35,20.0,20.0,18.77968457779337,1.4920490710698964,32.07148021896006,19.302450980392155,39.15174816254211,594,1517,435.5454284432682,257.98322260432764,705.4086510475958,18.82326492608762,1.4930370555204504,19.4838523644752,39.24059057235718,0.1389576540501771,0.9583111619211174,0.4663431724739363,0.9495340543808524,0.3858369931466868,0.0147411291594691,within,0.0073822290976522,0.0078943752229108,0.0313793103448279,0.0123086019724862,0.0147411291594693
fish12,15.28,3828,191.4,20.0,20.0,18.77968457779337,1.4920490710698964,32.07148021896006,19.302450980392155,39.15174816254211,594,1517,435.53706038771264,257.9794791147443,705.3965395024569,18.82326492608762,1.4930370555204504,19.4838523644752,39.24059057235718,0.1389576540501771,0.9583111619211174,0.4663431724739363,0.9495340543808524,0.3858369931466868,0.0147411291594691,within,0.0073822290976522,0.0078943752229108,0.0313793103448279,0.0123086019724862,0.0147411291594693
fish12,15.28,3829,191.45,20.0,20.0,18.77968457779337,1.4920490710698964,32.07148021896006,19.302450980392155,39.15174816254211,599,1517,435.8871646117975,257.9794791147443,705.8466437265417,18.82326492608762,1.4930370555204504,19.4838523644752,39.24059057235718,0.3325227986579584,0.9583111619211174,0.4663431724739363,0.9495340543808524,0.3858369931466868,0.0169785523924865,within,0.0176655218934472,0.0078943752229108,0.0272413793103449,0.0151129331432432,0.0169785523924865
fish12,15.28,3830,191.5,20.0,20.0,18.77968457779337,1.4920490710698964,32.07148021896006,19.302450980392155,39.15174816254211,599,1517,435.86914377846415,257.93735671891096,705.7865004973751,18.82326492608762,1.4930370555204504,19.4838523644752,39.24059057235718,0.3325227986579584,0.9583111619211174,0.4663431724739363,0.9495340543808524,0.3858369931466868,0.0169785523924865,within,0.0176655218934472,0.0078943752229108,0.0272413793103449,0.0151129331432432,0.0169785523924865
fish12,15.28,3831,191.55,20.0,20.0,18.77968457779337,1.4920490710698964,32.07148021896006,19.302450980392155,39.15174816254211,598,1517,435.8626941256864,257.93765619807766,705.760350323764,18.82326492608762,1.4930370555204504,19.4838523644752,39.24059057235718,0.3325227986579584,0.9583111619211174,0.4663431724739363,0.9495340543808524,0.3858369931466868,0.0162676144607769,within,0.0176655218934472,0.0078943752229108,0.0251724137931035,0.0143381469336462,0.0162676144607769
fish12,15.28,3832,191.6,20.0,20.0,18.77968457779337,1.4920490710698964,32.07148021896006,19.302450980392155,39.15174816254211,602,1517,435.8485535006864,257.9375259897443,705.8260794904306,18.82326492608762,1.4930370555204504,19.4838523644752,39.24059057235718,0.3325227986579584,0.9583111619211174,0.4663431724739363,0.9495340543808524,0.3858369931466868,0.0172851416710572,within,0.0176655218934472,0.0078943752229108,0.0282758620689656,0.0153048074989054,0.0172851416710573
fish12,15.28,3833,191.65,20.0,20.0,18.77968457779337,1.4920490710698964,32.07148021896006,19.302450980392155,39.15174816254211,602,1517,435.85509863957526,257.9377961763912,705.8328948159665,18.82326492608762,1.4930370555204504,19.4838523644752,39.24059057235718,0.3325227986579584,0.9583111619211174,0.4663431724739363,0.9495340543808524,0.3858369931466868,0.0172851416710572,within,0.0176655218934472,0.0078943752229108,0.0282758620689656,0.0153048074989054,0.0172851416710573
fish12,15.28,3834,191.7,20.0,20.0,18.77968457779337,1.4920490710698964,32.07148021896006,19.302450980392155,39.15174816254211,602,1517,435.9620430840197,257.9377961763912,705.9398392604108,18.82326492608762,1.4930370555204504,19.4838523644752,39.24059057235718,0.3325227986579584,0.9583111619211174,0.4663431724739363,0.9495340543808524,0.3858369931466868,0.0172851416710572,within,0.0176655218934472,0.0078943752229108,0.0282758620689656,0.0153048074989054,0.0172851416710573
fish12,15.28,3835,191.75,20.0,20.0,18.77968457779337,1.4920490710698964,32.07148021896006,19.302450980392155,39.15174816254211,602,1517,435.98054134790857,257.9374641451412,705.9580054930498,18.82326492608762,1.4930370555204504,19.4838523644752,39.24059057235718,0.3325227986579584,0.9583111619211174,0.4663431724739363,0.9495340543808524,0.3858369931466868,0.0172851416710572,within,0.0176655218934472,0.0078943752229108,0.0282758620689656,0.0153048074989054,0.0172851416710573
fish12,15.28,3836,191.8,20.0,20.0,18.77968457779337,1.4920490710698964,32.07148021896006,19.302450980392155,39.15174816254211,602,1517,435.977720167353,257.9373274263912,705.9550475937442,18.82326492608762,1.4930370555204504,19.4838523644752,39.24059057235718,0.3325227986579584,0.9583111619211174,0.4663431724739363,0.9495340543808524,0.3858369931466868,0.0172851416710572,within,0.0176655218934472,0.0078943752229108,0.0282758620689656,0.0153048074989054,0.0172851416710573
fish12,15.28,3837,191.85,20.0,20.0,18.77968457779337,1.4920490710698964,32.07148021896006,19.302450980392155,39.15174816254211,602,1517,435.86138336179744,257.9374446138912,705.8388279756886,18.82326492608762,1.4930370555204504,19.4838523644752,39.24059057235718,0.3325227986579584,0.9583111619211174,0.4663431724739363,0.9495340543808524,0.3858369931466868,0.0172851416710572,within,0.0176655218934472,0.0078943752229108,0.0282758620689656,0.0153048074989054,0.0172851416710573
fish12,15.28,3838,191.9,20.0,20.0,18.77968457779337,1.4920490710698964,32.07148021896006,19.302450980392155,39.15174816254211,602,1517,435.8509753756864,257.9374446138912,705.8284199895775,18.82326492608762,1.4930370555204504,19.4838523644752,39.24059057235718,0.3325227986579584,0.9583111619211174,0.4663431724739363,0.9495340543808524,0.3858369931466868,0.0172851416710572,within,0.0176655218934472,0.0078943752229108,0.0282758620689656,0.0153048074989054,0.0172851416710573
fish12,15.28,3839,191.95,20.0,20.0,18.77968457779337,1.4920490710698964,32.07148021896006,19.302450980392155,39.15174816254211,593,1517,435.8768173895753,257.86578445764115,705.6026018472164,18.82326492608762,1.4930370555204504,19.4838523644752,39.24059057235718,0.1389576540501771,0.9583111619211174,0.4663431724739363,0.9495340543808524,0.3858369931466868,0.0110771507971869,within,0.0073822290976522,0.0078943752229108,0.022758620689655,0.0062733781785296,0.0110771507971869
fish12,15.28,3861,193.05,20.0,20.0,18.77968457779337,1.4920490710698964,32.07148021896006,19.302450980392155,39.15174816254211,549,1714,434.30765048509767,261.506162093258,706.7938125783556,18.82326492608762,1.4930370555204504,19.4838523644752,39.24059057235718,0.4931802171026866,0.9583111619211174,0.4663431724739363,0.9495340543808524,0.3858369931466868,0.01780548198582,within,0.0262005671725512,0.0020115331010761,0.0251724137931035,0.0178374138765494,0.0178054819858201
fish12,15.28,3862,193.1,20.0,20.0,18.77968457779337,1.4920490710698964,32.07148021896006,19.302450980392155,39.15174816254211,549,1714,434.3284404156532,261.5066243328413,706.8150647484945,18.82326492608762,1.4930370555204504,19.4838523644752,39.24059057235718,0.4931802171026866,0.9583111619211174,0.4663431724739363,0.9495340543808524,0.3858369931466868,0.01780548198582,within,0.0262005671725512,0.0020115331010761,0.0251724137931035,0.0178374138765494,0.0178054819858201
fish12,15.28,3863,193.15,20.0,20.0,18.77968457779337,1.4920490710698964,32.07148021896006,19.302450980392155,39.15174816254211,549,1714,434.28866611009767,261.5066243328413,706.775290442939,18.82326492608762,1.4930370555204504,19.4838523644752,39.24059057235718,0.4931802171026866,0.9583111619211174,0.4663431724739363,0.9495340543808524,0.3858369931466868,0.01780548198582,within,0.0262005671725512,0.0020115331010761,0.0251724137931035,0.0178374138765494,0.0178054819858201
fish13,13.88,485,24.25,20.0,20.0,31.72726936532993,6.0522060847479455,15.990789873294563,116.46026562005308,70.25047743320465,1507,1289,424.2715960822212,252.3902929225921,706.8018890048132,31.727272727272727,6.045454545454546,116.39876033057853,70.25047743320465,0.0,2.2628476235794195,0.3117999479030998,0.7871429312949807,0.2111644069532089,0.007941319654584,within,0.0,0.0,0.0161162483487449,0.0156490302695911,0.007941319654584
fish13,13.88,491,24.55,20.0,20.0,31.72726936532993,6.0522060847479455,15.990789873294563,116.46026562005308,70.25047743320465,1678,1215,423.9815137342475,252.49741531842545,710.038929052673,31.727272727272727,6.045454545454546,116.39876033057853,70.25047743320465,0.4406565656565675,2.2628476235794195,0.3117999479030998,0.7871429312949807,0.2111644069532089,0.0077847770058995,within,0.0138888888888889,0.0,0.0023778071334215,0.0148724120012879,0.0077847770058996
fish13,13.88,495,24.75,20.0,20.0,31.72726936532993,6.0522060847479455,15.990789873294563,116.46026562005308,70.25047743320465,1747,1172,424.05286814731545,252.49980463256847,711.4926727798838,31.727272727272727,6.045454545454546,116.39876033057853,70.25047743320465,0.5575614023690179,2.2628476235794195,0.3117999479030998,0.7871429312949807,0.2111644069532089,0.0118307939832053,within,0.0175735685560435,0.0022335919466886,0.0168207837956847,0.0106952316344045,0.0118307939832053
fish13,13.88,496,24.8,20.0,20.0,31.72726936532993,6.0522060847479455,15.990789873294563,116.46026562005308,70.25047743320465,1735,1156,424.0443004389821,252.5041210388183,711.2484214778004,31.727272727272727,6.045454545454546,116.39876033057853,70.25047743320465,0.5575614023690179,2.2628476235794195,0.3117999479030998,0.7871429312949807,0.2111644069532089,0.0107774791054998,within,0.0175735685560435,0.0022335919466886,0.014178775869661,0.0091239800496059,0.0107774791054997
fish13,13.88,497,24.85,20.0,20.0,31.72726936532993,6.0522060847479455,15.990789873294563,116.46026562005308,70.25047743320465,1880,1109,427.3921341627334,251.45090812656616,716.4430422892996,31.727272727272727,6.045454545454546,116.39876033057853,70.25047743320465,0.4406565656565675,2.2628476235794195,0.3117999479030998,0.7871429312949807,0.2111644069532089,0.0110712310762494,within,0.0138888888888889,0.0227272727272728,0.0039630118890358,0.0037057507998002,0.0110712310762494
fish13,13.88,498,24.9,20.0,20.0,31.72726936532993,6.0522060847479455,15.990789873294563,116.46026562005308,70.25047743320465,1857,1109,427.04841020440006,252.52676750156616,716.7151777059662,31.727272727272727,6.045454545454546,116.39876033057853,70.25047743320465,0.4406565656565639,2.2628476235794195,0.3117999479030998,0.7871429312949807,0.2111644069532089,0.010740945710442,within,0.0138888888888888,0.0227272727272728,0.0004403346543371,0.0059072865712691,0.010740945710442
fish13,13.88,499,24.95,20.0,20.0,31.72726936532993,6.0522060847479455,15.990789873294563,116.46026562005308,70.25047743320465,1881,1109,426.9188615932888,252.71884432448283,717.2577059177717,31.727272727272727,6.045454545454546,116.39876033057853,70.25047743320465,0.4406632895421509,2.2628476235794195,0.3117999479030998,0.7871429312949807,0.2111644069532089,0.0190568545826123,within,0.0138891008165147,0.0227270993319426,0.0280933509467193,0.0115178672352728,0.0190568545826123
fish13,13.88,501,25.05,20.0,20.0,31.72726936532993,6.0522060847479455,15.990789873294563,116.46026562005308,70.25047743320465,1848,1122,426.48036332940006,252.6943977098995,716.1347610392996,31.727272727272727,6.045454545454546,116.39876033057853,70.25047743320465,6.723885586978895e-06,2.2628476235794195,0.3117999479030998,0.7871429312949807,0.2111644069532089,0.0109741841121626,within,2.119276259506242e-07,0.0227270993319426,0.0169969176574195,0.0041725075316622,0.0109741841121626
fish13,13.88,502,25.1,20.0,20.0,31.72726936532993,6.0522060847479455,15.990789873294563,116.46026562005308,70.25047743320465,1859,1122,426.4212921488445,251.41545890781617,715.0167510566606,31.727272727272727,6.045454545454546,116.39876033057853,70.25047743320465,0.0,2.2628476235794195,0.3117999479030998,0.7871429312949807,0.2111644069532089,0.0075938990380747,within,0.0,0.0227272727272728,0.003434610303831,0.0042137131211952,0.0075938990380747
fish13,13.88,503,25.15,20.0,20.0,31.72726936532993,6.0522060847479455,15.990789873294563,116.46026562005308,70.25047743320465,1863,1119,426.3125595099556,251.414693900172,714.9872534101276,31.727272727272727,6.045454545454546,116.39876033057853,70.25047743320465,0.0,2.2628476235794195,0.3117999479030998,0.7871429312949807,0.2111644069532089,0.0009037029003167,within,0.0,0.0,0.0029062087186261,0.0007086028826408,0.0009037029003167
fish13,13.88,504,25.2,20.0,20.0,31.72726936532993,6.0522060847479455,15.990789873294563,116.46026562005308,70.25047743320465,1864,1106,426.2064310377333,251.41695301475528,714.9033840524885,31.727272727272727,6.045454545454546,116.39876033057853,70.25047743320465,0.0,2.2628476235794195,0.3117999479030998,0.7871429312949807,0.2111644069532089,0.000355954004357,within,0.0,0.0,0.0006164685160722,0.0008073475013558,0.000355954004357
fish13,13.88,505,25.25,20.0,20.0,31.72726936532993,6.0522060847479455,15.990789873294563,116.46026562005308,70.25047743320465,1877,1106,429.8031497877334,251.41660796267195,718.7597577504052,31.727272727272727,6.045454545454546,116.39876033057853,70.25047743320465,0.0,2.2628476235794195,0.3117999479030998,0.7871429312949807,0.2111644069532089,0.0005318176369233,within,0.0,0.0,0.0004403346543374,0.001686935893356,0.0005318176369233
fish13,13.88,506,25.3,20.0,20.0,31.72726936532993,6.0522060847479455,15.990789873294563,116.46026562005308,70.25047743320465,1827,1110,429.6550811223349,251.422447806422,717.6175289287568,31.727272727272727,6.045454545454546,116.39876033057853,70.25047743320465,0.4406565656565639,2.2628476235794195,0.3117999479030998,0.7871429312949807,0.2111644069532089,0.0059918680552968,within,0.0138888888888888,0.0,0.0048436811977102,0.0052349021345883,0.0059918680552968
fish13,13.88,507,25.35,20.0,20.0,31.72726936532993,6.0522060847479455,15.990789873294563,116.46026562005308,70.25047743320465,1862,1110,429.6062877195571,251.422799368922,718.2690870884791,31.727272727272727,6.045454545454546,116.39876033057853,70.25047743320465,0.4406565656565639,2.2628476235794195,0.3117999479030998,0.7871429312949807,0.2111644069532089,0.0109384126130318,within,0.0138888888888888,0.0227272727272728,0.0064288859533244,0.000708602882641,0.0109384126130317
fish13,13.88,508,25.4,20.0,20.0,31.72726936532993,6.0522060847479455,15.990789873294563,116.46026562005308,70.25047743320465,1842,1110,429.8525116778905,251.4211749949031,718.1136866727936,31.727272727272727,6.045454545454546,116.39876033057853,70.25047743320465,0.4406565656565639,2.2628476235794195,0.3117999479030998,0.7871429312949807,0.2111644069532089,0.0144625728401804,within,0.0138888888888888,0.0227272727272728,0.013826508146191,0.0074076215983689,0.0144625728401804
fish13,13.88,509,25.45,20.0,20.0,31.72726936532993,6.0522060847479455,15.990789873294563,116.46026562005308,70.25047743320465,1808,1104,430.1929977890016,251.4212270782365,717.7742248672381,31.727272727272727,6.045454545454546,116.39876033057853,70.25047743320465,0.4406565656565639,2.2628476235794195,0.3117999479030998,0.7871429312949807,0.2111644069532089,0.0180042530265204,within,0.0138888888888888,0.0,0.0423601937472477,0.0157679294699449,0.0180042530265203
fish13,13.88,510,25.5,20.0,20.0,31.72726936532993,6.0522060847479455,15.990789873294563,116.46026562005308,70.25047743320465,1856,1088,430.1519908445572,251.41941718240312,718.6914080269603,31.727272727272727,6.045454545454546,116.39876033057853,70.25047743320465,0.4406565656565639,2.2628476235794195,0.3117999479030998,0.7871429312949807,0.2111644069532089,0.0175195225298348,within,0.0138888888888888,0.0,0.041479524438573,0.0147096767918773,0.0175195225298348
fish13,13.88,511,25.55,20.0,20.0,31.72726936532993,6.0522060847479455,15.990789873294563,116.46026562005308,70.25047743320465,1900,1070,430.0731279973349,251.2580825469865,719.3312105443214,31.727272727272727,6.045454545454546,116.39876033057853,70.25047743320465,0.4406565656565639,2.2628476235794195,0.3117999479030998,0.7871429312949807,0.2111644069532089,0.0098362075322406,within,0.0138888888888888,0.0,0.018758256274769,0.0066976849653048,0.0098362075322406
fish14,12.32,699,34.95,20.0,20.0,19.021878780759216,1.489062202882938,41.7945707871247,20.436200000000007,39.86114395713422,1800,789,420.3338533980004,256.68118808151894,713.0150414795194,19.23723999023437,1.509253692626953,20.4362,39.91864342451096,0.0944175141094518,1.3006609166117644,0.1821431329149326,0.836008531162469,0.1540579320018248,0.0306913985771903,within,0.0049080592723998,0.0546054428610368,0.0632329827106758,1.91094646491231e-05,0.0306913985771904
fish14,12.32,700,35.0,20.0,20.0,19.021878780759216,1.489062202882938,41.7945707871247,20.436200000000007,39.86114395713422,1754,789,419.9318525375367,256.68118808151894,711.6930406190558,19.23723999023437,1.509253692626953,20.4362,39.91864342451096,0.0944175141094518,1.3006609166117644,0.1821431329149326,0.836008531162469,0.1540579320018248,0.0303286854832476,within,0.0049080592723998,0.0546054428610368,0.0617821303349048,1.9109464648945103e-05,0.0303286854832476
fish14,12.32,701,35.05,20.0,20.0,19.021878780759216,1.489062202882938,41.7945707871247,20.436200000000007,39.86114395713422,1731,789,419.7238837875366,256.6811685502689,711.0250523378055,19.23723999023437,1.509253692626953,20.4362,39.91864342451096,0.2153612094751551,1.3006609166117644,0.1821431329149326,0.836008531162469,0.1540579320018248,0.0095824750301567,within,0.0111950159994095,0.0133784597265888,0.0015717567404181,0.0121846676542104,0.0095824750301567
fish14,12.32,702,35.1,20.0,20.0,19.021878780759216,1.489062202882938,41.7945707871247,20.436200000000007,39.86114395713422,1739,789,419.45209126036855,256.6811685502689,710.9132598106374,19.23723999023437,1.509253692626953,20.4362,39.91864342451096,0.2153612094751551,1.3006609166117644,0.1821431329149326,0.836008531162469,0.1540579320018248,0.0095370731666824,within,0.0111950159994095,0.0133784597265888,0.012211340829404,0.0013634761113276,0.0095370731666825
fish14,12.32,703,35.15,20.0,20.0,19.021878780759216,1.489062202882938,41.7945707871247,20.436200000000007,39.86114395713422,1731,789,419.0825989717271,256.68075839401894,710.3833573657461,19.23723999023437,1.509253692626953,20.4362,39.91864342451096,0.256457756191601,1.3006609166117644,0.1821431329149326,0.836008531162469,0.1540579320018248,0.0056163800122714,within,0.0133313176069846,0.0087267098399149,0.0003627130939429,4.477950824354073e-05,0.0056163800122715
fish14,12.32,704,35.2,20.0,20.0,19.021878780759216,1.489062202882938,41.7945707871247,20.436200000000007,39.86114395713422,1760,789,418.7281109739515,256.68075839401894,710.6088693679706,19.23723999023437,1.509253692626953,20.4362,39.91864342451096,0.3614687376024825,1.3006609166117644,0.1821431329149326,0.836008531162469,0.1540579320018248,0.0151170650948446,within,0.0187900518882115,0.0301011116892806,0.010276870995043,0.0013002258068435,0.0151170650948446
fish14,12.32,705,35.25,20.0,20.0,19.021878780759216,1.489062202882938,41.7945707871247,20.436200000000007,39.86114395713422,1757,789,418.60877947845466,256.68075839401894,710.4295378724736,19.23723999023437,1.509253692626953,20.4362,39.91864342451096,0.3614687376024825,1.3006609166117644,0.1821431329149326,0.836008531162469,0.1540579320018248,0.01491011707314,within,0.0187900518882115,0.0301011116892806,0.0095514448071578,0.0011978599079102,0.01491011707314
fish14,12.32,706,35.3,20.0,20.0,19.021878780759216,1.489062202882938,41.7945707871247,20.436200000000007,39.86114395713422,1729,789,418.3967266770351,256.68075839401894,709.6574850710541,19.23723999023437,1.509253692626953,20.4362,39.91864342451096,0.4941692106153788,1.3006609166117644,0.1821431329149326,0.836008531162469,0.1540579320018248,0.0211995271459484,within,0.0256881554145104,0.0524082422715949,0.0020553741990083,0.0046463366986795,0.0211995271459483
fish14,12.32,707,35.35,20.0,20.0,19.021878780759216,1.489062202882938,41.7945707871247,20.436200000000007,39.86114395713422,1633,789,418.1616618135242,256.68075839401894,707.5024202075431,19.23723999023437,1.509253692626953,20.4362,39.91864342451096,0.6880980695177072,1.3006609166117644,0.1821431329149326,0.836008531162469,0.1540579320018248,0.0486403218229058,within,0.0357690640584103,0.0686396928606722,0.0620239390642002,0.0281285913083404,0.0486403218229058
fish14,12.32,3161,158.05,20.0,20.0,19.021878780759216,1.489062202882938,41.7945707871247,20.436200000000007,39.86114395713422,1666,275,424.9680988712264,251.1621809758504,709.4502798470768,19.23723999023437,1.509253692626953,20.4362,39.91864342451096,0.0124002699148668,1.3006609166117644,0.1821431329149326,0.836008531162469,0.1540579320018248,0.033469248141251,within,0.0006445971418541,0.0218407662158398,0.0719380969653005,0.0394535322420097,0.033469248141251
fish14,12.32,3163,158.15,20.0,20.0,19.021878780759216,1.489062202882938,41.7945707871247,20.436200000000007,39.86114395713422,1833,275,424.9640711081423,251.1621809758504,712.7862520839926,19.23723999023437,1.509253692626953,20.4362,39.91864342451096,0.0124002699148668,1.3006609166117644,0.1821431329149326,0.836008531162469,0.1540579320018248,0.0033522590862339,within,0.0006445971418541,0.0087267098399151,0.0003627130939426,0.0036750162692238,0.0033522590862339
fish14,12.32,3164,158.2,20.0,20.0,19.021878780759216,1.489062202882938,41.7945707871247,20.436200000000007,39.86114395713422,1880,275,424.760867978395,251.1621223821004,713.5229903604954,19.23723999023437,1.509253692626953,20.4362,39.91864342451096,0.0124002699148668,1.3006609166117644,0.1821431329149326,0.836008531162469,0.1540579320018248,0.0097648451423275,within,0.0006445971418541,0.0087267098399151,0.0281707169628823,0.0015173566246584,0.0097648451423275
fish15,9.61,3859,192.95,20.0,20.0,20.395973760064688,1.7083397747010969,1.9852675646506488,26.543325272817462,42.653924955810005,1059,275,441.3615364455989,267.70137695133434,730.2429133969332,20.03411102294922,1.539608319600423,24.11176215277778,41.40093262990316,0.6317717708679886,0.930594170929992,0.3135945272968448,0.8886264027994805,0.2586601508122255,0.0985185349502767,within,0.0315348043217035,0.1222627734014443,0.1935881627620223,0.0466883993159367,0.0985185349502767
fish15,9.61,3860,193.0,20.0,20.0,20.395973760064688,1.7083397747010969,1.9852675646506488,26.543325272817462,42.653924955810005,1055,275,441.38852429078656,262.5463574200843,725.0348817108709,20.03411102294922,1.539608319600423,24.11176215277778,41.40093262990316,0.6317717708679886,0.930594170929992,0.3135945272968448,0.8886264027994805,0.2586601508122255,0.0985185349502767,within,0.0315348043217035,0.1222627734014443,0.1935881627620223,0.0466883993159367,0.0985185349502767
fish15,9.61,3861,193.05,20.0,20.0,20.395973760064688,1.7083397747010969,1.9852675646506488,26.543325272817462,42.653924955810005,1085,275,441.9173567549905,262.54657226383426,726.1639290188248,20.03411102294922,1.539608319600423,24.11176215277778,41.40093262990316,0.4883937870743864,0.930594170929992,0.3135945272968448,0.8886264027994805,0.2586601508122255,0.0731287232752323,within,0.0243781112381242,0.0838118211727139,0.1499031178439315,0.0344218428461595,0.0731287232752323
fish15,9.61,3862,193.1,20.0,20.0,20.395973760064688,1.7083397747010969,1.9852675646506488,26.543325272817462,42.653924955810005,1081,275,441.9481857469348,262.54657226383426,726.1147580107692,20.03411102294922,1.539608319600423,24.11176215277778,41.40093262990316,0.4764509217100823,0.930594170929992,0.3135945272968448,0.8886264027994805,0.2586601508122255,0.0717088922200652,within,0.0237819846942199,0.0834775458772248,0.1476131759732252,0.0319628623355907,0.0717088922200652
fish15,9.61,3863,193.15,20.0,20.0,20.395973760064688,1.7083397747010969,1.9852675646506488,26.543325272817462,42.653924955810005,1075,275,441.9444531102311,262.476695961751,725.921149071982,20.03411102294922,1.539608319600423,24.11176215277778,41.40093262990316,0.4383769895032934,0.930594170929992,0.3135945272968448,0.8886264027994805,0.2586601508122255,0.0654058117662074,within,0.0218815294075753,0.0803026346039772,0.1301743878809232,0.029264695172354,0.0654058117662074
fish15,9.61,3864,193.2,20.0,20.0,20.395973760064688,1.7083397747010969,1.9852675646506488,26.543325272817462,42.653924955810005,1102,281,442.0018229018977,262.4773730450842,726.5191959469819,20.03411102294922,1.539608319600423,24.11176215277778,41.40093262990316,0.4492939685397097,0.930594170929992,0.3135945272968448,0.8886264027994805,0.2586601508122255,0.0448537549354336,within,0.0224264489712091,0.0431122550723268,0.0917738242029241,0.0221024914952743,0.0448537549354336
fish15,9.61,3865,193.25,20.0,20.0,20.395973760064688,1.7083397747010969,1.9852675646506488,26.543325272817462,42.653924955810005,1059,266,441.92681421915694,262.4783496075842,725.5851638267411,20.03411102294922,1.539608319600423,24.11176215277778,41.40093262990316,0.4543044969120444,0.930594170929992,0.3135945272968448,0.8886264027994805,0.2586601508122255,0.0499582414023232,within,0.022676548831722,0.0416830662563136,0.110093359168575,0.0253799913526823,0.0499582414023232
fish15,9.61,3866,193.3,20.0,20.0,20.395973760064688,1.7083397747010969,1.9852675646506488,26.543325272817462,42.653924955810005,1064,267,441.8868966930814,262.4779134096676,725.6448101027489,20.03411102294922,1.539608319600423,24.11176215277778,41.40093262990316,0.4316395985655461,0.930594170929992,0.3135945272968448,0.8886264027994805,0.2586601508122255,0.0309715829943094,within,0.0215452334306771,0.0052690249056567,0.0752157829839706,0.0218562906569333,0.0309715829943094
fish15,9.61,3867,193.35,20.0,20.0,20.395973760064688,1.7083397747010969,1.9852675646506488,26.543325272817462,42.653924955810005,1089,263,441.8688932237225,262.4775488263342,726.1264420500568,20.03411102294922,1.539608319600423,24.11176215277778,41.40093262990316,0.4316395985655461,0.930594170929992,0.3135945272968448,0.8886264027994805,0.2586601508122255,0.0429635387372147,within,0.0215452334306771,0.0362107515621719,0.0903646292055662,0.0237335407504436,0.0429635387372147
fish15,9.61,3868,193.4,20.0,20.0,20.395973760064688,1.7083397747010969,1.9852675646506488,26.543325272817462,42.653924955810005,1107,263,441.8480772515003,262.4774772117509,726.4655544632511,20.03411102294922,1.539608319600423,24.11176215277778,41.40093262990316,0.3969917395669959,0.930594170929992,0.3135945272968448,0.8886264027994805,0.2586601508122255,0.0281794015291369,within,0.0198157901347476,0.0011911901562825,0.0711643473665668,0.0205462784589506,0.0281794015291369
fish15,9.61,3869,193.45,20.0,20.0,20.395973760064688,1.7083397747010969,1.9852675646506488,26.543325272817462,42.653924955810005,1126,260,441.83215277408544,262.47708007633423,726.8292328504197,20.03411102294922,1.539608319600423,24.11176215277778,41.40093262990316,0.1009060132997312,0.930594170929992,0.3135945272968448,0.8886264027994805,0.2586601508122255,0.0200509139777068,within,0.0050367102979584,0.0011911901562825,0.0625330280077507,0.0114427274488357,0.0200509139777068
fish15,9.61,3870,193.5,20.0,20.0,20.395973760064688,1.7083397747010969,1.9852675646506488,26.543325272817462,42.653924955810005,1152,260,441.8355295138135,262.47708007633423,727.3526095901477,20.03411102294922,1.539608319600423,24.11176215277778,41.40093262990316,0.0714456549780599,0.930594170929992,0.3135945272968448,0.8886264027994805,0.2586601508122255,0.0208387612345039,within,0.0035662004116987,0.0261855200432644,0.0447419411661088,0.0088613833169438,0.0208387612345039
fish15,9.61,3871,193.55,20.0,20.0,20.395973760064688,1.7083397747010969,1.9852675646506488,26.543325272817462,42.653924955810005,1097,260,441.8480729039323,262.4767024721676,726.2647753760999,20.03411102294922,1.539608319600423,24.11176215277778,41.40093262990316,0.0585861283800746,0.930594170929992,0.3135945272968448,0.8886264027994805,0.2586601508122255,0.0143425935165131,within,0.0029243188436444,0.0124333442705,0.0336445305619166,0.0083681803899913,0.0143425935165131
fish15,9.61,3872,193.6,20.0,20.0,20.395973760064688,1.7083397747010969,1.9852675646506488,26.543325272817462,42.653924955810005,1136,268,441.86105033245326,262.4773274721676,727.0583778046209,20.03411102294922,1.539608319600423,24.11176215277778,41.40093262990316,0.0517934335971581,0.930594170929992,0.3135945272968448,0.8886264027994805,0.2586601508122255,0.0081674536716096,within,0.0025852623826347,0.0002115269851089,0.0260701074511185,0.0038029178675761,0.0081674536716096
fish15,9.61,3873,193.65,20.0,20.0,20.395973760064688,1.7083397747010969,1.9852675646506488,26.543325272817462,42.653924955810005,1154,268,441.8901475546755,262.4776985659176,727.4478461205931,20.03411102294922,1.539608319600423,24.11176215277778,41.40093262990316,0.0313365412690416,0.930594170929992,0.3135945272968448,0.8886264027994805,0.2586601508122255,0.0039900066791348,within,0.0015641593097465,0.0140862750597786,0.0,0.0003095923470141,0.0039900066791348
fish15,9.61,3874,193.7,20.0,20.0,20.395973760064688,1.7083397747010969,1.9852675646506488,26.543325272817462,42.653924955810005,1137,264,441.89595050272993,262.4779720034176,727.1139225061474,20.03411102294922,1.539608319600423,24.11176215277778,41.40093262990316,0.0034952030146975,0.930594170929992,0.3135945272968448,0.8886264027994805,0.2586601508122255,0.0032671861392956,within,0.0001744625958545,0.0002115269851086,0.0126827549762197,0.0,0.0032671861392957
fish15,9.61,3875,193.75,20.0,20.0,20.395973760064688,1.7083397747010969,1.9852675646506488,26.543325272817462,42.653924955810005,1116,264,441.9553210828992,262.4779068992509,726.7532279821502,20.03411102294922,1.539608319600423,24.11176215277778,41.40093262990316,0.0,0.930594170929992,0.3135945272968448,0.8886264027994805,0.2586601508122255,0.009845128925837,within,0.0,0.0303605818741614,0.0072221243614586,0.001797809467728,0.009845128925837
fish15,9.61,3876,193.8,20.0,20.0,20.395973760064688,1.7083397747010969,1.9852675646506488,26.543325272817462,42.653924955810005,1095,264,441.961505913459,262.47820637841755,726.3397122918765,20.03411102294922,1.539608319600423,24.11176215277778,41.40093262990316,0.1598516166734001,0.930594170929992,0.3135945272968448,0.8886264027994805,0.2586601508122255,0.0180737016783819,within,0.007978972288328,0.0386034811730599,0.0174387880923023,0.0082735651598379,0.018073701678382
fish15,9.61,3877,193.85,20.0,20.0,20.395973760064688,1.7083397747010969,1.9852675646506488,26.543325272817462,42.653924955810005,1109,264,441.709387836202,262.4780371075842,726.3674249437862,20.03411102294922,1.539608319600423,24.11176215277778,41.40093262990316,0.1800859110247081,0.930594170929992,0.3135945272968448,0.8886264027994805,0.2586601508122255,0.0368433642077192,within,0.0089889644126669,0.0752842809682423,0.0480887792848336,0.0150114321651343,0.0368433642077192
fish15,9.61,3878,193.9,20.0,20.0,20.395973760064688,1.7083397747010969,1.9852675646506488,26.543325272817462,42.653924955810005,1107,264,441.8026907524956,262.4780371075842,726.4207278600799,20.03411102294922,1.539608319600423,24.11176215277778,41.40093262990316,0.2003202053760091,0.930594170929992,0.3135945272968448,0.8886264027994805,0.2586601508122255,0.0430782331308048,within,0.0099989565370053,0.0794057658193864,0.0635899242557688,0.0193182859110588,0.0430782331308048
fish15,9.61,3879,193.95,20.0,20.0,20.395973760064688,1.7083397747010969,1.9852675646506488,26.543325272817462,42.653924955810005,1117,264,441.75795963421086,262.47745117008424,726.5754108042951,20.03411102294922,1.539608319600423,24.11176215277778,41.40093262990316,0.3618627371154694,0.930594170929992,0.3135945272968448,0.8886264027994805,0.2586601508122255,0.0646405797867045,within,0.0180623306270466,0.1194395974643936,0.0914215254535846,0.029638865601793,0.0646405797867045
fish15,9.61,3880,194.0,20.0,20.0,20.395973760064688,1.7083397747010969,1.9852675646506488,26.543325272817462,42.653924955810005,1109,264,441.74795520379325,262.47745117008424,726.4054063738774,20.03411102294922,1.539608319600423,24.11176215277778,41.40093262990316,0.3618627371154694,0.930594170929992,0.3135945272968448,0.8886264027994805,0.2586601508122255,0.0788344393103442,within,0.0180623306270466,0.1561151170053297,0.1102695085432446,0.0308908010657559,0.0788344393103442
fish15,9.61,3881,194.05,20.0,20.0,20.395973760064688,1.7083397747010969,1.9852675646506488,26.543325272817462,42.653924955810005,1101,259,441.6970522203046,266.1002962221677,729.8173484424723,20.03411102294922,1.539608319600423,24.11176215277778,41.40093262990316,0.6477379909683556,0.930594170929992,0.3135945272968448,0.8886264027994805,0.2586601508122255,0.0814800222731079,within,0.0323317560847278,0.1482716865410155,0.1107979566672538,0.0345186897994341,0.0814800222731078
fish15,9.61,3882,194.1,20.0,20.0,20.395973760064688,1.7083397747010969,1.9852675646506488,26.543325272817462,42.653924955810005,1129,259,441.6888401406181,266.0998404930009,730.3686806336191,20.03411102294922,1.539608319600423,24.11176215277778,41.40093262990316,0.7840481433493238,0.930594170929992,0.3135945272968448,0.8886264027994805,0.2586601508122255,0.0912581590014831,within,0.0391356592988424,0.1567269928673972,0.1268275497621982,0.0423424340774946,0.0912581590014831
fish15,9.61,3883,194.15,20.0,20.0,20.395973760064688,1.7083397747010969,1.9852675646506488,26.543325272817462,42.653924955810005,1127,266,441.6703982916185,266.0995670555009,730.3099653471194,20.03411102294922,1.539608319600423,24.11176215277778,41.40093262990316,0.7904467982354113,0.930594170929992,0.3135945272968448,0.8886264027994805,0.2586601508122255,0.0852950312820581,within,0.0394550473105569,0.1342672554220553,0.1234807116434734,0.0439771107521469,0.0852950312820581
fish15,9.61,3884,194.2,20.0,20.0,20.395973760064688,1.7083397747010969,1.9852675646506488,26.543325272817462,42.653924955810005,1124,266,441.6136450948079,266.4309602846676,730.5246053794756,20.03411102294922,1.539608319600423,24.11176215277778,41.40093262990316,0.8327943350776543,0.930594170929992,0.3135945272968448,0.8886264027994805,0.2586601508122255,0.0891436483424643,within,0.041568819006927,0.1342672554220553,0.1284128941342257,0.0523256248066495,0.0891436483424644
fish15,9.61,3885,194.25,20.0,20.0,20.395973760064688,1.7083397747010969,1.9852675646506488,26.543325272817462,42.653924955810005,1110,255,441.5738577609403,266.4314550763343,730.2053128372747,20.03411102294922,1.539608319600423,24.11176215277778,41.40093262990316,0.8327943350776543,0.930594170929992,0.3135945272968448,0.8886264027994805,0.2586601508122255,0.0908532973373714,within,0.041568819006927,0.1385800966870874,0.1308789853796019,0.0523852882758697,0.0908532973373715
fish15,9.61,3886,194.3,20.0,20.0,20.395973760064688,1.7083397747010969,1.9852675646506488,26.543325272817462,42.653924955810005,1113,255,441.55558091717,266.4310774721676,730.2466583893375,20.03411102294922,1.539608319600423,24.11176215277778,41.40093262990316,0.8327943350776543,0.930594170929992,0.3135945272968448,0.8886264027994805,0.2586601508122255,0.1031366488827405,within,0.041568819006927,0.170926089359573,0.147260877223886,0.0527908099405763,0.1031366488827406
fish15,9.61,3887,194.35,20.0,20.0,20.395973760064688,1.7083397747010969,1.9852675646506488,26.543325272817462,42.653924955810005,1119,255,441.52150133456,266.4310774721676,730.3325788067276,20.03411102294922,1.539608319600423,24.11176215277778,41.40093262990316,1.0122691386132416,0.930594170929992,0.3135945272968448,0.8886264027994805,0.2586601508122255,0.1065963428688343,within,0.0505272800701603,0.1701125077852946,0.1495508190945922,0.05619476452529,0.1065963428688342
fish15,9.61,3888,194.4,20.0,20.0,20.395973760064688,1.7083397747010969,1.9852675646506488,26.543325272817462,42.653924955810005,1051,249,441.5003339608464,266.4309016909176,728.9512356517639,20.03411102294922,1.539608319600423,24.11176215277778,41.40093262990316,0.9788683813232596,0.930594170929992,0.3135945272968448,0.8886264027994805,0.2586601508122255,0.1016034526169281,within,0.0488600856909477,0.1535674295331587,0.147260877223886,0.0567254180197201,0.1016034526169281
fish15,9.61,3889,194.45,20.0,20.0,20.395973760064688,1.7083397747010969,1.9852675646506488,26.543325272817462,42.653924955810005,1050,249,441.4592056342042,266.4309016909176,728.8901073251218,20.03411102294922,1.539608319600423,24.11176215277778,41.40093262990316,0.9523764568910452,0.930594170929992,0.3135945272968448,0.8886264027994805,0.2586601508122255,0.1064523987675517,within,0.047537744789379,0.1573140163328119,0.1610005284481239,0.0599573054998921,0.1064523987675517
fish15,9.61,3890,194.5,20.0,20.0,20.395973760064688,1.7083397747010969,1.9852675646506488,26.543325272817462,42.653924955810005,1052,242,441.42347214980896,266.4358626284176,728.8993347782265,20.03411102294922,1.539608319600423,24.11176215277778,41.40093262990316,0.9523764568910452,0.930594170929992,0.3135945272968448,0.8886264027994805,0.2586601508122255,0.1103132454974244,within,0.047537744789379,0.1573140163328119,0.1724502378016561,0.0639509830658505,0.1103132454974244
fish15,9.61,3891,194.55,20.0,20.0,20.395973760064688,1.7083397747010969,1.9852675646506488,26.543325272817462,42.653924955810005,1048,247,441.4442186775868,266.4362272117509,728.8404458893377,20.03411102294922,1.539608319600423,24.11176215277778,41.40093262990316,0.9523764568910452,0.930594170929992,0.3135945272968448,0.8886264027994805,0.2586601508122255,0.111046707995983,within,0.047537744789379,0.1573140163328119,0.1738594327990134,0.0654756380627278,0.111046707995983
fish15,9.61,3892,194.6,20.0,20.0,20.395973760064688,1.7083397747010969,1.9852675646506488,26.543325272817462,42.653924955810005,1045,247,441.5017707934721,266.43661783675094,728.838388630223,20.03411102294922,1.539608319600423,24.11176215277778,41.40093262990316,1.313061222104409,0.930594170929992,0.3135945272968448,0.8886264027994805,0.2586601508122255,0.1208112654882699,within,0.0655412771048482,0.1609419030170069,0.1824907521578298,0.0742711296733947,0.1208112654882699
fish15,9.61,3893,194.65,20.0,20.0,20.395973760064688,1.7083397747010969,1.9852675646506488,26.543325272817462,42.653924955810005,1009,247,441.4938541539322,266.43661783675094,728.1104719906831,20.03411102294922,1.539608319600423,24.11176215277778,41.40093262990316,1.310347185902728,0.930594170929992,0.3135945272968448,0.8886264027994805,0.2586601508122255,0.1111470018764408,within,0.0654058063470705,0.1388542474875581,0.1662850096882153,0.0740429439829193,0.1111470018764408
fish15,9.61,3894,194.7,20.0,20.0,20.395973760064688,1.7083397747010969,1.9852675646506488,26.543325272817462,42.653924955810005,984,247,441.4998090150433,266.43811523258427,727.6179242476275,20.03411102294922,1.539608319600423,24.11176215277778,41.40093262990316,1.2864669855586364,0.930594170929992,0.3135945272968448,0.8886264027994805,0.2586601508122255,0.1065323579175013,within,0.064213829307673,0.139905933326652,0.1495508190945922,0.0724588499410877,0.1065323579175012
fish15,9.61,3895,194.75,20.0,20.0,20.395973760064688,1.7083397747010969,1.9852675646506488,26.543325272817462,42.653924955810005,979,247,441.50778644559887,266.4384472638343,727.5262337094332,20.03411102294922,1.539608319600423,24.11176215277778,41.40093262990316,1.2864669855586364,0.930594170929992,0.3135945272968448,0.8886264027994805,0.2586601508122255,0.1057818983076911,within,0.064213829307673,0.139905933326652,0.147789325347895,0.0712185052485444,0.1057818983076911
fish15,9.61,3896,194.8,20.0,20.0,20.395973760064688,1.7083397747010969,1.9852675646506488,26.543325272817462,42.653924955810005,985,247,441.482083333258,266.44811523258426,727.6301985658423,20.03411102294922,1.539608319600423,24.11176215277778,41.40093262990316,1.28377645349115,0.930594170929992,0.3135945272968448,0.8886264027994805,0.2586601508122255,0.1113878206499561,within,0.0640795317556429,0.1431901810644944,0.1661088603135458,0.0721727094661414,0.1113878206499561
fish15,9.61,3897,194.85,20.0,20.0,20.395973760064688,1.7083397747010969,1.9852675646506488,26.543325272817462,42.653924955810005,874,208,445.4435582892525,264.41497384372286,727.3385321329754,20.03411102294922,1.539608319600423,24.11176215277778,41.40093262990316,1.2681710909805162,0.930594170929992,0.3135945272968448,0.8886264027994805,0.2586601508122255,0.0938783757404777,within,0.0633005921514467,0.1095937537830822,0.1335212259996477,0.0690979310277342,0.0938783757404777
fish15,9.61,3898,194.9,20.0,20.0,20.395973760064688,1.7083397747010969,1.9852675646506488,26.543325272817462,42.653924955810005,872,208,439.2533065531414,266.20925769788954,722.902564251031,20.03411102294922,1.539608319600423,24.11176215277778,41.40093262990316,1.2681710909805162,0.930594170929992,0.3135945272968448,0.8886264027994805,0.2586601508122255,0.0938783757404777,within,0.0633005921514467,0.1095937537830822,0.1335212259996477,0.0690979310277342,0.0938783757404777
fish15,9.61,3899,194.95,20.0,20.0,20.395973760064688,1.7083397747010969,1.9852675646506488,26.543325272817462,42.653924955810005,871,208,439.1660409281414,265.5501821770562,722.1362231051975,20.03411102294922,1.539608319600423,24.11176215277778,41.40093262990316,1.2681710909805162,0.930594170929992,0.3135945272968448,0.8886264027994805,0.2586601508122255,0.0938783757404777,within,0.0633005921514467,0.1095937537830822,0.1335212259996477,0.0690979310277342,0.0938783757404777
fish15,9.61,3902,195.1,20.0,20.0,20.395973760064688,1.7083397747010969,1.9852675646506488,26.543325272817462,42.653924955810005,863,206,439.0965139340813,265.55001290622283,721.9065268403042,20.03411102294922,1.539608319600423,24.11176215277778,41.40093262990316,1.240223292824222,0.930594170929992,0.3135945272968448,0.8886264027994805,0.2586601508122255,0.1065048750840283,within,0.0619055815056399,0.1382960894120238,0.1553637484586929,0.0704540809597565,0.1065048750840283
fish2,16.0,4950,247.5,20.0,20.0,24.7546677406541,2.879227922157729,1.8418338704505504,48.131864496246905,47.82057435265104,2174,87,469.4091579427084,261.08455383172566,773.973711774434,24.59605212089343,3.237973922338241,56.95595003287311,52.13504557120494,3.765828002803584,0.986696716312795,0.3265191201271009,0.8372911875435075,0.2912955753430181,0.0766924529960139,fill,0.1531070101939105,0.0322208311695145,0.0733572507552869,0.0480847198653438,0.0766924529960139
fish2,16.0,4951,247.55,20.0,20.0,24.7546677406541,2.879227922157729,1.8418338704505504,48.131864496246905,47.82057435265104,1980,267,469.1302603922526,261.0936033108923,769.8238637031449,24.59605212089343,3.237973922338241,56.95595003287311,52.13504557120494,2.5783042289517937,0.986696716312795,0.3265191201271009,0.8372911875435075,0.2912955753430181,0.0556483397527041,fill,0.1048259377675338,0.0265985243015133,0.0666540785498491,0.0245148183919204,0.0556483397527042
fish2,16.0,4952,247.6,20.0,20.0,24.7546677406541,2.879227922157729,1.8418338704505504,48.131864496246905,47.82057435265104,1926,293,469.0318619586521,261.08677388380886,768.6386358424609,24.59605212089343,3.237973922338241,56.95595003287311,52.13504557120494,2.225805202182748,0.986696716312795,0.3265191201271009,0.8372911875435075,0.2912955753430181,0.0246282696976122,fill,0.0904944090719343,0.0032608433741172,0.0020770392749243,0.0026807870694729,0.0246282696976122
fish2,16.0,4953,247.65,20.0,20.0,24.7546677406541,2.879227922157729,1.8418338704505504,48.131864496246905,47.82057435265104,1910,277,468.7575173246408,261.0700421129756,768.0275594376164,24.59605212089343,3.237973922338241,56.95595003287311,52.13504557120494,1.6582779282997038,0.986696716312795,0.3265191201271009,0.8372911875435075,0.2912955753430181,0.0390782737256917,fill,0.0674204917174922,0.0178090964203525,0.0530589123867069,0.018024594378215,0.0390782737256917
fish2,16.0,4954,247.7,20.0,20.0,24.7546677406541,2.879227922157729,1.8418338704505504,48.131864496246905,47.82057435265104,1996,238,468.5391319079741,260.99811502964224,769.4572469376163,24.59605212089343,3.237973922338241,56.95595003287311,52.13504557120494,1.8801990649156863,0.986696716312795,0.3265191201271009,0.8372911875435075,0.2912955753430181,0.021402756822832,fill,0.0764431241109026,0.0044385816229371,0.0,0.0047293215574885,0.0214027568228321
fish2,16.0,4955,247.75,20.0,20.0,24.7546677406541,2.879227922157729,1.8418338704505504,48.131864496246905,47.82057435265104,1997,130,466.9661935447221,261.0037074775589,767.909901022281,24.59605212089343,3.237973922338241,56.95595003287311,52.13504557120494,1.859074748088041,0.986696716312795,0.3265191201271009,0.8372911875435075,0.2912955753430181,0.0242774884930831,fill,0.0755842742140242,0.0,0.0215256797583083,0.0,0.0242774884930831
fish2,16.0,4956,247.8,20.0,20.0,24.7546677406541,2.879227922157729,1.8418338704505504,48.131864496246905,47.82057435265104,1946,111,467.1249652584875,261.01330710703525,767.0582723655227,24.59605212089343,3.237973922338241,56.95595003287311,52.13504557120494,1.8227661374574249,0.986696716312795,0.3265191201271009,0.8372911875435075,0.2912955753430181,0.0594016954225219,fill,0.0741080775279807,0.087640829303937,0.0552303625377643,0.0206275123204056,0.0594016954225219
fish2,16.0,4957,247.85,20.0,20.0,24.7546677406541,2.879227922157729,1.8418338704505504,48.131864496246905,47.82057435265104,1747,123,466.7916796262952,261.0310154513889,762.7626950776842,24.59605212089343,3.237973922338241,56.95595003287311,52.13504557120494,0.5222148080161091,0.986696716312795,0.3265191201271009,0.8372911875435075,0.2912955753430181,0.0773433275757253,within,0.0212316515451072,0.0752317078416787,0.1509629909365558,0.0619469599795592,0.0773433275757252
fish2,16.0,4959,247.95,20.0,20.0,24.7546677406541,2.879227922157729,1.8418338704505504,48.131864496246905,47.82057435265104,1788,92,466.9671093505858,260.813320193439,763.5404295440248,24.59605212089343,3.237973922338241,56.95595003287311,52.13504557120494,1.0903929630005678,0.986696716312795,0.3265191201271009,0.8372911875435075,0.2912955753430181,0.0587616822089814,within,0.044332031727739,0.0703095838801085,0.0766616314199395,0.0437434818081386,0.0587616822089814
fish2,16.0,4961,248.05,20.0,20.0,24.7546677406541,2.879227922157729,1.8418338704505504,48.131864496246905,47.82057435265104,1828,97,466.7918576280383,262.65743151006694,766.0092891381053,24.59605212089343,3.237973922338241,56.95595003287311,52.13504557120494,0.8453391602124718,0.986696716312795,0.3265191201271009,0.8372911875435075,0.2912955753430181,0.0803653700270824,within,0.0343688961162343,0.0938761750219263,0.1342522658610272,0.0589641431091417,0.0803653700270824
fish2,16.0,4962,248.1,20.0,20.0,24.7546677406541,2.879227922157729,1.8418338704505504,48.131864496246905,47.82057435265104,1792,106,466.96428384420153,262.8577147975921,765.6619986417937,24.59605212089343,3.237973922338241,56.95595003287311,52.13504557120494,0.418449114585993,0.986696716312795,0.3265191201271009,0.8372911875435075,0.2912955753430181,0.0812224950452932,within,0.017012856881635,0.1087749260458136,0.1335913897280966,0.0655108075256278,0.0812224950452933
fish2,16.0,4963,248.15,20.0,20.0,24.7546677406541,2.879227922157729,1.8418338704505504,48.131864496246905,47.82057435265104,1762,106,466.5921137069701,262.8974836791886,764.7295973861587,24.59605212089343,3.237973922338241,56.95595003287311,52.13504557120494,0.1586156197606705,0.986696716312795,0.3265191201271009,0.8372911875435075,0.2912955753430181,0.0828874832337797,within,0.006448824347137,0.1107933568289674,0.1428436555891238,0.0714640961698905,0.0828874832337797
fish2,16.0,4964,248.2,20.0,20.0,24.7546677406541,2.879227922157729,1.8418338704505504,48.131864496246905,47.82057435265104,1731,98,466.8781727249522,262.9043944850921,764.4025672100444,24.59605212089343,3.237973922338241,56.95595003287311,52.13504557120494,0.0476257324841462,0.986696716312795,0.3265191201271009,0.8372911875435075,0.2912955753430181,0.0926857690913001,within,0.0019363161311439,0.1086530426284478,0.1773980362537764,0.0827556813518324,0.0926857690913001
fish2,16.0,4965,248.25,20.0,20.0,24.7546677406541,2.879227922157729,1.8418338704505504,48.131864496246905,47.82057435265104,1795,83,466.9128081310696,262.9149771714846,765.7277853025541,24.59605212089343,3.237973922338241,56.95595003287311,52.13504557120494,0.2933040293019822,0.986696716312795,0.3265191201271009,0.8372911875435075,0.2912955753430181,0.076948126836466,within,0.0119248417534792,0.1101086957646508,0.1227341389728097,0.0630248308549241,0.076948126836466
fish2,16.0,4966,248.3,20.0,20.0,24.7546677406541,2.879227922157729,1.8418338704505504,48.131864496246905,47.82057435265104,1805,95,466.8071657374065,262.91000971805784,765.8171754554643,24.59605212089343,3.237973922338241,56.95595003287311,52.13504557120494,0.403452462181626,0.986696716312795,0.3265191201271009,0.8372911875435075,0.2912955753430181,0.0909182884195834,within,0.0164031390159116,0.1505445727435563,0.1304758308157098,0.0662496111031557,0.0909182884195834
fish2,16.0,4967,248.35,20.0,20.0,24.7546677406541,2.879227922157729,1.8418338704505504,48.131864496246905,47.82057435265104,1803,95,467.1719921262954,262.85986324801974,766.0918553743152,24.59605212089343,3.237973922338241,56.95595003287311,52.13504557120494,0.1680944422872166,0.986696716312795,0.3265191201271009,0.8372911875435075,0.2912955753430181,0.0943384382759862,within,0.006834204182891,0.1435245609499129,0.154928247734139,0.0720667402370021,0.0943384382759862
fish2,16.0,4968,248.4,20.0,20.0,24.7546677406541,2.879227922157729,1.8418338704505504,48.131864496246905,47.82057435265104,1755,95,467.01953987147954,262.87872392743435,764.9982637989139,24.59605212089343,3.237973922338241,56.95595003287311,52.13504557120494,0.1060833578926114,0.986696716312795,0.3265191201271009,0.8372911875435075,0.2912955753430181,0.1059323272351159,within,0.0043130237881752,0.1326982978156626,0.1942031722054381,0.0925148151311874,0.1059323272351158
fish2,16.0,4969,248.45,20.0,20.0,24.7546677406541,2.879227922157729,1.8418338704505504,48.131864496246905,47.82057435265104,1804,95,467.1435850103686,262.4969530788421,765.7205380892108,24.59605212089343,3.237973922338241,56.95595003287311,52.13504557120494,0.0155097343536851,0.986696716312795,0.3265191201271009,0.8372911875435075,0.2912955753430181,0.0944339345557623,within,0.0006305782032602,0.1207230487972715,0.172394259818731,0.0839878514037864,0.0944339345557623
fish2,16.0,4970,248.5,20.0,20.0,24.7546677406541,2.879227922157729,1.8418338704505504,48.131864496246905,47.82057435265104,1781,97,467.3604079270351,262.7202506212764,765.7006585483115,24.59605212089343,3.237973922338241,56.95595003287311,52.13504557120494,0.0629287681096713,0.986696716312795,0.3265191201271009,0.8372911875435075,0.2912955753430181,0.0934529367413293,within,0.0025584905984246,0.1253877319203431,0.1599320241691842,0.0859335002773652,0.0934529367413293
fish2,16.0,4971,248.55,20.0,20.0,24.7546677406541,2.879227922157729,1.8418338704505504,48.131864496246905,47.82057435265104,1682,102,467.29382807006846,262.74574867549467,763.6795767455632,24.59605212089343,3.237973922338241,56.95595003287311,52.13504557120494,0.3873812695805547,0.986696716312795,0.3265191201271009,0.8372911875435075,0.2912955753430181,0.1208071319606155,within,0.01574973364329,0.1670868651067658,0.2015672205438066,0.0988247085485995,0.1208071319606155
fish2,16.0,4972,248.6,20.0,20.0,24.7546677406541,2.879227922157729,1.8418338704505504,48.131864496246905,47.82057435265104,1723,143,467.2512412645127,262.8013215940687,764.5125628585814,24.59605212089343,3.237973922338241,56.95595003287311,52.13504557120494,0.3028971958058122,0.986696716312795,0.3265191201271009,0.8372911875435075,0.2912955753430181,0.1099630805320882,within,0.012314870464456,0.1467072777187208,0.1885385196374621,0.0922916543077139,0.1099630805320882
fish2,16.0,4973,248.65,20.0,20.0,24.7546677406541,2.879227922157729,1.8418338704505504,48.131864496246905,47.82057435265104,1797,154,467.10990445895726,262.7962890438079,765.8461935027651,24.59605212089343,3.237973922338241,56.95595003287311,52.13504557120494,0.0382935048002615,0.986696716312795,0.3265191201271009,0.8372911875435075,0.2912955753430181,0.1044466567980098,within,0.0015568963918291,0.1349729129072395,0.1885385196374621,0.0927182982555083,0.1044466567980098
fish2,16.0,4974,248.7,20.0,20.0,24.7546677406541,2.879227922157729,1.8418338704505504,48.131864496246905,47.82057435265104,1745,154,460.6234374667697,262.8005794046613,758.3240168714309,24.59605212089343,3.237973922338241,56.95595003287311,52.13504557120494,0.298572647947271,0.986696716312795,0.3265191201271009,0.8372911875435075,0.2912955753430181,0.1172960100110553,within,0.0121390476195015,0.1435031260250882,0.211858006042296,0.1016838603573351,0.1172960100110552
fish2,16.0,4975,248.75,20.0,20.0,24.7546677406541,2.879227922157729,1.8418338704505504,48.131864496246905,47.82057435265104,1712,148,460.6968923278808,262.8748697692447,757.8117620971254,24.59605212089343,3.237973922338241,56.95595003287311,52.13504557120494,0.9164816373565152,0.986696716312795,0.3265191201271009,0.8372911875435075,0.2912955753430181,0.1228523344256355,within,0.0372613309181433,0.1387568423606147,0.203833081570997,0.1115580828527867,0.1228523344256354
fish2,16.0,4977,248.85,20.0,20.0,24.7546677406541,2.879227922157729,1.8418338704505504,48.131864496246905,47.82057435265104,1804,163,460.7850260409885,262.89715166514713,759.7621777061357,24.59605212089343,3.237973922338241,56.95595003287311,52.13504557120494,0.8738973015115299,0.986696716312795,0.3265191201271009,0.8372911875435075,0.2912955753430181,0.1096915598425223,within,0.0355299825035411,0.1101470568887338,0.1868391238670695,0.1062500761107445,0.1096915598425222
fish2,16.0,4978,248.9,20.0,20.0,24.7546677406541,2.879227922157729,1.8418338704505504,48.131864496246905,47.82057435265104,1840,169,460.6429557291478,262.90913083393315,760.3520865630809,24.59605212089343,3.237973922338241,56.95595003287311,52.13504557120494,0.3409825359294913,0.986696716312795,0.3265191201271009,0.8372911875435075,0.2912955753430181,0.1156016234569809,within,0.0138633035193416,0.144816569522109,0.1984516616314198,0.105274959155053,0.1156016234569808
fish2,16.0,4979,248.95,20.0,20.0,24.7546677406541,2.879227922157729,1.8418338704505504,48.131864496246905,47.82057435265104,1878,169,460.49117621435454,262.9141699022823,760.9653461166367,24.59605212089343,3.237973922338241,56.95595003287311,52.13504557120494,3.185224468955063,0.986696716312795,0.3265191201271009,0.8372911875435075,0.2912955753430181,0.0598529280844717,fill,0.1295014522370982,0.0547412501528162,0.0388972809667672,0.0162717289812051,0.0598529280844717
fish2,16.0,4985,249.25,20.0,20.0,24.7546677406541,2.879227922157729,1.8418338704505504,48.131864496246905,47.82057435265104,2977,84,460.4100086714381,257.9631184671614,777.9131271385994,24.59605212089343,3.237973922338241,56.95595003287311,52.13504557120494,3.0444289182684265,0.986696716312795,0.3265191201271009,0.8372911875435075,0.2912955753430181,0.130700790648316,fill,0.1237771372131015,0.1768825518381485,0.1796638972809668,0.0424795762610473,0.130700790648316
fish2,16.0,5160,258.0,20.0,20.0,24.7546677406541,2.879227922157729,1.8418338704505504,48.131864496246905,47.82057435265104,2808,159,469.8944529290093,262.902581280507,788.9570342095163,24.59605212089343,3.237973922338241,56.95595003287311,52.13504557120494,3.041010326537545,0.986696716312795,0.3265191201271009,0.8372911875435075,0.2912955753430181,0.1400569713928727,fill,0.1236381477641412,0.0744056501870532,0.2584969788519638,0.1036871087683326,0.1400569713928727
fish2,16.0,5162,258.1,20.0,20.0,24.7546677406541,2.879227922157729,1.8418338704505504,48.131864496246905,47.82057435265104,1899,254,469.1663497204253,262.38071930134026,769.5270690217656,24.59605212089343,3.237973922338241,56.95595003287311,52.13504557120494,1.149857694978131,0.986696716312795,0.3265191201271009,0.8372911875435075,0.2912955753430181,0.092307500791853,within,0.0467496852473073,0.1398722715003754,0.09214501510574,0.0904630313139894,0.092307500791853
fish2,16.0,5163,258.15,20.0,20.0,24.7546677406541,2.879227922157729,1.8418338704505504,48.131864496246905,47.82057435265104,1163,254,468.98737385613714,262.3879588846736,754.6353327408108,24.59605212089343,3.237973922338241,56.95595003287311,52.13504557120494,0.4023823198301919,0.986696716312795,0.3265191201271009,0.8372911875435075,0.2912955753430181,0.1420112196697464,within,0.0163596303119061,0.1543719633548525,0.3002265861027189,0.0970866989095079,0.1420112196697463
fish2,16.0,5397,269.85,20.0,20.0,24.7546677406541,2.879227922157729,1.8418338704505504,48.131864496246905,47.82057435265104,1326,428,481.1630422212388,256.103232396433,763.7862746176718,24.59605212089343,3.237973922338241,56.95595003287311,52.13504557120494,0.0062991803892025,0.986696716312795,0.3265191201271009,0.8372911875435075,0.2912955753430181,0.1588798724818484,within,0.0002561053439895,0.2255872097655743,0.3196752265861027,0.0900009482317271,0.1588798724818484
fish2,16.0,5398,269.9,20.0,20.0,24.7546677406541,2.879227922157729,1.8418338704505504,48.131864496246905,47.82057435265104,1330,428,481.01238693305135,256.92633786518303,764.5387247982344,24.59605212089343,3.237973922338241,56.95595003287311,52.13504557120494,0.0062991803892025,0.986696716312795,0.3265191201271009,0.8372911875435075,0.2912955753430181,0.1588798724818484,within,0.0002561053439895,0.2255872097655743,0.3196752265861027,0.0900009482317271,0.1588798724818484
fish2,16.0,5399,269.95,20.0,20.0,24.7546677406541,2.879227922157729,1.8418338704505504,48.131864496246905,47.82057435265104,1310,428,480.7251473810644,256.925830052683,763.8509774337474,24.59605212089343,3.237973922338241,56.95595003287311,52.13504557120494,0.0062991803892025,0.986696716312795,0.3265191201271009,0.8372911875435075,0.2912955753430181,0.159663323047039,within,0.0002561053439895,0.2255872097655743,0.3213746223564954,0.091435354722097,0.1596633230470391
fish2,16.0,5400,270.0,20.0,20.0,24.7546677406541,2.879227922157729,1.8418338704505504,48.131864496246905,47.82057435265104,1307,428,480.54694428499954,256.92275062559975,763.6096949105993,24.59605212089343,3.237973922338241,56.95595003287311,52.13504557120494,0.0442042088564029,0.986696716312795,0.3265191201271009,0.8372911875435075,0.2912955753430181,0.1616986175096592,within,0.0017972074802547,0.2256470797280157,0.3243957703927493,0.0949544124376172,0.1616986175096592
fish2,16.0,5401,270.05,20.0,20.0,24.7546677406541,2.879227922157729,1.8418338704505504,48.131864496246905,47.82057435265104,1321,413,480.0879555731692,256.9257649485164,763.4337205216856,24.59605212089343,3.237973922338241,56.95595003287311,52.13504557120494,0.0,0.986696716312795,0.3265191201271009,0.8372911875435075,0.2912955753430181,0.1615547708920754,within,0.0,0.2256470797280157,0.3271336858006042,0.0934383180396816,0.1615547708920754
fish2,16.0,5402,270.1,20.0,20.0,24.7546677406541,2.879227922157729,1.8418338704505504,48.131864496246905,47.82057435265104,1310,412,479.8783722782653,260.6074641672664,766.6858364455318,24.59605212089343,3.237973922338241,56.95595003287311,52.13504557120494,0.0221035703766325,0.986696716312795,0.3265191201271009,0.8372911875435075,0.2912955753430181,0.1688792889855541,within,0.0008986633410917,0.2426658187306059,0.335630664652568,0.0963220092179506,0.1688792889855541
fish2,16.0,5403,270.15,20.0,20.0,24.7546677406541,2.879227922157729,1.8418338704505504,48.131864496246905,47.82057435265104,1327,389,479.628237726659,260.73697588601635,766.9052136126753,24.59605212089343,3.237973922338241,56.95595003287311,52.13504557120494,0.0221035703766325,0.986696716312795,0.3265191201271009,0.8372911875435075,0.2912955753430181,0.1688792889855541,within,0.0008986633410917,0.2426658187306059,0.335630664652568,0.0963220092179506,0.1688792889855541
fish2,16.0,5408,270.4,20.0,20.0,24.7546677406541,2.879227922157729,1.8418338704505504,48.131864496246905,47.82057435265104,5733,319,477.9754685905552,260.7356607818498,853.3711293724049,24.59605212089343,3.237973922338241,56.95595003287311,52.13504557120494,1.10496742225806,0.986696716312795,0.3265191201271009,0.8372911875435075,0.2912955753430181,0.1294554455001431,within,0.0449245845157171,0.1414443384524372,0.2685989425981873,0.0628539164342311,0.1294554455001432
fish3,81.9,134,6.7,20.0,20.0,20.156984674176705,9.441603652535013,5.804049496436775,128.21296436567567,48.55908434914214,5169,2992,452.7086153717983,268.866171284824,824.9547866566223,19.76003232209579,9.436867755392324,126.31828922495274,47.81281936686972,1.1790692934208913,0.8883749229239962,0.7840386915784875,0.8870512545653065,0.6629013960329246,0.0512839043287694,within,0.0596694010516596,0.093246713627405,0.0148421548610018,0.037377347775011,0.0512839043287694
fish3,81.9,135,6.75,20.0,20.0,20.156984674176705,9.441603652535013,5.804049496436775,128.21296436567567,48.55908434914214,5091,2862,452.7472915743604,268.8649277952406,823.4322193696011,19.76003232209579,9.436867755392324,126.31828922495274,47.81281936686972,0.6618780649198825,0.8883749229239962,0.7840386915784875,0.8870512545653065,0.6629013960329246,0.0374774738125142,within,0.0334957986976451,0.0787365275364231,0.003926495994974,0.0337510730210146,0.0374774738125142
fish3,81.9,136,6.8,20.0,20.0,20.156984674176705,9.441603652535013,5.804049496436775,128.21296436567567,48.55908434914214,5118,2785,461.1547177643764,268.86982362857395,832.3845413929504,19.76003232209579,9.436867755392324,126.31828922495274,47.81281936686972,0.9145435013226048,0.8883749229239962,0.7840386915784875,0.8870512545653065,0.6629013960329246,0.0494338259867146,within,0.0462824901505834,0.1035864905103479,0.0296057798021046,0.0182605434838226,0.0494338259867146
fish3,81.9,137,6.85,20.0,20.0,20.156984674176705,9.441603652535013,5.804049496436775,128.21296436567567,48.55908434914214,5230,2681,461.1641101313651,268.8705332639906,834.6346433953557,19.76003232209579,9.436867755392324,126.31828922495274,47.81281936686972,0.869348498014368,0.8883749229239962,0.7840386915784875,0.8870512545653065,0.6629013960329246,0.0389050980535376,within,0.0439952973681252,0.0795091788808486,0.0060468038322601,0.0260691121329167,0.0389050980535377
fish3,81.9,138,6.9,20.0,20.0,20.156984674176705,9.441603652535013,5.804049496436775,128.21296436567567,48.55908434914214,5069,2662,461.0255814826118,268.4059759723239,830.8115574549357,19.76003232209579,9.436867755392324,126.31828922495274,47.81281936686972,0.6936130295698284,0.8883749229239962,0.7840386915784875,0.8870512545653065,0.6629013960329246,0.0374596674737143,within,0.0351018165488639,0.0860923964243109,0.0036123763153762,0.025032080606306,0.0374596674737142
fish3,81.9,139,6.95,20.0,20.0,20.156984674176705,9.441603652535013,5.804049496436775,128.21296436567567,48.55908434914214,5246,2610,461.0895311468431,268.4027988889906,834.4123300358336,19.76003232209579,9.436867755392324,126.31828922495274,47.81281936686972,0.7245666309244392,0.8883749229239962,0.7840386915784875,0.8870512545653065,0.6629013960329246,0.038088430272862,within,0.0366682917878744,0.0846860306150209,0.0080885817496466,0.0229108169389059,0.038088430272862
fish3,81.9,140,7.0,20.0,20.0,20.156984674176705,9.441603652535013,5.804049496436775,128.21296436567567,48.55908434914214,5209,2663,461.1042576763955,268.4046934202406,833.6889510966362,19.76003232209579,9.436867755392324,126.31828922495274,47.81281936686972,0.3139364615640652,0.8883749229239962,0.7840386915784875,0.8870512545653065,0.6629013960329246,0.0312406276281105,within,0.0158874467635873,0.0684553081070602,0.0172765823778857,0.0233431732639087,0.0312406276281105
fish3,81.9,141,7.05,20.0,20.0,20.156984674176705,9.441603652535013,5.804049496436775,128.21296436567567,48.55908434914214,5342,2723,461.0536934271731,268.40678977440723,836.3004832015803,19.76003232209579,9.436867755392324,126.31828922495274,47.81281936686972,0.3691532410570808,0.8883749229239962,0.7840386915784875,0.8870512545653065,0.6629013960329246,0.0342692571314447,within,0.0186818136245805,0.0536488256872906,0.0373017119522538,0.0274446772616541,0.0342692571314447
fish3,81.9,142,7.1,20.0,20.0,20.156984674176705,9.441603652535013,5.804049496436775,128.21296436567567,48.55908434914214,5378,2819,460.9914668933256,268.4137754514906,836.965242344816,19.76003232209579,9.436867755392324,126.31828922495274,47.81281936686972,0.4243555019753593,0.8883749229239962,0.7840386915784875,0.8870512545653065,0.6629013960329246,0.0352330690015096,within,0.0214754457410903,0.0316594052865538,0.0560703628082298,0.0317270621701649,0.0352330690015097
fish3,81.9,143,7.15,20.0,20.0,20.156984674176705,9.441603652535013,5.804049496436775,128.21296436567567,48.55908434914214,5382,2919,461.0284156426136,268.4066986285739,837.0751142711874,19.76003232209579,9.436867755392324,126.31828922495274,47.81281936686972,0.521710464857744,0.8883749229239962,0.7840386915784875,0.8870512545653065,0.6629013960329246,0.0397195452774582,within,0.0264023082732695,0.0135218371600555,0.0801005182974713,0.0388535173790364,0.0397195452774582
fish3,81.9,144,7.2,20.0,20.0,20.156984674176705,9.441603652535013,5.804049496436775,128.21296436567567,48.55908434914214,5435,2949,460.9411023328993,268.40667909732383,838.0477814302233,19.76003232209579,9.436867755392324,126.31828922495274,47.81281936686972,0.5259129323109661,0.8883749229239962,0.7840386915784875,0.8870512545653065,0.6629013960329246,0.0411478815854994,within,0.0266149834037916,0.0013551554519455,0.0955709125176693,0.0410504749685911,0.0411478815854994
fish3,81.9,145,7.25,20.0,20.0,20.156984674176705,9.441603652535013,5.804049496436775,128.21296436567567,48.55908434914214,5470,2876,460.9068445230932,268.4096413369072,838.7164858600003,19.76003232209579,9.436867755392324,126.31828922495274,47.81281936686972,0.765090612776337,0.8883749229239962,0.7840386915784875,0.8870512545653065,0.6629013960329246,0.0463943964213474,within,0.0387190972314762,0.0167148632524453,0.0903094078844039,0.0398342173170645,0.0463943964213475
fish3,81.9,146,7.3,20.0,20.0,20.156984674176705,9.441603652535013,5.804049496436775,128.21296436567567,48.55908434914214,5486,2869,461.02176645144266,268.40962823333746,839.1513946847801,19.76003232209579,9.436867755392324,126.31828922495274,47.81281936686972,0.8018054485635311,0.8883749229239962,0.7840386915784875,0.8870512545653065,0.6629013960329246,0.050065227290744,within,0.0405771324405652,0.0209917505268251,0.0965132715564629,0.0421787546391228,0.050065227290744
fish3,81.9,147,7.35,20.0,20.0,20.156984674176705,9.441603652535013,5.804049496436775,128.21296436567567,48.55908434914214,5525,2830,460.9851214913075,268.41173109792084,839.8968525892283,19.76003232209579,9.436867755392324,126.31828922495274,47.81281936686972,0.7831424806650915,0.8883749229239962,0.7840386915784875,0.8870512545653065,0.6629013960329246,0.048791955338657,within,0.0396326518043888,0.0151979620251623,0.0991047589131459,0.041232448611931,0.048791955338657
fish3,81.9,148,7.4,20.0,20.0,20.156984674176705,9.441603652535013,5.804049496436775,128.21296436567567,48.55908434914214,5548,2824,461.0269356180073,268.41235609792085,840.3992917159283,19.76003232209579,9.436867755392324,126.31828922495274,47.81281936686972,0.7831424806650915,0.8883749229239962,0.7840386915784875,0.8870512545653065,0.6629013960329246,0.0476483940357292,within,0.0396326518043888,0.0070915927397092,0.1021674257892256,0.0417019058095933,0.0476483940357292
fish3,81.9,149,7.45,20.0,20.0,20.156984674176705,9.441603652535013,5.804049496436775,128.21296436567567,48.55908434914214,5450,2761,461.0307290072216,268.4102141708375,838.4409431780591,19.76003232209579,9.436867755392324,126.31828922495274,47.81281936686972,0.6650233161576473,0.8883749229239962,0.7840386915784875,0.8870512545653065,0.6629013960329246,0.04403363239698,within,0.0336549710707718,0.0121911354761777,0.0956494424375687,0.034638980603402,0.0440336323969801
fish3,81.9,150,7.5,20.0,20.0,20.156984674176705,9.441603652535013,5.804049496436775,128.21296436567567,48.55908434914214,5426,2563,462.27962645572615,263.9913019975027,834.7909284532288,19.76003232209579,9.436867755392324,126.31828922495274,47.81281936686972,0.9544445043309366,0.8883749229239962,0.7840386915784875,0.8870512545653065,0.6629013960329246,0.0470721312362527,within,0.0483017683763439,0.0044853474227977,0.0994974085126432,0.0360040006332262,0.0470721312362528
fish3,81.9,151,7.55,20.0,20.0,20.156984674176705,9.441603652535013,5.804049496436775,128.21296436567567,48.55908434914214,5455,2514,461.9337627450262,265.29462882041935,836.3283915654455,19.76003232209579,9.436867755392324,126.31828922495274,47.81281936686972,0.9199536502204602,0.8883749229239962,0.7840386915784875,0.8870512545653065,0.6629013960329246,0.0495734184214233,within,0.0465562826631494,0.0215870846382196,0.095335322757971,0.0348149836263533,0.0495734184214233
fish3,81.9,152,7.6,20.0,20.0,20.156984674176705,9.441603652535013,5.804049496436775,128.21296436567567,48.55908434914214,5489,2446,461.875351295735,265.29283845583603,836.948189751571,19.76003232209579,9.436867755392324,126.31828922495274,47.81281936686972,0.8973376703803062,0.8883749229239962,0.7840386915784875,0.8870512545653065,0.6629013960329246,0.0515118387067566,within,0.0454117511425775,0.030908356598224,0.095335322757971,0.0343919243282538,0.0515118387067566
fish3,81.9,153,7.65,20.0,20.0,20.156984674176705,9.441603652535013,5.804049496436775,128.21296436567567,48.55908434914214,5531,2394,461.8222783514892,265.29559236208604,837.7378707135753,19.76003232209579,9.436867755392324,126.31828922495274,47.81281936686972,0.84049085090464,0.8883749229239962,0.7840386915784875,0.8870512545653065,0.6629013960329246,0.0466398664843984,within,0.0425348925145632,0.0257861146241317,0.0856761426103346,0.0325623161885639,0.0466398664843984
fish3,81.9,154,7.7,20.0,20.0,20.156984674176705,9.441603652535013,5.804049496436775,128.21296436567567,48.55908434914214,5594,2313,461.9352080342609,265.2980793412527,839.1132873755136,19.76003232209579,9.436867755392324,126.31828922495274,47.81281936686972,0.8311316496763723,0.8883749229239962,0.7840386915784875,0.8870512545653065,0.6629013960329246,0.0496046758096377,within,0.0420612495024613,0.0343537061001403,0.087403800848123,0.0345999467878262,0.0496046758096377
fish3,81.9,369,18.45,20.0,20.0,20.156984674176705,9.441603652535013,5.804049496436775,128.21296436567567,48.55908434914214,5267,505,466.4861976718478,265.1215201057328,836.9477177775806,19.76003232209579,9.436867755392324,126.31828922495274,47.81281936686972,1.1431859760054088,0.8883749229239962,0.7840386915784875,0.8870512545653065,0.6629013960329246,0.0309160910449954,within,0.0578534466629943,0.0008657511161279,0.0548138840898383,0.0101312823110209,0.0309160910449954
fish3,81.9,370,18.5,20.0,20.0,20.156984674176705,9.441603652535013,5.804049496436775,128.21296436567567,48.55908434914214,5160,485,466.35973497629055,265.1168000536495,834.6765350299402,19.76003232209579,9.436867755392324,126.31828922495274,47.81281936686972,1.2469977450376677,0.8883749229239962,0.7840386915784875,0.8870512545653065,0.6629013960329246,0.0398370926913982,within,0.0631070701055112,0.0823468577291836,0.0059682739123602,0.0079261690185375,0.0398370926913981
fish3,81.9,371,18.55,20.0,20.0,20.156984674176705,9.441603652535013,5.804049496436775,128.21296436567567,48.55908434914214,5180,435,466.41138860850384,265.1260969286495,835.1374855371533,19.76003232209579,9.436867755392324,126.31828922495274,47.81281936686972,1.2334901910438454,0.8883749229239962,0.7840386915784875,0.8870512545653065,0.6629013960329246,0.0323317287602943,within,0.0624234905559617,0.0023132387327071,0.0543427045704413,0.0102474811820672,0.0323317287602943
fish3,81.9,372,18.6,20.0,20.0,20.156984674176705,9.441603652535013,5.804049496436775,128.21296436567567,48.55908434914214,5175,306,466.2996090853469,265.1273859911494,834.9269950764963,19.76003232209579,9.436867755392324,126.31828922495274,47.81281936686972,0.7865913021020496,0.8883749229239962,0.7840386915784875,0.8870512545653065,0.6629013960329246,0.0250886580463041,within,0.0398071870167175,0.0062901013011053,0.0492382597769752,0.0050190840904186,0.0250886580463041
fish3,81.9,373,18.65,20.0,20.0,20.156984674176705,9.441603652535013,5.804049496436775,128.21296436567567,48.55908434914214,5075,306,466.3933634831746,265.13423494948273,833.0275984326573,19.76003232209579,9.436867755392324,126.31828922495274,47.81281936686972,0.6113969805343302,0.8883749229239962,0.7840386915784875,0.8870512545653065,0.6629013960329246,0.0183307212628392,within,0.0309410921282078,0.0169930659860257,0.0252081042877335,0.0001806226493897,0.0183307212628392
fish3,81.9,374,18.7,20.0,20.0,20.156984674176705,9.441603652535013,5.804049496436775,128.21296436567567,48.55908434914214,5026,306,466.28534704130186,265.13887036614943,831.9442174074513,19.76003232209579,9.436867755392324,126.31828922495274,47.81281936686972,0.7033048381467815,0.8883749229239962,0.7840386915784875,0.8870512545653065,0.6629013960329246,0.0278857466894581,within,0.0355922918891353,0.0634952505409161,0.0073032825506519,0.0051521617771291,0.0278857466894581
fish3,81.9,375,18.75,20.0,20.0,20.156984674176705,9.441603652535013,5.804049496436775,128.21296436567567,48.55908434914214,5001,306,466.3350519801765,265.1316828661494,831.4867348463258,19.76003232209579,9.436867755392324,126.31828922495274,47.81281936686972,0.8001582502652838,0.8883749229239962,0.7840386915784875,0.8870512545653065,0.6629013960329246,0.0405329328770939,within,0.0404937723391548,0.0951654571555178,0.0219098476519553,0.0045626543617479,0.040532932877094
fish3,81.9,376,18.8,20.0,20.0,20.156984674176705,9.441603652535013,5.804049496436775,128.21296436567567,48.55908434914214,4940,306,466.43521251761337,265.1317154182328,830.3669279358461,19.76003232209579,9.436867755392324,126.31828922495274,47.81281936686972,0.804635250768218,0.8883749229239962,0.7840386915784875,0.8870512545653065,0.6629013960329246,0.0464443759648298,within,0.040720340819912,0.1077113915849867,0.0302340191613004,0.0071117522931201,0.0464443759648298
fish3,81.9,377,18.85,20.0,20.0,20.156984674176705,9.441603652535013,5.804049496436775,128.21296436567567,48.55908434914214,4884,306,466.3716664857464,265.1323013557328,829.1839678414792,19.76003232209579,9.436867755392324,126.31828922495274,47.81281936686972,0.8049902959142337,0.8883749229239962,0.7840386915784875,0.8870512545653065,0.6629013960329246,0.0473606265653777,within,0.0407383086622833,0.1095648336831245,0.0318831474791895,0.0072562164369136,0.0473606265653777
fish3,81.9,378,18.9,20.0,20.0,20.156984674176705,9.441603652535013,5.804049496436775,128.21296436567567,48.55908434914214,4871,274,466.2200171801909,265.1343911994827,828.7744083796734,19.76003232209579,9.436867755392324,126.31828922495274,47.81281936686972,0.7646814529426358,0.8883749229239962,0.7840386915784875,0.8870512545653065,0.6629013960329246,0.0389363729076148,within,0.0386983907960294,0.1023832664290666,0.0092665305481387,0.0053973038572243,0.0389363729076147
fish3,81.9,379,18.95,20.0,20.0,20.156984674176705,9.441603652535013,5.804049496436775,128.21296436567567,48.55908434914214,4811,309,463.8803384023407,265.13575187656613,825.2360902789069,19.76003232209579,9.436867755392324,126.31828922495274,47.81281936686972,0.7886674582904689,0.8883749229239962,0.7840386915784875,0.8870512545653065,0.6629013960329246,0.0356497632822351,within,0.0399122554778704,0.0936727903799971,0.0015705983979897,0.0074434088730832,0.0356497632822351
fish3,81.9,380,19.0,20.0,20.0,20.156984674176705,9.441603652535013,5.804049496436775,128.21296436567567,48.55908434914214,4749,309,464.12069866112574,265.1395279182328,824.2402265793585,19.76003232209579,9.436867755392324,126.31828922495274,47.81281936686972,0.7912781620035574,0.8883749229239962,0.7840386915784875,0.8870512545653065,0.6629013960329246,0.0404020826171282,within,0.0400443758950101,0.1023039287555367,0.0171980524579865,0.0020619733599795,0.0404020826171282
fish3,81.9,381,19.05,20.0,20.0,20.156984674176705,9.441603652535013,5.804049496436775,128.21296436567567,48.55908434914214,4612,298,464.211354111735,269.2784406786495,825.7297947903844,19.76003232209579,9.436867755392324,126.31828922495274,47.81281936686972,0.7056555273849199,0.8883749229239962,0.7840386915784875,0.8870512545653065,0.6629013960329246,0.0377868946791708,within,0.0357112537005241,0.0822817756155138,0.0246583948484373,0.008496154552208,0.0377868946791708
fish3,81.9,382,19.1,20.0,20.0,20.156984674176705,9.441603652535013,5.804049496436775,128.21296436567567,48.55908434914214,4480,342,464.1932594874064,269.27942375156607,823.0726832389724,19.76003232209579,9.436867755392324,126.31828922495274,47.81281936686972,0.7977032912630833,0.8883749229239962,0.7840386915784875,0.8870512545653065,0.6629013960329246,0.0502004225416686,within,0.040369533726475,0.1077408896280822,0.0433485157845138,0.0093427510276032,0.0502004225416686
fish3,81.9,383,19.15,20.0,20.0,20.156984674176705,9.441603652535013,5.804049496436775,128.21296436567567,48.55908434914214,4484,264,464.1447829227401,269.2839745328161,823.1087574555563,19.76003232209579,9.436867755392324,126.31828922495274,47.81281936686972,0.7056555273849199,0.8883749229239962,0.7840386915784875,0.8870512545653065,0.6629013960329246,0.0380352804237714,within,0.0357112537005241,0.0802437240171859,0.0266216428459243,0.0095645011314515,0.0380352804237715
fish3,81.9,384,19.2,20.0,20.0,20.156984674176705,9.441603652535013,5.804049496436775,128.21296436567567,48.55908434914214,4475,170,464.1140884907288,269.28699536614937,822.9010838568781,19.76003232209579,9.436867755392324,126.31828922495274,47.81281936686972,0.7398982458543024,0.8883749229239962,0.7840386915784875,0.8870512545653065,0.6629013960329246,0.0360192857735333,within,0.0374441819625438,0.0702863799420324,0.0252866342076331,0.0110599469819239,0.0360192857735333
fish3,81.9,385,19.25,20.0,20.0,20.156984674176705,9.441603652535013,5.804049496436775,128.21296436567567,48.55908434914214,4418,170,464.1101214687019,269.2886880744828,821.7588095431846,19.76003232209579,9.436867755392324,126.31828922495274,47.81281936686972,0.1671906272723724,0.8883749229239962,0.7840386915784875,0.8870512545653065,0.6629013960329246,0.0189204821811085,within,0.008461050293193,0.037920118202716,0.0147636249411025,0.0145371352874223,0.0189204821811085
fish3,81.9,386,19.3,20.0,20.0,20.156984674176705,9.441603652535013,5.804049496436775,128.21296436567567,48.55908434914214,4438,95,464.1168055084606,269.28934562656605,822.1661511350267,19.76003232209579,9.436867755392324,126.31828922495274,47.81281936686972,0.2499267052577884,0.8883749229239962,0.7840386915784875,0.8870512545653065,0.6629013960329246,0.0240284612249795,within,0.0126480919253517,0.0459224219011894,0.0215171980524581,0.0160261330209188,0.0240284612249795
fish3,81.9,387,19.35,20.0,20.0,20.156984674176705,9.441603652535013,5.804049496436775,128.21296436567567,48.55908434914214,4416,95,464.09448781708153,269.2895148973994,821.7040027144809,19.76003232209579,9.436867755392324,126.31828922495274,47.81281936686972,0.4485711647782366,0.8883749229239962,0.7840386915784875,0.8870512545653065,0.6629013960329246,0.0407405844067662,within,0.0227009327447628,0.081235307863619,0.040285848908434,0.0187402481102491,0.0407405844067662
fish3,81.9,397,19.85,20.0,20.0,20.156984674176705,9.441603652535013,5.804049496436775,128.21296436567567,48.55908434914214,3976,88,465.8100216783124,269.2931542203161,814.6231758986285,19.76003232209579,9.436867755392324,126.31828922495274,47.81281936686972,1.0025181450498124,0.8883749229239962,0.7840386915784875,0.8870512545653065,0.6629013960329246,0.0593513403219882,within,0.0507346409514113,0.0581897697935432,0.0839484843725458,0.0445324661704524,0.0593513403219882
fish3,81.9,398,19.9,20.0,20.0,20.156984674176705,9.441603652535013,5.804049496436775,128.21296436567567,48.55908434914214,3949,194,465.8094921617108,269.2946646369828,814.0841567986936,19.76003232209579,9.436867755392324,126.31828922495274,47.81281936686972,0.9704360544764477,0.8883749229239962,0.7840386915784875,0.8870512545653065,0.6629013960329246,0.0543075193661118,within,0.04911105602754,0.0446473169007666,0.0796293387780746,0.0438423657580662,0.0543075193661118
fish3,81.9,399,19.95,20.0,20.0,20.156984674176705,9.441603652535013,5.804049496436775,128.21296436567567,48.55908434914214,3985,275,465.8168098700441,269.2956932828161,814.8125031528602,19.76003232209579,9.436867755392324,126.31828922495274,47.81281936686972,1.0193649712348003,0.8883749229239962,0.7840386915784875,0.8870512545653065,0.6629013960329246,0.0570417540267457,within,0.0515872117321863,0.0446473169007666,0.0844981938118421,0.0474342936621877,0.0570417540267457
fish3,81.9,498,24.9,20.0,20.0,20.156984674176705,9.441603652535013,5.804049496436775,128.21296436567567,48.55908434914214,4235,1510,455.7028428819256,261.2213735649956,801.6242164469213,19.76003232209579,9.436867755392324,126.31828922495274,47.81281936686972,0.0734375907969777,0.8883749229239962,0.7840386915784875,0.8870512545653065,0.6629013960329246,0.0378723799999814,within,0.0037164711878967,0.0096448731688324,0.0991832888330454,0.0389448868101512,0.0378723799999814
fish3,81.9,499,24.95,20.0,20.0,20.156984674176705,9.441603652535013,5.804049496436775,128.21296436567567,48.55908434914214,4244,1504,455.613580722366,261.2214907524956,801.7150714748616,19.76003232209579,9.436867755392324,126.31828922495274,47.81281936686972,0.1376308090931992,0.8883749229239962,0.7840386915784875,0.8870512545653065,0.6629013960329246,0.032936870875942,within,0.0069651105246067,0.0047578479324339,0.0874038008481232,0.0326207241986042,0.032936870875942
fish3,81.9,500,25.0,20.0,20.0,20.156984674176705,9.441603652535013,5.804049496436775,128.21296436567567,48.55908434914214,4186,1570,455.6693402560011,261.22358710666225,800.6129273626634,19.76003232209579,9.436867755392324,126.31828922495274,47.81281936686972,0.184205077002133,0.8883749229239962,0.7840386915784875,0.8870512545653065,0.6629013960329246,0.0423828442318729,within,0.0093221040330055,0.0105942934555246,0.1095492382597769,0.0400657411791845,0.0423828442318729
fish3,81.9,501,25.05,20.0,20.0,20.156984674176705,9.441603652535013,5.804049496436775,128.21296436567567,48.55908434914214,4210,1594,455.6745529283124,261.22120429416225,801.0957572224747,19.76003232209579,9.436867755392324,126.31828922495274,47.81281936686972,0.291246568979755,0.8883749229239962,0.7840386915784875,0.8870512545653065,0.6629013960329246,0.0490385725719157,within,0.0147391747256446,0.0049637859433377,0.129260248154547,0.0471910814641335,0.0490385725719157
fish3,81.9,502,25.1,20.0,20.0,20.156984674176705,9.441603652535013,5.804049496436775,128.21296436567567,48.55908434914214,4292,1582,455.6476605819701,261.223085804579,802.7107463865492,19.76003232209579,9.436867755392324,126.31828922495274,47.81281936686972,0.291246568979755,0.8883749229239962,0.7840386915784875,0.8870512545653065,0.6629013960329246,0.0351587539339602,within,0.0147391747256446,0.0006738493487789,0.092115596042092,0.0331063956193253,0.0351587539339602
fish3,81.9,503,25.15,20.0,20.0,20.156984674176705,9.441603652535013,5.804049496436775,128.21296436567567,48.55908434914214,4339,1599,455.5282855834771,261.2211847629123,803.5294703463894,19.76003232209579,9.436867755392324,126.31828922495274,47.81281936686972,0.231324451399189,0.8883749229239962,0.7840386915784875,0.8870512545653065,0.6629013960329246,0.0412446806079001,within,0.0117066838570156,0.0117724606488978,0.1024030155489241,0.0390965623767631,0.0412446806079001
fish3,81.9,504,25.2,20.0,20.0,20.156984674176705,9.441603652535013,5.804049496436775,128.21296436567567,48.55908434914214,4409,1599,455.410104155816,261.223144398329,804.813248554145,19.76003232209579,9.436867755392324,126.31828922495274,47.81281936686972,0.1000567376552368,0.8883749229239962,0.7840386915784875,0.8870512545653065,0.6629013960329246,0.0398387755462936,within,0.0050635918010798,0.0319887087193255,0.0858332024501336,0.0364695992146358,0.0398387755462937
fish3,81.9,505,25.25,20.0,20.0,20.156984674176705,9.441603652535013,5.804049496436775,128.21296436567567,48.55908434914214,4414,1629,455.3569053532919,261.2252863254124,804.8621916787042,19.76003232209579,9.436867755392324,126.31828922495274,47.81281936686972,0.0239120926036804,0.8883749229239962,0.7840386915784875,0.8870512545653065,0.6629013960329246,0.0398762275715171,within,0.0012101241644702,0.0355477737256656,0.0874038008481232,0.0353432115478095,0.0398762275715171
fish3,81.9,506,25.3,20.0,20.0,20.156984674176705,9.441603652535013,5.804049496436775,128.21296436567567,48.55908434914214,4463,1635,455.3310025958589,261.22507799207904,805.8160805879379,19.76003232209579,9.436867755392324,126.31828922495274,47.81281936686972,0.0702342652602361,0.8883749229239962,0.7840386915784875,0.8870512545653065,0.6629013960329246,0.0407200316198824,within,0.0035543598368357,0.0368025919678253,0.0870111512486257,0.0355120234262426,0.0407200316198823
fish3,81.9,507,25.35,20.0,20.0,20.156984674176705,9.441603652535013,5.804049496436775,128.21296436567567,48.55908434914214,4402,1672,455.4412239390433,261.2269204399957,804.7081443790389,19.76003232209579,9.436867755392324,126.31828922495274,47.81281936686972,0.0731445795612337,0.8883749229239962,0.7840386915784875,0.8870512545653065,0.6629013960329246,0.0453586691712968,within,0.003701642708319,0.0651400131743304,0.0809643474163655,0.0316286733861722,0.0453586691712967
fish3,81.9,512,25.6,20.0,20.0,20.156984674176705,9.441603652535013,5.804049496436775,128.21296436567567,48.55908434914214,4377,1751,455.6027213360633,261.2260871066624,804.3688084427256,19.76003232209579,9.436867755392324,126.31828922495274,47.81281936686972,0.2662099467686154,0.8883749229239962,0.7840386915784875,0.8870512545653065,0.6629013960329246,0.0403674269688278,within,0.0134721412611728,0.1150175853296691,0.026935762525522,0.0060442187589474,0.0403674269688278
fish3,81.9,520,26.0,20.0,20.0,20.156984674176705,9.441603652535013,5.804049496436775,128.21296436567567,48.55908434914214,4349,1977,439.09709562308217,262.37011705457894,788.4472126776611,19.76003232209579,9.436867755392324,126.31828922495274,47.81281936686972,0.8957063105272312,0.8883749229239962,0.7840386915784875,0.8870512545653065,0.6629013960329246,0.0378347149360447,within,0.0453291925806035,0.0245451133092208,0.0530076959321502,0.0284568579222046,0.0378347149360448
fish3,81.9,521,26.05,20.0,20.0,20.156984674176705,9.441603652535013,5.804049496436775,128.21296436567567,48.55908434914214,4307,2119,439.0608197871267,262.370702992079,787.5715227792057,19.76003232209579,9.436867755392324,126.31828922495274,47.81281936686972,0.9677395591853184,0.8883749229239962,0.7840386915784875,0.8870512545653065,0.6629013960329246,0.0461980311651868,within,0.0489745939384515,0.0328066488808453,0.0713836971886287,0.0316271846528218,0.0461980311651868
fish3,81.9,657,32.85,20.0,20.0,20.156984674176705,9.441603652535013,5.804049496436775,128.21296436567567,48.55908434914214,4191,10350,456.9051344785149,269.45713860904914,810.1822730875641,19.76003232209579,9.436867755392324,126.31828922495274,47.81281936686972,0.7662323006994036,0.8883749229239962,0.7840386915784875,0.8870512545653065,0.6629013960329246,0.0412458671234014,within,0.0387768748658675,0.0444270136718494,0.0296843097220039,0.0520952702338849,0.0412458671234014
fish3,81.9,658,32.9,20.0,20.0,20.156984674176705,9.441603652535013,5.804049496436775,128.21296436567567,48.55908434914214,4120,10218,456.8757594738431,269.4606281923825,808.7363876662256,19.76003232209579,9.436867755392324,126.31828922495274,47.81281936686972,0.6407693771122638,0.8883749229239962,0.7840386915784875,0.8870512545653065,0.6629013960329246,0.0351890109847208,within,0.0324275470134606,0.0436368170229805,0.013035966703314,0.0516557131991281,0.0351890109847208
fish3,81.9,659,32.95,20.0,20.0,20.156984674176705,9.441603652535013,5.804049496436775,128.21296436567567,48.55908434914214,4074,10201,456.7600476533679,269.45497715071576,807.6950248040837,19.76003232209579,9.436867755392324,126.31828922495274,47.81281936686972,0.6183856944680173,0.8883749229239962,0.7840386915784875,0.8870512545653065,0.6629013960329246,0.0358217333186987,within,0.0312947714046264,0.0592296580562718,0.0010994188785924,0.0516630849353043,0.0358217333186987
fish3,81.9,660,33.0,20.0,20.0,20.156984674176705,9.441603652535013,5.804049496436775,128.21296436567567,48.55908434914214,4095,10064,456.9344313176474,269.45485996321577,808.2892912808632,19.76003232209579,9.436867755392324,126.31828922495274,47.81281936686972,0.6416787678394194,0.8883749229239962,0.7840386915784875,0.8870512545653065,0.6629013960329246,0.0353192538786369,within,0.0324735687361143,0.0424049173347497,0.0059682739123602,0.0604302555313231,0.0353192538786368
fish3,81.9,661,33.05,20.0,20.0,20.156984674176705,9.441603652535013,5.804049496436775,128.21296436567567,48.55908434914214,4036,9953,456.98046427361777,269.46144199446564,807.1619062680834,19.76003232209579,9.436867755392324,126.31828922495274,47.81281936686972,0.7546530774056954,0.8883749229239962,0.7840386915784875,0.8870512545653065,0.6629013960329246,0.0406946985246266,within,0.038190882742729,0.05027453466837,0.0078529919899481,0.0664603846974595,0.0406946985246266
fish3,81.9,1208,60.4,20.0,20.0,20.156984674176705,9.441603652535013,5.804049496436775,128.21296436567567,48.55908434914214,3953,6339,460.06089834253777,264.5777245497704,803.6986228923081,19.76003232209579,9.436867755392324,126.31828922495274,47.81281936686972,0.5548431722944223,0.8883749229239962,0.7840386915784875,0.8870512545653065,0.6629013960329246,0.0588223832928018,within,0.0280790619797718,0.0494100994500752,0.1120621956965604,0.0457381760448,0.0588223832928018
fish3,81.9,1213,60.65,20.0,20.0,20.156984674176705,9.441603652535013,5.804049496436775,128.21296436567567,48.55908434914214,3932,6508,460.1008333326552,264.5926789768537,803.3335123095088,19.76003232209579,9.436867755392324,126.31828922495274,47.81281936686972,0.0011205699961642,0.8883749229239962,0.7840386915784875,0.8870512545653065,0.6629013960329246,0.0393804614165608,within,5.67089151425528e-05,0.009022014861092,0.1093921784199784,0.0390509434700303,0.0393804614165608
fish3,81.9,1214,60.7,20.0,20.0,20.156984674176705,9.441603652535013,5.804049496436775,128.21296436567567,48.55908434914214,3819,6496,459.9676388876832,264.59043939352034,800.9380782812035,19.76003232209579,9.436867755392324,126.31828922495274,47.81281936686972,0.1345753090447665,0.8883749229239962,0.7840386915784875,0.8870512545653065,0.6629013960329246,0.0528522213288358,within,0.0068104802082882,0.0109427870650314,0.1469294801319305,0.0467261379100935,0.0528522213288359
fish3,81.9,1215,60.75,20.0,20.0,20.156984674176705,9.441603652535013,5.804049496436775,128.21296436567567,48.55908434914214,3893,6563,459.9029209969791,264.58670892477033,802.3496299217494,19.76003232209579,9.436867755392324,126.31828922495274,47.81281936686972,0.2958106809311509,0.8883749229239962,0.7840386915784875,0.8870512545653065,0.6629013960329246,0.0383648813040499,within,0.0149701516733033,0.0027563673280551,0.1024030155489241,0.0333299906659173,0.03836488130405
fish3,81.9,1216,60.8,20.0,20.0,20.156984674176705,9.441603652535013,5.804049496436775,128.21296436567567,48.55908434914214,3831,6669,457.97720051252577,264.5888703831037,799.1860708956295,19.76003232209579,9.436867755392324,126.31828922495274,47.81281936686972,0.2958106809311509,0.8883749229239962,0.7840386915784875,0.8870512545653065,0.6629013960329246,0.0591058506925552,within,0.0149701516733033,0.039966997282342,0.1358567614261037,0.0456294923884718,0.0591058506925552
fish3,81.9,2178,108.9,20.0,20.0,20.156984674176705,9.441603652535013,5.804049496436775,128.21296436567567,48.55908434914214,4422,13382,443.64209185444406,267.8189969014485,799.9010887558925,19.76003232209579,9.436867755392324,126.31828922495274,47.81281936686972,0.1675298339732158,0.8883749229239962,0.7840386915784875,0.8870512545653065,0.6629013960329246,0.0508387110614131,within,0.0084782165961278,0.0003298517235356,0.1245484529605778,0.0699983229654113,0.0508387110614131
fish3,81.9,2179,108.95,20.0,20.0,20.156984674176705,9.441603652535013,5.804049496436775,128.21296436567567,48.55908434914214,4425,13339,444.12846772594696,267.8252013285319,800.4536690544788,19.76003232209579,9.436867755392324,126.31828922495274,47.81281936686972,0.0822807226866224,0.8883749229239962,0.7840386915784875,0.8870512545653065,0.6629013960329246,0.0478345458597692,within,0.0041639973733552,0.0122721728510759,0.1119051358567613,0.0629968773578844,0.0478345458597692
fish3,81.9,2180,109.0,20.0,20.0,20.156984674176705,9.441603652535013,5.804049496436775,128.21296436567567,48.55908434914214,4475,13322,444.13996946205816,267.8317052347819,801.4716746968401,19.76003232209579,9.436867755392324,126.31828922495274,47.81281936686972,0.211251861880136,0.8883749229239962,0.7840386915784875,0.8870512545653065,0.6629013960329246,0.0522469997790269,within,0.0106908662109784,0.0226282887987814,0.1094707083398772,0.0661981357664708,0.0522469997790269
fish3,81.9,2659,132.95,20.0,20.0,20.156984674176705,9.441603652535013,5.804049496436775,128.21296436567567,48.55908434914214,3093,3685,467.1725173535762,263.07289380720994,792.1054111607862,19.76003232209579,9.436867755392324,126.31828922495274,47.81281936686972,0.0157975291921097,0.8883749229239962,0.7840386915784875,0.8870512545653065,0.6629013960329246,0.0589538444944305,within,0.0007994687930973,0.1755218000956001,0.0477461912988849,0.0117479177901396,0.0589538444944305
fish3,81.9,2660,133.0,20.0,20.0,20.156984674176705,9.441603652535013,5.804049496436775,128.21296436567567,48.55908434914214,3066,3690,467.49182290913177,263.07342115095986,791.8852440600916,19.76003232209579,9.436867755392324,126.31828922495274,47.81281936686972,0.0198416121935807,0.8883749229239962,0.7840386915784875,0.8870512545653065,0.6629013960329246,0.0532650770426664,within,0.0010041285292531,0.1695997115551951,0.0353384639547665,0.0071180041314511,0.0532650770426664
fish3,81.9,2661,133.05,20.0,20.0,20.156984674176705,9.441603652535013,5.804049496436775,128.21296436567567,48.55908434914214,3033,3690,467.5715277702428,266.7058234947099,794.9373512649527,19.76003232209579,9.436867755392324,126.31828922495274,47.81281936686972,0.0653626234983484,0.8883749229239962,0.7840386915784875,0.8870512545653065,0.6629013960329246,0.0464905096764848,within,0.0033078196651156,0.1635253078405907,0.0168054028584889,0.002323508341744,0.0464905096764848
fish3,81.9,2662,133.1,20.0,20.0,20.156984674176705,9.441603652535013,5.804049496436775,128.21296436567567,48.55908434914214,3002,3690,467.4644183952429,266.8351854738765,794.3396038691194,19.76003232209579,9.436867755392324,126.31828922495274,47.81281936686972,0.0988609350444882,0.8883749229239962,0.7840386915784875,0.8870512545653065,0.6629013960329246,0.0419078446835419,within,0.0050030755736133,0.1494242563175982,0.0131930265431129,1.1020299843411504e-05,0.0419078446835419
fish3,81.9,2663,133.15,20.0,20.0,20.156984674176705,9.441603652535013,5.804049496436775,128.21296436567567,48.55908434914214,2901,3673,467.4761197841317,266.8351724530432,792.3312922371748,19.76003232209579,9.436867755392324,126.31828922495274,47.81281936686972,0.2350860821283689,0.8883749229239962,0.7840386915784875,0.8870512545653065,0.6629013960329246,0.0411208352244877,within,0.0118970494732184,0.1436722475721409,0.0010994188785928,0.0078146249739985,0.0411208352244876
fish3,81.9,2664,133.2,20.0,20.0,20.156984674176705,9.441603652535013,5.804049496436775,128.21296436567567,48.55908434914214,2963,3673,467.4656597146872,266.83473625512664,793.5603959698137,19.76003232209579,9.436867755392324,126.31828922495274,47.81281936686972,0.2350860821283689,0.8883749229239962,0.7840386915784875,0.8870512545653065,0.6629013960329246,0.0389677247196782,within,0.0118970494732184,0.1323544296246324,0.0029841369561803,0.0086352828246817,0.0389677247196782
fish3,81.9,2665,133.25,20.0,20.0,20.156984674176705,9.441603652535013,5.804049496436775,128.21296436567567,48.55908434914214,2995,3677,467.6598958257983,266.83586906762656,794.3957648934248,19.76003232209579,9.436867755392324,126.31828922495274,47.81281936686972,0.185495910283933,0.8883749229239962,0.7840386915784875,0.8870512545653065,0.6629013960329246,0.0328150987998484,within,0.0093874294970919,0.1140835171843645,0.0009423590387937,0.0068470894791433,0.0328150987998484
fish3,81.9,2666,133.3,20.0,20.0,20.156984674176705,9.441603652535013,5.804049496436775,128.21296436567567,48.55908434914214,3009,3679,467.547517353576,266.7658690676266,794.4933864212027,19.76003232209579,9.436867755392324,126.31828922495274,47.81281936686972,0.0823757533576738,0.8883749229239962,0.7840386915784875,0.8870512545653065,0.6629013960329246,0.0294353571402545,within,0.004168806609975,0.100600389352237,0.0063609235118579,0.006611309086948,0.0294353571402545
fish3,81.9,2667,133.35,20.0,20.0,20.156984674176705,9.441603652535013,5.804049496436775,128.21296436567567,48.55908434914214,2926,3680,467.7770746452428,266.76676099470984,793.0638356399526,19.76003232209579,9.436867755392324,126.31828922495274,47.81281936686972,0.2104559800100638,0.8883749229239962,0.7840386915784875,0.8870512545653065,0.6629013960329246,0.0329033676722443,within,0.0106505888542869,0.0782821041513394,0.0292916601225067,0.0133891175608438,0.0329033676722442
fish3,81.9,2668,133.4,20.0,20.0,20.156984674176705,9.441603652535013,5.804049496436775,128.21296436567567,48.55908434914214,2845,3665,467.47978297857617,266.8910904217932,791.2708734003694,19.76003232209579,9.436867755392324,126.31828922495274,47.81281936686972,0.0978142777924766,0.8883749229239962,0.7840386915784875,0.8870512545653065,0.6629013960329246,0.0308927955862741,within,0.004950107175842,0.0646862477381636,0.0395790796293389,0.0143557478017522,0.0308927955862742
fish3,81.9,2669,133.45,20.0,20.0,20.156984674176705,9.441603652535013,5.804049496436775,128.21296436567567,48.55908434914214,2834,3642,467.4189496452426,266.8937727134599,790.9927223587025,19.76003232209579,9.436867755392324,126.31828922495274,47.81281936686972,0.0323117480284125,0.8883749229239962,0.7840386915784875,0.8870512545653065,0.6629013960329246,0.0288075345533588,within,0.0016352072457027,0.0525059684191101,0.042092037066122,0.0189969254825005,0.0288075345533588
fish3,81.9,2670,133.5,20.0,20.0,20.156984674176705,9.441603652535013,5.804049496436775,128.21296436567567,48.55908434914214,2817,3639,467.4265711730205,266.89253573429323,790.6591069073138,19.76003232209579,9.436867755392324,126.31828922495274,47.81281936686972,0.2402282973286702,0.8883749229239962,0.7840386915784875,0.8870512545653065,0.6629013960329246,0.0348292429667951,within,0.0121572826103146,0.0741271567428416,0.0416993874666249,0.0113331450473993,0.0348292429667951
fish3,81.9,2671,133.55,20.0,20.0,20.156984674176705,9.441603652535013,5.804049496436775,128.21296436567567,48.55908434914214,2761,3634,467.46699652024273,266.8916242759599,789.5786207962026,19.76003232209579,9.436867755392324,126.31828922495274,47.81281936686972,0.2782036093777478,0.8883749229239962,0.7840386915784875,0.8870512545653065,0.6629013960329246,0.0340545492744609,within,0.0140791069995699,0.0359157864863653,0.0632951154389821,0.0229281881729261,0.0340545492744608
fish3,81.9,2672,133.6,20.0,20.0,20.156984674176705,9.441603652535013,5.804049496436775,128.21296436567567,48.55908434914214,2763,3665,467.4070399230204,266.8930044842933,789.5600444073136,19.76003232209579,9.436867755392324,126.31828922495274,47.81281936686972,0.3541555533463345,0.8883749229239962,0.7840386915784875,0.8870512545653065,0.6629013960329246,0.0345837179125986,within,0.0179228225730337,0.0250483345722878,0.0718548767080256,0.0235088377970473,0.0345837179125986
fish3,81.9,2673,133.65,20.0,20.0,20.156984674176705,9.441603652535013,5.804049496436775,128.21296436567567,48.55908434914214,2770,3684,467.36241318690935,266.8931997967932,789.6556129837026,19.76003232209579,9.436867755392324,126.31828922495274,47.81281936686972,0.4469833606493942,0.8883749229239962,0.7840386915784875,0.8870512545653065,0.6629013960329246,0.0346182978383409,within,0.0226205784162394,0.0141808826582098,0.0759384325427987,0.0257332977361156,0.0346182978383409
fish3,81.9,2674,133.7,20.0,20.0,20.156984674176705,9.441603652535013,5.804049496436775,128.21296436567567,48.55908434914214,2806,3690,467.5330815896872,266.89884106746246,790.5519226571497,19.76003232209579,9.436867755392324,126.31828922495274,47.81281936686972,0.5399695524042123,0.8883749229239962,0.7840386915784875,0.8870512545653065,0.6629013960329246,0.0323581448758823,within,0.0273263496538118,0.0013656826346117,0.0793152190984765,0.0214253281166291,0.0323581448758823
fish3,81.9,2675,133.75,20.0,20.0,20.156984674176705,9.441603652535013,5.804049496436775,128.21296436567567,48.55908434914214,2784,3795,467.6163671832614,266.8951626820458,790.1915298653072,19.76003232209579,9.436867755392324,126.31828922495274,47.81281936686972,0.5947124984123953,0.8883749229239962,0.7840386915784875,0.8870512545653065,0.6629013960329246,0.0405356188777733,within,0.0300967371266586,0.0104723535896433,0.0952567928380712,0.0263165919567201,0.0405356188777733
fish3,81.9,3847,192.35,20.0,20.0,20.156984674176705,9.441603652535013,5.804049496436775,128.21296436567567,48.55908434914214,5882,943,447.6164886662802,264.91900715127525,830.1754958175554,19.76003232209579,9.436867755392324,126.31828922495274,47.81281936686972,0.6997570264274771,0.8883749229239962,0.7840386915784875,0.8870512545653065,0.6629013960329246,0.056054661415314,within,0.0354127470553274,0.094650995931792,0.0592900895241085,0.034864813150028,0.056054661415314
fish3,81.9,3848,192.4,20.0,20.0,20.156984674176705,9.441603652535013,5.804049496436775,128.21296436567567,48.55908434914214,5862,943,447.9391535846286,267.10674152627524,832.2858951109039,19.76003232209579,9.436867755392324,126.31828922495274,47.81281936686972,0.7098764730241776,0.8883749229239962,0.7840386915784875,0.8870512545653065,0.6629013960329246,0.0548831226953712,within,0.0359248639603888,0.09269765525648,0.0563844824878278,0.0345254890767883,0.0548831226953712
fish3,81.9,3849,192.45,20.0,20.0,20.156984674176705,9.441603652535013,5.804049496436775,128.21296436567567,48.55908434914214,5844,949,447.79012143547146,267.2316503804419,831.9017718159133,19.76003232209579,9.436867755392324,126.31828922495274,47.81281936686972,0.715328857775841,0.8883749229239962,0.7840386915784875,0.8870512545653065,0.6629013960329246,0.0514504816285417,within,0.036200793911453,0.0880347712843461,0.0502591487356682,0.0313072125826995,0.0514504816285417
fish3,81.9,3850,192.5,20.0,20.0,20.156984674176705,9.441603652535013,5.804049496436775,128.21296436567567,48.55908434914214,5814,949,447.81124557515824,267.23375324502524,831.3249988201835,19.76003232209579,9.436867755392324,126.31828922495274,47.81281936686972,0.6503687947590358,0.8883749229239962,0.7840386915784875,0.8870512545653065,0.6629013960329246,0.0480850120578423,within,0.0329133467070187,0.0850007495134743,0.0462541228207946,0.0281718291900816,0.0480850120578423
fish3,81.9,3851,192.55,20.0,20.0,20.156984674176705,9.441603652535013,5.804049496436775,128.21296436567567,48.55908434914214,5790,948,447.7153037373861,267.2337597554419,830.749063492828,19.76003232209579,9.436867755392324,126.31828922495274,47.81281936686972,0.6411178229061285,0.8883749229239962,0.7840386915784875,0.8870512545653065,0.6629013960329246,0.0482012878611068,within,0.0324451808810671,0.0846078443520952,0.0488456101774776,0.0269065160337874,0.0482012878611068
fish3,81.9,3852,192.6,20.0,20.0,20.156984674176705,9.441603652535013,5.804049496436775,128.21296436567567,48.55908434914214,5775,928,447.6235979953153,267.2339094950253,830.3575074903406,19.76003232209579,9.436867755392324,126.31828922495274,47.81281936686972,0.6075865145991948,0.8883749229239962,0.7840386915784875,0.8870512545653065,0.6629013960329246,0.0429791413655671,within,0.0307482550987423,0.0764922637818094,0.0389508402701429,0.0257252063115736,0.0429791413655671
fish3,81.9,3853,192.65,20.0,20.0,20.156984674176705,9.441603652535013,5.804049496436775,128.21296436567567,48.55908434914214,5644,874,447.71434451766777,267.23687824502525,827.8312227626931,19.76003232209579,9.436867755392324,126.31828922495274,47.81281936686972,0.4888668090455255,0.8883749229239962,0.7840386915784875,0.8870512545653065,0.6629013960329246,0.0336426507647212,within,0.0247401826614864,0.0706573534728572,0.0229307366106487,0.0162423303138925,0.0336426507647212
fish3,81.9,3854,192.7,20.0,20.0,20.156984674176705,9.441603652535013,5.804049496436775,128.21296436567567,48.55908434914214,5544,898,447.6235068238812,267.2384667866919,825.7419736105732,19.76003232209579,9.436867755392324,126.31828922495274,47.81281936686972,0.4866547062026782,0.8883749229239962,0.7840386915784875,0.8870512545653065,0.6629013960329246,0.0260584679748827,within,0.0246282343201684,0.0557810188097726,0.0090309407884404,0.0147936779811493,0.0260584679748827
fish3,81.9,3855,192.75,20.0,20.0,20.156984674176705,9.441603652535013,5.804049496436775,128.21296436567567,48.55908434914214,5534,944,447.652829802035,267.2405956929419,825.5734254949768,19.76003232209579,9.436867755392324,126.31828922495274,47.81281936686972,0.4709495679407602,0.8883749229239962,0.7840386915784875,0.8870512545653065,0.6629013960329246,0.0239161843878526,within,0.023833441173785,0.0500533541742307,0.0065965132715564,0.0151814289318385,0.0239161843878526
fish3,81.9,3856,192.8,20.0,20.0,20.156984674176705,9.441603652535013,5.804049496436775,128.21296436567567,48.55908434914214,5462,915,447.60041658950615,267.24244465127526,824.0828612407814,19.76003232209579,9.436867755392324,126.31828922495274,47.81281936686972,0.3977059980971766,0.8883749229239962,0.7840386915784875,0.8870512545653065,0.6629013960329246,0.0177530154757778,within,0.020126788843987,0.0384967007699866,0.003926495994974,0.0084620762941637,0.0177530154757778
fish3,81.9,3857,192.85,20.0,20.0,20.156984674176705,9.441603652535013,5.804049496436775,128.21296436567567,48.55908434914214,5389,1003,447.6199217978394,267.2420865783587,822.6420083761981,19.76003232209579,9.436867755392324,126.31828922495274,47.81281936686972,0.3874704029025295,0.8883749229239962,0.7840386915784875,0.8870512545653065,0.6629013960329246,0.0165863697834269,within,0.0196087939830572,0.0219076154187697,0.0147636249411025,0.010065444790778,0.0165863697834269
fish3,81.9,3858,192.9,20.0,20.0,20.156984674176705,9.441603652535013,5.804049496436775,128.21296436567567,48.55908434914214,5272,1050,447.66714395789626,267.24350584919193,820.3506498070883,19.76003232209579,9.436867755392324,126.31828922495274,47.81281936686972,0.3952140827229051,0.8883749229239962,0.7840386915784875,0.8870512545653065,0.6629013960329246,0.0172026822702372,within,0.0200006799726218,0.0096674627483028,0.0329040364378827,0.0062385499221409,0.017202682270237
fish3,81.9,3859,192.95,20.0,20.0,20.156984674176705,9.441603652535013,5.804049496436775,128.21296436567567,48.55908434914214,5249,1104,447.5788149805706,267.24617512002527,819.8049901005959,19.76003232209579,9.436867755392324,126.31828922495274,47.81281936686972,0.7561669687903851,0.8883749229239962,0.7840386915784875,0.8870512545653065,0.6629013960329246,0.0207876000658735,within,0.0382674965538811,0.0053064676707479,0.0270142924454216,0.0125621435934434,0.0207876000658735
fish3,81.9,3860,193.0,20.0,20.0,20.156984674176705,9.441603652535013,5.804049496436775,128.21296436567567,48.55908434914214,5177,1141,447.5758635916817,267.2469693908587,818.3628329825403,19.76003232209579,9.436867755392324,126.31828922495274,47.81281936686972,0.7170631675225536,0.8883749229239962,0.7840386915784875,0.8870512545653065,0.6629013960329246,0.0267676275416335,within,0.0362885624797652,0.0133985813963408,0.0535574053714464,0.0038259609189818,0.0267676275416336
fish3,81.9,3861,193.05,20.0,20.0,20.156984674176705,9.441603652535013,5.804049496436775,128.21296436567567,48.55908434914214,5089,1197,447.54755633392347,267.247099599192,816.5746559331154,19.76003232209579,9.436867755392324,126.31828922495274,47.81281936686972,0.7611547591502301,0.8883749229239962,0.7840386915784875,0.8870512545653065,0.6629013960329246,0.0244915997128504,within,0.0385199146814705,0.0066421039715002,0.0494738495366735,0.0033305306617577,0.0244915997128505
fish3,81.9,3862,193.1,20.0,20.0,20.156984674176705,9.441603652535013,5.804049496436775,128.21296436567567,48.55908434914214,5031,1065,447.5669443051184,267.24862954710864,815.4355738522271,19.76003232209579,9.436867755392324,126.31828922495274,47.81281936686972,0.7916701635216548,0.8883749229239962,0.7840386915784875,0.8870512545653065,0.6629013960329246,0.0316476862368658,within,0.0400642139960674,0.0192437995716532,0.0672216114339564,6.111994578648869e-05,0.0316476862368659
fish3,81.9,3863,193.15,20.0,20.0,20.156984674176705,9.441603652535013,5.804049496436775,128.21296436567567,48.55908434914214,4985,1015,447.6474781625065,267.249541005442,814.5970191679485,19.76003232209579,9.436867755392324,126.31828922495274,47.81281936686972,0.659882420827774,0.8883749229239962,0.7840386915784875,0.8870512545653065,0.6629013960329246,0.0349450524170916,within,0.0333948047286283,0.0267358638852826,0.072875765666719,0.0067737753877365,0.0349450524170916
fish3,81.9,3864,193.2,20.0,20.0,20.156984674176705,9.441603652535013,5.804049496436775,128.21296436567567,48.55908434914214,4959,1258,456.6712412645128,270.905791005442,826.7570322699548,19.76003232209579,9.436867755392324,126.31828922495274,47.81281936686972,0.659882420827774,0.8883749229239962,0.7840386915784875,0.8870512545653065,0.6629013960329246,0.0308478392158302,within,0.0333948047286283,0.0135890576077041,0.069420449191142,0.0069870453358465,0.0308478392158302
fish3,81.9,3865,193.25,20.0,20.0,20.156984674176705,9.441603652535013,5.804049496436775,128.21296436567567,48.55908434914214,4943,1298,456.6800433478461,270.90673501585866,826.4467783637048,19.76003232209579,9.436867755392324,126.31828922495274,47.81281936686972,0.659882420827774,0.8883749229239962,0.7840386915784875,0.8870512545653065,0.6629013960329246,0.0348738692654429,within,0.0333948047286283,0.0267358638852826,0.0716192869483273,0.0077455214995334,0.0348738692654429
fish3,81.9,3866,193.3,20.0,20.0,20.156984674176705,9.441603652535013,5.804049496436775,128.21296436567567,48.55908434914214,4862,1263,456.6465147040284,270.9077311096086,824.794245813637,19.76003232209579,9.436867755392324,126.31828922495274,47.81281936686972,0.6990786130257973,0.8883749229239962,0.7840386915784875,0.8870512545653065,0.6629013960329246,0.0415829874938288,within,0.0353784144494581,0.032903148055284,0.0856761426103345,0.0123742448602384,0.0415829874938288
fish3,81.9,3867,193.35,20.0,20.0,20.156984674176705,9.441603652535013,5.804049496436775,128.21296436567567,48.55908434914214,4794,1254,456.50994351518426,271.02562173460865,823.4155652497928,19.76003232209579,9.436867755392324,126.31828922495274,47.81281936686972,1.0191881085970067,0.8883749229239962,0.7840386915784875,0.8870512545653065,0.6629013960329246,0.0551537704847873,within,0.0515782612084772,0.0519165558479649,0.1091565886602797,0.0079636762224273,0.0551537704847873
fish3,81.9,3868,193.4,20.0,20.0,20.156984674176705,9.441603652535013,5.804049496436775,128.21296436567567,48.55908434914214,4757,1167,456.5268098610021,271.026767567942,822.693577428944,19.76003232209579,9.436867755392324,126.31828922495274,47.81281936686972,0.9644504420705432,0.8883749229239962,0.7840386915784875,0.8870512545653065,0.6629013960329246,0.0580684118529955,within,0.0488081409154419,0.0606725400304343,0.1126119051358568,0.0101810613302488,0.0580684118529954
fish3,81.9,6101,305.05,20.0,20.0,20.156984674176705,9.441603652535013,5.804049496436775,128.21296436567567,48.55908434914214,4797,116,460.6310373105463,267.18198886946567,823.7530261800121,19.76003232209579,9.436867755392324,126.31828922495274,47.81281936686972,0.9566803648415388,0.8883749229239962,0.7840386915784875,0.8870512545653065,0.6629013960329246,0.0565851471676715,within,0.0484149190268162,0.1301656528953207,0.0435841055442124,0.0041759112043368,0.0565851471676715
fish3,81.9,6102,305.1,20.0,20.0,20.156984674176705,9.441603652535013,5.804049496436775,128.21296436567567,48.55908434914214,4775,150,460.5607551974827,267.182724546549,823.2434797440317,19.76003232209579,9.436867755392324,126.31828922495274,47.81281936686972,0.9160653119298808,0.8883749229239962,0.7840386915784875,0.8870512545653065,0.6629013960329246,0.0560172494969565,within,0.0463595047314538,0.1242312278127285,0.0505732684152659,0.0029049970283778,0.0560172494969565
fish3,81.9,6103,305.15,20.0,20.0,20.156984674176705,9.441603652535013,5.804049496436775,128.21296436567567,48.55908434914214,4834,146,460.5616319353269,267.18364251529897,824.4252744506259,19.76003232209579,9.436867755392324,126.31828922495274,47.81281936686972,0.919390065546299,0.8883749229239962,0.7840386915784875,0.8870512545653065,0.6629013960329246,0.0537467820465706,within,0.0465277612181955,0.1228495350878124,0.0400502591487357,0.0055595727315389,0.0537467820465706
fish3,81.9,6104,305.2,20.0,20.0,20.156984674176705,9.441603652535013,5.804049496436775,128.21296436567567,48.55908434914214,4866,110,460.71036457579817,267.1828482444656,825.2132128202638,19.76003232209579,9.436867755392324,126.31828922495274,47.81281936686972,0.9202545806787974,0.8883749229239962,0.7840386915784875,0.8870512545653065,0.6629013960329246,0.0486985278371979,within,0.0465715119124455,0.1083373203210044,0.0325899167582847,0.0072953623570566,0.0486985278371978
fish3,81.9,6113,305.65,20.0,20.0,20.156984674176705,9.441603652535013,5.804049496436775,128.21296436567567,48.55908434914214,5115,237,463.135052079641,264.9520539736324,830.3871060532733,19.76003232209579,9.436867755392324,126.31828922495274,47.81281936686972,0.7492548073417211,0.8883749229239962,0.7840386915784875,0.8870512545653065,0.6629013960329246,0.0296564522039133,within,0.0379176913847402,0.0361689871611136,0.0253651641275328,0.0191739661422666,0.0296564522039133
fish3,81.9,6114,305.7,20.0,20.0,20.156984674176705,9.441603652535013,5.804049496436775,128.21296436567567,48.55908434914214,5062,272,463.190381940752,264.9534927757157,829.3838747164677,19.76003232209579,9.436867755392324,126.31828922495274,47.81281936686972,0.396198706064645,0.8883749229239962,0.7840386915784875,0.8870512545653065,0.6629013960329246,0.0204648068429065,within,0.0200505090075999,0.0502427338040663,0.0042406156745721,0.0073253688853878,0.0204648068429065
fish3,81.9,6115,305.75,20.0,20.0,20.156984674176705,9.441603652535013,5.804049496436775,128.21296436567567,48.55908434914214,5050,264,463.1054253445096,264.95415683821574,829.0595821827253,19.76003232209579,9.436867755392324,126.31828922495274,47.81281936686972,0.353504857223708,0.8883749229239962,0.7840386915784875,0.8870512545653065,0.6629013960329246,0.0158717940603642,within,0.0178898926611783,0.0297176883754352,0.0062823935919586,0.0095972016128847,0.0158717940603642
fish3,81.9,6116,305.8,20.0,20.0,20.156984674176705,9.441603652535013,5.804049496436775,128.21296436567567,48.55908434914214,5065,242,462.9659548610357,264.9539810569657,829.2199359180013,19.76003232209579,9.436867755392324,126.31828922495274,47.81281936686972,0.353044222443188,0.8883749229239962,0.7840386915784875,0.8870512545653065,0.6629013960329246,0.0191549119955052,within,0.0178665812225626,0.0293479210842909,0.0169624626982882,0.0124426829768787,0.0191549119955051
fish3,81.9,6117,305.85,20.0,20.0,20.156984674176705,9.441603652535013,5.804049496436775,128.21296436567567,48.55908434914214,5113,227,462.9766753472222,264.9550422548824,830.1917176021045,19.76003232209579,9.436867755392324,126.31828922495274,47.81281936686972,0.353504857223708,0.8883749229239962,0.7840386915784875,0.8870512545653065,0.6629013960329246,0.0183337551827108,within,0.0178898926611783,0.0148962924468889,0.0248154546882364,0.0157333809345398,0.0183337551827108
fish3,81.9,6118,305.9,20.0,20.0,20.156984674176705,9.441603652535013,5.804049496436775,128.21296436567567,48.55908434914214,5226,197,463.1340928810215,264.95689121321567,832.6109840942371,19.76003232209579,9.436867755392324,126.31828922495274,47.81281936686972,0.35629506331545,0.8883749229239962,0.7840386915784875,0.8870512545653065,0.6629013960329246,0.0211383267754788,within,0.0180310971919331,0.0008192560593528,0.0448405842626042,0.0208623695880251,0.0211383267754788
fish3,81.9,6119,305.95,20.0,20.0,20.156984674176705,9.441603652535013,5.804049496436775,128.21296436567567,48.55908434914214,5247,211,463.1811675337992,264.9569107444657,833.0780782782649,19.76003232209579,9.436867755392324,126.31828922495274,47.81281936686972,0.3077423096300222,0.8883749229239962,0.7840386915784875,0.8870512545653065,0.6629013960329246,0.0217733699684983,within,0.0155739780489074,0.0082551753987637,0.0420920370661219,0.0211722893602002,0.0217733699684983
fish3,81.9,6120,306.0,20.0,20.0,20.156984674176705,9.441603652535013,5.804049496436775,128.21296436567567,48.55908434914214,5308,170,463.1556727421326,264.96045892154905,834.2761316636817,19.76003232209579,9.436867755392324,126.31828922495274,47.81281936686972,0.3077423096300222,0.8883749229239962,0.7840386915784875,0.8870512545653065,0.6629013960329246,0.0239230484407303,within,0.0155739780489074,0.0061179380012542,0.0497879692162716,0.0242123084964879,0.0239230484407303
fish3,81.9,6121,306.05,20.0,20.0,20.156984674176705,9.441603652535013,5.804049496436775,128.21296436567567,48.55908434914214,5290,196,463.0476866317748,264.960029234049,833.8077158658238,19.76003232209579,9.436867755392324,126.31828922495274,47.81281936686972,0.3077423096300222,0.8883749229239962,0.7840386915784875,0.8870512545653065,0.6629013960329246,0.0246199448156656,within,0.0155739780489074,0.0061179380012542,0.0518297471336579,0.0249581160788429,0.0246199448156656
fish3,81.9,6122,306.1,20.0,20.0,20.156984674176705,9.441603652535013,5.804049496436775,128.21296436567567,48.55908434914214,5323,214,463.01476996525895,264.9582844423823,834.4330544076413,19.76003232209579,9.436867755392324,126.31828922495274,47.81281936686972,0.3077423096300222,0.8883749229239962,0.7840386915784875,0.8870512545653065,0.6629013960329246,0.0274399019296371,within,0.0155739780489074,0.0061179380012542,0.0633736453588815,0.0246940463095054,0.0274399019296371
fish3,81.9,6123,306.15,20.0,20.0,20.156984674176705,9.441603652535013,5.804049496436775,128.21296436567567,48.55908434914214,5307,309,462.9425998082856,264.9562336611324,834.0388334694179,19.76003232209579,9.436867755392324,126.31828922495274,47.81281936686972,0.3077423096300222,0.8883749229239962,0.7840386915784875,0.8870512545653065,0.6629013960329246,0.0262016575165214,within,0.0155739780489074,0.0061179380012542,0.0583477304853149,0.024766983530609,0.0262016575165214
fish3,81.9,6124,306.2,20.0,20.0,20.156984674176705,9.441603652535013,5.804049496436775,128.21296436567567,48.55908434914214,5297,355,462.9723437198592,264.95827142154906,833.8706151414083,19.76003232209579,9.436867755392324,126.31828922495274,47.81281936686972,0.3405595680336155,0.8883749229239962,0.7840386915784875,0.8870512545653065,0.6629013960329246,0.023075202762724,within,0.0172347677616296,1.0527182666104818e-05,0.0510444479346632,0.0240110681719371,0.023075202762724
fish3,81.9,6125,306.25,20.0,20.0,20.156984674176705,9.441603652535013,5.804049496436775,128.21296436567567,48.55908434914214,5276,393,462.9237542505899,264.9564289736324,833.4001832242222,19.76003232209579,9.436867755392324,126.31828922495274,47.81281936686972,0.3405595680336155,0.8883749229239962,0.7840386915784875,0.8870512545653065,0.6629013960329246,0.0286957587591534,within,0.0172347677616296,0.0142135607877362,0.0565415423276269,0.0267931641596212,0.0286957587591534
fish3,81.9,6126,306.3,20.0,20.0,20.156984674176705,9.441603652535013,5.804049496436775,128.21296436567567,48.55908434914214,5275,421,462.9556379311455,264.956005796549,833.4116437276945,19.76003232209579,9.436867755392324,126.31828922495274,47.81281936686972,0.3712359965976581,0.8883749229239962,0.7840386915784875,0.8870512545653065,0.6629013960329246,0.0254574115229129,within,0.018787216060499,0.0081263270692576,0.0493167896968746,0.0255993132650203,0.0254574115229129
fish3,81.9,6127,306.35,20.0,20.0,20.156984674176705,9.441603652535013,5.804049496436775,128.21296436567567,48.55908434914214,5252,474,463.01707022281215,264.9598990257157,833.0169692485279,19.76003232209579,9.436867755392324,126.31828922495274,47.81281936686972,0.3712359965976581,0.8883749229239962,0.7840386915784875,0.8870512545653065,0.6629013960329246,0.0256234809214897,within,0.018787216060499,0.00783003074047,0.0499450290560703,0.0259316478289194,0.0256234809214897
fish3,81.9,6128,306.4,20.0,20.0,20.156984674176705,9.441603652535013,5.804049496436775,128.21296436567567,48.55908434914214,5289,487,450.7814669267819,266.6784211611324,823.2398880879143,19.76003232209579,9.436867755392324,126.31828922495274,47.81281936686972,0.3712359965976581,0.8883749229239962,0.7840386915784875,0.8870512545653065,0.6629013960329246,0.0304916582439844,within,0.018787216060499,0.0219038870415755,0.0536359352913459,0.0276395945825173,0.0304916582439844
fish3,81.9,6129,306.45,20.0,20.0,20.156984674176705,9.441603652535013,5.804049496436775,128.21296436567567,48.55908434914214,5306,489,450.7236153617012,266.6792740257157,823.5228893874169,19.76003232209579,9.436867755392324,126.31828922495274,47.81281936686972,0.3718510562186381,0.8883749229239962,0.7840386915784875,0.8870512545653065,0.6629013960329246,0.0317936991058967,within,0.0188183425086219,0.0220658521332183,0.058190670645516,0.0280999311362304,0.0317936991058966
fish3,81.9,6130,306.5,20.0,20.0,20.156984674176705,9.441603652535013,5.804049496436775,128.21296436567567,48.55908434914214,5368,493,450.5199348061456,266.6790070986324,824.558941904778,19.76003232209579,9.436867755392324,126.31828922495274,47.81281936686972,0.3390892323731584,0.8883749229239962,0.7840386915784875,0.8870512545653065,0.6629013960329246,0.0304134855901178,within,0.017160358183928,0.0142974492746059,0.0629809957593841,0.0272151391425533,0.0304134855901178
fish3,81.9,6131,306.55,20.0,20.0,20.156984674176705,9.441603652535013,5.804049496436775,128.21296436567567,48.55908434914214,5368,505,450.5018358529363,266.6802375673824,824.5420734203187,19.76003232209579,9.436867755392324,126.31828922495274,47.81281936686972,0.339406001276668,0.8883749229239962,0.7840386915784875,0.8870512545653065,0.6629013960329246,0.0310494198819848,within,0.0171763889726608,0.0142315447247905,0.0650227736767709,0.027766972153717,0.0310494198819848
fish3,81.9,6132,306.6,20.0,20.0,20.156984674176705,9.441603652535013,5.804049496436775,128.21296436567567,48.55908434914214,5364,512,450.4268445432874,266.68224277571574,824.3890873190031,19.76003232209579,9.436867755392324,126.31828922495274,47.81281936686972,0.3077396698891554,0.8883749229239962,0.7840386915784875,0.8870512545653065,0.6629013960329246,0.025706359003722,within,0.0155738444590011,0.0061177186849484,0.0563844824878278,0.0247493903831106,0.025706359003722
fish3,81.9,6133,306.65,20.0,20.0,20.156984674176705,9.441603652535013,5.804049496436775,128.21296436567567,48.55908434914214,5343,532,450.3299435194039,266.6837076194657,823.8736511388696,19.76003232209579,9.436867755392324,126.31828922495274,47.81281936686972,0.3077396698891554,0.8883749229239962,0.7840386915784875,0.8870512545653065,0.6629013960329246,0.026159900896386,within,0.0155738444590011,0.0061177186849484,0.0579550808858175,0.024992959555777,0.026159900896386
fish3,81.9,6134,306.7,20.0,20.0,20.156984674176705,9.441603652535013,5.804049496436775,128.21296436567567,48.55908434914214,5282,595,450.2736848346286,266.6859146507157,822.5995994853444,19.76003232209579,9.436867755392324,126.31828922495274,47.81281936686972,0.3498013007935086,0.8883749229239962,0.7840386915784875,0.8870512545653065,0.6629013960329246,0.0195847693056091,within,0.0177024660229102,0.0003467390790623,0.0434270457044136,0.0168628264160502,0.0195847693056091
fish3,81.9,6135,306.75,20.0,20.0,20.156984674176705,9.441603652535013,5.804049496436775,128.21296436567567,48.55908434914214,5279,608,450.226406199062,266.6846060569657,822.4910122560278,19.76003232209579,9.436867755392324,126.31828922495274,47.81281936686972,0.3498013007935086,0.8883749229239962,0.7840386915784875,0.8870512545653065,0.6629013960329246,0.0238397594454128,within,0.0177024660229102,0.0135569277689424,0.0449191141825036,0.0191805298072951,0.0238397594454128
fish3,81.9,6136,306.8,20.0,20.0,20.156984674176705,9.441603652535013,5.804049496436775,128.21296436567567,48.55908434914214,5268,627,450.2229860339506,266.6870344423824,822.2700204763329,19.76003232209579,9.436867755392324,126.31828922495274,47.81281936686972,0.3498013007935086,0.8883749229239962,0.7840386915784875,0.8870512545653065,0.6629013960329246,0.0240571258757221,within,0.0177024660229102,0.0135569277689424,0.0457829433013976,0.0191861664096382,0.0240571258757221
fish3,81.9,6137,306.85,20.0,20.0,20.156984674176705,9.441603652535013,5.804049496436775,128.21296436567567,48.55908434914214,5248,740,450.2257768441472,266.6863117861324,821.8720886302796,19.76003232209579,9.436867755392324,126.31828922495274,47.81281936686972,0.3894818854398103,0.8883749229239962,0.7840386915784875,0.8870512545653065,0.6629013960329246,0.0197692206452857,within,0.0197105894915105,0.0068174473577814,0.0370661221925553,0.0154827235392957,0.0197692206452857
fish3,81.9,6138,306.9,20.0,20.0,20.156984674176705,9.441603652535013,5.804049496436775,128.21296436567567,48.55908434914214,5231,796,450.2391796219249,266.6868716819657,821.5460513038906,19.76003232209579,9.436867755392324,126.31828922495274,47.81281936686972,0.3498013007935086,0.8883749229239962,0.7840386915784875,0.8870512545653065,0.6629013960329246,0.0153070216454231,within,0.0177024660229102,0.0006591551563071,0.0284278310036124,0.0144386343988628,0.0153070216454231
fish3,81.9,6139,306.95,20.0,20.0,20.156984674176705,9.441603652535013,5.804049496436775,128.21296436567567,48.55908434914214,5227,834,450.27177944147553,266.6874576194657,821.4992370609411,19.76003232209579,9.436867755392324,126.31828922495274,47.81281936686972,0.388653006808962,0.8883749229239962,0.7840386915784875,0.8870512545653065,0.6629013960329246,0.0149570729408862,within,0.019668642260993,0.0074028025772734,0.0207318988534627,0.0120249480718157,0.0149570729408862
fish3,81.9,6140,307.0,20.0,20.0,20.156984674176705,9.441603652535013,5.804049496436775,128.21296436567567,48.55908434914214,5261,878,450.3560372088208,266.6888313173824,822.2648685262031,19.76003232209579,9.436867755392324,126.31828922495274,47.81281936686972,0.3077396698891554,0.8883749229239962,0.7840386915784875,0.8870512545653065,0.6629013960329246,0.0165435141327982,within,0.0155738444590011,0.0061177186849484,0.0278781215643159,0.0166043718229272,0.0165435141327982
fish3,81.9,6141,307.05,20.0,20.0,20.156984674176705,9.441603652535013,5.804049496436775,128.21296436567567,48.55908434914214,5315,981,450.29179241715417,266.6908430361324,823.2826354532865,19.76003232209579,9.436867755392324,126.31828922495274,47.81281936686972,0.3077396698891554,0.8883749229239962,0.7840386915784875,0.8870512545653065,0.6629013960329246,0.0189639778085007,within,0.0155738444590011,0.0061177186849484,0.0350243442751692,0.0191400038148841,0.0189639778085007
fish3,81.9,6142,307.1,20.0,20.0,20.156984674176705,9.441603652535013,5.804049496436775,128.21296436567567,48.55908434914214,5412,981,450.27204849054783,266.6924250673824,825.2044735579302,19.76003232209579,9.436867755392324,126.31828922495274,47.81281936686972,0.3375858999519181,0.8883749229239962,0.7840386915784875,0.8870512545653065,0.6629013960329246,0.020723750010509,within,0.0170842787324,1.0527182665916582e-05,0.0439767551437098,0.0218234389832603,0.020723750010509
fish3,81.9,6143,307.15,20.0,20.0,20.156984674176705,9.441603652535013,5.804049496436775,128.21296436567567,48.55908434914214,5506,993,450.24855891316736,266.6911294944657,827.0596884076331,19.76003232209579,9.436867755392324,126.31828922495274,47.81281936686972,0.3077423096300222,0.8883749229239962,0.7840386915784875,0.8870512545653065,0.6629013960329246,0.0317426430971176,within,0.0155739780489074,0.0204910514012723,0.0632951154389821,0.0276104274993087,0.0317426430971176
fish3,81.9,6144,307.2,20.0,20.0,20.156984674176705,9.441603652535013,5.804049496436775,128.21296436567567,48.55908434914214,5563,1053,450.1350823648901,266.6976594423824,828.0927418072724,19.76003232209579,9.436867755392324,126.31828922495274,47.81281936686972,0.3998428683254396,0.8883749229239962,0.7840386915784875,0.8870512545653065,0.6629013960329246,0.0348814219645528,within,0.0202349298729806,0.0216867638990885,0.0705198680697343,0.0270841260164075,0.0348814219645527
fish3,81.9,6145,307.25,20.0,20.0,20.156984674176705,9.441603652535013,5.804049496436775,128.21296436567567,48.55908434914214,5531,1051,450.33196170789927,266.698349546549,827.6503112544483,19.76003232209579,9.436867755392324,126.31828922495274,47.81281936686972,0.4008301314080462,0.8883749229239962,0.7840386915784875,0.8870512545653065,0.6629013960329246,0.0346495711825979,within,0.0202848924978647,0.0218604624130782,0.0694204491911419,0.027032480628307,0.034649571182598
fish3,81.9,6146,307.3,20.0,20.0,20.156984674176705,9.441603652535013,5.804049496436775,128.21296436567567,48.55908434914214,5542,1065,450.2851388017819,266.70095371321565,827.8260925149976,19.76003232209579,9.436867755392324,126.31828922495274,47.81281936686972,0.4420536445885261,0.8883749229239962,0.7840386915784875,0.8870512545653065,0.6629013960329246,0.0449430268580709,within,0.0223710992665846,0.0421856010292077,0.0846552536516411,0.0305601534848501,0.0449430268580709
fish3,81.9,6147,307.35,20.0,20.0,20.156984674176705,9.441603652535013,5.804049496436775,128.21296436567567,48.55908434914214,5565,1706,467.9226932485885,264.6992837395562,843.9219769881447,19.76003232209579,9.436867755392324,126.31828922495274,47.81281936686972,0.1236810985048961,0.8883749229239962,0.7840386915784875,0.8870512545653065,0.6629013960329246,0.0362538198209983,within,0.0062591546657843,0.0367427186164123,0.0791581592586774,0.0228552467431188,0.0362538198209982
fish3,81.9,6148,307.4,20.0,20.0,20.156984674176705,9.441603652535013,5.804049496436775,128.21296436567567,48.55908434914214,5593,1706,467.7049323861392,267.11613269788955,846.6810650840288,19.76003232209579,9.436867755392324,126.31828922495274,47.81281936686972,0.1236810985048961,0.8883749229239962,0.7840386915784875,0.8870512545653065,0.6629013960329246,0.040248602580238,within,0.0062591546657843,0.0367427186164123,0.0925867755614889,0.0254057614772661,0.0402486025802379
fish3,81.9,6149,307.45,20.0,20.0,20.156984674176705,9.441603652535013,5.804049496436775,128.21296436567567,48.55908434914214,5557,1750,467.6715903722503,266.6124803541396,845.4240707263899,19.76003232209579,9.436867755392324,126.31828922495274,47.81281936686972,0.1575555731239539,0.8883749229239962,0.7840386915784875,0.8870512545653065,0.6629013960329246,0.0397989047454576,within,0.0079734471359024,0.0432204450169085,0.0848908434113396,0.0231108834176797,0.0397989047454576
fish3,81.9,6150,307.5,20.0,20.0,20.156984674176705,9.441603652535013,5.804049496436775,128.21296436567567,48.55908434914214,5518,1750,467.6082171946585,266.62712228122297,844.5953394758815,19.76003232209579,9.436867755392324,126.31828922495274,47.81281936686972,0.1674796788968251,0.8883749229239962,0.7840386915784875,0.8870512545653065,0.6629013960329246,0.0401151522147855,within,0.0084756783879115,0.0432204450169085,0.085754672530234,0.0230098129240876,0.0401151522147854
fish3,81.9,6151,307.55,20.0,20.0,20.156984674176705,9.441603652535013,5.804049496436775,128.21296436567567,48.55908434914214,5498,1851,467.6146754328221,266.6261587395564,844.2008341723786,19.76003232209579,9.436867755392324,126.31828922495274,47.81281936686972,0.1655143918246331,0.8883749229239962,0.7840386915784875,0.8870512545653065,0.6629013960329246,0.0391539864766565,within,0.0083762207028152,0.0428187672033082,0.0833202450133499,0.0221007129871529,0.0391539864766565
fish3,81.9,6152,307.6,20.0,20.0,20.156984674176705,9.441603652535013,5.804049496436775,128.21296436567567,48.55908434914214,5480,1852,467.5507998614842,266.6252407708064,843.7760406322906,19.76003232209579,9.436867755392324,126.31828922495274,47.81281936686972,0.175327628481277,0.8883749229239962,0.7840386915784875,0.8870512545653065,0.6629013960329246,0.0400473286541258,within,0.0088728411787677,0.0428187672033082,0.0855976126904352,0.0229000935439918,0.0400473286541257
fish3,81.9,6153,307.65,20.0,20.0,20.156984674176705,9.441603652535013,5.804049496436775,128.21296436567567,48.55908434914214,5476,1831,467.5640378890991,266.62638660413955,843.7104244932386,19.76003232209579,9.436867755392324,126.31828922495274,47.81281936686972,0.0549237682572716,0.8883749229239962,0.7840386915784875,0.8870512545653065,0.6629013960329246,0.0426606620800272,within,0.0027795383814152,0.0499462181589735,0.0904664677242027,0.0274504240555175,0.0426606620800272
fish3,81.9,6154,307.7,20.0,20.0,20.156984674176705,9.441603652535013,5.804049496436775,128.21296436567567,48.55908434914214,5528,1848,467.5102662319607,266.5554035312229,844.6256697631836,19.76003232209579,9.436867755392324,126.31828922495274,47.81281936686972,0.1050405684037869,0.8883749229239962,0.7840386915784875,0.8870512545653065,0.6629013960329246,0.0494766661504378,within,0.0053158095438098,0.0575298470301667,0.1038165541071148,0.0312444539206601,0.0494766661504379
fish3,81.9,6155,307.75,20.0,20.0,20.156984674176705,9.441603652535013,5.804049496436775,128.21296436567567,48.55908434914214,5531,1887,467.51356487238377,266.55592436455623,844.68948923694,19.76003232209579,9.436867755392324,126.31828922495274,47.81281936686972,0.1065676584927892,0.8883749229239962,0.7840386915784875,0.8870512545653065,0.6629013960329246,0.0496193744738007,within,0.0053930913044926,0.0577858988168872,0.1040521438668131,0.0312463639070096,0.0496193744738006
fish3,81.9,6156,307.8,20.0,20.0,20.156984674176705,9.441603652535013,5.804049496436775,128.21296436567567,48.55908434914214,5556,1887,467.50714598251136,266.5565688958062,845.1837148783176,19.76003232209579,9.436867755392324,126.31828922495274,47.81281936686972,0.1065676584927892,0.8883749229239962,0.7840386915784875,0.8870512545653065,0.6629013960329246,0.0578132057842679,within,0.0053930913044926,0.0721501299065307,0.1186587089681169,0.0350508929579313,0.0578132057842679
fish3,81.9,6157,307.85,20.0,20.0,20.156984674176705,9.441603652535013,5.804049496436775,128.21296436567567,48.55908434914214,5576,1912,467.4503968369472,266.5583397291396,845.5287365660868,19.76003232209579,9.436867755392324,126.31828922495274,47.81281936686972,0.1142281864759979,0.8883749229239962,0.7840386915784875,0.8870512545653065,0.6629013960329246,0.0583465270099293,within,0.0057807692120152,0.0724118839171954,0.1194440081671116,0.0357494467433949,0.0583465270099293
fish3,81.9,6162,308.1,20.0,20.0,20.156984674176705,9.441603652535013,5.804049496436775,128.21296436567567,48.55908434914214,5556,1984,467.1134306500282,266.5568683749729,844.7902990250011,19.76003232209579,9.436867755392324,126.31828922495274,47.81281936686972,0.1735431636581736,0.8883749229239962,0.7840386915784875,0.8870512545653065,0.6629013960329246,0.0581206778537068,within,0.0087825344022396,0.0644651769021771,0.1215643160043978,0.0376706841060128,0.0581206778537068
fish3,81.9,6164,308.2,20.0,20.0,20.156984674176705,9.441603652535013,5.804049496436775,128.21296436567567,48.55908434914214,5476,1947,467.1103922878502,266.5578123853895,843.1882046732396,19.76003232209579,9.436867755392324,126.31828922495274,47.81281936686972,0.2243951316349139,0.8883749229239962,0.7840386915784875,0.8870512545653065,0.6629013960329246,0.0568662593746475,within,0.0113560103534847,0.0563534343672382,0.1219569656038949,0.0377986271739723,0.0568662593746476
fish3,81.9,6173,308.65,20.0,20.0,20.156984674176705,9.441603652535013,5.804049496436775,128.21296436567567,48.55908434914214,5369,2063,463.57026320527626,264.6981444166395,835.6484076219157,19.76003232209579,9.436867755392324,126.31828922495274,47.81281936686972,0.8030276485829049,0.8883749229239962,0.7840386915784875,0.8870512545653065,0.6629013960329246,0.0579959187778908,within,0.0406389845670925,0.0039476934997606,0.1337364535888177,0.0536605434558921,0.0579959187778907
fish3,81.9,6174,308.7,20.0,20.0,20.156984674176705,9.441603652535013,5.804049496436775,128.21296436567567,48.55908434914214,5336,2027,463.5487354490493,264.7008918124729,834.9696272615222,19.76003232209579,9.436867755392324,126.31828922495274,47.81281936686972,0.972710191229556,0.8883749229239962,0.7840386915784875,0.8870512545653065,0.6629013960329246,0.0593617584667565,within,0.0492261437316509,0.0176795260223732,0.1207004868855034,0.0498408772274987,0.0593617584667566
fish3,81.9,6177,308.85,20.0,20.0,20.156984674176705,9.441603652535013,5.804049496436775,128.21296436567567,48.55908434914214,5156,2080,463.6407672239516,264.70794585112463,831.4687130750763,19.76003232209579,9.436867755392324,126.31828922495274,47.81281936686972,0.9545052183707732,0.8883749229239962,0.7840386915784875,0.8870512545653065,0.6629013960329246,0.0585069726932359,within,0.0483048409441838,0.0430753672807924,0.0977697502748547,0.0448779322731123,0.0585069726932358
fish3,81.9,6178,308.9,20.0,20.0,20.156984674176705,9.441603652535013,5.804049496436775,128.21296436567567,48.55908434914214,5075,2098,463.71086685926633,264.70760079904124,829.9184676583076,19.76003232209579,9.436867755392324,126.31828922495274,47.81281936686972,0.9519539088270932,0.8883749229239962,0.7840386915784875,0.8870512545653065,0.6629013960329246,0.0566613283917352,within,0.0481757262999316,0.0446283460403372,0.0911732370032983,0.0426680042233733,0.0566613283917351
fish3,81.9,6179,308.95,20.0,20.0,20.156984674176705,9.441603652535013,5.804049496436775,128.21296436567567,48.55908434914214,5076,2079,463.8325119981368,264.707431528208,830.0599435263448,19.76003232209579,9.436867755392324,126.31828922495274,47.81281936686972,1.0970921409334622,0.8883749229239962,0.7840386915784875,0.8870512545653065,0.6629013960329246,0.0552079055857077,within,0.0555207665175065,0.0594510578667169,0.0689492696717448,0.0369105282868625,0.0552079055857077
fish3,81.9,6180,309.0,20.0,20.0,20.156984674176705,9.441603652535013,5.804049496436775,128.21296436567567,48.55908434914214,5034,2163,463.74436095647,264.7076919448747,829.1320529013447,19.76003232209579,9.436867755392324,126.31828922495274,47.81281936686972,1.1072102676597382,0.8883749229239962,0.7840386915784875,0.8870512545653065,0.6629013960329246,0.0561583625402864,within,0.0560328166276149,0.0742660936224023,0.0591330296843096,0.0352015102268186,0.0561583625402864
fish3,81.9,6181,309.05,20.0,20.0,20.156984674176705,9.441603652535013,5.804049496436775,128.21296436567567,48.55908434914214,5061,2214,463.6935536822848,264.7093911636247,829.6229448459095,19.76003232209579,9.436867755392324,126.31828922495274,47.81281936686972,1.1049110533684292,0.8883749229239962,0.7840386915784875,0.8870512545653065,0.6629013960329246,0.0576640515063148,within,0.0559164598193955,0.089073453307394,0.0512800376943617,0.0343862552041079,0.0576640515063148
fish3,81.9,6182,309.1,20.0,20.0,20.156984674176705,9.441603652535013,5.804049496436775,128.21296436567567,48.55908434914214,5084,2179,463.6701812777297,264.710419809458,830.0606010871877,19.76003232209579,9.436867755392324,126.31828922495274,47.81281936686972,1.117113255505707,0.8883749229239962,0.7840386915784875,0.8870512545653065,0.6629013960329246,0.0576481530382519,within,0.0565339791603753,0.089073453307394,0.0504162085754673,0.0345689711097713,0.057648153038252
fish3,81.9,6184,309.2,20.0,20.0,20.156984674176705,9.441603652535013,5.804049496436775,128.21296436567567,48.55908434914214,4995,2298,463.7364312424648,264.710185434458,828.3466166769227,19.76003232209579,9.436867755392324,126.31828922495274,47.81281936686972,1.0884641479241282,0.8883749229239962,0.7840386915784875,0.8870512545653065,0.6629013960329246,0.0593635766806904,within,0.0550841279093964,0.1043269571869349,0.0424846866656195,0.0355585349608109,0.0593635766806904
fish3,81.9,6185,309.25,20.0,20.0,20.156984674176705,9.441603652535013,5.804049496436775,128.21296436567567,48.55908434914214,5060,2248,463.7575249746063,264.7091177261247,829.666642700731,19.76003232209579,9.436867755392324,126.31828922495274,47.81281936686972,1.0572439327423917,0.8883749229239962,0.7840386915784875,0.8870512545653065,0.6629013960329246,0.0588239713812482,within,0.0535041600898686,0.1252091592191419,0.0248939846081358,0.0316885816078466,0.0588239713812482
fish3,81.9,6188,309.4,20.0,20.0,20.156984674176705,9.441603652535013,5.804049496436775,128.21296436567567,48.55908434914214,4807,2387,460.1768784202103,264.71390288237467,821.030781302585,19.76003232209579,9.436867755392324,126.31828922495274,47.81281936686972,1.0998282323375328,0.8883749229239962,0.7840386915784875,0.8870512545653065,0.6629013960329246,0.0595475513528955,within,0.0556592324551867,0.1527240894507868,0.0015705983979899,0.0282362851076186,0.0595475513528955
fish4,61.25,1089,54.45,20.0,20.0,25.752291295517715,3.060201501945235,22.49760341908041,46.05945310943614,52.02299713760021,4203,22042,450.329934711202,262.20191071165937,796.5918454228613,25.082699245876736,3.033448113335504,44.30787037037037,51.34523236751557,0.3297434796931462,1.0043572954946611,0.3656699130744646,0.840706296613563,0.2419515570423535,0.132695525011441,within,0.013146251783382,0.2580667239755145,0.2289936811321741,0.0305754431546932,0.132695525011441
fish4,61.25,1090,54.5,20.0,20.0,25.752291295517715,3.060201501945235,22.49760341908041,46.05945310943614,52.02299713760021,4112,22113,450.1923479953154,262.18920889272687,794.6215568880423,25.082699245876736,3.033448113335504,44.30787037037037,51.34523236751557,0.4178213086024023,1.0043572954946611,0.3656699130744646,0.840706296613563,0.2419515570423535,0.118696448728899,within,0.0166577490128413,0.2391190086756528,0.1982871168207219,0.02072192040638,0.118696448728899
fish4,61.25,1091,54.55,20.0,20.0,25.752291295517715,3.060201501945235,22.49760341908041,46.05945310943614,52.02299713760021,4070,22153,450.1272134493605,262.19455071678163,793.7217641661422,25.082699245876736,3.033448113335504,44.30787037037037,51.34523236751557,0.3688716067838946,1.0043572954946611,0.3656699130744646,0.840706296613563,0.2419515570423535,0.1149182940729028,within,0.0147062165506183,0.2391190086756528,0.1893049245391407,0.0165430265261994,0.1149182940729028
fish4,61.25,1092,54.6,20.0,20.0,25.752291295517715,3.060201501945235,22.49760341908041,46.05945310943614,52.02299713760021,3996,22167,450.0775216358137,262.1971581435204,792.194679779334,25.082699245876736,3.033448113335504,44.30787037037037,51.34523236751557,0.3708651685943316,1.0043572954946611,0.3656699130744646,0.840706296613563,0.2419515570423535,0.110776277673569,within,0.0147856961070606,0.2294768759878626,0.1836649433390779,0.015177595260275,0.110776277673569
fish4,61.25,1093,54.65,20.0,20.0,25.752291295517715,3.060201501945235,22.49760341908041,46.05945310943614,52.02299713760021,3938,22165,450.0024261405096,262.18902988989083,790.9514560304004,25.082699245876736,3.033448113335504,44.30787037037037,51.34523236751557,0.3409438351939933,1.0043572954946611,0.3656699130744646,0.840706296613563,0.2419515570423535,0.094213414503248,within,0.013592788872196,0.1902099723510894,0.1610005744425299,0.0120503223471767,0.094213414503248
fish4,61.25,1094,54.7,20.0,20.0,25.752291295517715,3.060201501945235,22.49760341908041,46.05945310943614,52.02299713760021,3928,22209,449.93674037179824,262.1932225982242,790.6899629700224,25.082699245876736,3.033448113335504,44.30787037037037,51.34523236751557,0.5075763556815147,1.0043572954946611,0.3656699130744646,0.840706296613563,0.2419515570423535,0.0883769371573735,within,0.0202361137733194,0.1680345421614862,0.1529583790276254,0.0122787136670632,0.0883769371573735
fish4,61.25,1095,54.75,20.0,20.0,25.752291295517715,3.060201501945235,22.49760341908041,46.05945310943614,52.02299713760021,3941,22208,449.9434243842042,262.2036848576863,790.9671092418906,25.082699245876736,3.033448113335504,44.30787037037037,51.34523236751557,0.5033087009076809,1.0043572954946611,0.3656699130744646,0.840706296613563,0.2419515570423535,0.0741435987839357,within,0.0200659704114746,0.1362954956432865,0.1277873518199383,0.0124255772610433,0.0741435987839357
fish4,61.25,1096,54.8,20.0,20.0,25.752291295517715,3.060201501945235,22.49760341908041,46.05945310943614,52.02299713760021,3863,22151,449.9250563390474,262.1984212025007,789.383477541548,25.082699245876736,3.033448113335504,44.30787037037037,51.34523236751557,0.4523355935390611,1.0043572954946611,0.3656699130744646,0.840706296613563,0.2419515570423535,0.0551367217395733,within,0.0180337685790903,0.1010863498275245,0.0940519087158598,0.0073748598358186,0.0551367217395733
fish4,61.25,1097,54.85,20.0,20.0,25.752291295517715,3.060201501945235,22.49760341908041,46.05945310943614,52.02299713760021,3938,22809,449.5456684024764,259.3231607377688,787.6288291402452,25.082699245876736,3.033448113335504,44.30787037037037,51.34523236751557,0.621648081849596,1.0043572954946611,0.3656699130744646,0.840706296613563,0.2419515570423535,0.0405775749428177,within,0.0247839387521973,0.0622060920420387,0.066896443678521,0.0084238252985138,0.0405775749428177
fish4,61.25,1098,54.9,20.0,20.0,25.752291295517715,3.060201501945235,22.49760341908041,46.05945310943614,52.02299713760021,3903,22811,449.3283897564736,261.40398105026884,788.7923708067424,25.082699245876736,3.033448113335504,44.30787037037037,51.34523236751557,0.5780195188155268,1.0043572954946611,0.3656699130744646,0.840706296613563,0.2419515570423535,0.0356991789377953,within,0.0230445500761065,0.0579909417484162,0.0585409159747246,0.0032203079519339,0.0356991789377953
fish4,61.25,1099,54.95,20.0,20.0,25.752291295517715,3.060201501945235,22.49760341908041,46.05945310943614,52.02299713760021,3859,22814,449.10197916636525,261.52858391485216,787.8105630812174,25.082699245876736,3.033448113335504,44.30787037037037,51.34523236751557,0.5493546068555979,1.0043572954946611,0.3656699130744646,0.840706296613563,0.2419515570423535,0.0217576578125978,within,0.0219017339988201,0.0249553410101286,0.0395320904485875,0.0006414657928551,0.0217576578125978
fish4,61.25,1100,55.0,20.0,20.0,25.752291295517715,3.060201501945235,22.49760341908041,46.05945310943614,52.02299713760021,3858,22795,448.903255208258,261.6495637273153,787.7128189355732,25.082699245876736,3.033448113335504,44.30787037037037,51.34523236751557,0.5465463109519852,1.0043572954946611,0.3656699130744646,0.840706296613563,0.2419515570423535,0.0206915733186349,within,0.0217897725278442,0.0236488036103496,0.0365032116559609,0.0008245054803848,0.0206915733186349
fish4,61.25,1101,55.05,20.0,20.0,25.752291295517715,3.060201501945235,22.49760341908041,46.05945310943614,52.02299713760021,3792,22752,448.6321267354329,261.64898431053155,786.1211110459645,25.082699245876736,3.033448113335504,44.30787037037037,51.34523236751557,0.4827851611316838,1.0043572954946611,0.3656699130744646,0.840706296613563,0.2419515570423535,0.0121671895399657,within,0.0192477355167844,0.00719139698141,0.0147788396260901,0.0074507860355784,0.0121671895399657
fish4,61.25,1102,55.1,20.0,20.0,25.752291295517715,3.060201501945235,22.49760341908041,46.05945310943614,52.02299713760021,3808,22737,448.5886024293499,261.6607291021984,786.4093315315482,25.082699245876736,3.033448113335504,44.30787037037037,51.34523236751557,0.4621332932750803,1.0043572954946611,0.3656699130744646,0.840706296613563,0.2419515570423535,0.0087308696277652,within,0.0184243844231018,0.008334875779565,0.0020366598778004,0.0061275584305936,0.0087308696277652
fish4,61.25,1103,55.15,20.0,20.0,25.752291295517715,3.060201501945235,22.49760341908041,46.05945310943614,52.02299713760021,3803,22726,448.5867708314495,261.67116203637653,786.3179328678259,25.082699245876736,3.033448113335504,44.30787037037037,51.34523236751557,0.4500406099578917,1.0043572954946611,0.3656699130744646,0.840706296613563,0.2419515570423535,0.0095935044262177,within,0.0179422719040843,0.008334875779565,0.0044388740926417,0.0076579959285795,0.0095935044262176
fish4,61.25,1104,55.2,20.0,20.0,25.752291295517715,3.060201501945235,22.49760341908041,46.05945310943614,52.02299713760021,3811,22728,448.4541059024763,261.6529849530432,786.3270908555195,25.082699245876736,3.033448113335504,44.30787037037037,51.34523236751557,0.4379509110146564,1.0043572954946611,0.3656699130744646,0.840706296613563,0.2419515570423535,0.0107853468990844,within,0.0174602783664381,0.0068771516675237,0.0091388584260273,0.0096650991363484,0.0107853468990844
fish4,61.25,1105,55.25,20.0,20.0,25.752291295517715,3.060201501945235,22.49760341908041,46.05945310943614,52.02299713760021,3815,22662,448.4337456597034,261.65872389051634,786.3924695502196,25.082699245876736,3.033448113335504,44.30787037037037,51.34523236751557,0.4379509110146564,1.0043572954946611,0.3656699130744646,0.840706296613563,0.2419515570423535,0.0123923245250301,within,0.0174602783664381,0.008334875779565,0.0136299545668181,0.0101441893872991,0.0123923245250301
fish4,61.25,1106,55.3,20.0,20.0,25.752291295517715,3.060201501945235,22.49760341908041,46.05945310943614,52.02299713760021,3762,22620,448.3987586805556,261.6588834007157,785.2976420812713,25.082699245876736,3.033448113335504,44.30787037037037,51.34523236751557,0.2348523250155914,1.0043572954946611,0.3656699130744646,0.840706296613563,0.2419515570423535,0.0085816868434501,within,0.0093631200818308,0.0005809131317666,0.0108099639667867,0.0135727501934163,0.0085816868434501
fish4,61.25,1107,55.35,20.0,20.0,25.752291295517715,3.060201501945235,22.49760341908041,46.05945310943614,52.02299713760021,3714,22630,457.5038932282436,261.65282867218656,793.43672190043,25.082699245876736,3.033448113335504,44.30787037037037,51.34523236751557,0.2367533712330285,1.0043572954946611,0.3656699130744646,0.840706296613563,0.2419515570423535,0.0178855292042137,within,0.0094389112157435,0.0157581343577694,0.0282521280484619,0.0180929431948798,0.0178855292042137
fish4,61.25,1108,55.4,20.0,20.0,25.752291295517715,3.060201501945235,22.49760341908041,46.05945310943614,52.02299713760021,3693,22637,457.9226649298773,261.65520497426985,793.4378699041472,25.082699245876736,3.033448113335504,44.30787037037037,51.34523236751557,0.2367533712330285,1.0043572954946611,0.3656699130744646,0.840706296613563,0.2419515570423535,0.0189864346997418,within,0.0094389112157435,0.0173396139225604,0.0320121155151702,0.017155098145493,0.0189864346997418
fish4,61.25,1109,55.45,20.0,20.0,25.752291295517715,3.060201501945235,22.49760341908041,46.05945310943614,52.02299713760021,3668,22618,457.9839236099055,265.19457347207594,796.5384970819815,25.082699245876736,3.033448113335504,44.30787037037037,51.34523236751557,0.11142160208475,1.0043572954946611,0.3656699130744646,0.840706296613563,0.2419515570423535,0.0111481535400595,within,0.0044421695206136,0.0076774249368316,0.0169721656483366,0.0155008540544564,0.0111481535400595
fish4,61.25,1110,55.5,20.0,20.0,25.752291295517715,3.060201501945235,22.49760341908041,46.05945310943614,52.02299713760021,3629,22653,457.8717578093163,265.1852017739191,795.6369595832355,25.082699245876736,3.033448113335504,44.30787037037037,51.34523236751557,0.0950433577499119,1.0043572954946611,0.3656699130744646,0.840706296613563,0.2419515570423535,0.0159129708982938,within,0.0037891997515193,0.0138423531811539,0.0278343516632721,0.0181859789972299,0.0159129708982938
fish4,61.25,1111,55.55,20.0,20.0,25.752291295517715,3.060201501945235,22.49760341908041,46.05945310943614,52.02299713760021,3613,22781,457.7788411458144,265.1954035909016,795.2342447367159,25.082699245876736,3.033448113335504,44.30787037037037,51.34523236751557,0.0950433577499119,1.0043572954946611,0.3656699130744646,0.840706296613563,0.2419515570423535,0.0174881878504568,within,0.0037891997515193,0.015816594419025,0.0312810068410882,0.0190659503901945,0.0174881878504568
fish4,61.25,1112,55.6,20.0,20.0,25.752291295517715,3.060201501945235,22.49760341908041,46.05945310943614,52.02299713760021,3628,22790,457.7670833321277,265.2192870559587,795.5463703880864,25.082699245876736,3.033448113335504,44.30787037037037,51.34523236751557,0.2494996324491545,1.0043572954946611,0.3656699130744646,0.840706296613563,0.2419515570423535,0.0249507145316868,within,0.0099470806552117,0.0313604951369323,0.0409943077967515,0.0175009745378516,0.0249507145316868
fish4,61.25,1113,55.65,20.0,20.0,25.752291295517715,3.060201501945235,22.49760341908041,46.05945310943614,52.02299713760021,3623,22721,457.6806944317101,265.22813144594824,795.3688258776583,25.082699245876736,3.033448113335504,44.30787037037037,51.34523236751557,0.2476224612234574,1.0043572954946611,0.3656699130744646,0.840706296613563,0.2419515570423535,0.0312260467930019,within,0.0098722413722744,0.0525138635786803,0.0459031803227323,0.016614901898321,0.031226046793002
fish4,61.25,1114,55.7,20.0,20.0,25.752291295517715,3.060201501945235,22.49760341908041,46.05945310943614,52.02299713760021,3609,22697,457.5975607366867,265.2267317063649,795.0042924430516,25.082699245876736,3.033448113335504,44.30787037037037,51.34523236751557,0.2236340632709463,1.0043572954946611,0.3656699130744646,0.840706296613563,0.2419515570423535,0.0387934052674601,within,0.0089158691047856,0.0673522862650694,0.0590631364562117,0.0198423292437734,0.03879340526746
fish4,61.25,1115,55.75,20.0,20.0,25.752291295517715,3.060201501945235,22.49760341908041,46.05945310943614,52.02299713760021,3583,22719,457.6042751598782,265.2204653950903,794.4847405549684,25.082699245876736,3.033448113335504,44.30787037037037,51.34523236751557,0.1958226822657742,1.0043572954946611,0.3656699130744646,0.840706296613563,0.2419515570423535,0.0426743019057229,within,0.0078070816998678,0.0699928822626956,0.0700297665674445,0.0228674770928837,0.0426743019057229
fish4,61.25,1116,55.8,20.0,20.0,25.752291295517715,3.060201501945235,22.49760341908041,46.05945310943614,52.02299713760021,3521,22634,457.5531814153036,265.2233462863498,793.1965277016533,25.082699245876736,3.033448113335504,44.30787037037037,51.34523236751557,0.2088315683910586,1.0043572954946611,0.3656699130744646,0.840706296613563,0.2419515570423535,0.0517828718449901,within,0.0083257215000649,0.091949222130425,0.0817275053527598,0.0251290383967108,0.0517828718449901
fish4,61.25,1117,55.85,20.0,20.0,25.752291295517715,3.060201501945235,22.49760341908041,46.05945310943614,52.02299713760021,3531,22614,457.33891926252585,265.2308267648909,793.1897460274167,25.082699245876736,3.033448113335504,44.30787037037037,51.34523236751557,0.1844850455624076,1.0043572954946611,0.3656699130744646,0.840706296613563,0.2419515570423535,0.0659495102865074,within,0.0073550714679455,0.1263928109594088,0.1026163246122512,0.0274338341064238,0.0659495102865073
fish4,61.25,1118,55.9,20.0,20.0,25.752291295517715,3.060201501945235,22.49760341908041,46.05945310943614,52.02299713760021,3510,22609,457.35860676252594,265.2315428903793,792.7901496529053,25.082699245876736,3.033448113335504,44.30787037037037,51.34523236751557,0.2019913832570523,1.0043572954946611,0.3656699130744646,0.840706296613563,0.2419515570423535,0.0717840735113929,within,0.0080530161956256,0.1321066074079511,0.1140007311086741,0.0329759393333209,0.0717840735113929
fish4,61.25,1119,55.95,20.0,20.0,25.752291295517715,3.060201501945235,22.49760341908041,46.05945310943614,52.02299713760021,3455,22626,457.24360241578665,265.2239061603122,791.5675085760989,25.082699245876736,3.033448113335504,44.30787037037037,51.34523236751557,0.2019913832570523,1.0043572954946611,0.3656699130744646,0.840706296613563,0.2419515570423535,0.0773250810463329,within,0.0080530161956256,0.1349591885815449,0.1303984542273745,0.0358896651807866,0.0773250810463329
fish4,61.25,1120,56.0,20.0,20.0,25.752291295517715,3.060201501945235,22.49760341908041,46.05945310943614,52.02299713760021,3483,22601,457.24024303860136,265.22614245680705,792.1263854954084,25.082699245876736,3.033448113335504,44.30787037037037,51.34523236751557,0.3834651954860355,1.0043572954946611,0.3656699130744646,0.840706296613563,0.2419515570423535,0.0843175806500162,within,0.0152880354593045,0.1565224969605265,0.1332184448274058,0.0322413453528277,0.0843175806500161
fish4,61.25,1121,56.05,20.0,20.0,25.752291295517715,3.060201501945235,22.49760341908041,46.05945310943614,52.02299713760021,3453,22568,457.3402951219349,265.2173761230045,791.6176712449394,25.082699245876736,3.033448113335504,44.30787037037037,51.34523236751557,0.3522814718973528,1.0043572954946611,0.3656699130744646,0.840706296613563,0.2419515570423535,0.0908782368005324,within,0.014044799104118,0.1703900329372979,0.145542848190506,0.0335352669702077,0.0908782368005324
fish4,61.25,1122,56.1,20.0,20.0,25.752291295517715,3.060201501945235,22.49760341908041,46.05945310943614,52.02299713760021,3460,22513,457.2642143892077,265.2187139699194,791.6829283591271,25.082699245876736,3.033448113335504,44.30787037037037,51.34523236751557,0.3720141525719072,1.0043572954946611,0.3656699130744646,0.840706296613563,0.2419515570423535,0.10203268121612,within,0.0148315039352497,0.1922719936193991,0.1637161209462635,0.0373111063635678,0.10203268121612
fish4,61.25,1123,56.15,20.0,20.0,25.752291295517715,3.060201501945235,22.49760341908041,46.05945310943614,52.02299713760021,3436,22401,457.2147569251545,265.2211521646712,791.1559090898257,25.082699245876736,3.033448113335504,44.30787037037037,51.34523236751557,0.3700922157366868,1.0043572954946611,0.3656699130744646,0.840706296613563,0.2419515570423535,0.1054482941704516,within,0.0147548799317332,0.1923228988419691,0.1757271920204708,0.0389882058876333,0.1054482941704516
fish4,61.25,1124,56.2,20.0,20.0,25.752291295517715,3.060201501945235,22.49760341908041,46.05945310943614,52.02299713760021,3446,22309,457.37805988210033,265.21209613444006,791.5101560165403,25.082699245876736,3.033448113335504,44.30787037037037,51.34523236751557,0.4069313279942008,1.0043572954946611,0.3656699130744646,0.840706296613563,0.2419515570423535,0.108398402175326,within,0.0162235859867073,0.2047344195392592,0.176249412501958,0.0363861906733793,0.108398402175326
fish4,61.25,1125,56.25,20.0,20.0,25.752291295517715,3.060201501945235,22.49760341908041,46.05945310943614,52.02299713760021,3466,22241,457.45698349321145,265.3098662549229,792.0868497481343,25.082699245876736,3.033448113335504,44.30787037037037,51.34523236751557,0.3309999011335556,1.0043572954946611,0.3656699130744646,0.840706296613563,0.2419515570423535,0.1009009136226007,within,0.0131963429409602,0.1897859120605983,0.1652827823907253,0.0353386170981188,0.1009009136226006
fish4,61.25,1126,56.3,20.0,20.0,25.752291295517715,3.060201501945235,22.49760341908041,46.05945310943614,52.02299713760021,3443,22327,457.5061024004149,265.28233048434794,791.6484328847629,25.082699245876736,3.033448113335504,44.30787037037037,51.34523236751557,0.2602941130903851,1.0043572954946611,0.3656699130744646,0.840706296613563,0.2419515570423535,0.104358855643717,within,0.0103774362774442,0.193650212048133,0.1765627447908506,0.0368450294584404,0.104358855643717
fish4,61.25,1127,56.35,20.0,20.0,25.752291295517715,3.060201501945235,22.49760341908041,46.05945310943614,52.02299713760021,3416,22307,452.2120399033533,265.3029130565961,785.8349529599494,25.082699245876736,3.033448113335504,44.30787037037037,51.34523236751557,0.5055141532698251,1.0043572954946611,0.3656699130744646,0.840706296613563,0.2419515570423535,0.1048231847298347,within,0.0201538976453231,0.1894386592967417,0.1735338659982243,0.0361663159790495,0.1048231847298347
fish4,61.25,1128,56.4,20.0,20.0,25.752291295517715,3.060201501945235,22.49760341908041,46.05945310943614,52.02299713760021,3404,22269,452.1341319143037,264.580621405273,784.7947533195767,25.082699245876736,3.033448113335504,44.30787037037037,51.34523236751557,0.4499122818772747,1.0043572954946611,0.3656699130744646,0.840706296613563,0.2419515570423535,0.109601840782207,within,0.0179371557050916,0.1954420578948875,0.1865893780354066,0.0384387714934424,0.109601840782207
fish4,61.25,1129,56.45,20.0,20.0,25.752291295517715,3.060201501945235,22.49760341908041,46.05945310943614,52.02299713760021,3411,22210,452.00308157002,264.5596253038936,784.7827068739136,25.082699245876736,3.033448113335504,44.30787037037037,51.34523236751557,0.4270997272680361,1.0043572954946611,0.3656699130744646,0.840706296613563,0.2419515570423535,0.1018879185726752,within,0.0170276620981389,0.1716811908440392,0.1757271920204708,0.0431156293280515,0.1018879185726751
fish4,61.25,1130,56.5,20.0,20.0,25.752291295517715,3.060201501945235,22.49760341908041,46.05945310943614,52.02299713760021,3478,22198,452.0021223700442,264.5999476521386,786.1620700221829,25.082699245876736,3.033448113335504,44.30787037037037,51.34523236751557,0.647042119940906,1.0043572954946611,0.3656699130744646,0.840706296613563,0.2419515570423535,0.0785459471277455,within,0.02579635124586,0.121191664278798,0.1299806778421848,0.0372150951441393,0.0785459471277455
fish4,61.25,1131,56.55,20.0,20.0,25.752291295517715,3.060201501945235,22.49760341908041,46.05945310943614,52.02299713760021,3454,22199,452.0260199422013,264.623320047972,785.7293399901733,25.082699245876736,3.033448113335504,44.30787037037037,51.34523236751557,0.7587382844306809,1.0043572954946611,0.3656699130744646,0.840706296613563,0.2419515570423535,0.076565950799569,within,0.03024946705269,0.1125479394986932,0.1251762494125018,0.0382901472343909,0.076565950799569
fish4,61.25,1132,56.6,20.0,20.0,25.752291295517715,3.060201501945235,22.49760341908041,46.05945310943614,52.02299713760021,3423,22123,452.13621091698536,264.61617796156133,785.2123888785468,25.082699245876736,3.033448113335504,44.30787037037037,51.34523236751557,0.7271785297220639,1.0043572954946611,0.3656699130744646,0.840706296613563,0.2419515570423535,0.087310242705045,within,0.0289912390446415,0.127691703581947,0.1479450624053475,0.0446129657882439,0.087310242705045
fish4,61.25,1133,56.65,20.0,20.0,25.752291295517715,3.060201501945235,22.49760341908041,46.05945310943614,52.02299713760021,3448,22074,452.04105032544544,264.62435504489474,785.6254053703402,25.082699245876736,3.033448113335504,44.30787037037037,51.34523236751557,0.7143725810265877,1.0043572954946611,0.3656699130744646,0.840706296613563,0.2419515570423535,0.0724156515879304,within,0.0284806899777352,0.0881023702227112,0.1313384510940519,0.0417410950572233,0.0724156515879304
fish4,61.25,1134,56.7,20.0,20.0,25.752291295517715,3.060201501945235,22.49760341908041,46.05945310943614,52.02299713760021,3445,22001,451.93740883365217,264.6196544626448,785.457063296297,25.082699245876736,3.033448113335504,44.30787037037037,51.34523236751557,0.7217051878652683,1.0043572954946611,0.3656699130744646,0.840706296613563,0.2419515570423535,0.0838754454869756,within,0.0287730272085412,0.116971117671829,0.1448117395164237,0.0449458975511086,0.0838754454869756
fish4,61.25,1135,56.75,20.0,20.0,25.752291295517715,3.060201501945235,22.49760341908041,46.05945310943614,52.02299713760021,3433,21954,451.893966992112,264.6049407856834,785.1589077777954,25.082699245876736,3.033448113335504,44.30787037037037,51.34523236751557,0.7192580012117453,1.0043572954946611,0.3656699130744646,0.840706296613563,0.2419515570423535,0.0793163605952278,within,0.0286754624835675,0.0966435650492296,0.1444984072275313,0.0474480076205829,0.0793163605952278
fish4,61.25,1136,56.8,20.0,20.0,25.752291295517715,3.060201501945235,22.49760341908041,46.05945310943614,52.02299713760021,3439,21865,451.89775172134216,264.60469969007704,785.2824514114192,25.082699245876736,3.033448113335504,44.30787037037037,51.34523236751557,0.7729319670211439,1.0043572954946611,0.3656699130744646,0.840706296613563,0.2419515570423535,0.0857083652040671,within,0.0308153424575388,0.1177736394050312,0.1489895033683221,0.0452549755853763,0.0857083652040671
fish4,61.25,1137,56.85,20.0,20.0,25.752291295517715,3.060201501945235,22.49760341908041,46.05945310943614,52.02299713760021,3460,21683,451.94552950477146,264.6053768767886,785.7509063815601,25.082699245876736,3.033448113335504,44.30787037037037,51.34523236751557,0.7691358433342117,1.0043572954946611,0.3656699130744646,0.840706296613563,0.2419515570423535,0.0813430743939863,within,0.0306639981524575,0.1088129711543665,0.140529531568228,0.045365796700893,0.0813430743939862
fish4,61.25,1138,56.9,20.0,20.0,25.752291295517715,3.060201501945235,22.49760341908041,46.05945310943614,52.02299713760021,3430,21647,451.8671831497569,264.61688404378896,785.0840671935458,25.082699245876736,3.033448113335504,44.30787037037037,51.34523236751557,0.7482303036903453,1.0043572954946611,0.3656699130744646,0.840706296613563,0.2419515570423535,0.0950806478026529,within,0.0298305336421615,0.1441259060634955,0.158598360227688,0.0477677912772665,0.0950806478026529
fish4,61.25,1139,56.95,20.0,20.0,25.752291295517715,3.060201501945235,22.49760341908041,46.05945310943614,52.02299713760021,3443,21582,451.9416536358681,264.626643180328,785.428296816196,25.082699245876736,3.033448113335504,44.30787037037037,51.34523236751557,0.7163303303494111,1.0043572954946611,0.3656699130744646,0.840706296613563,0.2419515570423535,0.0987339884417439,within,0.0285587417577143,0.1512322211711405,0.1672672202203767,0.047877770617744,0.0987339884417439
fish4,61.25,1140,57.0,20.0,20.0,25.752291295517715,3.060201501945235,22.49760341908041,46.05945310943614,52.02299713760021,3439,21487,451.92171439794856,264.62974859355296,785.3314629915014,25.082699245876736,3.033448113335504,44.30787037037037,51.34523236751557,0.71443823725388,1.0043572954946611,0.3656699130744646,0.840706296613563,0.2419515570423535,0.1015333237675,within,0.0284833075679175,0.1528270116421863,0.1749960833463888,0.0498268925135073,0.1015333237675
fish4,61.25,1141,57.05,20.0,20.0,25.752291295517715,3.060201501945235,22.49760341908041,46.05945310943614,52.02299713760021,3378,21423,451.8903732530382,264.6202303530269,784.0706036060651,25.082699245876736,3.033448113335504,44.30787037037037,51.34523236751557,0.6712871740546476,1.0043572954946611,0.3656699130744646,0.840706296613563,0.2419515570423535,0.120990345405695,within,0.0267629559113339,0.2030080489611108,0.2016293279022402,0.0525610488480951,0.120990345405695
fish4,61.25,1142,57.1,20.0,20.0,25.752291295517715,3.060201501945235,22.49760341908041,46.05945310943614,52.02299713760021,3372,21405,451.9188975585938,264.6307477186415,783.9896452772352,25.082699245876736,3.033448113335504,44.30787037037037,51.34523236751557,0.6712871740546476,1.0043572954946611,0.3656699130744646,0.840706296613563,0.2419515570423535,0.1239828621546061,within,0.0267629559113339,0.2049711378180657,0.210507076087524,0.053690278801501,0.1239828621546061
fish4,61.25,1143,57.15,20.0,20.0,25.752291295517715,3.060201501945235,22.49760341908041,46.05945310943614,52.02299713760021,3352,21345,451.9077300229485,264.63737874424186,783.5851087671904,25.082699245876736,3.033448113335504,44.30787037037037,51.34523236751557,0.7089768328929544,1.0043572954946611,0.3656699130744646,0.840706296613563,0.2419515570423535,0.1302404143557088,within,0.0282655716573048,0.2218000806209211,0.2180270510209409,0.0528689541236684,0.1302404143557088
fish4,61.25,1144,57.2,20.0,20.0,25.752291295517715,3.060201501945235,22.49760341908041,46.05945310943614,52.02299713760021,3360,21323,451.8147482530383,264.6036708034516,783.6184190564899,25.082699245876736,3.033448113335504,44.30787037037037,51.34523236751557,0.6762143754753467,1.0043572954946611,0.3656699130744646,0.840706296613563,0.2419515570423535,0.1267220589459888,within,0.0269593941563726,0.2082770992513335,0.2180270510209409,0.0536246913553081,0.1267220589459888
fish4,61.25,1145,57.25,20.0,20.0,25.752291295517715,3.060201501945235,22.49760341908041,46.05945310943614,52.02299713760021,3374,21273,451.8372048502604,264.62542853355416,783.9426333838146,25.082699245876736,3.033448113335504,44.30787037037037,51.34523236751557,0.6762143754753467,1.0043572954946611,0.3656699130744646,0.840706296613563,0.2419515570423535,0.11808510890543,within,0.0269593941563726,0.184719583275098,0.2078959736800877,0.0527654845101618,0.11808510890543
fish4,61.25,1146,57.3,20.0,20.0,25.752291295517715,3.060201501945235,22.49760341908041,46.05945310943614,52.02299713760021,3403,21182,451.8474262069704,264.6158711418999,784.5232973488703,25.082699245876736,3.033448113335504,44.30787037037037,51.34523236751557,0.6863045438602065,1.0043572954946611,0.3656699130744646,0.840706296613563,0.2419515570423535,0.1069765114207296,within,0.0273616701748329,0.1579465840527068,0.1910804741761969,0.0515173172791821,0.1069765114207297
fish4,61.25,1147,57.35,20.0,20.0,25.752291295517715,3.060201501945235,22.49760341908041,46.05945310943614,52.02299713760021,3452,20433,453.2806292655098,263.53460278621253,785.8552320517223,25.082699245876736,3.033448113335504,44.30787037037037,51.34523236751557,0.4743513202989149,1.0043572954946611,0.3656699130744646,0.840706296613563,0.2419515570423535,0.0927999550345655,within,0.01891149415974,0.1119345585482911,0.1815760614131285,0.0587777060171025,0.0927999550345655
fish4,61.25,1148,57.4,20.0,20.0,25.752291295517715,3.060201501945235,22.49760341908041,46.05945310943614,52.02299713760021,3470,20426,456.0190884867351,266.13306632787913,791.5521548146143,25.082699245876736,3.033448113335504,44.30787037037037,51.34523236751557,0.4743513202989149,1.0043572954946611,0.3656699130744646,0.840706296613563,0.2419515570423535,0.0826545352893427,within,0.01891149415974,0.0874095735275575,0.1671627761240796,0.0571342973459936,0.0826545352893427
fish4,61.25,1149,57.45,20.0,20.0,25.752291295517715,3.060201501945235,22.49760341908041,46.05945310943614,52.02299713760021,3435,20426,455.636805500624,264.01563794246255,788.3524434430865,25.082699245876736,3.033448113335504,44.30787037037037,51.34523236751557,0.4743513202989149,1.0043572954946611,0.3656699130744646,0.840706296613563,0.2419515570423535,0.0909972335900493,within,0.01891149415974,0.1090302627051251,0.1775027416575277,0.0585444358378045,0.0909972335900493
fish4,61.25,1150,57.5,20.0,20.0,25.752291295517715,3.060201501945235,22.49760341908041,46.05945310943614,52.02299713760021,3448,20421,455.3485719996133,264.0168423695459,788.3254143691593,25.082699245876736,3.033448113335504,44.30787037037037,51.34523236751557,0.4743513202989149,1.0043572954946611,0.3656699130744646,0.840706296613563,0.2419515570423535,0.0820880341944891,within,0.01891149415974,0.0835371790700029,0.1685205493759466,0.0573829141722669,0.0820880341944891
fish4,61.25,1151,57.55,20.0,20.0,25.752291295517715,3.060201501945235,22.49760341908041,46.05945310943614,52.02299713760021,3410,20394,455.360850657974,264.00069002579585,787.5615406837699,25.082699245876736,3.033448113335504,44.30787037037037,51.34523236751557,0.4743513202989149,1.0043572954946611,0.3656699130744646,0.840706296613563,0.2419515570423535,0.0902966072392211,within,0.01891149415974,0.1051578682475707,0.1784427385242047,0.0586743280253688,0.0902966072392211
fish4,61.25,1152,57.6,20.0,20.0,25.752291295517715,3.060201501945235,22.49760341908041,46.05945310943614,52.02299713760021,3369,20378,455.165225657974,264.00076815079586,786.5459938087698,25.082699245876736,3.033448113335504,44.30787037037037,51.34523236751557,0.4728680864369643,1.0043572954946611,0.3656699130744646,0.840706296613563,0.2419515570423535,0.108286043201707,within,0.0188523604178963,0.1516117618765212,0.2030915452504047,0.0595885052620057,0.108286043201707
fish4,61.25,1153,57.65,20.0,20.0,25.752291295517715,3.060201501945235,22.49760341908041,46.05945310943614,52.02299713760021,3380,20360,455.11872392186285,263.9977994007959,786.7165233226588,25.082699245876736,3.033448113335504,44.30787037037037,51.34523236751557,0.4728680864369643,1.0043572954946611,0.3656699130744646,0.840706296613563,0.2419515570423535,0.1083083647040293,within,0.0188523604178963,0.1506566144141645,0.2040315421170816,0.0596929418669748,0.1083083647040293
fish4,61.25,1154,57.7,20.0,20.0,25.752291295517715,3.060201501945235,22.49760341908041,46.05945310943614,52.02299713760021,3381,20418,454.8864583001032,264.0034602025243,786.5099185026276,25.082699245876736,3.033448113335504,44.30787037037037,51.34523236751557,0.4649445735526711,1.0043572954946611,0.3656699130744646,0.840706296613563,0.2419515570423535,0.1085184331751592,within,0.01853646487545,0.1506566144141645,0.2040315421170816,0.0608491112939406,0.1085184331751592
fish4,61.25,1155,57.75,20.0,20.0,25.752291295517715,3.060201501945235,22.49760341908041,46.05945310943614,52.02299713760021,3354,20394,454.8278688949584,264.0117609837744,785.9196298787328,25.082699245876736,3.033448113335504,44.30787037037037,51.34523236751557,0.4636016052671969,1.0043572954946611,0.3656699130744646,0.840706296613563,0.2419515570423535,0.1002415190157082,within,0.0184829232580862,0.1283534714753575,0.1948404616429057,0.0592892196864836,0.1002415190157083
fish4,61.25,1156,57.8,20.0,20.0,25.752291295517715,3.060201501945235,22.49760341908041,46.05945310943614,52.02299713760021,3382,20405,454.7797872977362,263.9879751820459,786.407762479782,25.082699245876736,3.033448113335504,44.30787037037037,51.34523236751557,0.4636016052671969,1.0043572954946611,0.3656699130744646,0.840706296613563,0.2419515570423535,0.0992676949727319,within,0.0184829232580862,0.1283534714753575,0.1911849182724945,0.0590494668849896,0.099267694972732
fish4,61.25,1157,57.85,20.0,20.0,25.752291295517715,3.060201501945235,22.49760341908041,46.05945310943614,52.02299713760021,3414,20400,454.77830292273626,263.9835676299626,787.0418705526988,25.082699245876736,3.033448113335504,44.30787037037037,51.34523236751557,0.4636016052671969,1.0043572954946611,0.3656699130744646,0.840706296613563,0.2419515570423535,0.0878451078153446,within,0.0184829232580862,0.1057377920552237,0.1721760927463572,0.0549836232017111,0.0878451078153446
fish4,61.25,1158,57.9,20.0,20.0,25.752291295517715,3.060201501945235,22.49760341908041,46.05945310943614,52.02299713760021,3407,20409,454.7896484088475,263.98042960912926,786.9100780179767,25.082699245876736,3.033448113335504,44.30787037037037,51.34523236751557,0.2681728603651585,1.0043572954946611,0.3656699130744646,0.840706296613563,0.2419515570423535,0.0874042032807987,within,0.0106915470993114,0.1057377920552237,0.1737427541908192,0.0594447197778402,0.0874042032807986
fish4,61.25,1159,57.95,20.0,20.0,25.752291295517715,3.060201501945235,22.49760341908041,46.05945310943614,52.02299713760021,3441,20444,454.80332028384737,263.9658299903764,787.5891502742238,25.082699245876736,3.033448113335504,44.30787037037037,51.34523236751557,0.2681728603651585,1.0043572954946611,0.3656699130744646,0.840706296613563,0.2419515570423535,0.0866486342374765,within,0.0106915470993114,0.108564740740421,0.1682072170870541,0.0591310320231194,0.0866486342374765
fish4,61.25,1160,58.0,20.0,20.0,25.752291295517715,3.060201501945235,22.49760341908041,46.05945310943614,52.02299713760021,3462,20445,454.8161067421807,263.9745051147038,788.0306118568844,25.082699245876736,3.033448113335504,44.30787037037037,51.34523236751557,0.2335362160958247,1.0043572954946611,0.3656699130744646,0.840706296613563,0.2419515570423535,0.0809741286047528,within,0.0093106492968142,0.0929409745849829,0.1637161209462635,0.0579287695909507,0.0809741286047528
fish4,61.25,1161,58.05,20.0,20.0,25.752291295517715,3.060201501945235,22.49760341908041,46.05945310943614,52.02299713760021,3486,20438,454.8370399033535,263.9662369079166,788.5232768112701,25.082699245876736,3.033448113335504,44.30787037037037,51.34523236751557,0.2335362160958247,1.0043572954946611,0.3656699130744646,0.840706296613563,0.2419515570423535,0.0857706508191589,within,0.0093106492968142,0.1165091932493558,0.1613139067314219,0.0559488539990436,0.0857706508191589
fish4,61.25,1162,58.1,20.0,20.0,25.752291295517715,3.060201501945235,22.49760341908041,46.05945310943614,52.02299713760021,3454,20396,454.8332204528809,263.963434136698,787.876654589579,25.082699245876736,3.033448113335504,44.30787037037037,51.34523236751557,0.1913699963059407,1.0043572954946611,0.3656699130744646,0.840706296613563,0.2419515570423535,0.0903852902613179,within,0.0076295614929642,0.1218468666576369,0.1728027573241421,0.0592619755705285,0.0903852902613179
fish4,61.25,1163,58.15,20.0,20.0,25.752291295517715,3.060201501945235,22.49760341908041,46.05945310943614,52.02299713760021,3488,20367,454.7559027445476,263.9660708757931,788.4819736203407,25.082699245876736,3.033448113335504,44.30787037037037,51.34523236751557,0.1913699963059407,1.0043572954946611,0.3656699130744646,0.840706296613563,0.2419515570423535,0.0824945906779775,within,0.0076295614929642,0.099254661200561,0.1648650060055354,0.0582291340128497,0.0824945906779776
fish4,61.25,1164,58.2,20.0,20.0,25.752291295517715,3.060201501945235,22.49760341908041,46.05945310943614,52.02299713760021,3495,20368,454.7329947482638,263.9653221778764,788.5983169261402,25.082699245876736,3.033448113335504,44.30787037037037,51.34523236751557,0.1913699963059407,1.0043572954946611,0.3656699130744646,0.840706296613563,0.2419515570423535,0.0811227380899293,within,0.0076295614929642,0.0985998185759452,0.1614183508277195,0.0568432214630886,0.0811227380899294
fish4,61.25,1165,58.25,20.0,20.0,25.752291295517715,3.060201501945235,22.49760341908041,46.05945310943614,52.02299713760021,3510,20386,454.7320138454861,263.9681541615698,788.900168007056,25.082699245876736,3.033448113335504,44.30787037037037,51.34523236751557,0.1913699963059407,1.0043572954946611,0.3656699130744646,0.840706296613563,0.2419515570423535,0.0724836823927648,within,0.0076295614929642,0.0750252142741121,0.151705049872056,0.0555749039319272,0.0724836823927649
fish4,61.25,1166,58.3,20.0,20.0,25.752291295517715,3.060201501945235,22.49760341908041,46.05945310943614,52.02299713760021,3463,20383,454.731076345486,263.9574900990698,787.9485664445558,25.082699245876736,3.033448113335504,44.30787037037037,51.34523236751557,0.2282479054250252,1.0043572954946611,0.3656699130744646,0.840706296613563,0.2419515570423535,0.0785984586297049,within,0.0090998143057727,0.0903931052383633,0.1587028043239856,0.0561981106506983,0.078598458629705
fish4,61.25,1167,58.35,20.0,20.0,25.752291295517715,3.060201501945235,22.49760341908041,46.05945310943614,52.02299713760021,3480,20443,454.7251562065972,265.9551724047238,790.2803286113209,25.082699245876736,3.033448113335504,44.30787037037037,51.34523236751557,0.2282479054250252,1.0043572954946611,0.3656699130744646,0.840706296613563,0.2419515570423535,0.0763525029156419,within,0.0090998143057727,0.0884820008666481,0.1524361585461381,0.0553920379440087,0.0763525029156419
fish4,61.25,1168,58.4,20.0,20.0,25.752291295517715,3.060201501945235,22.49760341908041,46.05945310943614,52.02299713760021,3462,20491,454.6890754756033,265.9747036547238,789.9037791303272,25.082699245876736,3.033448113335504,44.30787037037037,51.34523236751557,0.2345807469845304,1.0043572954946611,0.3656699130744646,0.840706296613563,0.2419515570423535,0.0838308424994659,within,0.009352292776986,0.111841202327394,0.1601650216721498,0.0539648532213336,0.0838308424994658
fish4,61.25,1169,58.45,20.0,20.0,25.752291295517715,3.060201501945235,22.49760341908041,46.05945310943614,52.02299713760021,3437,20559,442.6042924894921,265.9983820401404,777.3426745296325,25.082699245876736,3.033448113335504,44.30787037037037,51.34523236751557,0.2345807469845304,1.0043572954946611,0.3656699130744646,0.840706296613563,0.2419515570423535,0.0925069386498461,within,0.009352292776986,0.1347634822841731,0.170922763590788,0.0549892159474373,0.0925069386498461
fish4,61.25,1171,58.55,20.0,20.0,25.752291295517715,3.060201501945235,22.49760341908041,46.05945310943614,52.02299713760021,3447,20635,442.6366275512507,266.00430326635575,777.5809308176065,25.082699245876736,3.033448113335504,44.30787037037037,51.34523236751557,0.2345807469845304,1.0043572954946611,0.3656699130744646,0.840706296613563,0.2419515570423535,0.0827471550548634,within,0.009352292776986,0.1105496846664295,0.1588072484202831,0.052279394355755,0.0827471550548634
fish4,61.25,1172,58.6,20.0,20.0,25.752291295517715,3.060201501945235,22.49760341908041,46.05945310943614,52.02299713760021,3479,20716,442.63996522284606,266.0086066517724,778.2285718746185,25.082699245876736,3.033448113335504,44.30787037037037,51.34523236751557,0.2345807469845304,1.0043572954946611,0.3656699130744646,0.840706296613563,0.2419515570423535,0.0659103254475148,within,0.009352292776986,0.0666423113057622,0.1379184291607915,0.0497282685465194,0.0659103254475148
fish4,61.25,1173,58.65,20.0,20.0,25.752291295517715,3.060201501945235,22.49760341908041,46.05945310943614,52.02299713760021,3557,20835,442.6614322325906,266.02973292032874,779.8311651529193,25.082699245876736,3.033448113335504,44.30787037037037,51.34523236751557,0.2345807469845304,1.0043572954946611,0.3656699130744646,0.840706296613563,0.2419515570423535,0.0642604717554375,within,0.009352292776986,0.0672879801976885,0.1312340069977542,0.049167607049321,0.0642604717554374
fish4,61.25,1174,58.7,20.0,20.0,25.752291295517715,3.060201501945235,22.49760341908041,46.05945310943614,52.02299713760021,3605,20823,442.64851990407294,266.01572902408174,780.7642489281546,25.082699245876736,3.033448113335504,44.30787037037037,51.34523236751557,0.4140192161675315,1.0043572954946611,0.3656699130744646,0.840706296613563,0.2419515570423535,0.0619093542797515,within,0.0165061667450161,0.0685794079200973,0.1205807091754136,0.041971133278479,0.0619093542797515
fish4,61.25,1175,58.75,20.0,20.0,25.752291295517715,3.060201501945235,22.49760341908041,46.05945310943614,52.02299713760021,3619,20863,442.7306987318064,266.0248891703288,781.1355879021352,25.082699245876736,3.033448113335504,44.30787037037037,51.34523236751557,0.4411800036477302,1.0043572954946611,0.3656699130744646,0.840706296613563,0.2419515570423535,0.0757457622280711,within,0.017589016210855,0.1102268052511884,0.1334273330200009,0.0417398944302398,0.075745762228071
fish4,61.25,1176,58.8,20.0,20.0,25.752291295517715,3.060201501945235,22.49760341908041,46.05945310943614,52.02299713760021,3649,20922,442.7446917832928,265.9946092172835,781.7193010005763,25.082699245876736,3.033448113335504,44.30787037037037,51.34523236751557,0.6445233083121522,1.0043572954946611,0.3656699130744646,0.840706296613563,0.2419515570423535,0.0826431138167931,within,0.02569593096796,0.1337843212274239,0.1338451094051909,0.0372470936665979,0.0826431138167932
fish4,61.25,1177,58.85,20.0,20.0,25.752291295517715,3.060201501945235,22.49760341908041,46.05945310943614,52.02299713760021,3679,20759,442.5830555386013,266.0093716094864,782.1724271480878,25.082699245876736,3.033448113335504,44.30787037037037,51.34523236751557,0.6445233083121522,1.0043572954946611,0.3656699130744646,0.840706296613563,0.2419515570423535,0.0746097158940322,within,0.02569593096796,0.1150020928701931,0.1224607029087679,0.0352801368292078,0.0746097158940322
fish4,61.25,1178,58.9,20.0,20.0,25.752291295517715,3.060201501945235,22.49760341908041,46.05945310943614,52.02299713760021,3679,20759,442.6166840108236,266.0316274712457,782.2283114820693,25.082699245876736,3.033448113335504,44.30787037037037,51.34523236751557,0.6445233083121522,1.0043572954946611,0.3656699130744646,0.840706296613563,0.2419515570423535,0.0747162060190477,within,0.02569593096796,0.1150020928701931,0.1228784792939577,0.0352883209440799,0.0747162060190477
fish4,61.25,1179,58.95,20.0,20.0,25.752291295517715,3.060201501945235,22.49760341908041,46.05945310943614,52.02299713760021,3687,20744,442.6620746400433,266.05356106499573,782.455635705039,25.082699245876736,3.033448113335504,44.30787037037037,51.34523236751557,0.6456812454116267,1.0043572954946611,0.3656699130744646,0.840706296613563,0.2419515570423535,0.0642124865327881,within,0.0257420957402646,0.0932181652138893,0.106271867982662,0.0316178171943365,0.0642124865327881
fish4,61.25,1180,59.0,20.0,20.0,25.752291295517715,3.060201501945235,22.49760341908041,46.05945310943614,52.02299713760021,3744,20799,442.60467012803815,266.0595572096084,783.5442273376465,25.082699245876736,3.033448113335504,44.30787037037037,51.34523236751557,0.6456812454116267,1.0043572954946611,0.3656699130744646,0.840706296613563,0.2419515570423535,0.0542361900009289,within,0.0257420957402646,0.0686930902545999,0.0924852472713979,0.0300243267374529,0.0542361900009288
fish4,61.25,1181,59.05,20.0,20.0,25.752291295517715,3.060201501945235,22.49760341908041,46.05945310943614,52.02299713760021,3895,20809,442.6173090216743,266.02843092176647,786.5457399434407,25.082699245876736,3.033448113335504,44.30787037037037,51.34523236751557,0.5387958917578075,1.0043572954946611,0.3656699130744646,0.840706296613563,0.2419515570423535,0.0975612694909917,within,0.0214807779049688,0.2731500493492854,0.0819363935453547,0.0136778571643579,0.0975612694909917
fish4,61.25,1182,59.1,20.0,20.0,25.752291295517715,3.060201501945235,22.49760341908041,46.05945310943614,52.02299713760021,3891,20936,442.5551171859741,266.03162427595987,786.4067414619341,25.082699245876736,3.033448113335504,44.30787037037037,51.34523236751557,0.5387958917578075,1.0043572954946611,0.3656699130744646,0.840706296613563,0.2419515570423535,0.1009878461416565,within,0.0214807779049688,0.2731500493492854,0.0940519087158598,0.0152686485965122,0.1009878461416565
fish4,61.25,1183,59.15,20.0,20.0,25.752291295517715,3.060201501945235,22.49760341908041,46.05945310943614,52.02299713760021,3883,20966,442.5691536449103,266.05097974818545,786.2801333930958,25.082699245876736,3.033448113335504,44.30787037037037,51.34523236751557,0.5387958917578075,1.0043572954946611,0.3656699130744646,0.840706296613563,0.2419515570423535,0.0999144328150414,within,0.0214807779049688,0.2731500493492854,0.0874719306491203,0.0175549733567911,0.0999144328150414
fish4,61.25,1184,59.2,20.0,20.0,25.752291295517715,3.060201501945235,22.49760341908041,46.05945310943614,52.02299713760021,3935,20989,442.66380642268814,266.0990754272037,787.4628818498918,25.082699245876736,3.033448113335504,44.30787037037037,51.34523236751557,0.5387958917578075,1.0043572954946611,0.3656699130744646,0.840706296613563,0.2419515570423535,0.1014827797334355,within,0.0214807779049688,0.2731500493492854,0.0917541385973157,0.0195461530821722,0.1014827797334355
fish4,61.25,1185,59.25,20.0,20.0,25.752291295517715,3.060201501945235,22.49760341908041,46.05945310943614,52.02299713760021,3979,20951,442.7721614564496,266.1051756435395,788.4573370999891,25.082699245876736,3.033448113335504,44.30787037037037,51.34523236751557,0.5387958917578075,1.0043572954946611,0.3656699130744646,0.840706296613563,0.2419515570423535,0.1021616305363006,within,0.0214807779049688,0.2731500493492854,0.0929030236565877,0.0211126712343604,0.1021616305363006
fish4,61.25,1186,59.3,20.0,20.0,25.752291295517715,3.060201501945235,22.49760341908041,46.05945310943614,52.02299713760021,4000,21109,442.9355729147828,266.12993153253126,789.0655044473141,25.082699245876736,3.033448113335504,44.30787037037037,51.34523236751557,0.5387958917578075,1.0043572954946611,0.3656699130744646,0.840706296613563,0.2419515570423535,0.1056284383904983,within,0.0214807779049688,0.2731500493492854,0.1053318711159853,0.0225510551917538,0.1056284383904983
fish4,61.25,1187,59.35,20.0,20.0,25.752291295517715,3.060201501945235,22.49760341908041,46.05945310943614,52.02299713760021,3967,20721,452.0491753423997,266.12772446432115,797.5168998067209,25.082699245876736,3.033448113335504,44.30787037037037,51.34523236751557,0.6739910168693974,1.0043572954946611,0.3656699130744646,0.840706296613563,0.2419515570423535,0.0657381928509208,within,0.0268707530342928,0.1677294705802888,0.0629275680192179,0.0054249797698838,0.0657381928509208
fish4,61.25,1188,59.4,20.0,20.0,25.752291295517715,3.060201501945235,22.49760341908041,46.05945310943614,52.02299713760021,3987,20878,451.8762586697048,265.460842948903,797.0771016186078,25.082699245876736,3.033448113335504,44.30787037037037,51.34523236751557,0.8473234569144488,1.0043572954946611,0.3656699130744646,0.840706296613563,0.2419515570423535,0.0697123286890708,within,0.0337811911153755,0.1677294705802888,0.0680453287377933,0.0092933243228259,0.0697123286890709
fish4,61.25,1189,59.45,20.0,20.0,25.752291295517715,3.060201501945235,22.49760341908041,46.05945310943614,52.02299713760021,3977,20889,451.7123003363714,265.4668129959001,796.7191133322715,25.082699245876736,3.033448113335504,44.30787037037037,51.34523236751557,0.8473234569144488,1.0043572954946611,0.3656699130744646,0.840706296613563,0.2419515570423535,0.0697123286890708,within,0.0337811911153755,0.1677294705802888,0.0680453287377933,0.0092933243228259,0.0697123286890709
fish4,61.25,1190,59.5,20.0,20.0,25.752291295517715,3.060201501945235,22.49760341908041,46.05945310943614,52.02299713760021,3962,20878,451.675407952881,265.4860577771398,796.4014657300208,25.082699245876736,3.033448113335504,44.30787037037037,51.34523236751557,0.8458521605483682,1.0043572954946611,0.3656699130744646,0.840706296613563,0.2419515570423535,0.0618776645844097,within,0.0337225332990194,0.144448605601625,0.0619875711525405,0.0073519482844536,0.0618776645844097
fish4,61.25,1191,59.55,20.0,20.0,25.752291295517715,3.060201501945235,22.49760341908041,46.05945310943614,52.02299713760021,3922,20933,451.3580598727568,265.4960415037367,795.2941013764935,25.082699245876736,3.033448113335504,44.30787037037037,51.34523236751557,0.8481322222597001,1.0043572954946611,0.3656699130744646,0.840706296613563,0.2419515570423535,0.0600914367113171,within,0.0338134350671658,0.1440434324078478,0.0560342576635856,0.0064746217066696,0.0600914367113172
fish4,61.25,1192,59.6,20.0,20.0,25.752291295517715,3.060201501945235,22.49760341908041,46.05945310943614,52.02299713760021,3923,20573,451.21338974517056,265.4655109073957,795.1389006525662,25.082699245876736,3.033448113335504,44.30787037037037,51.34523236751557,0.8458521605483682,1.0043572954946611,0.3656699130744646,0.840706296613563,0.2419515570423535,0.0626242921623839,within,0.0337225332990194,0.144448605601625,0.0643897853673823,0.007936244381509,0.0626242921623839
fish4,61.25,1193,59.65,20.0,20.0,25.752291295517715,3.060201501945235,22.49760341908041,46.05945310943614,52.02299713760021,3949,20490,451.1764973890328,265.4479588025305,795.6044561915633,25.082699245876736,3.033448113335504,44.30787037037037,51.34523236751557,0.8458521605483682,1.0043572954946611,0.3656699130744646,0.840706296613563,0.2419515570423535,0.0685376840472259,within,0.0337225332990194,0.144448605601625,0.0840252754713041,0.0119543218169552,0.0685376840472259
fish4,61.25,1194,59.7,20.0,20.0,25.752291295517715,3.060201501945235,22.49760341908041,46.05945310943614,52.02299713760021,3954,20450,451.1836371490854,265.4604230088553,795.7240601579407,25.082699245876736,3.033448113335504,44.30787037037037,51.34523236751557,0.8451926139014994,1.0043572954946611,0.3656699130744646,0.840706296613563,0.2419515570423535,0.0699415624326076,within,0.0336962384158251,0.1445623778746834,0.0883074834194999,0.013200150020422,0.0699415624326076
fish4,61.25,1195,59.75,20.0,20.0,25.752291295517715,3.060201501945235,22.49760341908041,46.05945310943614,52.02299713760021,3980,20384,450.9919704824186,265.48114891763265,796.0731194000513,25.082699245876736,3.033448113335504,44.30787037037037,51.34523236751557,0.8243407929890552,1.0043572954946611,0.3656699130744646,0.840706296613563,0.2419515570423535,0.0619354863847758,within,0.0328649155702238,0.1250261046658143,0.0790119588490262,0.0108389664540387,0.0619354863847758
fish4,61.25,1196,59.8,20.0,20.0,25.752291295517715,3.060201501945235,22.49760341908041,46.05945310943614,52.02299713760021,3972,20327,451.0081336768632,265.4559991886456,795.9041328655087,25.082699245876736,3.033448113335504,44.30787037037037,51.34523236751557,0.8237737619351861,1.0043572954946611,0.3656699130744646,0.840706296613563,0.2419515570423535,0.0644125167885544,within,0.0328423091095588,0.1250985052032149,0.0878897070343098,0.0118195458071338,0.0644125167885543
fish4,61.25,1197,59.85,20.0,20.0,25.752291295517715,3.060201501945235,22.49760341908041,46.05945310943614,52.02299713760021,4014,20004,457.2824826171121,261.7478709255218,799.310353542634,25.082699245876736,3.033448113335504,44.30787037037037,51.34523236751557,0.8239408868773808,1.0043572954946611,0.3656699130744646,0.840706296613563,0.2419515570423535,0.0616886092784749,within,0.0328489720663867,0.1022396319282592,0.090396365345449,0.0212694677738049,0.0616886092784749
fish4,61.25,1198,59.9,20.0,20.0,25.752291295517715,3.060201501945235,22.49760341908041,46.05945310943614,52.02299713760021,4004,19998,457.7206640419854,264.5428188421885,802.343482884174,25.082699245876736,3.033448113335504,44.30787037037037,51.34523236751557,0.8239408868773808,1.0043572954946611,0.3656699130744646,0.840706296613563,0.2419515570423535,0.0616886092784749,within,0.0328489720663867,0.1022396319282592,0.090396365345449,0.0212694677738049,0.0616886092784749
fish4,61.25,1199,59.95,20.0,20.0,25.752291295517715,3.060201501945235,22.49760341908041,46.05945310943614,52.02299713760021,3987,20001,457.5813801890432,264.5456704046885,801.8670505937316,25.082699245876736,3.033448113335504,44.30787037037037,51.34523236751557,0.8162412020406684,1.0043572954946611,0.3656699130744646,0.840706296613563,0.2419515570423535,0.06762389736148,within,0.0325420001268343,0.1022989014365161,0.1147318397827566,0.0209228480998134,0.0676238973614801
fish4,61.25,1200,60.0,20.0,20.0,25.752291295517715,3.060201501945235,22.49760341908041,46.05945310943614,52.02299713760021,3982,20023,457.5399044945987,264.5431899359385,801.7230944305372,25.082699245876736,3.033448113335504,44.30787037037037,51.34523236751557,0.8162412020406684,1.0043572954946611,0.3656699130744646,0.840706296613563,0.2419515570423535,0.0679881902531439,within,0.0325420001268343,0.1022989014365161,0.1159851689383257,0.0211266905108996,0.0679881902531439
fish4,61.25,1201,60.05,20.0,20.0,25.752291295517715,3.060201501945235,22.49760341908041,46.05945310943614,52.02299713760021,3957,20075,457.4430728948899,264.69908186302183,801.2821547579117,25.082699245876736,3.033448113335504,44.30787037037037,51.34523236751557,0.7994361922284412,1.0043572954946611,0.3656699130744646,0.840706296613563,0.2419515570423535,0.0622815619970061,within,0.0318720160215554,0.0914167858802222,0.1042874301530105,0.0215500159332362,0.0622815619970061
fish4,61.25,1202,60.1,20.0,20.0,25.752291295517715,3.060201501945235,22.49760341908041,46.05945310943614,52.02299713760021,3968,20039,457.4051649087788,264.70694644635523,801.472111355134,25.082699245876736,3.033448113335504,44.30787037037037,51.34523236751557,0.7798885427398972,1.0043572954946611,0.3656699130744646,0.840706296613563,0.2419515570423535,0.0691476202110787,within,0.0310926880354834,0.1049286148688939,0.1166118335161104,0.0239573444238271,0.0691476202110787
fish4,61.25,1203,60.15,20.0,20.0,25.752291295517715,3.060201501945235,22.49760341908041,46.05945310943614,52.02299713760021,3960,20056,457.3685980672012,264.73564436302183,801.3042424302231,25.082699245876736,3.033448113335504,44.30787037037037,51.34523236751557,0.7798885427398972,1.0043572954946611,0.3656699130744646,0.840706296613563,0.2419515570423535,0.0605276858022935,within,0.0310926880354834,0.0817844564950114,0.1071074207530418,0.0221261779256374,0.0605276858022935
fish4,61.25,1204,60.2,20.0,20.0,25.752291295517715,3.060201501945235,22.49760341908041,46.05945310943614,52.02299713760021,3974,20108,457.3295876505346,264.7431964463551,801.5527840968898,25.082699245876736,3.033448113335504,44.30787037037037,51.34523236751557,0.7798885427398972,1.0043572954946611,0.3656699130744646,0.840706296613563,0.2419515570423535,0.0610924925734873,within,0.0310926880354834,0.0817844564950114,0.1088829703900987,0.0226098553733555,0.0610924925734873
fish4,61.25,1205,60.25,20.0,20.0,25.752291295517715,3.060201501945235,22.49760341908041,46.05945310943614,52.02299713760021,3991,20149,457.32603730331255,264.7363084255218,801.8823457288344,25.082699245876736,3.033448113335504,44.30787037037037,51.34523236751557,0.7798885427398972,1.0043572954946611,0.3656699130744646,0.840706296613563,0.2419515570423535,0.0593710766471221,within,0.0310926880354834,0.0817844564950114,0.1016763277455745,0.0229308343124191,0.0593710766471221
fish4,61.25,1206,60.3,20.0,20.0,25.752291295517715,3.060201501945235,22.49760341908041,46.05945310943614,52.02299713760021,3995,20139,457.1588107274184,264.75159488385515,801.8104056112735,25.082699245876736,3.033448113335504,44.30787037037037,51.34523236751557,0.7798885427398972,1.0043572954946611,0.3656699130744646,0.840706296613563,0.2419515570423535,0.0592783788079241,within,0.0310926880354834,0.0817844564950114,0.1013629954566818,0.0228733752445198,0.0592783788079241
fish4,61.25,1207,60.35,20.0,20.0,25.752291295517715,3.060201501945235,22.49760341908041,46.05945310943614,52.02299713760021,3960,20172,455.0700216665574,264.7460089463551,799.0160306129126,25.082699245876736,3.033448113335504,44.30787037037037,51.34523236751557,0.7798885427398972,1.0043572954946611,0.3656699130744646,0.840706296613563,0.2419515570423535,0.0496079713362318,within,0.0310926880354834,0.0637832545561522,0.0844430518564939,0.0191128908967978,0.0496079713362318
fish4,61.25,1208,60.4,20.0,20.0,25.752291295517715,3.060201501945235,22.49760341908041,46.05945310943614,52.02299713760021,3978,20201,454.7724088193352,262.5190428005218,796.851451619857,25.082699245876736,3.033448113335504,44.30787037037037,51.34523236751557,0.7798885427398972,1.0043572954946611,0.3656699130744646,0.840706296613563,0.2419515570423535,0.0516560059809851,within,0.0310926880354834,0.0642117218358762,0.0902919212491514,0.0210276928034296,0.0516560059809851
fish4,61.25,1209,60.45,20.0,20.0,25.752291295517715,3.060201501945235,22.49760341908041,46.05945310943614,52.02299713760021,3959,20252,454.8208376419445,262.5297524359385,796.5305900778831,25.082699245876736,3.033448113335504,44.30787037037037,51.34523236751557,0.798931833027904,1.0043572954946611,0.3656699130744646,0.840706296613563,0.2419515570423535,0.0471217145996388,within,0.0318519081697013,0.054201290762177,0.0815186171601649,0.0209150423065121,0.0471217145996388
fish4,61.25,1210,60.5,20.0,20.0,25.752291295517715,3.060201501945235,22.49760341908041,46.05945310943614,52.02299713760021,4001,20190,454.8521310447222,262.5381769151051,797.4103079598274,25.082699245876736,3.033448113335504,44.30787037037037,51.34523236751557,0.798931833027904,1.0043572954946611,0.3656699130744646,0.840706296613563,0.2419515570423535,0.0503754362387332,within,0.0318519081697013,0.0548382356141931,0.0911274740195312,0.0236841271515071,0.0503754362387332
fish4,61.25,1211,60.55,20.0,20.0,25.752291295517715,3.060201501945235,22.49760341908041,46.05945310943614,52.02299713760021,4006,20091,454.6203949162802,262.53006819380647,797.2704631100867,25.082699245876736,3.033448113335504,44.30787037037037,51.34523236751557,0.798931833027904,1.0043572954946611,0.3656699130744646,0.840706296613563,0.2419515570423535,0.0525477536403944,within,0.0318519081697013,0.0561122152567808,0.0960363465455116,0.0261905445895837,0.0525477536403944
fish4,61.25,1212,60.6,20.0,20.0,25.752291295517715,3.060201501945235,22.49760341908041,46.05945310943614,52.02299713760021,4038,20250,454.6828688706952,262.54103173547315,797.9839006061684,25.082699245876736,3.033448113335504,44.30787037037037,51.34523236751557,0.7984364269492623,1.0043572954946611,0.3656699130744646,0.840706296613563,0.2419515570423535,0.0611077532059124,within,0.0318321572619628,0.0780438220216713,0.1060629797900676,0.0284920537499481,0.0611077532059124
fish4,61.25,1213,60.65,20.0,20.0,25.752291295517715,3.060201501945235,22.49760341908041,46.05945310943614,52.02299713760021,4020,20049,454.79480897284617,262.5698207979732,797.7646297708194,25.082699245876736,3.033448113335504,44.30787037037037,51.34523236751557,0.7984364269492623,1.0043572954946611,0.3656699130744646,0.840706296613563,0.2419515570423535,0.0668578786660584,within,0.0318321572619628,0.0908801225178982,0.114209619301269,0.0305096155831036,0.0668578786660584
fish4,61.25,1214,60.7,20.0,20.0,25.752291295517715,3.060201501945235,22.49760341908041,46.05945310943614,52.02299713760021,4046,19981,454.84767355617953,262.56568017822906,798.3333537344085,25.082699245876736,3.033448113335504,44.30787037037037,51.34523236751557,0.7791484179959056,1.0043572954946611,0.3656699130744646,0.840706296613563,0.2419515570423535,0.0818203662997159,within,0.0310631806552473,0.1281408567294998,0.1331140007311087,0.034963427083008,0.0818203662997159
fish4,61.25,1215,60.75,20.0,20.0,25.752291295517715,3.060201501945235,22.49760341908041,46.05945310943614,52.02299713760021,4046,20002,454.978580680169,262.55720360513266,798.4557842853015,25.082699245876736,3.033448113335504,44.30787037037037,51.34523236751557,0.7764266689373436,1.0043572954946611,0.3656699130744646,0.840706296613563,0.2419515570423535,0.0905741011151302,within,0.0309546696440566,0.1507835177163665,0.1436628544571518,0.0368953626429458,0.0905741011151302
fish4,61.25,1216,60.8,20.0,20.0,25.752291295517715,3.060201501945235,22.49760341908041,46.05945310943614,52.02299713760021,4041,20068,454.9013844996135,262.5624607849121,798.2838452845257,25.082699245876736,3.033448113335504,44.30787037037037,51.34523236751557,0.9504097025073576,1.0043572954946611,0.3656699130744646,0.840706296613563,0.2419515570423535,0.1014621957164801,within,0.0378910456642178,0.1647346965500108,0.1616272390203144,0.0415958016313774,0.1014621957164801
fish4,61.25,1217,60.85,20.0,20.0,25.752291295517715,3.060201501945235,22.49760341908041,46.05945310943614,52.02299713760021,4062,20113,454.87663625305566,262.5751626274956,798.6917988805512,25.082699245876736,3.033448113335504,44.30787037037037,51.34523236751557,0.9486190781267254,1.0043572954946611,0.3656699130744646,0.840706296613563,0.2419515570423535,0.1025735066631941,within,0.037819656841066,0.1648526059966352,0.1663272233536998,0.0412945404613753,0.1025735066631941
fish4,61.25,1218,60.9,20.0,20.0,25.752291295517715,3.060201501945235,22.49760341908041,46.05945310943614,52.02299713760021,4091,20041,454.731315055169,262.57069323347935,799.1220082886484,25.082699245876736,3.033448113335504,44.30787037037037,51.34523236751557,0.9486190781267254,1.0043572954946611,0.3656699130744646,0.840706296613563,0.2419515570423535,0.1042293600556774,within,0.037819656841066,0.1648526059966352,0.1718627604574651,0.0423824169275433,0.1042293600556774
fish4,61.25,1219,60.95,20.0,20.0,25.752291295517715,3.060201501945235,22.49760341908041,46.05945310943614,52.02299713760021,4062,20146,454.6252169548127,262.5634146096866,798.4286315644993,25.082699245876736,3.033448113335504,44.30787037037037,51.34523236751557,0.929957787706588,1.0043572954946611,0.3656699130744646,0.840706296613563,0.2419515570423535,0.0964693273148113,within,0.0370756663224537,0.1316887528778088,0.1723849809389525,0.0447279091200304,0.0964693273148113
fish4,61.25,1220,61.0,20.0,20.0,25.752291295517715,3.060201501945235,22.49760341908041,46.05945310943614,52.02299713760021,4073,20220,454.7255468159241,262.5515624179416,798.7371092338658,25.082699245876736,3.033448113335504,44.30787037037037,51.34523236751557,0.929957787706588,1.0043572954946611,0.3656699130744646,0.840706296613563,0.2419515570423535,0.090159665850983,within,0.0370756663224537,0.1081119001120814,0.1699827667241111,0.0454683302452857,0.090159665850983
fish4,61.25,1221,61.05,20.0,20.0,25.752291295517715,3.060201501945235,22.49760341908041,46.05945310943614,52.02299713760021,4056,20216,454.6849218071833,262.5613443476254,798.3662661548086,25.082699245876736,3.033448113335504,44.30787037037037,51.34523236751557,0.9518809988734348,1.0043572954946611,0.3656699130744646,0.840706296613563,0.2419515570423535,0.1068169747368041,within,0.0379497034805738,0.1440272434678073,0.1927515797169565,0.0525393722818787,0.1068169747368041
fish4,61.25,1222,61.1,20.0,20.0,25.752291295517715,3.060201501945235,22.49760341908041,46.05945310943614,52.02299713760021,4065,20266,454.5283072238499,262.55916659541657,798.3874738192665,25.082699245876736,3.033448113335504,44.30787037037037,51.34523236751557,0.9518809988734348,1.0043572954946611,0.3656699130744646,0.840706296613563,0.2419515570423535,0.1068698900563683,within,0.0379497034805738,0.1440272434678073,0.1929604679095515,0.0525421453675408,0.1068698900563683
fish4,61.25,1223,61.15,20.0,20.0,25.752291295517715,3.060201501945235,22.49760341908041,46.05945310943614,52.02299713760021,4054,20195,454.5347568720309,262.55008130720984,798.1648381792407,25.082699245876736,3.033448113335504,44.30787037037037,51.34523236751557,0.9518809988734348,1.0043572954946611,0.3656699130744646,0.840706296613563,0.2419515570423535,0.1088995210530019,within,0.0379497034805738,0.1442236692736255,0.1989137813985065,0.0545109300593021,0.108899521053002
fish4,61.25,1224,61.2,20.0,20.0,25.752291295517715,3.060201501945235,22.49760341908041,46.05945310943614,52.02299713760021,4050,20297,454.2534721498088,262.5423632064821,797.7958353562909,25.082699245876736,3.033448113335504,44.30787037037037,51.34523236751557,0.9518809988734348,1.0043572954946611,0.3656699130744646,0.840706296613563,0.2419515570423535,0.1092851874674267,within,0.0379497034805738,0.1442236692736255,0.199958222361481,0.0550091547540263,0.1092851874674267
fish4,61.25,1225,61.25,20.0,20.0,25.752291295517715,3.060201501945235,22.49760341908041,46.05945310943614,52.02299713760021,4041,20247,454.26977423314224,262.54017568359365,797.6299499167359,25.082699245876736,3.033448113335504,44.30787037037037,51.34523236751557,0.9518809988734348,1.0043572954946611,0.3656699130744646,0.840706296613563,0.2419515570423535,0.1105847949740523,within,0.0379497034805738,0.1442236692736255,0.2033004334429995,0.0568653736990102,0.1105847949740522
fish4,61.25,1226,61.3,20.0,20.0,25.752291295517715,3.060201501945235,22.49760341908041,46.05945310943614,52.02299713760021,4058,20255,454.2781726682874,262.5419172260602,797.9800898943475,25.082699245876736,3.033448113335504,44.30787037037037,51.34523236751557,0.9518809988734348,1.0043572954946611,0.3656699130744646,0.840706296613563,0.2419515570423535,0.1106669100212733,within,0.0379497034805738,0.1442236692736255,0.2036137657318915,0.0568805015990026,0.1106669100212733
fish4,61.25,1227,61.35,20.0,20.0,25.752291295517715,3.060201501945235,22.49760341908041,46.05945310943614,52.02299713760021,4111,20313,454.30198343217626,262.5399738905165,799.0619573226927,25.082699245876736,3.033448113335504,44.30787037037037,51.34523236751557,1.3211316211512312,1.0043572954946611,0.3656699130744646,0.840706296613563,0.2419515570423535,0.125374111686943,within,0.052671030665426,0.155265785520648,0.2266959110136303,0.0668637195480679,0.125374111686943
fish4,61.25,1311,65.55,20.0,20.0,25.752291295517715,3.060201501945235,22.49760341908041,46.05945310943614,52.02299713760021,3306,16170,462.49436195609,265.467769872443,794.0821318285331,25.082699245876736,3.033448113335504,44.30787037037037,51.34523236751557,1.438981564762443,1.0043572954946611,0.3656699130744646,0.840706296613563,0.2419515570423535,0.061002936486353,within,0.0573694860611539,0.1072874333712694,0.0643897853673818,0.0149650411456069,0.061002936486353
fish4,61.25,1312,65.6,20.0,20.0,25.752291295517715,3.060201501945235,22.49760341908041,46.05945310943614,52.02299713760021,3418,16458,462.5572786227566,265.47789697770014,796.3951756004568,25.082699245876736,3.033448113335504,44.30787037037037,51.34523236751557,1.2815409160954945,1.0043572954946611,0.3656699130744646,0.840706296613563,0.2419515570423535,0.058738145852156,within,0.0510926237855426,0.1160431316533173,0.0496631677894406,0.0181536601803237,0.058738145852156
fish4,61.25,1313,65.65,20.0,20.0,25.752291295517715,3.060201501945235,22.49760341908041,46.05945310943614,52.02299713760021,3531,16606,462.6844661200442,265.50135076140305,798.8058168814472,25.082699245876736,3.033448113335504,44.30787037037037,51.34523236751557,1.3049712361160424,1.0043572954946611,0.3656699130744646,0.840706296613563,0.2419515570423535,0.0557500670374103,within,0.052026746536482,0.1160431316533173,0.0323254478040627,0.0226049421557791,0.0557500670374103
fish4,61.25,1314,65.7,20.0,20.0,25.752291295517715,3.060201501945235,22.49760341908041,46.05945310943614,52.02299713760021,3639,16670,462.6562282827684,265.489924980153,800.9261532629214,25.082699245876736,3.033448113335504,44.30787037037037,51.34523236751557,1.1214501433452035,1.0043572954946611,0.3656699130744646,0.840706296613563,0.2419515570423535,0.034830614529384,within,0.0447101060516664,0.0703861835671105,0.0007833307222307,0.0234428377765285,0.034830614529384
fish4,61.25,1315,65.75,20.0,20.0,25.752291295517715,3.060201501945235,22.49760341908041,46.05945310943614,52.02299713760021,3643,16678,462.6213367886014,265.68936507923337,801.1707018678347,25.082699245876736,3.033448113335504,44.30787037037037,51.34523236751557,1.0222376151623926,1.0043572954946611,0.3656699130744646,0.840706296613563,0.2419515570423535,0.0244653111392971,within,0.0407546893235756,0.0132020806025741,0.0234476996187791,0.02045677501226,0.0244653111392972
fish4,61.25,1316,65.8,20.0,20.0,25.752291295517715,3.060201501945235,22.49760341908041,46.05945310943614,52.02299713760021,3735,16802,462.7470138719346,265.69298487090003,803.1399987428347,25.082699245876736,3.033448113335504,44.30787037037037,51.34523236751557,0.7162348303824437,1.0043572954946611,0.3656699130744646,0.840706296613563,0.2419515570423535,0.0281290125499436,within,0.0285549343538129,0.0323533268541598,0.0289832367225442,0.0226245522692573,0.0281290125499435
fish4,61.25,1317,65.85,20.0,20.0,25.752291295517715,3.060201501945235,22.49760341908041,46.05945310943614,52.02299713760021,3718,16907,462.8356466832856,265.7099770922236,802.9056237755092,25.082699245876736,3.033448113335504,44.30787037037037,51.34523236751557,0.5841673291890217,1.0043572954946611,0.3656699130744646,0.840706296613563,0.2419515570423535,0.0248694913595815,within,0.0232896517022606,0.0172349254436353,0.0328476682855503,0.0261057200068798,0.0248694913595815
fish4,61.25,1318,65.9,20.0,20.0,25.752291295517715,3.060201501945235,22.49760341908041,46.05945310943614,52.02299713760021,3712,17008,462.7388932005141,265.6919595024957,802.6708527030098,25.082699245876736,3.033448113335504,44.30787037037037,51.34523236751557,0.5724059113822513,1.0043572954946611,0.3656699130744646,0.840706296613563,0.2419515570423535,0.0205537901470107,within,0.0228207461155261,0.0077169979013737,0.029818789492924,0.0218586270782191,0.0205537901470107
fish4,61.25,1319,65.95,20.0,20.0,25.752291295517715,3.060201501945235,22.49760341908041,46.05945310943614,52.02299713760021,3773,17459,462.85334630516905,265.69482408582894,804.008170390998,25.082699245876736,3.033448113335504,44.30787037037037,51.34523236751557,0.5169084930785708,1.0043572954946611,0.3656699130744646,0.840706296613563,0.2419515570423535,0.0266341665637967,within,0.0206081685233116,0.0088194647180938,0.051856493811687,0.0252525392020945,0.0266341665637967
fish4,61.25,1320,66.0,20.0,20.0,25.752291295517715,3.060201501945235,22.49760341908041,46.05945310943614,52.02299713760021,3880,17661,463.1439496056828,265.6968683749729,806.4408179806557,25.082699245876736,3.033448113335504,44.30787037037037,51.34523236751557,0.6685892999878291,1.0043572954946611,0.3656699130744646,0.840706296613563,0.2419515570423535,0.0668685706941295,within,0.0266553967511186,0.0814083334547502,0.1180740508642751,0.0413365017063739,0.0668685706941295
fish4,61.25,1321,66.05,20.0,20.0,25.752291295517715,3.060201501945235,22.49760341908041,46.05945310943614,52.02299713760021,3890,17939,462.94058151516384,265.6971092603895,806.4376907755533,25.082699245876736,3.033448113335504,44.30787037037037,51.34523236751557,0.3583278135559489,1.0043572954946611,0.3656699130744646,0.840706296613563,0.2419515570423535,0.0691246871261022,within,0.0142858553636269,0.0994233859311996,0.1243406966421222,0.0384488105674601,0.0691246871261022
fish4,61.25,1322,66.1,20.0,20.0,25.752291295517715,3.060201501945235,22.49760341908041,46.05945310943614,52.02299713760021,3864,18232,462.9158766682943,265.7375194121891,805.9333960804834,25.082699245876736,3.033448113335504,44.30787037037037,51.34523236751557,0.3647710769522518,1.0043572954946611,0.3656699130744646,0.840706296613563,0.2419515570423535,0.0686269223773242,within,0.014542736145601,0.1033367923701887,0.1265340226643694,0.030094138329138,0.0686269223773243
fish4,61.25,1323,66.15,20.0,20.0,25.752291295517715,3.060201501945235,22.49760341908041,46.05945310943614,52.02299713760021,3819,18489,462.7733462644791,265.74078113093907,804.8941273954182,25.082699245876736,3.033448113335504,44.30787037037037,51.34523236751557,0.4432601123032391,1.0043572954946611,0.3656699130744646,0.840706296613563,0.2419515570423535,0.0738822748804644,within,0.0176719462270832,0.1069655432801418,0.137291764583007,0.0335998454316257,0.0738822748804644
fish4,61.25,1324,66.2,20.0,20.0,25.752291295517715,3.060201501945235,22.49760341908041,46.05945310943614,52.02299713760021,3774,18655,462.7344314098782,265.7383267038557,803.9527581137339,25.082699245876736,3.033448113335504,44.30787037037037,51.34523236751557,0.2880786347298389,1.0043572954946611,0.3656699130744646,0.840706296613563,0.2419515570423535,0.080614202432594,within,0.0114851528500144,0.1176103109877393,0.1567183664943339,0.0366429793982883,0.0806142024325939
fish4,61.25,1325,66.25,20.0,20.0,25.752291295517715,3.060201501945235,22.49760341908041,46.05945310943614,52.02299713760021,3790,18871,462.6986978732639,265.75627592260565,804.2549737958695,25.082699245876736,3.033448113335504,44.30787037037037,51.34523236751557,0.3409438351939933,1.0043572954946611,0.3656699130744646,0.840706296613563,0.2419515570423535,0.0599657705811705,within,0.013592788872196,0.0790846809276838,0.1194318241161425,0.0277537884086598,0.0599657705811705
fish4,61.25,1326,66.3,20.0,20.0,25.752291295517715,3.060201501945235,22.49760341908041,46.05945310943614,52.02299713760021,3823,19039,462.7252473671807,265.7676105580224,804.952857925203,25.082699245876736,3.033448113335504,44.30787037037037,51.34523236751557,0.5307530039148176,1.0043572954946611,0.3656699130744646,0.840706296613563,0.2419515570423535,0.0665947202888129,within,0.0211601231076463,0.0911180099979293,0.1256984698939894,0.0284022781556868,0.066594720288813
fish4,61.25,1327,66.35,20.0,20.0,25.752291295517715,3.060201501945235,22.49760341908041,46.05945310943614,52.02299713760021,3820,19153,462.6311848610018,265.95558251672315,804.986767377725,25.082699245876736,3.033448113335504,44.30787037037037,51.34523236751557,0.6695920496409791,1.0043572954946611,0.3656699130744646,0.840706296613563,0.2419515570423535,0.0626624769707437,within,0.0266953744920834,0.0863691643143235,0.1157762807457308,0.021809088330837,0.0626624769707437
fish4,61.25,1328,66.4,20.0,20.0,25.752291295517715,3.060201501945235,22.49760341908041,46.05945310943614,52.02299713760021,3840,19144,462.6325911141668,265.5829197563065,805.0155108704732,25.082699245876736,3.033448113335504,44.30787037037037,51.34523236751557,0.630828016174295,1.0043572954946611,0.3656699130744646,0.840706296613563,0.2419515570423535,0.0661051533119765,within,0.0251499254522216,0.0962549405497151,0.120789597368009,0.0222261498779602,0.0661051533119765
fish4,61.25,1329,66.45,20.0,20.0,25.752291295517715,3.060201501945235,22.49760341908041,46.05945310943614,52.02299713760021,3763,19212,458.041670975278,265.5826918466249,798.8843628219029,25.082699245876736,3.033448113335504,44.30787037037037,51.34523236751557,0.5802339242995807,1.0043572954946611,0.3656699130744646,0.840706296613563,0.2419515570423535,0.0519489797320457,within,0.0231328342540712,0.0768730918411158,0.0939474646195625,0.0138425282134335,0.0519489797320458
fish4,61.25,1330,66.5,20.0,20.0,25.752291295517715,3.060201501945235,22.49760341908041,46.05945310943614,52.02299713760021,3877,19125,458.32163626420754,265.5755368987083,801.4371731629158,25.082699245876736,3.033448113335504,44.30787037037037,51.34523236751557,0.3981572685291148,1.0043572954946611,0.3656699130744646,0.840706296613563,0.2419515570423535,0.0434432055747169,within,0.0158737807532642,0.0672739497829871,0.0813097289675705,0.0093153627950456,0.0434432055747169
fish4,61.25,1331,66.55,20.0,20.0,25.752291295517715,3.060201501945235,22.49760341908041,46.05945310943614,52.02299713760021,3936,19166,458.3117968505859,265.57885070079163,802.6106475513775,25.082699245876736,3.033448113335504,44.30787037037037,51.34523236751557,0.6283539701550573,1.0043572954946611,0.3656699130744646,0.840706296613563,0.2419515570423535,0.0490928290457798,within,0.0250512898949005,0.0672739497829871,0.0883074834194999,0.0157385930857319,0.0490928290457799
fish4,61.25,1332,66.6,20.0,20.0,25.752291295517715,3.060201501945235,22.49760341908041,46.05945310943614,52.02299713760021,3913,19161,458.2638064077684,265.59160460704163,802.11541101481,25.082699245876736,3.033448113335504,44.30787037037037,51.34523236751557,0.585516266222438,1.0043572954946611,0.3656699130744646,0.840706296613563,0.2419515570423535,0.0416913532108274,within,0.0233434312823684,0.0565618180971125,0.0751475272860202,0.0117126361778086,0.0416913532108274
fish4,61.25,1333,66.65,20.0,20.0,25.752291295517715,3.060201501945235,22.49760341908041,46.05945310943614,52.02299713760021,3949,19075,458.290264738841,265.5892803882917,802.8595451271327,25.082699245876736,3.033448113335504,44.30787037037037,51.34523236751557,0.6452067299507576,1.0043572954946611,0.3656699130744646,0.840706296613563,0.2419515570423535,0.0444026212331608,within,0.0257231777021295,0.0533777234069227,0.0814141730638678,0.0170954107597233,0.0444026212331608
fish4,61.25,1334,66.7,20.0,20.0,25.752291295517715,3.060201501945235,22.49760341908041,46.05945310943614,52.02299713760021,3864,19079,458.3085850646221,265.5689743987083,801.1575594633304,25.082699245876736,3.033448113335504,44.30787037037037,51.34523236751557,0.640992793908346,1.0043572954946611,0.3656699130744646,0.840706296613563,0.2419515570423535,0.0589156122154552,within,0.0255551760049794,0.0874058860467706,0.1008407749751945,0.0218606118348764,0.0589156122154552
fish4,61.25,1335,66.75,20.0,20.0,25.752291295517715,3.060201501945235,22.49760341908041,46.05945310943614,52.02299713760021,3940,19162,458.3171137110391,265.5634861174583,802.6805998284974,25.082699245876736,3.033448113335504,44.30787037037037,51.34523236751557,0.7840606975467637,1.0043572954946611,0.3656699130744646,0.840706296613563,0.2419515570423535,0.07585216625771,within,0.0312590239934265,0.1197837661266579,0.1223562588124708,0.0300096160982851,0.0758521662577101
fish4,61.25,1336,66.8,20.0,20.0,25.752291295517715,3.060201501945235,22.49760341908041,46.05945310943614,52.02299713760021,3975,19199,458.2219314193724,265.57857726329166,803.300508682664,25.082699245876736,3.033448113335504,44.30787037037037,51.34523236751557,0.8178826077229111,1.0043572954946611,0.3656699130744646,0.840706296613563,0.2419515570423535,0.0999690099245759,within,0.0326074398813899,0.16474153188025,0.1591205807091752,0.0434064872274883,0.0999690099245759
fish4,61.25,1337,66.85,20.0,20.0,25.752291295517715,3.060201501945235,22.49760341908041,46.05945310943614,52.02299713760021,4001,19202,458.2476475295831,265.5924249195416,803.8600724491246,25.082699245876736,3.033448113335504,44.30787037037037,51.34523236751557,0.915244824045736,1.0043572954946611,0.3656699130744646,0.840706296613563,0.2419515570423535,0.1313553704353108,within,0.0364890881588906,0.2343759190596166,0.2051804271763541,0.0493760473463818,0.1313553704353108
fish4,61.25,1338,66.9,20.0,20.0,25.752291295517715,3.060201501945235,22.49760341908041,46.05945310943614,52.02299713760021,3953,19163,458.24976557406194,265.5963767424583,802.9061423165201,25.082699245876736,3.033448113335504,44.30787037037037,51.34523236751557,0.7424316650710701,1.0043572954946611,0.3656699130744646,0.840706296613563,0.2419515570423535,0.1185420443773341,within,0.0295993528365221,0.2099969942534659,0.19014047730952,0.0444313531098287,0.1185420443773342
fish4,61.25,1339,66.95,20.0,20.0,25.752291295517715,3.060201501945235,22.49760341908041,46.05945310943614,52.02299713760021,3887,19146,458.2584113992573,265.6122100757916,801.6106214750489,25.082699245876736,3.033448113335504,44.30787037037037,51.34523236751557,0.7473290227520977,1.0043572954946611,0.3656699130744646,0.840706296613563,0.2419515570423535,0.1170586625549367,within,0.0297946012678421,0.2111985733586527,0.1870071544205964,0.0402343211726557,0.1170586625549367
fish4,61.25,1340,67.0,20.0,20.0,25.752291295517715,3.060201501945235,22.49760341908041,46.05945310943614,52.02299713760021,3827,19191,458.15403640739527,265.6103350757916,800.3043714831869,25.082699245876736,3.033448113335504,44.30787037037037,51.34523236751557,1.1706296419592237,1.0043572954946611,0.3656699130744646,0.840706296613563,0.2419515570423535,0.1222723134133559,within,0.0466708000795273,0.1964519779377128,0.1959893467021776,0.049977128934006,0.1222723134133559
fish4,61.25,1341,67.05,20.0,20.0,25.752291295517715,3.060201501945235,22.49760341908041,46.05945310943614,52.02299713760021,3833,19157,457.939192671863,265.607184034125,800.206376705988,25.082699245876736,3.033448113335504,44.30787037037037,51.34523236751557,1.2775030581171656,1.0043572954946611,0.3656699130744646,0.840706296613563,0.2419515570423535,0.139123677290529,within,0.0509316419893353,0.2275286269926113,0.2206381534283776,0.0573962867517916,0.139123677290529
fish4,61.25,1343,67.15,20.0,20.0,25.752291295517715,3.060201501945235,22.49760341908041,46.05945310943614,52.02299713760021,3799,19187,457.8771570334919,265.6158233570416,799.4729803905335,25.082699245876736,3.033448113335504,44.30787037037037,51.34523236751557,1.3221552614221643,1.0043572954946611,0.3656699130744646,0.840706296613563,0.2419515570423535,0.1238283151559371,within,0.0527118412759946,0.196545603974277,0.1936915765836337,0.0523642387898428,0.123828315155937
fish4,61.25,1344,67.2,20.0,20.0,25.752291295517715,3.060201501945235,22.49760341908041,46.05945310943614,52.02299713760021,3795,19010,457.8979816862697,265.6016241382916,799.3996058245613,25.082699245876736,3.033448113335504,44.30787037037037,51.34523236751557,1.2818811347278114,1.0043572954946611,0.3656699130744646,0.840706296613563,0.2419515570423535,0.0823652361808681,within,0.0511061876619413,0.0919161247418988,0.138649537834874,0.0477890944847584,0.0823652361808681
fish4,61.25,1345,67.25,20.0,20.0,25.752291295517715,3.060201501945235,22.49760341908041,46.05945310943614,52.02299713760021,3834,18938,457.82213099182513,265.60448872162493,800.1066197134501,25.082699245876736,3.033448113335504,44.30787037037037,51.34523236751557,1.2342206824633557,1.0043572954946611,0.3656699130744646,0.840706296613563,0.2419515570423535,0.0631182027523373,within,0.0492060551523873,0.0462680805727142,0.1126429578568071,0.0443557174274406,0.0631182027523373
fish4,61.25,1346,67.3,20.0,20.0,25.752291295517715,3.060201501945235,22.49760341908041,46.05945310943614,52.02299713760021,3786,18945,457.7912022282919,265.5952113778749,799.1064136061668,25.082699245876736,3.033448113335504,44.30787037037037,51.34523236751557,1.1559853188996314,1.0043572954946611,0.3656699130744646,0.840706296613563,0.2419515570423535,0.061051799673201,within,0.0460869584875184,0.0480191842537013,0.1110762964123452,0.0390247595392391,0.061051799673201
fish4,61.25,1347,67.35,20.0,20.0,25.752291295517715,3.060201501945235,22.49760341908041,46.05945310943614,52.02299713760021,3822,18691,457.63957014957,262.6866764245668,796.7662465741369,25.082699245876736,3.033448113335504,44.30787037037037,51.34523236751557,1.3190724031135057,1.0043572954946611,0.3656699130744646,0.840706296613563,0.2419515570423535,0.0417276652952092,within,0.0525889335188015,0.0190104924117942,0.0698208783748498,0.0254903568753915,0.0417276652952093
fish4,61.25,1348,67.4,20.0,20.0,25.752291295517715,3.060201501945235,22.49760341908041,46.05945310943614,52.02299713760021,3775,18691,457.0018532036488,263.0650943933169,795.5669475969656,25.082699245876736,3.033448113335504,44.30787037037037,51.34523236751557,1.2775508081006528,1.0043572954946611,0.3656699130744646,0.840706296613563,0.2419515570423535,0.032209782667855,within,0.0509335456912862,0.0085837357634011,0.0479920622486815,0.0213297869680511,0.032209782667855
fish4,61.25,1349,67.45,20.0,20.0,25.752291295517715,3.060201501945235,22.49760341908041,46.05945310943614,52.02299713760021,3767,18670,456.7338974717883,263.089606112067,795.1635035838552,25.082699245876736,3.033448113335504,44.30787037037037,51.34523236751557,1.2735845750975583,1.0043572954946611,0.3656699130744646,0.840706296613563,0.2419515570423535,0.0330653928738647,within,0.0507754194480052,0.011816217396599,0.0475742858634915,0.0220956487873632,0.0330653928738647
fish4,61.25,1350,67.5,20.0,20.0,25.752291295517715,3.060201501945235,22.49760341908041,46.05945310943614,52.02299713760021,3748,18612,456.7454469589233,263.0830175704003,794.7884645293236,25.082699245876736,3.033448113335504,44.30787037037037,51.34523236751557,1.2066092545140314,1.0043572954946611,0.3656699130744646,0.840706296613563,0.2419515570423535,0.0320972974353932,within,0.0481052394993884,0.0286644070503914,0.0312810068410882,0.0203385363507049,0.0320972974353932
fish4,61.25,1351,67.55,20.0,20.0,25.752291295517715,3.060201501945235,22.49760341908041,46.05945310943614,52.02299713760021,3755,18609,456.7142403617011,263.0894433516502,794.9036837133514,25.082699245876736,3.033448113335504,44.30787037037037,51.34523236751557,1.2031533494594129,1.0043572954946611,0.3656699130744646,0.840706296613563,0.2419515570423535,0.03304570876883,within,0.0479674590707056,0.0295244894592911,0.0316987832262781,0.0229921033190453,0.03304570876883
fish4,61.25,1352,67.6,20.0,20.0,25.752291295517715,3.060201501945235,22.49760341908041,46.05945310943614,52.02299713760021,3816,18551,456.8635589354717,263.07877277873354,796.2623317142053,25.082699245876736,3.033448113335504,44.30787037037037,51.34523236751557,1.2642255783347878,1.0043572954946611,0.3656699130744646,0.840706296613563,0.2419515570423535,0.0359056697721563,within,0.0504022938656655,0.0104312535761819,0.0530053788709592,0.0297837527758185,0.0359056697721563
fish4,61.25,1353,67.65,20.0,20.0,25.752291295517715,3.060201501945235,22.49760341908041,46.05945310943614,52.02299713760021,3797,18603,456.8939495756174,263.06716470581694,795.9011142814343,25.082699245876736,3.033448113335504,44.30787037037037,51.34523236751557,1.2472832873200552,1.0043572954946611,0.3656699130744646,0.840706296613563,0.2419515570423535,0.0336203944292201,within,0.0497268366172788,0.0053251719490278,0.0522742701968773,0.0271552989536966,0.0336203944292201
fish4,61.25,1354,67.7,20.0,20.0,25.752291295517715,3.060201501945235,22.49760341908041,46.05945310943614,52.02299713760021,3796,18558,456.8088888117285,263.0656412683169,795.7945300800453,25.082699245876736,3.033448113335504,44.30787037037037,51.34523236751557,1.2545502379314506,1.0043572954946611,0.3656699130744646,0.840706296613563,0.2419515570423535,0.0517204790469548,within,0.0500165562579026,0.060776878452179,0.0664786672933316,0.0296098141844057,0.0517204790469548
fish4,61.25,1355,67.75,20.0,20.0,25.752291295517715,3.060201501945235,22.49760341908041,46.05945310943614,52.02299713760021,3762,18553,456.8194270061729,263.0510969974836,795.1105240036565,25.082699245876736,3.033448113335504,44.30787037037037,51.34523236751557,1.2950989270308249,1.0043572954946611,0.3656699130744646,0.840706296613563,0.2419515570423535,0.0601327457710754,within,0.0516331561581723,0.0767331474483261,0.0797430675231082,0.0324216119546949,0.0601327457710754
fish4,61.25,1356,67.8,20.0,20.0,25.752291295517715,3.060201501945235,22.49760341908041,46.05945310943614,52.02299713760021,3764,18472,456.6505902006173,263.0580794162326,794.9886696168498,25.082699245876736,3.033448113335504,44.30787037037037,51.34523236751557,1.3500919861339682,1.0043572954946611,0.3656699130744646,0.840706296613563,0.2419515570423535,0.0635646344049282,within,0.0538256258985326,0.0687036130656257,0.0926941354639928,0.0390351631915618,0.0635646344049282
fish4,61.25,1357,67.85,20.0,20.0,25.752291295517715,3.060201501945235,22.49760341908041,46.05945310943614,52.02299713760021,3745,18408,456.6784461171845,263.0555859266493,794.6340320438338,25.082699245876736,3.033448113335504,44.30787037037037,51.34523236751557,1.3500919861339682,1.0043572954946611,0.3656699130744646,0.840706296613563,0.2419515570423535,0.0664182797361048,within,0.0538256258985326,0.0687036130656257,0.1027207687085485,0.0404231112717125,0.0664182797361048
fish4,61.25,1358,67.9,20.0,20.0,25.752291295517715,3.060201501945235,22.49760341908041,46.05945310943614,52.02299713760021,3731,18335,456.699939177035,263.0625878790856,794.3825270561206,25.082699245876736,3.033448113335504,44.30787037037037,51.34523236751557,1.3296132119674908,1.0043572954946611,0.3656699130744646,0.840706296613563,0.2419515570423535,0.0638813070189867,within,0.0530091757244213,0.0674695661418032,0.0958274583529165,0.0392190278568056,0.0638813070189867
fish4,61.25,1359,67.95,20.0,20.0,25.752291295517715,3.060201501945235,22.49760341908041,46.05945310943614,52.02299713760021,3681,18321,456.6378471544055,263.0894889207522,793.3473360751576,25.082699245876736,3.033448113335504,44.30787037037037,51.34523236751557,1.361892200802323,1.0043572954946611,0.3656699130744646,0.840706296613563,0.2419515570423535,0.0719701012155946,within,0.0542960782431021,0.0809309396006836,0.1107629641234531,0.0418904228951398,0.0719701012155947
fish4,61.25,1360,68.0,20.0,20.0,25.752291295517715,3.060201501945235,22.49760341908041,46.05945310943614,52.02299713760021,3605,18285,456.6408549599541,263.0997623582523,791.8406173182065,25.082699245876736,3.033448113335504,44.30787037037037,51.34523236751557,1.3218538396514212,1.0043572954946611,0.3656699130744646,0.840706296613563,0.2419515570423535,0.0557871706967303,within,0.0526998241574307,0.0456224116807879,0.0847563841453866,0.0400700628033162,0.0557871706967303
fish4,61.25,1361,68.05,20.0,20.0,25.752291295517715,3.060201501945235,22.49760341908041,46.05945310943614,52.02299713760021,3547,18242,456.5905988811728,263.1071289001465,790.6377277813194,25.082699245876736,3.033448113335504,44.30787037037037,51.34523236751557,1.287506679656957,1.0043572954946611,0.3656699130744646,0.840706296613563,0.2419515570423535,0.0479475358864734,within,0.0513304675480094,0.0334844840701729,0.0687764374118753,0.0381987545158362,0.0479475358864734
fish4,61.25,1362,68.1,20.0,20.0,25.752291295517715,3.060201501945235,22.49760341908041,46.05945310943614,52.02299713760021,3520,18197,456.5248740422567,263.08900390014657,790.0138779424032,25.082699245876736,3.033448113335504,44.30787037037037,51.34523236751557,1.2437229291765703,1.0043572954946611,0.3656699130744646,0.840706296613563,0.2419515570423535,0.0391305038692099,within,0.0495848918405788,0.0157284546343627,0.0524831583894719,0.038725510612426,0.0391305038692098
fish4,61.25,1363,68.15,20.0,20.0,25.752291295517715,3.060201501945235,22.49760341908041,46.05945310943614,52.02299713760021,3463,18150,456.4012108013952,263.0845572855632,788.7457680869584,25.082699245876736,3.033448113335504,44.30787037037037,51.34523236751557,1.277318026931166,1.0043572954946611,0.3656699130744646,0.840706296613563,0.2419515570423535,0.0303366864319883,within,0.0509242651442762,0.0005809131317666,0.0361898793670692,0.0336516880848411,0.0303366864319883
fish4,61.25,1364,68.2,20.0,20.0,25.752291295517715,3.060201501945235,22.49760341908041,46.05945310943614,52.02299713760021,3416,18007,456.6043271271693,263.0952343688965,788.0195614960659,25.082699245876736,3.033448113335504,44.30787037037037,51.34523236751557,1.4200427275633132,1.0043572954946611,0.3656699130744646,0.840706296613563,0.2419515570423535,0.0332739711870128,within,0.0566144302749533,0.0169850761356856,0.025014361063241,0.0344820172741714,0.0332739711870128
fish4,61.25,1365,68.25,20.0,20.0,25.752291295517715,3.060201501945235,22.49760341908041,46.05945310943614,52.02299713760021,3398,17927,456.5497220828962,263.0979622334798,787.607684316376,25.082699245876736,3.033448113335504,44.30787037037037,51.34523236751557,1.327392837735509,1.0043572954946611,0.3656699130744646,0.840706296613563,0.2419515570423535,0.0289315942917554,within,0.0529206535837132,0.0344711999656076,0.0034988772259648,0.0248356463917362,0.0289315942917554
fish4,61.25,1366,68.3,20.0,20.0,25.752291295517715,3.060201501945235,22.49760341908041,46.05945310943614,52.02299713760021,3368,17843,456.4910719310431,263.1011393168131,786.9522112478562,25.082699245876736,3.033448113335504,44.30787037037037,51.34523236751557,1.266448936940737,1.0043572954946611,0.3656699130744646,0.840706296613563,0.2419515570423535,0.044245258945998,within,0.0504909349877457,0.0768793875400205,0.0299232335892211,0.019687479667005,0.0442452589459981
fish4,61.25,1371,68.55,20.0,20.0,25.752291295517715,3.060201501945235,22.49760341908041,46.05945310943614,52.02299713760021,3427,17195,444.78867612559,263.9950097526444,777.3236858782343,25.082699245876736,3.033448113335504,44.30787037037037,51.34523236751557,1.337411381145138,1.0043572954946611,0.3656699130744646,0.840706296613563,0.2419515570423535,0.0410216127377564,within,0.053320074049247,0.0720465392453186,0.0102877434852993,0.028432094171161,0.0410216127377565
fish4,61.25,1410,70.5,20.0,20.0,25.752291295517715,3.060201501945235,22.49760341908041,46.05945310943614,52.02299713760021,3377,11336,456.3840494043988,261.932294809458,785.8563442138567,25.082699245876736,3.033448113335504,44.30787037037037,51.34523236751557,1.4352152848151825,1.0043572954946611,0.3656699130744646,0.840706296613563,0.2419515570423535,0.0282209539074009,within,0.0572193315697917,0.0129998087906304,0.010601075774192,0.0320635994949898,0.028220953907401
fish4,61.25,1411,70.55,20.0,20.0,25.752291295517715,3.060201501945235,22.49760341908041,46.05945310943614,52.02299713760021,3405,11250,456.2808810016209,262.0657909032081,786.446671904829,25.082699245876736,3.033448113335504,44.30787037037037,51.34523236751557,1.4470125151095736,1.0043572954946611,0.3656699130744646,0.840706296613563,0.2419515570423535,0.0278648209920914,within,0.0576896649329893,0.0137494466530356,0.0080944174630528,0.0319257549192878,0.0278648209920914
fish4,61.25,1424,71.2,20.0,20.0,25.752291295517715,3.060201501945235,22.49760341908041,46.05945310943614,52.02299713760021,3238,10246,456.13461352311134,262.0801886738672,782.9748021969785,25.082699245876736,3.033448113335504,44.30787037037037,51.34523236751557,1.424626725977717,1.0043572954946611,0.3656699130744646,0.840706296613563,0.2419515570423535,0.0372716436537569,within,0.0567971856622212,0.0273660540591877,0.0327432241892525,0.0321801107043664,0.0372716436537569
fish5,27.36,3799,189.95,20.0,20.0,23.221871790948025,2.204644634916406,3.717870415654608,44.17143259214991,48.11790646364885,2859,216,444.0390968315972,253.606995389292,754.8260922208891,23.4393935785061,2.240617705554497,44.720999405116,48.40197866718943,0.0204404129746436,1.1153611246963824,0.2885128922159749,0.8889331935663408,0.291232360752694,0.0082618777099746,within,0.0008720538313494,0.0206528306856871,0.0099846390168969,0.001537987305965,0.0082618777099746
fish5,27.36,3800,190.0,20.0,20.0,23.221871790948025,2.204644634916406,3.717870415654608,44.17143259214991,48.11790646364885,2865,216,443.8398694010416,253.80848627470863,754.9483556757502,23.4393935785061,2.240617705554497,44.720999405116,48.40197866718943,0.0204404129746436,1.1153611246963824,0.2885128922159749,0.8889331935663408,0.291232360752694,0.0082618777099746,within,0.0008720538313494,0.0206528306856871,0.0099846390168969,0.001537987305965,0.0082618777099746
fish5,27.36,3801,190.05,20.0,20.0,23.221871790948025,2.204644634916406,3.717870415654608,44.17143259214991,48.11790646364885,2877,216,443.5900169704861,253.8084146601253,754.9384316306114,23.4393935785061,2.240617705554497,44.720999405116,48.40197866718943,0.0204404129746436,1.1153611246963824,0.2885128922159749,0.8889331935663408,0.291232360752694,0.0076025430573716,within,0.0008720538313494,0.0206528306856871,0.0084485407066052,0.0004367470058449,0.0076025430573716
fish5,27.36,3802,190.1,20.0,20.0,23.221871790948025,2.204644634916406,3.717870415654608,44.17143259214991,48.11790646364885,2880,216,430.2831463374196,253.8081607597245,741.6913070971442,23.4393935785061,2.240617705554497,44.720999405116,48.40197866718943,0.0204404129746436,1.1153611246963824,0.2885128922159749,0.8889331935663408,0.291232360752694,0.0072741959217187,within,0.0008720538313494,0.0206528306856871,0.0066052227342549,0.0009666764355834,0.0072741959217187
fish5,27.36,3803,190.15,20.0,20.0,23.221871790948025,2.204644634916406,3.717870415654608,44.17143259214991,48.11790646364885,2880,216,430.03360209230016,253.8086295097245,741.4422316020247,23.4393935785061,2.240617705554497,44.720999405116,48.40197866718943,0.0204404129746436,1.1153611246963824,0.2885128922159749,0.8889331935663408,0.291232360752694,0.0071480102345585,within,0.0008720538313494,0.0206528306856871,0.004147465437788,0.0029196909834097,0.0071480102345585
fish5,27.36,3804,190.2,20.0,20.0,23.221871790948025,2.204644634916406,3.717870415654608,44.17143259214991,48.11790646364885,2872,216,429.69485638561486,253.6378710503472,740.772727435962,23.4393935785061,2.240617705554497,44.720999405116,48.40197866718943,0.0204404129746436,1.1153611246963824,0.2885128922159749,0.8889331935663408,0.291232360752694,0.0071206665485858,within,0.0008720538313494,0.0206528306856871,0.0039938556067586,0.0029639260705484,0.0071206665485858
fish5,27.36,3805,190.25,20.0,20.0,23.221871790948025,2.204644634916406,3.717870415654608,44.17143259214991,48.11790646364885,2868,216,429.6471829018488,254.2434179253472,741.250600827196,23.4393935785061,2.240617705554497,44.720999405116,48.40197866718943,0.0234961180030381,1.1153611246963824,0.2885128922159749,0.8889331935663408,0.291232360752694,0.0050253052494,within,0.0010024200465913,0.0147246791567355,0.0033794162826421,0.0009947055116313,0.0050253052494
fish5,27.36,3806,190.3,20.0,20.0,23.221871790948025,2.204644634916406,3.717870415654608,44.17143259214991,48.11790646364885,2868,216,429.5922304901501,254.2433040234777,741.1955345136279,23.4393935785061,2.240617705554497,44.720999405116,48.40197866718943,0.0234961180030381,1.1153611246963824,0.2885128922159749,0.8889331935663408,0.291232360752694,0.0050253052494,within,0.0010024200465913,0.0147246791567355,0.0033794162826421,0.0009947055116313,0.0050253052494
fish5,27.36,3807,190.35,20.0,20.0,23.221871790948025,2.204644634916406,3.717870415654608,44.17143259214991,48.11790646364885,2859,216,429.4566619830662,254.2432519297176,740.8799139127838,23.4393935785061,2.240617705554497,44.720999405116,48.40197866718943,0.0234961180030381,1.1153611246963824,0.2885128922159749,0.8889331935663408,0.291232360752694,0.0050253052494,within,0.0010024200465913,0.0147246791567355,0.0033794162826421,0.0009947055116313,0.0050253052494
fish5,27.36,3808,190.4,20.0,20.0,23.221871790948025,2.204644634916406,3.717870415654608,44.17143259214991,48.11790646364885,2836,216,429.30666640436624,254.2452115707292,740.2718779750954,23.4393935785061,2.240617705554497,44.720999405116,48.40197866718943,0.2272804897881286,1.1153611246963824,0.2885128922159749,0.8889331935663408,0.291232360752694,0.009079665002239,within,0.0096965174899637,0.0147246791567355,0.0096774193548385,0.002220044007418,0.0090796650022389
fish5,27.36,3809,190.45,20.0,20.0,23.221871790948025,2.204644634916406,3.717870415654608,44.17143259214991,48.11790646364885,2829,216,429.2727731796265,254.24576821047464,740.0985413901011,23.4393935785061,2.240617705554497,44.720999405116,48.40197866718943,0.2272804897881286,1.1153611246963824,0.2885128922159749,0.8889331935663408,0.291232360752694,0.0109052684475966,within,0.0096965174899637,0.0147246791567355,0.0139784946236559,0.0052213825200312,0.0109052684475966
fish5,27.36,3810,190.5,20.0,20.0,23.221871790948025,2.204644634916406,3.717870415654608,44.17143259214991,48.11790646364885,2828,216,429.1581465167574,254.24796222089125,739.9661087376487,23.4393935785061,2.240617705554497,44.720999405116,48.40197866718943,0.2272804897881286,1.1153611246963824,0.2885128922159749,0.8889331935663408,0.291232360752694,0.0103327430867715,within,0.0096965174899637,0.0147246791567355,0.0118279569892472,0.0050818187111398,0.0103327430867715
fish5,27.36,3811,190.55,20.0,20.0,23.221871790948025,2.204644634916406,3.717870415654608,44.17143259214991,48.11790646364885,2817,216,429.15448332231296,254.24753253339125,739.7420158557043,23.4393935785061,2.240617705554497,44.720999405116,48.40197866718943,0.2272804897881286,1.1153611246963824,0.2885128922159749,0.8889331935663408,0.291232360752694,0.0104588612235842,within,0.0096965174899637,0.0147246791567355,0.0122887864823346,0.0051254617653027,0.0104588612235841
fish5,27.36,3812,190.6,20.0,20.0,23.221871790948025,2.204644634916406,3.717870415654608,44.17143259214991,48.11790646364885,2811,216,429.0533765551908,254.2464192521413,739.5197958073321,23.4393935785061,2.240617705554497,44.720999405116,48.40197866718943,0.478057097579299,1.1153611246963824,0.2885128922159749,0.8889331935663408,0.291232360752694,0.0148537530003337,within,0.0203954550265189,0.0092115462446761,0.0190476190476188,0.0107603916825208,0.0148537530003337
fish5,27.36,3813,190.65,20.0,20.0,23.221871790948025,2.204644634916406,3.717870415654608,44.17143259214991,48.11790646364885,2820,216,428.9277168329687,254.2485481583912,739.5762649913598,23.4393935785061,2.240617705554497,44.720999405116,48.40197866718943,0.478057097579299,1.1153611246963824,0.2885128922159749,0.8889331935663408,0.291232360752694,0.0141314580876855,within,0.0203954550265189,0.0092115462446761,0.0172043010752683,0.0097145300042783,0.0141314580876854
fish5,27.36,3814,190.7,20.0,20.0,23.221871790948025,2.204644634916406,3.717870415654608,44.17143259214991,48.11790646364885,2825,216,428.824487666302,254.2482877417246,739.5727754080266,23.4393935785061,2.240617705554497,44.720999405116,48.40197866718943,0.478057097579299,1.1153611246963824,0.2885128922159749,0.8889331935663408,0.291232360752694,0.0141314580876855,within,0.0203954550265189,0.0092115462446761,0.0172043010752683,0.0097145300042783,0.0141314580876854
fish5,27.36,3815,190.75,20.0,20.0,23.221871790948025,2.204644634916406,3.717870415654608,44.17143259214991,48.11790646364885,2831,216,428.877690791302,254.2485416479745,739.7462324392766,23.4393935785061,2.240617705554497,44.720999405116,48.40197866718943,0.4794639812935628,1.1153611246963824,0.2885128922159749,0.8889331935663408,0.291232360752694,0.0144319871853939,within,0.0204554772156405,0.0160549791911906,0.0122887864823346,0.0089287058524097,0.0144319871853938
fish5,27.36,3816,190.8,20.0,20.0,23.221871790948025,2.204644634916406,3.717870415654608,44.17143259214991,48.11790646364885,2810,216,428.7025952823591,254.2503580542246,739.1529533365838,23.4393935785061,2.240617705554497,44.720999405116,48.40197866718943,0.4794639812935628,1.1153611246963824,0.2885128922159749,0.8889331935663408,0.291232360752694,0.0155960719750062,within,0.0204554772156405,0.0160549791911906,0.0156682027649768,0.010205628728217,0.0155960719750062
fish5,27.36,3817,190.85,20.0,20.0,23.221871790948025,2.204644634916406,3.717870415654608,44.17143259214991,48.11790646364885,2813,216,428.6884242714775,254.2507747208913,739.1991989923688,23.4393935785061,2.240617705554497,44.720999405116,48.40197866718943,0.4794639812935628,1.1153611246963824,0.2885128922159749,0.8889331935663408,0.291232360752694,0.0155960719750062,within,0.0204554772156405,0.0160549791911906,0.0156682027649768,0.010205628728217,0.0155960719750062
fish5,27.36,3818,190.9,20.0,20.0,23.221871790948025,2.204644634916406,3.717870415654608,44.17143259214991,48.11790646364885,2806,216,428.7518357528688,254.25432941483388,739.1261651677027,23.4393935785061,2.240617705554497,44.720999405116,48.40197866718943,0.4794639812935628,1.1153611246963824,0.2885128922159749,0.8889331935663408,0.291232360752694,0.0155960719750062,within,0.0204554772156405,0.0160549791911906,0.0156682027649768,0.010205628728217,0.0155960719750062
fish5,27.36,3819,190.95,20.0,20.0,23.221871790948025,2.204644634916406,3.717870415654608,44.17143259214991,48.11790646364885,2810,216,428.83561179453545,254.25440753156872,739.2900193261042,23.4393935785061,2.240617705554497,44.720999405116,48.40197866718943,0.4794639812935628,1.1153611246963824,0.2885128922159749,0.8889331935663408,0.291232360752694,0.0155379589800363,within,0.0204554772156405,0.0160549791911906,0.0155145929339476,0.0101267865793665,0.0155379589800363
fish5,27.36,3820,191.0,20.0,20.0,23.221871790948025,2.204644634916406,3.717870415654608,44.17143259214991,48.11790646364885,2811,216,428.83977846120206,254.2644075437758,739.324186004978,23.4393935785061,2.240617705554497,44.720999405116,48.40197866718943,0.4794639812935628,1.1153611246963824,0.2885128922159749,0.8889331935663408,0.291232360752694,0.0155379589800363,within,0.0204554772156405,0.0160549791911906,0.0155145929339476,0.0101267865793665,0.0155379589800363
fish5,27.36,3821,191.05,20.0,20.0,23.221871790948025,2.204644634916406,3.717870415654608,44.17143259214991,48.11790646364885,2816,216,438.27183575286864,254.26822590763308,748.8600616605017,23.4393935785061,2.240617705554497,44.720999405116,48.40197866718943,0.4794639812935628,1.1153611246963824,0.2885128922159749,0.8889331935663408,0.291232360752694,0.0142004435295385,within,0.0204554772156405,0.0160549791911906,0.0124423963133637,0.0078489213979589,0.0142004435295384
fish5,27.36,3822,191.1,20.0,20.0,23.221871790948025,2.204644634916406,3.717870415654608,44.17143259214991,48.11790646364885,2815,216,438.1498739473132,254.2723990847163,748.7222730320295,23.4393935785061,2.240617705554497,44.720999405116,48.40197866718943,0.4794639812935628,1.1153611246963824,0.2885128922159749,0.8889331935663408,0.291232360752694,0.0142004435295385,within,0.0204554772156405,0.0160549791911906,0.0124423963133637,0.0078489213979589,0.0142004435295384
fish5,27.36,3823,191.15,20.0,20.0,23.221871790948025,2.204644634916406,3.717870415654608,44.17143259214991,48.11790646364885,2819,216,437.9944225584242,254.2753222617997,748.649744820224,23.4393935785061,2.240617705554497,44.720999405116,48.40197866718943,0.4794639812935628,1.1153611246963824,0.2885128922159749,0.8889331935663408,0.291232360752694,0.0142004435295385,within,0.0204554772156405,0.0160549791911906,0.0124423963133637,0.0078489213979589,0.0142004435295384
fish5,27.36,3824,191.2,20.0,20.0,23.221871790948025,2.204644634916406,3.717870415654608,44.17143259214991,48.11790646364885,2821,216,437.9535458223131,254.2755436159664,748.6490894382795,23.4393935785061,2.240617705554497,44.720999405116,48.40197866718943,0.4794639812935628,1.1153611246963824,0.2885128922159749,0.8889331935663408,0.291232360752694,0.0155379589800363,within,0.0204554772156405,0.0160549791911906,0.0155145929339476,0.0101267865793665,0.0155379589800363
fish5,27.36,3825,191.25,20.0,20.0,23.221871790948025,2.204644634916406,3.717870415654608,44.17143259214991,48.11790646364885,2824,216,437.956653461202,253.74971028263303,748.186363743835,23.4393935785061,2.240617705554497,44.720999405116,48.40197866718943,0.4794639812935628,1.1153611246963824,0.2885128922159749,0.8889331935663408,0.291232360752694,0.0148716290009159,within,0.0204554772156405,0.0160549791911906,0.01321044546851,0.0097656141283226,0.0148716290009159
fish5,27.36,3826,191.3,20.0,20.0,23.221871790948025,2.204644634916406,3.717870415654608,44.17143259214991,48.11790646364885,2833,216,437.8443921801908,253.75041340763303,748.2548055878239,23.4393935785061,2.240617705554497,44.720999405116,48.40197866718943,0.4794639812935628,1.1153611246963824,0.2885128922159749,0.8889331935663408,0.291232360752694,0.0142279465765047,within,0.0204554772156405,0.0160549791911906,0.0107526881720428,0.009648641727145,0.0142279465765047
fish5,27.36,3827,191.35,20.0,20.0,23.221871790948025,2.204644634916406,3.717870415654608,44.17143259214991,48.11790646364885,2846,216,437.66613697185744,253.74850585554967,748.3346428274072,23.4393935785061,2.240617705554497,44.720999405116,48.40197866718943,0.5174829837157056,1.1153611246963824,0.2885128922159749,0.8889331935663408,0.291232360752694,0.0153110818320248,within,0.0220774902721985,0.0139741249228441,0.0113671274961597,0.0138255846368963,0.0153110818320247
fish5,27.36,3828,191.4,20.0,20.0,23.221871790948025,2.204644634916406,3.717870415654608,44.17143259214991,48.11790646364885,2847,216,437.578333152413,253.7501855430497,748.2685186954627,23.4393935785061,2.240617705554497,44.720999405116,48.40197866718943,0.5147553858432907,1.1153611246963824,0.2885128922159749,0.8889331935663408,0.291232360752694,0.0159437222149209,within,0.0219611221646673,0.0309555344893007,0.0004608294930877,0.0103974027126279,0.0159437222149209
fish5,27.36,3829,191.45,20.0,20.0,23.221871790948025,2.204644634916406,3.717870415654608,44.17143259214991,48.11790646364885,2843,216,437.406241138524,253.5578255136702,747.8240666521941,23.4393935785061,2.240617705554497,44.720999405116,48.40197866718943,0.5147553858432907,1.1153611246963824,0.2885128922159749,0.8889331935663408,0.291232360752694,0.0159163785289483,within,0.0219611221646673,0.0309555344893007,0.0003072196620586,0.0104416377997667,0.0159163785289483
fish5,27.36,3830,191.5,20.0,20.0,23.221871790948025,2.204644634916406,3.717870415654608,44.17143259214991,48.11790646364885,2852,216,437.3997306830511,253.5588411386702,747.9985718217213,23.4393935785061,2.240617705554497,44.720999405116,48.40197866718943,0.5147553858432907,1.1153611246963824,0.2885128922159749,0.8889331935663408,0.291232360752694,0.0164857820405415,within,0.0219611221646673,0.0309555344893007,0.0035330261136713,0.0094934453945268,0.0164857820405415
fish5,27.36,3831,191.55,20.0,20.0,23.221871790948025,2.204644634916406,3.717870415654608,44.17143259214991,48.11790646364885,2852,216,437.3963712654775,253.55593424011863,747.992305505596,23.4393935785061,2.240617705554497,44.720999405116,48.40197866718943,0.7288353624773052,1.1153611246963824,0.2885128922159749,0.8889331935663408,0.291232360752694,0.0189387202527554,within,0.0310944632605872,0.0309555344893007,0.0009216589861749,0.0127832242749586,0.0189387202527553
fish5,27.36,3832,191.6,20.0,20.0,23.221871790948025,2.204644634916406,3.717870415654608,44.17143259214991,48.11790646364885,2852,216,437.42757782592776,253.5550781198714,748.0226559457991,23.4393935785061,2.240617705554497,44.720999405116,48.40197866718943,0.7288353624773052,1.1153611246963824,0.2885128922159749,0.8889331935663408,0.291232360752694,0.0189387202527554,within,0.0310944632605872,0.0309555344893007,0.0009216589861749,0.0127832242749586,0.0189387202527553
fish5,27.36,3833,191.65,20.0,20.0,23.221871790948025,2.204644634916406,3.717870415654608,44.17143259214991,48.11790646364885,2833,216,437.2313712191357,253.58325845793613,747.4746296770718,23.4393935785061,2.240617705554497,44.720999405116,48.40197866718943,0.7652635423250196,1.1153611246963824,0.2885128922159749,0.8889331935663408,0.291232360752694,0.0190428353761724,within,0.0326486067040047,0.0281050287293702,0.0039938556067586,0.0114238504645563,0.0190428353761724
fish5,27.36,3834,191.7,20.0,20.0,23.221871790948025,2.204644634916406,3.717870415654608,44.17143259214991,48.11790646364885,2853,216,437.19191378669257,253.58736000992465,747.8392737966171,23.4393935785061,2.240617705554497,44.720999405116,48.40197866718943,0.5510990532417317,1.1153611246963824,0.2885128922159749,0.8889331935663408,0.291232360752694,0.0151085126726543,within,0.0235116600348862,0.0281050287293702,0.0009216589861751,0.0078957029401855,0.0151085126726543
fish5,27.36,3835,191.75,20.0,20.0,23.221871790948025,2.204644634916406,3.717870415654608,44.17143259214991,48.11790646364885,2886,216,437.22861950201343,253.59478513573544,748.5434046377488,23.4393935785061,2.240617705554497,44.720999405116,48.40197866718943,0.3369378783721402,1.1153611246963824,0.2885128922159749,0.8889331935663408,0.291232360752694,0.0124934275080452,within,0.0143748547607951,0.0281050287293702,0.0038402457757298,0.0036535807662857,0.0124934275080452
fish5,27.36,3836,191.8,20.0,20.0,23.221871790948025,2.204644634916406,3.717870415654608,44.17143259214991,48.11790646364885,2886,216,437.2388104742357,253.69414386061564,748.6529543348514,23.4393935785061,2.240617705554497,44.720999405116,48.40197866718943,0.3369378783721402,1.1153611246963824,0.2885128922159749,0.8889331935663408,0.291232360752694,0.0121390288658375,within,0.0143748547607951,0.0281050287293702,0.0021505376344084,0.0039256943387761,0.0121390288658375
fish5,27.36,3837,191.85,20.0,20.0,23.221871790948025,2.204644634916406,3.717870415654608,44.17143259214991,48.11790646364885,2890,216,437.0959459270713,253.69068357323545,748.5866295003067,23.4393935785061,2.240617705554497,44.720999405116,48.40197866718943,0.3007416934832037,1.1153611246963824,0.2885128922159749,0.8889331935663408,0.291232360752694,0.0120568356890575,within,0.0128306089692946,0.0281050287293702,0.0038402457757298,0.0034514592818357,0.0120568356890576
fish5,27.36,3838,191.9,20.0,20.0,23.221871790948025,2.204644634916406,3.717870415654608,44.17143259214991,48.11790646364885,2893,216,436.8964362987189,253.6911067464194,748.4475430451383,23.4393935785061,2.240617705554497,44.720999405116,48.40197866718943,0.3007416934832037,1.1153611246963824,0.2885128922159749,0.8889331935663408,0.291232360752694,0.0117309750226363,within,0.0128306089692946,0.0281050287293702,0.0023041474654378,0.0036841149264426,0.0117309750226363
fish5,27.36,3839,191.95,20.0,20.0,23.221871790948025,2.204644634916406,3.717870415654608,44.17143259214991,48.11790646364885,2895,306,436.8727904450405,253.703105444336,748.4758958893765,23.4393935785061,2.240617705554497,44.720999405116,48.40197866718943,0.3369378783721402,1.1153611246963824,0.2885128922159749,0.8889331935663408,0.291232360752694,0.0127961289754123,within,0.0143748547607951,0.0281050287293702,0.0038402457757298,0.004864386635754,0.0127961289754123
fish5,27.36,3840,192.0,20.0,20.0,23.221871790948025,2.204644634916406,3.717870415654608,44.17143259214991,48.11790646364885,2923,306,434.78634079226265,253.70676429850263,746.9531050907653,23.4393935785061,2.240617705554497,44.720999405116,48.40197866718943,0.3369378783721402,1.1153611246963824,0.2885128922159749,0.8889331935663408,0.291232360752694,0.0134054618611066,within,0.0143748547607951,0.0281050287293702,0.0046082949308757,0.0065336690233853,0.0134054618611066
fish5,27.36,3841,192.05,20.0,20.0,23.221871790948025,2.204644634916406,3.717870415654608,44.17143259214991,48.11790646364885,2924,306,434.8253338268704,253.7061360462506,747.011469873121,23.4393935785061,2.240617705554497,44.720999405116,48.40197866718943,0.3369378783721402,1.1153611246963824,0.2885128922159749,0.8889331935663408,0.291232360752694,0.0133049102760335,within,0.0143748547607951,0.0281050287293702,0.0041474654377881,0.0065922921761803,0.0133049102760334
fish5,27.36,3842,192.1,20.0,20.0,23.221871790948025,2.204644634916406,3.717870415654608,44.17143259214991,48.11790646364885,2915,306,434.6577166340392,253.7155566210323,746.6732732550714,23.4393935785061,2.240617705554497,44.720999405116,48.40197866718943,0.3017011583484148,1.1153611246963824,0.2885128922159749,0.8889331935663408,0.291232360752694,0.0115669845816076,within,0.0128715428297204,0.0194983534483113,0.0050691244239629,0.0088289176244359,0.0115669845816076
fish5,27.36,3843,192.15,20.0,20.0,23.221871790948025,2.204644634916406,3.717870415654608,44.17143259214991,48.11790646364885,2938,306,434.7545006012904,253.730664043808,747.2451646450984,23.4393935785061,2.240617705554497,44.720999405116,48.40197866718943,0.3363844046847823,1.1153611246963824,0.2885128922159749,0.8889331935663408,0.291232360752694,0.0107309602664728,within,0.0143512417912229,0.0194983534483113,0.0003072196620586,0.0087670261642983,0.0107309602664728
fish5,27.36,3844,192.2,20.0,20.0,23.221871790948025,2.204644634916406,3.717870415654608,44.17143259214991,48.11790646364885,2938,306,434.8609328929573,253.73542315839128,747.3563560513485,23.4393935785061,2.240617705554497,44.720999405116,48.40197866718943,0.3017011583484148,1.1153611246963824,0.2885128922159749,0.8889331935663408,0.291232360752694,0.009951969673275,within,0.0128715428297204,0.0194983534483113,0.0016897081413212,0.0057482742737472,0.009951969673275
fish5,27.36,3845,192.25,20.0,20.0,23.221871790948025,2.204644634916406,3.717870415654608,44.17143259214991,48.11790646364885,2925,306,434.78141465928815,252.02839515473053,745.3098098140186,23.4393935785061,2.240617705554497,44.720999405116,48.40197866718943,0.3022579462494654,1.1153611246963824,0.2885128922159749,0.8889331935663408,0.291232360752694,0.0090196405048571,within,0.0128952971943195,0.0166998050319354,0.0006144393241168,0.0058690204690567,0.0090196405048571
fish5,27.36,3846,192.3,20.0,20.0,23.221871790948025,2.204644634916406,3.717870415654608,44.17143259214991,48.11790646364885,2905,306,434.5905031825691,252.0320084490353,744.7225116316043,23.4393935785061,2.240617705554497,44.720999405116,48.40197866718943,0.5512017938663298,1.1153611246963824,0.2885128922159749,0.8889331935663408,0.291232360752694,0.0145690884773838,within,0.0235160432807349,0.0139741249228441,0.0069124423963132,0.013873743309643,0.0145690884773838
fish5,27.36,3858,192.9,20.0,20.0,23.221871790948025,2.204644634916406,3.717870415654608,44.17143259214991,48.11790646364885,2938,81,441.09934458322414,251.28860346517544,751.1479480483996,23.4393935785061,2.240617705554497,44.720999405116,48.40197866718943,0.2175217875580735,1.1153611246963824,0.2885128922159749,0.8889331935663408,0.291232360752694,0.0178601814490862,within,0.0092801798318511,0.0309660966597562,0.0195084485407064,0.0116860007640311,0.0178601814490862
fish5,27.36,3859,192.95,20.0,20.0,23.221871790948025,2.204644634916406,3.717870415654608,44.17143259214991,48.11790646364885,2938,81,440.9121180337789,251.28834304850872,750.9604610822876,23.4393935785061,2.240617705554497,44.720999405116,48.40197866718943,0.2175217875580735,1.1153611246963824,0.2885128922159749,0.8889331935663408,0.291232360752694,0.0178601814490862,within,0.0092801798318511,0.0309660966597562,0.0195084485407064,0.0116860007640311,0.0178601814490862
fish5,27.36,3860,193.0,20.0,20.0,23.221871790948025,2.204644634916406,3.717870415654608,44.17143259214991,48.11790646364885,2944,81,440.8105685605462,251.28711257975883,750.977681140305,23.4393935785061,2.240617705554497,44.720999405116,48.40197866718943,0.2175217875580735,1.1153611246963824,0.2885128922159749,0.8889331935663408,0.291232360752694,0.0175438259335925,within,0.0092801798318511,0.0309660966597562,0.018279569892473,0.0116494573502898,0.0175438259335925
fish5,27.36,3861,193.05,20.0,20.0,23.221871790948025,2.204644634916406,3.717870415654608,44.17143259214991,48.11790646364885,2940,81,433.91408853081583,251.2893326525264,744.0034211833422,23.4393935785061,2.240617705554497,44.720999405116,48.40197866718943,0.2175217875580735,1.1153611246963824,0.2885128922159749,0.8889331935663408,0.291232360752694,0.018431206710325,within,0.0092801798318511,0.0309660966597562,0.0202764976958526,0.0132020526538398,0.0184312067103249
fish5,27.36,3862,193.1,20.0,20.0,23.221871790948025,2.204644634916406,3.717870415654608,44.17143259214991,48.11790646364885,2933,81,433.7657899136014,251.1614810693423,743.5872709829437,23.4393935785061,2.240617705554497,44.720999405116,48.40197866718943,0.2482395772063093,1.1153611246963824,0.2885128922159749,0.8889331935663408,0.291232360752694,0.0196641418274566,within,0.0105906996430976,0.0309660966597562,0.0215053763440857,0.0155943946628868,0.0196641418274566
fish5,27.36,3863,193.15,20.0,20.0,23.221871790948025,2.204644634916406,3.717870415654608,44.17143259214991,48.11790646364885,2936,81,433.789908833652,251.1641666205088,743.6740754541607,23.4393935785061,2.240617705554497,44.720999405116,48.40197866718943,0.2605535381965467,1.1153611246963824,0.2885128922159749,0.8889331935663408,0.291232360752694,0.0261930707626675,within,0.0111160528673179,0.0458999387980898,0.0304147465437786,0.0173415448414835,0.0261930707626674
fish5,27.36,3864,193.2,20.0,20.0,23.221871790948025,2.204644634916406,3.717870415654608,44.17143259214991,48.11790646364885,2928,81,433.7280077919854,251.040240836419,743.3282486284045,23.4393935785061,2.240617705554497,44.720999405116,48.40197866718943,0.2605535381965467,1.1153611246963824,0.2885128922159749,0.8889331935663408,0.291232360752694,0.0283624558279654,within,0.0111160528673179,0.0507927842452103,0.0339477726574499,0.0175932135418835,0.0283624558279654
fish5,27.36,3865,193.25,20.0,20.0,23.221871790948025,2.204644634916406,3.717870415654608,44.17143259214991,48.11790646364885,2946,81,433.6287630003187,253.83745764786403,746.3862206481828,23.4393935785061,2.240617705554497,44.720999405116,48.40197866718943,0.0452307314262476,1.1153611246963824,0.2885128922159749,0.8889331935663408,0.291232360752694,0.0236995508365947,within,0.0019296886361311,0.0507927842452103,0.0285714285714284,0.013504301893609,0.0236995508365947
fish5,27.36,3866,193.3,20.0,20.0,23.221871790948025,2.204644634916406,3.717870415654608,44.17143259214991,48.11790646364885,2996,81,433.4433636947632,254.4684700315688,747.8318337263319,23.4393935785061,2.240617705554497,44.720999405116,48.40197866718943,0.1797530082700476,1.1153611246963824,0.2885128922159749,0.8889331935663408,0.291232360752694,0.015854668284869,within,0.0076688420998605,0.0443470863639338,0.0078341013824884,0.0035686432931935,0.0158546682848691
fish5,27.36,3867,193.35,20.0,20.0,23.221871790948025,2.204644634916406,3.717870415654608,44.17143259214991,48.11790646364885,2982,81,433.42077688664574,254.28328448375063,747.3440613703964,23.4393935785061,2.240617705554497,44.720999405116,48.40197866718943,0.1797530082700476,1.1153611246963824,0.2885128922159749,0.8889331935663408,0.291232360752694,0.015854668284869,within,0.0076688420998605,0.0443470863639338,0.0078341013824884,0.0035686432931935,0.0158546682848691
fish5,27.36,3868,193.4,20.0,20.0,23.221871790948025,2.204644634916406,3.717870415654608,44.17143259214991,48.11790646364885,2989,95,433.34488710937495,254.33704426472988,747.4619313741048,23.4393935785061,2.240617705554497,44.720999405116,48.40197866718943,0.2100465785650911,1.1153611246963824,0.2885128922159749,0.8889331935663408,0.291232360752694,0.0153569600629804,within,0.0089612633476022,0.0443470863639338,0.0067588325652838,0.0013606579751016,0.0153569600629804
fish5,27.36,3869,193.45,20.0,20.0,23.221871790948025,2.204644634916406,3.717870415654608,44.17143259214991,48.11790646364885,2959,95,433.3113671558333,254.52603840483545,747.0174055606686,23.4393935785061,2.240617705554497,44.720999405116,48.40197866718943,0.0050293192847981,1.1153611246963824,0.2885128922159749,0.8889331935663408,0.291232360752694,0.0166152667127908,within,0.0002145669540448,0.0443470863639338,0.0149001536098309,0.0069992599233536,0.0166152667127908
fish5,27.36,3870,193.5,20.0,20.0,23.221871790948025,2.204644634916406,3.717870415654608,44.17143259214991,48.11790646364885,2949,95,433.2362022411016,254.2906054660372,746.5068077071389,23.4393935785061,2.240617705554497,44.720999405116,48.40197866718943,0.0167318078479787,1.1153611246963824,0.2885128922159749,0.8889331935663408,0.291232360752694,0.0217470037134255,within,0.0007138327957137,0.0507927842452103,0.0256528417818739,0.009828556030904,0.0217470037134255
fish5,27.36,3871,193.55,20.0,20.0,23.221871790948025,2.204644634916406,3.717870415654608,44.17143259214991,48.11790646364885,2948,95,433.176401904278,254.34466796158688,746.4810698658649,23.4393935785061,2.240617705554497,44.720999405116,48.40197866718943,0.0109998752594755,1.1153611246963824,0.2885128922159749,0.8889331935663408,0.291232360752694,0.0205413447464236,within,0.000469290095865,0.0477385032775002,0.023195084485407,0.0107625011269222,0.0205413447464236
fish5,27.36,3872,193.6,20.0,20.0,23.221871790948025,2.204644634916406,3.717870415654608,44.17143259214991,48.11790646364885,2942,102,433.1505685721504,254.3769466062758,746.3675151784262,23.4393935785061,2.240617705554497,44.720999405116,48.40197866718943,0.0109998752594755,1.1153611246963824,0.2885128922159749,0.8889331935663408,0.291232360752694,0.0221122827950582,within,0.000469290095865,0.0477385032775002,0.0276497695852533,0.0125915682216143,0.0221122827950582
fish5,27.36,3873,193.65,20.0,20.0,23.221871790948025,2.204644634916406,3.717870415654608,44.17143259214991,48.11790646364885,2934,102,433.10738280826143,254.43821613752573,746.225598945787,23.4393935785061,2.240617705554497,44.720999405116,48.40197866718943,0.0109998752594755,1.1153611246963824,0.2885128922159749,0.8889331935663408,0.291232360752694,0.022984958158786,within,0.000469290095865,0.0502576342754592,0.0285714285714284,0.0126414796923915,0.022984958158786
fish5,27.36,3874,193.7,20.0,20.0,23.221871790948025,2.204644634916406,3.717870415654608,44.17143259214991,48.11790646364885,2934,178,433.130672738817,254.42359048816888,746.2342632269858,23.4393935785061,2.240617705554497,44.720999405116,48.40197866718943,0.0109998752594755,1.1153611246963824,0.2885128922159749,0.8889331935663408,0.291232360752694,0.022984958158786,within,0.000469290095865,0.0502576342754592,0.0285714285714284,0.0126414796923915,0.022984958158786
fish5,27.36,3875,193.75,20.0,20.0,23.221871790948025,2.204644634916406,3.717870415654608,44.17143259214991,48.11790646364885,2966,178,433.1459765582615,254.4159114540948,746.8818880123564,23.4393935785061,2.240617705554497,44.720999405116,48.40197866718943,0.0025038884478902,1.1153611246963824,0.2885128922159749,0.8889331935663408,0.291232360752694,0.0148820242223198,within,0.0001068239431836,0.0428317883136198,0.0121351766513055,0.0044543079811702,0.0148820242223198
fish5,27.36,3876,193.8,20.0,20.0,23.221871790948025,2.204644634916406,3.717870415654608,44.17143259214991,48.11790646364885,2962,178,433.17819010188725,254.4211816350195,746.8393717369067,23.4393935785061,2.240617705554497,44.720999405116,48.40197866718943,0.0025038884478902,1.1153611246963824,0.2885128922159749,0.8889331935663408,0.291232360752694,0.0141766247181972,within,0.0001068239431836,0.0428317883136198,0.0102918586789555,0.00347602793703,0.0141766247181972
fish5,27.36,3877,193.85,20.0,20.0,23.221871790948025,2.204644634916406,3.717870415654608,44.17143259214991,48.11790646364885,2961,178,433.11294703487823,254.37752604060705,746.7104730754853,23.4393935785061,2.240617705554497,44.720999405116,48.40197866718943,0.0050293192847981,1.1153611246963824,0.2885128922159749,0.8889331935663408,0.291232360752694,0.0156057568493606,within,0.0002145669540448,0.0490278348932181,0.0113671274961597,0.0018134980540198,0.0156057568493606
fish5,27.36,3878,193.9,20.0,20.0,23.221871790948025,2.204644634916406,3.717870415654608,44.17143259214991,48.11790646364885,2963,178,433.1376952987672,254.3864387986501,746.7841340974173,23.4393935785061,2.240617705554497,44.720999405116,48.40197866718943,0.0050293192847981,1.1153611246963824,0.2885128922159749,0.8889331935663408,0.291232360752694,0.0156057568493606,within,0.0002145669540448,0.0490278348932181,0.0113671274961597,0.0018134980540198,0.0156057568493606
fish5,27.36,3879,193.95,20.0,20.0,23.221871790948025,2.204644634916406,3.717870415654608,44.17143259214991,48.11790646364885,2960,178,433.08052516816696,254.39667317365016,746.6771983418172,23.4393935785061,2.240617705554497,44.720999405116,48.40197866718943,0.0050293192847981,1.1153611246963824,0.2885128922159749,0.8889331935663408,0.291232360752694,0.0156057568493606,within,0.0002145669540448,0.0490278348932181,0.0113671274961597,0.0018134980540198,0.0156057568493606
fish5,27.36,3880,194.0,20.0,20.0,23.221871790948025,2.204644634916406,3.717870415654608,44.17143259214991,48.11790646364885,2959,178,432.88002603413145,254.40631835631268,746.4663443904441,23.4393935785061,2.240617705554497,44.720999405116,48.40197866718943,0.0075845780449874,1.1153611246963824,0.2885128922159749,0.8889331935663408,0.291232360752694,0.0165724712355294,within,0.0003235825201528,0.0512111102084069,0.0129032258064516,0.0018519664071064,0.0165724712355294
fish5,27.36,3881,194.05,20.0,20.0,23.221871790948025,2.204644634916406,3.717870415654608,44.17143259214991,48.11790646364885,2948,178,432.7991493054803,254.4130175750626,746.1721668805429,23.4393935785061,2.240617705554497,44.720999405116,48.40197866718943,0.0075845780449874,1.1153611246963824,0.2885128922159749,0.8889331935663408,0.291232360752694,0.0173046567437171,within,0.0003235825201528,0.0535197446173872,0.0135176651305682,0.0018576347067602,0.0173046567437171
fish5,27.36,3882,194.1,20.0,20.0,23.221871790948025,2.204644634916406,3.717870415654608,44.17143259214991,48.11790646364885,2944,178,437.6010546806995,254.421858720896,750.9029134015955,23.4393935785061,2.240617705554497,44.720999405116,48.40197866718943,0.0075845780449874,1.1153611246963824,0.2885128922159749,0.8889331935663408,0.291232360752694,0.0177651850243657,within,0.0003235825201528,0.0550586208461929,0.0145929339477723,0.0010856027833447,0.0177651850243657
fish5,27.36,3883,194.15,20.0,20.0,23.221871790948025,2.204644634916406,3.717870415654608,44.17143259214991,48.11790646364885,2945,178,437.5129861019935,254.4282193979793,750.8412054999727,23.4393935785061,2.240617705554497,44.720999405116,48.40197866718943,0.0075845780449874,1.1153611246963824,0.2885128922159749,0.8889331935663408,0.291232360752694,0.0184200078822626,within,0.0003235825201528,0.0550586208461929,0.0155145929339476,0.0027832352287573,0.0184200078822626
fish5,27.36,3884,194.2,20.0,20.0,23.221871790948025,2.204644634916406,3.717870415654608,44.17143259214991,48.11790646364885,2932,178,437.4648914812817,253.2873990854793,749.3922905667611,23.4393935785061,2.240617705554497,44.720999405116,48.40197866718943,0.037463871627942,1.1153611246963824,0.2885128922159749,0.8889331935663408,0.291232360752694,0.0196232643542301,within,0.0015983293894724,0.0550586208461929,0.018279569892473,0.0035565372887819,0.0196232643542301
fish5,27.36,3885,194.25,20.0,20.0,23.221871790948025,2.204644634916406,3.717870415654608,44.17143259214991,48.11790646364885,2933,178,437.4705815911187,253.2932779917294,749.4238595828481,23.4393935785061,2.240617705554497,44.720999405116,48.40197866718943,0.037463871627942,1.1153611246963824,0.2885128922159749,0.8889331935663408,0.291232360752694,0.0196232643542301,within,0.0015983293894724,0.0550586208461929,0.018279569892473,0.0035565372887819,0.0196232643542301
fish5,27.36,3886,194.3,20.0,20.0,23.221871790948025,2.204644634916406,3.717870415654608,44.17143259214991,48.11790646364885,2933,189,437.6029687424648,253.2985514292294,749.5615201716943,23.4393935785061,2.240617705554497,44.720999405116,48.40197866718943,0.037463871627942,1.1153611246963824,0.2885128922159749,0.8889331935663408,0.291232360752694,0.0196232643542301,within,0.0015983293894724,0.0550586208461929,0.018279569892473,0.0035565372887819,0.0196232643542301
fish5,27.36,3887,194.35,20.0,20.0,23.221871790948025,2.204644634916406,3.717870415654608,44.17143259214991,48.11790646364885,2933,189,437.4511718701775,253.3080664028168,749.4192382729942,23.4393935785061,2.240617705554497,44.720999405116,48.40197866718943,0.037463871627942,1.1153611246963824,0.2885128922159749,0.8889331935663408,0.291232360752694,0.0196232643542301,within,0.0015983293894724,0.0550586208461929,0.018279569892473,0.0035565372887819,0.0196232643542301
fish5,27.36,3888,194.4,20.0,20.0,23.221871790948025,2.204644634916406,3.717870415654608,44.17143259214991,48.11790646364885,2933,189,437.4881944369093,253.31431315018327,749.4625075870927,23.4393935785061,2.240617705554497,44.720999405116,48.40197866718943,0.037463871627942,1.1153611246963824,0.2885128922159749,0.8889331935663408,0.291232360752694,0.0196232643542301,within,0.0015983293894724,0.0550586208461929,0.018279569892473,0.0035565372887819,0.0196232643542301
fish5,27.36,3889,194.45,20.0,20.0,23.221871790948025,2.204644634916406,3.717870415654608,44.17143259214991,48.11790646364885,2923,189,437.4686762053125,253.31929361893336,749.2479698242458,23.4393935785061,2.240617705554497,44.720999405116,48.40197866718943,0.037463871627942,1.1153611246963824,0.2885128922159749,0.8889331935663408,0.291232360752694,0.0196232643542301,within,0.0015983293894724,0.0550586208461929,0.018279569892473,0.0035565372887819,0.0196232643542301
fish5,27.36,3890,194.5,20.0,20.0,23.221871790948025,2.204644634916406,3.717870415654608,44.17143259214991,48.11790646364885,2927,189,437.3060069383408,253.3185579418501,749.1645648801909,23.4393935785061,2.240617705554497,44.720999405116,48.40197866718943,0.0396214247445136,1.1153611246963824,0.2885128922159749,0.8889331935663408,0.291232360752694,0.020289304283486,within,0.0016903775522949,0.0571348875051497,0.0188940092165897,0.0034379428599098,0.020289304283486
fish5,27.36,3891,194.55,20.0,20.0,23.221871790948025,2.204644634916406,3.717870415654608,44.17143259214991,48.11790646364885,2922,189,437.2197569407523,253.32043294185007,748.9801898826024,23.4393935785061,2.240617705554497,44.720999405116,48.40197866718943,0.0396214247445136,1.1153611246963824,0.2885128922159749,0.8889331935663408,0.291232360752694,0.0208752185600008,within,0.0016903775522949,0.0571348875051497,0.0202764976958526,0.004399111486706,0.0208752185600008
fish5,27.36,3892,194.6,20.0,20.0,23.221871790948025,2.204644634916406,3.717870415654608,44.17143259214991,48.11790646364885,2919,189,437.339270820599,253.3211751293501,749.0404459499491,23.4393935785061,2.240617705554497,44.720999405116,48.40197866718943,0.0396214247445136,1.1153611246963824,0.2885128922159749,0.8889331935663408,0.291232360752694,0.0211446327060774,within,0.0016903775522949,0.0571348875051497,0.0211981566820274,0.0045551090848373,0.0211446327060773
fish5,27.36,3893,194.65,20.0,20.0,23.221871790948025,2.204644634916406,3.717870415654608,44.17143259214991,48.11790646364885,2918,189,437.5335633562817,253.3223372385237,749.2159005948055,23.4393935785061,2.240617705554497,44.720999405116,48.40197866718943,0.0396214247445136,1.1153611246963824,0.2885128922159749,0.8889331935663408,0.291232360752694,0.0211446327060774,within,0.0016903775522949,0.0571348875051497,0.0211981566820274,0.0045551090848373,0.0211446327060773
fish5,27.36,3894,194.7,20.0,20.0,23.221871790948025,2.204644634916406,3.717870415654608,44.17143259214991,48.11790646364885,2902,189,437.7052126555077,253.32405598852367,749.0692686440314,23.4393935785061,2.240617705554497,44.720999405116,48.40197866718943,0.0526545701069451,1.1153611246963824,0.2885128922159749,0.8889331935663408,0.291232360752694,0.0279233265834369,within,0.002246413497456,0.0683681291947619,0.0327188940092165,0.0083598696323129,0.0279233265834368
fish5,27.36,3895,194.75,20.0,20.0,23.221871790948025,2.204644634916406,3.717870415654608,44.17143259214991,48.11790646364885,2902,189,437.63766925273006,253.32616536352376,749.0038346162538,23.4393935785061,2.240617705554497,44.720999405116,48.40197866718943,0.0526545701069451,1.1153611246963824,0.2885128922159749,0.8889331935663408,0.291232360752694,0.0279233265834369,within,0.002246413497456,0.0683681291947619,0.0327188940092165,0.0083598696323129,0.0279233265834368
fish5,27.36,3907,195.35,20.0,20.0,23.221871790948025,2.204644634916406,3.717870415654608,44.17143259214991,48.11790646364885,3003,403,435.90386261091805,251.90020832108377,747.8640709320018,23.4393935785061,2.240617705554497,44.720999405116,48.40197866718943,0.221237021112131,1.1153611246963824,0.2885128922159749,0.8889331935663408,0.291232360752694,0.04900998103722,within,0.0094386836575416,0.1236494624735418,0.05284178187404,0.0101099961437564,0.04900998103722
fish5,27.36,3908,195.4,20.0,20.0,23.221871790948025,2.204644634916406,3.717870415654608,44.17143259214991,48.11790646364885,3003,403,435.8299694480425,251.8648600255225,747.754829473565,23.4393935785061,2.240617705554497,44.720999405116,48.40197866718943,0.2191010103845769,1.1153611246963824,0.2885128922159749,0.8889331935663408,0.291232360752694,0.0481033259451343,within,0.0093475545623968,0.1215057686254141,0.0514592933947773,0.0101006871979491,0.0481033259451343
fish5,27.36,3909,195.45,20.0,20.0,23.221871790948025,2.204644634916406,3.717870415654608,44.17143259214991,48.11790646364885,3028,403,435.7269355974363,251.92755208316385,748.2144876806001,23.4393935785061,2.240617705554497,44.720999405116,48.40197866718943,0.2280245307630508,1.1153611246963824,0.2885128922159749,0.8889331935663408,0.291232360752694,0.0565176907978245,within,0.0097282606736101,0.1311927725734787,0.0672811059907834,0.017868623953426,0.0565176907978246
fish6,13.78,8314,415.7,20.0,20.0,23.45227699737756,1.6530245517162567,44.306895931353324,24.27961841300921,47.91236155707363,7953,28412,428.9281422523027,262.8315784365231,850.8197206888258,23.16274050448803,1.6530245517162567,24.231326392032592,47.63758840205821,0.43430363484865,0.7434042941502236,0.1268722944651377,0.7981564276386324,0.1024124749158385,0.0146687559043222,within,0.0187500971555804,0.0,0.0257534489249097,0.0141714775367986,0.0146687559043222
fish6,13.78,8315,415.75,20.0,20.0,23.45227699737756,1.6530245517162567,44.306895931353324,24.27961841300921,47.91236155707363,7966,27525,428.8559634023407,262.8820082704226,851.0579716727632,23.16274050448803,1.6530245517162567,24.231326392032592,47.63758840205821,0.2895364928895283,0.7434042941502236,0.1268722944651377,0.7981564276386324,0.1024124749158385,0.0118357665282728,within,0.0125000965595339,0.0,0.0229190194645585,0.0119239500889989,0.0118357665282728
fish6,13.78,8319,415.95,20.0,20.0,23.45227699737756,1.6530245517162567,44.306895931353324,24.27961841300921,47.91236155707363,7936,32435,428.9722699394885,262.8976918917231,850.5899618312117,23.16274050448803,1.6530245517162567,24.231326392032592,47.63758840205821,0.4342992169060835,0.7434042941502236,0.1268722944651377,0.7981564276386324,0.1024124749158385,0.0189368414827217,within,0.0187499064206989,0.0111109415690103,0.0296065014725747,0.0162800164686031,0.0189368414827217
fish6,13.78,8320,416.0,20.0,20.0,23.45227699737756,1.6530245517162567,44.306895931353324,24.27961841300921,47.91236155707363,7932,34139,428.9139408690653,262.97118121252066,850.5251220815859,23.16274050448803,1.6530245517162567,24.231326392032592,47.63758840205821,0.4342992169060835,0.7434042941502236,0.1268722944651377,0.7981564276386324,0.1024124749158385,0.019003729118511,within,0.0187499064206989,0.0111109415690103,0.0298722292344825,0.0162818392498524,0.019003729118511
fish6,13.78,8325,416.25,20.0,20.0,23.45227699737756,1.6530245517162567,44.306895931353324,24.27961841300921,47.91236155707363,7694,55240,428.05888016493054,263.0025194166396,844.9413995815701,23.16274050448803,1.6530245517162567,24.231326392032592,47.63758840205821,0.43430363484865,0.7434042941502236,0.1268722944651377,0.7981564276386324,0.1024124749158385,0.0088664271007231,within,0.0187500971555804,0.0,0.0084368564405762,0.0082787548067357,0.0088664271007231
fish6,13.78,8326,416.3,20.0,20.0,23.45227699737756,1.6530245517162567,44.306895931353324,24.27961841300921,47.91236155707363,7678,61567,428.178884503381,262.6298632028792,844.3687477062601,23.16274050448803,1.6530245517162567,24.231326392032592,47.63758840205821,0.43430363484865,0.7434042941502236,0.1268722944651377,0.7981564276386324,0.1024124749158385,0.0083282047112186,within,0.0187500971555804,0.0,0.0062224584246772,0.0083402632646168,0.0083282047112186
fish6,13.78,8327,416.35,20.0,20.0,23.45227699737756,1.6530245517162567,44.306895931353324,24.27961841300921,47.91236155707363,7657,66212,428.2035068853684,263.20981110428704,844.5533179896555,23.16274050448803,1.6530245517162567,24.231326392032592,47.63758840205821,0.2895364928895283,0.7434042941502236,0.1268722944651377,0.7981564276386324,0.1024124749158385,0.0055026049143702,within,0.0125000965595339,0.0,0.00374233264687,0.0057679904510771,0.0055026049143702
fish6,13.78,8328,416.4,20.0,20.0,23.45227699737756,1.6530245517162567,44.306895931353324,24.27961841300921,47.91236155707363,7652,70211,428.2383896208398,262.92972274185826,844.2081123626981,23.16274050448803,1.6530245517162567,24.231326392032592,47.63758840205821,0.2895364928895283,0.7434042941502236,0.1268722944651377,0.7981564276386324,0.1024124749158385,0.0055026049143702,within,0.0125000965595339,0.0,0.00374233264687,0.0057679904510771,0.0055026049143702
fish6,13.78,8329,416.45,20.0,20.0,23.45227699737756,1.6530245517162567,44.306895931353324,24.27961841300921,47.91236155707363,7651,73648,428.2076257382805,262.48346342705617,843.7110891653367,23.16274050448803,1.6530245517162567,24.231326392032592,47.63758840205821,0.2895364928895283,0.7434042941502236,0.1268722944651377,0.7981564276386324,0.1024124749158385,0.0060271094946378,within,0.0125000965595339,0.0,0.0055138510595894,0.0060944903594282,0.0060271094946378
fish6,13.78,8330,416.5,20.0,20.0,23.45227699737756,1.6530245517162567,44.306895931353324,24.27961841300921,47.91236155707363,7588,77039,427.9444486287247,261.8344623730871,841.5389110018118,23.16274050448803,1.6530245517162567,24.231326392032592,47.63758840205821,0.7238335008243197,0.7434042941502236,0.1268722944651377,0.7981564276386324,0.1024124749158385,0.0120284083014942,within,0.0312499076127917,0.0,0.0096326313691622,0.0072310942240228,0.0120284083014942
fish6,13.78,8331,416.55,20.0,20.0,23.45227699737756,1.6530245517162567,44.306895931353324,24.27961841300921,47.91236155707363,7513,80280,427.9755900498379,259.5361129962497,837.7717030460876,23.16274050448803,1.6530245517162567,24.231326392032592,47.63758840205821,0.7238335008243197,0.7434042941502236,0.1268722944651377,0.7981564276386324,0.1024124749158385,0.0192848577819739,within,0.0312499076127917,0.0111111111111113,0.0230518833455124,0.0117265290584804,0.019284857781974
fish6,13.78,8332,416.6,20.0,20.0,23.45227699737756,1.6530245517162567,44.306895931353324,24.27961841300921,47.91236155707363,7633,82131,426.5338844250148,252.5998496601952,831.7937340852101,23.16274050448803,1.6530245517162567,24.231326392032592,47.63758840205821,0.7238335008243197,0.7434042941502236,0.1268722944651377,0.7981564276386324,0.1024124749158385,0.0162282523205084,within,0.0312499076127917,0.0,0.0230075953851945,0.0106555062840476,0.0162282523205084
fish6,13.78,8333,416.65,20.0,20.0,23.45227699737756,1.6530245517162567,44.306895931353324,24.27961841300921,47.91236155707363,7604,85482,426.42325076766775,244.1247166365623,822.6279674042302,23.16274050448803,1.6530245517162567,24.231326392032592,47.63758840205821,0.7238335008243197,0.7434042941502236,0.1268722944651377,0.7981564276386324,0.1024124749158385,0.0156866052760946,within,0.0312499076127917,0.0,0.0215018047343829,0.0099947087572039,0.0156866052760946
fish6,13.78,8338,416.9,20.0,20.0,23.45227699737756,1.6530245517162567,44.306895931353324,24.27961841300921,47.91236155707363,7369,90711,426.5917577279362,221.0009015621503,794.9726592900865,23.16274050448803,1.6530245517162567,24.231326392032592,47.63758840205821,0.1447693509304066,0.7434042941502236,0.1268722944651377,0.7981564276386324,0.1024124749158385,0.0195807977065634,within,0.0062500959634875,0.0333333333333333,0.0335481299408755,0.0051916315885571,0.0195807977065634
fish6,13.78,8339,416.95,20.0,20.0,23.45227699737756,1.6530245517162567,44.306895931353324,24.27961841300921,47.91236155707363,7248,91191,426.6944790399999,222.44666002803376,794.1011390680337,23.16274050448803,1.6530245517162567,24.231326392032592,47.63758840205821,0.1447693509304066,0.7434042941502236,0.1268722944651377,0.7981564276386324,0.1024124749158385,0.0195807977065634,within,0.0062500959634875,0.0333333333333333,0.0335481299408755,0.0051916315885571,0.0195807977065634
fish6,13.78,8340,417.0,20.0,20.0,23.45227699737756,1.6530245517162567,44.306895931353324,24.27961841300921,47.91236155707363,7252,91949,426.7160154052736,223.03103829463333,794.7870536999069,23.16274050448803,1.6530245517162567,24.231326392032592,47.63758840205821,0.1447693509304066,0.7434042941502236,0.1268722944651377,0.7981564276386324,0.1024124749158385,0.0192404796193784,within,0.0062500959634875,0.0333333333333333,0.0324852188932438,0.0048932702874491,0.0192404796193784
fish6,13.78,8341,417.05,20.0,20.0,23.45227699737756,1.6530245517162567,44.306895931353324,24.27961841300921,47.91236155707363,7288,92515,426.7000822331748,223.43622713333767,795.8963093665125,23.16274050448803,1.6530245517162567,24.231326392032592,47.63758840205821,0.1447693509304066,0.7434042941502236,0.1268722944651377,0.7981564276386324,0.1024124749158385,0.0182768944810483,within,0.0062500959634875,0.0333333333333333,0.0290750459487589,0.0044491026786136,0.0182768944810483
fish6,13.78,8342,417.1,20.0,20.0,23.45227699737756,1.6530245517162567,44.306895931353324,24.27961841300921,47.91236155707363,7459,93134,426.74279049477286,223.8428124643538,799.7656029591267,23.16274050448803,1.6530245517162567,24.231326392032592,47.63758840205821,0.43430363484865,0.7434042941502236,0.1268722944651377,0.7981564276386324,0.1024124749158385,0.0092349672797365,within,0.0187500971555804,0.0111111111111113,0.000243583781749,0.0068350770705056,0.0092349672797366
fish7,18.32,6947,347.35,20.0,20.0,27.071494288410594,6.933068602303373,7.08430384303403,192.95697552531237,64.50591309290252,4479,1149,447.7760152557752,262.2825064771865,799.6385217329617,26.63888888888889,6.888888888888889,173.51967592592592,64.87754009498491,0.5299977412195247,1.2650542576846484,0.4352157018917075,0.8993930610830906,0.5796895493070424,0.0354971769502975,within,0.0198956399206493,0.0056215994524154,0.1119671549495664,0.0045043134785588,0.0354971769502975
fish7,18.32,6949,347.45,20.0,20.0,27.071494288410594,6.933068602303373,7.08430384303403,192.95697552531237,64.50591309290252,4429,1149,441.10936578776045,263.4836653313531,793.1730311191136,26.63888888888889,6.888888888888889,173.51967592592592,64.87754009498491,0.3352130578238892,1.2650542576846484,0.4352157018917075,0.8993930610830906,0.5796895493070424,0.0369543672866684,within,0.0125835975825443,0.007204768958241,0.1120685285620148,0.0159605740438735,0.0369543672866684
fish8,12.7,6019,300.95,20.0,20.0,26.68229675292969,1.9009740869136293,1.9485302279735892,39.911546210022664,54.386198797812185,697,257,439.8758105558984,266.6222004495832,720.4380110054816,26.682296752929688,2.1263525221082897,43.020833333333336,55.36007635792097,1.3634380205600642,1.0825167933186608,0.5314467474004103,0.9502599687973848,0.4875843664250133,0.1125066106710524,within,0.051098975218854,0.1783078651549895,0.1538655250566607,0.0667540772537054,0.1125066106710524
fish8,12.7,6020,301.0,20.0,20.0,26.68229675292969,1.9009740869136293,1.9485302279735892,39.911546210022664,54.386198797812185,728,250,439.8654893753428,266.62151685583325,721.0470062311759,26.682296752929688,2.1263525221082897,43.020833333333336,55.36007635792097,1.17856444165157,1.0825167933186608,0.5314467474004103,0.9502599687973848,0.4875843664250133,0.0915234623218538,within,0.0441702771153746,0.1476892728153409,0.1150843616217577,0.059149937734942,0.0915234623218538
fish8,12.7,6021,301.05,20.0,20.0,26.68229675292969,1.9009740869136293,1.9485302279735892,39.911546210022664,54.386198797812185,730,250,439.8012098433695,266.6219335224999,721.0231433658695,26.682296752929688,2.1263525221082897,43.020833333333336,55.36007635792097,0.9418582613192896,1.0825167933186608,0.5314467474004103,0.9502599687973848,0.4875843664250133,0.1017229816963751,within,0.0352989950618052,0.1904101907550811,0.1306975572903549,0.0504851836782588,0.101722981696375
fish8,12.7,6022,301.1,20.0,20.0,26.68229675292969,1.9009740869136293,1.9485302279735892,39.911546210022664,54.386198797812185,727,255,439.7793956072584,266.6216145120832,720.9410101193416,26.682296752929688,2.1263525221082897,43.020833333333336,55.36007635792097,0.9418582613192896,1.0825167933186608,0.5314467474004103,0.9502599687973848,0.4875843664250133,0.0797625105899706,within,0.0352989950618052,0.1318991697300163,0.1017375975824729,0.0501142799855876,0.0797625105899705
fish8,12.7,6023,301.15,20.0,20.0,26.68229675292969,1.9009740869136293,1.9485302279735892,39.911546210022664,54.386198797812185,730,255,439.7204719961473,266.62180982458324,720.9422818207305,26.682296752929688,2.1263525221082897,43.020833333333336,55.36007635792097,0.9418582613192896,1.0825167933186608,0.5314467474004103,0.9502599687973848,0.4875843664250133,0.0778523050409724,within,0.0352989950618052,0.1318991697300163,0.0949383026945353,0.0492727526775324,0.0778523050409723
fish8,12.7,6024,301.2,20.0,20.0,26.68229675292969,1.9009740869136293,1.9485302279735892,39.911546210022664,54.386198797812185,732,281,439.66490342881946,266.62264315791657,720.927546586736,26.682296752929688,2.1263525221082897,43.020833333333336,55.36007635792097,0.7077527175918945,1.0825167933186608,0.5314467474004103,0.9502599687973848,0.4875843664250133,0.0669085375086475,within,0.0265251797529079,0.1318991697300163,0.0697557290355073,0.0394540715161582,0.0669085375086474
fish8,12.7,6025,301.25,20.0,20.0,26.68229675292969,1.9009740869136293,1.9485302279735892,39.911546210022664,54.386198797812185,713,278,439.61358835161,266.6212369079165,720.4948252595265,26.682296752929688,2.1263525221082897,43.020833333333336,55.36007635792097,0.7325142520191292,1.0825167933186608,0.5314467474004103,0.9502599687973848,0.4875843664250133,0.0711494975412933,within,0.0274531933589525,0.1257104325403125,0.0881390078065977,0.0432953564593106,0.0711494975412933
fish8,12.7,6026,301.3,20.0,20.0,26.68229675292969,1.9009740869136293,1.9485302279735892,39.911546210022664,54.386198797812185,720,295,439.6156327353394,266.62201164749985,720.6376443828393,26.682296752929688,2.1263525221082897,43.020833333333336,55.36007635792097,0.5259349269018792,1.0825167933186608,0.5314467474004103,0.9502599687973848,0.4875843664250133,0.0664519936182723,within,0.0197110065813255,0.1259778433882893,0.0848652732309241,0.0352538512725505,0.0664519936182723
fish8,12.7,6027,301.35,20.0,20.0,26.68229675292969,1.9009740869136293,1.9485302279735892,39.911546210022664,54.386198797812185,693,312,439.5382542631173,266.6223827412499,720.0206370043672,26.682296752929688,2.1263525221082897,43.020833333333336,55.36007635792097,0.5423879339940214,1.0825167933186608,0.5314467474004103,0.9502599687973848,0.4875843664250133,0.0539734833514535,within,0.0203276329251705,0.0809035893952154,0.0783178040795769,0.0363449070058514,0.0539734833514535
fish8,12.7,6028,301.4,20.0,20.0,26.68229675292969,1.9009740869136293,1.9485302279735892,39.911546210022664,54.386198797812185,694,333,439.5738011040583,266.6226691995832,720.0764703036415,26.682296752929688,2.1263525221082897,43.020833333333336,55.36007635792097,0.3098183259238141,1.0825167933186608,0.5314467474004103,0.9502599687973848,0.4875843664250133,0.0501238831970628,within,0.0116113814636212,0.0866588014446819,0.074792243767313,0.027433106112635,0.0501238831970628
fish8,12.7,6029,301.45,20.0,20.0,26.68229675292969,1.9009740869136293,1.9485302279735892,39.911546210022664,54.386198797812185,698,312,439.63430024457386,266.62348951208315,720.2177897566571,26.682296752929688,2.1263525221082897,43.020833333333336,55.36007635792097,0.3129255800491286,1.0825167933186608,0.5314467474004103,0.9502599687973848,0.4875843664250133,0.0471471668036819,within,0.0117278352364764,0.081097942112234,0.0690002518257364,0.0267626380402808,0.0471471668036819
fish8,12.7,6030,301.5,20.0,20.0,26.68229675292969,1.9009740869136293,1.9485302279735892,39.911546210022664,54.386198797812185,711,342,448.3909669112405,266.62630852249987,729.2372754337405,26.682296752929688,2.1263525221082897,43.020833333333336,55.36007635792097,0.3157819378786186,1.0825167933186608,0.5314467474004103,0.9502599687973848,0.4875843664250133,0.0390628974737819,within,0.01183488590966,0.081097942112234,0.0548980105766809,0.0084207512965526,0.0390628974737819
fish8,12.7,6031,301.55,20.0,20.0,26.68229675292969,1.9009740869136293,1.9485302279735892,39.911546210022664,54.386198797812185,726,353,448.8233366154989,266.62641919958315,729.969755815082,26.682296752929688,2.1263525221082897,43.020833333333336,55.36007635792097,0.3512355144513499,1.0825167933186608,0.5314467474004103,0.9502599687973848,0.4875843664250133,0.0354552789730609,within,0.0131636162247835,0.1089446466579169,0.0183832787710903,0.0013295742384531,0.0354552789730609
fish8,12.7,6032,301.6,20.0,20.0,26.68229675292969,1.9009740869136293,1.9485302279735892,39.911546210022664,54.386198797812185,728,372,448.8225119627211,266.6265038349998,730.0090157977208,26.682296752929688,2.1263525221082897,43.020833333333336,55.36007635792097,0.3321159300611924,1.0825167933186608,0.5314467474004103,0.9502599687973848,0.4875843664250133,0.0225486478086608,within,0.0124470518087887,0.0759042827942572,0.0,0.0018432566315976,0.0225486478086609
fish8,12.7,6033,301.65,20.0,20.0,26.68229675292969,1.9009740869136293,1.9485302279735892,39.911546210022664,54.386198797812185,718,357,448.8431976539706,266.62557284541657,729.8287704993871,26.682296752929688,2.1263525221082897,43.020833333333336,55.36007635792097,0.3098183259238141,1.0825167933186608,0.5314467474004103,0.9502599687973848,0.4875843664250133,0.0222113096240829,within,0.0116113814636214,0.0759042827942572,0.0,0.001329574238453,0.0222113096240829
fish8,12.7,6034,301.7,20.0,20.0,26.68229675292969,1.9009740869136293,1.9485302279735892,39.911546210022664,54.386198797812185,686,344,449.0379718844756,264.6974869079165,727.4554587923922,26.682296752929688,2.1263525221082897,43.020833333333336,55.36007635792097,0.5890884195203512,1.0825167933186608,0.5314467474004103,0.9502599687973848,0.4875843664250133,0.0768283767264881,within,0.022077875265954,0.1961916816233174,0.0856207504406947,0.0034231995759862,0.0768283767264881
fish8,12.7,6035,301.75,20.0,20.0,26.68229675292969,1.9009740869136293,1.9485302279735892,39.911546210022664,54.386198797812185,679,332,449.0087270928089,264.6414452412498,727.2301723340587,26.682296752929688,2.1263525221082897,43.020833333333336,55.36007635792097,0.5890884195203512,1.0825167933186608,0.5314467474004103,0.9502599687973848,0.4875843664250133,0.0766799714900896,within,0.022077875265954,0.1961916816233174,0.0848652732309241,0.003585055840163,0.0766799714900896
fish8,12.7,6036,301.8,20.0,20.0,26.68229675292969,1.9009740869136293,1.9485302279735892,39.911546210022664,54.386198797812185,714,266,448.9939180650311,264.64124992874986,727.9151679937809,26.682296752929688,2.1263525221082897,43.020833333333336,55.36007635792097,0.5194389644732347,1.0825167933186608,0.5314467474004103,0.9502599687973848,0.4875843664250133,0.0161403424972682,within,0.0194675506866251,0.0235128600399154,0.0181314530345002,0.0034495062280319,0.0161403424972682
fish8,12.7,6037,301.85,20.0,20.0,26.68229675292969,1.9009740869136293,1.9485302279735892,39.911546210022664,54.386198797812185,703,261,449.08487292614217,265.0119530537499,728.156825979892,26.682296752929688,2.1263525221082897,43.020833333333336,55.36007635792097,0.584903597970623,1.0825167933186608,0.5314467474004103,0.9502599687973848,0.4875843664250133,0.0388176951462725,within,0.0219210363855353,0.1030413084942389,0.0271971795517502,0.0031112561535657,0.0388176951462725
fish8,12.7,6038,301.9,20.0,20.0,26.68229675292969,1.9009740869136293,1.9485302279735892,39.911546210022664,54.386198797812185,684,263,449.0562965372533,265.0124348245832,727.7487313618363,26.682296752929688,2.1263525221082897,43.020833333333336,55.36007635792097,0.6133867607860388,1.0825167933186608,0.5314467474004103,0.9502599687973848,0.4875843664250133,0.0386126600232839,within,0.0229885293033737,0.1030413084942389,0.0216570133467638,0.0067637889487591,0.0386126600232839
fish8,12.7,6039,301.95,20.0,20.0,26.68229675292969,1.9009740869136293,1.9485302279735892,39.911546210022664,54.386198797812185,670,226,449.1086403250801,265.1211913349999,727.62983166008,26.682296752929688,2.1263525221082897,43.020833333333336,55.36007635792097,0.8344006644616258,1.0825167933186608,0.5314467474004103,0.9502599687973848,0.4875843664250133,0.0512247139825327,within,0.031271695693513,0.0984196531396908,0.0677411231427852,0.0074663839541419,0.0512247139825327
fish8,12.7,6040,302.0,20.0,20.0,26.68229675292969,1.9009740869136293,1.9485302279735892,39.911546210022664,54.386198797812185,658,205,449.0979632417468,265.2312564391665,727.4892196809132,26.682296752929688,2.1263525221082897,43.020833333333336,55.36007635792097,1.0430884834496157,1.0825167933186608,0.5314467474004103,0.9502599687973848,0.4875843664250133,0.0535758039480108,within,0.0390929046741482,0.0984196531396908,0.0642155628305213,0.0125750951476828,0.0535758039480108
fish9,14.0,3048,152.4,20.0,20.0,27.805900974148607,1.5344785986016751,5.261423960866498,22.85069184996833,53.54695892054634,329,557,456.6229244519648,256.2147297879431,719.4176542399078,25.881115383572048,1.950888951619466,39.18441358024691,53.402549650934006,1.9247855905765583,1.1274479916142497,0.5075646694255317,0.9226224846455152,0.3263625425245512,0.1768408048167579,fill,0.0743702719936989,0.2134464663773515,0.416842316571314,0.0027041643246673,0.1768408048167579
