FishID,Weight (g),FrameIndex,Timestamp (s),FPS_Top,FPS_Front,Length (cm),Width (cm),Height (cm),Area (cm²),Perimeter (cm),TopMaskPixels,FrontMaskPixels,BlurTop,BlurFront,Score,VisScore_Top_Raw,VisScore_Front_Raw,VisScore_Top_Enhanced,VisScore_Front_Enhanced,Volume (cm³),Surface Area (cm²),Aspect Ratio,Elongation,Compactness,Condition Factor (K),Rectangularity,Equivalent Diameter (cm)
fish01,67.49,3460,173.0,20.0,20.0,12.207024701641659,4.359651679157736,3.9236865112419625,53.21837573803202,33.13335276159879,2701,7951,27.93058910040208,10.277604163953995,92.22819326435608,87.2,65.4,65.8,50.1,109.33382431031141,130.13974159304652,2.8,0.6428571428571428,0.6091730907237827,1.7849853738376682,1.0,8.23163048831984
fish01,67.49,3680,184.0,20.0,20.0,12.35961251041218,4.414147325147208,3.9727325926324872,54.557150502691904,33.54751967111878,2629,5237,27.685743948854043,10.393095619191064,90.6588395680451,87.0,65.2,65.8,49.9,113.4853064947192,133.41356946749664,2.8,0.6428571428571428,0.6091730907237828,1.719687625540532,1.0,8.334525869423839
fish01,67.49,3690,184.5,20.0,20.0,12.62492288653219,4.508901030904354,4.0580109278139185,56.924527818172976,34.26764783487309,2534,5241,27.60097854207356,10.41035794470045,88.69133648677402,87.0,65.2,65.7,49.9,120.95150353651219,139.20273284983136,2.8,0.6428571428571428,0.6091730907237826,1.6135332885773477,1.0,8.513434082875996
fish01,67.49,3750,187.5,20.0,20.0,13.309815976345908,4.753505705837824,4.278155135254043,63.268286187211714,36.12664336436746,2690,9547,28.08655166731469,10.32827147419188,92.21482314150656,87.1,65.1,65.7,49.9,141.72328874000561,154.71570301147872,2.8,0.6428571428571428,0.6091730907237827,1.377044513958937,1.0,8.975281828509868
fish01,67.49,3685,184.25,20.0,20.0,12.154056922777754,4.340734615277769,3.9066611537499925,52.7575356007578,32.989583076111046,2517,5300,27.57315746701088,10.401926915105186,88.31508438211607,87.0,65.2,65.7,50.0,107.91675232483885,129.01280722970193,2.8,0.6428571428571428,0.6091730907237825,1.8084242997991324,1.0,8.195912433015499
fish01,67.49,3465,173.25,20.0,20.0,12.664788127953221,4.523138617126151,4.070824755413536,57.28459225926603,34.37585349015875,2688,7564,27.92873136543934,10.284251301405163,91.9729826668445,87.2,65.4,65.8,50.1,122.10089726742191,140.08323122414023,2.8,0.6428571428571428,0.6091730907237826,1.5983443334753784,1.0,8.540316631631834
fish01,67.49,3695,184.75,20.0,20.0,12.39767331531287,4.427740469754597,3.984966422779136,54.893679869007435,33.650827570134936,2493,5533,27.69389984581088,10.402656164169311,87.95655600998019,87.0,65.2,65.7,50.0,114.53695523114476,134.2365153797575,2.8,0.6428571428571428,0.6091730907237825,1.7038978979823245,1.0,8.360191622519952
fish01,67.49,2600,130.0,20.0,20.0,12.894081951127196,4.605029268259713,4.1445263414337425,59.37762477228006,34.99822243877383,2560,6781,27.54955994780741,10.283860615878634,89.03342056368605,87.1,65.2,65.5,50.1,128.85353793168653,145.20151427227975,2.8,0.6428571428571428,0.6091730907237826,1.5145822178597026,1.0,8.694937603715923
fish01,67.49,2605,130.25,20.0,20.0,12.951145218815984,4.6254090067199956,4.162868106047996,59.90434374245007,35.15310845107196,2562,6690,27.59418263406636,10.308479741149478,89.14266237521585,87.1,65.2,65.5,50.1,130.57185927049397,146.4895481462842,2.8,0.6428571428571428,0.6091730907237826,1.4946503660895971,1.0,8.733417392653108
fish01,67.49,2610,130.5,20.0,20.0,13.024443758577478,4.651587056634813,4.186428350971333,60.58433400726708,35.352061630424586,2559,6711,27.66725120018853,10.316552671549054,89.1638038717376,87.1,65.2,65.6,50.1,132.80139078385056,148.15239027781948,2.8,0.6428571428571428,0.6091730907237826,1.4695574805936118,1.0,8.782845202409968
fish01,67.49,2475,123.75,20.0,20.0,12.487799680817298,4.459928457434749,4.013935611691275,55.69469316722165,33.89545627650409,2808,4142,28.33968663729445,10.306145831807454,94.80583246910192,87.4,65.1,66.0,49.9,117.0530783520026,136.1953061582535,2.8,0.6428571428571428,0.6091730907237827,1.6672716344354412,1.0,8.420967033090552
fish01,67.49,3455,172.75,20.0,20.0,12.05443689287114,4.305156033168265,3.874640429851438,51.8962317157903,32.71918585207881,2522,8005,27.92824540623795,10.27696939797931,88.64521480421726,87.2,65.2,65.8,50.1,105.2848425861946,126.90658238784428,2.8,0.6428571428571428,0.6091730907237828,1.8536312774544932,1.0,8.128735107215842
fish01,67.49,3450,172.5,20.0,20.0,11.291497849018535,4.032677803220906,3.6294100228988153,45.53497274085366,30.648351304478883,2600,7878,27.96150904337565,10.273391924370658,90.23490096774631,87.0,65.2,65.7,50.1,86.53259691859694,111.35081640055046,2.8,0.6428571428571428,0.6091730907237827,2.255326711657962,1.0,7.614258201695854
fish01,67.49,2430,121.5,20.0,20.0,12.05443689287114,4.305156033168265,3.874640429851438,51.8962317157903,32.71918585207881,2822,3950,28.1976467700346,10.28499336136712,94.92264013140172,87.4,65.3,66.0,49.7,105.2848425861946,126.90658238784428,2.8,0.6428571428571428,0.6091730907237828,1.8536312774544932,1.0,8.128735107215842
fish01,67.49,3755,187.75,20.0,20.0,13.2858647008817,4.744951678886322,4.27045651099769,63.040786017905134,36.061632759536046,2471,9496,28.07725094248453,10.334700507100424,87.83195144958496,87.1,65.1,65.7,49.9,140.9595631980742,154.1593761255987,2.8,0.6428571428571428,0.6091730907237826,1.3845054058901156,1.0,8.959130632443328
fish01,67.49,3715,185.75,20.0,20.0,12.512200319182702,4.4686429711366795,4.021778674023011,55.91255600976991,33.96168658063876,2411,6041,27.623209778886952,10.3734634897444,86.21667326863135,86.8,65.1,65.7,50.0,117.74057039517146,136.72806601119453,2.8,0.6428571428571428,0.6091730907237827,1.657536366646026,1.0,8.437421250527834
fish01,67.49,2420,121.0,20.0,20.0,11.894413641484213,4.248004871958648,3.823204384762783,50.527527098116344,32.28483702688572,2847,4168,28.1167093457634,10.265621604654523,95.32233095041792,87.4,65.3,66.0,49.7,101.14727374044925,123.55956431765537,2.8,0.6428571428571428,0.6091730907237828,1.9294566234225448,1.0,8.020825742964327
fish01,67.49,2460,123.0,20.0,20.0,12.179229394312825,4.349724783683152,3.914752305314837,52.97629594260485,33.057908355991955,2823,3539,28.323119898647736,10.29033528593911,95.07345518458683,87.6,65.1,66.0,50.0,108.58866661601155,129.5477618194272,2.8,0.6428571428571428,0.6091730907237828,1.797234309449257,1.0,8.212887124983359
fish01,67.49,2615,130.75,20.0,20.0,13.392655910765935,4.78309139670212,4.304782257031908,64.05829726577633,36.351494614936115,2471,6422,27.60193426581488,10.3274673731486,87.34940163896349,87.1,65.2,65.5,50.1,144.38603881238376,156.64758906012733,2.8,0.6428571428571428,0.6091730907237826,1.351649223601421,1.0,9.031143739703559
fish01,67.49,3765,188.25,20.0,20.0,13.71435667437553,4.89798452656269,4.408186073906421,67.17270678285308,37.22468240187644,2626,9915,28.09749774478865,10.281145808919272,90.89864355370791,87.1,65.0,65.7,49.8,155.04272379390264,164.26353832852342,2.8,0.6428571428571428,0.6091730907237827,1.2587451541361407,1.0,9.248077995066241
fish01,67.49,2415,120.75,20.0,20.0,11.444085657789056,4.087173449210377,3.6784561042893396,46.77396305100471,31.062518213998867,2672,4177,28.13509044413625,10.26580390115314,91.8408943452894,87.4,65.3,66.1,49.8,90.08829517756372,114.38063225951355,2.8,0.6428571428571428,0.6091730907237826,2.166311138144915,1.0,7.71715358279985
fish01,67.49,2620,131.0,20.0,20.0,13.002423812266331,4.643722790095119,4.179350511085606,60.37965178349661,35.292293204722895,2378,6446,27.59979035373264,10.294690678649475,85.45448103238212,87.1,65.2,65.5,50.1,132.12896168883208,147.65186219253366,2.8,0.6428571428571428,0.6091730907237826,1.477036334541472,1.0,8.767996370214057
fish01,67.49,2455,122.75,20.0,20.0,11.77360952682878,4.204860545295992,3.784374490766394,49.50638617508336,31.95694014424954,2675,3393,28.34730816507221,10.253994139766698,92.10130230483892,87.6,65.0,65.9,50.0,98.09659973030185,121.06247540784432,2.8,0.6428571428571428,0.6091730907237828,1.9894601626987771,1.0,7.939363236119523
fish01,67.49,3445,172.25,20.0,20.0,11.264331184090336,4.022975422889407,3.620677880600466,45.316127508882154,30.574613213959488,2698,7835,27.83432179512683,10.377369771152074,92.1716915662789,87.1,65.2,65.7,50.1,85.90952173104654,110.81565422127167,2.7999999999999994,0.6428571428571428,0.6091730907237827,2.271683898679129,1.0,7.595938754266631
fish01,67.49,3470,173.5,20.0,20.0,13.248332421258581,4.731547293306637,4.258392563975973,62.6851114086326,35.959759429130436,2901,7327,27.879976853189348,10.311923821502262,96.2119006746916,87.2,65.4,65.7,50.1,139.7683116783026,153.28961260688885,2.8,0.6428571428571428,0.6091730907237825,1.3963056068734023,1.0,8.933821282721091
fish01,67.49,3760,188.0,20.0,20.0,13.983635646687699,4.99415558810275,4.494740029292475,69.83645210689818,37.9555824695809,2623,9688,28.076074133677544,10.272259094068737,90.80833322774627,87.1,65.0,65.7,49.9,164.35592610288344,170.77743739690814,2.8,0.6428571428571428,0.6091730907237825,1.1874185609679655,1.0,9.429662373940333
fish01,67.49,2450,122.5,20.0,20.0,11.596673466559578,4.141669095199849,3.727502185679865,48.02958410357391,31.476685123518852,2512,3285,28.434048234934867,10.24361328086853,88.91766151580339,87.3,65.0,65.9,50.0,93.74008761805328,117.45111678772454,2.8,0.6428571428571428,0.6091730907237827,2.0819190830589505,1.0,7.820048963903848
fish01,67.49,2410,120.5,20.0,20.0,10.986322231477494,3.9236865112419625,3.531317860117767,43.10688434780595,29.820017485438914,2575,4219,28.24938750796848,10.252900260066982,90.00228776803546,87.5,65.3,66.1,49.7,79.70435792221706,105.41319069036773,2.8,0.6428571428571428,0.6091730907237828,2.448539607459077,1.0,7.408467439487857
fish01,67.49,1820,91.0,20.0,20.0,13.183886097820112,4.7085307492214685,4.237677674299322,62.076733085819434,35.78483369408316,2406,13231,28.07339378858024,10.477594270483657,86.6709880590639,87.3,65.6,65.9,50.3,137.73851484007668,151.80188967991617,2.8,0.6428571428571428,0.6091730907237827,1.4168823984071242,1.0,8.890362836961994
fish01,67.49,2440,122.0,20.0,20.0,11.901849084100618,4.250660387178792,3.825594348460913,50.590718435966686,32.305018942558824,2813,3465,28.27028114735168,10.241461457983654,94.77174260533532,87.3,65.1,66.0,49.8,101.33708006661502,123.71409185188985,2.8,0.6428571428571428,0.6091730907237826,1.9258427135590748,1.0,8.025839726111842
fish01,67.49,2470,123.5,20.0,20.0,12.419559384075734,4.435556922884191,3.992001230595772,55.08766260520844,33.71023261391985,3025,3954,28.280810793257345,10.286770833163787,99.06758162642112,87.5,65.1,66.0,49.9,115.1446155962106,134.71087903352586,2.8,0.6428571428571428,0.6091730907237828,1.6949058038808182,1.0,8.374950176328205
fish01,67.49,1815,90.75,20.0,20.0,13.498733495110187,4.820976248253639,4.338878623428275,65.07707356143203,36.639419486727654,2435,13174,28.06468238342661,10.44298811302185,87.20767049644847,87.3,65.5,65.9,50.3,147.84414790263668,159.13889553123042,2.8,0.6428571428571428,0.6091730907237825,1.3200338331157075,1.0,9.102675623906107
fish01,67.49,2445,122.25,20.0,20.0,11.730273946525722,4.189383552330615,3.7704451970975543,49.142616735907204,31.839314997712673,2832,3478,28.162051726447203,10.249934694035847,95.05198642048305,87.2,65.1,65.9,49.8,97.0173779740967,120.17291686425274,2.8,0.6428571428571428,0.6091730907237828,2.011590926645636,1.0,7.91014051454973
fish01,67.49,1805,90.25,20.0,20.0,13.716106395723964,4.898609427044274,4.408748484339847,67.18984809243565,37.22943164553648,2785,12370,28.15839334370177,10.433469894366796,94.29186323806856,87.4,65.7,65.9,50.3,155.1020739003544,164.3054555341635,2.8,0.6428571428571428,0.6091730907237827,1.2582634928854888,1.0,9.249257894341444
fish01,67.49,1810,90.5,20.0,20.0,14.07393663508119,5.026405941100425,4.523765346990383,70.74131871724302,38.20068515236323,2634,12949,28.161357775860072,10.448730331039432,91.2900881068995,87.4,65.7,65.9,50.2,167.5605754558571,172.99019013904598,2.8,0.6428571428571428,0.6091730907237827,1.1647088029430692,1.0,9.490555538929613
fish01,67.49,3475,173.75,20.0,20.0,13.532223836927738,4.83293708461705,4.3496433761553455,65.40038641882688,36.730321843089584,3031,7038,27.84334512922499,10.310758462259509,98.7741035914845,87.1,65.4,65.7,50.1,148.94728372778198,159.92952191040052,2.8,0.6428571428571428,0.6091730907237826,1.3102573768066748,1.0,9.12525935135056
fish13,13.88,1275,63.75,20.0,20.0,5.796813363418803,2.0702904869352867,1.8632614382417583,12.001087560825292,15.734207700708179,1442,736,25.22629651811388,9.46530921723048,63.53160573534436,86.7,62.4,65.4,48.5,11.708277918067015,29.347352532692742,2.8,0.6428571428571428,0.6091730907237827,1.703430084148373,1.0,3.9089972195272815
fish13,13.88,1350,67.5,20.0,20.0,5.780185007954872,2.0643517885553115,1.8579166096997803,11.932335259352236,15.689073593020368,1438,1796,24.707246034674,9.390729157129924,62.85797519180392,86.3,62.2,65.4,48.4,11.607809890671763,29.179226267590742,2.8,0.6428571428571428,0.6091730907237826,1.7181736285354705,1.0,3.8977841286101227
fish13,13.88,1355,67.75,20.0,20.0,5.780185007954872,2.0643517885553115,1.8579166096997803,11.932335259352236,15.689073593020368,1438,1796,24.70768006245177,9.390820304192436,62.85850036664421,86.3,62.2,65.4,48.4,11.607809890671763,29.179226267590742,2.8,0.6428571428571428,0.6091730907237826,1.7181736285354705,1.0,3.8977841286101227
fish13,13.88,1360,68.0,20.0,20.0,5.780185007954872,2.0643517885553115,1.8579166096997803,11.932335259352236,15.689073593020368,1438,1796,24.70644299163818,9.392613923380113,62.8590569150183,86.3,62.2,65.4,48.4,11.607809890671763,29.179226267590742,2.8,0.6428571428571428,0.6091730907237826,1.7181736285354705,1.0,3.8977841286101227
fish13,13.88,1365,68.25,20.0,20.0,5.780185007954872,2.0643517885553115,1.8579166096997803,11.932335259352236,15.689073593020368,1438,1796,24.70808361663818,9.41021157963011,62.8782951962683,86.3,62.4,65.4,48.4,11.607809890671763,29.179226267590742,2.8,0.6428571428571428,0.6091730907237826,1.7181736285354705,1.0,3.8977841286101227
fish13,13.88,1370,68.5,20.0,20.0,5.780185007954872,2.0643517885553115,1.8579166096997803,11.932335259352236,15.689073593020368,1438,1766,24.609715561082627,9.402119131713444,62.77183469279608,86.2,62.4,65.4,48.4,11.607809890671763,29.179226267590742,2.8,0.6428571428571428,0.6091730907237826,1.7181736285354705,1.0,3.8977841286101227
fish13,13.88,1325,66.25,20.0,20.0,6.079946304124739,2.171409394330264,1.9542684548972376,13.202052521800027,16.502711396910005,1437,1303,24.85190865516192,9.398258442083996,62.99016709724592,85.9,62.4,65.4,48.3,13.509034174511582,32.28418154177244,2.8,0.6428571428571428,0.6091730907237826,1.4763626016163005,1.0,4.0999238215394165
fish13,13.88,1295,64.75,20.0,20.0,6.0,2.1428571428571432,1.9285714285714286,12.857142857142858,16.285714285714285,1443,1383,25.153622789001464,9.467167940097385,63.48079072909885,86.6,62.6,65.4,48.5,12.983112496978228,31.440742522656524,2.8,0.6428571428571428,0.6091730907237827,1.5361672976219976,1.0,4.046013188068413
fish13,13.88,1290,64.5,20.0,20.0,6.0,2.1428571428571432,1.9285714285714286,12.857142857142858,16.285714285714285,1443,1394,25.15126167789035,9.46675127343072,63.47801295132107,86.6,62.5,65.4,48.5,12.983112496978228,31.440742522656524,2.8,0.6428571428571428,0.6091730907237827,1.5361672976219976,1.0,4.046013188068413
fish13,13.88,1375,68.75,20.0,20.0,5.726614843128976,2.0452195868317773,1.8406976281485996,11.712184843408968,15.543668859921507,1435,1766,24.6108527138604,9.400348298380113,62.71120101224051,86.2,62.4,65.4,48.4,11.288051778811248,28.64087240306301,2.8,0.6428571428571428,0.6091730907237827,1.766844556528582,1.0,3.8616598630480268
fish13,13.88,1335,66.75,20.0,20.0,6.079946304124739,2.171409394330264,1.9542684548972376,13.202052521800027,16.502711396910005,1450,1927,24.861531095358767,9.391712217161391,63.25324331252016,85.9,62.4,65.4,48.3,13.509034174511582,32.28418154177244,2.8,0.6428571428571428,0.6091730907237826,1.4763626016163005,1.0,4.0999238215394165
fish13,13.88,1260,63.0,20.0,20.0,5.662696158416663,2.0223914851488085,1.8201523366339278,11.45218849376673,15.370175287130944,1443,951,25.26226843516032,9.42423499848048,63.5465034336408,86.5,62.5,65.4,48.5,10.914273873388298,28.005079647490508,2.8,0.6428571428571428,0.6091730907237826,1.8273531588605645,1.0,3.818557222829693
fish13,13.88,1305,65.25,20.0,20.0,6.187323147663273,2.2097582670225977,1.9887824403203382,13.6724884762892,16.794162829371743,1439,1347,25.07511638031006,9.414029925494724,63.26914630580478,86.2,62.5,65.4,48.3,14.237491083047829,33.43458143098866,2.8,0.6428571428571428,0.6091730907237827,1.4008249573516822,1.0,4.172331842381095
fish13,13.88,1330,66.5,20.0,20.0,6.079946304124739,2.171409394330264,1.9542684548972376,13.202052521800027,16.502711396910005,1451,1944,24.86444776202543,9.394010394244726,63.27845815627016,85.9,62.4,65.4,48.3,13.509034174511582,32.28418154177244,2.8,0.6428571428571428,0.6091730907237826,1.4763626016163005,1.0,4.0999238215394165
fish13,13.88,1300,65.0,20.0,20.0,6.187323147663273,2.2097582670225977,1.9887824403203382,13.6724884762892,16.794162829371743,1438,1347,25.19690867302036,9.422975231764052,63.37988390478441,86.6,62.6,65.5,48.3,14.237491083047829,33.43458143098866,2.8,0.6428571428571428,0.6091730907237827,1.4008249573516822,1.0,4.172331842381095
fish13,13.88,1255,62.75,20.0,20.0,5.642826686727061,2.0152952452596646,1.8137657207336984,11.371961791585395,15.316243863973453,1441,970,25.264147764681592,9.421162081813812,63.50530984649541,86.5,62.5,65.4,48.5,10.799787340546482,27.808893985189655,2.8,0.6428571428571428,0.6091730907237825,1.8467245891340145,1.0,3.8051585320803456
fish13,13.88,1340,67.0,20.0,20.0,6.079946304124739,2.171409394330264,1.9542684548972376,13.202052521800027,16.502711396910005,1455,1848,24.856756789803217,9.391998675494722,63.34875546529794,85.9,62.4,65.4,48.3,13.509034174511582,32.28418154177244,2.8,0.6428571428571428,0.6091730907237826,1.4763626016163005,1.0,4.0999238215394165
fish13,13.88,1310,65.5,20.0,20.0,6.187323147663273,2.2097582670225977,1.9887824403203382,13.6724884762892,16.794162829371743,1449,1347,25.062351615547843,9.407386044300926,63.449737659848765,86.2,62.5,65.4,48.3,14.237491083047829,33.43458143098866,2.8,0.6428571428571428,0.6091730907237827,1.4008249573516822,1.0,4.172331842381095
fish13,13.88,1320,66.0,20.0,20.0,6.1852590683827104,2.2090210958509684,1.9881189862658712,13.663367765360912,16.78856032846736,1451,1347,25.06521173681565,9.403304015000662,63.48851575181631,86.3,62.5,65.4,48.3,14.223247035732197,33.412277725794894,2.8,0.6428571428571428,0.6091730907237827,1.4022278308954874,1.0,4.170939960382698
fish13,13.88,1315,65.75,20.0,20.0,6.187323147663273,2.2097582670225977,1.9887824403203382,13.6724884762892,16.794162829371743,1452,1347,25.064222235616043,9.402965473333996,63.50718770895004,86.3,62.5,65.4,48.3,14.237491083047829,33.43458143098866,2.8,0.6428571428571428,0.6091730907237827,1.4008249573516822,1.0,4.172331842381095
fish14,12.32,4165,208.25,20.0,20.0,5.263157894736842,1.8796992481203005,1.6917293233082709,9.893153937475267,14.285714285714285,976,268,25.17932658403184,9.31699533461465,54.01632191864648,86.5,62.6,65.2,48.3,8.763231127106739,24.192630442179535,2.8,0.6428571428571428,0.6091730907237827,2.6067292701947045,1.0,3.5491343754986078
fish14,12.32,3980,199.0,20.0,20.0,4.868421052631579,1.7387218045112784,1.5648496240601506,8.464829837752275,13.214285714285715,1028,683,24.768046194947804,9.481803310648596,54.8098495055964,86.4,62.5,65.2,48.5,6.935686660645901,20.699819422089863,2.8,0.6428571428571428,0.6091730907237827,3.2935990620982185,1.0,3.2829492973362124
fish14,12.32,3970,198.5,20.0,20.0,5.0,1.785714285714286,1.6071428571428574,8.928571428571429,13.571428571428575,1040,729,24.74640569269628,9.473105393981934,55.01951108667822,86.4,62.5,65.3,48.5,7.513375287603143,21.83384897406704,2.8,0.6428571428571428,0.6091730907237827,3.0403607175328227,1.0,3.3716776567236773
fish14,12.32,905,45.25,20.0,20.0,4.736842105263158,1.6917293233082709,1.522556390977444,8.013454689354969,12.857142857142858,954,444,25.17411407666619,9.058036983479392,53.31215106014558,86.5,62.8,65.3,48.5,6.388395491660816,19.59603065816542,2.8,0.6428571428571428,0.6091730907237828,3.575760315767768,1.0,3.1942209379487476
fish14,12.32,4160,208.0,20.0,20.0,5.526315789473684,1.9736842105263157,1.776315789473684,10.90720221606648,14.999999999999996,992,372,25.27140549647955,9.311995321390365,54.42340081786992,86.3,62.6,65.3,48.3,10.144535433516936,26.672375062502926,2.8,0.6428571428571428,0.6091730907237826,2.251790752786701,1.0,3.726591094273538
fish14,12.32,4020,201.0,20.0,20.0,4.605263157894736,1.6447368421052633,1.480263157894737,7.574445983379502,12.500000000000002,979,334,24.960094671103395,9.508938708453709,54.0490333795571,86.6,62.6,65.3,48.4,5.87068022772971,18.522482682293706,2.8,0.6428571428571428,0.6091730907237826,3.891094420815419,1.0,3.105492578561283
fish14,12.32,895,44.75,20.0,20.0,4.736842105263158,1.6917293233082709,1.522556390977444,8.013454689354969,12.857142857142858,1106,553,24.957043317159016,9.175846128294204,56.25288944545322,86.3,62.9,65.2,48.4,6.388395491660816,19.59603065816542,2.8,0.6428571428571428,0.6091730907237828,3.575760315767768,1.0,3.1942209379487476
fish14,12.32,910,45.5,20.0,20.0,4.962857898912931,1.7724492496117612,1.5952043246505851,8.796413758858028,13.470614297049385,884,898,25.13091541339261,9.076526566812728,51.88744198020535,86.5,62.8,65.3,48.5,7.347178477435127,21.510671786722884,2.8,0.6428571428571428,0.6091730907237827,3.109135180350892,1.0,3.346631418251869
fish14,12.32,3055,152.75,20.0,20.0,5.526315789473684,1.9736842105263157,1.776315789473684,10.90720221606648,14.999999999999996,1040,762,24.851279952418945,9.39167307942708,55.042953031846025,86.5,62.5,65.3,48.3,10.144535433516936,26.672375062502926,2.8,0.6428571428571428,0.6091730907237826,2.251790752786701,1.0,3.726591094273538
fish14,12.32,3050,152.5,20.0,20.0,5.250130201640882,1.8750465005860293,1.6875418505274264,9.844238262207762,14.25035340445382,1099,870,25.066770505099832,9.396542871093748,56.44331337619359,86.5,62.5,65.4,48.3,8.698318198243124,24.073012485958944,2.8,0.6428571428571428,0.6091730907237826,2.626182505616356,1.0,3.5403493391525473
fish14,12.32,870,43.5,20.0,20.0,5.0,1.785714285714286,1.6071428571428574,8.928571428571429,13.571428571428575,897,365,24.89832830582608,9.139501724147795,51.97783002997387,86.4,62.9,65.2,48.4,7.513375287603143,21.83384897406704,2.8,0.6428571428571428,0.6091730907237827,3.0403607175328227,1.0,3.3716776567236773
fish14,12.32,4030,201.5,20.0,20.0,5.13157894736842,1.8327067669172932,1.6494360902255638,9.404679461812425,13.928571428571429,1124,352,24.93211272739364,9.430973237768807,56.843085965162444,86.2,62.6,65.2,48.4,8.122282925450696,22.998119314096915,2.8,0.6428571428571428,0.6091730907237826,2.812432328469143,1.0,3.4604060161111425
fish14,12.32,3060,153.0,20.0,20.0,5.667438005146227,2.024085001837938,1.8216765016541445,11.471376265062803,15.383046013968332,1018,331,24.87416634830428,9.39921863538954,54.633384983693816,86.5,62.5,65.3,48.3,10.941715128734685,28.05200125236077,2.8,0.6428571428571428,0.6091730907237826,2.087732207587833,1.0,3.8217548185636283
fish14,12.32,875,43.75,20.0,20.0,5.263157894736842,1.8796992481203005,1.6917293233082709,9.893153937475267,14.285714285714285,941,250,24.919248473198035,9.140029074086083,52.87927754728412,86.4,62.9,65.2,48.4,8.763231127106739,24.192630442179535,2.8,0.6428571428571428,0.6091730907237827,2.6067292701947045,1.0,3.5491343754986078
fish14,12.32,855,42.75,20.0,20.0,5.0,1.785714285714286,1.6071428571428574,8.928571428571429,13.571428571428575,850,619,24.96062424647956,9.151825942897792,51.11245018937735,86.4,62.7,65.2,48.4,7.513375287603143,21.83384897406704,2.8,0.6428571428571428,0.6091730907237827,3.0403607175328227,1.0,3.3716776567236773
fish14,12.32,860,43.0,20.0,20.0,5.0,1.785714285714286,1.6071428571428574,8.928571428571429,13.571428571428575,853,624,24.974070166618443,9.170445734564463,51.2045159011829,86.4,62.9,65.2,48.4,7.513375287603143,21.83384897406704,2.8,0.6428571428571428,0.6091730907237827,3.0403607175328227,1.0,3.3716776567236773
fish14,12.32,1675,83.75,20.0,20.0,4.473684210526316,1.5977443609022557,1.4379699248120303,7.14780371982588,12.142857142857144,861,1485,25.09114108598497,9.101057694657646,51.41219878064262,86.3,62.6,65.3,48.1,5.381719315934427,17.479175494474713,2.8,0.6428571428571428,0.6091730907237826,4.244623277337193,1.0,3.0167642191738167
fish14,12.32,4035,201.75,20.0,20.0,5.657894736842105,2.0206766917293235,1.8186090225563913,11.432776018994858,15.357142857142858,1183,247,24.96736915388696,9.428076102352142,58.055445256239096,86.1,62.6,65.3,48.4,10.886534644107433,27.95760855474373,2.8,0.6428571428571428,0.6091730907237826,2.0983142778932806,1.0,3.8153194536610044
fish14,12.32,865,43.25,20.0,20.0,4.605263157894736,1.6447368421052633,1.480263157894737,7.574445983379502,12.500000000000002,800,534,24.963909567580988,9.132730890814464,50.09664045839545,86.4,62.9,65.2,48.4,5.87068022772971,18.522482682293706,2.8,0.6428571428571428,0.6091730907237826,3.891094420815419,1.0,3.105492578561283
fish14,12.32,915,45.75,20.0,20.0,4.868421052631579,1.7387218045112784,1.5648496240601506,8.464829837752275,13.214285714285715,809,1414,25.12051604047233,9.089101443439064,50.389617483911394,86.4,62.8,65.3,48.4,6.935686660645901,20.699819422089863,2.8,0.6428571428571428,0.6091730907237827,3.2935990620982185,1.0,3.2829492973362124
fish14,12.32,4190,209.5,20.0,20.0,5.526315789473684,1.9736842105263157,1.776315789473684,10.90720221606648,14.999999999999996,1255,243,25.02157474453773,9.380904795328776,59.50247953986651,86.4,62.7,65.3,48.3,10.144535433516936,26.672375062502926,2.8,0.6428571428571428,0.6091730907237826,2.251790752786701,1.0,3.726591094273538
fish14,12.32,4195,209.75,20.0,20.0,6.447368421052631,2.3026315789473686,2.072368421052632,14.845914127423821,17.5,1270,223,24.92006005490149,9.375989430745442,59.69604948564694,86.4,62.7,65.1,48.3,16.109146544890326,36.30406605729566,2.8,0.6428571428571428,0.6091730907237826,1.4180373253700504,1.0,4.347689609985794
fish15,9.61,3270,163.5,20.0,20.0,6.024444114462657,2.1515871837366634,1.936428465362997,12.962116745815626,16.35206259639864,737,624,24.78457888136499,9.076878237395816,48.60145711876081,87.2,62.8,65.4,48.3,13.142440185611562,31.69744473418472,2.8,0.6428571428571428,0.6091730907237827,1.8881522576344123,1.0,4.06249672298284
fish15,9.61,3295,164.75,20.0,20.0,6.024444114462657,2.1515871837366634,1.936428465362997,12.962116745815626,16.35206259639864,688,794,24.67421435273724,9.38560872089598,47.81982307363321,87.2,63.0,65.4,48.2,13.142440185611562,31.69744473418472,2.8,0.6428571428571428,0.6091730907237827,1.8881522576344123,1.0,4.06249672298284
fish15,9.61,3265,163.25,20.0,20.0,6.171381775791014,2.2040649199253624,1.9836584279328262,13.602126079487663,16.75089339143275,767,602,24.81700940602621,9.11301752165688,49.27002692768309,87.2,62.8,65.4,48.5,14.127727520952813,33.26251785312423,2.8,0.6428571428571428,0.6091730907237826,1.756469897263003,1.0,4.16158200890925
fish15,9.61,3280,164.0,20.0,20.0,5.730568791805942,2.046631711359265,1.8419685402233386,11.728363813435791,15.554401006330416,689,1324,24.69318572048612,9.448323567443424,47.92150928792954,87.2,63.0,65.4,48.6,11.311449476506317,28.68043631213263,2.8,0.6428571428571428,0.6091730907237826,2.1937885289438688,1.0,3.8643261511300184
fish15,9.61,3290,164.5,20.0,20.0,5.730568791805942,2.046631711359265,1.8419685402233386,11.728363813435791,15.554401006330416,670,1104,24.65865443183052,9.439954417546591,47.49860884937711,87.2,63.0,65.4,48.5,11.311449476506317,28.68043631213263,2.8,0.6428571428571428,0.6091730907237826,2.1937885289438688,1.0,3.8643261511300184
fish15,9.61,3285,164.25,20.0,20.0,5.730568791805942,2.046631711359265,1.8419685402233386,11.728363813435791,15.554401006330416,665,1336,24.679114524257333,9.418255208333331,47.39736973259066,87.2,63.0,65.4,48.6,11.311449476506317,28.68043631213263,2.8,0.6428571428571428,0.6091730907237826,2.1937885289438688,1.0,3.8643261511300184
fish15,9.61,3260,163.0,20.0,20.0,5.975555885537341,2.1341271019776222,1.92071439177986,12.752595764707129,16.219365975029927,808,617,24.75454409358648,9.100969997151692,50.01551409073818,87.2,62.8,65.4,48.5,12.825077741841952,31.185083994841538,2.8,0.6428571428571428,0.6091730907237827,1.934875453138871,1.0,4.029529653153984
fish15,9.61,3250,162.5,20.0,20.0,6.179947683614272,2.207124172719383,1.9864117554474447,13.63991191864622,16.77414371266731,821,617,24.812469556850868,9.100286409335665,50.33275596618653,87.1,63.0,65.6,48.5,14.186637275236002,33.354919007345416,2.8,0.6428571428571428,0.6091730907237826,1.7491761878344696,1.0,4.167358304912698
fish15,9.61,3275,163.75,20.0,20.0,5.191288786010137,1.8540317092893353,1.6686285383604016,9.624814021340933,14.090640990598946,677,1041,24.76720045962864,9.234391275776758,47.54159173540539,87.2,62.8,65.4,48.4,8.409121660743153,23.53643440348936,2.8,0.6428571428571428,0.6091730907237827,2.950953632069901,1.0,3.500670481878113
fish15,9.61,3255,162.75,20.0,20.0,6.179947683614272,2.207124172719383,1.9864117554474447,13.63991191864622,16.77414371266731,830,617,24.79266052018153,9.096914013502332,50.48957453368387,87.1,63.0,65.6,48.5,14.186637275236002,33.354919007345416,2.8,0.6428571428571428,0.6091730907237826,1.7491761878344696,1.0,4.167358304912698
fish2,16.0,5970,298.5,20.0,20.0,8.5,3.035714285714286,2.7321428571428577,25.80357142857143,23.071428571428573,655,492,27.548518189814057,9.984332679229311,50.632850869043374,87.3,64.6,66.0,49.5,36.91321278799423,63.099823535053716,2.8,0.6428571428571428,0.6091730907237827,0.8951644846047218,1.0,5.731852016430253
fish2,16.0,5995,299.75,20.0,20.0,8.5,3.035714285714286,2.7321428571428577,25.80357142857143,23.071428571428573,614,520,27.442298741018043,9.861461554114022,49.58376029513207,87.2,64.4,66.0,49.4,36.91321278799423,63.099823535053716,2.8,0.6428571428571428,0.6091730907237827,0.8951644846047218,1.0,5.731852016430253
fish2,16.0,5855,292.75,20.0,20.0,8.903081090826738,3.179671818152406,2.861704636337166,28.30887603922736,24.165505817958287,664,703,27.91071290145685,10.033447260019514,51.22416016147637,87.5,64.4,66.0,49.5,42.41759646142192,69.22627309540039,2.8,0.6428571428571428,0.6091730907237827,0.7790021089601739,1.0,6.003663917987915
fish2,16.0,5965,298.25,20.0,20.0,8.276315789473687,2.9558270676691736,2.660244360902256,24.46335823110408,22.464285714285715,652,558,27.6068386272666,9.981774085479312,50.62861271274591,87.3,64.6,66.0,49.5,34.07502856375333,59.82247812983971,2.8,0.6428571428571428,0.6091730907237827,0.969724707307174,1.0,5.581013805471561
fish2,16.0,5915,295.75,20.0,20.0,8.5,3.035714285714286,2.7321428571428577,25.80357142857143,23.071428571428573,670,525,27.43726825853513,10.018834620115486,50.85610287865062,87.4,64.3,65.8,49.5,36.91321278799423,63.099823535053716,2.8,0.6428571428571428,0.6091730907237827,0.8951644846047218,1.0,5.731852016430253
fish2,16.0,5895,294.75,20.0,20.0,8.23074682135331,2.9395524361976113,2.64559719257785,24.19471187043487,22.340598515101842,590,645,27.71239787912252,10.085117172198826,49.59751505132134,87.3,64.4,65.9,49.4,33.51527582500412,59.16553271441587,2.8,0.6428571428571428,0.6091730907237828,0.985920488108208,1.0,5.550285031141278
fish2,16.0,5880,294.0,20.0,20.0,8.5,3.035714285714286,2.7321428571428577,25.80357142857143,23.071428571428573,659,788,27.769355357530376,10.118802050103085,51.06815740763346,87.3,64.4,66.0,49.5,36.91321278799423,63.099823535053716,2.8,0.6428571428571428,0.6091730907237827,0.8951644846047218,1.0,5.731852016430253
fish2,16.0,5850,292.5,20.0,20.0,8.45526469381232,3.019737390647257,2.717763651582531,25.53267894372469,22.95000416891915,587,750,27.93683263027992,10.048613267517087,49.72544589779701,87.5,64.4,66.0,49.5,36.3334545845235,62.43738546759012,2.8000000000000003,0.6428571428571428,0.6091730907237827,0.9094482613427118,1.0,5.701685409962312
fish2,16.0,6075,303.75,20.0,20.0,8.05263157894737,2.8759398496240607,2.588345864661655,23.15888405223586,21.857142857142858,555,609,27.820935139295795,10.022320942083994,48.94325608137979,87.5,64.4,66.1,49.1,31.386187050529585,56.63252860209808,2.8,0.6428571428571428,0.6091730907237827,1.0528006172674529,1.0,5.43017559451287
fish2,16.0,5860,293.0,20.0,20.0,8.631343138845342,3.0826225495876227,2.77436029462886,26.607172993033064,23.42793137686593,575,716,27.60014894068212,10.031725254313152,49.13187419499528,87.0,64.4,65.9,49.5,38.650953838931954,65.06494363675701,2.8,0.6428571428571428,0.6091730907237826,0.8549180244857412,1.0,5.820421361752011
fish2,16.0,5865,293.25,20.0,20.0,7.7842103556582805,2.7800751270208144,2.502067614318733,21.64068959326343,21.12857096535819,579,744,27.60667236320589,10.127968736267093,49.314641099472986,87.0,64.5,65.9,49.5,28.351024652940954,52.919949406685504,2.8,0.6428571428571428,0.6091730907237826,1.1655098009673373,1.0,5.249169626282018
fish2,16.0,5905,295.25,20.0,20.0,8.259347313328794,2.9497668976174265,2.6547902078556835,24.3631493007827,22.41822842189244,674,709,27.53305374522268,10.023313789833914,51.0363675350566,87.4,64.3,65.8,49.5,33.86587148961424,59.577428104984854,2.8,0.6428571428571428,0.6091730907237827,0.9757137686712952,1.0,5.569571359094285
fish2,16.0,5900,295.0,20.0,20.0,8.41890099174098,3.006750354193208,2.706075318773887,25.31353353883474,22.85130269186838,665,723,27.53619605931411,10.117363274086848,50.95355933340096,87.4,64.4,65.8,49.5,35.866688047112625,61.90148924813259,2.8,0.6428571428571428,0.6091730907237826,0.9212837565895458,1.0,5.677164073604375
fish2,16.0,5920,296.0,20.0,20.0,8.592532208091335,3.0687615028897626,2.7618853526007863,26.368432052531052,23.322587421962194,697,627,27.446530388556592,10.020208304680716,51.40673869323731,87.3,64.3,65.8,49.5,38.13191139513486,64.48112866920606,2.8,0.6428571428571428,0.6091730907237826,0.8665549638480802,1.0,5.794249772140024
fish2,16.0,5950,297.5,20.0,20.0,8.972017338401393,3.204291906571926,2.8838627159147334,28.74896254306258,24.352618489946636,725,572,27.724234737820105,9.99338215907415,52.217616896894256,87.4,64.4,66.0,49.5,43.410559331112864,70.30245670854987,2.8,0.6428571428571428,0.6091730907237827,0.7611833989152654,1.0,6.050150079125083
fish2,16.0,6070,303.5,20.0,20.0,7.828947368421052,2.7960526315789473,2.5164473684210527,21.89014889196676,21.25,539,643,27.836195555962465,10.033476540078055,48.64967209604052,87.5,64.4,66.1,49.1,28.842651958836065,53.52997495182881,2.8,0.6428571428571428,0.6091730907237827,1.145643512518491,1.0,5.279337383554179
fish2,16.0,6065,303.25,20.0,20.0,7.828947368421052,2.7960526315789473,2.5164473684210527,21.89014889196676,21.25,548,643,27.86985872365693,10.03319334156248,48.86305206521941,87.5,64.4,66.1,49.1,28.842651958836065,53.52997495182881,2.8,0.6428571428571428,0.6091730907237827,1.145643512518491,1.0,5.279337383554179
fish2,16.0,5925,296.25,20.0,20.0,9.394736842105262,3.3552631578947367,3.019736842105263,31.52181440443213,25.499999999999996,680,627,27.450740458001032,10.104521447488994,51.15526190549003,87.3,64.4,65.9,49.6,49.84010258486872,77.08316393063346,2.8,0.6428571428571428,0.6091730907237827,0.6629881438185713,1.0,6.335204860265015
fish2,16.0,6060,303.0,20.0,20.0,7.605263157894737,2.716165413533835,2.4445488721804516,20.657152750296795,20.642857142857146,540,653,27.860891546103403,10.061562484698827,48.72245403080223,87.5,64.4,66.1,49.1,26.44038699918584,50.51481717903192,2.8,0.6428571428571428,0.6091730907237827,1.2497319763695882,1.0,5.128499172595489
fish2,16.0,5910,295.5,20.0,20.0,8.717304179542943,3.1133229212653366,2.801990629138803,27.139782913813157,23.661254201616558,736,699,27.539494717444896,10.022858060667248,52.28235277811214,87.4,64.3,65.8,49.5,39.817287441216735,66.36738318886606,2.8000000000000003,0.6428571428571428,0.6091730907237826,0.8298756450763272,1.0,5.878387945805773
fish2,16.0,5885,294.25,20.0,20.0,8.842976369355855,3.15820584619852,2.8423852615786678,27.92793966749502,24.00236443110875,713,690,27.703478647566424,10.107060514820947,52.07053916238737,87.3,64.4,65.9,49.4,41.56429920585381,68.2947346879775,2.8,0.6428571428571428,0.6091730907237826,0.7949946885142126,1.0,5.96313316869852
fish3,81.9,5800,290.0,20.0,20.0,12.851234412913723,4.589726576040616,4.130753918436555,58.98365211987783,34.881921977908675,2907,6118,27.537727869839145,9.837018225733438,95.51474609557258,87.4,64.1,65.9,49.0,127.57324580718134,144.23809706032395,2.8,0.6428571428571428,0.6091730907237827,1.2405454896748078,1.0,8.666043986267924
fish3,81.9,5765,288.25,20.0,20.0,12.943814187502495,4.622790781250891,4.160511703125802,59.83654490021101,35.13320993750676,2827,5842,27.681679280429417,9.906751294920175,94.1284305753496,87.5,64.0,65.8,49.1,130.35025308021034,146.323753461893,2.8,0.6428571428571428,0.6091730907237827,1.2141166660557974,1.0,8.728473817757019
fish3,81.9,5825,291.25,20.0,20.0,13.071831206123182,4.668511145043994,4.201660030539595,61.02598967191996,35.48068470233436,2879,6012,27.34592194189378,9.839811193678116,94.76573313557188,87.4,64.1,65.9,49.0,134.2562037593443,149.23241110284354,2.8,0.6428571428571428,0.6091730907237826,1.1787940538893675,1.0,8.81480024202977
fish3,81.9,5760,288.0,20.0,20.0,13.185315270308472,4.709041167967312,4.238137051170581,62.09019242051064,35.78871287655157,2854,5871,27.61544223806122,9.90799153263304,94.60343377069428,87.5,64.0,65.8,49.1,137.78331349079178,151.83480301698134,2.8,0.6428571428571428,0.6091730907237827,1.148618150338293,1.0,8.891326578751318
fish3,81.9,5790,289.5,20.0,20.0,12.766175052942442,4.559348233193729,4.103413409874356,58.20543767227498,34.65104657227234,2804,5856,27.45834560816259,9.992451157368553,93.53079676553114,87.3,64.0,65.8,49.0,125.056841272655,142.33505838786343,2.8,0.6428571428571428,0.6091730907237828,1.2655078528988857,1.0,8.608685437565846
fish3,81.9,5770,288.5,20.0,20.0,13.40780819728873,4.788502927603118,4.309652634842807,64.20332880545816,36.39262224978369,2973,5700,27.509938845486104,9.974606108252203,96.9445449537383,87.4,63.9,65.8,49.0,144.87666325699138,157.00224789432295,2.8,0.6428571428571428,0.6091730907237827,1.0923803125458658,1.0,9.041361464886995
fish3,81.9,5775,288.75,20.0,20.0,12.804334872302798,4.5729767401081425,4.115679066097329,58.55392554359626,34.754623224821884,2848,5706,27.601101936170792,9.973141261535222,94.53424319770602,87.4,63.9,65.9,49.0,126.18163203935944,143.18724752165642,2.8,0.6428571428571428,0.6091730907237826,1.2542270386858585,1.0,8.634417959630234
fish3,81.9,5755,287.75,20.0,20.0,13.310468241462171,4.753738657665061,4.2783647918985555,63.274487431061814,36.12841379825446,2787,5994,27.69068101654053,9.908024082936182,93.33870509947673,87.5,64.0,65.8,49.1,141.74412577212834,154.7308674779063,2.8,0.6428571428571428,0.6091730907237827,1.1165218581523306,1.0,8.97572167405362
fish3,81.9,5795,289.75,20.0,20.0,13.192121199736972,4.7114718570489185,4.240324671344027,62.15430776733916,35.80718611357178,2997,5856,27.47093254257013,9.992158188618555,97.40309073118868,87.3,64.0,65.8,49.0,137.99678452545388,151.99159011453358,2.8,0.6428571428571428,0.6091730907237827,1.1468413212199362,1.0,8.895916058788782
fish3,81.9,5835,291.75,20.0,20.0,13.184793146516515,4.7088546951844705,4.237969225666023,62.08527511301032,35.78729568340197,3048,5804,27.26783201088611,9.845585934066774,98.0734179449529,87.3,64.1,65.9,49.0,137.7669459419097,151.8227782770574,2.8,0.6428571428571428,0.6091730907237827,1.148754613142153,1.0,8.890974492126642
fish3,81.9,5805,290.25,20.0,20.0,12.973067368844482,4.6332383460158875,4.169914511414298,60.10731319877768,35.21261142972074,2716,6118,27.50910800086128,9.839316402816774,91.66842440367805,87.4,64.1,65.9,49.0,131.23603152609775,146.98588784533445,2.8,0.6428571428571428,0.6091730907237826,1.205921977744371,1.0,8.748200277340793
fish3,81.9,5860,293.0,20.0,20.0,12.145219232099878,4.337578297178528,3.903820467460675,52.680839355631704,32.96559505855681,2862,4126,27.49321898803711,9.960074595122864,94.69329358315996,87.2,63.8,65.9,49.0,107.68151197204607,128.8252549156103,2.8,0.6428571428571428,0.6091730907237827,1.4697083258856778,1.0,8.189952864176371
fish3,81.9,5815,290.75,20.0,20.0,12.523421076592793,4.472650384497427,4.025385346047685,56.01288409344594,33.99214292218044,2733,6035,27.405804877311805,9.834807939645978,91.9006128169578,87.4,64.1,65.9,49.0,118.05761859028856,136.97340741260064,2.8,0.6428571428571428,0.6091730907237827,1.340535380766125,1.0,8.44498780593806
fish3,81.9,5865,293.25,20.0,20.0,12.24327570868577,4.372598467387775,3.9353386206489978,53.53492859960538,33.231748352147086,2820,4122,27.45231603544259,9.950637742741904,93.8029537781845,87.2,63.8,65.9,49.0,110.31078058215938,130.91383713869948,2.8,0.6428571428571428,0.6091730907237827,1.434677679317138,1.0,8.256075830416712
fish3,81.9,5785,289.25,20.0,20.0,13.602409739483791,4.858003478387069,4.372203130548362,66.0805538288584,36.920826435741716,2906,5747,27.54950884691404,10.008902978674572,95.6784118255886,87.4,63.9,65.9,49.0,151.27690387017202,161.5927972312641,2.8,0.6428571428571428,0.6091730907237827,1.0461637608943646,1.0,9.172588199243608
fish3,81.9,5810,290.5,20.0,20.0,12.848052816473839,4.5885902915978,4.129731262438019,58.95445041960763,34.87328621614327,2708,6118,27.43773628741605,9.831689450062646,91.42942573747872,87.4,64.1,65.9,49.0,127.47851885082495,144.16668748281356,2.8,0.6428571428571428,0.6091730907237828,1.2414673163442569,1.0,8.66389852274211
fish3,81.9,5855,292.75,20.0,20.0,11.974949879952238,4.2767678142686565,3.8490910328417915,51.21408022406005,32.50343538844179,2878,4031,27.448032408744904,9.93790988498264,94.94594229372754,87.2,63.8,65.9,48.9,103.2157998133141,125.23845521128253,2.8,0.6428571428571428,0.6091730907237828,1.5332964039955048,1.0,8.075134190124169
fish3,81.9,5750,287.5,20.0,20.0,12.601467896746163,4.500524248837916,4.050471823954124,56.71321184025864,34.203984291168155,2735,6095,27.6668094314952,9.908147781785331,92.27495721328052,87.5,64.0,65.9,49.0,120.27863233056719,138.68598264130142,2.8,0.6428571428571428,0.6091730907237825,1.315781628230692,1.0,8.497617549875951
fish3,81.9,5870,293.5,20.0,20.0,12.102699221073351,4.322392578954768,3.8901533210592913,52.3126172984891,32.85018360005623,2957,4071,27.358435781898027,9.975328615729012,96.47376439762704,87.4,64.0,65.9,49.0,106.55449859298366,127.92480797973823,2.8,0.6428571428571428,0.6091730907237827,1.485253243917901,1.0,8.161280109948015
fish3,81.9,5780,289.0,20.0,20.0,13.560037307306846,4.842870466895302,4.358583420205772,65.66950420555483,36.8058155484043,3069,5643,27.59854531971496,10.003479804727766,98.98202512444271,87.4,63.9,65.8,49.0,149.8675895550617,160.58762014690566,2.8,0.6428571428571428,0.6091730907237827,1.0560016022085228,1.0,9.1440149626772
fish3,81.9,5820,291.0,20.0,20.0,13.487206636147198,4.816859512909715,4.335173561618744,64.96597958790467,36.60813229811383,2868,5974,27.39035337931315,9.833743486870665,94.5840968661838,87.4,64.1,65.9,49.0,147.4657293299452,158.86722731875878,2.8,0.6428571428571428,0.6091730907237827,1.0732013153725826,1.0,9.094902653342565
fish3,81.9,5845,292.25,20.0,20.0,13.026932631155516,4.652475939698399,4.18722834572856,60.607490634522996,35.35881714170783,3114,6404,27.2327927514347,9.849983722676177,99.36277647411087,87.4,64.1,65.9,49.0,132.87753735355392,148.20901728767194,2.8,0.6428571428571428,0.6091730907237827,1.1910245918253517,1.0,8.784523537622327
fish3,81.9,4995,249.75,20.0,20.0,14.477603206743563,5.170572573836987,4.653515316453288,74.85749807568267,39.296351561161096,2791,9575,27.44102293226454,10.23871083984375,93.4997337721083,87.1,64.0,65.6,49.3,182.395902529098,183.0558584468285,2.8,0.6428571428571428,0.6091730907237827,0.8676752739224871,1.0,9.762762251017664
fish3,81.9,5005,250.25,20.0,20.0,14.523890040682437,5.187103585958013,4.668393227362212,75.33692211208374,39.421987253280896,2429,8535,27.915904635789666,10.235484880987803,86.73138951677745,87.0,63.9,65.9,49.2,184.1509339504119,184.22823771142413,2.8,0.6428571428571428,0.6091730907237827,0.8594059845055726,1.0,9.793975107776102
fish4,61.25,3085,154.25,20.0,20.0,11.333903066768391,4.047822523845855,3.643040271461269,45.87762811675071,30.763451181228493,2484,9189,26.5928015642331,10.041588503519687,86.31439006775278,87.4,64.1,65.9,49.2,87.51118225921944,112.18874280202913,2.8,0.6428571428571428,0.6091730907237826,1.314412303394295,1.0,7.642853546738991
fish4,61.25,3035,151.75,20.0,20.0,11.737572399058163,4.191990142520773,3.772791128268695,49.20378779397572,31.859125083157867,2336,10683,26.715327708981352,10.174742506567636,83.61007021554899,87.3,64.3,65.9,49.4,97.1985802325672,120.32250402431933,2.8,0.6428571428571428,0.6091730907237827,1.183410028941536,1.0,7.915062120416188
fish4,61.25,3040,152.0,20.0,20.0,11.937112527131154,4.263254473975413,3.8369290265778715,50.89094838763985,32.400734002213134,2501,10575,26.7524979733314,10.170562848398422,86.94306082172983,87.3,64.3,65.8,49.4,102.24049243314346,124.44827149919001,2.8,0.6428571428571428,0.6091730907237827,1.1250510625358696,1.0,8.049619118704886
fish4,61.25,3050,152.5,20.0,20.0,11.49272623366049,4.1045450834501755,3.6940905751051574,47.17241295781001,31.194542634221335,2259,10506,26.718014503290625,10.136966102430558,82.03498060572119,87.4,64.3,65.9,49.4,91.24188601324073,115.35499810947238,2.8,0.6428571428571428,0.6091730907237826,1.2606685336316523,1.0,7.749953651375027
fish4,61.25,3090,154.5,20.0,20.0,11.5,4.107142857142858,3.6964285714285716,47.23214285714286,31.21428571428571,2518,8309,26.565843474192672,10.057255827320947,86.98309930151362,87.4,64.1,65.9,49.3,91.41523712426739,115.5010610728146,2.8,0.6428571428571428,0.6091730907237827,1.2582779224182905,1.0,7.754858610464458
fish4,61.25,3060,153.0,20.0,20.0,12.236123300168869,4.370044035774596,3.9330396321971364,53.47239764890554,33.21233467188693,2589,10746,26.80669055620358,10.091770762083264,88.67846131828685,87.4,64.2,65.9,49.3,110.11756588479469,130.76092450931554,2.8,0.6428571428571428,0.6091730907237827,1.0445724414798532,1.0,8.251252707219074
fish4,61.25,3030,151.5,20.0,20.0,11.081596628201988,3.9577130815007098,3.561941773350639,43.857779939349165,30.078619419405392,2431,10328,26.79900846346632,10.105846055094402,85.52485451856072,87.4,64.2,65.9,49.4,81.79600301103405,107.24942407576502,2.8,0.6428571428571428,0.6091730907237828,1.406251777737623,1.0,7.472714350426617
fish4,61.25,3100,155.0,20.0,20.0,10.984569726772534,3.9230606167044764,3.5307545550340294,43.09313288654558,29.81526068695402,2335,7309,26.67288950346017,10.030344878472222,83.40323438193239,87.2,63.9,65.8,49.5,79.66622141607317,105.3795629895946,2.8,0.6428571428571428,0.6091730907237827,1.4438462450145952,1.0,7.407285663296454
fish4,61.25,3075,153.75,20.0,20.0,12.884497657553123,4.601606306268973,4.141445675642075,59.28938567410425,34.97220792764419,2627,9641,26.729225453016497,10.00392572631836,89.27315117933486,87.4,64.2,65.9,49.0,128.5664172814488,144.9857351682438,2.8,0.6428571428571428,0.6091730907237826,0.8946797855795577,1.0,8.688474574016086
fish4,61.25,3065,153.25,20.0,20.0,12.809370690453978,4.574775246590707,4.117297721931636,58.59999195909337,34.76829187408937,2323,10602,26.7565819331228,10.11121413624022,83.32779606936302,87.5,64.2,66.0,49.2,126.3305685595729,143.2998979234353,2.8,0.6428571428571428,0.6091730907237826,0.9105141847901728,1.0,8.637813790738964
fish4,61.25,3080,154.0,20.0,20.0,12.024702183002166,4.294536493929345,3.8650828445364107,51.640522353534664,32.638477353863024,2214,9558,26.72343997107612,10.034078743987612,81.03751871506373,87.4,64.2,65.9,49.1,104.50764370138593,126.28127299300891,2.8,0.6428571428571428,0.6091730907237827,1.100644609065788,1.0,8.108683935836966
fish4,61.25,3105,155.25,20.0,20.0,10.306887585430427,3.681031280510867,3.3129281524597802,37.939975606678516,27.97583773188259,2227,6723,26.60192151811388,10.036201011562344,81.17812252967622,87.2,63.9,65.8,49.4,65.81239370116428,92.77807811731265,2.8,0.6428571428571428,0.6091730907237826,1.7477828745813209,1.0,6.950300516431683
fish4,61.25,3070,153.5,20.0,20.0,13.061351498178016,4.664768392206435,4.198291552985792,60.92817962819898,35.452239780768906,2546,10200,26.77509325689622,10.120367793771956,87.81546105066818,87.5,64.1,66.0,49.1,133.93356232118109,148.99322729389547,2.8,0.6428571428571428,0.6091730907237826,0.8588271128804859,1.0,8.807733402604232
fish4,61.25,3055,152.75,20.0,20.0,12.359744059154794,4.414194306840997,3.972774876156898,54.558311859932935,33.54787673199158,2712,10747,26.848582942708333,10.086806587208644,91.17538952991696,87.4,64.2,66.0,49.3,113.48893015401829,133.41640944014046,2.8,0.6428571428571428,0.6091730907237827,1.013541800861058,1.0,8.334614577415087
fish4,61.25,3140,157.0,20.0,20.0,10.144927071227372,3.6231882397240622,3.2608694157516562,36.75698045732929,27.53623062190287,2192,4570,26.49609726741461,10.134934758122762,80.47103202553737,87.3,64.0,65.7,49.2,62.75839917387922,89.88519232538282,2.8,0.6428571428571428,0.6091730907237826,1.832834746587572,1.0,6.841084787029702
fish4,61.25,3135,156.75,20.0,20.0,9.876236259750405,3.527227235625145,3.1745045120626307,34.83572952086024,26.806926990751098,1960,4945,26.56767274840555,10.123922385904525,75.89159513431008,87.3,64.0,65.7,49.3,57.90278873143568,85.18698241311003,2.8,0.6428571428571428,0.6091730907237827,1.986532551646352,1.0,6.659897025904932
fish4,61.25,3130,156.5,20.0,20.0,13.341759979255002,4.764914278305358,4.288422850474823,63.57234262287517,36.21334851512072,1984,4835,26.750528651183327,10.129195792632634,76.55972444381595,87.4,64.1,65.7,49.3,142.746161626043,155.45923990861604,2.8,0.6428571428571428,0.6091730907237826,0.8058064282487367,1.0,8.996822804684848
fish4,61.25,3490,174.5,20.0,20.0,11.143214451995595,3.9797194471412847,3.5817475024271563,44.34686725827268,30.24586779827376,4631,2169,26.26548377700617,10.142991275268129,129.0284750522743,87.1,64.0,65.4,49.3,83.16805307091728,108.44543384529388,2.8,0.6428571428571428,0.6091730907237827,1.3830523908984174,1.0,7.514265438374784
fish4,61.25,3495,174.75,20.0,20.0,11.350640290436937,4.053800103727478,3.6484200933547304,46.01322678674655,30.808880788328832,5000,2247,26.31446850857205,10.136637101904553,136.4511056104766,86.9,63.8,65.3,49.3,87.8994487528649,112.52033458078778,2.8,0.6428571428571428,0.6091730907237826,1.3086063255015528,1.0,7.654140051354755
fish5,27.36,6805,340.25,20.0,20.0,9.627620234915305,3.438435798184038,3.094592218365634,33.103954067053806,26.132112066198687,2990,1242,25.435468098280165,9.563157508680552,94.79862560696073,86.8,62.9,65.8,48.5,53.63915432705507,80.95211415698452,2.8,0.6428571428571428,0.6091730907237827,0.8168957440845902,1.0,6.492246406696941
fish5,27.36,6315,315.75,20.0,20.0,9.07436275925101,3.2408438425896464,2.9167594583306817,29.40859267374343,24.630413203681314,2932,599,25.29964831993197,9.614036422687104,93.55368474261908,86.4,62.9,65.8,48.4,44.913146255955866,71.91551034957722,2.8,0.6428571428571428,0.6091730907237825,0.9756073786582524,1.0,6.119165232874409
fish5,27.36,6815,340.75,20.0,20.0,8.375796610688015,2.991355932388577,2.6922203391497197,25.05498887986173,22.734305086153185,2831,1274,25.471904559081285,9.620556598567962,91.71246115764924,86.4,62.9,65.8,48.5,35.31859653508973,61.269246443980954,2.8,0.6428571428571428,0.6091730907237826,1.2406381109321307,1.0,5.648097257903737
fish5,27.36,11170,558.5,20.0,20.0,7.306681969495045,2.60952927481966,2.3485763473376933,19.06700050119429,19.832422488629412,2134,587,25.880206181203587,9.589970607492656,78.15017678869624,86.9,63.3,65.7,48.5,23.446913597653126,46.62627304513209,2.8,0.6428571428571428,0.6091730907237827,1.8688002027888928,1.0,4.92715526826644
fish5,27.36,6320,316.0,20.0,20.0,7.673758166872849,2.7406279167403036,2.4665651250662735,21.030915858445628,20.828772167226305,2267,617,25.137899085829,9.644775343057844,80.12267442888685,86.4,62.9,65.7,48.4,27.161227604627044,51.428814151636665,2.8,0.6428571428571428,0.6091730907237827,1.6132406651090867,1.0,5.174687790869206
fish5,27.36,4615,230.75,20.0,20.0,11.372379765084695,4.061564201815963,3.6554077816343664,46.18965054332422,30.86788793380131,2923,753,25.17932589380712,9.55826158103943,93.19758747484656,86.1,62.8,65.7,48.2,88.40546867251597,112.95175966232189,2.8,0.6428571428571428,0.6091730907237827,0.4956435110183415,1.0,7.668799751542505
fish5,27.36,6800,340.0,20.0,20.0,12.867089103761591,4.59538896562914,4.135850069066226,59.12927928719295,34.92495613878146,4230,1032,25.352503638580703,9.55394202523761,119.50644566381833,86.8,62.9,65.8,48.5,128.04599356289506,144.59421243702408,2.8,0.6428571428571428,0.6091730907237826,0.3422020140329107,1.0,8.676735367645128
fish5,27.36,390,19.5,20.0,20.0,13.641341154920584,4.8719075553287805,4.3847167997959025,66.45935303747504,37.02649742049873,1273,2571,25.672736749926912,9.59100252210829,60.7237392720352,86.8,62.9,65.6,48.5,152.579532511874,162.51910943905642,2.8,0.6428571428571428,0.6091730907237827,0.2871787333773477,1.0,9.19884103595818
fish5,27.36,4625,231.25,20.0,20.0,13.193646426270135,4.712016580810762,4.240814922729687,62.168680721939545,35.8113260141618,3189,753,25.079512411988816,9.561526557403145,98.42103896939196,86.3,62.8,65.6,48.2,138.04465416435448,152.0267376095798,2.8,0.6428571428571428,0.6091730907237827,0.3174161082246549,1.0,8.896944573233442
fish5,27.36,385,19.25,20.0,20.0,13.762387738361788,4.9151384779863525,4.423624630187718,67.6440415217896,37.35505243269628,1551,3016,25.6149456090103,9.607405548508964,66.24235115751927,86.8,62.9,65.6,48.6,156.67742931723566,165.4161360972146,2.8,0.6428571428571428,0.6091730907237826,0.2796675760957711,1.0,9.28046704812047
fish6,13.78,4765,238.25,20.0,20.0,6.957010650634766,2.4846466609409883,2.2361819948468895,17.28571328323056,18.883314623151506,791,1318,25.66888361181565,9.56243802514606,51.05132163696171,86.8,63.5,65.5,48.6,20.239187497162874,42.270329162329,2.8,0.6428571428571428,0.6091730907237826,1.516101516565841,1.0,4.691359473666779
fish6,13.78,4760,238.0,20.0,20.0,6.957010650634766,2.4846466609409883,2.2361819948468895,17.28571328323056,18.883314623151506,791,1318,25.64066744060752,9.577506377495665,51.03817381810318,86.5,63.4,65.6,48.6,20.239187497162874,42.270329162329,2.8,0.6428571428571428,0.6091730907237826,1.516101516565841,1.0,4.691359473666779
fish6,13.78,4755,237.75,20.0,20.0,7.020256805419921,2.5072345733642574,2.256511116027832,17.601430576444542,19.05498275756836,807,1318,25.64228637271457,9.579244653956096,51.36153102667067,86.5,63.3,65.6,48.7,20.796203886886918,43.04238141656496,2.8,0.6428571428571428,0.6091730907237826,1.4754934614704995,1.0,4.734008603059338
fish6,13.78,4750,237.5,20.0,20.0,7.020256805419921,2.5072345733642574,2.256511116027832,17.601430576444542,19.05498275756836,807,1318,25.64226904521048,9.581842310206095,51.364111355416576,86.5,63.3,65.6,48.7,20.796203886886918,43.04238141656496,2.8,0.6428571428571428,0.6091730907237826,1.4754934614704995,1.0,4.734008603059338
fish6,13.78,4780,239.0,20.0,20.0,6.800000000000001,2.428571428571429,2.1857142857142855,16.514285714285716,18.457142857142856,788,1324,25.669773360339505,9.578642456807028,51.008415817146535,86.8,63.4,65.5,48.6,18.89956494745305,40.38388706243438,2.8,0.6428571428571428,0.6091730907237826,1.623564507639324,1.0,4.585481613144201
fish6,13.78,4785,239.25,20.0,20.0,6.800000000000001,2.428571428571429,2.1857142857142855,16.514285714285716,18.457142857142856,797,1330,25.544039878543813,9.581279175557029,51.06531905410084,86.6,63.4,65.6,48.7,18.89956494745305,40.38388706243438,2.8,0.6428571428571428,0.6091730907237826,1.623564507639324,1.0,4.585481613144201
fish6,13.78,4745,237.25,20.0,20.0,7.0,2.5,2.25,17.500000000000004,19.0,791,1336,25.76194725460476,9.56830723046197,51.15025448506673,86.4,63.3,65.7,48.7,20.616701789183022,42.794343989171374,2.8,0.6428571428571428,0.6091730907237826,1.4883400445074286,1.0,4.720348719413148
fish6,13.78,5900,295.0,20.0,20.0,7.200000000000001,2.571428571428572,2.314285714285715,18.514285714285723,19.54285714285715,784,1540,26.06130570729573,9.744091705226896,51.48539741252262,86.9,63.6,65.7,49.0,22.434818394778393,45.27466923262541,2.8,0.6428571428571428,0.6091730907237826,1.367725038757201,1.0,4.855215825682096
fish6,13.78,4735,236.75,20.0,20.0,7.0,2.5,2.25,17.500000000000004,19.0,788,1336,25.694408487654325,9.550716081364952,51.00512456901928,86.6,63.5,65.7,48.7,20.616701789183022,42.794343989171374,2.8,0.6428571428571428,0.6091730907237826,1.4883400445074286,1.0,4.720348719413148
fish6,13.78,4740,237.0,20.0,20.0,7.0,2.5,2.25,17.500000000000004,19.0,788,1336,25.735445475241576,9.54940098046197,51.04484645570354,86.6,63.5,65.8,48.7,20.616701789183022,42.794343989171374,2.8,0.6428571428571428,0.6091730907237826,1.4883400445074286,1.0,4.720348719413148
fish6,13.78,5740,287.0,20.0,20.0,7.0,2.5,2.25,17.500000000000004,19.0,808,1210,25.81183532034792,9.808212778207992,51.78004809855591,86.4,63.6,65.7,48.8,20.616701789183022,42.794343989171374,2.8,0.6428571428571428,0.6091730907237826,1.4883400445074286,1.0,4.720348719413148
fish6,13.78,6005,300.25,20.0,20.0,7.0,2.5,2.25,17.500000000000004,19.0,755,885,26.00571105203511,9.637626853423653,50.743337905458766,87.0,63.5,65.6,48.8,20.616701789183022,42.794343989171374,2.8,0.6428571428571428,0.6091730907237826,1.4883400445074286,1.0,4.720348719413148
fish6,13.78,4775,238.75,20.0,20.0,6.800000000000001,2.428571428571429,2.1857142857142855,16.514285714285716,18.457142857142856,774,1314,25.66974298681566,9.564553910562728,50.71429689737839,86.8,63.5,65.5,48.6,18.89956494745305,40.38388706243438,2.8,0.6428571428571428,0.6091730907237826,1.623564507639324,1.0,4.585481613144201
fish6,13.78,4770,238.5,20.0,20.0,6.800000000000001,2.428571428571429,2.1857142857142855,16.514285714285716,18.457142857142856,774,1318,25.669630139593423,9.563408077229395,50.71303821682282,86.8,63.5,65.5,48.6,18.89956494745305,40.38388706243438,2.8,0.6428571428571428,0.6091730907237826,1.623564507639324,1.0,4.585481613144201
fish6,13.78,6010,300.5,20.0,20.0,7.0,2.5,2.25,17.500000000000004,19.0,742,779,25.87258615383572,9.624221921274396,50.33680807511011,87.1,63.5,65.6,48.8,20.616701789183022,42.794343989171374,2.8,0.6428571428571428,0.6091730907237826,1.4883400445074286,1.0,4.720348719413148
fish6,13.78,5955,297.75,20.0,20.0,7.0,2.5,2.25,17.500000000000004,19.0,790,1833,26.14866604725401,9.635328625986308,51.583994673240326,86.9,63.4,65.8,49.0,20.616701789183022,42.794343989171374,2.8,0.6428571428571428,0.6091730907237826,1.4883400445074286,1.0,4.720348719413148
fish6,13.78,4660,233.0,20.0,20.0,6.800000000000001,2.428571428571429,2.1857142857142855,16.514285714285716,18.457142857142856,802,1230,25.992155478677624,9.742421673202514,51.77457715188014,86.8,63.4,65.7,48.8,18.89956494745305,40.38388706243438,2.8,0.6428571428571428,0.6091730907237826,1.623564507639324,1.0,4.585481613144201
fish6,13.78,4650,232.5,20.0,20.0,6.800000000000001,2.428571428571429,2.1857142857142855,16.514285714285716,18.457142857142856,800,1230,25.99205568546248,9.741282313664756,51.73333799912723,86.8,63.4,65.7,48.8,18.89956494745305,40.38388706243438,2.8,0.6428571428571428,0.6091730907237826,1.623564507639324,1.0,4.585481613144201
fish6,13.78,4655,232.75,20.0,20.0,6.800000000000001,2.428571428571429,2.1857142857142855,16.514285714285716,18.457142857142856,806,1230,25.98903060933808,9.743059694035848,51.85209030337393,86.8,63.4,65.7,48.8,18.89956494745305,40.38388706243438,2.8,0.6428571428571428,0.6091730907237826,1.623564507639324,1.0,4.585481613144201
fish6,13.78,3045,152.25,20.0,20.0,7.0,2.5,2.25,17.500000000000004,19.0,745,1499,25.787337680223253,9.518968081145816,50.206305761369066,86.8,63.7,65.6,48.6,20.616701789183022,42.794343989171374,2.8,0.6428571428571428,0.6091730907237826,1.4883400445074286,1.0,4.720348719413148
fish6,13.78,4790,239.5,20.0,20.0,6.888011932373047,2.4600042615618025,2.2140038354056224,16.944538707326245,18.6960323878697,814,1349,25.545906197988256,9.584098185973696,51.410004383961954,86.6,63.4,65.6,48.7,19.64295136885265,41.436023895951344,2.8,0.6428571428571428,0.6091730907237826,1.5621207975480185,1.0,4.644831186325657
fish6,13.78,4795,239.75,20.0,20.0,6.888011932373047,2.4600042615618025,2.2140038354056224,16.944538707326245,18.6960323878697,814,1333,25.54905723965492,9.582493365987142,51.411550605642056,86.6,63.4,65.6,48.6,19.64295136885265,41.436023895951344,2.8,0.6428571428571428,0.6091730907237826,1.5621207975480185,1.0,4.644831186325657
fish6,13.78,3050,152.5,20.0,20.0,7.0,2.5,2.25,17.500000000000004,19.0,753,1555,25.688067622714573,9.640973207590315,50.38904083030489,87.0,63.7,65.6,48.8,20.616701789183022,42.794343989171374,2.8,0.6428571428571428,0.6091730907237826,1.4883400445074286,1.0,4.720348719413148
fish6,13.78,3040,152.0,20.0,20.0,7.0,2.5,2.25,17.500000000000004,19.0,741,1438,25.78653036564957,9.51861977297465,50.12515013862422,86.8,63.7,65.6,48.6,20.616701789183022,42.794343989171374,2.8,0.6428571428571428,0.6091730907237826,1.4883400445074286,1.0,4.720348719413148
fish6,13.78,5965,298.25,20.0,20.0,7.0,2.5,2.25,17.500000000000004,19.0,757,1852,26.117242371942968,9.621474469237857,50.878716841180825,86.9,63.6,65.8,49.0,20.616701789183022,42.794343989171374,2.8,0.6428571428571428,0.6091730907237826,1.4883400445074286,1.0,4.720348719413148
fish6,13.78,6015,300.75,20.0,20.0,7.0,2.5,2.25,17.500000000000004,19.0,740,746,25.866570528835712,9.633255126274957,50.299825655110666,87.1,63.5,65.6,48.8,20.616701789183022,42.794343989171374,2.8,0.6428571428571428,0.6091730907237826,1.4883400445074286,1.0,4.720348719413148
fish6,13.78,3035,151.75,20.0,20.0,7.0,2.5,2.25,17.500000000000004,19.0,720,1396,25.68543221744489,9.547903627141318,49.63333584458621,86.5,63.7,65.6,48.6,20.616701789183022,42.794343989171374,2.8,0.6428571428571428,0.6091730907237826,1.4883400445074286,1.0,4.720348719413148
fish6,13.78,4645,232.25,20.0,20.0,7.0,2.5,2.25,17.500000000000004,19.0,767,1180,25.811470546976736,9.700891869057546,50.85236241603428,86.6,63.4,65.8,48.8,20.616701789183022,42.794343989171374,2.8,0.6428571428571428,0.6091730907237826,1.4883400445074286,1.0,4.720348719413148
fish6,13.78,4725,236.25,20.0,20.0,7.0,2.5,2.25,17.500000000000004,19.0,762,1328,25.697377256869096,9.553440689076318,50.490817945945416,86.6,63.5,65.7,48.7,20.616701789183022,42.794343989171374,2.8,0.6428571428571428,0.6091730907237826,1.4883400445074286,1.0,4.720348719413148
fish6,13.78,3030,151.5,20.0,20.0,7.0,2.5,2.25,17.500000000000004,19.0,722,1408,25.68668661564956,9.543756493462457,49.670443109112014,86.5,63.7,65.6,48.6,20.616701789183022,42.794343989171374,2.8,0.6428571428571428,0.6091730907237826,1.4883400445074286,1.0,4.720348719413148
fish6,13.78,4695,234.75,20.0,20.0,7.0,2.5,2.25,17.500000000000004,19.0,770,1355,25.87569689170932,9.741930103291406,51.017626995000725,86.6,63.5,65.7,48.8,20.616701789183022,42.794343989171374,2.8,0.6428571428571428,0.6091730907237826,1.4883400445074286,1.0,4.720348719413148
fish6,13.78,4635,231.75,20.0,20.0,6.74035873413086,2.4072709764753073,2.166543878827776,16.22586995170506,18.295259421212332,787,1121,25.696800498962403,9.654059200021951,51.09085969898436,86.3,63.5,65.8,48.8,18.406622366222678,39.67859772781862,2.8,0.6428571428571428,0.6091730907237828,1.667044732488093,1.0,4.545263388434261
fish6,13.78,4730,236.5,20.0,20.0,7.0,2.5,2.25,17.500000000000004,19.0,759,1328,25.744816145833333,9.556028581364952,50.48084472719828,86.6,63.5,65.8,48.7,20.616701789183022,42.794343989171374,2.8,0.6428571428571428,0.6091730907237826,1.4883400445074286,1.0,4.720348719413148
fish6,13.78,5895,294.75,20.0,20.0,6.800000000000001,2.428571428571429,2.1857142857142855,16.514285714285716,18.457142857142856,768,1464,25.76928296710356,9.732701755099828,50.86198472220338,86.9,63.6,65.7,49.1,18.89956494745305,40.38388706243438,2.8,0.6428571428571428,0.6091730907237826,1.623564507639324,1.0,4.585481613144201
fish6,13.78,5725,286.25,20.0,20.0,6.800000000000001,2.428571428571429,2.1857142857142855,16.514285714285716,18.457142857142856,836,843,25.798102582295737,9.813974478816988,52.33207706111273,86.5,63.6,65.7,48.9,18.89956494745305,40.38388706243438,2.8,0.6428571428571428,0.6091730907237826,1.623564507639324,1.0,4.585481613144201
fish6,13.78,5905,295.25,20.0,20.0,7.0,2.5,2.25,17.500000000000004,19.0,758,1545,26.061956861689065,9.680810451242658,50.90276731293172,87.0,63.6,65.7,48.9,20.616701789183022,42.794343989171374,2.8,0.6428571428571428,0.6091730907237826,1.4883400445074286,1.0,4.720348719413148
fish6,13.78,4630,231.5,20.0,20.0,6.746395111083984,2.409426825387137,2.1684841428484236,16.254945355306386,18.31164387294224,781,1136,25.698823053637845,9.65627924642563,50.97510230006348,86.3,63.5,65.8,48.8,18.456119217891732,39.749698460580866,2.8,0.6428571428571428,0.6091730907237828,1.662573940721119,1.0,4.549333931894345
fish6,13.78,4415,220.75,20.0,20.0,6.800000000000001,2.428571428571429,2.1857142857142855,16.514285714285716,18.457142857142856,822,1425,25.76776391825735,9.5762108762953,51.78397479455265,86.3,63.2,65.7,48.8,18.89956494745305,40.38388706243438,2.8,0.6428571428571428,0.6091730907237826,1.623564507639324,1.0,4.585481613144201
fish6,13.78,3020,151.0,20.0,20.0,6.8761344909667965,2.4557623182024275,2.210186086382185,16.88615197780829,18.66379361833845,747,1330,25.696934022955247,9.548030584451888,50.18496460740713,86.5,63.7,65.6,48.6,19.54151168082037,41.293245508100256,2.8,0.6428571428571428,0.6091730907237826,1.5702297426982306,1.0,4.636821805563956
fish6,13.78,4410,220.5,20.0,20.0,6.800000000000001,2.428571428571429,2.1857142857142855,16.514285714285716,18.457142857142856,838,1364,25.77541153472147,9.573984310531616,52.10939584525309,86.3,63.2,65.7,48.8,18.89956494745305,40.38388706243438,2.8,0.6428571428571428,0.6091730907237826,1.623564507639324,1.0,4.585481613144201
fish6,13.78,5950,297.5,20.0,20.0,6.800000000000001,2.428571428571429,2.1857142857142855,16.514285714285716,18.457142857142856,772,1835,26.17373549169847,9.636702323902975,51.25043781560144,86.9,63.4,65.7,49.0,18.89956494745305,40.38388706243438,2.8,0.6428571428571428,0.6091730907237826,1.623564507639324,1.0,4.585481613144201
fish6,13.78,5715,285.75,20.0,20.0,6.800000000000001,2.428571428571429,2.1857142857142855,16.514285714285716,18.457142857142856,841,908,25.81967808091906,9.709550657653809,52.34922873857287,86.5,63.4,65.7,48.8,18.89956494745305,40.38388706243438,2.8,0.6428571428571428,0.6091730907237826,1.623564507639324,1.0,4.585481613144201
fish6,13.78,5850,292.5,20.0,20.0,6.800000000000001,2.428571428571429,2.1857142857142855,16.514285714285716,18.457142857142856,805,936,25.883532107204857,9.702001902675631,51.68553400988049,87.1,63.5,65.7,49.1,18.89956494745305,40.38388706243438,2.8,0.6428571428571428,0.6091730907237826,1.623564507639324,1.0,4.585481613144201
fish6,13.78,1630,81.5,20.0,20.0,6.800000000000001,2.428571428571429,2.1857142857142855,16.514285714285716,18.457142857142856,802,1420,26.201592011157377,9.805178963459865,52.04677097461724,86.9,63.5,65.6,48.6,18.89956494745305,40.38388706243438,2.8,0.6428571428571428,0.6091730907237826,1.623564507639324,1.0,4.585481613144201
fish6,13.78,4640,232.0,20.0,20.0,6.740357971191406,2.407270703996931,2.166543633597238,16.225866278501265,18.295257350376676,768,1180,25.691123340277024,9.696835879474216,50.74795921975124,86.3,63.4,65.8,48.8,18.406616115900988,39.678588745398805,2.8,0.6428571428571428,0.6091730907237826,1.6670452985653008,1.0,4.54526287395708
fish6,13.78,4670,233.5,20.0,20.0,7.0,2.5,2.25,17.500000000000004,19.0,760,1237,25.911252564814067,9.725995886060929,50.837248450875,86.7,63.3,65.7,48.8,20.616701789183022,42.794343989171374,2.8,0.6428571428571428,0.6091730907237826,1.4883400445074286,1.0,4.720348719413148
fish6,13.78,4700,235.0,20.0,20.0,6.800000000000001,2.428571428571429,2.1857142857142855,16.514285714285716,18.457142857142856,754,1328,25.71075403095764,9.628915949492985,50.41966998045062,86.6,63.5,65.7,48.8,18.89956494745305,40.38388706243438,2.8,0.6428571428571428,0.6091730907237826,1.623564507639324,1.0,4.585481613144201
fish6,13.78,1690,84.5,20.0,20.0,7.0,2.5,2.25,17.500000000000004,19.0,867,2268,25.898009573854043,9.751646884112889,52.98965645796693,87.0,63.5,65.5,48.8,20.616701789183022,42.794343989171374,2.8,0.6428571428571428,0.6091730907237826,1.4883400445074286,1.0,4.720348719413148
fish6,13.78,3070,153.5,20.0,20.0,6.797647094726565,2.427731105259487,2.1849579947335385,16.50285929444446,18.450756399972104,764,1669,25.64657898220485,9.706360587395562,50.63293956960041,87.0,63.6,65.6,48.8,18.879953108828538,40.35594499722002,2.8,0.6428571428571428,0.6091730907237826,1.6252510099805515,1.0,4.583894965516434
fish6,13.78,1695,84.75,20.0,20.0,7.0,2.5,2.25,17.500000000000004,19.0,839,2304,25.947176295979823,9.744524519856771,52.4717008158366,87.0,63.5,65.5,48.8,20.616701789183022,42.794343989171374,2.8,0.6428571428571428,0.6091730907237826,1.4883400445074286,1.0,4.720348719413148
fish6,13.78,1665,83.25,20.0,20.0,7.0,2.5,2.25,17.500000000000004,19.0,784,1926,26.00510211520725,9.738993905374736,51.42409602058199,87.1,63.4,65.5,48.7,20.616701789183022,42.794343989171374,2.8,0.6428571428571428,0.6091730907237826,1.4883400445074286,1.0,4.720348719413148
fish6,13.78,4685,234.25,20.0,20.0,7.0,2.5,2.25,17.500000000000004,19.0,743,1262,25.890089300292217,9.745159269958071,50.49524857025029,86.6,63.5,65.7,48.8,20.616701789183022,42.794343989171374,2.8,0.6428571428571428,0.6091730907237826,1.4883400445074286,1.0,4.720348719413148
fish6,13.78,4675,233.75,20.0,20.0,7.0,2.5,2.25,17.500000000000004,19.0,752,1229,25.903266407135387,9.727050573560929,50.67031698069631,86.7,63.3,65.7,48.8,20.616701789183022,42.794343989171374,2.8,0.6428571428571428,0.6091730907237826,1.4883400445074286,1.0,4.720348719413148
fish6,13.78,4405,220.25,20.0,20.0,6.800000000000001,2.428571428571429,2.1857142857142855,16.514285714285716,18.457142857142856,851,1323,25.773679786889343,9.577167904281616,52.370847691170965,86.3,63.2,65.7,48.8,18.89956494745305,40.38388706243438,2.8,0.6428571428571428,0.6091730907237826,1.623564507639324,1.0,4.585481613144201
fish6,13.78,3055,152.75,20.0,20.0,6.852576446533203,2.4473487309047157,2.202613857814244,16.770644269850578,18.599850354875837,752,1545,25.656618116421164,9.648662009673652,50.34528012609481,87.0,63.7,65.6,48.8,19.341347890106775,41.01078398880066,2.8,0.6428571428571428,0.6091730907237826,1.586480065032305,1.0,4.6209357791533865
fish6,13.78,4425,221.25,20.0,20.0,7.0,2.5,2.25,17.500000000000004,19.0,835,1486,25.55166586725682,9.644462840175628,51.89612870743245,86.0,63.3,65.6,48.8,20.616701789183022,42.794343989171374,2.8,0.6428571428571428,0.6091730907237826,1.4883400445074286,1.0,4.720348719413148
fish6,13.78,3080,154.0,20.0,20.0,6.881221008300781,2.4575789315359935,2.211821038382394,16.911143773242866,18.677599879673547,812,1717,25.535867192849995,9.68646475791931,51.4623319507693,86.9,63.7,65.6,48.8,19.58491038885026,41.3543602218565,2.8,0.6428571428571428,0.6091730907237826,1.566750230114808,1.0,4.640251824933064
fish6,13.78,4420,221.0,20.0,20.0,6.885657501220704,2.4591633932931085,2.213247053963797,16.932956865756047,18.689641789027625,838,1442,25.75861464419896,9.575810487270354,52.09442513146931,86.3,63.2,65.7,48.8,19.622815441130474,41.40770176382661,2.8,0.6428571428571428,0.6091730907237826,1.56372376586656,1.0,4.643243509743526
fish6,13.78,4625,231.25,20.0,20.0,6.685031890869141,2.387511389596122,2.14876025063651,15.960589779263373,18.145086560930526,797,1146,25.704756097788863,9.654820913092298,51.29957701088116,86.3,63.5,65.8,48.8,17.957071804860846,39.02988395907712,2.8,0.6428571428571428,0.6091730907237827,1.708778758138224,1.0,4.507954532185744
fish6,13.78,4680,234.0,20.0,20.0,7.0,2.5,2.25,17.500000000000004,19.0,743,1236,25.913787216958884,9.744911904642317,50.5186991216012,86.7,63.5,65.7,48.8,20.616701789183022,42.794343989171374,2.8,0.6428571428571428,0.6091730907237826,1.4883400445074286,1.0,4.720348719413148
fish6,13.78,1700,85.0,20.0,20.0,7.200000000000001,2.571428571428572,2.314285714285715,18.514285714285723,19.54285714285715,795,2306,26.20183534732396,9.79674147363239,51.89857682095634,87.0,63.5,65.6,48.9,22.434818394778393,45.27466923262541,2.8,0.6428571428571428,0.6091730907237826,1.367725038757201,1.0,4.855215825682096
fish6,13.78,5960,298.0,20.0,20.0,6.800000000000001,2.428571428571429,2.1857142857142855,16.514285714285716,18.457142857142856,743,1835,26.15113563337914,9.634758956866794,50.64589459024593,86.9,63.4,65.7,49.0,18.89956494745305,40.38388706243438,2.8,0.6428571428571428,0.6091730907237826,1.623564507639324,1.0,4.585481613144201
fish6,13.78,4715,235.75,20.0,20.0,6.800000000000001,2.428571428571429,2.1857142857142855,16.514285714285716,18.457142857142856,754,1328,25.69462126508172,9.631708918242984,50.40633018332471,86.6,63.5,65.7,48.7,18.89956494745305,40.38388706243438,2.8,0.6428571428571428,0.6091730907237826,1.623564507639324,1.0,4.585481613144201
fish6,13.78,4720,236.0,20.0,20.0,6.800000000000001,2.428571428571429,2.1857142857142855,16.514285714285716,18.457142857142856,754,1328,25.740831877456475,9.552399022409654,50.37323089986613,86.6,63.5,65.8,48.7,18.89956494745305,40.38388706243438,2.8,0.6428571428571428,0.6091730907237826,1.623564507639324,1.0,4.585481613144201
fish6,13.78,5945,297.25,20.0,20.0,6.800000000000001,2.428571428571429,2.1857142857142855,16.514285714285716,18.457142857142856,738,1757,26.005828467682267,9.626148967223694,50.39197743490596,86.7,63.4,65.7,49.0,18.89956494745305,40.38388706243438,2.8,0.6428571428571428,0.6091730907237826,1.623564507639324,1.0,4.585481613144201
fish6,13.78,5980,299.0,20.0,20.0,7.3999999999999995,2.642857142857143,2.3785714285714286,19.557142857142857,20.085714285714282,764,1714,26.148084673827366,9.62068671365314,51.04877138748051,87.2,63.6,65.8,49.0,24.356799900349557,47.82486279279642,2.8,0.6428571428571428,0.6091730907237827,1.259798618211281,1.0,4.990082931951043
fish6,13.78,6025,301.25,20.0,20.0,7.0,2.5,2.25,17.500000000000004,19.0,806,641,25.828666931133505,9.660751872920992,51.6094188040545,86.7,63.6,65.7,48.8,20.616701789183022,42.794343989171374,2.8,0.6428571428571428,0.6091730907237826,1.4883400445074286,1.0,4.720348719413148
fish6,13.78,4705,235.25,20.0,20.0,6.800000000000001,2.428571428571429,2.1857142857142855,16.514285714285716,18.457142857142856,755,1328,25.70414816555447,9.631630793242987,50.43577895879746,86.6,63.5,65.7,48.8,18.89956494745305,40.38388706243438,2.8,0.6428571428571428,0.6091730907237826,1.623564507639324,1.0,4.585481613144201
fish6,13.78,4710,235.5,20.0,20.0,6.800000000000001,2.428571428571429,2.1857142857142855,16.514285714285716,18.457142857142856,755,1328,25.688154195130902,9.631845636992988,50.41999983212389,86.6,63.5,65.7,48.7,18.89956494745305,40.38388706243438,2.8,0.6428571428571428,0.6091730907237826,1.623564507639324,1.0,4.585481613144201
fish6,13.78,4665,233.25,20.0,20.0,6.800000000000001,2.428571428571429,2.1857142857142855,16.514285714285716,18.457142857142856,747,1230,25.920293532684703,9.72772765689426,50.58802118957896,86.7,63.3,65.7,48.8,18.89956494745305,40.38388706243438,2.8,0.6428571428571428,0.6091730907237826,1.623564507639324,1.0,4.585481613144201
fish6,13.78,3060,153.0,20.0,20.0,6.797646331787109,2.4277308327811107,2.1849577495029995,16.50285559002098,18.45075432913644,759,1605,25.62878398369684,9.704212149895564,50.5129961335924,86.9,63.6,65.6,48.8,18.87994675180854,40.35593593845586,2.8,0.6428571428571428,0.6091730907237827,1.625251557214784,1.0,4.583894451039253
fish6,13.78,5775,288.75,20.0,20.0,6.6,2.357142857142857,2.1214285714285714,15.557142857142857,17.91428571428571,772,959,25.718778512742784,9.66469063838323,50.82346915112601,86.8,63.6,65.6,48.9,17.28052273347802,38.04329845241439,2.8,0.6428571428571428,0.6091730907237828,1.7756790886344438,1.0,4.450614506875254
fish6,13.78,3075,153.75,20.0,20.0,6.618760681152344,2.3638431004115517,2.1274587903703965,15.645711769417234,17.965207563127795,783,1704,25.64355814887153,9.70700511864556,51.010563267517085,87.0,63.6,65.6,48.8,17.42830308880683,38.25988408090675,2.8,0.6428571428571428,0.6091730907237826,1.7606225174162815,1.0,4.46326550076851
fish6,13.78,5720,286.0,20.0,20.0,7.200000000000001,2.571428571428572,2.314285714285715,18.514285714285723,19.54285714285715,851,892,25.786366597323944,9.70845690765381,52.51482350497776,86.5,63.4,65.7,48.8,22.434818394778393,45.27466923262541,2.8,0.6428571428571428,0.6091730907237826,1.367725038757201,1.0,4.855215825682096
fish6,13.78,1660,83.0,20.0,20.0,6.800000000000001,2.428571428571429,2.1857142857142855,16.514285714285716,18.457142857142856,779,1893,26.00480244530572,9.738209427727591,51.32301187303331,87.1,63.3,65.6,48.7,18.89956494745305,40.38388706243438,2.8,0.6428571428571428,0.6091730907237826,1.623564507639324,1.0,4.585481613144201
fish6,13.78,5915,295.75,20.0,20.0,7.0,2.5,2.25,17.500000000000004,19.0,742,1589,26.04288995918933,9.685787654452854,50.568677613642194,87.0,63.6,65.7,48.9,20.616701789183022,42.794343989171374,2.8,0.6428571428571428,0.6091730907237826,1.4883400445074286,1.0,4.720348719413148
fish6,13.78,5975,298.75,20.0,20.0,7.200000000000001,2.571428571428572,2.314285714285715,18.514285714285723,19.54285714285715,764,1840,26.135055120604715,9.623147620889876,51.038202741494594,87.2,63.6,65.8,49.0,22.434818394778393,45.27466923262541,2.8,0.6428571428571428,0.6091730907237826,1.367725038757201,1.0,4.855215825682096
fish6,13.78,3010,150.5,20.0,20.0,6.854196929931641,2.4479274749755864,2.2031347274780275,16.778576983672977,18.60424880981445,818,1390,25.64361786265432,9.53550128678216,51.53911914943648,86.9,63.6,65.5,48.6,19.355072543495016,41.03018257646256,2.8,0.6428571428571428,0.6091730907237828,1.5853550943585455,1.0,4.622028528686908
fish6,13.78,5985,299.25,20.0,20.0,7.3999999999999995,2.642857142857143,2.3785714285714286,19.557142857142857,20.085714285714282,758,1600,26.051730427890348,9.614586433400047,50.8263168612904,87.1,63.6,65.7,49.0,24.356799900349557,47.82486279279642,2.8,0.6428571428571428,0.6091730907237827,1.259798618211281,1.0,4.990082931951043
fish6,13.78,3330,166.5,20.0,20.0,7.200000000000001,2.571428571428572,2.314285714285715,18.514285714285723,19.54285714285715,816,1613,25.55984257262429,9.610898343870376,51.49074091649467,86.6,63.6,65.7,49.0,22.434818394778393,45.27466923262541,2.8,0.6428571428571428,0.6091730907237826,1.367725038757201,1.0,4.855215825682096
fish6,13.78,3015,150.75,20.0,20.0,6.6011207580566404,2.357543127877372,2.1217888150896345,15.562426879445097,17.917327771868024,750,1380,25.62595735584777,9.544869776365488,50.17082713221326,86.9,63.6,65.5,48.6,17.28932753986744,38.05621995344573,2.8,0.6428571428571428,0.6091730907237826,1.7747748018396496,1.0,4.451370273854888
fish6,13.78,3335,166.75,20.0,20.0,7.200000000000001,2.571428571428572,2.314285714285715,18.514285714285723,19.54285714285715,802,1613,25.55410466820988,9.610442614703707,51.20454728291358,86.6,63.6,65.7,49.0,22.434818394778393,45.27466923262541,2.8,0.6428571428571428,0.6091730907237826,1.367725038757201,1.0,4.855215825682096
fish6,13.78,5710,285.5,20.0,20.0,7.0,2.5,2.25,17.500000000000004,19.0,864,896,25.79282052883572,9.709684099737805,52.78250462857352,86.5,63.4,65.7,48.9,20.616701789183022,42.794343989171374,2.8,0.6428571428571428,0.6091730907237826,1.4883400445074286,1.0,4.720348719413148
fish6,13.78,4690,234.5,20.0,20.0,7.0,2.5,2.25,17.500000000000004,19.0,728,1285,25.87342258615376,9.742952238708073,50.17637482486184,86.6,63.5,65.7,48.8,20.616701789183022,42.794343989171374,2.8,0.6428571428571428,0.6091730907237826,1.4883400445074286,1.0,4.720348719413148
fish6,13.78,5940,297.0,20.0,20.0,7.0,2.5,2.25,17.500000000000004,19.0,730,1715,26.024869181315104,9.617460813903811,50.24232999521892,86.9,63.6,65.7,49.0,20.616701789183022,42.794343989171374,2.8,0.6428571428571428,0.6091730907237826,1.4883400445074286,1.0,4.720348719413148
fish6,13.78,5935,296.75,20.0,20.0,7.0,2.5,2.25,17.500000000000004,19.0,722,1720,25.993523761137023,9.626077361541324,50.059601122678345,87.0,63.6,65.7,48.9,20.616701789183022,42.794343989171374,2.8,0.6428571428571428,0.6091730907237826,1.4883400445074286,1.0,4.720348719413148
fish6,13.78,4560,228.0,20.0,20.0,6.94594497680664,2.4806946345738,2.2326251711164202,17.230768436009072,18.853279222760882,842,1383,25.748887960476345,9.562835206254324,52.15172316673068,86.1,63.5,65.7,48.6,20.142764958348298,42.13596752276163,2.8,0.6428571428571428,0.6091730907237826,1.523359028512696,1.0,4.6838974966262015
fish6,13.78,6020,301.0,20.0,20.0,6.800000000000001,2.428571428571429,2.1857142857142855,16.514285714285716,18.457142857142856,727,596,25.83803752863377,9.631855386691628,50.0098929153254,87.1,63.5,65.6,48.8,18.89956494745305,40.38388706243438,2.8,0.6428571428571428,0.6091730907237826,1.623564507639324,1.0,4.585481613144201
fish6,13.78,1650,82.5,20.0,20.0,7.3999999999999995,2.642857142857143,2.3785714285714286,19.557142857142857,20.085714285714282,810,1843,26.05148217163085,9.676653407414754,51.928135579045616,87.2,63.4,65.6,48.7,24.356799900349557,47.82486279279642,2.8,0.6428571428571428,0.6091730907237827,1.259798618211281,1.0,4.990082931951043
fish6,13.78,6000,300.0,20.0,20.0,6.638072204589844,2.3707400730678017,2.1336660657610214,15.737143783338665,18.017624555315294,716,1190,25.991770209343056,9.668017482492658,49.97978769183572,87.0,63.6,65.6,48.8,17.58130002656387,38.48347111264256,2.8,0.6428571428571428,0.6091730907237826,1.745301133144141,1.0,4.476287947186812
fish6,13.78,3325,166.25,20.0,20.0,7.200000000000001,2.571428571428572,2.314285714285715,18.514285714285723,19.54285714285715,831,1613,25.55462119003107,9.610917875120371,51.78553906515144,86.6,63.6,65.7,49.0,22.434818394778393,45.27466923262541,2.8,0.6428571428571428,0.6091730907237826,1.367725038757201,1.0,4.855215825682096
fish6,13.78,5990,299.5,20.0,20.0,7.0,2.5,2.25,17.500000000000004,19.0,724,1472,26.05619225348956,9.6299054280493,50.16609768153886,87.1,63.6,65.7,49.0,20.616701789183022,42.794343989171374,2.8,0.6428571428571428,0.6091730907237826,1.4883400445074286,1.0,4.720348719413148
fish6,13.78,3310,165.5,20.0,20.0,7.200000000000001,2.571428571428572,2.314285714285715,18.514285714285723,19.54285714285715,832,1613,25.60335382891996,9.635273347812229,51.87862717673219,86.6,63.5,65.7,49.0,22.434818394778393,45.27466923262541,2.8,0.6428571428571428,0.6091730907237826,1.367725038757201,1.0,4.855215825682096
fish6,13.78,5730,286.5,20.0,20.0,6.6,2.357142857142857,2.1214285714285714,15.557142857142857,17.91428571428571,771,404,25.804079329427086,9.815595572566986,51.03967490199408,86.4,63.6,65.7,48.9,17.28052273347802,38.04329845241439,2.8,0.6428571428571428,0.6091730907237828,1.7756790886344438,1.0,4.450614506875254
fish6,13.78,3025,151.25,20.0,20.0,6.800000000000001,2.428571428571429,2.1857142857142855,16.514285714285716,18.457142857142856,716,1379,25.70004599064956,9.543776027933758,49.56382201858332,86.5,63.7,65.6,48.6,18.89956494745305,40.38388706243438,2.8,0.6428571428571428,0.6091730907237826,1.623564507639324,1.0,4.585481613144201
fish6,13.78,3065,153.25,20.0,20.0,6.704028320312498,2.3942958286830356,2.1548662458147323,16.051427042697156,18.196648297991068,755,1608,25.61292446831597,9.711321524895562,50.424245993211535,87.0,63.6,65.6,48.8,18.110589623918955,39.252016593272565,2.8,0.6428571428571428,0.6091730907237826,1.6942939736199036,1.0,4.5207644995280845
fish6,13.78,1635,81.75,20.0,20.0,7.403076934814455,2.643956048148019,2.3795604433332174,19.57341003670777,20.094065965924944,828,1641,26.208415082295733,9.78423496957355,52.55265005186928,86.9,63.5,65.6,48.6,24.387195353816495,47.86464240868412,2.8,0.6428571428571428,0.6091730907237827,1.2582284437930256,1.0,4.99215781842406
fish6,13.78,5930,296.5,20.0,20.0,7.0,2.5,2.25,17.500000000000004,19.0,735,1655,26.027338945384088,9.635973211659325,50.36331215704341,87.0,63.6,65.7,49.0,20.616701789183022,42.794343989171374,2.8,0.6428571428571428,0.6091730907237826,1.4883400445074286,1.0,4.720348719413148
fish6,13.78,5910,295.5,20.0,20.0,7.200000000000001,2.571428571428572,2.314285714285715,18.514285714285723,19.54285714285715,742,1598,26.049778082030503,9.680540254338585,50.57031833636909,87.0,63.6,65.7,48.9,22.434818394778393,45.27466923262541,2.8,0.6428571428571428,0.6091730907237826,1.367725038757201,1.0,4.855215825682096
fish6,13.78,1380,69.0,20.0,20.0,7.200000000000001,2.571428571428572,2.314285714285715,18.514285714285723,19.54285714285715,858,1167,25.83250797156817,9.757125272528334,52.7496332440965,87.1,63.5,65.6,48.7,22.434818394778393,45.27466923262541,2.8,0.6428571428571428,0.6091730907237826,1.367725038757201,1.0,4.855215825682096
fish6,13.78,3000,150.0,20.0,20.0,7.071067810058595,2.5253813607352122,2.272843224661691,17.85714284801673,19.19289834158761,855,1411,25.702420111083992,9.53031899511549,52.33273910619948,86.9,63.6,65.6,48.6,21.251034445563498,43.66769792581711,2.8,0.6428571428571428,0.6091730907237826,1.4439138450935487,1.0,4.768272268870517
fish6,13.78,1405,70.25,20.0,20.0,7.200000000000001,2.571428571428572,2.314285714285715,18.514285714285723,19.54285714285715,888,965,26.08800268825955,9.8192997982343,53.66730248649385,87.1,63.4,65.8,48.6,22.434818394778393,45.27466923262541,2.8,0.6428571428571428,0.6091730907237826,1.367725038757201,1.0,4.855215825682096
fish6,13.78,5780,289.0,20.0,20.0,6.6,2.357142857142857,2.1214285714285714,15.557142857142857,17.91428571428571,767,848,25.72008918048246,9.664619019307032,50.72470819978949,86.8,63.6,65.6,48.9,17.28052273347802,38.04329845241439,2.8,0.6428571428571428,0.6091730907237828,1.7756790886344438,1.0,4.450614506875254
fish6,13.78,1625,81.25,20.0,20.0,6.6,2.357142857142857,2.1214285714285714,15.557142857142857,17.91428571428571,827,1380,26.19593658824025,9.784632091935476,52.52056868017572,86.9,63.5,65.6,48.6,17.28052273347802,38.04329845241439,2.8,0.6428571428571428,0.6091730907237828,1.7756790886344438,1.0,4.450614506875254
fish6,13.78,4430,221.5,20.0,20.0,6.707171630859373,2.395418439592634,2.1558765956333708,16.066482602073147,18.20518014090402,837,1486,25.55155298868815,9.646038369401294,51.93759135808945,86.0,63.3,65.6,48.8,18.136076048001843,39.288833323951735,2.8,0.6428571428571428,0.6091730907237827,1.6919130013181516,1.0,4.522884145515892
fish6,13.78,3345,167.25,20.0,20.0,7.3999999999999995,2.642857142857143,2.3785714285714286,19.557142857142857,20.085714285714282,825,1613,25.46339249101804,9.585029201242651,51.54842169226069,86.4,63.5,65.7,49.0,24.356799900349557,47.82486279279642,2.8,0.6428571428571428,0.6091730907237827,1.259798618211281,1.0,4.990082931951043
fish6,13.78,1670,83.5,20.0,20.0,7.200000000000001,2.571428571428572,2.314285714285715,18.514285714285723,19.54285714285715,876,2017,26.002788397725418,9.73818009049098,53.26096848821639,87.1,63.4,65.5,48.7,22.434818394778393,45.27466923262541,2.8,0.6428571428571428,0.6091730907237826,1.367725038757201,1.0,4.855215825682096
fish6,13.78,1645,82.25,20.0,20.0,7.3999999999999995,2.642857142857143,2.3785714285714286,19.557142857142857,20.085714285714282,822,1792,26.241049500566643,9.78541984887653,52.46646934944317,87.2,63.5,65.6,48.7,24.356799900349557,47.82486279279642,2.8,0.6428571428571428,0.6091730907237827,1.259798618211281,1.0,4.990082931951043
fish6,13.78,2990,149.5,20.0,20.0,7.093561553955078,2.5334148406982426,2.2800733566284186,17.97093411419628,19.253952789306645,823,1478,25.956375151740176,9.7062006064415,52.12257575818168,86.8,63.6,65.4,48.7,21.45448499822636,43.94596207369431,2.8,0.6428571428571428,0.6091730907237827,1.4302213668165762,1.0,4.783440599612885
fish6,13.78,1395,69.75,20.0,20.0,7.0,2.5,2.25,17.500000000000004,19.0,880,837,25.81936573591822,9.776047810490928,53.19541354640915,87.1,63.5,65.6,48.7,20.616701789183022,42.794343989171374,2.8,0.6428571428571428,0.6091730907237826,1.4883400445074286,1.0,4.720348719413148
fish6,13.78,6045,302.25,20.0,20.0,6.6,2.357142857142857,2.1214285714285714,15.557142857142857,17.91428571428571,751,482,25.687998415629075,9.675784388383232,50.38378280401231,86.7,63.6,65.6,48.9,17.28052273347802,38.04329845241439,2.8,0.6428571428571428,0.6091730907237828,1.7756790886344438,1.0,4.450614506875254
fish6,13.78,5920,296.0,20.0,20.0,7.200000000000001,2.571428571428572,2.314285714285715,18.514285714285723,19.54285714285715,730,1648,26.03391429277585,9.683867072889544,50.3177813656654,87.0,63.6,65.7,48.9,22.434818394778393,45.27466923262541,2.8,0.6428571428571428,0.6091730907237826,1.367725038757201,1.0,4.855215825682096
fish6,13.78,1685,84.25,20.0,20.0,7.3999999999999995,2.642857142857143,2.3785714285714286,19.557142857142857,20.085714285714282,866,2282,25.88519712931316,9.753886486646865,52.95908361596002,87.0,63.5,65.5,48.8,24.356799900349557,47.82486279279642,2.8,0.6428571428571428,0.6091730907237827,1.259798618211281,1.0,4.990082931951043
fish6,13.78,5925,296.25,20.0,20.0,7.200000000000001,2.571428571428572,2.314285714285715,18.514285714285723,19.54285714285715,731,1656,26.075754611469787,9.630006395806207,50.325761007276,87.0,63.6,65.7,48.9,22.434818394778393,45.27466923262541,2.8,0.6428571428571428,0.6091730907237826,1.367725038757201,1.0,4.855215825682096
fish6,13.78,3340,167.0,20.0,20.0,7.3999999999999995,2.642857142857143,2.3785714285714286,19.557142857142857,20.085714285714282,836,1613,25.47925619527558,9.58527008665932,51.7845262819349,86.4,63.5,65.7,49.0,24.356799900349557,47.82486279279642,2.8,0.6428571428571428,0.6091730907237827,1.259798618211281,1.0,4.990082931951043
fish6,13.78,3305,165.25,20.0,20.0,7.3999999999999995,2.642857142857143,2.3785714285714286,19.557142857142857,20.085714285714282,843,1613,25.59073665093317,9.639231681145562,52.08996833207873,86.6,63.5,65.7,49.0,24.356799900349557,47.82486279279642,2.8,0.6428571428571428,0.6091730907237827,1.259798618211281,1.0,4.990082931951043
fish6,13.78,1675,83.75,20.0,20.0,7.3999999999999995,2.642857142857143,2.3785714285714286,19.557142857142857,20.085714285714282,864,2092,25.93450276692708,9.749869553248088,52.96437232017517,87.1,63.5,65.5,48.7,24.356799900349557,47.82486279279642,2.8,0.6428571428571428,0.6091730907237827,1.259798618211281,1.0,4.990082931951043
fish6,13.78,1275,63.75,20.0,20.0,6.7306671142578125,2.403809683663505,2.163428715297154,16.179242786768427,18.268953595842635,843,1750,26.20719511349525,9.733336395422617,52.80053150891786,87.2,63.6,65.7,48.7,18.327338628144688,39.564576074359294,2.8,0.6428571428571428,0.6091730907237826,1.6742563380908786,1.0,4.53872798479758
fish6,13.78,1325,66.25,20.0,20.0,7.0,2.5,2.25,17.500000000000004,19.0,859,1058,25.92922194098955,9.663981020090317,52.77320296107987,87.0,63.4,65.7,48.7,20.616701789183022,42.794343989171374,2.8,0.6428571428571428,0.6091730907237826,1.4883400445074286,1.0,4.720348719413148
fish6,13.78,1710,85.5,20.0,20.0,7.3999999999999995,2.642857142857143,2.3785714285714286,19.557142857142857,20.085714285714282,852,2385,26.184860445300448,9.801829348712497,53.02668979401295,87.0,63.6,65.6,48.9,24.356799900349557,47.82486279279642,2.8,0.6428571428571428,0.6091730907237827,1.259798618211281,1.0,4.990082931951043
fish6,13.78,5700,285.0,20.0,20.0,7.200000000000001,2.571428571428572,2.314285714285715,18.514285714285723,19.54285714285715,892,761,25.66937424647956,9.790419781737858,53.29979402821742,86.4,63.5,65.7,48.8,22.434818394778393,45.27466923262541,2.8,0.6428571428571428,0.6091730907237826,1.367725038757201,1.0,4.855215825682096
fish6,13.78,1410,70.5,20.0,20.0,7.3999999999999995,2.642857142857143,2.3785714285714286,19.557142857142857,20.085714285714282,909,1033,26.08214331325954,9.81643521490097,54.07857852816051,87.1,63.4,65.8,48.6,24.356799900349557,47.82486279279642,2.8,0.6428571428571428,0.6091730907237827,1.259798618211281,1.0,4.990082931951043
fish6,13.78,4465,223.25,20.0,20.0,7.111791229248047,2.53992543901716,2.2859328951154443,18.063419460146235,19.303433336530414,868,1484,25.80394456649591,9.478163960732358,52.64210852722827,86.3,63.3,65.6,48.6,21.620317461317686,44.1721249141823,2.8,0.6428571428571428,0.6091730907237827,1.4192512627721106,1.0,4.795733517387812
fish6,13.78,4460,223.0,20.0,20.0,7.243628692626954,2.587010247366769,2.3283092226300925,18.739341655945886,19.66127787998745,858,1484,25.859170245869947,9.476744689899023,52.495914935768965,86.3,63.3,65.7,48.6,22.845128755212848,45.825019026008945,2.8,0.6428571428571428,0.6091730907237827,1.343159987728559,1.0,4.884636203306569
fish6,13.78,5995,299.75,20.0,20.0,7.200000000000001,2.571428571428572,2.314285714285715,18.514285714285723,19.54285714285715,706,811,26.05235558401979,9.632574704223208,49.804930288243,87.1,63.6,65.7,49.0,22.434818394778393,45.27466923262541,2.8,0.6428571428571428,0.6091730907237826,1.367725038757201,1.0,4.855215825682096
fish6,13.78,1680,84.0,20.0,20.0,7.3999999999999995,2.642857142857143,2.3785714285714286,19.557142857142857,20.085714285714282,839,2189,25.847167532009543,9.748128032419416,52.37529556442897,87.0,63.5,65.5,48.7,24.356799900349557,47.82486279279642,2.8,0.6428571428571428,0.6091730907237827,1.259798618211281,1.0,4.990082931951043
fish6,13.78,5855,292.75,20.0,20.0,6.6,2.357142857142857,2.1214285714285714,15.557142857142857,17.91428571428571,864,864,25.870354940607523,9.700331982252331,52.85068692285986,87.1,63.5,65.7,49.1,17.28052273347802,38.04329845241439,2.8,0.6428571428571428,0.6091730907237828,1.7756790886344438,1.0,4.450614506875254
fish6,13.78,3315,165.75,20.0,20.0,7.3999999999999995,2.642857142857143,2.3785714285714286,19.557142857142857,20.085714285714282,870,1613,25.586300455051003,9.634898996893565,52.62119945194458,86.6,63.5,65.7,49.0,24.356799900349557,47.82486279279642,2.8,0.6428571428571428,0.6091730907237827,1.259798618211281,1.0,4.990082931951043
fish6,13.78,3320,166.0,20.0,20.0,7.3999999999999995,2.642857142857143,2.3785714285714286,19.557142857142857,20.085714285714282,870,1613,25.549750942484533,9.609296781370372,52.5590477238549,86.6,63.6,65.7,49.0,24.356799900349557,47.82486279279642,2.8,0.6428571428571428,0.6091730907237827,1.259798618211281,1.0,4.990082931951043
fish6,13.78,1400,70.0,20.0,20.0,7.200000000000001,2.571428571428572,2.314285714285715,18.514285714285723,19.54285714285715,895,835,26.09582391425239,9.81265591426425,53.80847982851664,87.1,63.4,65.8,48.6,22.434818394778393,45.27466923262541,2.8,0.6428571428571428,0.6091730907237826,1.367725038757201,1.0,4.855215825682096
fish6,13.78,5705,285.25,20.0,20.0,7.3999999999999995,2.642857142857143,2.3785714285714286,19.557142857142857,20.085714285714282,911,871,25.83044624142117,9.717262229654525,53.76770847107569,86.5,63.4,65.7,48.8,24.356799900349557,47.82486279279642,2.8,0.6428571428571428,0.6091730907237827,1.259798618211281,1.0,4.990082931951043
fish6,13.78,4555,227.75,20.0,20.0,7.293242645263671,2.6047295161655972,2.3442565645490374,18.996924386675943,19.795944322858535,873,1251,25.72222983571747,9.525527261691623,52.70775709740909,86.1,63.4,65.7,48.6,23.317772309671657,46.45490953941078,2.8,0.6428571428571428,0.6091730907237827,1.3159345777547446,1.0,4.918092654419962
fish6,13.78,2995,149.75,20.0,20.0,7.200000000000001,2.571428571428572,2.314285714285715,18.514285714285723,19.54285714285715,860,1428,25.95895759480795,9.707147886657715,52.86610548146567,86.8,63.6,65.4,48.7,22.434818394778393,45.27466923262541,2.8,0.6428571428571428,0.6091730907237826,1.367725038757201,1.0,4.855215825682096
fish6,13.78,1385,69.25,20.0,20.0,7.200000000000001,2.571428571428572,2.314285714285715,18.514285714285723,19.54285714285715,899,1130,25.834947222222223,9.762662393824264,53.57760961604649,87.1,63.5,65.6,48.7,22.434818394778393,45.27466923262541,2.8,0.6428571428571428,0.6091730907237826,1.367725038757201,1.0,4.855215825682096
fish6,13.78,4550,227.5,20.0,20.0,7.3999999999999995,2.642857142857143,2.3785714285714286,19.557142857142857,20.085714285714282,872,1251,25.742750722173994,9.526806519307028,52.70955724148102,86.1,63.4,65.7,48.6,24.356799900349557,47.82486279279642,2.8,0.6428571428571428,0.6091730907237827,1.259798618211281,1.0,4.990082931951043
fish6,13.78,3295,164.75,20.0,20.0,7.3999999999999995,2.642857142857143,2.3785714285714286,19.557142857142857,20.085714285714282,912,1537,25.674282280797133,9.746077411132392,53.66035969192953,86.4,63.5,65.6,48.9,24.356799900349557,47.82486279279642,2.8,0.6428571428571428,0.6091730907237827,1.259798618211281,1.0,4.990082931951043
fish6,13.78,4495,224.75,20.0,20.0,7.283672332763672,2.6013115474155972,2.3411803926740373,18.947100946809634,19.76996776035854,881,1468,25.742195333899986,9.601552621957993,52.96374795585798,86.1,63.4,65.6,48.6,23.226098821759482,46.33307174373294,2.8,0.6428571428571428,0.6091730907237826,1.3211285758313385,1.0,4.91163905265514
fish6,13.78,4490,224.5,20.0,20.0,7.332654571533202,2.6188052041190013,2.356924683707101,19.202793951938137,19.902919551304407,893,1497,25.69838433159721,9.599306528207991,53.15769085980521,86.1,63.4,65.7,48.6,23.697839236726157,46.958341138995436,2.8,0.6428571428571428,0.6091730907237827,1.2948295645011771,1.0,4.944669516662246
fish6,13.78,4470,223.5,20.0,20.0,7.502580261230468,2.679492950439453,2.411543655395508,20.10311092007323,20.36414642333984,885,1497,25.770363799370656,9.480982962671913,52.951346762042576,86.3,63.3,65.6,48.6,25.383822336484023,49.159968226633204,2.8,0.6428571428571428,0.6091730907237827,1.2088275143025309,1.0,5.059256446913372
fish6,13.78,3265,163.25,20.0,20.0,7.3999999999999995,2.642857142857143,2.3785714285714286,19.557142857142857,20.085714285714282,903,1549,25.763518258535125,9.668854084608288,53.492372343143415,86.6,63.4,65.6,48.9,24.356799900349557,47.82486279279642,2.8,0.6428571428571428,0.6091730907237827,1.259798618211281,1.0,4.990082931951043
fish6,13.78,3260,163.0,20.0,20.0,7.3999999999999995,2.642857142857143,2.3785714285714286,19.557142857142857,20.085714285714282,908,1549,25.77713372124566,9.672343667941623,53.60947738918729,86.6,63.4,65.6,48.9,24.356799900349557,47.82486279279642,2.8,0.6428571428571428,0.6091730907237827,1.259798618211281,1.0,4.990082931951043
fish7,18.32,1915,95.75,20.0,20.0,7.500000000000001,2.678571428571429,2.4107142857142856,20.08928571428572,20.357142857142858,1243,1672,26.01656135999891,9.793775959608288,60.6703373196072,87.1,63.4,65.7,48.7,25.357641595660606,49.12616019165083,2.8,0.6428571428571428,0.6091730907237827,1.3916447890155932,1.0,5.057516485085516
fish7,18.32,1920,96.0,20.0,20.0,7.500000000000001,2.678571428571429,2.4107142857142856,20.08928571428572,20.357142857142858,1235,1653,25.91538957579812,9.76613599114948,60.3815255669476,87.0,63.3,65.7,48.7,25.357641595660606,49.12616019165083,2.8,0.6428571428571428,0.6091730907237827,1.3916447890155932,1.0,5.057516485085516
fish7,18.32,1905,95.25,20.0,20.0,7.678571428571431,2.7423469387755106,2.4681122448979598,21.057306851311964,20.84183673469388,1238,1625,26.03915270903788,9.795956949191622,60.595109658229504,87.1,63.4,65.8,48.7,27.212369214261262,51.49335045031881,2.8000000000000003,0.6428571428571428,0.6091730907237826,1.29679373047137,1.0,5.17793354425422
fish7,18.32,5795,289.75,20.0,20.0,7.142857142857143,2.5510204081632657,2.2959183673469394,18.22157434402333,19.387755102040817,1238,2242,25.61283321350474,9.695657389153377,60.06849060265812,87.0,63.5,65.8,48.8,21.904884220417326,44.55887545727966,2.8,0.6428571428571428,0.6091730907237826,1.6110027988841755,1.0,4.816682366748111
fish7,18.32,5780,289.0,20.0,20.0,7.321428571428572,2.6147959183673475,2.3533163265306127,19.144041545189513,19.872448979591837,1278,2212,25.60276813505196,9.692219889153376,60.85498802420534,87.0,63.5,65.8,48.8,23.58916445867785,46.814668527304434,2.8,0.6428571428571428,0.6091730907237826,1.495976250033912,1.0,4.937099425916814
fish7,18.32,1875,93.75,20.0,20.0,7.857142857142859,2.8061224489795924,2.525510204081633,22.04810495626823,21.326530612244902,1250,1833,25.833814116282525,9.659807903279196,60.49362201956172,86.8,63.4,65.7,48.6,29.155400897375472,53.916239303308394,2.8,0.6428571428571428,0.6091730907237826,1.2103702470955486,1.0,5.298350603422922
fish7,18.32,1900,95.0,20.0,20.0,7.678571428571431,2.7423469387755106,2.4681122448979598,21.057306851311964,20.84183673469388,1233,1580,26.07101024439305,9.798144449191623,60.52915469358467,87.1,63.4,65.7,48.7,27.212369214261262,51.49335045031881,2.8000000000000003,0.6428571428571428,0.6091730907237826,1.29679373047137,1.0,5.17793354425422
fish7,18.32,5785,289.25,20.0,20.0,7.142857142857143,2.5510204081632657,2.2959183673469394,18.22157434402333,19.387755102040817,1220,2229,25.608085017432696,9.70179671207004,59.70988172950274,87.0,63.5,65.8,48.8,21.904884220417326,44.55887545727966,2.8,0.6428571428571428,0.6091730907237826,1.6110027988841755,1.0,4.816682366748111
fish7,18.32,1910,95.5,20.0,20.0,8.035714285714288,2.8698979591836746,2.5829081632653073,23.061680029154534,21.811224489795926,1278,1603,26.03262049628364,9.796191324191623,61.38881182047527,87.1,63.4,65.7,48.7,31.18879022789891,56.39482675061959,2.8,0.6428571428571428,0.6091730907237826,1.1314587558692697,1.0,5.418767662591626
fish7,18.32,1880,94.0,20.0,20.0,7.857142857142859,2.8061224489795924,2.525510204081633,22.04810495626823,21.326530612244902,1275,1884,25.66453891661844,9.644221965779202,60.80876088239764,86.5,63.4,65.7,48.6,29.155400897375472,53.916239303308394,2.8,0.6428571428571428,0.6091730907237826,1.2103702470955486,1.0,5.298350603422922
fish7,18.32,5790,289.5,20.0,20.0,7.142857142857143,2.5510204081632657,2.2959183673469394,18.22157434402333,19.387755102040817,1201,2250,25.52510313517252,9.699426920403376,59.24453005557589,87.0,63.5,65.7,48.8,21.904884220417326,44.55887545727966,2.8,0.6428571428571428,0.6091730907237826,1.6110027988841755,1.0,4.816682366748111
fish7,18.32,1970,98.5,20.0,20.0,7.500000000000001,2.678571428571429,2.4107142857142856,20.08928571428572,20.357142857142858,1260,1589,26.03867527848232,9.581415903207992,60.8200911816903,86.9,63.5,65.8,48.7,25.357641595660606,49.12616019165083,2.8,0.6428571428571428,0.6091730907237827,1.3916447890155932,1.0,5.057516485085516
fish7,18.32,5265,263.25,20.0,20.0,7.500000000000001,2.678571428571429,2.4107142857142856,20.08928571428572,20.357142857142858,1323,2507,25.61334529605441,9.735878816562227,61.80922411261665,86.7,63.3,65.6,49.0,25.357641595660606,49.12616019165083,2.8,0.6428571428571428,0.6091730907237827,1.3916447890155932,1.0,5.057516485085516
fish7,18.32,1925,96.25,20.0,20.0,7.321428571428572,2.6147959183673475,2.3533163265306127,19.144041545189513,19.872448979591837,1172,1616,25.912329484934865,9.766764255099828,59.1190937400347,87.0,63.3,65.7,48.7,23.58916445867785,46.814668527304434,2.8,0.6428571428571428,0.6091730907237826,1.495976250033912,1.0,4.937099425916814
fish7,18.32,4090,204.5,20.0,20.0,7.142857142857143,2.5510204081632657,2.2959183673469394,18.22157434402333,19.387755102040817,1133,2493,25.411774286547992,9.73756178935369,57.80933607590168,86.1,63.1,65.6,48.9,21.904884220417326,44.55887545727966,2.8,0.6428571428571428,0.6091730907237826,1.6110027988841755,1.0,4.816682366748111
fish7,18.32,1965,98.25,20.0,20.0,7.857142857142859,2.8061224489795924,2.525510204081633,22.04810495626823,21.326530612244902,1294,1589,25.99108840450712,9.582760310702854,61.45384871520997,86.9,63.5,65.8,48.7,29.155400897375472,53.916239303308394,2.8,0.6428571428571428,0.6091730907237826,1.2103702470955486,1.0,5.298350603422922
fish7,18.32,1960,98.0,20.0,20.0,7.678571428571431,2.7423469387755106,2.4681122448979598,21.057306851311964,20.84183673469388,1343,1601,25.98158324771457,9.5807648701032,62.42234811781777,86.8,63.5,65.7,48.7,27.212369214261262,51.49335045031881,2.8000000000000003,0.6428571428571428,0.6091730907237826,1.29679373047137,1.0,5.17793354425422
fish7,18.32,4095,204.75,20.0,20.0,7.142857142857143,2.5510204081632657,2.2959183673469394,18.22157434402333,19.387755102040817,1141,2735,25.3986274582851,9.750195254474216,57.96882271275932,86.1,63.1,65.7,48.9,21.904884220417326,44.55887545727966,2.8,0.6428571428571428,0.6091730907237826,1.6110027988841755,1.0,4.816682366748111
fish7,18.32,4135,206.75,20.0,20.0,6.7857142857142865,2.423469387755103,2.1811224489795924,16.44497084548106,18.418367346938776,1100,2082,25.74168387518989,9.70728187763426,57.44896575282415,86.4,63.1,65.8,48.8,18.78070010848031,40.21438510019489,2.8,0.6428571428571428,0.6091730907237826,1.878994371056044,1.0,4.575848248410706
fish7,18.32,4130,206.5,20.0,20.0,6.7857142857142865,2.423469387755103,2.1811224489795924,16.44497084548106,18.418367346938776,1101,3894,25.74832453816732,9.702509733570944,57.47083427173827,86.4,63.1,65.8,48.8,18.78070010848031,40.21438510019489,2.8,0.6428571428571428,0.6091730907237826,1.878994371056044,1.0,4.575848248410706
fish7,18.32,2275,113.75,20.0,20.0,10.178571428571427,3.6352040816326534,3.271683673469388,37.00118440233236,27.627551020408166,1481,1987,25.67621895930915,9.511324863168928,64.80754382247808,86.8,63.4,65.7,48.7,63.38486286612103,90.48236647543848,2.7999999999999994,0.6428571428571428,0.6091730907237827,0.5567390729054947,1.0,6.863772372616058
fish7,18.32,2285,114.25,20.0,20.0,10.0,3.5714285714285716,3.214285714285715,35.71428571428572,27.142857142857142,1541,1892,25.57634928835645,9.547779940753513,65.94412922910996,86.5,63.4,65.7,48.8,60.107002300825144,87.33539589626811,2.8,0.6428571428571428,0.6091730907237827,0.5871001453659535,1.0,6.743355313447356
fish8,12.7,7410,370.5,20.0,20.0,7.627078562853568,2.7239566295905604,2.4515609666315044,20.77583121569302,20.70207038488826,916,380,25.621670783130035,9.80227531762653,53.74394610075657,86.9,63.7,65.5,48.8,26.66856998398345,50.805032440304664,2.8,0.6428571428571428,0.6091730907237827,0.5734244700704659,1.0,5.143210075289902
fish8,12.7,7420,371.0,20.0,20.0,7.6168646972003815,2.720308820428708,2.448277938385837,20.720224219806237,20.67434703525818,924,382,25.76633226542532,9.731285759724512,53.97761802514982,86.7,63.7,65.5,48.7,26.5615730862916,50.66905158829418,2.8,0.6428571428571428,0.6091730907237826,0.5757343723928473,1.0,5.136322502767577
fish8,12.7,7415,370.75,20.0,20.0,7.622967893859606,2.722488533521288,2.450239680169159,20.753442682433697,20.690912854761788,913,378,25.77451367722499,9.798606696065267,53.83312037329026,86.7,63.7,65.5,48.8,26.625473565118988,50.750283720663944,2.8,0.6428571428571428,0.6091730907237827,0.5743526241214668,1.0,5.140438105129676
fish8,12.7,3060,153.0,20.0,20.0,7.145719376227975,2.5520426343671345,2.296838370930421,18.23618050135712,19.39552402119022,928,300,25.958172084309144,9.92456376135084,54.44273584565998,86.9,63.8,65.6,48.9,21.931227467722895,44.5945932242112,2.8,0.6428571428571428,0.6091730907237827,0.6972893164830523,1.0,4.818612472409064
fish8,12.7,7445,372.25,20.0,20.0,6.977297898549523,2.49189210662483,2.242702895962347,17.386673558965573,18.938380010348705,893,369,25.66268206372673,9.7676627084944,53.29034477222113,87.0,63.6,65.5,48.7,20.416762005798745,42.517216520560176,2.8,0.6428571428571428,0.6091730907237828,0.7490125322643966,1.0,4.705039885768899
fish8,12.7,4215,210.75,20.0,20.0,7.63442721644292,2.7265811487296143,2.4539230338566527,20.81588532970157,20.72201673034507,832,351,25.896986453510795,9.878440500630274,52.41542695414107,86.6,63.7,65.7,49.2,26.74572939653099,50.90298041362257,2.8,0.6428571428571428,0.6091730907237825,0.5717701837133787,1.0,5.1481655335127465
fish8,12.7,3070,153.5,20.0,20.0,6.90382153380284,2.4656505477867285,2.2190854930080564,17.022411346642784,18.738944163179138,918,300,25.838892598300497,9.905221292961969,54.10411389126247,86.9,63.7,65.6,48.9,19.77851757827595,41.626452953908874,2.8,0.6428571428571428,0.6091730907237827,0.7731828510443828,1.0,4.655492162306165
fish8,12.7,3075,153.75,20.0,20.0,6.882215475135463,2.4579340982626654,2.2121406884363988,16.916032087926443,18.680299146796255,897,275,25.852742458692006,9.893424417961969,53.68616687665397,86.9,63.7,65.6,48.9,19.593402788099027,41.366314063004864,2.7999999999999994,0.6428571428571428,0.6091730907237827,0.7804877374282024,1.0,4.6409224292544335
fish8,12.7,3055,152.75,20.0,20.0,7.145719376227975,2.5520426343671345,2.296838370930421,18.23618050135712,19.39552402119022,882,300,25.97255145934305,9.93191402176751,53.54446548111056,86.9,63.8,65.6,48.9,21.931227467722895,44.5945932242112,2.8,0.6428571428571428,0.6091730907237827,0.6972893164830523,1.0,4.818612472409064
fish8,12.7,2655,132.75,20.0,20.0,7.627078562853568,2.7239566295905604,2.4515609666315044,20.77583121569302,20.70207038488826,1010,203,25.94292526011526,9.849908752399022,55.99283401251428,87.1,63.8,65.7,48.8,26.66856998398345,50.805032440304664,2.8,0.6428571428571428,0.6091730907237827,0.5734244700704659,1.0,5.143210075289902
fish8,12.7,7440,372.0,20.0,20.0,6.938134406213024,2.4779051450760803,2.230114630568472,17.192038942384627,18.832079102578213,869,381,25.66776451640187,9.766227165974511,52.81399168237638,87.0,63.6,65.5,48.7,20.07489097829309,42.04125876432216,2.8,0.6428571428571428,0.6091730907237825,0.7617680527948306,1.0,4.678630551354851
fish8,12.7,3065,153.25,20.0,20.0,7.03520681450564,2.5125738623234435,2.261316476091099,17.676476758166647,19.09556135365817,928,300,25.83614952888018,9.925475219684175,54.32162474856436,87.0,63.8,65.6,48.9,20.92934687625123,43.22589868031865,2.8,0.6428571428571428,0.6091730907237827,0.7306683147363434,1.0,4.744089925379765
fish8,12.7,7390,369.5,20.0,20.0,8.153083998517863,2.9118157137563796,2.6206341423807418,23.740278102460003,22.129799424548484,994,365,25.96582250064802,9.964390980519187,55.81021348116721,86.7,63.5,65.6,48.6,32.575479663758735,58.054264429443776,2.8,0.6428571428571428,0.6091730907237826,0.4694454469573363,1.0,5.497914230238803
fish8,12.7,3285,164.25,20.0,20.0,7.166823997356316,2.5595799990558272,2.3036219991502445,18.34405936038656,19.452807992824287,962,353,26.17229043209877,9.76920243707233,55.1814928691711,86.8,63.8,65.7,48.8,22.126121184888884,44.858399224352084,2.7999999999999994,0.6428571428571428,0.6091730907237826,0.691147376569864,1.0,4.832844068311473
fish8,12.7,3345,167.25,20.0,20.0,6.977117869250519,2.4918278104466145,2.242645029401953,17.38577634336247,18.937891359394268,852,200,25.95663404252793,9.818600141355724,52.81523418388366,86.8,63.7,65.7,48.7,20.415181657402865,42.51502247752295,2.7999999999999994,0.6428571428571428,0.6091730907237825,0.749070513661463,1.0,4.704918485615898
fish8,12.7,7405,370.25,20.0,20.0,7.899668857972444,2.821310306418731,2.5391792757768576,22.287417166292744,21.441958328782352,973,380,25.607365251536425,9.805312456597225,54.87267770813365,86.9,63.7,65.5,48.8,29.63136984617986,54.50145124825684,2.8,0.6428571428571428,0.6091730907237825,0.5160885470360517,1.0,5.327027396788308
fish8,12.7,3080,154.0,20.0,20.0,6.750403006265528,2.410858216523403,2.1697723948710625,16.274264552499528,18.32252244557786,925,275,25.861744221327044,9.893528584628632,54.25527280595568,86.9,63.7,65.6,48.9,18.489031970380733,39.796941453168166,2.8000000000000003,0.6428571428571428,0.6091730907237826,0.8271071538575491,1.0,4.552036598021164
fish8,12.7,3275,163.75,20.0,20.0,7.059223943530607,2.5211514084037883,2.2690362675634095,17.797372387469935,19.160750703868793,985,274,26.164595148364405,9.763264946397143,55.62786009476154,86.8,63.7,65.7,48.8,21.144428310961505,43.521535774443926,2.8,0.6428571428571428,0.6091730907237825,0.7232359459288425,1.0,4.76028552884219
fish8,12.7,3050,152.5,20.0,20.0,7.1449072101530815,2.551752575054672,2.296577317549205,18.23203537203482,19.393319570415507,880,305,25.979070597029324,9.930696573850842,53.50976717088017,86.9,63.8,65.6,48.9,21.923750358580683,44.584456761919895,2.8,0.6428571428571428,0.6091730907237827,0.697527127452333,1.0,4.818064799967409
fish8,12.7,7400,370.0,20.0,20.0,7.904858685645754,2.8231638163020554,2.54084743467185,22.31671101429612,21.456045003895625,997,380,25.6439320203993,9.824261004882391,55.40819302528169,86.9,63.7,65.5,48.8,29.689808784977046,54.57308616301244,2.8000000000000003,0.6428571428571428,0.6091730907237825,0.5150727214632905,1.0,5.330527081989977
fish8,12.7,3290,164.5,20.0,20.0,7.802413877594113,2.7865763848550404,2.5079187463695365,21.742022256169,21.177980524898306,1023,305,26.07574535040208,9.766458289930556,56.30220364033264,86.5,63.7,65.7,48.8,28.55038835161309,53.16774739718378,2.8,0.6428571428571428,0.6091730907237827,0.5356288125495434,1.0,5.261444907918965
fish8,12.7,7425,371.25,20.0,20.0,6.988411910697739,2.4958613966777636,2.2462752570099873,17.442107511993576,18.968546614751006,838,382,25.75598501924114,9.728570915974512,52.24455593521566,86.7,63.7,65.5,48.7,20.514481974376476,42.652774215106476,2.8000000000000003,0.6428571428571428,0.6091730907237825,0.7454446390459071,1.0,4.712534459056237
fish8,12.7,3090,154.5,20.0,20.0,7.1010731271892755,2.536097545424741,2.282487790882267,18.009014127746312,19.274341345228034,871,299,25.84712194325012,9.800761657545298,53.06788360079541,86.6,63.8,65.6,48.9,21.522713481725994,44.039082599349875,2.8,0.6428571428571428,0.6091730907237826,0.7105242851272897,1.0,4.788505920341002
fish8,12.7,2660,133.0,20.0,20.0,7.465654325641268,2.6663051163004527,2.3996746046704076,19.905712324987917,20.26391888388344,1024,242,25.94065094936041,9.8433625263532,56.26401347571361,87.1,63.8,65.7,48.9,25.01086437435146,48.67725146200121,2.8,0.6428571428571428,0.6091730907237826,0.6114307119383343,1.0,5.034355976517427
fish8,12.7,4200,210.0,20.0,20.0,7.739000845527437,2.763928873402656,2.4875359860623902,21.39004788824085,21.005859437860188,852,307,25.921366250704544,9.84795874912474,52.80932499982928,86.8,63.8,65.8,49.1,27.85991271143168,52.30703241567014,2.8,0.6428571428571428,0.6091730907237826,0.548903751745351,1.0,5.218683247246102
fish8,12.7,3040,152.0,20.0,20.0,8.171388502922118,2.9183530367579,2.62651773308211,23.846996452031355,22.179483079360036,1010,231,26.228097374056592,9.87968089989556,56.30777827395215,87.0,63.6,65.6,49.0,32.79537843500595,58.315232530101675,2.8,0.6428571428571428,0.6091730907237827,0.4662977328012671,1.0,5.510257607942249
fish8,12.7,3035,151.75,20.0,20.0,8.171388502922118,2.9183530367579,2.62651773308211,23.846996452031355,22.179483079360036,1011,231,26.222233625831123,9.879173087395564,56.321406713226686,87.0,63.6,65.6,49.0,32.79537843500595,58.315232530101675,2.8,0.6428571428571428,0.6091730907237827,0.4662977328012671,1.0,5.510257607942249
fish8,12.7,4220,211.0,20.0,20.0,7.373986356220211,2.633566555792932,2.3702099002136388,19.419883850614934,20.015105824026286,794,354,25.90134840176429,9.877821990956202,51.6591703927205,86.6,63.7,65.7,49.2,24.100833266375222,47.48921084188397,2.8000000000000003,0.6428571428571428,0.6091730907237826,0.6345179206703346,1.0,4.972541007650585
fish8,12.7,4225,211.25,20.0,20.0,7.534345674358732,2.690837740842404,2.421753966758164,20.273701693117193,20.450366830402274,771,332,25.89176508907742,9.87995740762287,51.19172249670029,86.6,63.7,65.7,49.2,25.70760948542523,49.57712938223446,2.8000000000000003,0.6428571428571428,0.6091730907237825,0.5948593010669768,1.0,5.080676993653604
fish8,12.7,3145,157.25,20.0,20.0,6.618901774488791,2.363893490888854,2.1275041417999687,15.646378821546735,17.96559053075529,799,224,25.878198259348924,9.880758390543196,51.73895664989212,86.9,63.7,65.6,48.8,17.429417679575202,38.26151528423754,2.8,0.6428571428571428,0.6091730907237828,0.8773907936421403,1.0,4.463360645018511
fish8,12.7,7430,371.5,20.0,20.0,6.994610716137227,2.4980752557632955,2.248267730186966,17.473063953679187,18.985371943801045,836,382,25.76033395225619,9.72999018680784,52.21032413906403,86.7,63.7,65.5,48.7,20.56912018741988,42.72847482163074,2.8,0.6428571428571428,0.6091730907237827,0.7434644978133635,1.0,4.716714533815978
fish8,12.7,3330,166.5,20.0,20.0,8.08820530419205,2.8886447514971607,2.599780276347445,23.363951800985856,21.95370011137842,953,280,26.02612199253036,9.787770060973696,54.87389205350405,86.9,63.7,65.7,48.7,31.803987092556998,57.133999446731934,2.8,0.6428571428571428,0.6091730907237826,0.480833128440732,1.0,5.454164221427654
fish8,12.7,3170,158.5,20.0,20.0,6.5812176754596585,2.350434884092736,2.115391395683462,15.468723604208083,17.863305119104783,840,302,26.009105007520137,9.789918528143565,52.5990235356637,86.9,63.6,65.6,48.8,17.13341109552892,37.827078799536885,2.8,0.6428571428571428,0.6091730907237828,0.8925490975112071,1.0,4.4379489180764535
fish8,12.7,4190,209.5,20.0,20.0,7.714991344862599,2.7553540517366426,2.479818646562978,21.257532661180292,20.94069079319848,898,259,25.64943889836441,9.794889276758829,53.40432817512324,87.0,63.6,65.6,49.0,27.60141828304128,51.982980860776856,2.8000000000000003,0.6428571428571428,0.6091730907237827,0.5540443774948594,1.0,5.202492787857956
fish8,12.7,3335,166.75,20.0,20.0,8.102503393857422,2.8937512120919364,2.6043760908827425,23.446629016953942,21.992509211898714,994,280,26.009507227749285,9.811715377966562,55.70122260571584,86.9,63.7,65.6,48.7,31.972951869662428,57.3361775736008,2.8,0.6428571428571428,0.6091730907237828,0.4782921099353688,1.0,5.463805931319367
fish8,12.7,2700,135.0,20.0,20.0,7.399112140250351,2.642540050089411,2.3782860450804697,19.55245016571433,20.083304380679525,829,564,25.87949535040208,9.929156844573548,52.38865219497562,86.5,63.6,65.6,49.1,24.348033889109804,47.81338732701199,2.8,0.6428571428571428,0.6091730907237826,0.6280757896202332,1.0,4.989484216575003
fish8,12.7,7395,369.75,20.0,20.0,8.14476603463499,2.90884501236964,2.6179605111326762,23.69186205676565,22.107222094009263,974,338,25.872046484374994,9.989094867451984,55.34114135182698,86.7,63.5,65.6,48.8,32.47587858665212,57.93586826292722,2.8000000000000003,0.6428571428571428,0.6091730907237828,0.4708852008360493,1.0,5.492305131644143
fish8,12.7,3005,150.25,20.0,20.0,8.170119652354268,2.9178998758408103,2.6261098882567295,23.83959111920909,22.176039056390156,986,206,26.108209803527085,9.878023976124656,55.70623377965174,86.7,63.7,65.6,49.0,32.78010343983066,58.297123595235945,2.8,0.6428571428571428,0.6091730907237828,0.4665150199624214,1.0,5.5094019769203815
fish8,12.7,4185,209.25,20.0,20.0,7.670912645817376,2.739611659220491,2.465650493298442,21.015321721343188,20.82104861007573,871,277,25.709078626543207,9.806357374307844,52.935436000851055,87.0,63.6,65.6,49.0,27.131023685902072,51.3906803877866,2.8,0.6428571428571428,0.6091730907237827,0.5636503357795948,1.0,5.17276895491631
fish8,12.7,3110,155.5,20.0,20.0,7.424539498784192,2.6516212495657827,2.3864591246092046,19.687066703216647,20.15232149669995,851,324,25.994240137905543,9.825742116249932,52.83998225415547,87.0,63.6,65.6,48.8,24.59991662734283,48.1425774077266,2.8,0.6428571428571428,0.6091730907237825,0.6216448145846685,1.0,5.006630787902614
fish8,12.7,3270,163.5,20.0,20.0,7.452436920327272,2.6615846144025967,2.395426152962337,19.835291446948933,20.228043069459734,1051,265,26.18161344333225,9.76280270681381,56.964416150146064,86.8,63.7,65.7,48.7,24.878259596487094,48.505044874640085,2.8,0.6428571428571428,0.6091730907237827,0.614689727442276,1.0,5.025443010482014
fish8,12.7,3025,151.25,20.0,20.0,8.159489278238132,2.914103313656475,2.6226929822908276,23.777594743458213,22.14718518378921,1035,225,26.222676378019354,9.903512274159324,56.82618865217867,87.0,63.6,65.7,49.0,32.65231648791035,58.145518210666516,2.8000000000000003,0.6428571428571428,0.6091730907237825,0.468340756658564,1.0,5.502233537942383
fish8,12.7,7480,374.0,20.0,20.0,6.56468193349026,2.344529261960808,2.1100763357647274,15.39108888853337,17.818422390902136,886,342,25.578137213643394,9.919120909118655,53.21725812276205,86.6,63.7,65.4,49.0,17.004588848257335,37.63723155793201,2.7999999999999994,0.6428571428571428,0.6091730907237826,0.8993108123381672,1.0,4.426798279729341
fish8,12.7,7475,373.75,20.0,20.0,6.706568923301721,2.395203186893472,2.1556828682041247,16.063595258213002,18.203544220390388,939,336,25.602933181122204,9.913632627868656,54.29656580899086,86.6,63.8,65.5,49.0,18.13118735490186,39.28177263901654,2.8,0.6428571428571428,0.6091730907237826,0.843431282864575,1.0,4.522477718394756
fish8,12.7,3045,152.25,20.0,20.0,8.318047286271915,2.9707311736685407,2.6736580563016865,24.710682377376983,22.57755691988091,1049,218,26.12439945738992,9.885442618645564,56.98984207603547,86.9,63.6,65.6,49.0,34.59307940817917,60.42728239226432,2.8,0.6428571428571428,0.6091730907237826,0.4420656059601073,1.0,5.6091548365388055
fish8,12.7,3530,176.5,20.0,20.0,6.9759425932335635,2.4914080690119875,2.242267262110789,17.37991966574651,18.9347013244911,971,205,26.28750862961757,9.781620991982358,55.48912962159993,86.9,63.7,65.7,48.9,20.404866754131927,42.50070061029261,2.7999999999999994,0.6428571428571428,0.6091730907237826,0.7494491777313945,1.0,4.704125955238527
fish8,12.7,7435,371.75,20.0,20.0,6.991488682615772,2.4969602437913476,2.2472642194122128,17.45746928540872,18.97689785281424,815,382,25.66822023262683,9.72986974550883,51.698089978135656,87.0,63.7,65.5,48.7,20.541589495765034,42.690339758867125,2.8,0.6428571428571428,0.6091730907237825,0.7444609198210103,1.0,4.714609235682411
fish8,12.7,3000,150.0,20.0,20.0,8.316089340505888,2.9700319073235324,2.6730287165911792,24.699050685455603,22.572242495658845,1003,206,26.13975038789349,9.877363138665094,56.07711352655858,86.9,63.7,65.7,49.0,34.568657054236915,60.398838356535194,2.7999999999999994,0.6428571428571428,0.6091730907237826,0.4423779201665146,1.0,5.607834524140331
fish8,12.7,4195,209.75,20.0,20.0,7.714746220223841,2.7552665072228004,2.47973985650052,21.25618187230644,20.94002545489328,1057,382,25.654300009475527,9.802441357252336,56.59674136672786,87.0,63.7,65.6,49.0,27.59878746762504,51.979677653706894,2.8,0.6428571428571428,0.6091730907237828,0.554097190992239,1.0,5.202327491604432
fish8,12.7,4230,211.5,20.0,20.0,7.737559594020709,2.7634141407216815,2.4870727266495134,21.382081596793537,21.00194746948478,780,332,25.9470472580898,9.879228240956202,51.426275499046,86.9,63.7,65.7,49.2,27.844350367676235,52.287551717583625,2.8,0.6428571428571428,0.6091730907237826,0.5492105367398117,1.0,5.21771136014551
fish8,12.7,1650,82.5,20.0,20.0,7.99891534890136,2.856755481750486,2.5710799335754375,22.850945271032057,21.71134166130369,875,417,26.21882221135268,9.834593077500664,53.553415288853344,86.7,63.6,65.5,48.8,30.762269410873273,55.87949785178713,2.8,0.6428571428571428,0.6091730907237827,0.4971158143877891,1.0,5.393952831982958
fish8,12.7,3175,158.75,20.0,20.0,6.536660423955777,2.3345215799842056,2.1010694219857857,15.259974820753468,17.742364007879967,850,205,26.02701299363124,9.785289644018809,52.81230263765005,86.9,63.6,65.6,48.8,16.78776346982278,37.316606385452445,2.8,0.6428571428571428,0.6091730907237825,0.9109260228792272,1.0,4.407902380208323
fish8,12.7,3020,151.0,20.0,20.0,8.298254234528136,2.9636622266171915,2.6672960039554723,24.59322262173719,22.523832922290655,1062,232,26.15570982801649,9.90260732624266,57.29831715425915,86.7,63.6,65.6,49.0,34.34672063849089,60.14004735296529,2.7999999999999994,0.6428571428571428,0.6091730907237826,0.4452364105312953,1.0,5.595807678474231
fish8,12.7,7385,369.25,20.0,20.0,8.300932297490178,2.9646186776750634,2.668156809907557,24.609098931255552,22.53110195033048,1071,363,26.0052061299642,9.90712554294798,57.332331672912176,86.7,63.5,65.6,48.6,34.379985117817945,60.178871138725704,2.8,0.6428571428571428,0.6091730907237825,0.4448056204270233,1.0,5.597613591484715
fish8,12.7,3340,167.0,20.0,20.0,8.107683050383892,2.895601089422819,2.606040980480537,23.476615873386525,22.006568279613422,1064,280,26.01145610411844,9.81701485713323,57.10847096125167,86.9,63.7,65.7,48.7,32.03430875833135,57.40950716499107,2.8,0.6428571428571428,0.6091730907237828,0.4773760135100669,1.0,5.467298757755328
fish8,12.7,4205,210.25,20.0,20.0,6.9552565147975445,2.484020183856266,2.2356181654706395,17.276997566654888,18.87855339730762,750,345,25.8869777107898,9.853577219380274,50.74055493017008,86.7,63.8,65.7,49.1,20.22388207284266,42.24901582671463,2.8,0.6428571428571428,0.6091730907237827,0.7561560414327193,1.0,4.6901765975449345
fish8,12.7,2725,136.25,20.0,20.0,7.769457836171915,2.7748063700613987,2.4973257330552587,21.55874109573328,21.088528412466626,1088,563,25.953866019524483,9.871536383565264,57.58540240308975,86.8,63.4,65.6,49.1,28.19013862880994,52.71955328138831,2.8,0.6428571428571428,0.6091730907237826,0.5424737640337179,1.0,5.239221478215507
fish8,12.7,2720,136.0,20.0,20.0,7.864607897712438,2.8087885348972996,2.5279096814075697,22.09002049455745,21.346792865219474,903,578,26.02908295715708,9.872047456518809,53.96113041367589,86.8,63.4,65.6,49.1,29.23858117224837,54.01873918696783,2.8,0.6428571428571428,0.6091730907237828,0.5230216377639264,1.0,5.3033845455219195
fish8,12.7,7450,372.5,20.0,20.0,7.163804692417909,2.558501675863539,2.3026515082771852,18.328606311110303,19.444612736562895,1028,314,25.69742549896241,9.93774398548338,56.195169484445785,87.1,63.7,65.5,49.0,22.098168482336657,44.82061047541439,2.8,0.6428571428571428,0.6091730907237827,0.6920216316943304,1.0,4.83080804371154
fish8,12.7,3125,156.25,20.0,20.0,7.178081422674924,2.563600508098187,2.3072404572883687,18.40173318233959,19.483363861546223,755,288,25.9220134762611,9.8309537030432,50.8529671793043,87.0,63.6,65.6,48.8,22.230550126030924,44.99943427439941,2.8,0.6428571428571428,0.6091730907237826,0.6879006827948961,1.0,4.8404353501952695
fish8,12.7,4210,210.5,20.0,20.0,6.7728771723154,2.4188847043983572,2.176996233958522,16.38280899688252,18.383523753427514,750,325,25.895354446900928,9.878277753183578,50.773632200084506,86.7,63.7,65.7,49.2,18.67431447358086,40.062375069798975,2.8,0.6428571428571428,0.6091730907237827,0.8189007758350376,1.0,4.567191726725934
fish8,12.7,3030,151.5,20.0,20.0,8.44812913450762,3.017188976609865,2.7154700789488784,25.489602097613034,22.930636222234973,1082,204,26.22894806850104,9.88060537906223,57.74955344756327,87.0,63.6,65.6,49.0,36.24154470465489,62.332045732134645,2.8,0.6428571428571428,0.6091730907237826,0.4219580245606549,1.0,5.696873648787137
fish8,12.7,3390,169.5,20.0,20.0,6.312065227971509,2.254309009989824,2.028878108990842,14.229345515059645,17.13274847592266,841,339,26.0587759545597,9.828388602352142,52.70716455691184,86.7,63.7,65.8,48.9,15.116091202239291,34.79631466927059,2.8,0.6428571428571428,0.6091730907237826,1.0116643519812472,1.0,4.256449859386795
fish8,12.7,1515,75.75,20.0,20.0,8.532176372161448,3.047205847200518,2.742485262480466,25.999297730596474,23.158764438723935,1076,287,26.29037630116027,9.798177012083269,57.60855331324353,86.7,63.5,65.6,48.9,37.334001631685005,63.57845088914446,2.8,0.6428571428571428,0.6091730907237827,0.4096108089743137,1.0,5.753549687448488
fish9,14.0,500,25.0,20.0,20.0,6.688416108057365,2.388720038591916,2.1498480347327247,15.976753583757583,18.15427229329856,1417,919,25.26644002700617,8.890891872151693,62.49733189915786,86.3,61.7,65.4,47.8,17.984357269600117,39.06941078248849,2.8,0.6428571428571428,0.6091730907237827,1.3482896461055909,1.0,4.510236630081551
fish9,14.0,425,21.25,20.0,20.0,6.397453682141254,2.28480488647902,2.0563243978311174,14.616933433979534,17.364517137240547,1354,210,24.92631015353733,8.940768202675713,60.94707835621304,86.1,61.8,65.1,47.8,15.737890520314444,35.74411871088802,2.8,0.6428571428571428,0.6091730907237827,1.5407479590206965,1.0,4.314030328000057
fish9,14.0,600,30.0,20.0,20.0,5.984961821423875,2.137486364794241,1.923737728314817,12.792774287107637,16.24489637243623,1349,487,25.329378076605146,8.80592122267617,61.11529929928132,86.5,61.8,65.3,47.8,12.885735784590626,31.283336195332044,2.8,0.6428571428571428,0.6091730907237827,1.881780218360732,1.0,4.0358724099278245
fish9,14.0,645,32.25,20.0,20.0,6.499999999999999,2.321428571428571,2.0892857142857144,15.089285714285712,17.64285714285714,1519,381,25.053262730275847,8.887317706256443,64.32058043653228,86.6,61.8,65.3,47.8,16.5068855068641,36.89920476617328,2.8,0.6428571428571428,0.6091730907237826,1.4689701875246235,1.0,4.38318095374078
fish9,14.0,605,30.25,20.0,20.0,6.559792721363954,2.3427831147728413,2.108504803295557,15.368171624021256,17.805151672273592,1439,487,25.26156116709768,8.80219075392617,62.84375192102385,86.5,61.8,65.3,47.7,16.966623351229842,37.58118988359932,2.8,0.6428571428571428,0.6091730907237826,1.4291660866455196,1.0,4.423501310272291
fish9,14.0,420,21.0,20.0,20.0,5.618516862298812,2.0066131651067187,1.805951848596047,11.27418990426289,15.250260054811061,1270,210,24.84361043105892,8.888596981800923,59.13220741285984,86.2,61.8,65.0,47.7,10.66080832064298,27.569803483558243,2.8,0.6428571428571428,0.6091730907237827,2.274510709615983,1.0,3.7887655537076257
fish9,14.0,610,30.5,20.0,20.0,6.61504439107749,2.3625158539562467,2.126264268560622,15.628147248544915,17.955120490067472,1491,456,25.204391126543207,8.803180337259503,63.82757146380271,86.5,61.8,65.3,47.7,17.398962730299054,38.216931958151605,2.8,0.6428571428571428,0.6091730907237827,1.3936533501643331,1.0,4.4607594743262515
fish9,14.0,505,25.25,20.0,20.0,6.628174924110107,2.367205330039324,2.130484797035392,15.690251008786436,17.99076050829886,1486,1058,25.213705734516665,8.897923122151692,63.83162885666836,86.3,61.7,65.3,47.8,17.502776742005658,38.36879993979714,2.8,0.6428571428571428,0.6091730907237827,1.3853871906091073,1.0,4.469613859295641
fish9,14.0,510,25.5,20.0,20.0,6.301542549746435,2.250550910623727,2.025495819561354,14.181942323666004,17.10418692074032,1355,1129,25.158419210476342,8.89657545636495,61.1549946668413,86.3,61.7,65.3,47.8,15.040618244815144,34.6803953276315,2.8,0.6428571428571428,0.6091730907237827,1.6121759294585212,1.0,4.249354043574721
fish9,14.0,430,21.5,20.0,20.0,7.389065295578435,2.6389518912780128,2.3750567021502116,19.499387836543438,20.056034373712897,1800,210,24.843319787126703,8.960507790078056,69.80382757720476,86.1,61.8,65.1,47.8,24.248985961575602,47.6836291803031,2.8,0.6428571428571428,0.6091730907237826,0.99996440003259,1.0,4.982709272234829
fish9,14.0,640,32.0,20.0,20.0,7.132743414937269,2.5474083624775963,2.2926675262298364,18.170010222618206,19.360303554829727,1685,381,25.052524938437383,8.88687499792311,67.63939993636049,86.6,61.9,65.3,47.8,21.811969088830992,44.43278101448479,2.8,0.6428571428571428,0.6091730907237827,1.1116888438505128,1.0,4.809862320657385
fish9,14.0,750,37.5,20.0,20.0,6.515770770626448,2.327060989509446,2.094354890558501,15.162595976910707,17.68566352027179,1269,311,25.1315443081326,8.849625600592297,59.36116990872489,86.5,61.9,65.2,47.7,16.627327863069635,37.07847702884245,2.8,0.6428571428571428,0.6091730907237827,1.4583294981704362,1.0,4.393815744730882
fish9,14.0,635,31.75,20.0,20.0,7.348784131203197,2.6245657611439994,2.3621091850295994,19.287367216794262,19.946699784694395,1687,381,25.22425677217084,8.81635742008421,67.78061419225504,86.4,61.7,65.4,47.8,23.854567113844432,47.16515584691203,2.8,0.6428571428571428,0.6091730907237827,1.016498123094961,1.0,4.9555462518526685
fish9,14.0,960,48.0,20.0,20.0,4.855006370267195,1.7339308465239982,1.5605377618715988,8.418245305476802,13.177874433582387,985,253,24.882434407533243,8.883411414930558,53.465845822463805,86.1,61.8,65.2,48.0,6.878511715629226,20.585902022160074,2.8,0.6428571428571428,0.6091730907237826,3.525199011200274,1.0,3.273903300376204
fish9,14.0,625,31.25,20.0,20.0,7.49147913543117,2.6755282626539896,2.4079754363885906,20.043664155928774,20.334014796170322,1744,368,25.23938263135369,8.817952472676172,68.93733510402987,86.4,61.7,65.3,47.7,25.271312138276446,49.01459763955658,2.8,0.6428571428571428,0.6091730907237827,0.9595118197973956,1.0,5.0517705633489784
fish9,14.0,630,31.5,20.0,20.0,7.5813939207466,2.707640685980929,2.436876617382836,20.527690636261973,20.57806921345506,1767,368,25.20318029285949,8.819710285176173,69.36289057803566,86.4,61.7,65.3,47.7,26.192216815352108,50.19823167951353,2.8,0.6428571428571428,0.6091730907237827,0.925775884851909,1.0,5.112403297880406
fish9,14.0,515,25.75,20.0,20.0,5.592946644501952,1.9974809444649826,1.7977328500184844,11.171804345802013,15.18085517793387,1159,849,25.118419458836684,8.910107362270356,57.20852682110704,86.3,61.7,65.4,47.8,10.515915746556054,27.31943075165549,2.8,0.6428571428571428,0.6091730907237827,2.3058498454028467,1.0,3.771522647302979
fish9,14.0,755,37.75,20.0,20.0,6.301542059087155,2.25055073538827,2.0254956618494426,14.181940115158708,17.10418558895085,1089,311,25.172911232258368,8.854039663092298,55.80695089535067,86.5,61.9,65.3,47.7,15.040614731476172,34.68038992696745,2.8,0.6428571428571428,0.6091730907237828,1.6121763060468872,1.0,4.249353712705735
fish9,14.0,585,29.25,20.0,20.0,4.578730848624667,1.6352610173659525,1.4717349156293575,7.487420065766844,12.42798373198124,823,692,24.82003773960066,8.893876918697357,50.17391465829802,86.0,61.8,65.1,47.7,5.769795419009971,18.30967027919146,2.8,0.6428571428571428,0.6091730907237827,4.2025966152238965,1.0,3.0876008996918465
fish9,14.0,580,29.0,20.0,20.0,4.578730848624667,1.6352610173659525,1.4717349156293575,7.487420065766844,12.42798373198124,823,672,24.825302545994887,8.894742804114024,50.18004535010891,86.1,61.8,65.1,47.7,5.769795419009971,18.30967027919146,2.8,0.6428571428571428,0.6091730907237827,4.2025966152238965,1.0,3.0876008996918465
fish9,14.0,945,47.25,20.0,20.0,4.7168141462656825,1.6845764808091725,1.5161188327282553,7.945834175147166,12.80278125414971,845,362,24.949052384440108,8.787649678378639,50.63670206281875,86.1,61.8,65.1,47.8,6.307704827678844,19.43067205555209,2.8,0.6428571428571428,0.6091730907237827,3.84420694387322,1.0,3.180715373576434
