FishID,FrameIndex,Timestamp (s),FPS_Top,FPS_Front,Weight (g),Length (cm),Width (cm),Height (cm),Area (cm²),Perimeter (cm),TopMaskPixels,FrontMaskPixels,BlurTop,BlurFront,Score
fish01,8,0.4,20.0,20.0,67.49,19.48509713921824,9.071889046737509,10.533333333333331,149.55441789912777,51.12231416056005,3542,9272,461.063561073567,266.5798827955458,798.4834438691129
fish01,55,2.75,20.0,20.0,67.49,19.48509713921824,9.071889046737509,10.533333333333331,149.55441789912777,51.12231416056005,2947,10192,470.7175345828962,265.42993489430745,795.0874694772037
fish01,58,2.9,20.0,20.0,67.49,19.48509713921824,9.071889046737509,10.533333333333331,149.55441789912777,51.12231416056005,2951,9687,469.94332463100113,265.600472001383,794.5637966323841
fish01,84,4.2,20.0,20.0,67.49,19.48509713921824,9.071889046737509,10.533333333333331,149.55441789912777,51.12231416056005,2521,5114,461.3719574620942,265.44949218644035,777.2414496485345
fish01,142,7.1,20.0,20.0,67.49,19.48509713921824,9.071889046737509,10.533333333333331,149.55441789912777,51.12231416056005,3228,8113,454.658741313341,266.04314776305097,785.261889076392
fish01,149,7.45,20.0,20.0,67.49,19.48509713921824,9.071889046737509,10.533333333333331,149.55441789912777,51.12231416056005,2812,8729,454.3160460069256,266.0406542734676,776.5967002803932
fish01,159,7.95,20.0,20.0,67.49,19.48509713921824,9.071889046737509,10.533333333333331,149.55441789912777,51.12231416056005,2737,9258,457.4911976803626,261.7866373519792,774.0178350323417
fish01,191,9.55,20.0,20.0,67.49,19.48509713921824,9.071889046737509,10.533333333333331,149.55441789912777,51.12231416056005,2872,5113,452.87105898068273,264.9870995897823,775.2981585704651
fish01,194,9.7,20.0,20.0,67.49,19.48509713921824,9.071889046737509,10.533333333333331,149.55441789912777,51.12231416056005,2748,4969,453.1255207245249,264.9946386522823,773.0801593768072
fish01,224,11.2,20.0,20.0,67.49,19.48509713921824,9.071889046737509,10.533333333333331,149.55441789912777,51.12231416056005,3144,4736,455.40966145712736,265.40755208062075,783.6972135377481
fish01,225,11.25,20.0,20.0,67.49,19.48509713921824,9.071889046737509,10.533333333333331,149.55441789912777,51.12231416056005,3139,4873,454.9714149298775,265.40298502221634,783.1543999520939
fish01,245,12.25,20.0,20.0,67.49,19.48509713921824,9.071889046737509,10.533333333333331,149.55441789912777,51.12231416056005,3307,7238,448.816145829641,261.18685220971633,776.1429980393574
fish01,280,14.0,20.0,20.0,67.49,19.48509713921824,9.071889046737509,10.533333333333331,149.55441789912777,51.12231416056005,3389,10400,455.291466880968,266.6676790150007,789.7391458959687
fish01,292,14.6,20.0,20.0,67.49,19.48509713921824,9.071889046737509,10.533333333333331,149.55441789912777,51.12231416056005,3617,11215,457.29981763592,266.6856347441672,796.3254523800873
fish01,321,16.05,20.0,20.0,67.49,19.48509713921824,9.071889046737509,10.533333333333331,149.55441789912777,51.12231416056005,4374,13138,448.82761685427454,264.3101041422526,800.6177209965272
fish01,818,40.9,20.0,20.0,67.49,19.48509713921824,9.071889046737509,10.533333333333331,149.55441789912777,51.12231416056005,5409,5317,451.3271640983675,268.1014029383234,827.608567036691
fish01,836,41.8,20.0,20.0,67.49,19.48509713921824,9.071889046737509,10.533333333333331,149.55441789912777,51.12231416056005,5112,4774,445.23975936774747,264.85103514400055,812.3307945117481
fish01,858,42.9,20.0,20.0,67.49,19.48509713921824,9.071889046737509,10.533333333333331,149.55441789912777,51.12231416056005,4666,4051,456.88402312401655,272.7998242034488,823.0038473274655
fish01,863,43.15,20.0,20.0,67.49,19.48509713921824,9.071889046737509,10.533333333333331,149.55441789912777,51.12231416056005,4608,3844,456.5776822096082,272.78944984638423,821.5271320559924
fish01,879,43.95,20.0,20.0,67.49,19.48509713921824,9.071889046737509,10.533333333333331,149.55441789912777,51.12231416056005,4344,2379,452.3794617377388,272.33134758499995,811.5908093227387
fish01,896,44.8,20.0,20.0,67.49,19.48509713921824,9.071889046737509,10.533333333333331,149.55441789912777,51.12231416056005,3429,1584,463.1165135701309,269.48869465373355,801.1852082238644
fish01,914,45.7,20.0,20.0,67.49,19.48509713921824,9.071889046737509,10.533333333333331,149.55441789912777,51.12231416056005,2914,934,461.934924439814,270.42653618024195,790.6414606200559
fish01,968,48.4,20.0,20.0,67.49,19.48509713921824,9.071889046737509,10.533333333333331,149.55441789912777,51.12231416056005,2113,1199,467.2597956217261,268.8957844950252,778.4155801167512
fish01,983,49.15,20.0,20.0,67.49,19.48509713921824,9.071889046737509,10.533333333333331,149.55441789912777,51.12231416056005,2031,4538,466.7077730941771,273.16998045344883,780.497753547626
fish01,1014,50.7,20.0,20.0,67.49,19.48509713921824,9.071889046737509,10.533333333333331,149.55441789912777,51.12231416056005,2001,1086,462.5266221788193,272.46706361181475,775.0136857906341
fish01,1031,51.55,20.0,20.0,67.49,19.48509713921824,9.071889046737509,10.533333333333331,149.55441789912777,51.12231416056005,2273,651,455.8606070685492,272.4267284651756,773.7473355337248
fish01,1043,52.15,20.0,20.0,67.49,19.48509713921824,9.071889046737509,10.533333333333331,149.55441789912777,51.12231416056005,2066,1247,455.4692486190797,267.36186517477034,764.1511137938501
fish01,1048,52.4,20.0,20.0,67.49,19.48509713921824,9.071889046737509,10.533333333333331,149.55441789912777,51.12231416056005,2127,1456,462.4560020661343,267.86891926875643,772.8649213348907
fish01,1065,53.25,20.0,20.0,67.49,19.48509713921824,9.071889046737509,10.533333333333331,149.55441789912777,51.12231416056005,2098,709,467.891245195384,272.56000314711474,782.4112483424988
fish01,1094,54.7,20.0,20.0,67.49,19.48509713921824,9.071889046737509,10.533333333333331,149.55441789912777,51.12231416056005,2663,461,466.7088449416926,269.4168968517622,789.3857417934548
fish01,1175,58.75,20.0,20.0,67.49,19.48509713921824,9.071889046737509,10.533333333333331,149.55441789912777,51.12231416056005,2057,678,459.816115449863,271.574342446857,772.5304578967199
fish01,1194,59.7,20.0,20.0,67.49,19.48509713921824,9.071889046737509,10.533333333333331,149.55441789912777,51.12231416056005,2532,14680,454.4509672647925,262.14499020681376,767.2359574716062
fish01,1384,69.2,20.0,20.0,67.49,19.48509713921824,9.071889046737509,10.533333333333331,149.55441789912777,51.12231416056005,3742,4825,459.6042881310733,269.8788216008505,804.3231097319239
fish01,1402,70.1,20.0,20.0,67.49,19.48509713921824,9.071889046737509,10.533333333333331,149.55441789912777,51.12231416056005,3536,6971,462.328324650894,268.78830725093417,801.8366319018282
fish01,1454,72.7,20.0,20.0,67.49,19.48509713921824,9.071889046737509,10.533333333333331,149.55441789912777,51.12231416056005,3736,5394,465.6578845552232,269.70980791294306,810.0876924681663
fish01,1462,73.1,20.0,20.0,67.49,19.48509713921824,9.071889046737509,10.533333333333331,149.55441789912777,51.12231416056005,3674,4890,465.419859613037,269.8550357775264,808.7548953905634
fish01,1500,75.0,20.0,20.0,67.49,19.48509713921824,9.071889046737509,10.533333333333331,149.55441789912777,51.12231416056005,3841,6526,469.8302641122136,268.3677766926129,815.0180408048266
fish01,1514,75.7,20.0,20.0,67.49,19.48509713921824,9.071889046737509,10.533333333333331,149.55441789912777,51.12231416056005,4136,5398,456.0425339072145,269.4498535155296,808.2123874227441
fish01,1529,76.45,20.0,20.0,67.49,19.48509713921824,9.071889046737509,10.533333333333331,149.55441789912777,51.12231416056005,4413,3599,464.5615697455511,269.47976236969623,822.3013321152473
fish01,1558,77.9,20.0,20.0,67.49,19.48509713921824,9.071889046737509,10.533333333333331,149.55441789912777,51.12231416056005,4764,2661,463.8598594378248,267.4230175412389,826.5628769790636
fish01,1618,80.9,20.0,20.0,67.49,19.48509713921824,9.071889046737509,10.533333333333331,149.55441789912777,51.12231416056005,3203,4296,466.98267173002273,271.7805403550466,802.8232120850694
fish01,1620,81.0,20.0,20.0,67.49,19.48509713921824,9.071889046737509,10.533333333333331,149.55441789912777,51.12231416056005,3270,4408,467.1145914822049,271.78804686546334,804.3026383476682
fish01,1637,81.85,20.0,20.0,67.49,19.48509713921824,9.071889046737509,10.533333333333331,149.55441789912777,51.12231416056005,3079,5248,460.891800966145,267.51130858421334,789.9831095503584
fish01,1679,83.95,20.0,20.0,67.49,19.48509713921824,9.071889046737509,10.533333333333331,149.55441789912777,51.12231416056005,2374,4127,460.90997360990553,270.97242181697425,779.3623954268799
fish01,1683,84.15,20.0,20.0,67.49,19.48509713921824,9.071889046737509,10.533333333333331,149.55441789912777,51.12231416056005,2360,3732,460.9480768717261,271.0246906987403,779.1727675704665
fish01,1710,85.5,20.0,20.0,67.49,19.48509713921824,9.071889046737509,10.533333333333331,149.55441789912777,51.12231416056005,1957,2515,457.49940532495935,271.9565136484676,768.5959189734269
fish01,1714,85.7,20.0,20.0,67.49,19.48509713921824,9.071889046737509,10.533333333333331,149.55441789912777,51.12231416056005,1802,2241,457.2440017213422,271.9647428151341,765.2487445364764
fish01,1731,86.55,20.0,20.0,67.49,19.48509713921824,9.071889046737509,10.533333333333331,149.55441789912777,51.12231416056005,1483,813,465.7448566079034,271.6991633880509,767.1040199959543
fish01,1758,87.9,20.0,20.0,67.49,19.48509713921824,9.071889046737509,10.533333333333331,149.55441789912777,51.12231416056005,1825,770,471.5804904227362,269.066396447489,777.1468868702252
fish01,1779,88.95,20.0,20.0,67.49,19.48509713921824,9.071889046737509,10.533333333333331,149.55441789912777,51.12231416056005,1751,1351,467.0573784721468,272.5506477495723,774.628026221719
fish01,1795,89.75,20.0,20.0,67.49,19.48509713921824,9.071889046737509,10.533333333333331,149.55441789912777,51.12231416056005,1758,4078,471.7041924279484,272.3353743120724,779.1995667400207
fish01,1805,90.25,20.0,20.0,67.49,19.48509713921824,9.071889046737509,10.533333333333331,149.55441789912777,51.12231416056005,1754,5218,467.4660112616456,272.1431151896052,774.6891264512509
fish01,1820,91.0,20.0,20.0,67.49,19.48509713921824,9.071889046737509,10.533333333333331,149.55441789912777,51.12231416056005,1667,5909,465.3763107048129,268.5619237833553,767.2782344881683
fish01,1833,91.65,20.0,20.0,67.49,19.48509713921824,9.071889046737509,10.533333333333331,149.55441789912777,51.12231416056005,1683,5738,458.5466449610392,268.716188106272,760.9228330673111
fish01,1869,93.45,20.0,20.0,67.49,19.48509713921824,9.071889046737509,10.533333333333331,149.55441789912777,51.12231416056005,2325,6714,468.16795083158513,267.82796549452684,782.4959163261119
fish01,1896,94.8,20.0,20.0,67.49,19.48509713921824,9.071889046737509,10.533333333333331,149.55441789912777,51.12231416056005,2867,8191,454.3547215705023,265.00008789036013,776.6948094608625
fish01,1900,95.0,20.0,20.0,67.49,19.48509713921824,9.071889046737509,10.533333333333331,149.55441789912777,51.12231416056005,2833,8940,464.2913925844358,265.7750031101544,786.7263956945901
fish01,1949,97.45,20.0,20.0,67.49,19.48509713921824,9.071889046737509,10.533333333333331,149.55441789912777,51.12231416056005,3064,6043,459.8319434479138,263.3926789888912,784.504622436805
fish01,1952,97.6,20.0,20.0,67.49,19.48509713921824,9.071889046737509,10.533333333333331,149.55441789912777,51.12231416056005,3020,5984,457.4125422441648,263.4668912284745,781.2794334726392
fish01,1967,98.35,20.0,20.0,67.49,19.48509713921824,9.071889046737509,10.533333333333331,149.55441789912777,51.12231416056005,3101,6420,457.2233106951489,261.7561360201412,780.9994467152901
fish01,1984,99.2,20.0,20.0,67.49,19.48509713921824,9.071889046737509,10.533333333333331,149.55441789912777,51.12231416056005,3556,8273,453.37909588931984,264.8711132350921,789.3702091244119
fish01,2003,100.15,20.0,20.0,67.49,19.48509713921824,9.071889046737509,10.533333333333331,149.55441789912777,51.12231416056005,3994,13334,456.4973479202646,258.7454259956254,795.12277391589
fish01,2069,103.45,20.0,20.0,67.49,19.48509713921824,9.071889046737509,10.533333333333331,149.55441789912777,51.12231416056005,4767,12080,456.98565065358486,268.6494530571831,820.9751037107679
fish01,2095,104.75,20.0,20.0,67.49,19.48509713921824,9.071889046737509,10.533333333333331,149.55441789912777,51.12231416056005,4606,6565,463.64471204359256,268.94055663883427,824.7052686824269
fish01,2123,106.15,20.0,20.0,67.49,19.48509713921824,9.071889046737509,10.533333333333331,149.55441789912777,51.12231416056005,4093,2859,458.4768469563048,271.31136392075217,811.648210877057
fish01,2188,109.4,20.0,20.0,67.49,19.48509713921824,9.071889046737509,10.533333333333331,149.55441789912777,51.12231416056005,2088,2901,463.3096993900817,273.0353254774305,778.1050248675122
fish01,2189,109.45,20.0,20.0,67.49,19.48509713921824,9.071889046737509,10.533333333333331,149.55441789912777,51.12231416056005,1947,3607,463.2166571711033,273.0423502577041,775.1990074288074
fish01,2313,115.65,20.0,20.0,67.49,19.48509713921824,9.071889046737509,10.533333333333331,149.55441789912777,51.12231416056005,1562,3233,449.0137232346523,266.64157550031865,746.895298734971
fish01,2335,116.75,20.0,20.0,67.49,19.48509713921824,9.071889046737509,10.533333333333331,149.55441789912777,51.12231416056005,1050,3291,457.1931331361369,267.0318033771091,745.224936513246
fish01,2349,117.45,20.0,20.0,67.49,19.48509713921824,9.071889046737509,10.533333333333331,149.55441789912777,51.12231416056005,1322,3424,473.3807710713704,267.69081701252185,767.5115880838923
fish01,2385,119.25,20.0,20.0,67.49,19.48509713921824,9.071889046737509,10.533333333333331,149.55441789912777,51.12231416056005,1817,3669,465.3703452201937,269.2224218315973,770.9327670517911
fish01,2396,119.8,20.0,20.0,67.49,19.48509713921824,9.071889046737509,10.533333333333331,149.55441789912777,51.12231416056005,1904,3748,467.4045076794093,268.0581705295139,773.5426782089232
fish01,2420,121.0,20.0,20.0,67.49,19.48509713921824,9.071889046737509,10.533333333333331,149.55441789912777,51.12231416056005,2047,3658,466.45847179836704,267.3318652182579,774.7303370166251
fish01,2430,121.5,20.0,20.0,67.49,19.48509713921824,9.071889046737509,10.533333333333331,149.55441789912777,51.12231416056005,2119,3349,466.2826254719863,267.3597232752376,776.0223487472239
fish01,2447,122.35,20.0,20.0,67.49,19.48509713921824,9.071889046737509,10.533333333333331,149.55441789912777,51.12231416056005,2049,2927,463.4809505165948,261.14075846115753,765.6017089777523
fish01,2463,123.15,20.0,20.0,67.49,19.48509713921824,9.071889046737509,10.533333333333331,149.55441789912777,51.12231416056005,2071,3269,471.79736545091794,265.5819759090742,778.7993413599921
fish01,2483,124.15,20.0,20.0,67.49,19.48509713921824,9.071889046737509,10.533333333333331,149.55441789912777,51.12231416056005,2119,4278,467.2534808900433,265.18792643143337,774.8214073214766
fish01,2495,124.75,20.0,20.0,67.49,19.48509713921824,9.071889046737509,10.533333333333331,149.55441789912777,51.12231416056005,2068,4925,462.9475260379744,265.1691373689333,769.4766634069077
fish01,2533,126.65,20.0,20.0,67.49,19.48509713921824,9.071889046737509,10.533333333333331,149.55441789912777,51.12231416056005,1911,6117,467.2474734639485,263.8777343230777,769.3452077870262
fish01,2546,127.3,20.0,20.0,67.49,19.48509713921824,9.071889046737509,10.533333333333331,149.55441789912777,51.12231416056005,2030,6146,467.4997823483314,263.834111271657,771.9338936199885
fish01,2557,127.85,20.0,20.0,67.49,19.48509713921824,9.071889046737509,10.533333333333331,149.55441789912777,51.12231416056005,1977,5992,467.37915153173753,266.0521808105046,772.971332342242
fish01,2574,128.7,20.0,20.0,67.49,19.48509713921824,9.071889046737509,10.533333333333331,149.55441789912777,51.12231416056005,1840,6081,462.18257227600463,266.0969106309573,765.0794829069619
fish01,2599,129.95,20.0,20.0,67.49,19.48509713921824,9.071889046737509,10.533333333333331,149.55441789912777,51.12231416056005,1909,5678,464.6655279296121,267.187985004584,770.033512934196
fish01,2612,130.6,20.0,20.0,67.49,19.48509713921824,9.071889046737509,10.533333333333331,149.55441789912777,51.12231416056005,1801,4832,464.1796685326848,267.29015297333393,767.4898215060188
fish01,2625,131.25,20.0,20.0,67.49,19.48509713921824,9.071889046737509,10.533333333333331,149.55441789912777,51.12231416056005,1614,4490,463.031452419686,268.4853027129173,763.7967551326033
fish01,2654,132.7,20.0,20.0,67.49,19.48509713921824,9.071889046737509,10.533333333333331,149.55441789912777,51.12231416056005,1561,4627,466.30702669404593,264.4197721110026,761.9467988050485
fish01,2661,133.05,20.0,20.0,67.49,19.48509713921824,9.071889046737509,10.533333333333331,149.55441789912777,51.12231416056005,1562,4329,466.3779294718236,267.96687497558594,765.5848044474096
fish01,2687,134.35,20.0,20.0,67.49,19.48509713921824,9.071889046737509,10.533333333333331,149.55441789912777,51.12231416056005,1544,3540,461.2673781439888,267.41699867142563,759.5643768154144
fish01,2697,134.85,20.0,20.0,67.49,19.48509713921824,9.071889046737509,10.533333333333331,149.55441789912777,51.12231416056005,1545,3206,469.7795909288195,265.7724967417293,766.4520876705488
fish01,2720,136.0,20.0,20.0,67.49,19.48509713921824,9.071889046737509,10.533333333333331,149.55441789912777,51.12231416056005,1552,2546,455.7979069369092,266.723144529173,753.5610514660822
fish01,2722,136.1,20.0,20.0,67.49,19.48509713921824,9.071889046737509,10.533333333333331,149.55441789912777,51.12231416056005,1508,2238,455.8057020757981,266.722662757704,752.6883648335021
fish01,2747,137.35,20.0,20.0,67.49,19.48509713921824,9.071889046737509,10.533333333333331,149.55441789912777,51.12231416056005,1541,4845,468.4775301414018,266.2032258348994,765.5007559763013
fish01,2757,137.85,20.0,20.0,67.49,19.48509713921824,9.071889046737509,10.533333333333331,149.55441789912777,51.12231416056005,1605,4635,465.1792749659221,264.1818358438704,761.4611108097926
fish01,2775,138.75,20.0,20.0,67.49,19.48509713921824,9.071889046737509,10.533333333333331,149.55441789912777,51.12231416056005,1502,3002,460.75265153520365,264.3009732195431,755.0936247547468
fish01,2801,140.05,20.0,20.0,67.49,19.48509713921824,9.071889046737509,10.533333333333331,149.55441789912777,51.12231416056005,1569,4475,466.1770332957893,266.57296549300094,764.1299987887902
fish01,2820,141.0,20.0,20.0,67.49,19.48509713921824,9.071889046737509,10.533333333333331,149.55441789912777,51.12231416056005,1684,5110,464.9734829485671,267.0040201810094,765.6575031295764
fish01,2821,141.05,20.0,20.0,67.49,19.48509713921824,9.071889046737509,10.533333333333331,149.55441789912777,51.12231416056005,1701,5149,464.85028850412266,267.019687497923,765.8899760020456
fish01,2852,142.6,20.0,20.0,67.49,19.48509713921824,9.071889046737509,10.533333333333331,149.55441789912777,51.12231416056005,1839,5168,470.6720698599168,262.5680142985027,770.0200841584194
fish01,2854,142.7,20.0,20.0,67.49,19.48509713921824,9.071889046737509,10.533333333333331,149.55441789912777,51.12231416056005,1859,5100,470.87976083213897,262.5754166422526,770.6351774743915
fish01,2871,143.55,20.0,20.0,67.49,19.48509713921824,9.071889046737509,10.533333333333331,149.55441789912777,51.12231416056005,1889,2490,470.8689926203221,266.572089825058,775.22108244538
fish01,2888,144.4,20.0,20.0,67.49,19.48509713921824,9.071889046737509,10.533333333333331,149.55441789912777,51.12231416056005,1949,1757,465.5973129270765,265.8218489430322,770.3991618701087
fish01,2913,145.65,20.0,20.0,67.49,19.48509713921824,9.071889046737509,10.533333333333331,149.55441789912777,51.12231416056005,1955,1051,456.6141833187904,268.02429031558574,763.7384736343762
fish01,2933,146.65,20.0,20.0,67.49,19.48509713921824,9.071889046737509,10.533333333333331,149.55441789912777,51.12231416056005,2111,1737,465.7522301937906,268.8154686980777,776.7876988918683
fish01,2947,147.35,20.0,20.0,67.49,19.48509713921824,9.071889046737509,10.533333333333331,149.55441789912777,51.12231416056005,2127,5314,466.5067526728124,266.6724772132767,775.719229886089
fish01,2962,148.1,20.0,20.0,67.49,19.48509713921824,9.071889046737509,10.533333333333331,149.55441789912777,51.12231416056005,2031,6352,464.5277552691989,266.3186490872596,771.4664043564584
fish01,2973,148.65,20.0,20.0,67.49,19.48509713921824,9.071889046737509,10.533333333333331,149.55441789912777,51.12231416056005,2054,6345,459.11731658679366,266.3926269386185,766.5899435254122
fish01,2999,149.95,20.0,20.0,67.49,19.48509713921824,9.071889046737509,10.533333333333331,149.55441789912777,51.12231416056005,2004,6385,466.047399556459,269.07849932750065,775.2058988839598
fish01,3002,150.1,20.0,20.0,67.49,19.48509713921824,9.071889046737509,10.533333333333331,149.55441789912777,51.12231416056005,1947,5996,465.7116226398986,269.10865557750066,773.7602782173992
fish01,3034,151.7,20.0,20.0,67.49,19.48509713921824,9.071889046737509,10.533333333333331,149.55441789912777,51.12231416056005,1523,4767,454.3021382482269,265.58380857323544,750.3459468214623
fish01,3037,151.85,20.0,20.0,67.49,19.48509713921824,9.071889046737509,10.533333333333331,149.55441789912777,51.12231416056005,1684,4836,454.3206409878202,265.581373677402,753.5820146652221
fish01,3067,153.35,20.0,20.0,67.49,19.48509713921824,9.071889046737509,10.533333333333331,149.55441789912777,51.12231416056005,1601,7069,464.1153510862565,265.3222916334365,761.457642719693
fish01,3081,154.05,20.0,20.0,67.49,19.48509713921824,9.071889046737509,10.533333333333331,149.55441789912777,51.12231416056005,1673,6921,460.0311064858331,265.8342805735165,759.3253870593496
fish01,3085,154.25,20.0,20.0,67.49,19.48509713921824,9.071889046737509,10.533333333333331,149.55441789912777,51.12231416056005,1672,6969,460.1394571013087,265.84738604226646,759.4268431435753
fish01,3110,155.5,20.0,20.0,67.49,19.48509713921824,9.071889046737509,10.533333333333331,149.55441789912777,51.12231416056005,1577,6170,453.452277605504,261.4617708001032,746.4540484056072
fish01,3133,156.65,20.0,20.0,67.49,19.48509713921824,9.071889046737509,10.533333333333331,149.55441789912777,51.12231416056005,1547,6520,448.1510144476243,263.0437011184586,742.134715566083
fish01,3134,156.7,20.0,20.0,67.49,19.48509713921824,9.071889046737509,10.533333333333331,149.55441789912777,51.12231416056005,1542,7087,448.1823860127766,263.0472362747087,742.0696222874853
fish01,3165,158.25,20.0,20.0,67.49,19.48509713921824,9.071889046737509,10.533333333333331,149.55441789912777,51.12231416056005,2500,5108,446.0096257739409,264.88851550593904,760.89814127988
fish01,3180,159.0,20.0,20.0,67.49,19.48509713921824,9.071889046737509,10.533333333333331,149.55441789912777,51.12231416056005,2954,2494,440.2816049406076,267.7866437721146,767.1482487127222
fish01,3185,159.25,20.0,20.0,67.49,19.48509713921824,9.071889046737509,10.533333333333331,149.55441789912777,51.12231416056005,3075,1797,439.6896215087701,268.0405402586195,769.2301617673896
fish01,3199,159.95,20.0,20.0,67.49,19.48509713921824,9.071889046737509,10.533333333333331,149.55441789912777,51.12231416056005,3502,1488,447.2445744863252,265.36041338805086,782.644987874376
fish01,3216,160.8,20.0,20.0,67.49,19.48509713921824,9.071889046737509,10.533333333333331,149.55441789912777,51.12231416056005,4759,1316,445.2214756643037,265.3753385263654,805.776814190669
fish01,3245,162.25,20.0,20.0,67.49,19.48509713921824,9.071889046737509,10.533333333333331,149.55441789912777,51.12231416056005,4419,1580,439.5081087347901,266.1788216135237,794.0669303483138
fish01,3255,162.75,20.0,20.0,67.49,19.48509713921824,9.071889046737509,10.533333333333331,149.55441789912777,51.12231416056005,4045,1447,453.7554730644884,267.384921875,802.0403949394884
fish01,3280,164.0,20.0,20.0,67.49,19.48509713921824,9.071889046737509,10.533333333333331,149.55441789912777,51.12231416056005,3714,2069,449.2346438855583,271.0964388000065,794.6110826855647
fish01,3283,164.15,20.0,20.0,67.49,19.48509713921824,9.071889046737509,10.533333333333331,149.55441789912777,51.12231416056005,3520,2337,449.4097089857125,271.1011523416732,790.9108613273858
fish01,3304,165.2,20.0,20.0,67.49,19.48509713921824,9.071889046737509,10.533333333333331,149.55441789912777,51.12231416056005,3258,3871,466.3646743365817,269.24020176171194,800.7648760982936
fish01,3324,166.2,20.0,20.0,67.49,19.48509713921824,9.071889046737509,10.533333333333331,149.55441789912777,51.12231416056005,3782,4069,453.7576562065971,269.9645246846517,799.3621808912488
fish01,3354,167.7,20.0,20.0,67.49,19.48509713921824,9.071889046737509,10.533333333333331,149.55441789912777,51.12231416056005,3731,2378,465.63482519259975,268.542893880113,808.7977190727128
fish01,3359,167.95,20.0,20.0,67.49,19.48509713921824,9.071889046737509,10.533333333333331,149.55441789912777,51.12231416056005,3090,2575,463.3646128444907,268.55351888011296,793.7181317246036
fish01,3387,169.35,20.0,20.0,67.49,19.48509713921824,9.071889046737509,10.533333333333331,149.55441789912777,51.12231416056005,1193,3914,458.0665091235502,269.3279980450842,751.2545071686344
fish01,3403,170.15,20.0,20.0,67.49,19.48509713921824,9.071889046737509,10.533333333333331,149.55441789912777,51.12231416056005,1314,4502,466.6522742234972,269.6586653550467,762.5909395785438
fish01,3407,170.35,20.0,20.0,67.49,19.48509713921824,9.071889046737509,10.533333333333331,149.55441789912777,51.12231416056005,1476,4640,466.62590269571945,269.6649446525468,765.8108473482662
fish01,3435,171.75,20.0,20.0,67.49,19.48509713921824,9.071889046737509,10.533333333333331,149.55441789912777,51.12231416056005,1665,4505,458.0371179684485,270.14847655737134,761.4855945258198
fish01,3450,172.5,20.0,20.0,67.49,19.48509713921824,9.071889046737509,10.533333333333331,149.55441789912777,51.12231416056005,1712,4314,456.847677949863,263.8349641010602,754.9226420509233
fish01,3469,173.45,20.0,20.0,67.49,19.48509713921824,9.071889046737509,10.533333333333331,149.55441789912777,51.12231416056005,1923,3552,463.659835064622,268.25935538291924,770.3791904475413
fish01,3474,173.7,20.0,20.0,67.49,19.48509713921824,9.071889046737509,10.533333333333331,149.55441789912777,51.12231416056005,1889,3344,458.8301388827854,268.2805858516693,764.8907247344546
fish01,3491,174.55,20.0,20.0,67.49,19.48509713921824,9.071889046737509,10.533333333333331,149.55441789912777,51.12231416056005,1868,2851,459.49292534239976,267.81184236954584,764.6647677119456
fish01,3503,175.15,20.0,20.0,67.49,19.48509713921824,9.071889046737509,10.533333333333331,149.55441789912777,51.12231416056005,1825,2890,470.6119877495661,265.41524405287635,772.5272318024424
fish01,3519,175.95,20.0,20.0,67.49,19.48509713921824,9.071889046737509,10.533333333333331,149.55441789912777,51.12231416056005,2202,2737,454.9742664274805,265.405602125793,764.4198685532735
fish01,3536,176.8,20.0,20.0,67.49,19.48509713921824,9.071889046737509,10.533333333333331,149.55441789912777,51.12231416056005,2206,2005,464.5137195283677,266.643785719543,775.2775052479107
fish01,3557,177.85,20.0,20.0,67.49,19.48509713921824,9.071889046737509,10.533333333333331,149.55441789912777,51.12231416056005,2384,1406,465.9351345255346,268.5702471574148,782.1853816829492
fish01,3583,179.15,20.0,20.0,67.49,19.48509713921824,9.071889046737509,10.533333333333331,149.55441789912777,51.12231416056005,2434,1380,461.1916794718235,269.9971221574148,779.8688016292382
fish01,3589,179.45,20.0,20.0,67.49,19.48509713921824,9.071889046737509,10.533333333333331,149.55441789912777,51.12231416056005,2323,1472,461.307899085829,270.0052341365814,777.7731332224105
fish01,3616,180.8,20.0,20.0,67.49,19.48509713921824,9.071889046737509,10.533333333333331,149.55441789912777,51.12231416056005,2390,2098,459.0564274630887,266.71463863744736,773.571066100536
fish01,3620,181.0,20.0,20.0,67.49,19.48509713921824,9.071889046737509,10.533333333333331,149.55441789912777,51.12231416056005,2333,2626,458.9916444769775,266.7179784811973,772.3696229581748
fish01,3662,183.1,20.0,20.0,67.49,19.48509713921824,9.071889046737509,10.533333333333331,149.55441789912777,51.12231416056005,2051,4523,461.03411306393474,266.61212886810307,768.6662419320378
fish01,3677,183.85,20.0,20.0,67.49,19.48509713921824,9.071889046737509,10.533333333333331,149.55441789912777,51.12231416056005,1991,4386,456.9300677035108,266.7818521741126,763.5319198776234
fish01,3688,184.4,20.0,20.0,67.49,19.48509713921824,9.071889046737509,10.533333333333331,149.55441789912777,51.12231416056005,1956,4556,456.8333099478074,266.12635086940134,762.0796608172087
fish01,3719,185.95,20.0,20.0,67.49,19.48509713921824,9.071889046737509,10.533333333333331,149.55441789912777,51.12231416056005,1942,3697,448.2951773342369,263.8728450333913,751.0080223676282
fish01,3733,186.65,20.0,20.0,67.49,19.48509713921824,9.071889046737509,10.533333333333331,149.55441789912777,51.12231416056005,2116,3759,448.26005141752273,263.8386067521413,754.4186581696641
fish01,3751,187.55,20.0,20.0,67.49,19.48509713921824,9.071889046737509,10.533333333333331,149.55441789912777,51.12231416056005,1530,4619,460.7574689871893,262.60758782449307,753.9650568116824
fish01,3763,188.15,20.0,20.0,67.49,19.48509713921824,9.071889046737509,10.533333333333331,149.55441789912777,51.12231416056005,1508,4861,458.5224515552473,260.495126886993,749.1775784422402
fish01,3784,189.2,20.0,20.0,67.49,19.48509713921824,9.071889046737509,10.533333333333331,149.55441789912777,51.12231416056005,1669,2396,452.7557680731693,264.1425487619929,750.2783168351622
fish01,3796,189.8,20.0,20.0,67.49,19.48509713921824,9.071889046737509,10.533333333333331,149.55441789912777,51.12231416056005,1919,864,454.21796809828027,264.4392479807429,757.0372160790231
fish01,3802,190.1,20.0,20.0,67.49,19.48509713921824,9.071889046737509,10.533333333333331,149.55441789912777,51.12231416056005,1921,604,457.65405756954624,264.34146481509725,760.4155223846434
fish01,3875,193.75,20.0,20.0,67.49,19.48509713921824,9.071889046737509,10.533333333333331,149.55441789912777,51.12231416056005,1584,1191,458.18111975519633,263.5374120948685,753.3985318500648
fish01,3892,194.6,20.0,20.0,67.49,19.48509713921824,9.071889046737509,10.533333333333331,149.55441789912777,51.12231416056005,1764,2107,458.1594700276692,263.0697558527521,756.5092258804214
fish01,3909,195.45,20.0,20.0,67.49,19.48509713921824,9.071889046737509,10.533333333333331,149.55441789912777,51.12231416056005,1916,3284,464.0491489673001,258.6750455686781,761.0441945359782
fish01,3919,195.95,20.0,20.0,67.49,19.48509713921824,9.071889046737509,10.533333333333331,149.55441789912777,51.12231416056005,2260,4137,449.7059979742357,258.69202798588015,753.5980259601159
fish01,3928,196.4,20.0,20.0,67.49,19.48509713921824,9.071889046737509,10.533333333333331,149.55441789912777,51.12231416056005,2238,5474,449.4799652774765,260.7443945107355,754.984359788212
fish01,3951,197.55,20.0,20.0,67.49,19.48509713921824,9.071889046737509,10.533333333333331,149.55441789912777,51.12231416056005,2427,5816,463.5389279283124,262.9542577663421,775.0331856946544
fish01,3971,198.55,20.0,20.0,67.49,19.48509713921824,9.071889046737509,10.533333333333331,149.55441789912777,51.12231416056005,2599,5889,460.4050303765003,260.77310537512034,773.1581357516206
fish01,3987,199.35,20.0,20.0,67.49,19.48509713921824,9.071889046737509,10.533333333333331,149.55441789912777,51.12231416056005,2641,6031,455.8454470137796,264.19335936126714,772.8588063750468
fish01,4003,200.15,20.0,20.0,67.49,19.48509713921824,9.071889046737509,10.533333333333331,149.55441789912777,51.12231416056005,2574,5744,457.9352684455024,260.2174250572099,769.6326935027123
fish01,4015,200.75,20.0,20.0,67.49,19.48509713921824,9.071889046737509,10.533333333333331,149.55441789912777,51.12231416056005,2396,5044,456.3486805480203,260.3638020221287,764.6324825701489
fish01,4027,201.35,20.0,20.0,67.49,19.48509713921824,9.071889046737509,10.533333333333331,149.55441789912777,51.12231416056005,2234,4883,456.39640968678793,266.829824200058,767.9062338868458
fish01,4042,202.1,20.0,20.0,67.49,19.48509713921824,9.071889046737509,10.533333333333331,149.55441789912777,51.12231416056005,2313,3913,450.10780380671,261.9230663892958,758.2908701960058
fish01,4070,203.5,20.0,20.0,67.49,19.48509713921824,9.071889046737509,10.533333333333331,149.55441789912777,51.12231416056005,2316,4832,461.14034256846105,270.5275325188532,777.9878750873144
fish01,4084,204.2,20.0,20.0,67.49,19.48509713921824,9.071889046737509,10.533333333333331,149.55441789912777,51.12231416056005,2564,6606,455.8387630206639,269.91076168551984,777.0295247061837
fish01,4100,205.0,20.0,20.0,67.49,19.48509713921824,9.071889046737509,10.533333333333331,149.55441789912777,51.12231416056005,2799,7539,479.6823690077039,271.64939127043624,807.3117602781401
fish01,4109,205.45,20.0,20.0,67.49,19.48509713921824,9.071889046737509,10.533333333333331,149.55441789912777,51.12231416056005,3005,6299,479.6207502509036,270.4691048153241,810.1898550662278
fish01,4143,207.15,20.0,20.0,67.49,19.48509713921824,9.071889046737509,10.533333333333331,149.55441789912777,51.12231416056005,2696,6240,472.9773735010784,271.4491503867997,798.3465238878781
fish01,4146,207.3,20.0,20.0,67.49,19.48509713921824,9.071889046737509,10.533333333333331,149.55441789912777,51.12231416056005,2690,6159,473.0006895005778,271.4573014284663,798.257990929044
fish01,4177,208.85,20.0,20.0,67.49,19.48509713921824,9.071889046737509,10.533333333333331,149.55441789912777,51.12231416056005,4910,5048,466.7429255084568,267.090455724038,832.0333812324948
fish01,4195,209.75,20.0,20.0,67.49,19.48509713921824,9.071889046737509,10.533333333333331,149.55441789912777,51.12231416056005,4898,3096,469.27722578620455,272.0473535117997,839.2845792980042
fish01,4197,209.85,20.0,20.0,67.49,19.48509713921824,9.071889046737509,10.533333333333331,149.55441789912777,51.12231416056005,4564,2067,469.7321509440105,274.2199869079167,835.2321378519272
fish01,4291,214.55,20.0,20.0,67.49,19.48509713921824,9.071889046737509,10.533333333333331,149.55441789912777,51.12231416056005,2660,3012,441.590147307144,264.95184891760084,759.7419962247449
fish01,4306,215.3,20.0,20.0,67.49,19.48509713921824,9.071889046737509,10.533333333333331,149.55441789912777,51.12231416056005,2525,3289,463.4674080930921,261.9082649715741,775.8756730646662
fish01,4360,218.0,20.0,20.0,67.49,19.48509713921824,9.071889046737509,10.533333333333331,149.55441789912777,51.12231416056005,2945,3218,454.6393530228037,261.6408430971676,775.1801961199714
fish01,4373,218.65,20.0,20.0,67.49,19.48509713921824,9.071889046737509,10.533333333333331,149.55441789912777,51.12231416056005,2574,3819,454.2910720327684,260.2654133999188,766.0364854326872
fish01,4384,219.2,20.0,20.0,67.49,19.48509713921824,9.071889046737509,10.533333333333331,149.55441789912777,51.12231416056005,2668,4238,452.43853732621926,264.09823242161013,769.8967697478294
fish01,4398,219.9,20.0,20.0,67.49,19.48509713921824,9.071889046737509,10.533333333333331,149.55441789912777,51.12231416056005,2878,4299,463.8290095539611,275.2772265338474,796.6662360878086
fish01,4512,225.6,20.0,20.0,67.49,19.48509713921824,9.071889046737509,10.533333333333331,149.55441789912777,51.12231416056005,1507,15843,477.0204452962051,268.48698567555755,775.6474309717627
fish01,4542,227.1,20.0,20.0,67.49,19.48509713921824,9.071889046737509,10.533333333333331,149.55441789912777,51.12231416056005,3020,14794,461.5957108433853,269.55301104226646,791.5487218856517
fish01,4562,228.1,20.0,20.0,67.49,19.48509713921824,9.071889046737509,10.533333333333331,149.55441789912777,51.12231416056005,3993,15280,441.2411239893596,270.7351919359736,791.8363159253332
fish01,4571,228.55,20.0,20.0,67.49,19.48509713921824,9.071889046737509,10.533333333333331,149.55441789912777,51.12231416056005,4052,15768,438.86762998039336,270.6342707051171,790.5419006855104
fish01,4600,230.0,20.0,20.0,67.49,19.48509713921824,9.071889046737509,10.533333333333331,149.55441789912777,51.12231416056005,3690,14487,454.2556594509549,273.16162390364536,801.2172833546002
fish01,4631,231.55,20.0,20.0,67.49,19.48509713921824,9.071889046737509,10.533333333333331,149.55441789912777,51.12231416056005,4007,14425,455.8311063856148,273.0476138445431,809.0187202301579
fish01,4647,232.35,20.0,20.0,67.49,19.48509713921824,9.071889046737509,10.533333333333331,149.55441789912777,51.12231416056005,3592,11823,457.7307410751343,267.03989567040344,796.6106367455378
fish01,4664,233.2,20.0,20.0,67.49,19.48509713921824,9.071889046737509,10.533333333333331,149.55441789912777,51.12231416056005,3780,13746,450.2553979726532,272.4962919857344,798.3516899583875
fish01,4674,233.7,20.0,20.0,67.49,19.48509713921824,9.071889046737509,10.533333333333331,149.55441789912777,51.12231416056005,4099,14921,446.0838575362405,272.5821679636213,800.6460254998619
fish01,4681,234.05,20.0,20.0,67.49,19.48509713921824,9.071889046737509,10.533333333333331,149.55441789912777,51.12231416056005,4599,15007,439.67642276445554,272.7752069447412,804.4316297091968
fish01,4698,234.9,20.0,20.0,67.49,19.48509713921824,9.071889046737509,10.533333333333331,149.55441789912777,51.12231416056005,5174,11874,427.5437842399692,273.73854163102044,804.7623258709897
fish01,4714,235.7,20.0,20.0,67.49,19.48509713921824,9.071889046737509,10.533333333333331,149.55441789912777,51.12231416056005,5095,13214,427.9525717703926,271.62288399552244,801.475455765915
fish01,4850,242.5,20.0,20.0,67.49,19.48509713921824,9.071889046737509,10.533333333333331,149.55441789912777,51.12231416056005,5498,1090,466.9029463026072,266.77607745055093,843.6390237531582
fish01,4858,242.9,20.0,20.0,67.49,19.48509713921824,9.071889046737509,10.533333333333331,149.55441789912777,51.12231416056005,5525,1433,474.8499989507982,266.91683265888435,852.2668316096825
fish01,4923,246.15,20.0,20.0,67.49,19.48509713921824,9.071889046737509,10.533333333333331,149.55441789912777,51.12231416056005,4483,5326,459.7667749632095,270.87269853328064,820.2994734964901
fish01,4936,246.8,20.0,20.0,67.49,19.48509713921824,9.071889046737509,10.533333333333331,149.55441789912777,51.12231416056005,4585,10087,459.72326412080366,271.4060448874473,822.829309008251
fish01,4965,248.25,20.0,20.0,67.49,19.48509713921824,9.071889046737509,10.533333333333331,149.55441789912777,51.12231416056005,4378,14566,466.4114623200405,268.9353905605315,822.9068528805719
fish01,4984,249.2,20.0,20.0,67.49,19.48509713921824,9.071889046737509,10.533333333333331,149.55441789912777,51.12231416056005,3687,15965,462.3802991358439,272.0634439459482,808.1837430817922
fish10,74,3.7,20.0,20.0,17.7,45.68634338647695,6.61559454672291,7.866666666666666,265.1023890784983,101.1272908496785,265,1032,411.4548082591116,248.08834628969825,664.8431545488098
fish10,75,3.75,20.0,20.0,17.7,45.68634338647695,6.61559454672291,7.866666666666666,265.1023890784983,101.1272908496785,265,1581,411.4235670705537,248.0919953765764,664.81556244713
fish10,82,4.1,20.0,20.0,17.7,45.68634338647695,6.61559454672291,7.866666666666666,265.1023890784983,101.1272908496785,1076,6276,419.8196129989624,248.1271614003076,689.46677439927
fish10,279,13.95,20.0,20.0,17.7,45.68634338647695,6.61559454672291,7.866666666666666,265.1023890784983,101.1272908496785,17240,829,403.3866270403639,234.2907481566959,982.47737519706
fish10,453,22.65,20.0,20.0,17.7,45.68634338647695,6.61559454672291,7.866666666666666,265.1023890784983,101.1272908496785,5572,620,412.60721222873264,246.8635709474245,770.9107831761571
fish10,460,23.0,20.0,20.0,17.7,45.68634338647695,6.61559454672291,7.866666666666666,265.1023890784983,101.1272908496785,6409,6590,398.3272481550806,205.82308266617457,732.3303308212553
fish10,462,23.1,20.0,20.0,17.7,45.68634338647695,6.61559454672291,7.866666666666666,265.1023890784983,101.1272908496785,6125,6597,398.2096005135242,207.7395149721676,728.4491154856918
fish10,466,23.3,20.0,20.0,17.7,45.68634338647695,6.61559454672291,7.866666666666666,265.1023890784983,101.1272908496785,5783,6867,397.9000043401084,206.57441731532413,720.1344216554324
fish10,482,24.1,20.0,20.0,17.7,45.68634338647695,6.61559454672291,7.866666666666666,265.1023890784983,101.1272908496785,5792,6140,405.61621839311385,242.0929882293277,763.5492066224416
fish10,485,24.25,20.0,20.0,17.7,45.68634338647695,6.61559454672291,7.866666666666666,265.1023890784983,101.1272908496785,5751,5185,405.5907280815972,232.845556598568,753.4562846801651
fish10,489,24.45,20.0,20.0,17.7,45.68634338647695,6.61559454672291,7.866666666666666,265.1023890784983,101.1272908496785,5918,2372,405.3141700362406,223.03855467664928,746.7127247128899
fish10,492,24.6,20.0,20.0,17.7,45.68634338647695,6.61559454672291,7.866666666666666,265.1023890784983,101.1272908496785,6092,612,405.9693176728991,224.26708649290933,752.0764041658084
fish10,650,32.5,20.0,20.0,17.7,45.68634338647695,6.61559454672291,7.866666666666666,265.1023890784983,101.1272908496785,1455,206,430.1845833513991,247.65464516447915,706.9392285158782
fish10,652,32.6,20.0,20.0,17.7,45.68634338647695,6.61559454672291,7.866666666666666,265.1023890784983,101.1272908496785,1492,206,430.2152773896959,247.9679036253187,708.0231810150146
fish10,658,32.9,20.0,20.0,17.7,45.68634338647695,6.61559454672291,7.866666666666666,265.1023890784983,101.1272908496785,1365,206,428.9429985724555,248.12104163343645,704.3640402058919
fish10,661,33.05,20.0,20.0,17.7,45.68634338647695,6.61559454672291,7.866666666666666,265.1023890784983,101.1272908496785,2042,970,415.46258414231295,248.15152340426988,704.4541075465828
fish10,669,33.45,20.0,20.0,17.7,45.68634338647695,6.61559454672291,7.866666666666666,265.1023890784983,101.1272908496785,4878,1278,415.4019725581228,247.7289583180321,760.6909308761549
fish10,671,33.55,20.0,20.0,17.7,45.68634338647695,6.61559454672291,7.866666666666666,265.1023890784983,101.1272908496785,19294,1264,414.5408563003352,247.7284700367822,1048.1493263371176
fish10,677,33.85,20.0,20.0,17.7,45.68634338647695,6.61559454672291,7.866666666666666,265.1023890784983,101.1272908496785,5598,924,413.32502798105867,248.117079965708,773.4021079467667
fish10,678,33.9,20.0,20.0,17.7,45.68634338647695,6.61559454672291,7.866666666666666,265.1023890784983,101.1272908496785,6221,924,413.2220841416911,247.9412595608922,785.5833437025832
fish10,687,34.35,20.0,20.0,17.7,45.68634338647695,6.61559454672291,7.866666666666666,265.1023890784983,101.1272908496785,14109,924,423.7020046379937,248.05874634186432,953.940750979858
fish10,691,34.55,20.0,20.0,17.7,45.68634338647695,6.61559454672291,7.866666666666666,265.1023890784983,101.1272908496785,29325,924,420.76971584133577,246.12818644603092,1253.3979022873668
fish10,810,40.5,20.0,20.0,17.7,45.68634338647695,6.61559454672291,7.866666666666666,265.1023890784983,101.1272908496785,391,902,432.8337215708792,243.6076008486324,684.2613224195117
fish10,814,40.7,20.0,20.0,17.7,45.68634338647695,6.61559454672291,7.866666666666666,265.1023890784983,101.1272908496785,801,2464,431.9705965439784,243.670351538086,691.6609480820645
fish10,820,41.0,20.0,20.0,17.7,45.68634338647695,6.61559454672291,7.866666666666666,265.1023890784983,101.1272908496785,453,638,428.25608574608697,243.8144921230316,681.1305778691185
fish10,832,41.6,20.0,20.0,17.7,45.68634338647695,6.61559454672291,7.866666666666666,265.1023890784983,101.1272908496785,342,218,428.1346820655917,241.3250878672176,676.2997699328093
fish10,1350,67.5,20.0,20.0,17.7,45.68634338647695,6.61559454672291,7.866666666666666,265.1023890784983,101.1272908496785,766,321,428.82664876113705,244.9943585838212,689.1410073449583
fish10,1359,67.95,20.0,20.0,17.7,45.68634338647695,6.61559454672291,7.866666666666666,265.1023890784983,101.1272908496785,869,1049,427.8673690972222,245.269052594238,690.5164216914601
fish10,1360,68.0,20.0,20.0,17.7,45.68634338647695,6.61559454672291,7.866666666666666,265.1023890784983,101.1272908496785,866,1101,426.0196520833333,245.270302594238,688.6099546775713
fish10,1367,68.35,20.0,20.0,17.7,45.68634338647695,6.61559454672291,7.866666666666666,265.1023890784983,101.1272908496785,850,1791,425.7760192635808,245.661132693439,688.4371519570198
fish10,1370,68.5,20.0,20.0,17.7,45.68634338647695,6.61559454672291,7.866666666666666,265.1023890784983,101.1272908496785,860,1847,425.77533349969184,245.72491195931963,688.7002454590115
fish10,1373,68.65,20.0,20.0,17.7,45.68634338647695,6.61559454672291,7.866666666666666,265.1023890784983,101.1272908496785,874,1761,425.7925817635808,241.26170558162252,684.5342873452033
fish10,1375,68.75,20.0,20.0,17.7,45.68634338647695,6.61559454672291,7.866666666666666,265.1023890784983,101.1272908496785,875,1711,425.8536060691363,241.2605207142724,684.6141267834087
fish10,1381,69.05,20.0,20.0,17.7,45.68634338647695,6.61559454672291,7.866666666666666,265.1023890784983,101.1272908496785,963,1130,419.6014577889146,241.263691273329,680.1251490622436
fish10,1382,69.1,20.0,20.0,17.7,45.68634338647695,6.61559454672291,7.866666666666666,265.1023890784983,101.1272908496785,963,1053,420.0297390389147,241.2648631386651,680.5546021775798
fish10,1533,76.65,20.0,20.0,17.7,45.68634338647695,6.61559454672291,7.866666666666666,265.1023890784983,101.1272908496785,616,727,415.3509884059576,246.97818682936568,674.6491752353234
fish10,1534,76.7,20.0,20.0,17.7,45.68634338647695,6.61559454672291,7.866666666666666,265.1023890784983,101.1272908496785,863,644,415.3089046657232,246.97933917489587,679.5482438406191
fish10,1540,77.0,20.0,20.0,17.7,45.68634338647695,6.61559454672291,7.866666666666666,265.1023890784983,101.1272908496785,1358,456,414.7856624452755,246.99034504254664,688.936007487822
fish10,2697,134.85,20.0,20.0,17.7,45.68634338647695,6.61559454672291,7.866666666666666,265.1023890784983,101.1272908496785,1595,309,428.5339924038357,238.17105791726644,698.6050503211021
fish10,2700,135.0,20.0,20.0,17.7,45.68634338647695,6.61559454672291,7.866666666666666,265.1023890784983,101.1272908496785,1591,309,428.5109542093913,240.0526399485164,700.3835941579077
fish10,2703,135.15,20.0,20.0,17.7,45.68634338647695,6.61559454672291,7.866666666666666,265.1023890784983,101.1272908496785,1651,309,426.0309542093913,240.0526399485164,699.1035941579078
fish10,2707,135.35,20.0,20.0,17.7,45.68634338647695,6.61559454672291,7.866666666666666,265.1023890784983,101.1272908496785,1650,309,426.44616254272455,240.0528743235164,699.4990368662409
fish10,2710,135.5,20.0,20.0,17.7,45.68634338647695,6.61559454672291,7.866666666666666,265.1023890784983,101.1272908496785,1638,309,426.34699587605786,240.05276364643305,699.159759522491
fish10,2714,135.7,20.0,20.0,17.7,45.68634338647695,6.61559454672291,7.866666666666666,265.1023890784983,101.1272908496785,1625,309,426.2407545566135,243.33930661518312,702.0800611717966
fish10,2717,135.85,20.0,20.0,17.7,45.68634338647695,6.61559454672291,7.866666666666666,265.1023890784983,101.1272908496785,1660,299,426.2424125427247,243.34088864643303,702.7833011891578
fish10,2720,136.0,20.0,20.0,17.7,45.68634338647695,6.61559454672291,7.866666666666666,265.1023890784983,101.1272908496785,1639,225,426.2539316399468,243.34188474018308,702.3758163801299
fish10,2725,136.25,20.0,20.0,17.7,45.68634338647695,6.61559454672291,7.866666666666666,265.1023890784983,101.1272908496785,1588,218,421.6175080288357,243.4295540110164,696.8070620398521
fish10,2727,136.35,20.0,20.0,17.7,45.68634338647695,6.61559454672291,7.866666666666666,265.1023890784983,101.1272908496785,1560,210,421.671136501058,243.43005531309973,696.3011918141578
fish10,2734,136.7,20.0,20.0,17.7,45.68634338647695,6.61559454672291,7.866666666666666,265.1023890784983,101.1272908496785,1596,411,421.629886501058,242.3068554422589,695.8567419433169
fish10,2737,136.85,20.0,20.0,17.7,45.68634338647695,6.61559454672291,7.866666666666666,265.1023890784983,101.1272908496785,1537,568,421.6120219177247,242.30710934850896,694.6591312662337
fish10,2741,137.05,20.0,20.0,17.7,45.68634338647695,6.61559454672291,7.866666666666666,265.1023890784983,101.1272908496785,1589,685,421.58709136216913,242.3517122014364,695.7188035636055
fish10,2744,137.2,20.0,20.0,17.7,45.68634338647695,6.61559454672291,7.866666666666666,265.1023890784983,101.1272908496785,1629,881,424.73008615383577,242.32356116926405,699.6336473230998
fish10,2747,137.35,20.0,20.0,17.7,45.68634338647695,6.61559454672291,7.866666666666666,265.1023890784983,101.1272908496785,1692,1439,427.9614405254599,237.87689770252445,699.6783382279845
fish10,2749,137.45,20.0,20.0,17.7,45.68634338647695,6.61559454672291,7.866666666666666,265.1023890784983,101.1272908496785,1722,1506,427.8754986676063,240.2186490046078,702.5341476722142
fish10,2755,137.75,20.0,20.0,17.7,45.68634338647695,6.61559454672291,7.866666666666666,265.1023890784983,101.1272908496785,1771,1728,427.7817660287175,241.18189119210777,704.3836572208252
fish10,2758,137.9,20.0,20.0,17.7,45.68634338647695,6.61559454672291,7.866666666666666,265.1023890784983,101.1272908496785,1712,1788,427.7409153342729,241.37235994210772,703.3532752763807
fish10,2760,138.0,20.0,20.0,17.7,45.68634338647695,6.61559454672291,7.866666666666666,265.1023890784983,101.1272908496785,1723,1796,427.7236583898286,241.3731672337745,703.5568256236031
fish10,2766,138.3,20.0,20.0,17.7,45.68634338647695,6.61559454672291,7.866666666666666,265.1023890784983,101.1272908496785,1753,1646,426.1941705426064,241.5064094212744,702.7605799638807
fish10,2769,138.45,20.0,20.0,17.7,45.68634338647695,6.61559454672291,7.866666666666666,265.1023890784983,101.1272908496785,1753,1554,426.4932764453841,241.5576789995723,703.1109554449563
fish10,2771,138.55,20.0,20.0,17.7,45.68634338647695,6.61559454672291,7.866666666666666,265.1023890784983,101.1272908496785,1763,1461,426.50584588982855,241.72189449051743,703.4877403803459
fish10,2776,138.8,20.0,20.0,17.7,45.68634338647695,6.61559454672291,7.866666666666666,265.1023890784983,101.1272908496785,1746,1257,426.2931722787174,236.87652339935303,698.0896956780704
fish10,2779,138.95,20.0,20.0,17.7,45.68634338647695,6.61559454672291,7.866666666666666,265.1023890784983,101.1272908496785,1753,920,426.3409934592731,236.9551692274305,698.3561626867036
fish10,2782,139.1,20.0,20.0,17.7,45.68634338647695,6.61559454672291,7.866666666666666,265.1023890784983,101.1272908496785,1633,551,426.3593094314953,237.00584629296205,696.0251557244574
fish10,4830,241.5,20.0,20.0,17.7,45.68634338647695,6.61559454672291,7.866666666666666,265.1023890784983,101.1272908496785,440,268,423.5486224024456,254.65031893204576,686.9989413344913
fish10,4831,241.55,20.0,20.0,17.7,45.68634338647695,6.61559454672291,7.866666666666666,265.1023890784983,101.1272908496785,426,269,423.5240824718899,254.6506444528791,686.694726924769
fish10,4836,241.8,20.0,20.0,17.7,45.68634338647695,6.61559454672291,7.866666666666666,265.1023890784983,101.1272908496785,404,308,423.5100720552234,254.65299471329573,686.2430667685193
fish10,4838,241.9,20.0,20.0,17.7,45.68634338647695,6.61559454672291,7.866666666666666,265.1023890784983,101.1272908496785,387,280,423.5190130274456,252.0833332549625,683.342346282408
fish10,5434,271.7,20.0,20.0,17.7,45.68634338647695,6.61559454672291,7.866666666666666,265.1023890784983,101.1272908496785,846,277,419.02204240163167,253.21109048181103,689.1531328834427
fish10,5438,271.9,20.0,20.0,17.7,45.68634338647695,6.61559454672291,7.866666666666666,265.1023890784983,101.1272908496785,794,526,419.0362351099649,253.2114680859777,688.1277031959427
fish10,5440,272.0,20.0,20.0,17.7,45.68634338647695,6.61559454672291,7.866666666666666,265.1023890784983,101.1272908496785,807,413,419.045922609965,252.122493477334,687.308416087299
fish10,5446,272.3,20.0,20.0,17.7,45.68634338647695,6.61559454672291,7.866666666666666,265.1023890784983,101.1272908496785,799,835,419.0321899710761,252.02004555918367,687.0322355302598
fish10,5449,272.45,20.0,20.0,17.7,45.68634338647695,6.61559454672291,7.866666666666666,265.1023890784983,101.1272908496785,810,1231,425.7350288302763,252.6678709560394,694.6028997863157
fish10,5452,272.6,20.0,20.0,17.7,45.68634338647695,6.61559454672291,7.866666666666666,265.1023890784983,101.1272908496785,810,1248,425.6611573024985,252.4980662485335,694.3592235510321
fish10,5457,272.85,20.0,20.0,17.7,45.68634338647695,6.61559454672291,7.866666666666666,265.1023890784983,101.1272908496785,777,1059,425.6126895579397,252.5948337912559,693.7475233491955
fish10,5459,272.95,20.0,20.0,17.7,45.68634338647695,6.61559454672291,7.866666666666666,265.1023890784983,101.1272908496785,781,1054,425.65137879405074,252.59529934145607,693.8666781355068
fish10,5465,273.25,20.0,20.0,17.7,45.68634338647695,6.61559454672291,7.866666666666666,265.1023890784983,101.1272908496785,806,1161,425.63936958367617,253.40942042537267,695.1687900090488
fish10,5468,273.4,20.0,20.0,17.7,45.68634338647695,6.61559454672291,7.866666666666666,265.1023890784983,101.1272908496785,837,1346,425.6325727086762,253.41399075249572,695.786563461172
fish10,5469,273.45,20.0,20.0,17.7,45.68634338647695,6.61559454672291,7.866666666666666,265.1023890784983,101.1272908496785,826,1451,415.3385102086762,253.40965483330612,685.2681650419825
fish10,5475,273.75,20.0,20.0,17.7,45.68634338647695,6.61559454672291,7.866666666666666,265.1023890784983,101.1272908496785,831,1956,415.3008105558984,253.41673164261712,685.3375421985155
fish10,5480,274.0,20.0,20.0,17.7,45.68634338647695,6.61559454672291,7.866666666666666,265.1023890784983,101.1272908496785,831,2486,415.29782882961695,253.1042968342676,685.0221256638845
fish10,5482,274.1,20.0,20.0,17.7,45.68634338647695,6.61559454672291,7.866666666666666,265.1023890784983,101.1272908496785,843,2532,415.2775293767293,253.1080891924434,685.2456185691727
fish10,5484,274.2,20.0,20.0,17.7,45.68634338647695,6.61559454672291,7.866666666666666,265.1023890784983,101.1272908496785,823,2780,415.28173081715903,253.11055659017563,684.8522874073346
fish10,5488,274.4,20.0,20.0,17.7,45.68634338647695,6.61559454672291,7.866666666666666,265.1023890784983,101.1272908496785,823,3143,421.56620556572807,253.13181633843325,691.1580219041614
fish10,5492,274.6,20.0,20.0,17.7,45.68634338647695,6.61559454672291,7.866666666666666,265.1023890784983,101.1272908496785,802,2890,421.8024601764256,253.12387688012657,690.9663370565521
fish10,5495,274.75,20.0,20.0,17.7,45.68634338647695,6.61559454672291,7.866666666666666,265.1023890784983,101.1272908496785,826,2516,421.8028636549208,253.1343097676172,691.457173422538
fish10,5501,275.05,20.0,20.0,17.7,45.68634338647695,6.61559454672291,7.866666666666666,265.1023890784983,101.1272908496785,805,1587,427.1325169372558,251.952796047624,695.1853129848798
fish10,5505,275.25,20.0,20.0,17.7,45.68634338647695,6.61559454672291,7.866666666666666,265.1023890784983,101.1272908496785,768,1350,427.13503430959446,251.94479799800456,694.439832307599
fish10,5509,275.45,20.0,20.0,17.7,45.68634338647695,6.61559454672291,7.866666666666666,265.1023890784983,101.1272908496785,730,1239,424.38699611515,251.939339005269,690.926335120419
fish10,5513,275.65,20.0,20.0,17.7,45.68634338647695,6.61559454672291,7.866666666666666,265.1023890784983,101.1272908496785,709,1603,424.3302947262612,252.0045571234384,690.5148518496995
fish10,5516,275.8,20.0,20.0,17.7,45.68634338647695,6.61559454672291,7.866666666666666,265.1023890784983,101.1272908496785,755,1900,424.3195395179279,252.00005841467112,691.419597932599
fish10,5519,275.95,20.0,20.0,17.7,45.68634338647695,6.61559454672291,7.866666666666666,265.1023890784983,101.1272908496785,759,1585,424.3451037540389,252.0021808998956,691.5272846539344
fish10,5525,276.25,20.0,20.0,17.7,45.68634338647695,6.61559454672291,7.866666666666666,265.1023890784983,101.1272908496785,804,1265,424.35219150705217,255.9865395922237,696.418731099276
fish10,5527,276.35,20.0,20.0,17.7,45.68634338647695,6.61559454672291,7.866666666666666,265.1023890784983,101.1272908496785,820,1154,424.34797275705216,255.9856476651404,696.7336204221925
fish10,5529,276.45,20.0,20.0,17.7,45.68634338647695,6.61559454672291,7.866666666666666,265.1023890784983,101.1272908496785,817,975,420.1102123403855,255.98431954014032,692.4345318805258
fish10,5533,276.65,20.0,20.0,17.7,45.68634338647695,6.61559454672291,7.866666666666666,265.1023890784983,101.1272908496785,902,639,420.1484067747328,255.98945950720056,694.1778662819333
fish10,5537,276.85,20.0,20.0,17.7,45.68634338647695,6.61559454672291,7.866666666666666,265.1023890784983,101.1272908496785,942,571,420.2467921495039,255.90158841345047,694.9883805629544
fish10,5540,277.0,20.0,20.0,17.7,45.68634338647695,6.61559454672291,7.866666666666666,265.1023890784983,101.1272908496785,899,340,420.2805118537056,255.90156237178385,694.1620742254894
fish10,7525,376.25,20.0,20.0,17.7,45.68634338647695,6.61559454672291,7.866666666666666,265.1023890784983,101.1272908496785,488,997,433.6079421766493,256.03434565267577,699.4022878293251
fish10,7548,377.4,20.0,20.0,17.7,45.68634338647695,6.61559454672291,7.866666666666666,265.1023890784983,101.1272908496785,578,4252,431.3786569130791,258.8316437721146,701.7703006851937
fish10,7552,377.6,20.0,20.0,17.7,45.68634338647695,6.61559454672291,7.866666666666666,265.1023890784983,101.1272908496785,591,4252,432.24585739746095,258.9260448137813,702.9919022112423
fish10,7556,377.8,20.0,20.0,17.7,45.68634338647695,6.61559454672291,7.866666666666666,265.1023890784983,101.1272908496785,642,4068,432.1793030320909,258.9300487157079,703.9493517477988
fish10,7559,377.95,20.0,20.0,17.7,45.68634338647695,6.61559454672291,7.866666666666666,265.1023890784983,101.1272908496785,646,3981,432.1269418933255,258.88765288237465,703.9345947757001
fish10,7563,378.15,20.0,20.0,17.7,45.68634338647695,6.61559454672291,7.866666666666666,265.1023890784983,101.1272908496785,658,3981,432.0102360093671,258.85145817040336,704.0216941797704
fish10,7566,378.3,20.0,20.0,17.7,45.68634338647695,6.61559454672291,7.866666666666666,265.1023890784983,101.1272908496785,1313,3981,432.04760916695295,260.8669398462932,719.1745490132462
fish10,7568,378.4,20.0,20.0,17.7,45.68634338647695,6.61559454672291,7.866666666666666,265.1023890784983,101.1272908496785,2325,3981,432.7930180265449,260.8932973093562,740.1863153359011
fish10,7571,378.55,20.0,20.0,17.7,45.68634338647695,6.61559454672291,7.866666666666666,265.1023890784983,101.1272908496785,1923,3985,432.5319279242432,260.91233700748023,731.9042649317234
fish10,7575,378.75,20.0,20.0,17.7,45.68634338647695,6.61559454672291,7.866666666666666,265.1023890784983,101.1272908496785,18862,3611,432.4514791629744,261.1824771054481,1070.8739562684225
fish10,7696,384.8,20.0,20.0,17.7,45.68634338647695,6.61559454672291,7.866666666666666,265.1023890784983,101.1272908496785,41509,1173,409.58446876800895,247.3821809868707,1487.1466497548795
fish10,7697,384.85,20.0,20.0,17.7,45.68634338647695,6.61559454672291,7.866666666666666,265.1023890784983,101.1272908496785,37592,826,443.28262737238384,257.27998692114085,1452.4026142935247
fish10,7740,387.0,20.0,20.0,17.7,45.68634338647695,6.61559454672291,7.866666666666666,265.1023890784983,101.1272908496785,36700,285,435.1578178891028,259.74893874715167,1428.9067566362544
fish10,7745,387.25,20.0,20.0,17.7,45.68634338647695,6.61559454672291,7.866666666666666,265.1023890784983,101.1272908496785,41242,615,434.14719668916297,257.94273430023185,1516.929930989395
fish10,7799,389.95,20.0,20.0,17.7,45.68634338647695,6.61559454672291,7.866666666666666,265.1023890784983,101.1272908496785,43865,1688,419.3582435736761,248.75331052541728,1545.411554099093
fish10,7808,390.4,20.0,20.0,17.7,45.68634338647695,6.61559454672291,7.866666666666666,265.1023890784983,101.1272908496785,39862,203,419.5962780874559,253.161513559458,1469.9977916469138
fish10,7811,390.55,20.0,20.0,17.7,45.68634338647695,6.61559454672291,7.866666666666666,265.1023890784983,101.1272908496785,39694,203,419.30374763929575,253.19624988975528,1466.379997529051
fish10,7958,397.9,20.0,20.0,17.7,45.68634338647695,6.61559454672291,7.866666666666666,265.1023890784983,101.1272908496785,29238,1421,526.7568712583,245.8936328125,1357.4105040708
fish10,7964,398.2,20.0,20.0,17.7,45.68634338647695,6.61559454672291,7.866666666666666,265.1023890784983,101.1272908496785,19741,3419,510.2149923839991,246.1619856662326,1151.1969780502318
fish10,7967,398.35,20.0,20.0,17.7,45.68634338647695,6.61559454672291,7.866666666666666,265.1023890784983,101.1272908496785,17680,2053,500.2361700412328,242.8070540203412,1096.643224061574
fish10,7968,398.4,20.0,20.0,17.7,45.68634338647695,6.61559454672291,7.866666666666666,265.1023890784983,101.1272908496785,17696,1870,498.2428362075618,242.74955728213,1094.9123934896918
fish10,7973,398.65,20.0,20.0,17.7,45.68634338647695,6.61559454672291,7.866666666666666,265.1023890784983,101.1272908496785,17357,745,497.578673155815,242.63241533593072,1087.3510884917457
fish10,7979,398.95,20.0,20.0,17.7,45.68634338647695,6.61559454672291,7.866666666666666,265.1023890784983,101.1272908496785,18327,383,489.7289520277047,242.38615234358048,1098.6551043712852
fish10,7980,399.0,20.0,20.0,17.7,45.68634338647695,6.61559454672291,7.866666666666666,265.1023890784983,101.1272908496785,18292,315,487.8835311050226,242.29990885073343,1096.0234399557562
fish10,7987,399.35,20.0,20.0,17.7,45.68634338647695,6.61559454672291,7.866666666666666,265.1023890784983,101.1272908496785,16440,240,467.64071925154303,237.50555649056963,1033.946275742113
fish10,7991,399.55,20.0,20.0,17.7,45.68634338647695,6.61559454672291,7.866666666666666,265.1023890784983,101.1272908496785,14063,240,460.8905893660181,237.76121069908143,979.9118000650994
fish10,7996,399.8,20.0,20.0,17.7,45.68634338647695,6.61559454672291,7.866666666666666,265.1023890784983,101.1272908496785,15042,240,455.1132718309191,237.8066663604313,993.7599381913504
fish10,7998,399.9,20.0,20.0,17.7,45.68634338647695,6.61559454672291,7.866666666666666,265.1023890784983,101.1272908496785,16849,304,414.6516872373039,242.94086260044307,994.572549837747
fish10,8001,400.05,20.0,20.0,17.7,45.68634338647695,6.61559454672291,7.866666666666666,265.1023890784983,101.1272908496785,18687,304,420.29482815024295,242.91321286085977,1036.9480410111028
fish10,8544,427.2,20.0,20.0,17.7,45.68634338647695,6.61559454672291,7.866666666666666,265.1023890784983,101.1272908496785,370,202,414.52069554034574,248.10637990926105,670.0270754496067
fish10,8561,428.05,20.0,20.0,17.7,45.68634338647695,6.61559454672291,7.866666666666666,265.1023890784983,101.1272908496785,274,4423,421.4680986779484,248.16792303449847,675.1160217124469
fish10,8564,428.2,20.0,20.0,17.7,45.68634338647695,6.61559454672291,7.866666666666666,265.1023890784983,101.1272908496785,647,3895,421.3269574447632,247.9683752725284,682.2353327172916
fish10,8566,428.3,20.0,20.0,17.7,45.68634338647695,6.61559454672291,7.866666666666666,265.1023890784983,101.1272908496785,742,3406,421.3243706514147,246.48748333739167,682.6518539888065
fish10,8573,428.65,20.0,20.0,17.7,45.68634338647695,6.61559454672291,7.866666666666666,265.1023890784983,101.1272908496785,550,2642,420.935381862386,246.707109054184,678.64249091657
fish10,8577,428.85,20.0,20.0,17.7,45.68634338647695,6.61559454672291,7.866666666666666,265.1023890784983,101.1272908496785,566,2281,420.0997612498906,246.735927417236,678.1556886671266
fish10,8580,429.0,20.0,20.0,17.7,45.68634338647695,6.61559454672291,7.866666666666666,265.1023890784983,101.1272908496785,828,2079,420.4252602899999,246.76341437402303,683.7486746640229
fish10,8584,429.2,20.0,20.0,17.7,45.68634338647695,6.61559454672291,7.866666666666666,265.1023890784983,101.1272908496785,1046,1678,420.1251560302734,246.89127901533985,687.9364350456132
fish10,8585,429.25,20.0,20.0,17.7,45.68634338647695,6.61559454672291,7.866666666666666,265.1023890784983,101.1272908496785,1267,1603,420.0288322952648,246.86757133649192,692.2364036317567
fish10,8591,429.55,20.0,20.0,17.7,45.68634338647695,6.61559454672291,7.866666666666666,265.1023890784983,101.1272908496785,2039,1143,420.37391925710045,242.77223930524192,703.9261585623424
fish10,8592,429.6,20.0,20.0,17.7,45.68634338647695,6.61559454672291,7.866666666666666,265.1023890784983,101.1272908496785,1877,1051,420.2188107421121,242.74166639539928,700.5004771375113
fish10,8599,429.95,20.0,20.0,17.7,45.68634338647695,6.61559454672291,7.866666666666666,265.1023890784983,101.1272908496785,1940,982,415.6641947012254,240.7779523973993,695.2421470986246
fish10,8600,430.0,20.0,20.0,17.7,45.68634338647695,6.61559454672291,7.866666666666666,265.1023890784983,101.1272908496785,2010,980,415.0798502013407,240.77902010573263,696.0588703070733
fish10,8606,430.3,20.0,20.0,17.7,45.68634338647695,6.61559454672291,7.866666666666666,265.1023890784983,101.1272908496785,2361,1066,413.9577891144741,244.34205392836463,705.5198430428388
fish10,8610,430.5,20.0,20.0,17.7,45.68634338647695,6.61559454672291,7.866666666666666,265.1023890784983,101.1272908496785,1730,1287,413.4718298562886,244.5380696245724,692.609899480861
fish10,8613,430.65,20.0,20.0,17.7,45.68634338647695,6.61559454672291,7.866666666666666,265.1023890784983,101.1272908496785,1094,1465,413.4415037819003,245.13822916153808,680.4597329434383
fish10,8616,430.8,20.0,20.0,17.7,45.68634338647695,6.61559454672291,7.866666666666666,265.1023890784983,101.1272908496785,1288,1807,421.946511386278,245.56774413756256,693.2742555238406
fish10,8619,430.95,20.0,20.0,17.7,45.68634338647695,6.61559454672291,7.866666666666666,265.1023890784983,101.1272908496785,959,1973,421.2657698777941,246.33850585758412,686.7842757353783
fish10,8625,431.25,20.0,20.0,17.7,45.68634338647695,6.61559454672291,7.866666666666666,265.1023890784983,101.1272908496785,1016,2563,421.2786048538584,246.98733398199087,688.5859388358493
fish10,8628,431.4,20.0,20.0,17.7,45.68634338647695,6.61559454672291,7.866666666666666,265.1023890784983,101.1272908496785,1079,2629,421.28589226345485,246.66821939865747,689.5341116621124
fish10,8633,431.65,20.0,20.0,17.7,45.68634338647695,6.61559454672291,7.866666666666666,265.1023890784983,101.1272908496785,881,2642,420.99559654397854,246.80255208180745,685.418148625786
fish10,8634,431.7,20.0,20.0,17.7,45.68634338647695,6.61559454672291,7.866666666666666,265.1023890784983,101.1272908496785,853,2642,417.8803318005032,246.80515950435,681.7454913048531
fish10,8637,431.85,20.0,20.0,17.7,45.68634338647695,6.61559454672291,7.866666666666666,265.1023890784983,101.1272908496785,835,2565,417.6469598765432,246.80436523385572,681.1513251103991
fish10,8644,432.2,20.0,20.0,17.7,45.68634338647695,6.61559454672291,7.866666666666666,265.1023890784983,101.1272908496785,886,2469,417.22702544335255,246.8014094776471,681.7484349209997
fish10,8647,432.35,20.0,20.0,17.7,45.68634338647695,6.61559454672291,7.866666666666666,265.1023890784983,101.1272908496785,878,2109,438.4622132612817,249.6291600185394,705.6513732798211
fish10,8651,432.55,20.0,20.0,17.7,45.68634338647695,6.61559454672291,7.866666666666666,265.1023890784983,101.1272908496785,944,2109,436.98204827285576,250.77003892478936,706.6320871976451
fish10,8652,432.6,20.0,20.0,17.7,45.68634338647695,6.61559454672291,7.866666666666666,265.1023890784983,101.1272908496785,974,2109,436.7410543441772,250.772350122706,706.9934044668832
fish10,8656,432.8,20.0,20.0,17.7,45.68634338647695,6.61559454672291,7.866666666666666,265.1023890784983,101.1272908496785,1683,2109,436.1283374814445,250.784010278956,720.5723477604005
fish10,8659,432.95,20.0,20.0,17.7,45.68634338647695,6.61559454672291,7.866666666666666,265.1023890784983,101.1272908496785,1790,2109,433.8713230830252,250.80655910465453,720.4778821876797
fish10,8664,433.2,20.0,20.0,17.7,45.68634338647695,6.61559454672291,7.866666666666666,265.1023890784983,101.1272908496785,2864,2109,434.4570045705537,250.82443346082903,742.5614380313827
fish10,8667,433.35,20.0,20.0,17.7,45.68634338647695,6.61559454672291,7.866666666666666,265.1023890784983,101.1272908496785,10550,1989,433.1605449939116,251.24674465395617,895.4072896478679
fish10,8670,433.5,20.0,20.0,17.7,45.68634338647695,6.61559454672291,7.866666666666666,265.1023890784983,101.1272908496785,26927,2033,431.504876084768,251.2554458467164,1221.3003219314844
fish10,8865,443.25,20.0,20.0,17.7,45.68634338647695,6.61559454672291,7.866666666666666,265.1023890784983,101.1272908496785,43003,377,424.3768239497243,249.28449869278808,1533.7213226425124
fish10,8869,443.45,20.0,20.0,17.7,45.68634338647695,6.61559454672291,7.866666666666666,265.1023890784983,101.1272908496785,40682,762,424.0614732258362,250.14382161305747,1487.8452948388936
fish10,8870,443.5,20.0,20.0,17.7,45.68634338647695,6.61559454672291,7.866666666666666,265.1023890784983,101.1272908496785,39538,739,423.95329208033047,250.06659504937056,1464.779887129701
fish10,8874,443.7,20.0,20.0,17.7,45.68634338647695,6.61559454672291,7.866666666666666,265.1023890784983,101.1272908496785,37464,764,423.9291945936226,250.2135318689876,1423.4227264626102
fish10,8880,444.0,20.0,20.0,17.7,45.68634338647695,6.61559454672291,7.866666666666666,265.1023890784983,101.1272908496785,37499,1371,413.1228258749879,248.5962009844356,1411.6990268594236
fish10,8882,444.1,20.0,20.0,17.7,45.68634338647695,6.61559454672291,7.866666666666666,265.1023890784983,101.1272908496785,37649,1585,413.0264032057021,247.70457978260248,1413.7109829883043
fish10,9117,455.85,20.0,20.0,17.7,45.68634338647695,6.61559454672291,7.866666666666666,265.1023890784983,101.1272908496785,1217,323,431.22872185684025,248.3973533337804,703.9660751906206
fish10,9120,456.0,20.0,20.0,17.7,45.68634338647695,6.61559454672291,7.866666666666666,265.1023890784983,101.1272908496785,1121,2685,431.3153929013664,248.08087235243045,701.8162652537968
fish10,9122,456.1,20.0,20.0,17.7,45.68634338647695,6.61559454672291,7.866666666666666,265.1023890784983,101.1272908496785,864,1436,431.2105748828841,248.1004198943137,696.5909947771978
fish10,9136,456.8,20.0,20.0,17.7,45.68634338647695,6.61559454672291,7.866666666666666,265.1023890784983,101.1272908496785,289,733,427.0457733778025,251.5934244459364,684.4191978237388
fish10,9239,461.95,20.0,20.0,17.7,45.68634338647695,6.61559454672291,7.866666666666666,265.1023890784983,101.1272908496785,824,415,428.3397859224107,248.00355142210847,692.8233373445192
fish10,9243,462.15,20.0,20.0,17.7,45.68634338647695,6.61559454672291,7.866666666666666,265.1023890784983,101.1272908496785,743,625,428.12723401811394,248.02417642668607,691.0114104448
fish10,9247,462.35,20.0,20.0,17.7,45.68634338647695,6.61559454672291,7.866666666666666,265.1023890784983,101.1272908496785,760,2637,445.457308228368,253.42031249576144,714.0776207241295
fish10,9251,462.55,20.0,20.0,17.7,45.68634338647695,6.61559454672291,7.866666666666666,265.1023890784983,101.1272908496785,871,2728,443.7675819524128,251.74939452701148,712.9369764794243
fish10,9252,462.6,20.0,20.0,17.7,45.68634338647695,6.61559454672291,7.866666666666666,265.1023890784983,101.1272908496785,898,2728,443.5523300419373,251.74738931867813,713.2597193606155
fish10,9258,462.9,20.0,20.0,17.7,45.68634338647695,6.61559454672291,7.866666666666666,265.1023890784983,101.1272908496785,798,2402,431.8120738533679,251.6459241281721,699.4179979815401
fish10,9259,462.95,20.0,20.0,17.7,45.68634338647695,6.61559454672291,7.866666666666666,265.1023890784983,101.1272908496785,1411,2308,431.8386320208326,251.6672228960568,711.7258549168894
fish10,9264,463.2,20.0,20.0,17.7,45.68634338647695,6.61559454672291,7.866666666666666,265.1023890784983,101.1272908496785,1469,1894,432.0602933979551,251.70488558696115,713.1451789849162
fish10,9269,463.45,20.0,20.0,17.7,45.68634338647695,6.61559454672291,7.866666666666666,265.1023890784983,101.1272908496785,854,1763,431.4004104571872,252.915425942474,701.3958363996611
fish10,9273,463.65,20.0,20.0,17.7,45.68634338647695,6.61559454672291,7.866666666666666,265.1023890784983,101.1272908496785,1004,1748,431.1078629104426,252.9151427438948,704.1030056543375
fish10,9275,463.75,20.0,20.0,17.7,45.68634338647695,6.61559454672291,7.866666666666666,265.1023890784983,101.1272908496785,1557,1748,430.9543476254311,252.91397086889472,715.0083184943259
fish10,9465,473.25,20.0,20.0,17.7,45.68634338647695,6.61559454672291,7.866666666666666,265.1023890784983,101.1272908496785,1142,1953,432.414316683376,250.25682605945795,705.511142742834
fish10,9468,473.4,20.0,20.0,17.7,45.68634338647695,6.61559454672291,7.866666666666666,265.1023890784983,101.1272908496785,744,3321,431.6999020995341,251.19411131200783,697.7740134115419
fish10,9484,474.2,20.0,20.0,17.7,45.68634338647695,6.61559454672291,7.866666666666666,265.1023890784983,101.1272908496785,473,1315,420.10131680945887,250.79221353958977,680.3535303490487
fish10,9854,492.7,20.0,20.0,17.7,45.68634338647695,6.61559454672291,7.866666666666666,265.1023890784983,101.1272908496785,1242,789,431.1687975801256,250.0606570668116,706.0694546469373
fish10,9860,493.0,20.0,20.0,17.7,45.68634338647695,6.61559454672291,7.866666666666666,265.1023890784983,101.1272908496785,2356,3755,427.4593141770352,250.0807485243056,724.6600627013407
fish10,9862,493.1,20.0,20.0,17.7,45.68634338647695,6.61559454672291,7.866666666666666,265.1023890784983,101.1272908496785,2457,3975,426.859431422085,250.0864745254411,726.0859059475262
fish10,9866,493.3,20.0,20.0,17.7,45.68634338647695,6.61559454672291,7.866666666666666,265.1023890784983,101.1272908496785,2725,2983,426.9097872146984,250.1330141753727,731.5428013900711
fish10,9869,493.45,20.0,20.0,17.7,45.68634338647695,6.61559454672291,7.866666666666666,265.1023890784983,101.1272908496785,2965,2205,426.6985545449151,249.4687694294823,735.4673239743973
fish10,9874,493.7,20.0,20.0,17.7,45.68634338647695,6.61559454672291,7.866666666666666,265.1023890784983,101.1272908496785,2897,1557,426.7464886736647,250.4730726521385,735.1595613258032
fish10,9876,493.8,20.0,20.0,17.7,45.68634338647695,6.61559454672291,7.866666666666666,265.1023890784983,101.1272908496785,2871,1366,426.7998654197223,250.49297172367312,734.7128371433954
fish10,9879,493.95,20.0,20.0,17.7,45.68634338647695,6.61559454672291,7.866666666666666,265.1023890784983,101.1272908496785,3094,1170,415.4012803471131,250.91917289899192,728.200453246105
fish10,9884,494.2,20.0,20.0,17.7,45.68634338647695,6.61559454672291,7.866666666666666,265.1023890784983,101.1272908496785,3168,860,415.26104597829175,251.09150364837643,729.7125496266682
fish10,9886,494.3,20.0,20.0,17.7,45.68634338647695,6.61559454672291,7.866666666666666,265.1023890784983,101.1272908496785,3313,821,415.2020355721744,251.12777968338847,732.5898152555628
fish10,9890,494.5,20.0,20.0,17.7,45.68634338647695,6.61559454672291,7.866666666666666,265.1023890784983,101.1272908496785,3820,437,415.4146354165913,250.8576657271385,742.6723011437298
fish10,9898,494.9,20.0,20.0,17.7,45.68634338647695,6.61559454672291,7.866666666666666,265.1023890784983,101.1272908496785,9174,318,424.3345560377333,247.545820290078,855.3603763278113
fish10,9931,496.55,20.0,20.0,17.7,45.68634338647695,6.61559454672291,7.866666666666666,265.1023890784983,101.1272908496785,1075,633,421.6658879582723,250.35601235681105,693.5219003150834
fish10,9933,496.65,20.0,20.0,17.7,45.68634338647695,6.61559454672291,7.866666666666666,265.1023890784983,101.1272908496785,1050,664,421.4130844500318,251.0605826644791,693.4736671145109
fish10,9936,496.8,20.0,20.0,17.7,45.68634338647695,6.61559454672291,7.866666666666666,265.1023890784983,101.1272908496785,771,1956,420.8397710455248,251.7464452987672,688.0062163442918
fish10,9942,497.1,20.0,20.0,17.7,45.68634338647695,6.61559454672291,7.866666666666666,265.1023890784983,101.1272908496785,953,4385,417.6315405788844,251.8899804687076,688.581521047592
fish10,9943,497.15,20.0,20.0,17.7,45.68634338647695,6.61559454672291,7.866666666666666,265.1023890784983,101.1272908496785,1048,4492,417.6512755777807,251.8756249999576,690.4869005777383
fish10,9947,497.35,20.0,20.0,17.7,45.68634338647695,6.61559454672291,7.866666666666666,265.1023890784983,101.1272908496785,910,6806,437.0476687070304,255.74541988244584,710.9930885894762
fish11,402,20.1,20.0,20.0,13.0,8.972087742059006,5.542965635557481,5.333333333333333,37.64694728858551,24.38447136951444,2002,1965,418.9649890902296,248.6049771630924,707.6099662533219
fish11,409,20.45,20.0,20.0,13.0,8.972087742059006,5.542965635557481,5.333333333333333,37.64694728858551,24.38447136951444,1384,1585,416.2200149467562,252.3809700113509,696.2809849581071
fish11,416,20.8,20.0,20.0,13.0,8.972087742059006,5.542965635557481,5.333333333333333,37.64694728858551,24.38447136951444,1321,1131,415.1602499257784,252.8768000797589,694.4570500055373
fish11,421,21.05,20.0,20.0,13.0,8.972087742059006,5.542965635557481,5.333333333333333,37.64694728858551,24.38447136951444,1103,752,415.278943466959,252.94841790428163,690.2873613712406
fish11,427,21.35,20.0,20.0,13.0,8.972087742059006,5.542965635557481,5.333333333333333,37.64694728858551,24.38447136951444,893,443,414.9425510341315,253.0135835896704,685.8161346238019
fish11,1264,63.2,20.0,20.0,13.0,8.972087742059006,5.542965635557481,5.333333333333333,37.64694728858551,24.38447136951444,978,680,429.3212956289597,250.9330464426252,699.8143420715849
fish11,1266,63.3,20.0,20.0,13.0,8.972087742059006,5.542965635557481,5.333333333333333,37.64694728858551,24.38447136951444,980,1659,429.44780604562646,250.9305695164045,699.978375562031
fish11,1276,63.8,20.0,20.0,13.0,8.972087742059006,5.542965635557481,5.333333333333333,37.64694728858551,24.38447136951444,946,5872,428.1130017312887,253.1076333718935,700.1406351031821
fish11,1286,64.3,20.0,20.0,13.0,8.972087742059006,5.542965635557481,5.333333333333333,37.64694728858551,24.38447136951444,912,2820,421.9519817774455,252.96382145686687,693.1558032343123
fish11,1288,64.4,20.0,20.0,13.0,8.972087742059006,5.542965635557481,5.333333333333333,37.64694728858551,24.38447136951444,898,2481,421.8622812221951,252.29939759901885,692.121678821214
fish11,1297,64.85,20.0,20.0,13.0,8.972087742059006,5.542965635557481,5.333333333333333,37.64694728858551,24.38447136951444,878,2233,425.9450735268488,251.97250316745976,695.4775766943085
fish11,1304,65.2,20.0,20.0,13.0,8.972087742059006,5.542965635557481,5.333333333333333,37.64694728858551,24.38447136951444,1060,1862,423.1969657276105,253.03026358412643,697.4272293117369
fish11,1311,65.55,20.0,20.0,13.0,8.972087742059006,5.542965635557481,5.333333333333333,37.64694728858551,24.38447136951444,876,1865,430.47853706851527,251.0956151466264,699.0941522151415
fish11,1320,66.0,20.0,20.0,13.0,8.972087742059006,5.542965635557481,5.333333333333333,37.64694728858551,24.38447136951444,814,1537,429.3655509574043,251.1004654070431,696.7460163644473
fish11,1328,66.4,20.0,20.0,13.0,8.972087742059006,5.542965635557481,5.333333333333333,37.64694728858551,24.38447136951444,866,1254,425.0959764728121,251.1078547299597,693.5238312027719
fish11,1336,66.8,20.0,20.0,13.0,8.972087742059006,5.542965635557481,5.333333333333333,37.64694728858551,24.38447136951444,767,1012,424.9583115083483,254.1551268653764,694.4534383737247
fish11,1341,67.05,20.0,20.0,13.0,8.972087742059006,5.542965635557481,5.333333333333333,37.64694728858551,24.38447136951444,825,810,424.71821562046006,254.1576854591264,695.3759010795864
fish11,1347,67.35,20.0,20.0,13.0,8.972087742059006,5.542965635557481,5.333333333333333,37.64694728858551,24.38447136951444,888,704,438.6613260983315,252.09047188389027,708.5117979822218
fish11,1398,69.9,20.0,20.0,13.0,8.972087742059006,5.542965635557481,5.333333333333333,37.64694728858551,24.38447136951444,562,404,437.6825884967379,249.06360022226968,697.9861887190076
fish11,1506,75.3,20.0,20.0,13.0,8.972087742059006,5.542965635557481,5.333333333333333,37.64694728858551,24.38447136951444,639,218,427.54385790335584,256.3891860553318,696.7130439586876
fish11,1514,75.7,20.0,20.0,13.0,8.972087742059006,5.542965635557481,5.333333333333333,37.64694728858551,24.38447136951444,628,253,435.00206970891134,253.591484232415,701.1535539413263
fish11,1518,75.9,20.0,20.0,13.0,8.972087742059006,5.542965635557481,5.333333333333333,37.64694728858551,24.38447136951444,642,253,435.31535095891127,253.59217433658168,701.747525295493
fish11,1529,76.45,20.0,20.0,13.0,8.972087742059006,5.542965635557481,5.333333333333333,37.64694728858551,24.38447136951444,627,285,431.48712179224464,257.65332016991505,701.6804419621596
fish11,1532,76.6,20.0,20.0,13.0,8.972087742059006,5.542965635557481,5.333333333333333,37.64694728858551,24.38447136951444,638,298,431.5482155422446,257.9420636594984,702.2502792017428
fish11,1537,76.85,20.0,20.0,13.0,8.972087742059006,5.542965635557481,5.333333333333333,37.64694728858551,24.38447136951444,625,283,431.7014273478002,257.940742044915,702.1421693927152
fish11,1545,77.25,20.0,20.0,13.0,8.972087742059006,5.542965635557481,5.333333333333333,37.64694728858551,24.38447136951444,617,248,431.31867994520405,258.0442120969983,701.7028920422024
fish11,1553,77.65,20.0,20.0,13.0,8.972087742059006,5.542965635557481,5.333333333333333,37.64694728858551,24.38447136951444,624,201,427.0660963378718,257.1660969631512,696.712193301023
fish11,1590,79.5,20.0,20.0,13.0,8.972087742059006,5.542965635557481,5.333333333333333,37.64694728858551,24.38447136951444,654,256,420.50074906938346,247.55487300481784,681.1356220742014
fish11,1594,79.7,20.0,20.0,13.0,8.972087742059006,5.542965635557481,5.333333333333333,37.64694728858551,24.38447136951444,648,258,420.8640737221612,247.6874381089845,681.5115118311458
fish11,1608,80.4,20.0,20.0,13.0,8.972087742059006,5.542965635557481,5.333333333333333,37.64694728858551,24.38447136951444,590,267,419.79973860405823,252.8285903396501,684.4283289437083
fish11,1609,80.45,20.0,20.0,13.0,8.972087742059006,5.542965635557481,5.333333333333333,37.64694728858551,24.38447136951444,661,267,419.8086014512805,253.07163070423343,686.100232155514
fish11,1621,81.05,20.0,20.0,13.0,8.972087742059006,5.542965635557481,5.333333333333333,37.64694728858551,24.38447136951444,625,267,420.0625814773936,253.0987335688168,685.6613150462103
fish11,1626,81.3,20.0,20.0,13.0,8.972087742059006,5.542965635557481,5.333333333333333,37.64694728858551,24.38447136951444,616,267,420.01899639061816,253.09889632923344,685.4378927198517
fish11,1632,81.6,20.0,20.0,13.0,8.972087742059006,5.542965635557481,5.333333333333333,37.64694728858551,24.38447136951444,600,262,416.8247168767293,252.3427179438168,681.1674348205461
fish11,1641,82.05,20.0,20.0,13.0,8.972087742059006,5.542965635557481,5.333333333333333,37.64694728858551,24.38447136951444,639,238,416.6552811128402,252.3440786209001,681.7793597337404
fish11,1645,82.25,20.0,20.0,13.0,8.972087742059006,5.542965635557481,5.333333333333333,37.64694728858551,24.38447136951444,628,238,416.45919604339593,252.34487289173344,681.3640689351294
fish11,1653,82.65,20.0,20.0,13.0,8.972087742059006,5.542965635557481,5.333333333333333,37.64694728858551,24.38447136951444,545,423,425.1384348083496,251.3643259844356,687.4027607927851
fish11,1659,82.95,20.0,20.0,13.0,8.972087742059006,5.542965635557481,5.333333333333333,37.64694728858551,24.38447136951444,523,423,424.8769938361274,251.36366843235223,686.7006622684797
fish11,1672,83.6,20.0,20.0,13.0,8.972087742059006,5.542965635557481,5.333333333333333,37.64694728858551,24.38447136951444,498,318,423.35684221716986,252.89979473443552,686.2166369516054
fish11,1679,83.95,20.0,20.0,13.0,8.972087742059006,5.542965635557481,5.333333333333333,37.64694728858551,24.38447136951444,500,313,423.1125367151144,252.89945619276884,686.0119929078832
fish11,1687,84.35,20.0,20.0,13.0,8.972087742059006,5.542965635557481,5.333333333333333,37.64694728858551,24.38447136951444,536,313,416.92797939677297,252.90077780735217,680.5487572041252
fish11,1693,84.65,20.0,20.0,13.0,8.972087742059006,5.542965635557481,5.333333333333333,37.64694728858551,24.38447136951444,527,399,417.42037955699016,252.6032582761022,680.5636378330923
fish11,1698,84.9,20.0,20.0,13.0,8.972087742059006,5.542965635557481,5.333333333333333,37.64694728858551,24.38447136951444,512,403,417.7335025755141,251.2925813072099,679.2660838827239
fish11,1709,85.45,20.0,20.0,13.0,8.972087742059006,5.542965635557481,5.333333333333333,37.64694728858551,24.38447136951444,531,413,426.441423586697,249.7668326092932,686.8282561959902
fish11,1715,85.75,20.0,20.0,13.0,8.972087742059006,5.542965635557481,5.333333333333333,37.64694728858551,24.38447136951444,610,379,426.2298696828584,249.7731607342932,688.2030304171516
fish11,1722,86.1,20.0,20.0,13.0,8.972087742059006,5.542965635557481,5.333333333333333,37.64694728858551,24.38447136951444,727,394,425.7061022026155,249.7694432863765,690.0155454889921
fish11,1724,86.2,20.0,20.0,13.0,8.972087742059006,5.542965635557481,5.333333333333333,37.64694728858551,24.38447136951444,848,394,425.5221222660583,249.82899406762647,692.3111163336848
fish11,1731,86.55,20.0,20.0,13.0,8.972087742059006,5.542965635557481,5.333333333333333,37.64694728858551,24.38447136951444,1292,394,420.7998132188397,252.7189029217932,699.358716140633
fish11,1742,87.1,20.0,20.0,13.0,8.972087742059006,5.542965635557481,5.333333333333333,37.64694728858551,24.38447136951444,1481,425,420.3152513876833,252.74135734887653,702.6766087365598
fish11,1746,87.3,20.0,20.0,13.0,8.972087742059006,5.542965635557481,5.333333333333333,37.64694728858551,24.38447136951444,1540,425,420.071006509211,252.7412727134598,703.6122792226707
fish11,1753,87.65,20.0,20.0,13.0,8.972087742059006,5.542965635557481,5.333333333333333,37.64694728858551,24.38447136951444,2257,510,433.9418391745485,252.161269383706,731.2431085582544
fish11,1760,88.0,20.0,20.0,13.0,8.972087742059006,5.542965635557481,5.333333333333333,37.64694728858551,24.38447136951444,3201,522,433.3452116509143,252.159833839321,749.5250454902352
fish11,1767,88.35,20.0,20.0,13.0,8.972087742059006,5.542965635557481,5.333333333333333,37.64694728858551,24.38447136951444,7130,631,422.2021126571655,252.17060868190143,816.972721339067
fish11,1884,94.2,20.0,20.0,13.0,8.972087742059006,5.542965635557481,5.333333333333333,37.64694728858551,24.38447136951444,3037,3063,438.33236807356457,252.92166294859783,751.9940310221624
fish11,1889,94.45,20.0,20.0,13.0,8.972087742059006,5.542965635557481,5.333333333333333,37.64694728858551,24.38447136951444,2162,3061,432.046629942416,252.4393322194311,727.7259621618471
fish11,1892,94.6,20.0,20.0,13.0,8.972087742059006,5.542965635557481,5.333333333333333,37.64694728858551,24.38447136951444,2659,3061,431.8952449679716,252.49541294859776,737.5706579165693
fish11,1915,95.75,20.0,20.0,13.0,8.972087742059006,5.542965635557481,5.333333333333333,37.64694728858551,24.38447136951444,1333,2328,449.7456823772666,246.58788730365967,722.9935696809263
fish11,1918,95.9,20.0,20.0,13.0,8.972087742059006,5.542965635557481,5.333333333333333,37.64694728858551,24.38447136951444,1270,1757,449.41907281492246,246.9255565810204,721.7446293959428
fish11,1925,96.25,20.0,20.0,13.0,8.972087742059006,5.542965635557481,5.333333333333333,37.64694728858551,24.38447136951444,1430,294,448.9249844141643,248.6452473174624,726.1702317316268
fish11,2034,101.7,20.0,20.0,13.0,8.972087742059006,5.542965635557481,5.333333333333333,37.64694728858551,24.38447136951444,479,232,441.124703645758,246.31919921451137,697.0239028602693
fish11,2041,102.05,20.0,20.0,13.0,8.972087742059006,5.542965635557481,5.333333333333333,37.64694728858551,24.38447136951444,672,624,440.1103157279121,246.6142903611501,700.1646060890623
fish11,2045,102.25,20.0,20.0,13.0,8.972087742059006,5.542965635557481,5.333333333333333,37.64694728858551,24.38447136951444,1071,576,439.6596559687674,246.60195637460288,707.6816123433703
fish11,2057,102.85,20.0,20.0,13.0,8.972087742059006,5.542965635557481,5.333333333333333,37.64694728858551,24.38447136951444,709,339,435.3822172917684,248.9755695446333,698.5377868364017
fish11,2064,103.2,20.0,20.0,13.0,8.972087742059006,5.542965635557481,5.333333333333333,37.64694728858551,24.38447136951444,704,1183,434.8308191445244,248.97370414899183,697.8845232935163
fish11,2072,103.6,20.0,20.0,13.0,8.972087742059006,5.542965635557481,5.333333333333333,37.64694728858551,24.38447136951444,742,1148,431.9958580818836,251.3381472689205,698.1740053508041
fish11,2077,103.85,20.0,20.0,13.0,8.972087742059006,5.542965635557481,5.333333333333333,37.64694728858551,24.38447136951444,674,1031,431.6110491126544,251.43832607315903,696.5293751858135
fish11,2085,104.25,20.0,20.0,13.0,8.972087742059006,5.542965635557481,5.333333333333333,37.64694728858551,24.38447136951444,800,566,431.8707937703263,252.42357983801097,700.2943736083373
fish11,2088,104.4,20.0,20.0,13.0,8.972087742059006,5.542965635557481,5.333333333333333,37.64694728858551,24.38447136951444,917,396,425.8474605839293,253.38271418147605,697.5701747654053
fish11,2094,104.7,20.0,20.0,13.0,8.972087742059006,5.542965635557481,5.333333333333333,37.64694728858551,24.38447136951444,1289,235,425.6490883680555,253.87236621194413,705.3014545799997
fish11,2246,112.3,20.0,20.0,13.0,8.972087742059006,5.542965635557481,5.333333333333333,37.64694728858551,24.38447136951444,4462,2521,430.301377010694,246.9055760115624,766.4469530222564
fish11,2249,112.45,20.0,20.0,13.0,8.972087742059006,5.542965635557481,5.333333333333333,37.64694728858551,24.38447136951444,4564,2662,437.548561943431,250.08593092837864,778.9144928718097
fish11,2271,113.55,20.0,20.0,13.0,8.972087742059006,5.542965635557481,5.333333333333333,37.64694728858551,24.38447136951444,1350,2745,434.55344074614726,249.2860736083984,710.8395143545457
fish11,2274,113.7,20.0,20.0,13.0,8.972087742059006,5.542965635557481,5.333333333333333,37.64694728858551,24.38447136951444,407,988,434.29778926849366,249.4339644531249,691.8717537216186
fish11,2372,118.6,20.0,20.0,13.0,8.972087742059006,5.542965635557481,5.333333333333333,37.64694728858551,24.38447136951444,1001,416,414.16595716234366,249.8408592372893,684.0268163996329
fish11,2373,118.65,20.0,20.0,13.0,8.972087742059006,5.542965635557481,5.333333333333333,37.64694728858551,24.38447136951444,998,899,414.4617036901216,249.90123010215763,684.3229337922792
fish11,2405,120.25,20.0,20.0,13.0,8.972087742059006,5.542965635557481,5.333333333333333,37.64694728858551,24.38447136951444,641,2454,433.8152196017607,249.3283593463474,695.9635789481082
fish11,2523,126.15,20.0,20.0,13.0,8.972087742059006,5.542965635557481,5.333333333333333,37.64694728858551,24.38447136951444,4901,211,434.7510747826846,248.7781542891503,781.5492290718349
fish11,2530,126.5,20.0,20.0,13.0,8.972087742059006,5.542965635557481,5.333333333333333,37.64694728858551,24.38447136951444,5452,288,430.6410704092333,248.7909635414971,788.4720339507303
fish11,2660,133.0,20.0,20.0,13.0,8.972087742059006,5.542965635557481,5.333333333333333,37.64694728858551,24.38447136951444,1355,2261,454.3501289544001,253.088564421071,734.5386933754711
fish11,2662,133.1,20.0,20.0,13.0,8.972087742059006,5.542965635557481,5.333333333333333,37.64694728858551,24.38447136951444,544,2374,453.1676814127602,253.1045344731544,717.1522158859145
fish11,2955,147.75,20.0,20.0,13.0,8.972087742059006,5.542965635557481,5.333333333333333,37.64694728858551,24.38447136951444,707,766,442.628101082338,249.76934889051643,706.5374499728545
fish11,2967,148.35,20.0,20.0,13.0,8.972087742059006,5.542965635557481,5.333333333333333,37.64694728858551,24.38447136951444,646,1093,441.4095244274564,249.7942122242821,704.1237366517385
fish11,3298,164.9,20.0,20.0,13.0,8.972087742059006,5.542965635557481,5.333333333333333,37.64694728858551,24.38447136951444,990,444,441.0754772641029,251.39264309624565,712.2681203603486
fish11,3301,165.05,20.0,20.0,13.0,8.972087742059006,5.542965635557481,5.333333333333333,37.64694728858551,24.38447136951444,1073,794,439.7871395869314,251.6333136691623,712.8804532560937
fish11,3307,165.35,20.0,20.0,13.0,8.972087742059006,5.542965635557481,5.333333333333333,37.64694728858551,24.38447136951444,1009,1420,438.9315709996352,251.87778627925445,710.9893572788895
fish11,3314,165.7,20.0,20.0,13.0,8.972087742059006,5.542965635557481,5.333333333333333,37.64694728858551,24.38447136951444,1003,2655,447.1417446390787,250.0647783100977,717.2665229491763
fish11,3321,166.05,20.0,20.0,13.0,8.972087742059006,5.542965635557481,5.333333333333333,37.64694728858551,24.38447136951444,1030,4230,446.6335110609079,250.07480131987467,717.3083123807826
fish11,3328,166.4,20.0,20.0,13.0,8.972087742059006,5.542965635557481,5.333333333333333,37.64694728858551,24.38447136951444,1055,5496,446.88387995484914,250.0782389193112,718.0621188741603
fish11,3341,167.05,20.0,20.0,13.0,8.972087742059006,5.542965635557481,5.333333333333333,37.64694728858551,24.38447136951444,1047,5029,442.7965187487943,253.88547841999272,717.6219971687871
fish11,3344,167.2,20.0,20.0,13.0,8.972087742059006,5.542965635557481,5.333333333333333,37.64694728858551,24.38447136951444,1067,4797,442.6011107626833,253.8991503310204,717.8402610937037
fish11,3355,167.75,20.0,20.0,13.0,8.972087742059006,5.542965635557481,5.333333333333333,37.64694728858551,24.38447136951444,1178,4219,441.9034808663072,253.35260738744736,718.8160882537545
fish11,3363,168.15,20.0,20.0,13.0,8.972087742059006,5.542965635557481,5.333333333333333,37.64694728858551,24.38447136951444,1063,4080,441.62924475519634,253.366520147864,716.2557649030604
fish11,3367,168.35,20.0,20.0,13.0,8.972087742059006,5.542965635557481,5.333333333333333,37.64694728858551,24.38447136951444,1002,3867,441.3984201024184,253.3720409858597,714.8104610882781
fish11,3372,168.6,20.0,20.0,13.0,8.972087742059006,5.542965635557481,5.333333333333333,37.64694728858551,24.38447136951444,991,3442,429.9238194079741,253.41130855560303,703.1551279635772
fish11,3385,169.25,20.0,20.0,13.0,8.972087742059006,5.542965635557481,5.333333333333333,37.64694728858551,24.38447136951444,1070,2492,429.5630641962499,252.33541662326388,703.2984808195138
fish11,3391,169.55,20.0,20.0,13.0,8.972087742059006,5.542965635557481,5.333333333333333,37.64694728858551,24.38447136951444,884,2354,437.3654166422528,252.33722651909727,707.38264316135
fish11,3396,169.8,20.0,20.0,13.0,8.972087742059006,5.542965635557481,5.333333333333333,37.64694728858551,24.38447136951444,929,2388,437.4002777505759,248.142867793772,704.1231455443478
fish11,3401,170.05,20.0,20.0,13.0,8.972087742059006,5.542965635557481,5.333333333333333,37.64694728858551,24.38447136951444,896,2025,443.4527557124197,246.84564451255807,708.2184002249777
fish11,3414,170.7,20.0,20.0,13.0,8.972087742059006,5.542965635557481,5.333333333333333,37.64694728858551,24.38447136951444,937,1645,438.6259067540863,249.637128887558,707.0030356416443
fish11,3416,170.8,20.0,20.0,13.0,8.972087742059006,5.542965635557481,5.333333333333333,37.64694728858551,24.38447136951444,908,1446,438.32557249281126,249.7871419083914,706.2727144012026
fish11,3428,171.4,20.0,20.0,13.0,8.972087742059006,5.542965635557481,5.333333333333333,37.64694728858551,24.38447136951444,803,798,438.22279018145895,250.2114322729747,704.4942224544336
fish11,3433,171.65,20.0,20.0,13.0,8.972087742059006,5.542965635557481,5.333333333333333,37.64694728858551,24.38447136951444,855,462,433.957681507704,249.651093731308,700.708775239012
fish11,3438,171.9,20.0,20.0,13.0,8.972087742059006,5.542965635557481,5.333333333333333,37.64694728858551,24.38447136951444,927,340,434.0380289035374,249.8701171688081,702.4481460723455
fish11,3452,172.6,20.0,20.0,13.0,8.972087742059006,5.542965635557481,5.333333333333333,37.64694728858551,24.38447136951444,836,370,446.0871091037326,251.03721024168868,713.8443193454214
fish11,3580,179.0,20.0,20.0,13.0,8.972087742059006,5.542965635557481,5.333333333333333,37.64694728858551,24.38447136951444,936,708,427.3367462813579,255.09866535085035,701.1554116322083
fish11,3591,179.55,20.0,20.0,13.0,8.972087742059006,5.542965635557481,5.333333333333333,37.64694728858551,24.38447136951444,615,1015,434.2890340439785,256.3841536456638,702.9731876896423
fish11,3594,179.7,20.0,20.0,13.0,8.972087742059006,5.542965635557481,5.333333333333333,37.64694728858551,24.38447136951444,1542,243,434.6166991336773,256.46571940077683,721.9224185344542
fish11,3606,180.3,20.0,20.0,13.0,8.972087742059006,5.542965635557481,5.333333333333333,37.64694728858551,24.38447136951444,379,2922,442.8060172307332,258.9980530108982,709.3840702416314
fish11,3696,184.8,20.0,20.0,13.0,8.972087742059006,5.542965635557481,5.333333333333333,37.64694728858551,24.38447136951444,670,803,426.7419091253586,254.8127732745701,694.9546823999287
fish11,3700,185.0,20.0,20.0,13.0,8.972087742059006,5.542965635557481,5.333333333333333,37.64694728858551,24.38447136951444,767,1383,425.546296276686,262.2241177546077,703.1104140312938
fish11,3707,185.35,20.0,20.0,13.0,8.972087742059006,5.542965635557481,5.333333333333333,37.64694728858551,24.38447136951444,981,2455,424.6681625961304,262.2450192321777,706.5331818283081
fish11,3712,185.6,20.0,20.0,13.0,8.972087742059006,5.542965635557481,5.333333333333333,37.64694728858551,24.38447136951444,804,2976,433.1355671100193,262.2503905190362,711.4659576290555
fish11,3726,186.3,20.0,20.0,13.0,8.972087742059006,5.542965635557481,5.333333333333333,37.64694728858551,24.38447136951444,1010,3315,432.5765132905749,259.85733718465167,712.6338504752266
fish11,3727,186.35,20.0,20.0,13.0,8.972087742059006,5.542965635557481,5.333333333333333,37.64694728858551,24.38447136951444,997,3511,432.6037789155749,259.861165300115,712.40494421569
fish11,3734,186.7,20.0,20.0,13.0,8.972087742059006,5.542965635557481,5.333333333333333,37.64694728858551,24.38447136951444,938,3377,428.0058275266858,263.3381249667698,710.1039524934556
fish11,3743,187.15,20.0,20.0,13.0,8.972087742059006,5.542965635557481,5.333333333333333,37.64694728858551,24.38447136951444,892,2534,428.5900636377971,263.3008593544855,709.7309229922827
fish11,3754,187.7,20.0,20.0,13.0,8.972087742059006,5.542965635557481,5.333333333333333,37.64694728858551,24.38447136951444,887,1577,438.2307661402385,258.88703122134746,714.857797361586
fish11,3755,187.75,20.0,20.0,13.0,8.972087742059006,5.542965635557481,5.333333333333333,37.64694728858551,24.38447136951444,886,1558,438.1745074596829,258.88677731509745,714.7812847747804
fish11,3768,188.4,20.0,20.0,13.0,8.972087742059006,5.542965635557481,5.333333333333333,37.64694728858551,24.38447136951444,737,734,437.9315821124608,258.9056803151342,711.577262427595
fish11,3771,188.55,20.0,20.0,13.0,8.972087742059006,5.542965635557481,5.333333333333333,37.64694728858551,24.38447136951444,682,905,437.6606880152384,258.91182614210976,710.2125141573482
fish11,3944,197.2,20.0,20.0,13.0,8.972087742059006,5.542965635557481,5.333333333333333,37.64694728858551,24.38447136951444,673,320,439.6074294340157,263.7278287545841,716.7952581885999
fish11,3947,197.35,20.0,20.0,13.0,8.972087742059006,5.542965635557481,5.333333333333333,37.64694728858551,24.38447136951444,669,844,436.4538276306153,261.7232779217932,711.5571055524084
fish11,3953,197.65,20.0,20.0,13.0,8.972087742059006,5.542965635557481,5.333333333333333,37.64694728858551,24.38447136951444,655,921,424.4147781695896,263.58101229679323,701.0957904663828
fish11,3960,198.0,20.0,20.0,13.0,8.972087742059006,5.542965635557481,5.333333333333333,37.64694728858551,24.38447136951444,608,908,424.3652208779229,262.2151854738766,698.7404063517995
fish11,3969,198.45,20.0,20.0,13.0,8.972087742059006,5.542965635557481,5.333333333333333,37.64694728858551,24.38447136951444,611,828,424.3112234998914,262.3815201092932,698.9127436091846
fish11,3980,199.0,20.0,20.0,13.0,8.972087742059006,5.542965635557481,5.333333333333333,37.64694728858551,24.38447136951444,754,522,413.91343275265166,258.7421451092932,687.7355778619449
fish11,3984,199.2,20.0,20.0,13.0,8.972087742059006,5.542965635557481,5.333333333333333,37.64694728858551,24.38447136951444,781,466,413.8425690645947,258.74266594262656,688.2052350072213
fish11,3992,199.6,20.0,20.0,13.0,8.972087742059006,5.542965635557481,5.333333333333333,37.64694728858551,24.38447136951444,499,385,421.5742227367072,258.74446932804324,690.2986920647504
fish11,3996,199.8,20.0,20.0,13.0,8.972087742059006,5.542965635557481,5.333333333333333,37.64694728858551,24.38447136951444,518,349,421.7522869518704,253.6730891197099,685.7853760715803
fish11,4009,200.45,20.0,20.0,13.0,8.972087742059006,5.542965635557481,5.333333333333333,37.64694728858551,24.38447136951444,476,392,427.2340576592151,253.067346855153,689.821404514368
fish11,4016,200.8,20.0,20.0,13.0,8.972087742059006,5.542965635557481,5.333333333333333,37.64694728858551,24.38447136951444,479,266,425.91959585365936,256.550530448903,692.0501263025624
fish11,4024,201.2,20.0,20.0,13.0,8.972087742059006,5.542965635557481,5.333333333333333,37.64694728858551,24.38447136951444,579,375,425.64367573903394,256.6237205530697,693.8473962921037
fish11,4031,201.55,20.0,20.0,13.0,8.972087742059006,5.542965635557481,5.333333333333333,37.64694728858551,24.38447136951444,718,464,425.557204329427,256.63038721973635,696.5475915491634
fish11,4032,201.6,20.0,20.0,13.0,8.972087742059006,5.542965635557481,5.333333333333333,37.64694728858551,24.38447136951444,717,464,421.5157286349826,256.63062159473634,692.486350229719
fish11,4044,202.2,20.0,20.0,13.0,8.972087742059006,5.542965635557481,5.333333333333333,37.64694728858551,24.38447136951444,719,540,421.4362538397708,256.53822576140294,692.3544796011737
fish11,4050,202.5,20.0,20.0,13.0,8.972087742059006,5.542965635557481,5.333333333333333,37.64694728858551,24.38447136951444,669,817,419.3523738998414,257.3480273328993,690.0804012327407
fish11,4062,203.1,20.0,20.0,13.0,8.972087742059006,5.542965635557481,5.333333333333333,37.64694728858551,24.38447136951444,734,954,420.638063999807,255.036920562066,690.3549845618729
fish11,4067,203.35,20.0,20.0,13.0,8.972087742059006,5.542965635557481,5.333333333333333,37.64694728858551,24.38447136951444,763,933,420.5883851887267,255.0378906141493,690.886275802876
fish11,4078,203.9,20.0,20.0,13.0,8.972087742059006,5.542965635557481,5.333333333333333,37.64694728858551,24.38447136951444,884,560,418.7015190863714,257.1524674370659,693.5339865234373
fish11,4082,204.1,20.0,20.0,13.0,8.972087742059006,5.542965635557481,5.333333333333333,37.64694728858551,24.38447136951444,960,219,418.5284939234416,257.1581575412326,694.8866514646742
fish11,4138,206.9,20.0,20.0,13.0,8.972087742059006,5.542965635557481,5.333333333333333,37.64694728858551,24.38447136951444,1281,1167,421.0133505279918,255.9123762986501,702.545726826642
fish11,4144,207.2,20.0,20.0,13.0,8.972087742059006,5.542965635557481,5.333333333333333,37.64694728858551,24.38447136951444,1017,1658,420.354340032959,255.5644140163422,696.2587540493013
fish11,4157,207.85,20.0,20.0,13.0,8.972087742059006,5.542965635557481,5.333333333333333,37.64694728858551,24.38447136951444,950,1558,437.34675271870174,254.00044907616504,710.3472017948668
fish11,4161,208.05,20.0,20.0,13.0,8.972087742059006,5.542965635557481,5.333333333333333,37.64694728858551,24.38447136951444,1036,1652,437.17982975846286,253.8294985553318,711.7293283137947
fish11,4172,208.6,20.0,20.0,13.0,8.972087742059006,5.542965635557481,5.333333333333333,37.64694728858551,24.38447136951444,841,2544,426.818666711859,253.8662141265763,697.5048808384354
fish11,4173,208.65,20.0,20.0,13.0,8.972087742059006,5.542965635557481,5.333333333333333,37.64694728858551,24.38447136951444,888,2404,426.81355821277,253.8689224599096,698.4424806726796
fish11,4184,209.2,20.0,20.0,13.0,8.972087742059006,5.542965635557481,5.333333333333333,37.64694728858551,24.38447136951444,998,866,427.2298082438152,259.2516178224245,706.4414260662397
fish11,4280,214.0,20.0,20.0,13.0,8.972087742059006,5.542965635557481,5.333333333333333,37.64694728858551,24.38447136951444,1470,513,441.60765932660513,253.39471352471247,724.4023728513176
fish11,4287,214.35,20.0,20.0,13.0,8.972087742059006,5.542965635557481,5.333333333333333,37.64694728858551,24.38447136951444,1334,623,441.0597513404941,253.3584667790625,721.0982181195566
fish11,4298,214.9,20.0,20.0,13.0,8.972087742059006,5.542965635557481,5.333333333333333,37.64694728858551,24.38447136951444,1486,804,440.81894517639535,253.655468731308,724.1944139077034
fish11,4310,215.5,20.0,20.0,13.0,8.972087742059006,5.542965635557481,5.333333333333333,37.64694728858551,24.38447136951444,1347,761,440.62545559306193,253.65783852297469,721.2232941160366
fish11,4317,215.85,20.0,20.0,13.0,8.972087742059006,5.542965635557481,5.333333333333333,37.64694728858551,24.38447136951444,1307,896,449.7704208577285,251.6240103979748,727.5344312557033
fish11,4325,216.25,20.0,20.0,13.0,8.972087742059006,5.542965635557481,5.333333333333333,37.64694728858551,24.38447136951444,1304,859,449.8132593993953,251.6372330542248,727.53049245362
fish11,4331,216.55,20.0,20.0,13.0,8.972087742059006,5.542965635557481,5.333333333333333,37.64694728858551,24.38447136951444,1269,879,449.5759937743953,251.610390606308,726.5663843807033
fish11,4334,216.7,20.0,20.0,13.0,8.972087742059006,5.542965635557481,5.333333333333333,37.64694728858551,24.38447136951444,1277,742,445.77609794106206,251.6132747208914,722.9293726619535
fish11,4414,220.7,20.0,20.0,13.0,8.972087742059006,5.542965635557481,5.333333333333333,37.64694728858551,24.38447136951444,632,589,447.98941348558594,249.04914387968915,709.6785573652751
fish11,4419,220.95,20.0,20.0,13.0,8.972087742059006,5.542965635557481,5.333333333333333,37.64694728858551,24.38447136951444,576,934,447.8387968229883,253.79379556948345,713.1525923924717
fish11,4428,221.4,20.0,20.0,13.0,8.972087742059006,5.542965635557481,5.333333333333333,37.64694728858551,24.38447136951444,427,601,447.019274302824,253.93037760412423,709.4896519069482
fish11,4431,221.55,20.0,20.0,13.0,8.972087742059006,5.542965635557481,5.333333333333333,37.64694728858551,24.38447136951444,409,410,447.1212364283244,253.92630533853105,709.2275417668553
fish11,4440,222.0,20.0,20.0,13.0,8.972087742059006,5.542965635557481,5.333333333333333,37.64694728858551,24.38447136951444,445,1967,442.8155289565852,253.0916178376833,704.8071467942684
fish11,4553,227.65,20.0,20.0,13.0,8.972087742059006,5.542965635557481,5.333333333333333,37.64694728858551,24.38447136951444,716,2459,438.92804075925847,254.1915233730316,707.4395641322901
fish11,4555,227.75,20.0,20.0,13.0,8.972087742059006,5.542965635557481,5.333333333333333,37.64694728858551,24.38447136951444,727,1550,437.4304061757782,252.5698794842932,704.5402856600714
fish11,4887,244.35,20.0,20.0,13.0,8.972087742059006,5.542965635557481,5.333333333333333,37.64694728858551,24.38447136951444,824,684,441.29335224245807,248.4382584070736,706.2116106495316
fish11,5553,277.65,20.0,20.0,13.0,8.972087742059006,5.542965635557481,5.333333333333333,37.64694728858551,24.38447136951444,1525,297,448.8885572638618,252.2708691172176,731.6594263810794
fish11,5563,278.15,20.0,20.0,13.0,8.972087742059006,5.542965635557481,5.333333333333333,37.64694728858551,24.38447136951444,1468,297,451.2026066614033,251.1673567030165,731.7299633644199
fish11,5569,278.45,20.0,20.0,13.0,8.972087742059006,5.542965635557481,5.333333333333333,37.64694728858551,24.38447136951444,1551,297,450.3146899233031,251.3367447096082,732.6714346329113
fish11,5572,278.6,20.0,20.0,13.0,8.972087742059006,5.542965635557481,5.333333333333333,37.64694728858551,24.38447136951444,1994,304,451.03065749300725,251.32250318568543,742.2331606786927
fish11,5579,278.95,20.0,20.0,13.0,8.972087742059006,5.542965635557481,5.333333333333333,37.64694728858551,24.38447136951444,6192,310,437.10332255128463,252.5615559315576,813.5048784828422
fish11,5648,282.4,20.0,20.0,13.0,8.972087742059006,5.542965635557481,5.333333333333333,37.64694728858551,24.38447136951444,836,1353,433.6893332029554,259.310091133584,709.7194243365394
fish11,5658,282.9,20.0,20.0,13.0,8.972087742059006,5.542965635557481,5.333333333333333,37.64694728858551,24.38447136951444,832,1273,431.8716464987673,259.3551659494929,707.8668124482602
fish11,5659,282.95,20.0,20.0,13.0,8.972087742059006,5.542965635557481,5.333333333333333,37.64694728858551,24.38447136951444,1033,1273,431.8942055134903,257.6504816232893,710.2046871367796
fish11,5677,283.85,20.0,20.0,13.0,8.972087742059006,5.542965635557481,5.333333333333333,37.64694728858551,24.38447136951444,674,315,432.390043052372,257.9450777424707,703.8151207948426
fish11,5690,284.5,20.0,20.0,13.0,8.972087742059006,5.542965635557481,5.333333333333333,37.64694728858551,24.38447136951444,264,1071,432.19139744193,259.6531996345413,697.1245970764712
fish11,5691,284.55,20.0,20.0,13.0,8.972087742059006,5.542965635557481,5.333333333333333,37.64694728858551,24.38447136951444,250,579,432.0337064697077,259.7091370813052,696.7428435510129
fish11,5910,295.5,20.0,20.0,13.0,8.972087742059006,5.542965635557481,5.333333333333333,37.64694728858551,24.38447136951444,5703,660,416.480797759162,251.56065743747288,782.1014551966348
fish11,5913,295.65,20.0,20.0,13.0,8.972087742059006,5.542965635557481,5.333333333333333,37.64694728858551,24.38447136951444,5510,1504,416.30251305692695,251.6665266558224,778.1690397127494
fish11,5927,296.35,20.0,20.0,13.0,8.972087742059006,5.542965635557481,5.333333333333333,37.64694728858551,24.38447136951444,4786,1005,425.80588564858135,249.51508787764445,771.0409735262258
fish11,5933,296.65,20.0,20.0,13.0,8.972087742059006,5.542965635557481,5.333333333333333,37.64694728858551,24.38447136951444,4288,257,425.9514500242447,249.5783723551008,761.2898223793454
fish11,5935,296.75,20.0,20.0,13.0,8.972087742059006,5.542965635557481,5.333333333333333,37.64694728858551,24.38447136951444,4166,386,425.7629645175509,249.593707637522,758.6766721550729
fish11,6335,316.75,20.0,20.0,13.0,8.972087742059006,5.542965635557481,5.333333333333333,37.64694728858551,24.38447136951444,798,2888,422.8526459411621,233.67917966698545,672.4918256081476
fish11,6496,324.8,20.0,20.0,13.0,8.972087742059006,5.542965635557481,5.333333333333333,37.64694728858551,24.38447136951444,335,1240,386.25804437903895,244.36577451371087,637.3238188927498
fish11,6497,324.85,20.0,20.0,13.0,8.972087742059006,5.542965635557481,5.333333333333333,37.64694728858551,24.38447136951444,346,1266,423.1051103237577,244.43464189143705,674.4597522151947
fish11,6510,325.5,20.0,20.0,13.0,8.972087742059006,5.542965635557481,5.333333333333333,37.64694728858551,24.38447136951444,427,1532,413.0436614535108,245.87155273309287,667.4552141866036
fish11,6517,325.85,20.0,20.0,13.0,8.972087742059006,5.542965635557481,5.333333333333333,37.64694728858551,24.38447136951444,437,1864,423.1528498100939,245.95743488629668,677.8502846963906
fish11,6524,326.2,20.0,20.0,13.0,8.972087742059006,5.542965635557481,5.333333333333333,37.64694728858551,24.38447136951444,508,1674,422.8684878879122,244.33828118218312,677.3667690700953
fish11,6532,326.6,20.0,20.0,13.0,8.972087742059006,5.542965635557481,5.333333333333333,37.64694728858551,24.38447136951444,493,552,422.6868080028205,244.54580722384983,677.0926152266703
fish11,6534,326.7,20.0,20.0,13.0,8.972087742059006,5.542965635557481,5.333333333333333,37.64694728858551,24.38447136951444,488,216,422.67301909239967,244.5626562038422,676.9956752962419
fish11,6803,340.15,20.0,20.0,13.0,8.972087742059006,5.542965635557481,5.333333333333333,37.64694728858551,24.38447136951444,544,336,440.4933995801384,243.8858267964256,695.259226376564
fish11,6809,340.45,20.0,20.0,13.0,8.972087742059006,5.542965635557481,5.333333333333333,37.64694728858551,24.38447136951444,553,362,440.2923058301385,243.88119789017563,695.233503720314
fish11,6819,340.95,20.0,20.0,13.0,8.972087742059006,5.542965635557481,5.333333333333333,37.64694728858551,24.38447136951444,526,412,439.238959366391,247.38474606725904,697.14370543365
fish11,6827,341.35,20.0,20.0,13.0,8.972087742059006,5.542965635557481,5.333333333333333,37.64694728858551,24.38447136951444,524,412,439.0671841769748,247.73512367142567,697.2823078484005
fish11,6834,341.7,20.0,20.0,13.0,8.972087742059006,5.542965635557481,5.333333333333333,37.64694728858551,24.38447136951444,527,412,438.778881241391,247.73449867142563,697.0533799128166
fish11,6838,341.9,20.0,20.0,13.0,8.972087742059006,5.542965635557481,5.333333333333333,37.64694728858551,24.38447136951444,515,325,438.6603786214193,247.72872393184235,696.6891025532616
fish11,6851,342.55,20.0,20.0,13.0,8.972087742059006,5.542965635557481,5.333333333333333,37.64694728858551,24.38447136951444,389,474,437.20003646961726,246.582529259989,691.5625657296063
fish11,6857,342.85,20.0,20.0,13.0,8.972087742059006,5.542965635557481,5.333333333333333,37.64694728858551,24.38447136951444,450,479,436.9733739871932,246.5843717079057,692.5577456950989
fish11,6862,343.1,20.0,20.0,13.0,8.972087742059006,5.542965635557481,5.333333333333333,37.64694728858551,24.38447136951444,445,481,438.6836731861067,244.53538733290569,692.1190605190124
fish11,6867,343.35,20.0,20.0,13.0,8.972087742059006,5.542965635557481,5.333333333333333,37.64694728858551,24.38447136951444,406,450,438.6568849613709,244.5476204058224,691.3245053671932
fish11,6875,343.75,20.0,20.0,13.0,8.972087742059006,5.542965635557481,5.333333333333333,37.64694728858551,24.38447136951444,341,429,438.6608215169271,244.5499250933224,690.0307466102496
fish11,6883,344.15,20.0,20.0,13.0,8.972087742059006,5.542965635557481,5.333333333333333,37.64694728858551,24.38447136951444,356,414,436.8983388780383,246.54883134332232,690.5671702213606
fish11,7201,360.05,20.0,20.0,13.0,8.972087742059006,5.542965635557481,5.333333333333333,37.64694728858551,24.38447136951444,558,214,442.0429661988812,241.58769199768705,694.7906581965682
fish12,38,1.9,20.0,20.0,15.28,63.6350287532929,9.71645647277457,18.53333333333333,528.4129692832763,184.0136856967302,29078,245,407.8631552727593,247.1920702107324,1236.6152254834917
fish12,48,2.4,20.0,20.0,15.28,63.6350287532929,9.71645647277457,18.53333333333333,528.4129692832763,184.0136856967302,23701,11436,407.68547233675736,251.31474934767613,1133.0202216844334
fish12,321,16.05,20.0,20.0,15.28,63.6350287532929,9.71645647277457,18.53333333333333,528.4129692832763,184.0136856967302,13649,1198,425.956101736111,236.4284569980196,935.3645587341306
fish12,332,16.6,20.0,20.0,15.28,63.6350287532929,9.71645647277457,18.53333333333333,528.4129692832763,184.0136856967302,12218,738,428.27832782508005,237.99828433429929,910.6366121593792
fish12,344,17.2,20.0,20.0,15.28,63.6350287532929,9.71645647277457,18.53333333333333,528.4129692832763,184.0136856967302,4109,1412,423.644955766466,238.4197912082248,744.2447469746908
fish12,354,17.7,20.0,20.0,15.28,63.6350287532929,9.71645647277457,18.53333333333333,528.4129692832763,184.0136856967302,3120,1484,420.886616413917,247.9586327690972,731.2452491830142
fish12,362,18.1,20.0,20.0,15.28,63.6350287532929,9.71645647277457,18.53333333333333,528.4129692832763,184.0136856967302,3018,941,421.00946392956,247.0954621961806,728.4649261257406
fish12,365,18.25,20.0,20.0,15.28,63.6350287532929,9.71645647277457,18.53333333333333,528.4129692832763,184.0136856967302,1343,759,420.8984916027492,247.0725585503472,694.8310501530965
fish12,380,19.0,20.0,20.0,15.28,63.6350287532929,9.71645647277457,18.53333333333333,528.4129692832763,184.0136856967302,1261,241,421.29862268652266,247.72794591012536,694.2465685966481
fish12,391,19.55,20.0,20.0,15.28,63.6350287532929,9.71645647277457,18.53333333333333,528.4129692832763,184.0136856967302,1476,271,420.50262307579135,247.53508454178703,697.5577076175783
fish12,431,21.55,20.0,20.0,15.28,63.6350287532929,9.71645647277457,18.53333333333333,528.4129692832763,184.0136856967302,826,217,428.7431288876946,254.57422498914937,699.837353876844
fish12,440,22.0,20.0,20.0,15.28,63.6350287532929,9.71645647277457,18.53333333333333,528.4129692832763,184.0136856967302,852,1003,428.782008971697,254.76192014906132,700.5839291207583
fish12,450,22.5,20.0,20.0,15.28,63.6350287532929,9.71645647277457,18.53333333333333,528.4129692832763,184.0136856967302,869,1520,427.2096160040961,259.9477473551009,704.537363359197
fish12,455,22.75,20.0,20.0,15.28,63.6350287532929,9.71645647277457,18.53333333333333,528.4129692832763,184.0136856967302,843,1520,426.1386391456699,259.8567512613509,702.8553904070208
fish12,468,23.4,20.0,20.0,15.28,63.6350287532929,9.71645647277457,18.53333333333333,528.4129692832763,184.0136856967302,850,1520,424.2848723332722,258.4349608967675,699.7198332300397
fish12,470,23.5,20.0,20.0,15.28,63.6350287532929,9.71645647277457,18.53333333333333,528.4129692832763,184.0136856967302,850,1520,424.4935268703696,258.4352994384342,699.9288263088038
fish12,483,24.15,20.0,20.0,15.28,63.6350287532929,9.71645647277457,18.53333333333333,528.4129692832763,184.0136856967302,1040,1597,412.3636742983029,257.15235673010085,690.3160310284036
fish12,497,24.85,20.0,20.0,15.28,63.6350287532929,9.71645647277457,18.53333333333333,528.4129692832763,184.0136856967302,904,1340,419.3999241263495,257.34913073347934,694.829054859829
fish12,498,24.9,20.0,20.0,15.28,63.6350287532929,9.71645647277457,18.53333333333333,528.4129692832763,184.0136856967302,905,1340,419.1024414874608,258.6635382855627,695.8659797730235
fish12,508,25.4,20.0,20.0,15.28,63.6350287532929,9.71645647277457,18.53333333333333,528.4129692832763,184.0136856967302,939,1389,424.2701974494086,253.6843651084793,696.7345625578879
fish12,525,26.25,20.0,20.0,15.28,63.6350287532929,9.71645647277457,18.53333333333333,528.4129692832763,184.0136856967302,818,1256,422.0507223714005,257.4092023480627,695.8199247194633
fish12,534,26.7,20.0,20.0,15.28,63.6350287532929,9.71645647277457,18.53333333333333,528.4129692832763,184.0136856967302,825,1246,421.9730574408449,257.4115851605627,695.8846426014077
fish12,539,26.95,20.0,20.0,15.28,63.6350287532929,9.71645647277457,18.53333333333333,528.4129692832763,184.0136856967302,865,1246,421.64135172526034,256.7753221397293,695.7166738649896
fish12,549,27.45,20.0,20.0,15.28,63.6350287532929,9.71645647277457,18.53333333333333,528.4129692832763,184.0136856967302,899,1753,426.7245388090158,257.7030304776403,702.4075692866561
fish12,555,27.75,20.0,20.0,15.28,63.6350287532929,9.71645647277457,18.53333333333333,528.4129692832763,184.0136856967302,872,1753,425.39507694762426,257.7022492276403,700.5373261752646
fish12,565,28.25,20.0,20.0,15.28,63.6350287532929,9.71645647277457,18.53333333333333,528.4129692832763,184.0136856967302,793,1856,427.168722330051,256.6508429776403,699.6795653076914
fish12,581,29.05,20.0,20.0,15.28,63.6350287532929,9.71645647277457,18.53333333333333,528.4129692832763,184.0136856967302,624,1756,425.32723322872585,256.4804718838903,694.2877051126161
fish12,590,29.5,20.0,20.0,15.28,63.6350287532929,9.71645647277457,18.53333333333333,528.4129692832763,184.0136856967302,904,1743,425.4457097291544,256.4845148526403,700.0102245817948
fish12,596,29.8,20.0,20.0,15.28,63.6350287532929,9.71645647277457,18.53333333333333,528.4129692832763,184.0136856967302,889,1743,425.370440453122,256.4826789151403,699.6331193682622
fish12,608,30.4,20.0,20.0,15.28,63.6350287532929,9.71645647277457,18.53333333333333,528.4129692832763,184.0136856967302,689,1843,420.882846260052,256.10570306697423,690.7685493270262
fish12,613,30.65,20.0,20.0,15.28,63.6350287532929,9.71645647277457,18.53333333333333,528.4129692832763,184.0136856967302,749,1843,420.6118220700112,256.1093423898909,691.7011644599021
fish12,626,31.3,20.0,20.0,15.28,63.6350287532929,9.71645647277457,18.53333333333333,528.4129692832763,184.0136856967302,886,1844,429.92170475846274,253.9440559315576,701.5857606900203
fish12,632,31.6,20.0,20.0,15.28,63.6350287532929,9.71645647277457,18.53333333333333,528.4129692832763,184.0136856967302,844,1844,429.6737880746158,253.94407546280752,700.4978635374233
fish12,637,31.85,20.0,20.0,15.28,63.6350287532929,9.71645647277457,18.53333333333333,528.4129692832763,184.0136856967302,797,1844,429.67454759717407,253.9454491607242,699.5599967578983
fish12,647,32.35,20.0,20.0,15.28,63.6350287532929,9.71645647277457,18.53333333333333,528.4129692832763,184.0136856967302,743,1911,427.8630713541666,256.94014969618064,699.6632210503473
fish12,656,32.8,20.0,20.0,15.28,63.6350287532929,9.71645647277457,18.53333333333333,528.4129692832763,184.0136856967302,767,1911,425.6842689522449,258.3253775607639,699.3496465130088
fish12,667,33.35,20.0,20.0,15.28,63.6350287532929,9.71645647277457,18.53333333333333,528.4129692832763,184.0136856967302,891,1911,427.7639778953081,257.060748654514,702.644726549822
fish12,674,33.7,20.0,20.0,15.28,63.6350287532929,9.71645647277457,18.53333333333333,528.4129692832763,184.0136856967302,929,1979,427.68070537634935,257.063971310764,703.3246766871133
fish12,684,34.2,20.0,20.0,15.28,63.6350287532929,9.71645647277457,18.53333333333333,528.4129692832763,184.0136856967302,742,1979,416.358904123264,257.75785802951395,688.956762152778
fish12,701,35.05,20.0,20.0,15.28,63.6350287532929,9.71645647277457,18.53333333333333,528.4129692832763,184.0136856967302,755,2005,427.1962925238716,254.1998143691912,696.4961068930628
fish12,706,35.3,20.0,20.0,15.28,63.6350287532929,9.71645647277457,18.53333333333333,528.4129692832763,184.0136856967302,752,2005,426.7917828662825,254.20140942127443,696.0331922875569
fish12,711,35.55,20.0,20.0,15.28,63.6350287532929,9.71645647277457,18.53333333333333,528.4129692832763,184.0136856967302,651,2005,426.8138401579492,254.20184561919112,694.0356857771403
fish12,727,36.35,20.0,20.0,15.28,63.6350287532929,9.71645647277457,18.53333333333333,528.4129692832763,184.0136856967302,768,2019,425.5101812951359,257.6518846816912,698.5220659768271
fish12,732,36.6,20.0,20.0,15.28,63.6350287532929,9.71645647277457,18.53333333333333,528.4129692832763,184.0136856967302,767,2019,425.3979938123915,257.6154849421078,698.3534787544994
fish12,747,37.35,20.0,20.0,15.28,63.6350287532929,9.71645647277457,18.53333333333333,528.4129692832763,184.0136856967302,808,2203,427.1188234207529,255.71371417820183,698.9925375989548
fish12,757,37.85,20.0,20.0,15.28,63.6350287532929,9.71645647277457,18.53333333333333,528.4129692832763,184.0136856967302,901,2203,425.6355377818165,258.1163899594519,701.7719277412684
fish12,762,38.1,20.0,20.0,15.28,63.6350287532929,9.71645647277457,18.53333333333333,528.4129692832763,184.0136856967302,943,2203,425.8281332567003,256.0089811052853,700.6971143619857
fish12,767,38.35,20.0,20.0,15.28,63.6350287532929,9.71645647277457,18.53333333333333,528.4129692832763,184.0136856967302,846,2203,425.7607765764966,256.0088899594519,698.6896665359485
fish12,784,39.2,20.0,20.0,15.28,63.6350287532929,9.71645647277457,18.53333333333333,528.4129692832763,184.0136856967302,916,2203,425.35477394680447,257.8448339698686,701.5196079166732
fish12,791,39.55,20.0,20.0,15.28,63.6350287532929,9.71645647277457,18.53333333333333,528.4129692832763,184.0136856967302,818,2203,425.1877253858023,257.84404620945185,699.3917715952542
fish12,796,39.8,20.0,20.0,15.28,63.6350287532929,9.71645647277457,18.53333333333333,528.4129692832763,184.0136856967302,870,2203,425.006874691358,257.8457193865352,700.2525940778931
fish12,807,40.35,20.0,20.0,15.28,63.6350287532929,9.71645647277457,18.53333333333333,528.4129692832763,184.0136856967302,881,2133,419.8309798712836,256.4841958869828,693.9351757582664
fish12,814,40.7,20.0,20.0,15.28,63.6350287532929,9.71645647277457,18.53333333333333,528.4129692832763,184.0136856967302,888,2133,419.7129418130756,256.4876268765661,693.9605686896416
fish12,826,41.3,20.0,20.0,15.28,63.6350287532929,9.71645647277457,18.53333333333333,528.4129692832763,184.0136856967302,1178,2129,427.4080939308262,254.3217154182328,705.2898093490589
fish12,832,41.6,20.0,20.0,15.28,63.6350287532929,9.71645647277457,18.53333333333333,528.4129692832763,184.0136856967302,1118,2129,427.1312145833334,254.30857088698272,703.7997854703161
fish12,841,42.05,20.0,20.0,15.28,63.6350287532929,9.71645647277457,18.53333333333333,528.4129692832763,184.0136856967302,1125,2129,422.5624389738106,258.0158560432328,703.0782950170434
fish12,853,42.65,20.0,20.0,15.28,63.6350287532929,9.71645647277457,18.53333333333333,528.4129692832763,184.0136856967302,1441,2111,426.84182670610215,258.36366851593647,714.0254952220387
fish12,860,43.0,20.0,20.0,15.28,63.6350287532929,9.71645647277457,18.53333333333333,528.4129692832763,184.0136856967302,1525,2230,430.7758458287935,256.8758039326032,718.1516497613966
fish12,869,43.45,20.0,20.0,15.28,63.6350287532929,9.71645647277457,18.53333333333333,528.4129692832763,184.0136856967302,1528,2258,430.4666099487116,256.8822752867698,717.9088852354814
fish12,1015,50.75,20.0,20.0,15.28,63.6350287532929,9.71645647277457,18.53333333333333,528.4129692832763,184.0136856967302,19468,477,407.5291875763881,257.05670894748897,1053.945896523877
fish12,1019,50.95,20.0,20.0,15.28,63.6350287532929,9.71645647277457,18.53333333333333,528.4129692832763,184.0136856967302,20369,2216,413.50810710720486,255.32545570051408,1076.213562807719
fish12,1046,52.3,20.0,20.0,15.28,63.6350287532929,9.71645647277457,18.53333333333333,528.4129692832763,184.0136856967302,29205,3942,464.28004181850105,259.0160937489403,1307.3961355674414
fish12,1055,52.75,20.0,20.0,15.28,63.6350287532929,9.71645647277457,18.53333333333333,528.4129692832763,184.0136856967302,25282,13135,341.3667220675809,234.5863345377604,1081.5930566053412
fish12,1602,80.1,20.0,20.0,15.28,63.6350287532929,9.71645647277457,18.53333333333333,528.4129692832763,184.0136856967302,16664,7091,426.9170661963946,246.2849250462744,1006.481991242669
fish12,1607,80.35,20.0,20.0,15.28,63.6350287532929,9.71645647277457,18.53333333333333,528.4129692832763,184.0136856967302,19880,5858,425.8067243197218,246.18602200249563,1069.5927463222174
fish12,1624,81.2,20.0,20.0,15.28,63.6350287532929,9.71645647277457,18.53333333333333,528.4129692832763,184.0136856967302,24553,4857,432.3931528722504,244.35391596805783,1167.807068840308
fish12,1630,81.5,20.0,20.0,15.28,63.6350287532929,9.71645647277457,18.53333333333333,528.4129692832763,184.0136856967302,26827,6478,433.0599940424979,244.25944657118063,1213.8594406136783
fish12,1640,82.0,20.0,20.0,15.28,63.6350287532929,9.71645647277457,18.53333333333333,528.4129692832763,184.0136856967302,26125,7476,444.47062437600965,247.55753247371243,1214.528156849722
fish12,1652,82.6,20.0,20.0,15.28,63.6350287532929,9.71645647277457,18.53333333333333,528.4129692832763,184.0136856967302,22125,8868,423.74564190266926,245.57213863744727,1111.8177805401165
fish12,1661,83.05,20.0,20.0,15.28,63.6350287532929,9.71645647277457,18.53333333333333,528.4129692832763,184.0136856967302,24597,5136,417.0805031825689,244.6490070490413,1153.6695102316105
fish12,1662,83.1,20.0,20.0,15.28,63.6350287532929,9.71645647277457,18.53333333333333,528.4129692832763,184.0136856967302,25617,4474,417.337937993537,244.65052072736944,1174.3284587209064
fish12,1671,83.55,20.0,20.0,15.28,63.6350287532929,9.71645647277457,18.53333333333333,528.4129692832763,184.0136856967302,27519,1412,418.4737714608462,245.2372915769789,1214.091063037825
fish12,1681,84.05,20.0,20.0,15.28,63.6350287532929,9.71645647277457,18.53333333333333,528.4129692832763,184.0136856967302,28090,856,407.86257777657215,244.5657453510604,1214.2283231276326
fish12,1690,84.5,20.0,20.0,15.28,63.6350287532929,9.71645647277457,18.53333333333333,528.4129692832763,184.0136856967302,28427,334,407.67973943745176,244.84584297764047,1221.0655824150922
fish12,1707,85.35,20.0,20.0,15.28,63.6350287532929,9.71645647277457,18.53333333333333,528.4129692832763,184.0136856967302,31220,1606,415.1234832287258,250.7315526999474,1290.2550359286734
fish12,1710,85.5,20.0,20.0,15.28,63.6350287532929,9.71645647277457,18.53333333333333,528.4129692832763,184.0136856967302,26136,1656,414.8520677474977,250.7386165020308,1188.3106842495283
fish12,1720,86.0,20.0,20.0,15.28,63.6350287532929,9.71645647277457,18.53333333333333,528.4129692832763,184.0136856967302,23896,1517,413.0047147307031,253.9911522888184,1144.9158670195216
fish12,1734,86.7,20.0,20.0,15.28,63.6350287532929,9.71645647277457,18.53333333333333,528.4129692832763,184.0136856967302,23627,5048,467.7209144757119,254.17544594394897,1194.4363604196608
fish12,1743,87.15,20.0,20.0,15.28,63.6350287532929,9.71645647277457,18.53333333333333,528.4129692832763,184.0136856967302,21693,6628,443.7658971146007,253.3050422782792,1130.9309393928795
fish12,1748,87.4,20.0,20.0,15.28,63.6350287532929,9.71645647277457,18.53333333333333,528.4129692832763,184.0136856967302,21848,8121,431.9773437451775,246.17392577171336,1115.1112695168908
fish12,1756,87.8,20.0,20.0,15.28,63.6350287532929,9.71645647277457,18.53333333333333,528.4129692832763,184.0136856967302,17670,8118,431.1833500975808,246.18832682291668,1030.7716769204976
fish12,1772,88.6,20.0,20.0,15.28,63.6350287532929,9.71645647277457,18.53333333333333,528.4129692832763,184.0136856967302,19534,7336,428.15471673265625,245.24987954278524,1064.0845962754415
fish12,1782,89.1,20.0,20.0,15.28,63.6350287532929,9.71645647277457,18.53333333333333,528.4129692832763,184.0136856967302,32616,4512,517.9999493474326,245.5227669255575,1415.84271627299
fish12,1788,89.4,20.0,20.0,15.28,63.6350287532929,9.71645647277457,18.53333333333333,528.4129692832763,184.0136856967302,28941,5386,445.7812531153359,245.75807291666663,1270.3593260320026
fish12,1794,89.7,20.0,20.0,15.28,63.6350287532929,9.71645647277457,18.53333333333333,528.4129692832763,184.0136856967302,34547,5386,445.4631242464794,245.74981770833327,1382.1529419548128
fish12,1836,91.8,20.0,20.0,15.28,63.6350287532929,9.71645647277457,18.53333333333333,528.4129692832763,184.0136856967302,48163,1496,430.9846076110839,242.97809565555784,1637.2227032666417
fish12,1841,92.05,20.0,20.0,15.28,63.6350287532929,9.71645647277457,18.53333333333333,528.4129692832763,184.0136856967302,48886,1329,426.6466163863383,245.7501659560204,1650.1167823423586
fish12,1941,97.05,20.0,20.0,15.28,63.6350287532929,9.71645647277457,18.53333333333333,528.4129692832763,184.0136856967302,36463,14513,415.30637537975537,252.2747688735856,1396.841144253341
fish12,1952,97.6,20.0,20.0,15.28,63.6350287532929,9.71645647277457,18.53333333333333,528.4129692832763,184.0136856967302,36924,489,410.12769941647366,245.94627601301409,1394.5539754294878
fish12,1967,98.35,20.0,20.0,15.28,63.6350287532929,9.71645647277457,18.53333333333333,528.4129692832763,184.0136856967302,34749,9556,408.4231460141594,243.8006766070896,1347.203822621249
fish12,2231,111.55,20.0,20.0,15.28,63.6350287532929,9.71645647277457,18.53333333333333,528.4129692832763,184.0136856967302,53453,9237,358.22173865271674,236.34143863385523,1663.623177286572
fish12,2236,111.8,20.0,20.0,15.28,63.6350287532929,9.71645647277457,18.53333333333333,528.4129692832763,184.0136856967302,60745,6076,356.4560261635674,236.36604796939423,1807.7220741329616
fish12,2404,120.2,20.0,20.0,15.28,63.6350287532929,9.71645647277457,18.53333333333333,528.4129692832763,184.0136856967302,23136,9447,392.59522105982273,232.468378883828,1087.7835999436506
fish12,2413,120.65,20.0,20.0,15.28,63.6350287532929,9.71645647277457,18.53333333333333,528.4129692832763,184.0136856967302,21367,9972,386.9931376463148,232.3993261243079,1046.7324637706229
fish12,2423,121.15,20.0,20.0,15.28,63.6350287532929,9.71645647277457,18.53333333333333,528.4129692832763,184.0136856967302,20993,8695,388.3892051653638,229.5683235048824,1037.8175286702462
fish12,2432,121.6,20.0,20.0,15.28,63.6350287532929,9.71645647277457,18.53333333333333,528.4129692832763,184.0136856967302,21226,6234,389.0750991955226,229.02393866437285,1042.6190378598951
fish12,2436,121.8,20.0,20.0,15.28,63.6350287532929,9.71645647277457,18.53333333333333,528.4129692832763,184.0136856967302,20836,5577,388.9512843423726,229.34386377197904,1035.0151481143516
fish12,2447,122.35,20.0,20.0,15.28,63.6350287532929,9.71645647277457,18.53333333333333,528.4129692832763,184.0136856967302,19179,6536,406.4309880852594,232.69804345947892,1022.7090315447384
fish12,2456,122.8,20.0,20.0,15.28,63.6350287532929,9.71645647277457,18.53333333333333,528.4129692832763,184.0136856967302,17046,6323,395.80360905965176,233.7347295949195,970.4583386545712
fish12,2464,123.2,20.0,20.0,15.28,63.6350287532929,9.71645647277457,18.53333333333333,528.4129692832763,184.0136856967302,16835,6160,403.3926201544869,232.80263996377528,972.895260118262
fish12,2473,123.65,20.0,20.0,15.28,63.6350287532929,9.71645647277457,18.53333333333333,528.4129692832763,184.0136856967302,16976,8405,402.5684057345732,237.35646153809228,979.4448672726656
fish12,2869,143.45,20.0,20.0,15.28,63.6350287532929,9.71645647277457,18.53333333333333,528.4129692832763,184.0136856967302,3144,297,413.6203426662681,249.9573990083376,726.4577416746057
fish12,2873,143.65,20.0,20.0,15.28,63.6350287532929,9.71645647277457,18.53333333333333,528.4129692832763,184.0136856967302,3311,985,412.4487190926823,250.28438461556968,728.953103708252
fish12,2882,144.1,20.0,20.0,15.28,63.6350287532929,9.71645647277457,18.53333333333333,528.4129692832763,184.0136856967302,2585,1707,412.7371873911917,250.4174118481848,714.8545992393765
fish12,2895,144.75,20.0,20.0,15.28,63.6350287532929,9.71645647277457,18.53333333333333,528.4129692832763,184.0136856967302,3177,1807,400.6208023066579,249.80785129797195,713.9686536046298
fish12,2905,145.25,20.0,20.0,15.28,63.6350287532929,9.71645647277457,18.53333333333333,528.4129692832763,184.0136856967302,3181,2478,410.34276331152256,248.58840169142616,722.5511650029488
fish12,2915,145.75,20.0,20.0,15.28,63.6350287532929,9.71645647277457,18.53333333333333,528.4129692832763,184.0136856967302,1380,2422,409.15926562130784,248.8184863268428,685.5777519481506
fish12,2925,146.25,20.0,20.0,15.28,63.6350287532929,9.71645647277457,18.53333333333333,528.4129692832763,184.0136856967302,3822,2147,409.6804600150214,252.6596191393428,738.7800791543643
fish12,2933,146.65,20.0,20.0,15.28,63.6350287532929,9.71645647277457,18.53333333333333,528.4129692832763,184.0136856967302,2980,2094,408.8233861594682,252.8576399726761,721.2810261321443
fish12,2943,147.15,20.0,20.0,15.28,63.6350287532929,9.71645647277457,18.53333333333333,528.4129692832763,184.0136856967302,1724,1995,409.42220166347175,252.8603027330928,696.7625043965646
fish12,2956,147.8,20.0,20.0,15.28,63.6350287532929,9.71645647277457,18.53333333333333,528.4129692832763,184.0136856967302,2769,2418,408.3615782105999,253.03920243707225,716.7807806476721
fish12,2961,148.05,20.0,20.0,15.28,63.6350287532929,9.71645647277457,18.53333333333333,528.4129692832763,184.0136856967302,1957,2418,408.1635792416984,252.8704068641556,700.1739861058539
fish12,2970,148.5,20.0,20.0,15.28,63.6350287532929,9.71645647277457,18.53333333333333,528.4129692832763,184.0136856967302,1112,2526,409.774594484965,252.059833947489,684.074428432454
fish12,2987,149.35,20.0,20.0,15.28,63.6350287532929,9.71645647277457,18.53333333333333,528.4129692832763,184.0136856967302,2272,2573,407.683952462938,251.58017248915567,704.7041249520937
fish12,2996,149.8,20.0,20.0,15.28,63.6350287532929,9.71645647277457,18.53333333333333,528.4129692832763,184.0136856967302,1018,2426,408.10219855548246,251.63702795790567,680.0992265133881
fish12,3001,150.05,20.0,20.0,15.28,63.6350287532929,9.71645647277457,18.53333333333333,528.4129692832763,184.0136856967302,1071,2562,415.6620044548128,252.10394197708763,689.1859464319003
fish12,3019,150.95,20.0,20.0,15.28,63.6350287532929,9.71645647277457,18.53333333333333,528.4129692832763,184.0136856967302,2352,2499,406.1817787299261,251.78115551875425,705.0029342486803
fish12,3021,151.05,20.0,20.0,15.28,63.6350287532929,9.71645647277457,18.53333333333333,528.4129692832763,184.0136856967302,2082,2482,406.2886841195376,251.7824901541709,699.7111742737085
fish12,3036,151.8,20.0,20.0,15.28,63.6350287532929,9.71645647277457,18.53333333333333,528.4129692832763,184.0136856967302,862,2296,417.181044912814,249.92047843542105,684.341523348235
fish12,3054,152.7,20.0,20.0,15.28,63.6350287532929,9.71645647277457,18.53333333333333,528.4129692832763,184.0136856967302,1334,2378,411.63644425438775,253.2196614446004,691.5361056989881
fish12,3066,153.3,20.0,20.0,15.28,63.6350287532929,9.71645647277457,18.53333333333333,528.4129692832763,184.0136856967302,2124,2378,409.8193651231553,251.99680988210045,704.2961750052558
fish12,3075,153.75,20.0,20.0,15.28,63.6350287532929,9.71645647277457,18.53333333333333,528.4129692832763,184.0136856967302,797,2378,409.2492652488236,251.99575519460043,677.185020443424
fish12,3084,154.2,20.0,20.0,15.28,63.6350287532929,9.71645647277457,18.53333333333333,528.4129692832763,184.0136856967302,2113,2378,408.9549680663874,252.77845701751707,703.9934250839045
fish12,3093,154.65,20.0,20.0,15.28,63.6350287532929,9.71645647277457,18.53333333333333,528.4129692832763,184.0136856967302,1828,2378,397.2662439529797,252.78287108001692,686.6091150329967
fish12,3103,155.15,20.0,20.0,15.28,63.6350287532929,9.71645647277457,18.53333333333333,528.4129692832763,184.0136856967302,1262,2282,408.0867915810479,253.9875227134598,687.3143142945078
fish12,3115,155.75,20.0,20.0,15.28,63.6350287532929,9.71645647277457,18.53333333333333,528.4129692832763,184.0136856967302,2679,2282,413.4557454245486,249.6172167238765,716.6529621484252
fish12,3117,155.85,20.0,20.0,15.28,63.6350287532929,9.71645647277457,18.53333333333333,528.4129692832763,184.0136856967302,2432,2282,413.2236665979267,249.6159927655432,711.4796593634699
fish12,3130,156.5,20.0,20.0,15.28,63.6350287532929,9.71645647277457,18.53333333333333,528.4129692832763,184.0136856967302,1056,2282,411.9304810545178,253.1293521405432,686.1798331950611
fish12,3153,157.65,20.0,20.0,15.28,63.6350287532929,9.71645647277457,18.53333333333333,528.4129692832763,184.0136856967302,551,2510,419.6451241839185,252.2457323137812,682.9108564976997
fish12,3165,158.25,20.0,20.0,15.28,63.6350287532929,9.71645647277457,18.53333333333333,528.4129692832763,184.0136856967302,2537,2510,416.97760253838425,250.10563465753123,717.8232371959155
fish12,3171,158.55,20.0,20.0,15.28,63.6350287532929,9.71645647277457,18.53333333333333,528.4129692832763,184.0136856967302,2200,2510,416.1358143439398,250.11306955336457,710.2488838973044
fish12,3177,158.85,20.0,20.0,15.28,63.6350287532929,9.71645647277457,18.53333333333333,528.4129692832763,184.0136856967302,1109,2510,415.31934293391856,250.1130370012813,687.6123799351998
fish12,3186,159.3,20.0,20.0,15.28,63.6350287532929,9.71645647277457,18.53333333333333,528.4129692832763,184.0136856967302,892,2510,415.2466169825236,251.74127918878128,684.8278961713049
fish12,3223,161.15,20.0,20.0,15.28,63.6350287532929,9.71645647277457,18.53333333333333,528.4129692832763,184.0136856967302,2324,2367,408.568606495026,252.70219725408552,707.7508037491115
fish12,3230,161.5,20.0,20.0,15.28,63.6350287532929,9.71645647277457,18.53333333333333,528.4129692832763,184.0136856967302,2533,2367,413.9268399594153,251.0616503790856,715.6484903385008
fish12,3243,162.15,20.0,20.0,15.28,63.6350287532929,9.71645647277457,18.53333333333333,528.4129692832763,184.0136856967302,505,2367,414.6095005545722,251.0631738165856,675.7726743711578
fish12,3293,164.65,20.0,20.0,15.28,63.6350287532929,9.71645647277457,18.53333333333333,528.4129692832763,184.0136856967302,2564,2640,417.9970775266858,259.3285774419043,728.6056549685902
fish12,3299,164.95,20.0,20.0,15.28,63.6350287532929,9.71645647277457,18.53333333333333,528.4129692832763,184.0136856967302,2457,2648,420.4014580529485,261.1401139221087,730.6815719750572
fish12,3307,165.35,20.0,20.0,15.28,63.6350287532929,9.71645647277457,18.53333333333333,528.4129692832763,184.0136856967302,866,2648,425.9379640026516,256.5308951721086,699.7888591747602
fish12,3351,167.55,20.0,20.0,15.28,63.6350287532929,9.71645647277457,18.53333333333333,528.4129692832763,184.0136856967302,2660,2961,426.1768923020352,258.6138378745079,737.9907301765431
fish12,3360,168.0,20.0,20.0,15.28,63.6350287532929,9.71645647277457,18.53333333333333,528.4129692832763,184.0136856967302,2508,2959,425.3517619933329,258.6136686082522,734.1254306015851
fish12,3362,168.1,20.0,20.0,15.28,63.6350287532929,9.71645647277457,18.53333333333333,528.4129692832763,184.0136856967302,2148,2959,425.4076473885242,258.6134602749189,726.9811076634431
fish12,3379,168.95,20.0,20.0,15.28,63.6350287532929,9.71645647277457,18.53333333333333,528.4129692832763,184.0136856967302,3138,2950,425.6231465777927,257.3414485561689,745.7245951339617
fish12,3381,169.05,20.0,20.0,15.28,63.6350287532929,9.71645647277457,18.53333333333333,528.4129692832763,184.0136856967302,2430,2950,425.5993748911916,257.35624673325225,731.5556216244439
fish12,3395,169.75,20.0,20.0,15.28,63.6350287532929,9.71645647277457,18.53333333333333,528.4129692832763,184.0136856967302,1324,2950,425.51098512548754,258.01070636866893,710.0016914941565
fish12,3408,170.4,20.0,20.0,15.28,63.6350287532929,9.71645647277457,18.53333333333333,528.4129692832763,184.0136856967302,2989,2508,421.41437372655054,258.2596321469519,739.4540058735024
fish12,3409,170.45,20.0,20.0,15.28,63.6350287532929,9.71645647277457,18.53333333333333,528.4129692832763,184.0136856967302,4031,2508,421.27443443098656,258.2582389177852,760.1526733487718
fish12,3421,171.05,20.0,20.0,15.28,63.6350287532929,9.71645647277457,18.53333333333333,528.4129692832763,184.0136856967302,4198,2508,418.6870645785109,258.30613605320195,760.9532006317129
fish12,3437,171.85,20.0,20.0,15.28,63.6350287532929,9.71645647277457,18.53333333333333,528.4129692832763,184.0136856967302,2226,2499,426.8054759324816,255.80461912908544,727.130095061567
fish12,3445,172.25,20.0,20.0,15.28,63.6350287532929,9.71645647277457,18.53333333333333,528.4129692832763,184.0136856967302,1198,1520,424.15914309607626,255.69658201429584,703.8157251103721
fish12,3450,172.5,20.0,20.0,15.28,63.6350287532929,9.71645647277457,18.53333333333333,528.4129692832763,184.0136856967302,2043,453,426.7052557018704,257.59356428221594,725.1588199840863
fish12,3464,173.2,20.0,20.0,15.28,63.6350287532929,9.71645647277457,18.53333333333333,528.4129692832763,184.0136856967302,1006,453,424.6365791521237,257.5973695337931,702.3539486859169
fish12,3467,173.35,20.0,20.0,15.28,63.6350287532929,9.71645647277457,18.53333333333333,528.4129692832763,184.0136856967302,1049,453,412.7764014214222,256.2153252629599,689.971726684382
fish12,3481,174.05,20.0,20.0,15.28,63.6350287532929,9.71645647277457,18.53333333333333,528.4129692832763,184.0136856967302,1030,436,412.2722912199045,256.5250810775651,689.3973722974696
fish12,3486,174.3,20.0,20.0,15.28,63.6350287532929,9.71645647277457,18.53333333333333,528.4129692832763,184.0136856967302,669,436,401.9923562945896,252.73053029631507,668.1028865909046
fish12,3498,174.9,20.0,20.0,15.28,63.6350287532929,9.71645647277457,18.53333333333333,528.4129692832763,184.0136856967302,724,418,409.2959368760097,254.85483722873275,678.6307741047424
fish12,3513,175.65,20.0,20.0,15.28,63.6350287532929,9.71645647277457,18.53333333333333,528.4129692832763,184.0136856967302,625,544,413.8756937643922,250.3012988047176,676.6769925691099
fish12,3515,175.75,20.0,20.0,15.28,63.6350287532929,9.71645647277457,18.53333333333333,528.4129692832763,184.0136856967302,652,534,413.90228230605896,250.30259437127648,677.2448766773354
fish12,3525,176.25,20.0,20.0,15.28,63.6350287532929,9.71645647277457,18.53333333333333,528.4129692832763,184.0136856967302,619,471,414.1708890697149,250.30311520460967,676.8540042743247
fish12,3536,176.8,20.0,20.0,15.28,63.6350287532929,9.71645647277457,18.53333333333333,528.4129692832763,184.0136856967302,635,336,414.5450947624301,254.0199902089331,681.2650849713632
fish12,3550,177.5,20.0,20.0,15.28,63.6350287532929,9.71645647277457,18.53333333333333,528.4129692832763,184.0136856967302,628,1323,415.0569909042358,254.4160123400264,682.0330032442622
fish12,3554,177.7,20.0,20.0,15.28,63.6350287532929,9.71645647277457,18.53333333333333,528.4129692832763,184.0136856967302,628,1323,414.6412096542359,254.4157779650264,681.6169876192622
fish12,3562,178.1,20.0,20.0,15.28,63.6350287532929,9.71645647277457,18.53333333333333,528.4129692832763,184.0136856967302,628,1323,414.420615026328,254.4153287462764,681.3959437726043
fish12,3573,178.65,20.0,20.0,15.28,63.6350287532929,9.71645647277457,18.53333333333333,528.4129692832763,184.0136856967302,631,1403,415.4012746066624,251.81709306919308,679.8383676758555
fish12,3587,179.35,20.0,20.0,15.28,63.6350287532929,9.71645647277457,18.53333333333333,528.4129692832763,184.0136856967302,621,1295,414.6078327767644,253.75795244419308,680.7857852209575
fish12,3592,179.6,20.0,20.0,15.28,63.6350287532929,9.71645647277457,18.53333333333333,528.4129692832763,184.0136856967302,646,1295,414.6292521592883,253.81697588169308,681.3662280409814
fish12,3603,180.15,20.0,20.0,15.28,63.6350287532929,9.71645647277457,18.53333333333333,528.4129692832763,184.0136856967302,648,762,419.76719969797017,253.3593131212765,686.0865128192468
fish12,3610,180.5,20.0,20.0,15.28,63.6350287532929,9.71645647277457,18.53333333333333,528.4129692832763,184.0136856967302,655,762,413.0527858479818,252.8123469754432,678.965132823425
fish12,3616,180.8,20.0,20.0,15.28,63.6350287532929,9.71645647277457,18.53333333333333,528.4129692832763,184.0136856967302,631,761,412.9801079431416,252.8127441108598,678.4128520540013
fish12,3626,181.3,20.0,20.0,15.28,63.6350287532929,9.71645647277457,18.53333333333333,528.4129692832763,184.0136856967302,604,762,422.1852640552473,251.3680305691931,685.6332946244405
fish12,3639,181.95,20.0,20.0,15.28,63.6350287532929,9.71645647277457,18.53333333333333,528.4129692832763,184.0136856967302,589,758,421.92417909732393,251.3695605171098,685.0737396144336
fish12,3646,182.3,20.0,20.0,15.28,63.6350287532929,9.71645647277457,18.53333333333333,528.4129692832763,184.0136856967302,586,764,419.18496911754846,255.0377831733598,685.9427522909083
fish12,3661,183.05,20.0,20.0,15.28,63.6350287532929,9.71645647277457,18.53333333333333,528.4129692832763,184.0136856967302,588,331,423.2907327758601,254.54032226383424,689.5910550396943
fish12,3662,183.1,20.0,20.0,15.28,63.6350287532929,9.71645647277457,18.53333333333333,528.4129692832763,184.0136856967302,586,331,423.2752900675269,254.5407975242509,689.5360875917778
fish12,3680,184.0,20.0,20.0,15.28,63.6350287532929,9.71645647277457,18.53333333333333,528.4129692832763,184.0136856967302,583,779,432.9133022203045,254.02460936889645,698.5979115892009
fish12,3682,184.1,20.0,20.0,15.28,63.6350287532929,9.71645647277457,18.53333333333333,528.4129692832763,184.0136856967302,590,798,432.8413751369711,254.0343424146865,698.6757175516576
fish12,3698,184.9,20.0,20.0,15.28,63.6350287532929,9.71645647277457,18.53333333333333,528.4129692832763,184.0136856967302,555,2427,427.0007627302759,259.6534341819657,697.7541969122416
fish12,3706,185.3,20.0,20.0,15.28,63.6350287532929,9.71645647277457,18.53333333333333,528.4129692832763,184.0136856967302,555,2424,436.199981480276,259.8117902967665,707.1117717770425
fish12,3711,185.55,20.0,20.0,15.28,63.6350287532929,9.71645647277457,18.53333333333333,528.4129692832763,184.0136856967302,554,2424,436.1714441817484,255.45578769259984,702.7072318743483
fish12,3718,185.9,20.0,20.0,15.28,63.6350287532929,9.71645647277457,18.53333333333333,528.4129692832763,184.0136856967302,549,2429,436.0050899590198,255.45572909884984,702.4408190578697
fish12,3730,186.5,20.0,20.0,15.28,63.6350287532929,9.71645647277457,18.53333333333333,528.4129692832763,184.0136856967302,560,2431,433.9408929756823,259.76389316134987,704.9047861370323
fish12,3736,186.8,20.0,20.0,15.28,63.6350287532929,9.71645647277457,18.53333333333333,528.4129692832763,184.0136856967302,561,2441,433.7322774778578,259.6259114201864,704.5781888980441
fish12,3746,187.3,20.0,20.0,15.28,63.6350287532929,9.71645647277457,18.53333333333333,528.4129692832763,184.0136856967302,563,2383,430.48712990841335,259.5599576454057,701.307087553819
fish12,3758,187.9,20.0,20.0,15.28,63.6350287532929,9.71645647277457,18.53333333333333,528.4129692832763,184.0136856967302,581,1579,432.527355817159,261.1061620497704,705.2535178669294
fish12,3773,188.65,20.0,20.0,15.28,63.6350287532929,9.71645647277457,18.53333333333333,528.4129692832763,184.0136856967302,586,1579,434.9546344201359,258.74071283102035,705.4153472511563
fish12,3774,188.7,20.0,20.0,15.28,63.6350287532929,9.71645647277457,18.53333333333333,528.4129692832763,184.0136856967302,589,1579,434.9918392812471,258.740738872687,705.5125781539341
fish12,3790,189.5,20.0,20.0,15.28,63.6350287532929,9.71645647277457,18.53333333333333,528.4129692832763,184.0136856967302,591,1579,433.8789225971741,260.5069042372704,706.2058268344445
fish12,3793,189.65,20.0,20.0,15.28,63.6350287532929,9.71645647277457,18.53333333333333,528.4129692832763,184.0136856967302,589,1579,433.88906579994864,260.5063508518537,706.1754166518024
fish12,3810,190.5,20.0,20.0,15.28,63.6350287532929,9.71645647277457,18.53333333333333,528.4129692832763,184.0136856967302,598,1517,428.0420474148221,259.5962173959944,699.5982648108164
fish12,3818,190.9,20.0,20.0,15.28,63.6350287532929,9.71645647277457,18.53333333333333,528.4129692832763,184.0136856967302,598,1517,427.94929132892,259.59625645849434,699.5055477874143
fish12,3827,191.35,20.0,20.0,15.28,63.6350287532929,9.71645647277457,18.53333333333333,528.4129692832763,184.0136856967302,594,1517,435.5454284432682,257.98322260432764,705.4086510475958
fish12,3835,191.75,20.0,20.0,15.28,63.6350287532929,9.71645647277457,18.53333333333333,528.4129692832763,184.0136856967302,602,1517,435.98054134790857,257.9374641451412,705.9580054930498
fish12,3847,192.35,20.0,20.0,15.28,63.6350287532929,9.71645647277457,18.53333333333333,528.4129692832763,184.0136856967302,559,1714,434.4991782628754,258.97839516617466,704.65757342905
fish12,3854,192.7,20.0,20.0,15.28,63.6350287532929,9.71645647277457,18.53333333333333,528.4129692832763,184.0136856967302,594,1714,434.3783188878755,261.5043066245079,707.7626255123834
fish12,3857,192.85,20.0,20.0,15.28,63.6350287532929,9.71645647277457,18.53333333333333,528.4129692832763,184.0136856967302,594,1714,434.3302720128754,261.50441079117456,707.7146828040501
fish12,3866,193.3,20.0,20.0,15.28,63.6350287532929,9.71645647277457,18.53333333333333,528.4129692832763,184.0136856967302,557,1714,437.61855326287537,261.50622719742466,710.2647804603
fish12,3884,194.2,20.0,20.0,15.28,63.6350287532929,9.71645647277457,18.53333333333333,528.4129692832763,184.0136856967302,557,1714,437.1879456239866,260.1378352650007,708.4657808889873
fish12,3885,194.25,20.0,20.0,15.28,63.6350287532929,9.71645647277457,18.53333333333333,528.4129692832763,184.0136856967302,555,1714,437.1495428462088,260.6652962025007,708.9148390487095
fish12,3900,195.0,20.0,20.0,15.28,63.6350287532929,9.71645647277457,18.53333333333333,528.4129692832763,184.0136856967302,615,1818,425.7817092227888,258.6913996846516,696.7731089074404
fish12,3910,195.5,20.0,20.0,15.28,63.6350287532929,9.71645647277457,18.53333333333333,528.4129692832763,184.0136856967302,606,1818,434.57397484778886,253.7740168721516,700.4679917199404
fish13,380,19.0,20.0,20.0,13.88,10.18695772951796,5.873371557429353,5.6,42.68107698141827,27.102374479378874,939,2860,424.3083116314734,244.28660790998669,687.37491954146
fish13,407,20.35,20.0,20.0,13.88,10.18695772951796,5.873371557429353,5.6,42.68107698141827,27.102374479378874,1055,1658,428.6377684027778,244.6406314642588,694.3783998670366
fish13,410,20.5,20.0,20.0,13.88,10.18695772951796,5.873371557429353,5.6,42.68107698141827,27.102374479378874,1049,1647,428.23636644149593,244.60638016217555,693.8227466036715
fish13,424,21.2,20.0,20.0,13.88,10.18695772951796,5.873371557429353,5.6,42.68107698141827,27.102374479378874,1122,1597,427.4484111496913,245.15522781558573,695.0436389652771
fish13,447,22.35,20.0,20.0,13.88,10.18695772951796,5.873371557429353,5.6,42.68107698141827,27.102374479378874,1027,1626,420.7599768322415,248.70921867523185,690.0091955074732
fish13,460,23.0,20.0,20.0,13.88,10.18695772951796,5.873371557429353,5.6,42.68107698141827,27.102374479378874,987,1659,419.6574422132516,251.4515559148152,690.8489981280668
fish13,467,23.35,20.0,20.0,13.88,10.18695772951796,5.873371557429353,5.6,42.68107698141827,27.102374479378874,1018,1471,428.8854026406181,249.2739322168986,698.5193348575167
fish13,691,34.55,20.0,20.0,13.88,10.18695772951796,5.873371557429353,5.6,42.68107698141827,27.102374479378874,1088,1025,425.0079551389904,252.5009861830712,699.2689413220617
fish13,706,35.3,20.0,20.0,13.88,10.18695772951796,5.873371557429353,5.6,42.68107698141827,27.102374479378874,977,892,425.8193746201503,252.27955403178527,697.6389286519355
fish13,710,35.5,20.0,20.0,13.88,10.18695772951796,5.873371557429353,5.6,42.68107698141827,27.102374479378874,982,903,425.7970655923725,252.2787044133504,697.7157700057229
fish13,727,36.35,20.0,20.0,13.88,10.18695772951796,5.873371557429353,5.6,42.68107698141827,27.102374479378874,962,1012,414.60118017570585,251.34415682083767,685.1853369965436
fish13,772,38.6,20.0,20.0,13.88,10.18695772951796,5.873371557429353,5.6,42.68107698141827,27.102374479378874,914,1141,423.2594436909239,252.31181314213003,693.8512568330539
fish13,779,38.95,20.0,20.0,13.88,10.18695772951796,5.873371557429353,5.6,42.68107698141827,27.102374479378874,924,1139,423.1987579270349,252.31120767338004,693.989965600415
fish13,799,39.95,20.0,20.0,13.88,10.18695772951796,5.873371557429353,5.6,42.68107698141827,27.102374479378874,931,1120,421.15397001122375,251.25382160627572,691.0277916174995
fish13,808,40.4,20.0,20.0,13.88,10.18695772951796,5.873371557429353,5.6,42.68107698141827,27.102374479378874,931,1120,423.18517656790647,250.5226302000258,692.3278067679322
fish13,828,41.4,20.0,20.0,13.88,10.18695772951796,5.873371557429353,5.6,42.68107698141827,27.102374479378874,917,1120,421.9808710123509,251.04015624169244,691.3610272540434
fish13,829,41.45,20.0,20.0,13.88,10.18695772951796,5.873371557429353,5.6,42.68107698141827,27.102374479378874,916,1120,421.9870081651287,251.04015624169244,691.3471644068212
fish13,849,42.45,20.0,20.0,13.88,10.18695772951796,5.873371557429353,5.6,42.68107698141827,27.102374479378874,931,1174,418.0701345470852,250.2434505112965,686.9335850583817
fish13,857,42.85,20.0,20.0,13.88,10.18695772951796,5.873371557429353,5.6,42.68107698141827,27.102374479378874,935,1174,417.6945095470852,250.2438281154633,686.6383376625486
fish13,906,45.3,20.0,20.0,13.88,10.18695772951796,5.873371557429353,5.6,42.68107698141827,27.102374479378874,937,1194,423.53108357137046,249.3987564127605,691.6698399841309
fish13,911,45.55,20.0,20.0,13.88,10.18695772951796,5.873371557429353,5.6,42.68107698141827,27.102374479378874,939,1194,423.4550939880372,249.4077668294272,691.6428608174643
fish13,922,46.1,20.0,20.0,13.88,10.18695772951796,5.873371557429353,5.6,42.68107698141827,27.102374479378874,991,1194,423.3991998908149,249.4708657877605,692.6900656785755
fish13,942,47.1,20.0,20.0,13.88,10.18695772951796,5.873371557429353,5.6,42.68107698141827,27.102374479378874,1063,1189,413.0646252802343,250.5897980794272,684.9144233596614
fish13,986,49.3,20.0,20.0,13.88,10.18695772951796,5.873371557429353,5.6,42.68107698141827,27.102374479378874,1258,1168,423.2676474488811,251.5900715711805,700.0177190200616
fish13,999,49.95,20.0,20.0,13.88,10.18695772951796,5.873371557429353,5.6,42.68107698141827,27.102374479378874,1282,1163,425.0453598248329,252.102138500966,702.7874983257989
fish13,1002,50.1,20.0,20.0,13.88,10.18695772951796,5.873371557429353,5.6,42.68107698141827,27.102374479378874,1279,1163,425.0021306581663,252.1016827717993,702.6838134299657
fish13,1019,50.95,20.0,20.0,13.88,10.18695772951796,5.873371557429353,5.6,42.68107698141827,27.102374479378874,1285,1163,425.3002556581662,249.8271450113826,700.8274006695489
fish13,1039,51.95,20.0,20.0,13.88,10.18695772951796,5.873371557429353,5.6,42.68107698141827,27.102374479378874,1289,1155,425.15865843594406,251.73340803221595,702.67206646816
fish13,1044,52.2,20.0,20.0,13.88,10.18695772951796,5.873371557429353,5.6,42.68107698141827,27.102374479378874,1293,1150,425.16001260261066,251.16038068846592,702.1803932910766
fish13,1071,53.55,20.0,20.0,13.88,10.18695772951796,5.873371557429353,5.6,42.68107698141827,27.102374479378874,1407,1144,425.7648508022732,250.1120214589332,704.0168722612063
fish13,1084,54.2,20.0,20.0,13.88,10.18695772951796,5.873371557429353,5.6,42.68107698141827,27.102374479378874,1427,1144,425.5779454313868,253.3362402089332,707.4541856403199
fish13,1088,54.4,20.0,20.0,13.88,10.18695772951796,5.873371557429353,5.6,42.68107698141827,27.102374479378874,1439,1144,421.27577533635264,253.33665687559983,703.3924322119524
fish13,1111,55.55,20.0,20.0,13.88,10.18695772951796,5.873371557429353,5.6,42.68107698141827,27.102374479378874,1530,1117,428.81314639755067,251.691269508828,711.1044159063787
fish13,1115,55.75,20.0,20.0,13.88,10.18695772951796,5.873371557429353,5.6,42.68107698141827,27.102374479378874,1526,1117,428.7218356336616,251.699062477578,710.9408981112397
fish13,1133,56.65,20.0,20.0,13.88,10.18695772951796,5.873371557429353,5.6,42.68107698141827,27.102374479378874,1516,1117,418.0643356336616,253.160292946328,701.5446285799896
fish13,1146,57.3,20.0,20.0,13.88,10.18695772951796,5.873371557429353,5.6,42.68107698141827,27.102374479378874,1441,1102,425.1319571614394,248.63684893591136,702.5888060973508
fish13,1168,58.4,20.0,20.0,13.88,10.18695772951796,5.873371557429353,5.6,42.68107698141827,27.102374479378874,1360,1085,426.7126508870255,251.1751952148437,705.0878461018693
fish13,1172,58.6,20.0,20.0,13.88,10.18695772951796,5.873371557429353,5.6,42.68107698141827,27.102374479378874,1365,1085,426.6008539766101,251.4742837565104,705.3751377331204
fish13,1197,59.85,20.0,20.0,13.88,10.18695772951796,5.873371557429353,5.6,42.68107698141827,27.102374479378874,1378,1087,425.2027554994749,248.75500965753128,701.5177651570061
fish13,1201,60.05,20.0,20.0,13.88,10.18695772951796,5.873371557429353,5.6,42.68107698141827,27.102374479378874,1365,1087,424.948007235586,250.991363824198,703.2393710597839
fish13,1226,61.3,20.0,20.0,13.88,10.18695772951796,5.873371557429353,5.6,42.68107698141827,27.102374479378874,1265,1065,426.67823293003033,249.88452137628133,701.8627543063117
fish13,1245,62.25,20.0,20.0,13.88,10.18695772951796,5.873371557429353,5.6,42.68107698141827,27.102374479378874,1245,928,420.7431982078081,250.337613824198,695.980812032006
fish13,1256,62.8,20.0,20.0,13.88,10.18695772951796,5.873371557429353,5.6,42.68107698141827,27.102374479378874,1186,814,422.505446431459,251.8694009596082,698.0948473910672
fish13,1271,63.55,20.0,20.0,13.88,10.18695772951796,5.873371557429353,5.6,42.68107698141827,27.102374479378874,1152,543,431.03480407034783,249.1107616366916,703.1855657070394
fish13,1274,63.7,20.0,20.0,13.88,10.18695772951796,5.873371557429353,5.6,42.68107698141827,27.102374479378874,1156,515,431.0401512925701,249.111516845025,703.271668137595
fish13,1288,64.4,20.0,20.0,13.88,10.18695772951796,5.873371557429353,5.6,42.68107698141827,27.102374479378874,1172,360,428.05783358423673,253.25412101169167,704.7519545959285
fish13,1302,65.1,20.0,20.0,13.88,10.18695772951796,5.873371557429353,5.6,42.68107698141827,27.102374479378874,1181,304,427.4984459688916,253.862278645452,704.9807246143436
fish13,1316,65.8,20.0,20.0,13.88,10.18695772951796,5.873371557429353,5.6,42.68107698141827,27.102374479378874,1175,304,415.6352732453334,252.75553385378527,691.8908070991187
fish13,1333,66.65,20.0,20.0,13.88,10.18695772951796,5.873371557429353,5.6,42.68107698141827,27.102374479378874,1168,263,404.9384590092224,248.8099283850353,677.1083873942576
fish13,1428,71.4,20.0,20.0,13.88,10.18695772951796,5.873371557429353,5.6,42.68107698141827,27.102374479378874,1003,339,412.7780716037326,245.0017219974836,677.8397936012161
fish13,1440,72.0,20.0,20.0,13.88,10.18695772951796,5.873371557429353,5.6,42.68107698141827,27.102374479378874,896,349,412.8727677842882,245.00176105998355,675.7945288442717
fish13,1504,75.2,20.0,20.0,13.88,10.18695772951796,5.873371557429353,5.6,42.68107698141827,27.102374479378874,800,1274,415.7880592922446,246.92246089935304,678.7105201915977
fish13,1512,75.6,20.0,20.0,13.88,10.18695772951796,5.873371557429353,5.6,42.68107698141827,27.102374479378874,851,1341,425.67787269354926,246.90699214935304,689.6048648429023
fish13,1527,76.35,20.0,20.0,13.88,10.18695772951796,5.873371557429353,5.6,42.68107698141827,27.102374479378874,933,1234,414.6943788759396,251.00816402435305,684.3625429002926
fish13,1545,77.25,20.0,20.0,13.88,10.18695772951796,5.873371557429353,5.6,42.68107698141827,27.102374479378874,956,1372,414.70589368459446,251.47574214935312,685.3016358339476
fish13,1569,78.45,20.0,20.0,13.88,10.18695772951796,5.873371557429353,5.6,42.68107698141827,27.102374479378874,994,1355,427.2950127970189,252.26001301570471,699.4350258127237
fish13,1592,79.6,20.0,20.0,13.88,10.18695772951796,5.873371557429353,5.6,42.68107698141827,27.102374479378874,1064,1195,423.2709199191624,252.29804686987137,696.8489667890337
fish13,1595,79.75,20.0,20.0,13.88,10.18695772951796,5.873371557429353,5.6,42.68107698141827,27.102374479378874,1129,1200,423.1322437606812,252.29851561987147,698.0107593805527
fish13,1616,80.8,20.0,20.0,13.88,10.18695772951796,5.873371557429353,5.6,42.68107698141827,27.102374479378874,1471,1181,427.4827290295072,249.36588211940136,706.2686111489085
fish13,1636,81.8,20.0,20.0,13.88,10.18695772951796,5.873371557429353,5.6,42.68107698141827,27.102374479378874,1422,1188,426.17903966785946,251.4395963209364,706.0586359887959
fish13,1729,86.45,20.0,20.0,13.88,10.18695772951796,5.873371557429353,5.6,42.68107698141827,27.102374479378874,881,1338,416.9013785578221,251.5681182637109,686.0894968215331
fish13,1735,86.75,20.0,20.0,13.88,10.18695772951796,5.873371557429353,5.6,42.68107698141827,27.102374479378874,886,1259,416.8817865439332,251.9002471821679,686.5020337261012
fish13,1755,87.75,20.0,20.0,13.88,10.18695772951796,5.873371557429353,5.6,42.68107698141827,27.102374479378874,938,1150,428.0472130594136,246.93748688151047,693.744699940924
fish13,1770,88.5,20.0,20.0,13.88,10.18695772951796,5.873371557429353,5.6,42.68107698141827,27.102374479378874,972,1164,425.8910151427469,251.0395702148438,696.3705853575907
fish13,1781,89.05,20.0,20.0,13.88,10.18695772951796,5.873371557429353,5.6,42.68107698141827,27.102374479378874,980,1150,425.8725342399692,251.08155589192708,696.5540901318963
fish13,1790,89.5,20.0,20.0,13.88,10.18695772951796,5.873371557429353,5.6,42.68107698141827,27.102374479378874,960,1148,420.6371436149692,250.8729035481772,690.7100471631463
fish13,1800,90.0,20.0,20.0,13.88,10.18695772951796,5.873371557429353,5.6,42.68107698141827,27.102374479378874,995,1357,420.3171959996352,251.97744460499027,692.1946406046254
fish13,1814,90.7,20.0,20.0,13.88,10.18695772951796,5.873371557429353,5.6,42.68107698141827,27.102374479378874,1015,1314,421.4106248263889,249.56342116749025,691.2740459938791
fish13,1873,93.65,20.0,20.0,13.88,10.18695772951796,5.873371557429353,5.6,42.68107698141827,27.102374479378874,958,1694,425.3659099814332,247.555751822567,692.0816618040002
fish13,1885,94.25,20.0,20.0,13.88,10.18695772951796,5.873371557429353,5.6,42.68107698141827,27.102374479378874,956,1755,425.380640884211,247.55407213506697,692.054713019278
fish13,1901,95.05,20.0,20.0,13.88,10.18695772951796,5.873371557429353,5.6,42.68107698141827,27.102374479378874,973,1732,423.8845214662152,253.33019200387528,696.6747134700905
fish13,1914,95.7,20.0,20.0,13.88,10.18695772951796,5.873371557429353,5.6,42.68107698141827,27.102374479378874,960,1666,422.5772818828818,251.35669591012527,693.1339777930071
fish13,1919,95.95,20.0,20.0,13.88,10.18695772951796,5.873371557429353,5.6,42.68107698141827,27.102374479378874,959,1689,422.5687488967707,251.354729764292,693.1034786610626
fish13,1931,96.55,20.0,20.0,13.88,10.18695772951796,5.873371557429353,5.6,42.68107698141827,27.102374479378874,960,1726,411.4721950773262,249.98904617054205,680.6612412478682
fish13,1945,97.25,20.0,20.0,13.88,10.18695772951796,5.873371557429353,5.6,42.68107698141827,27.102374479378874,954,1751,411.4357020217707,250.104221951792,680.6199239735628
fish13,1990,99.5,20.0,20.0,13.88,10.18695772951796,5.873371557429353,5.6,42.68107698141827,27.102374479378874,919,1711,416.23315504871897,249.0340427951389,683.6471978438578
fish13,1996,99.8,20.0,20.0,13.88,10.18695772951796,5.873371557429353,5.6,42.68107698141827,27.102374479378874,927,1711,416.2239623403856,249.0336196180556,683.7975819584412
fish13,2013,100.65,20.0,20.0,13.88,10.18695772951796,5.873371557429353,5.6,42.68107698141827,27.102374479378874,906,1750,417.4345916446639,249.61032218169103,685.164913826355
fish13,2035,101.75,20.0,20.0,13.88,10.18695772951796,5.873371557429353,5.6,42.68107698141827,27.102374479378874,918,1722,416.623875493537,248.82183910877444,683.8057146023115
fish13,2036,101.8,20.0,20.0,13.88,10.18695772951796,5.873371557429353,5.6,42.68107698141827,27.102374479378874,911,1722,416.6256897296481,248.77628572335777,683.6219754530059
fish13,2051,102.55,20.0,20.0,13.88,10.18695772951796,5.873371557429353,5.6,42.68107698141827,27.102374479378874,937,1770,412.4270484073591,247.90864255471752,679.0756909620766
fish13,2065,103.25,20.0,20.0,13.88,10.18695772951796,5.873371557429353,5.6,42.68107698141827,27.102374479378874,1008,1803,412.4181552815567,248.3275553151342,680.9057105966909
fish13,2112,105.6,20.0,20.0,13.88,10.18695772951796,5.873371557429353,5.6,42.68107698141827,27.102374479378874,1073,1928,422.4323853190104,248.5082063433224,692.4005916623328
fish13,2127,106.35,20.0,20.0,13.88,10.18695772951796,5.873371557429353,5.6,42.68107698141827,27.102374479378874,1057,2158,411.1743122829108,249.51342769748905,681.8277399803999
fish13,2135,106.75,20.0,20.0,13.88,10.18695772951796,5.873371557429353,5.6,42.68107698141827,27.102374479378874,1023,2220,411.147827956136,249.5758886349891,681.1837165911252
fish13,2175,108.75,20.0,20.0,13.88,10.18695772951796,5.873371557429353,5.6,42.68107698141827,27.102374479378874,967,2507,420.6771730956842,251.4667382751465,691.4839113708307
fish13,2190,109.5,20.0,20.0,13.88,10.18695772951796,5.873371557429353,5.6,42.68107698141827,27.102374479378874,961,2484,416.5321557345732,250.84934895222983,686.6015046868031
fish13,2199,109.95,20.0,20.0,13.88,10.18695772951796,5.873371557429353,5.6,42.68107698141827,27.102374479378874,986,2513,416.4096173755034,250.8505143208397,686.9801316963432
fish13,2207,110.35,20.0,20.0,13.88,10.18695772951796,5.873371557429353,5.6,42.68107698141827,27.102374479378874,987,2486,416.56895765328113,248.889140622923,685.1980982762042
fish13,2229,111.45,20.0,20.0,13.88,10.18695772951796,5.873371557429353,5.6,42.68107698141827,27.102374479378874,937,2337,416.7904680699478,250.6053645812564,686.1358326512042
fish13,2234,111.7,20.0,20.0,13.88,10.18695772951796,5.873371557429353,5.6,42.68107698141827,27.102374479378874,935,2265,416.60440036161447,250.6090299458397,685.9134303074543
fish13,2248,112.4,20.0,20.0,13.88,10.18695772951796,5.873371557429353,5.6,42.68107698141827,27.102374479378874,917,2101,414.5096762959799,249.5363964589331,682.386072754913
fish13,2263,113.15,20.0,20.0,13.88,10.18695772951796,5.873371557429353,5.6,42.68107698141827,27.102374479378874,831,2140,414.4299585634397,249.9412597401831,680.9912183036228
fish13,2289,114.45,20.0,20.0,13.88,10.18695772951796,5.873371557429353,5.6,42.68107698141827,27.102374479378874,877,2081,417.6749846051064,251.58027666726645,686.7952612723727
fish13,2303,115.15,20.0,20.0,13.88,10.18695772951796,5.873371557429353,5.6,42.68107698141827,27.102374479378874,945,2373,422.4556548814373,252.26511391083395,693.6207687922712
fish13,2317,115.85,20.0,20.0,13.88,10.18695772951796,5.873371557429353,5.6,42.68107698141827,27.102374479378874,987,2660,425.9060628675484,250.9540527129174,696.6001155804659
fish13,2331,116.55,20.0,20.0,13.88,10.18695772951796,5.873371557429353,5.6,42.68107698141827,27.102374479378874,945,2657,414.6742008315852,252.80032224416732,686.3745230757526
fish13,2344,117.2,20.0,20.0,13.88,10.18695772951796,5.873371557429353,5.6,42.68107698141827,27.102374479378874,941,2490,414.671944009211,252.982809223334,686.474753232545
fish13,2358,117.9,20.0,20.0,13.88,10.18695772951796,5.873371557429353,5.6,42.68107698141827,27.102374479378874,1016,2113,426.4720565679857,248.323932242669,695.1159888106547
fish13,2369,118.45,20.0,20.0,13.88,10.18695772951796,5.873371557429353,5.6,42.68107698141827,27.102374479378874,967,2049,425.7783499707634,251.652584586419,696.7709345571825
fish13,2385,119.25,20.0,20.0,13.88,10.18695772951796,5.873371557429353,5.6,42.68107698141827,27.102374479378874,930,1959,425.5989402485411,251.92621739891905,696.1251576474601
fish13,2391,119.55,20.0,20.0,13.88,10.18695772951796,5.873371557429353,5.6,42.68107698141827,27.102374479378874,912,1910,421.465936776319,251.49050125308568,691.1964380294047
fish13,2409,120.45,20.0,20.0,13.88,10.18695772951796,5.873371557429353,5.6,42.68107698141827,27.102374479378874,804,1629,427.0863829313867,251.2033137815687,694.3696967129555
fish13,2419,120.95,20.0,20.0,13.88,10.18695772951796,5.873371557429353,5.6,42.68107698141827,27.102374479378874,806,1653,427.1219907420782,251.2028255003187,694.4448162423969
fish13,2432,121.6,20.0,20.0,13.88,10.18695772951796,5.873371557429353,5.6,42.68107698141827,27.102374479378874,808,1595,426.8746905372714,252.4242903440687,695.4589808813402
fish13,2458,122.9,20.0,20.0,13.88,10.18695772951796,5.873371557429353,5.6,42.68107698141827,27.102374479378874,913,1682,422.016148008728,250.8722948874473,691.1484428961753
fish13,2472,123.6,20.0,20.0,13.88,10.18695772951796,5.873371557429353,5.6,42.68107698141827,27.102374479378874,970,1988,430.9435393325618,248.33512040828063,698.6786597408424
fish13,2486,124.3,20.0,20.0,13.88,10.18695772951796,5.873371557429353,5.6,42.68107698141827,27.102374479378874,997,2235,430.89834836033936,248.32766598119724,699.1660143415367
fish13,2488,124.4,20.0,20.0,13.88,10.18695772951796,5.873371557429353,5.6,42.68107698141827,27.102374479378874,986,2305,427.8011913601157,252.88079749161392,700.4019888517296
fish13,2504,125.2,20.0,20.0,13.88,10.18695772951796,5.873371557429353,5.6,42.68107698141827,27.102374479378874,937,2739,427.4849174551316,252.86972650129536,699.0946439564269
fish13,2516,125.8,20.0,20.0,13.88,10.18695772951796,5.873371557429353,5.6,42.68107698141827,27.102374479378874,855,2554,415.644752524576,251.54713535546205,684.2918878800381
fish13,2543,127.15,20.0,20.0,13.88,10.18695772951796,5.873371557429353,5.6,42.68107698141827,27.102374479378874,972,2333,405.5520616032918,247.67929681379545,672.6713584170873
fish13,2629,131.45,20.0,20.0,13.88,10.18695772951796,5.873371557429353,5.6,42.68107698141827,27.102374479378874,736,1687,412.1564178254116,246.2990428751204,673.175460700532
fish13,2636,131.8,20.0,20.0,13.88,10.18695772951796,5.873371557429353,5.6,42.68107698141827,27.102374479378874,766,1680,412.0071471932682,246.3025715209538,673.6297187142221
fish13,2663,133.15,20.0,20.0,13.88,10.18695772951796,5.873371557429353,5.6,42.68107698141827,27.102374479378874,867,1617,408.1438180094401,246.1133821110089,671.597200120449
fish13,2667,133.35,20.0,20.0,13.88,10.18695772951796,5.873371557429353,5.6,42.68107698141827,27.102374479378874,899,1663,408.1209534261067,246.1128222151756,672.2137756412823
fish13,2710,135.5,20.0,20.0,13.88,10.18695772951796,5.873371557429353,5.6,42.68107698141827,27.102374479378874,871,2634,422.3009414867073,247.07329098357096,686.7942324702782
fish13,2736,136.8,20.0,20.0,13.88,10.18695772951796,5.873371557429353,5.6,42.68107698141827,27.102374479378874,847,1835,410.94603262736,250.8829264002376,678.7689590275976
fish13,2773,138.65,20.0,20.0,13.88,10.18695772951796,5.873371557429353,5.6,42.68107698141827,27.102374479378874,894,551,427.4621349099995,252.5576822672525,697.899817177252
fish13,2780,139.0,20.0,20.0,13.88,10.18695772951796,5.873371557429353,5.6,42.68107698141827,27.102374479378874,898,461,427.4644526183328,252.5550976318359,697.9795502501688
fish13,2799,139.95,20.0,20.0,13.88,10.18695772951796,5.873371557429353,5.6,42.68107698141827,27.102374479378874,941,326,424.0884885518392,251.58335283135312,694.4918413831923
fish13,2813,140.65,20.0,20.0,13.88,10.18695772951796,5.873371557429353,5.6,42.68107698141827,27.102374479378874,1002,325,426.2256152879503,249.33090491468644,695.5965202026367
fish13,2824,141.2,20.0,20.0,13.88,10.18695772951796,5.873371557429353,5.6,42.68107698141827,27.102374479378874,1019,254,426.2650250101725,249.3291471021864,695.9741721123588
fish13,2867,143.35,20.0,20.0,13.88,10.18695772951796,5.873371557429353,5.6,42.68107698141827,27.102374479378874,789,460,419.90709899902345,252.5070344974836,688.194133496507
fish13,2886,144.3,20.0,20.0,13.88,10.18695772951796,5.873371557429353,5.6,42.68107698141827,27.102374479378874,793,773,428.3422551341116,249.99780272665024,694.2000578607618
fish13,2889,144.45,20.0,20.0,13.88,10.18695772951796,5.873371557429353,5.6,42.68107698141827,27.102374479378874,819,859,425.7265910832724,253.62217772665025,695.7287688099226
fish13,2906,145.3,20.0,20.0,13.88,10.18695772951796,5.873371557429353,5.6,42.68107698141827,27.102374479378874,759,1160,426.8478209442515,252.3781933089257,694.4060142531772
fish13,2934,146.7,20.0,20.0,13.88,10.18695772951796,5.873371557429353,5.6,42.68107698141827,27.102374479378874,731,513,417.8292966386959,251.5432974755924,683.9925941142883
fish13,2944,147.2,20.0,20.0,13.88,10.18695772951796,5.873371557429353,5.6,42.68107698141827,27.102374479378874,707,241,417.8879685136959,251.38039382975893,683.4083623434548
fish13,2958,147.9,20.0,20.0,13.88,10.18695772951796,5.873371557429353,5.6,42.68107698141827,27.102374479378874,702,400,428.3901557308997,247.38140622134733,689.8115619522471
fish13,2972,148.6,20.0,20.0,13.88,10.18695772951796,5.873371557429353,5.6,42.68107698141827,27.102374479378874,746,359,427.8798128918119,251.24592445051408,694.0457373423259
fish13,2996,149.8,20.0,20.0,13.88,10.18695772951796,5.873371557429353,5.6,42.68107698141827,27.102374479378874,701,710,423.6147433466971,251.60533851301403,689.2400818597112
fish13,3005,150.25,20.0,20.0,13.88,10.18695772951796,5.873371557429353,5.6,42.68107698141827,27.102374479378874,779,1007,423.4605978367936,252.29207680240216,691.3326746391957
fish13,3013,150.65,20.0,20.0,13.88,10.18695772951796,5.873371557429353,5.6,42.68107698141827,27.102374479378874,797,1017,424.51096691124064,250.13130857323543,690.5822754844761
fish13,3046,152.3,20.0,20.0,13.88,10.18695772951796,5.873371557429353,5.6,42.68107698141827,27.102374479378874,813,905,424.3064486735026,251.43382810448549,692.0002767779881
fish13,3070,153.5,20.0,20.0,13.88,10.18695772951796,5.873371557429353,5.6,42.68107698141827,27.102374479378874,809,581,428.2601383697887,249.3487857971085,693.7889241668971
fish13,3094,154.7,20.0,20.0,13.88,10.18695772951796,5.873371557429353,5.6,42.68107698141827,27.102374479378874,810,548,423.8033067725664,253.42178709919187,693.4250938717583
fish13,3102,155.1,20.0,20.0,13.88,10.18695772951796,5.873371557429353,5.6,42.68107698141827,27.102374479378874,781,500,426.6100640814699,252.7683039944013,694.9983680758712
fish13,3115,155.75,20.0,20.0,13.88,10.18695772951796,5.873371557429353,5.6,42.68107698141827,27.102374479378874,805,405,422.60111442869214,251.26779618190128,689.9689106105934
fish13,3141,157.05,20.0,20.0,13.88,10.18695772951796,5.873371557429353,5.6,42.68107698141827,27.102374479378874,841,267,411.50146606867287,250.1268326402345,678.4482987089075
fish13,3147,157.35,20.0,20.0,13.88,10.18695772951796,5.873371557429353,5.6,42.68107698141827,27.102374479378874,796,317,415.0011495288801,248.99947579463324,679.9206253235133
fish13,3199,159.95,20.0,20.0,13.88,10.18695772951796,5.873371557429353,5.6,42.68107698141827,27.102374479378874,816,809,418.5250519504122,250.887412083933,685.7324640343453
fish13,3210,160.5,20.0,20.0,13.88,10.18695772951796,5.873371557429353,5.6,42.68107698141827,27.102374479378874,812,864,420.8057290337457,249.8532584380997,686.8989874718454
fish13,3229,161.45,20.0,20.0,13.88,10.18695772951796,5.873371557429353,5.6,42.68107698141827,27.102374479378874,820,1034,419.2122047281901,250.11021156309977,685.7224162912898
fish13,3246,162.3,20.0,20.0,13.88,10.18695772951796,5.873371557429353,5.6,42.68107698141827,27.102374479378874,842,1050,419.8307463884519,250.14944984434973,686.8201962328017
fish13,3255,162.75,20.0,20.0,13.88,10.18695772951796,5.873371557429353,5.6,42.68107698141827,27.102374479378874,827,1208,414.39310297533206,248.72979161173492,679.6628945870671
fish13,3291,164.55,20.0,20.0,13.88,10.18695772951796,5.873371557429353,5.6,42.68107698141827,27.102374479378874,738,1399,421.0326473734538,250.2579817159016,686.0506290893554
fish13,3298,164.9,20.0,20.0,13.88,10.18695772951796,5.873371557429353,5.6,42.68107698141827,27.102374479378874,714,1656,419.87293785519074,251.5632355794272,685.7161734346179
fish13,3325,166.25,20.0,20.0,13.88,10.18695772951796,5.873371557429353,5.6,42.68107698141827,27.102374479378874,745,1374,421.4115920590813,250.0985090287525,686.4101010878338
fish13,3336,166.8,20.0,20.0,13.88,10.18695772951796,5.873371557429353,5.6,42.68107698141827,27.102374479378874,788,1724,409.4724859210545,250.33240551502445,675.5648914360789
fish13,3341,167.05,20.0,20.0,13.88,10.18695772951796,5.873371557429353,5.6,42.68107698141827,27.102374479378874,742,1930,409.5336274051618,250.346256424586,674.7198838297478
fish13,3396,169.8,20.0,20.0,13.88,10.18695772951796,5.873371557429353,5.6,42.68107698141827,27.102374479378874,832,1952,418.86647532521937,252.3533170228641,687.8597923480835
fish13,3403,170.15,20.0,20.0,13.88,10.18695772951796,5.873371557429353,5.6,42.68107698141827,27.102374479378874,787,1706,421.7858202121123,250.4898469174598,688.0156671295721
fish13,3425,171.25,20.0,20.0,13.88,10.18695772951796,5.873371557429353,5.6,42.68107698141827,27.102374479378874,804,1430,421.602165668836,248.1626398862097,685.8448055550457
fish13,3439,171.95,20.0,20.0,13.88,10.18695772951796,5.873371557429353,5.6,42.68107698141827,27.102374479378874,812,1021,421.8309590716138,249.9997492612097,688.0707083328235
fish13,3440,172.0,20.0,20.0,13.88,10.18695772951796,5.873371557429353,5.6,42.68107698141827,27.102374479378874,837,990,421.8158592420789,249.9988768653764,688.5547361074553
fish13,3454,172.7,20.0,20.0,13.88,10.18695772951796,5.873371557429353,5.6,42.68107698141827,27.102374479378874,851,687,417.0606161234537,251.26698240406245,685.3475985275161
fish13,3468,173.4,20.0,20.0,13.88,10.18695772951796,5.873371557429353,5.6,42.68107698141827,27.102374479378874,783,593,416.9458765401205,248.68022459156248,681.2861011316829
fish13,3485,174.25,20.0,20.0,13.88,10.18695772951796,5.873371557429353,5.6,42.68107698141827,27.102374479378874,847,390,425.2537021143596,248.83799802906248,691.0317001434221
fish13,3519,175.95,20.0,20.0,13.88,10.18695772951796,5.873371557429353,5.6,42.68107698141827,27.102374479378874,883,395,427.4891315205891,250.3531640516493,695.5022955722384
fish13,3521,176.05,20.0,20.0,13.88,10.18695772951796,5.873371557429353,5.6,42.68107698141827,27.102374479378874,881,404,427.46240861362406,250.35511066623263,695.4375192798567
fish13,3548,177.4,20.0,20.0,13.88,10.18695772951796,5.873371557429353,5.6,42.68107698141827,27.102374479378874,681,431,417.5372346528795,247.2844497700904,678.4416844229698
fish13,3560,178.0,20.0,20.0,13.88,10.18695772951796,5.873371557429353,5.6,42.68107698141827,27.102374479378874,677,430,424.5762147955247,247.41713206175703,685.5333468572817
fish13,3571,178.55,20.0,20.0,13.88,10.18695772951796,5.873371557429353,5.6,42.68107698141827,27.102374479378874,655,672,425.3294874233669,251.293870343007,689.723357766374
fish13,3588,179.4,20.0,20.0,13.88,10.18695772951796,5.873371557429353,5.6,42.68107698141827,27.102374479378874,695,929,425.2980159550231,251.3200422180071,690.5180581730302
fish13,3596,179.8,20.0,20.0,13.88,10.18695772951796,5.873371557429353,5.6,42.68107698141827,27.102374479378874,747,911,421.2189665072218,250.7420213846737,686.9009878918955
fish13,3615,180.75,20.0,20.0,13.88,10.18695772951796,5.873371557429353,5.6,42.68107698141827,27.102374479378874,820,872,426.7695913761091,248.77804030011487,691.947631676224
fish13,3630,181.5,20.0,20.0,13.88,10.18695772951796,5.873371557429353,5.6,42.68107698141827,27.102374479378874,915,955,426.6386929862128,249.81365878969828,694.752351775911
fish13,3639,181.95,20.0,20.0,13.88,10.18695772951796,5.873371557429353,5.6,42.68107698141827,27.102374479378874,856,888,426.4759804560154,249.8206965501149,693.4166770061304
fish13,3647,182.35,20.0,20.0,13.88,10.18695772951796,5.873371557429353,5.6,42.68107698141827,27.102374479378874,709,1071,429.8089925733024,250.0465134551896,694.035506028492
fish13,3675,183.75,20.0,20.0,13.88,10.18695772951796,5.873371557429353,5.6,42.68107698141827,27.102374479378874,673,531,431.2277946804471,249.64159809060624,694.3293927710533
fish13,3688,184.4,20.0,20.0,13.88,10.18695772951796,5.873371557429353,5.6,42.68107698141827,27.102374479378874,735,676,431.14218278520366,249.65452777810629,695.49671056331
fish13,3690,184.5,20.0,20.0,13.88,10.18695772951796,5.873371557429353,5.6,42.68107698141827,27.102374479378874,740,731,427.6136367621529,253.1615069447729,695.5751437069257
fish13,3706,185.3,20.0,20.0,13.88,10.18695772951796,5.873371557429353,5.6,42.68107698141827,27.102374479378874,703,1064,428.17249497249287,253.4394495951228,695.6719445676156
fish13,3722,186.1,20.0,20.0,13.88,10.18695772951796,5.873371557429353,5.6,42.68107698141827,27.102374479378874,736,842,415.4723126808262,252.13639299074808,682.3287056715743
fish13,3732,186.6,20.0,20.0,13.88,10.18695772951796,5.873371557429353,5.6,42.68107698141827,27.102374479378874,764,640,404.6539706669372,248.66886042577943,668.6028310927167
fish13,3914,195.7,20.0,20.0,13.88,10.18695772951796,5.873371557429353,5.6,42.68107698141827,27.102374479378874,809,200,421.66751727400407,246.84251298993425,684.6900302639382
fish13,3998,199.9,20.0,20.0,13.88,10.18695772951796,5.873371557429353,5.6,42.68107698141827,27.102374479378874,852,918,426.00503035329183,250.42558266083404,693.4706130141258
fish13,4005,200.25,20.0,20.0,13.88,10.18695772951796,5.873371557429353,5.6,42.68107698141827,27.102374479378874,906,954,425.8735589189694,250.47152016083405,694.4650790798034
fish13,4013,200.65,20.0,20.0,13.88,10.18695772951796,5.873371557429353,5.6,42.68107698141827,27.102374479378874,969,456,427.9723175347223,248.5599055775007,695.9122231122229
fish13,4105,205.25,20.0,20.0,13.88,10.18695772951796,5.873371557429353,5.6,42.68107698141827,27.102374479378874,800,404,427.3403980516222,254.2329915110165,697.5733895626387
fish13,4140,207.0,20.0,20.0,13.88,10.18695772951796,5.873371557429353,5.6,42.68107698141827,27.102374479378874,698,557,417.8618000845262,253.7307258860165,685.5525259705428
fish13,4150,207.5,20.0,20.0,13.88,10.18695772951796,5.873371557429353,5.6,42.68107698141827,27.102374479378874,630,1656,421.4996520091115,252.2258201699151,686.3254721790266
fish13,4164,208.2,20.0,20.0,13.88,10.18695772951796,5.873371557429353,5.6,42.68107698141827,27.102374479378874,638,1676,430.8367007648986,247.5959764199151,691.1926771848136
fish13,4178,208.9,20.0,20.0,13.88,10.18695772951796,5.873371557429353,5.6,42.68107698141827,27.102374479378874,636,1178,430.3645219590929,251.6044594928317,694.6889814519246
fish13,4192,209.6,20.0,20.0,13.88,10.18695772951796,5.873371557429353,5.6,42.68107698141827,27.102374479378874,594,933,424.9308415786555,251.7213019407484,688.5321435194039
fish13,4219,210.95,20.0,20.0,13.88,10.18695772951796,5.873371557429353,5.6,42.68107698141827,27.102374479378874,649,939,424.35295993011846,250.24048487090005,687.5734448010185
fish13,4228,211.4,20.0,20.0,13.88,10.18695772951796,5.873371557429353,5.6,42.68107698141827,27.102374479378874,734,738,424.2889842483333,250.2570408604834,689.2260251088165
fish13,4237,211.85,20.0,20.0,13.88,10.18695772951796,5.873371557429353,5.6,42.68107698141827,27.102374479378874,738,854,424.46455291972217,251.2678611729834,690.4924140927055
fish13,4250,212.5,20.0,20.0,13.88,10.18695772951796,5.873371557429353,5.6,42.68107698141827,27.102374479378874,751,791,425.577682248264,250.0751171721988,690.6727994204628
fish13,4264,213.2,20.0,20.0,13.88,10.18695772951796,5.873371557429353,5.6,42.68107698141827,27.102374479378874,767,769,418.86782551930736,250.1915820159489,684.3994075352563
fish13,4418,220.9,20.0,20.0,13.88,10.18695772951796,5.873371557429353,5.6,42.68107698141827,27.102374479378874,890,564,419.81003464980887,250.66654608382115,688.27658073363
fish13,4430,221.5,20.0,20.0,13.88,10.18695772951796,5.873371557429353,5.6,42.68107698141827,27.102374479378874,857,1118,419.74573777480896,250.91459295882112,687.8003307336301
fish13,4442,222.1,20.0,20.0,13.88,10.18695772951796,5.873371557429353,5.6,42.68107698141827,27.102374479378874,975,1310,418.78823777480886,251.01743150048785,689.3056692752966
fish13,4452,222.6,20.0,20.0,13.88,10.18695772951796,5.873371557429353,5.6,42.68107698141827,27.102374479378874,946,1257,415.2968831232518,253.1746907422278,687.3915738654796
fish13,4504,225.2,20.0,20.0,13.88,10.18695772951796,5.873371557429353,5.6,42.68107698141827,27.102374479378874,890,815,422.0249520164018,255.3462661994828,695.1712182158847
fish13,4505,225.25,20.0,20.0,13.88,10.18695772951796,5.873371557429353,5.6,42.68107698141827,27.102374479378874,890,843,422.0246742386241,255.34685864739944,695.1715328860236
fish13,4530,226.5,20.0,20.0,13.88,10.18695772951796,5.873371557429353,5.6,42.68107698141827,27.102374479378874,880,736,423.4353556492936,254.44898104323283,695.4843366925264
fish13,4546,227.3,20.0,20.0,13.88,10.18695772951796,5.873371557429353,5.6,42.68107698141827,27.102374479378874,911,751,411.78904922129306,255.47980786614943,685.4888570874425
fish13,4575,228.75,20.0,20.0,13.88,10.18695772951796,5.873371557429353,5.6,42.68107698141827,27.102374479378874,927,764,422.76321963945554,255.53953773176409,696.8427573712196
fish14,370,18.5,20.0,20.0,12.32,11.772950354473384,5.376079175747519,9.466666666666669,41.040955631399314,28.07814805800259,1177,2852,420.07083620724137,259.9272590738508,703.5380952810922
fish14,378,18.9,20.0,20.0,12.32,11.772950354473384,5.376079175747519,9.466666666666669,41.040955631399314,28.07814805800259,1073,1196,415.7650210842368,261.19740509998525,698.4224261842221
fish14,389,19.45,20.0,20.0,12.32,11.772950354473384,5.376079175747519,9.466666666666669,41.040955631399314,28.07814805800259,858,435,416.6441013995701,264.9963241915279,698.8004255910979
fish14,396,19.8,20.0,20.0,12.32,11.772950354473384,5.376079175747519,9.466666666666669,41.040955631399314,28.07814805800259,895,285,416.19743037463536,264.93716077469713,699.0345911493324
fish14,405,20.25,20.0,20.0,12.32,11.772950354473384,5.376079175747519,9.466666666666669,41.040955631399314,28.07814805800259,841,211,426.97939662179823,257.8193847625626,701.6187813843609
fish14,510,25.5,20.0,20.0,12.32,11.772950354473384,5.376079175747519,9.466666666666669,41.040955631399314,28.07814805800259,851,219,421.622355817159,258.5821320355628,697.2244878527217
fish14,540,27.0,20.0,20.0,12.32,11.772950354473384,5.376079175747519,9.466666666666669,41.040955631399314,28.07814805800259,1094,203,413.580259521409,259.58296860245594,695.0432281238649
fish14,543,27.15,20.0,20.0,12.32,11.772950354473384,5.376079175747519,9.466666666666669,41.040955631399314,28.07814805800259,1125,203,413.3341742801619,259.8830141947004,695.7171884748623
fish14,558,27.9,20.0,20.0,12.32,11.772950354473384,5.376079175747519,9.466666666666669,41.040955631399314,28.07814805800259,1114,436,423.8508450511603,258.67022785233405,704.8010729034943
fish14,566,28.3,20.0,20.0,12.32,11.772950354473384,5.376079175747519,9.466666666666669,41.040955631399314,28.07814805800259,1090,426,423.0372598600977,256.526087227334,701.3633470874317
fish14,575,28.75,20.0,20.0,12.32,11.772950354473384,5.376079175747519,9.466666666666669,41.040955631399314,28.07814805800259,978,361,418.2836313878754,256.5298502481673,694.3734816360427
fish14,577,28.85,20.0,20.0,12.32,11.772950354473384,5.376079175747519,9.466666666666669,41.040955631399314,28.07814805800259,879,348,418.1985315511067,256.2901562377507,692.0686877888575
fish14,587,29.35,20.0,20.0,12.32,11.772950354473384,5.376079175747519,9.466666666666669,41.040955631399314,28.07814805800259,768,200,417.708453645758,260.19311196691734,693.2615656126753
fish14,605,30.25,20.0,20.0,12.32,11.772950354473384,5.376079175747519,9.466666666666669,41.040955631399314,28.07814805800259,751,203,425.92202637168975,259.454713492669,700.3967398643588
fish14,613,30.65,20.0,20.0,12.32,11.772950354473384,5.376079175747519,9.466666666666669,41.040955631399314,28.07814805800259,736,212,425.32786420348367,259.457584586419,699.5054487899026
fish14,616,30.8,20.0,20.0,12.32,11.772950354473384,5.376079175747519,9.466666666666669,41.040955631399314,28.07814805800259,864,212,411.1933242289225,259.457662711419,687.9309869403414
fish14,624,31.2,20.0,20.0,12.32,11.772950354473384,5.376079175747519,9.466666666666669,41.040955631399314,28.07814805800259,928,327,410.8002904025419,258.68010411766903,688.0403945202108
fish14,635,31.75,20.0,20.0,12.32,11.772950354473384,5.376079175747519,9.466666666666669,41.040955631399314,28.07814805800259,837,345,421.94358895713896,258.7422655760024,697.4258545331413
fish14,643,32.15,20.0,20.0,12.32,11.772950354473384,5.376079175747519,9.466666666666669,41.040955631399314,28.07814805800259,804,436,421.4535021746412,254.2453710447523,691.7788732193935
fish14,652,32.6,20.0,20.0,12.32,11.772950354473384,5.376079175747519,9.466666666666669,41.040955631399314,28.07814805800259,851,726,424.10069265739537,254.3804751925998,695.5011678499951
fish14,666,33.3,20.0,20.0,12.32,11.772950354473384,5.376079175747519,9.466666666666669,41.040955631399314,28.07814805800259,899,578,420.5347726101344,258.13216789398194,696.6469405041164
fish14,669,33.45,20.0,20.0,12.32,11.772950354473384,5.376079175747519,9.466666666666669,41.040955631399314,28.07814805800259,932,632,420.30741606835255,258.1316145085653,697.0790305769178
fish14,675,33.75,20.0,20.0,12.32,11.772950354473384,5.376079175747519,9.466666666666669,41.040955631399314,28.07814805800259,1066,632,415.3321557751127,258.1324543523153,694.784610127428
fish14,689,34.45,20.0,20.0,12.32,11.772950354473384,5.376079175747519,9.466666666666669,41.040955631399314,28.07814805800259,1453,629,414.91528291008086,257.45352206064865,701.4288049707295
fish14,695,34.75,20.0,20.0,12.32,11.772950354473384,5.376079175747519,9.466666666666669,41.040955631399314,28.07814805800259,1586,629,418.1614418455336,257.45333976898195,707.3347816145156
fish14,708,35.4,20.0,20.0,12.32,11.772950354473384,5.376079175747519,9.466666666666669,41.040955631399314,28.07814805800259,1573,789,417.9592963176963,256.68052401901895,706.0998203367153
fish14,717,35.85,20.0,20.0,12.32,11.772950354473384,5.376079175747519,9.466666666666669,41.040955631399314,28.07814805800259,1175,804,414.5177555255466,256.6804036051009,694.6981591306475
fish14,724,36.2,20.0,20.0,12.32,11.772950354473384,5.376079175747519,9.466666666666669,41.040955631399314,28.07814805800259,1212,695,414.1382940709808,257.108437481308,695.4867315522888
fish14,732,36.6,20.0,20.0,12.32,11.772950354473384,5.376079175747519,9.466666666666669,41.040955631399314,28.07814805800259,1228,954,414.5819136442774,257.45032875822903,696.5922424025064
fish14,742,37.1,20.0,20.0,12.32,11.772950354473384,5.376079175747519,9.466666666666669,41.040955631399314,28.07814805800259,1182,2248,408.9210585211105,257.6746419219548,690.2357004430652
fish14,744,37.2,20.0,20.0,12.32,11.772950354473384,5.376079175747519,9.466666666666669,41.040955631399314,28.07814805800259,1186,2281,408.7833979612562,257.7678906188965,690.2712885801527
fish14,759,37.95,20.0,20.0,12.32,11.772950354473384,5.376079175747519,9.466666666666669,41.040955631399314,28.07814805800259,1172,2259,425.1311847185865,251.39318029377188,699.9643650123585
fish14,767,38.35,20.0,20.0,12.32,11.772950354473384,5.376079175747519,9.466666666666669,41.040955631399314,28.07814805800259,1166,919,424.7165623794368,251.8679524543656,699.9045148338025
fish14,773,38.65,20.0,20.0,12.32,11.772950354473384,5.376079175747519,9.466666666666669,41.040955631399314,28.07814805800259,1097,636,424.6098784131462,252.0023563802083,698.5522347933545
fish14,779,38.95,20.0,20.0,12.32,11.772950354473384,5.376079175747519,9.466666666666669,41.040955631399314,28.07814805800259,950,527,420.6562152187017,255.7747619157473,695.430977134449
fish14,792,39.6,20.0,20.0,12.32,11.772950354473384,5.376079175747519,9.466666666666669,41.040955631399314,28.07814805800259,714,412,420.2082160097286,257.27018153059214,691.7583975403206
fish14,796,39.8,20.0,20.0,12.32,11.772950354473384,5.376079175747519,9.466666666666669,41.040955631399314,28.07814805800259,654,377,420.9133331295814,257.3113729254405,691.3047060550219
fish14,852,42.6,20.0,20.0,12.32,11.772950354473384,5.376079175747519,9.466666666666669,41.040955631399314,28.07814805800259,865,316,425.6636979163653,253.71518551244736,696.6788834288127
fish14,855,42.75,20.0,20.0,12.32,11.772950354473384,5.376079175747519,9.466666666666669,41.040955631399314,28.07814805800259,827,303,422.3188020830318,253.8097297832807,692.6685318663125
fish14,919,45.95,20.0,20.0,12.32,11.772950354473384,5.376079175747519,9.466666666666669,41.040955631399314,28.07814805800259,631,559,422.1036842086039,255.12942701551648,689.8531112241203
fish14,926,46.3,20.0,20.0,12.32,11.772950354473384,5.376079175747519,9.466666666666669,41.040955631399314,28.07814805800259,613,486,422.22136651458726,256.93292310583325,691.4142896204205
fish14,938,46.9,20.0,20.0,12.32,11.772950354473384,5.376079175747519,9.466666666666669,41.040955631399314,28.07814805800259,616,1156,416.5462797090319,256.95034823776894,685.8166279468008
fish14,947,47.35,20.0,20.0,12.32,11.772950354473384,5.376079175747519,9.466666666666669,41.040955631399314,28.07814805800259,594,1798,414.484113874346,253.79961260476648,680.1637264791124
fish14,948,47.4,20.0,20.0,12.32,11.772950354473384,5.376079175747519,9.466666666666669,41.040955631399314,28.07814805800259,591,1799,414.2836624707635,255.1393326568499,681.2429951276134
fish14,964,48.2,20.0,20.0,12.32,11.772950354473384,5.376079175747519,9.466666666666669,41.040955631399314,28.07814805800259,577,2651,420.5422562207634,252.8481217193498,684.9303779401132
fish14,972,48.6,20.0,20.0,12.32,11.772950354473384,5.376079175747519,9.466666666666669,41.040955631399314,28.07814805800259,628,2913,420.4217093457633,252.84787106509745,685.8295804108607
fish14,981,49.05,20.0,20.0,12.32,11.772950354473384,5.376079175747519,9.466666666666669,41.040955631399314,28.07814805800259,649,2879,415.9511364290966,256.297112606801,685.2282490358976
fish14,985,49.25,20.0,20.0,12.32,11.772950354473384,5.376079175747519,9.466666666666669,41.040955631399314,28.07814805800259,708,2724,415.8341444014749,256.2722948743079,686.2664392757828
fish14,996,49.8,20.0,20.0,12.32,11.772950354473384,5.376079175747519,9.466666666666669,41.040955631399314,28.07814805800259,838,2390,412.1781288022454,256.4193293253157,685.3574581275611
fish14,1004,50.2,20.0,20.0,12.32,11.772950354473384,5.376079175747519,9.466666666666669,41.040955631399314,28.07814805800259,763,2132,421.78478184611,256.1237922981155,693.1685741442254
fish14,1016,50.8,20.0,20.0,12.32,11.772950354473384,5.376079175747519,9.466666666666669,41.040955631399314,28.07814805800259,711,1748,406.2863964294432,256.07683911970986,676.5832355491532
fish14,1017,50.85,20.0,20.0,12.32,11.772950354473384,5.376079175747519,9.466666666666669,41.040955631399314,28.07814805800259,711,1689,406.19585823499887,256.0818944878472,676.4977527228461
fish14,1032,51.6,20.0,20.0,12.32,11.772950354473384,5.376079175747519,9.466666666666669,41.040955631399314,28.07814805800259,679,763,406.0102158738877,255.38906571315127,674.979281587039
fish14,1357,67.85,20.0,20.0,12.32,11.772950354473384,5.376079175747519,9.466666666666669,41.040955631399314,28.07814805800259,847,2216,406.32818543565537,250.56478177048373,673.8329672061392
fish14,1359,67.95,20.0,20.0,12.32,11.772950354473384,5.376079175747519,9.466666666666669,41.040955631399314,28.07814805800259,731,2633,406.2829772268036,250.5682030059391,671.4711802327428
fish14,1375,68.75,20.0,20.0,12.32,11.772950354473384,5.376079175747519,9.466666666666669,41.040955631399314,28.07814805800259,983,2150,406.0951213240256,248.78894849818545,674.5440698222111
fish14,1376,68.8,20.0,20.0,12.32,11.772950354473384,5.376079175747519,9.466666666666669,41.040955631399314,28.07814805800259,935,2081,406.0367792515885,248.7912011023521,673.5279803539406
fish14,1394,69.7,20.0,20.0,12.32,11.772950354473384,5.376079175747519,9.466666666666669,41.040955631399314,28.07814805800259,845,860,401.9845699485308,251.8280728190105,670.7126427675413
fish14,1404,70.2,20.0,20.0,12.32,11.772950354473384,5.376079175747519,9.466666666666669,41.040955631399314,28.07814805800259,903,927,413.02915661282,249.83351560804576,680.9226722208657
fish14,1413,70.65,20.0,20.0,12.32,11.772950354473384,5.376079175747519,9.466666666666669,41.040955631399314,28.07814805800259,1278,690,412.2313527316624,249.8400976392957,687.6314503709582
fish14,1416,70.8,20.0,20.0,12.32,11.772950354473384,5.376079175747519,9.466666666666669,41.040955631399314,28.07814805800259,1379,652,400.0954937424648,249.8450390455457,677.5205327880105
fish14,1455,72.75,20.0,20.0,12.32,11.772950354473384,5.376079175747519,9.466666666666669,41.040955631399314,28.07814805800259,1162,243,419.0667349524981,247.71981765641092,690.0265526089091
fish14,1462,73.1,20.0,20.0,12.32,11.772950354473384,5.376079175747519,9.466666666666669,41.040955631399314,28.07814805800259,1177,660,416.29793748099246,252.53866859434973,692.3766060753421
fish14,1470,73.5,20.0,20.0,12.32,11.772950354473384,5.376079175747519,9.466666666666669,41.040955631399314,28.07814805800259,1105,2276,416.0227988620146,252.5234505021414,690.646249364156
fish14,1477,73.85,20.0,20.0,12.32,11.772950354473384,5.376079175747519,9.466666666666669,41.040955631399314,28.07814805800259,1188,3097,416.2105333161342,252.7450423121029,692.715575628237
fish14,1489,74.45,20.0,20.0,12.32,11.772950354473384,5.376079175747519,9.466666666666669,41.040955631399314,28.07814805800259,1208,2073,412.4522043908389,252.155852800115,688.7680571909539
fish14,1493,74.65,20.0,20.0,12.32,11.772950354473384,5.376079175747519,9.466666666666669,41.040955631399314,28.07814805800259,1081,1791,412.40428336586666,252.1229718448957,686.1472552107624
fish14,1507,75.35,20.0,20.0,12.32,11.772950354473384,5.376079175747519,9.466666666666669,41.040955631399314,28.07814805800259,1068,2249,423.8782051707891,243.0687304615869,688.306935632376
fish14,1515,75.75,20.0,20.0,12.32,11.772950354473384,5.376079175747519,9.466666666666669,41.040955631399314,28.07814805800259,1082,2383,422.42909165700274,243.06726561783688,687.1363572748396
fish14,1516,75.8,20.0,20.0,12.32,11.772950354473384,5.376079175747519,9.466666666666669,41.040955631399314,28.07814805800259,1082,2469,422.004269439622,243.0688346282536,686.7131040678755
fish14,1531,76.55,20.0,20.0,12.32,11.772950354473384,5.376079175747519,9.466666666666669,41.040955631399314,28.07814805800259,983,2934,418.09522415357054,244.92621744075345,682.6814415943239
fish14,1541,77.05,20.0,20.0,12.32,11.772950354473384,5.376079175747519,9.466666666666669,41.040955631399314,28.07814805800259,1003,2939,411.9027793547265,244.8862304615868,676.8490098163132
fish14,1542,77.1,20.0,20.0,12.32,11.772950354473384,5.376079175747519,9.466666666666669,41.040955631399314,28.07814805800259,1017,2928,411.8991082040104,244.0085872324201,676.2476954364305
fish14,1552,77.6,20.0,20.0,12.32,11.772950354473384,5.376079175747519,9.466666666666669,41.040955631399314,28.07814805800259,1043,2972,412.4844390989516,246.0943945142958,679.4388336132474
fish14,1567,78.35,20.0,20.0,12.32,11.772950354473384,5.376079175747519,9.466666666666669,41.040955631399314,28.07814805800259,727,2774,421.3810931122203,244.0005468580458,679.921639970266
fish14,1571,78.55,20.0,20.0,12.32,11.772950354473384,5.376079175747519,9.466666666666669,41.040955631399314,28.07814805800259,860,2589,421.320025375856,244.00625649346247,682.5262818693185
fish14,1577,78.85,20.0,20.0,12.32,11.772950354473384,5.376079175747519,9.466666666666669,41.040955631399314,28.07814805800259,812,2577,417.3121043330251,244.0102538892958,677.5623582223209
fish14,1592,79.6,20.0,20.0,12.32,11.772950354473384,5.376079175747519,9.466666666666669,41.040955631399314,28.07814805800259,802,2691,416.0382892927759,246.8167317538792,678.8950210466551
fish14,1595,79.75,20.0,20.0,12.32,11.772950354473384,5.376079175747519,9.466666666666669,41.040955631399314,28.07814805800259,893,2648,415.8807024872205,246.81065102471248,680.5513535119329
fish14,1609,80.45,20.0,20.0,12.32,11.772950354473384,5.376079175747519,9.466666666666669,41.040955631399314,28.07814805800259,748,1950,422.3302601080247,247.7614191960652,685.0516793040899
fish14,1613,80.65,20.0,20.0,12.32,11.772950354473384,5.376079175747519,9.466666666666669,41.040955631399314,28.07814805800259,705,1563,422.0066055941358,247.9989024865788,684.1055080807146
fish14,1634,81.7,20.0,20.0,12.32,11.772950354473384,5.376079175747519,9.466666666666669,41.040955631399314,28.07814805800259,718,1610,407.3119963393976,249.4940685694377,671.1660649088353
fish14,1649,82.45,20.0,20.0,12.32,11.772950354473384,5.376079175747519,9.466666666666669,41.040955631399314,28.07814805800259,879,588,423.2580988254124,247.4703709560394,688.3084697814519
fish14,1701,85.05,20.0,20.0,12.32,11.772950354473384,5.376079175747519,9.466666666666669,41.040955631399314,28.07814805800259,781,1098,420.836835424635,251.47386391269904,687.930699337334
fish14,1709,85.45,20.0,20.0,12.32,11.772950354473384,5.376079175747519,9.466666666666669,41.040955631399314,28.07814805800259,707,1839,420.6692269837934,249.2865331853125,684.0957601691059
fish14,1723,86.15,20.0,20.0,12.32,11.772950354473384,5.376079175747519,9.466666666666669,41.040955631399314,28.07814805800259,743,2459,418.9358849222819,250.7033300547176,684.4992149769995
fish14,1725,86.25,20.0,20.0,12.32,11.772950354473384,5.376079175747519,9.466666666666669,41.040955631399314,28.07814805800259,745,2500,418.8741140889485,250.71130857132803,684.4854226602765
fish14,1737,86.85,20.0,20.0,12.32,11.772950354473384,5.376079175747519,9.466666666666669,41.040955631399314,28.07814805800259,675,2599,418.86094138769454,250.6824934671613,683.0434348548558
fish14,1743,87.15,20.0,20.0,12.32,11.772950354473384,5.376079175747519,9.466666666666669,41.040955631399314,28.07814805800259,762,2719,414.10212194325015,250.67768878156872,680.0198107248189
fish14,1757,87.85,20.0,20.0,12.32,11.772950354473384,5.376079175747519,9.466666666666669,41.040955631399314,28.07814805800259,823,3596,420.853103241626,251.3082226558685,688.6213258974944
fish14,1766,88.3,20.0,20.0,12.32,11.772950354473384,5.376079175747519,9.466666666666669,41.040955631399314,28.07814805800259,815,3946,420.687951329813,248.7936490882768,685.7816004180897
fish14,1775,88.75,20.0,20.0,12.32,11.772950354473384,5.376079175747519,9.466666666666669,41.040955631399314,28.07814805800259,805,3919,420.6618575954861,248.8335644522668,685.5954220477529
fish14,1783,89.15,20.0,20.0,12.32,11.772950354473384,5.376079175747519,9.466666666666669,41.040955631399314,28.07814805800259,766,3871,417.12474387838097,252.9488444005224,685.3935882789034
fish14,1785,89.25,20.0,20.0,12.32,11.772950354473384,5.376079175747519,9.466666666666669,41.040955631399314,28.07814805800259,701,3904,417.0828124565973,252.94232096115752,684.0451334177549
fish14,1801,90.05,20.0,20.0,12.32,11.772950354473384,5.376079175747519,9.466666666666669,41.040955631399314,28.07814805800259,712,3538,415.9008550264146,253.4757453430072,683.6166003694218
fish14,1805,90.25,20.0,20.0,12.32,11.772950354473384,5.376079175747519,9.466666666666669,41.040955631399314,28.07814805800259,660,3626,415.5276866236368,251.9239810241593,680.6516676477962
fish14,1812,90.6,20.0,20.0,12.32,11.772950354473384,5.376079175747519,9.466666666666669,41.040955631399314,28.07814805800259,686,3649,415.30893663147344,251.9280044733576,680.9569411048311
fish14,1845,92.25,20.0,20.0,12.32,11.772950354473384,5.376079175747519,9.466666666666669,41.040955631399314,28.07814805800259,932,3778,414.5363324648068,246.3535415140788,679.5298739788856
fish14,1852,92.6,20.0,20.0,12.32,11.772950354473384,5.376079175747519,9.466666666666669,41.040955631399314,28.07814805800259,668,3580,419.49319581568216,247.339527973334,680.1927237890162
fish14,1856,92.8,20.0,20.0,12.32,11.772950354473384,5.376079175747519,9.466666666666669,41.040955631399314,28.07814805800259,673,3617,419.33561769068217,247.3396549309624,680.1352726216446
fish14,1872,93.6,20.0,20.0,12.32,11.772950354473384,5.376079175747519,9.466666666666669,41.040955631399314,28.07814805800259,646,3687,416.5563642482993,250.90337562958405,680.3797398778833
fish14,1883,94.15,20.0,20.0,12.32,11.772950354473384,5.376079175747519,9.466666666666669,41.040955631399314,28.07814805800259,658,2527,412.2900883825042,250.3386653359308,675.7887537184349
fish14,1884,94.2,20.0,20.0,12.32,11.772950354473384,5.376079175747519,9.466666666666669,41.040955631399314,28.07814805800259,666,2449,412.29712831305983,250.23347978565425,675.8506080987141
fish14,1896,94.8,20.0,20.0,12.32,11.772950354473384,5.376079175747519,9.466666666666669,41.040955631399314,28.07814805800259,621,1914,412.2733262297265,250.2089094657792,674.9022356955055
fish14,1904,95.2,20.0,20.0,12.32,11.772950354473384,5.376079175747519,9.466666666666669,41.040955631399314,28.07814805800259,747,2556,412.2359152477688,250.19553707248903,677.371452320258
fish14,1914,95.7,20.0,20.0,12.32,11.772950354473384,5.376079175747519,9.466666666666669,41.040955631399314,28.07814805800259,769,2479,412.1369742755465,250.210686672624,677.7276609481705
fish14,1926,96.3,20.0,20.0,12.32,11.772950354473384,5.376079175747519,9.466666666666669,41.040955631399314,28.07814805800259,789,2146,411.54480413665766,249.7121646257931,677.0369687624507
fish14,1933,96.65,20.0,20.0,12.32,11.772950354473384,5.376079175747519,9.466666666666669,41.040955631399314,28.07814805800259,748,2091,411.53995170610216,249.71301096800696,676.2129626741091
fish14,1937,96.85,20.0,20.0,12.32,11.772950354473384,5.376079175747519,9.466666666666669,41.040955631399314,28.07814805800259,777,2028,411.5317399005466,249.7240949808332,676.7958348813797
fish14,1950,97.5,20.0,20.0,12.32,11.772950354473384,5.376079175747519,9.466666666666669,41.040955631399314,28.07814805800259,665,1672,409.0429642098697,252.2919661051008,674.6349303149705
fish14,1958,97.9,20.0,20.0,12.32,11.772950354473384,5.376079175747519,9.466666666666669,41.040955631399314,28.07814805800259,693,1388,418.5817315709809,252.31305336672463,684.7547849377056
fish14,1967,98.35,20.0,20.0,12.32,11.772950354473384,5.376079175747519,9.466666666666669,41.040955631399314,28.07814805800259,732,1226,418.3567749737587,249.9072265292697,682.9040015030284
fish14,1974,98.7,20.0,20.0,12.32,11.772950354473384,5.376079175747519,9.466666666666669,41.040955631399314,28.07814805800259,699,1216,418.3524433765365,249.76603185627192,682.0984752328084
fish14,1980,99.0,20.0,20.0,12.32,11.772950354473384,5.376079175747519,9.466666666666669,41.040955631399314,28.07814805800259,708,1198,413.75245205709206,249.7624055691932,677.6748576262852
fish14,1993,99.65,20.0,20.0,12.32,11.772950354473384,5.376079175747519,9.466666666666669,41.040955631399314,28.07814805800259,754,621,414.1280683765364,253.56141592787628,682.7694843044127
fish14,2002,100.1,20.0,20.0,12.32,11.772950354473384,5.376079175747519,9.466666666666669,41.040955631399314,28.07814805800259,764,205,421.51238049163817,251.00769191223773,687.8000724038759
fish14,2976,148.8,20.0,20.0,12.32,11.772950354473384,5.376079175747519,9.466666666666669,41.040955631399314,28.07814805800259,764,669,427.95186159394825,251.80981758927228,695.0416791832205
fish14,2977,148.85,20.0,20.0,12.32,11.772950354473384,5.376079175747519,9.466666666666669,41.040955631399314,28.07814805800259,765,905,427.9880681911704,251.8113345641665,695.0994027553369
fish14,2987,149.35,20.0,20.0,12.32,11.772950354473384,5.376079175747519,9.466666666666669,41.040955631399314,28.07814805800259,752,3318,423.5528077745037,256.02350256076386,694.6163103352676
fish14,2995,149.75,20.0,20.0,12.32,11.772950354473384,5.376079175747519,9.466666666666669,41.040955631399314,28.07814805800259,777,2302,423.50040755087775,256.026018826792,695.0664263776697
fish14,3011,150.55,20.0,20.0,12.32,11.772950354473384,5.376079175747519,9.466666666666669,41.040955631399314,28.07814805800259,829,1521,424.37117131769634,254.01098304201767,694.9621543597141
fish14,3018,150.9,20.0,20.0,12.32,11.772950354473384,5.376079175747519,9.466666666666669,41.040955631399314,28.07814805800259,884,800,423.9135975394356,254.0124674146864,695.606064954122
fish14,3020,151.0,20.0,20.0,12.32,11.772950354473384,5.376079175747519,9.466666666666669,41.040955631399314,28.07814805800259,994,579,412.3050949416926,254.03875647718635,686.2238514188789
fish14,3030,151.5,20.0,20.0,12.32,11.772950354473384,5.376079175747519,9.466666666666669,41.040955631399314,28.07814805800259,1022,363,412.0890406493954,252.6301204129431,685.1591610623385
fish14,3041,152.05,20.0,20.0,12.32,11.772950354473384,5.376079175747519,9.466666666666669,41.040955631399314,28.07814805800259,880,263,422.74061973965496,252.7101334337764,693.0507531734314
fish14,3048,152.4,20.0,20.0,12.32,11.772950354473384,5.376079175747519,9.466666666666669,41.040955631399314,28.07814805800259,878,428,426.7428378031413,248.2939127142588,692.5967505174
fish14,3062,153.1,20.0,20.0,12.32,11.772950354473384,5.376079175747519,9.466666666666669,41.040955631399314,28.07814805800259,885,314,421.7276293933256,248.9776041205088,688.4052335138344
fish14,3063,153.15,20.0,20.0,12.32,11.772950354473384,5.376079175747519,9.466666666666669,41.040955631399314,28.07814805800259,885,314,421.6465788645803,248.97796219342536,688.3245410580057
fish14,3112,155.6,20.0,20.0,12.32,11.772950354473384,5.376079175747519,9.466666666666669,41.040955631399314,28.07814805800259,806,273,426.45312807660525,252.0537953769259,694.6269234535312
fish14,3147,157.35,20.0,20.0,12.32,11.772950354473384,5.376079175747519,9.466666666666669,41.040955631399314,28.07814805800259,1367,275,418.5503427521695,249.64624347585035,695.5365862280198
fish14,3148,157.4,20.0,20.0,12.32,11.772950354473384,5.376079175747519,9.466666666666669,41.040955631399314,28.07814805800259,1415,275,418.56495212716936,251.11748045501707,697.9824325821864
fish14,3161,158.05,20.0,20.0,12.32,11.772950354473384,5.376079175747519,9.466666666666669,41.040955631399314,28.07814805800259,1666,275,424.9680988712264,251.1621809758504,709.4502798470768
fish14,3182,159.1,20.0,20.0,12.32,11.772950354473384,5.376079175747519,9.466666666666669,41.040955631399314,28.07814805800259,1698,252,420.2825389621123,248.92234700053527,703.1648859626476
fish14,3197,159.85,20.0,20.0,12.32,11.772950354473384,5.376079175747519,9.466666666666669,41.040955631399314,28.07814805800259,1657,548,432.4033375176135,252.4907486517588,718.0340861693724
fish14,3199,159.95,20.0,20.0,12.32,11.772950354473384,5.376079175747519,9.466666666666669,41.040955631399314,28.07814805800259,1708,548,431.7842402953914,254.0719465684256,720.0161868638169
fish14,3207,160.35,20.0,20.0,12.32,11.772950354473384,5.376079175747519,9.466666666666669,41.040955631399314,28.07814805800259,1618,705,431.7794138133673,252.9656672375044,717.1050810508716
fish14,3652,182.6,20.0,20.0,12.32,11.772950354473384,5.376079175747519,9.466666666666669,41.040955631399314,28.07814805800259,760,296,418.04144469534793,244.0751334505611,677.316578145909
fish14,3660,183.0,20.0,20.0,12.32,11.772950354473384,5.376079175747519,9.466666666666669,41.040955631399314,28.07814805800259,753,296,416.7162188869711,244.07553709639444,675.8517559833655
fish14,3665,183.25,20.0,20.0,12.32,11.772950354473384,5.376079175747519,9.466666666666669,41.040955631399314,28.07814805800259,754,296,413.2522388146672,244.07494464847773,672.407183463145
fish14,3712,185.6,20.0,20.0,12.32,11.772950354473384,5.376079175747519,9.466666666666669,41.040955631399314,28.07814805800259,831,261,410.9169613471136,243.06887692335985,670.6058382704734
fish14,3804,190.2,20.0,20.0,12.32,11.772950354473384,5.376079175747519,9.466666666666669,41.040955631399314,28.07814805800259,702,392,420.2479662540388,248.10811511305704,682.3960813670958
fish14,3806,190.3,20.0,20.0,12.32,11.772950354473384,5.376079175747519,9.466666666666669,41.040955631399314,28.07814805800259,673,632,419.954845689392,248.11249985245595,681.527345541848
fish14,3813,190.65,20.0,20.0,12.32,11.772950354473384,5.376079175747519,9.466666666666669,41.040955631399314,28.07814805800259,593,1447,419.2802495839814,246.924352153937,678.0646017379185
fish14,3825,191.25,20.0,20.0,12.32,11.772950354473384,5.376079175747519,9.466666666666669,41.040955631399314,28.07814805800259,561,2945,407.8291209562325,246.96628575684232,666.0154067130749
fish14,3838,191.9,20.0,20.0,12.32,11.772950354473384,5.376079175747519,9.466666666666669,41.040955631399314,28.07814805800259,605,2183,407.9209393030048,251.48396152571576,671.5049008287207
fish14,3842,192.1,20.0,20.0,12.32,11.772950354473384,5.376079175747519,9.466666666666669,41.040955631399314,28.07814805800259,625,2140,415.6812212381244,251.4843586611324,679.6655798992567
fish14,3850,192.5,20.0,20.0,12.32,11.772950354473384,5.376079175747519,9.466666666666669,41.040955631399314,28.07814805800259,656,2353,427.6544831108752,250.2545409761958,691.029024087071
fish14,3867,193.35,20.0,20.0,12.32,11.772950354473384,5.376079175747519,9.466666666666669,41.040955631399314,28.07814805800259,811,2966,423.4926383315852,254.7123469657791,694.4249852973644
fish14,3870,193.5,20.0,20.0,12.32,11.772950354473384,5.376079175747519,9.466666666666669,41.040955631399314,28.07814805800259,874,3213,423.3079855538074,254.7779426878188,695.5659282416261
fish14,3881,194.05,20.0,20.0,12.32,11.772950354473384,5.376079175747519,9.466666666666669,41.040955631399314,28.07814805800259,833,3160,422.7169392654797,254.79882158593065,694.1757608514104
fish14,3892,194.6,20.0,20.0,12.32,11.772950354473384,5.376079175747519,9.466666666666669,41.040955631399314,28.07814805800259,903,2935,417.5982417914309,253.90815101301405,689.5663928044448
fish14,3895,194.75,20.0,20.0,12.32,11.772950354473384,5.376079175747519,9.466666666666669,41.040955631399314,28.07814805800259,868,2588,417.3879684117446,253.91661455684223,688.6645829685868
fish14,3902,195.1,20.0,20.0,12.32,11.772950354473384,5.376079175747519,9.466666666666669,41.040955631399314,28.07814805800259,835,1355,420.6330638876832,251.72771481725897,689.0607787049421
fish14,3911,195.55,20.0,20.0,12.32,11.772950354473384,5.376079175747519,9.466666666666669,41.040955631399314,28.07814805800259,825,1170,419.22588076290543,249.2614518004948,684.9873325634002
fish14,3927,196.35,20.0,20.0,12.32,11.772950354473384,5.376079175747519,9.466666666666669,41.040955631399314,28.07814805800259,819,1379,417.4384849392174,251.14164711672467,684.960132055942
fish14,3932,196.6,20.0,20.0,12.32,11.772950354473384,5.376079175747519,9.466666666666669,41.040955631399314,28.07814805800259,894,1361,417.1888886176215,251.4758365689489,686.5447251865704
fish14,3940,197.0,20.0,20.0,12.32,11.772950354473384,5.376079175747519,9.466666666666669,41.040955631399314,28.07814805800259,856,909,417.06312907351264,251.47929034016929,685.662419413682
fish14,3945,197.25,20.0,20.0,12.32,11.772950354473384,5.376079175747519,9.466666666666669,41.040955631399314,28.07814805800259,896,458,411.3467098885241,251.47685219208407,680.7435620806083
fish14,3957,197.85,20.0,20.0,12.32,11.772950354473384,5.376079175747519,9.466666666666669,41.040955631399314,28.07814805800259,825,525,415.6267962646485,250.72862298074293,682.8554192453914
fish14,3963,198.15,20.0,20.0,12.32,11.772950354473384,5.376079175747519,9.466666666666669,41.040955631399314,28.07814805800259,824,580,424.6752641397924,250.9881021474096,692.1433662872021
fish14,3972,198.6,20.0,20.0,12.32,11.772950354473384,5.376079175747519,9.466666666666669,41.040955631399314,28.07814805800259,836,378,424.3124386257596,248.5373436919742,689.5697823177338
fish14,4231,211.55,20.0,20.0,12.32,11.772950354473384,5.376079175747519,9.466666666666669,41.040955631399314,28.07814805800259,674,265,409.9546737028712,250.5883235668499,674.0229972697211
fish14,4243,212.15,20.0,20.0,12.32,11.772950354473384,5.376079175747519,9.466666666666669,41.040955631399314,28.07814805800259,654,265,419.9979463175268,250.58513346268336,683.6630797802102
fish14,4256,212.8,20.0,20.0,12.32,11.772950354473384,5.376079175747519,9.466666666666669,41.040955631399314,28.07814805800259,721,311,425.4175644312541,247.11210278621252,686.9496672174666
fish14,4310,215.5,20.0,20.0,12.32,11.772950354473384,5.376079175747519,9.466666666666669,41.040955631399314,28.07814805800259,767,277,420.4229244020061,249.7329589819908,685.4958833839969
fish14,4314,215.7,20.0,20.0,12.32,11.772950354473384,5.376079175747519,9.466666666666669,41.040955631399314,28.07814805800259,789,277,420.3659191936729,249.7338704403241,685.879789633997
fish14,4350,217.5,20.0,20.0,12.32,11.772950354473384,5.376079175747519,9.466666666666669,41.040955631399314,28.07814805800259,803,281,413.45351874033616,250.40015620659727,679.9136749469334
fish14,4355,217.75,20.0,20.0,12.32,11.772950354473384,5.376079175747519,9.466666666666669,41.040955631399314,28.07814805800259,838,281,413.0942305458917,250.4019140190973,680.256144564989
fish14,4368,218.4,20.0,20.0,12.32,11.772950354473384,5.376079175747519,9.466666666666669,41.040955631399314,28.07814805800259,842,281,422.33344490710607,250.408600217014,689.5820451241201
fish14,4393,219.65,20.0,20.0,12.32,11.772950354473384,5.376079175747519,9.466666666666669,41.040955631399314,28.07814805800259,879,267,418.0781282999487,251.8025130174001,687.4606413173489
fish14,4402,220.1,20.0,20.0,12.32,11.772950354473384,5.376079175747519,9.466666666666669,41.040955631399314,28.07814805800259,866,280,420.9047861395754,252.9052310803625,691.1300172199379
fish14,4454,222.7,20.0,20.0,12.32,11.772950354473384,5.376079175747519,9.466666666666669,41.040955631399314,28.07814805800259,750,246,420.75409675195016,246.49413393550464,682.2482306874548
fish14,4468,223.4,20.0,20.0,12.32,11.772950354473384,5.376079175747519,9.466666666666669,41.040955631399314,28.07814805800259,717,319,417.38139276482855,250.30691063095728,682.0283033957859
fish14,4469,223.45,20.0,20.0,12.32,11.772950354473384,5.376079175747519,9.466666666666669,41.040955631399314,28.07814805800259,719,315,417.318415334273,250.46819969345728,682.1666150277302
fish14,4482,224.1,20.0,20.0,12.32,11.772950354473384,5.376079175747519,9.466666666666669,41.040955631399314,28.07814805800259,747,824,413.3128424176063,250.4664679115189,678.7193103291253
fish14,4493,224.65,20.0,20.0,12.32,11.772950354473384,5.376079175747519,9.466666666666669,41.040955631399314,28.07814805800259,918,1177,413.2966965481039,250.16907857715825,681.8257751252621
fish14,4495,224.75,20.0,20.0,12.32,11.772950354473384,5.376079175747519,9.466666666666669,41.040955631399314,28.07814805800259,904,1437,413.3156548814373,250.18689104079144,681.5825459222287
fish14,4503,225.15,20.0,20.0,12.32,11.772950354473384,5.376079175747519,9.466666666666669,41.040955631399314,28.07814805800259,854,1055,419.0617830778712,252.47370433345372,688.615487411325
fish14,4515,225.75,20.0,20.0,12.32,11.772950354473384,5.376079175747519,9.466666666666669,41.040955631399314,28.07814805800259,654,472,419.0370260389351,250.2247459960937,682.3417720350288
fish14,4520,226.0,20.0,20.0,12.32,11.772950354473384,5.376079175747519,9.466666666666669,41.040955631399314,28.07814805800259,616,351,418.9517439127605,250.22660141495595,681.4983453277165
fish14,4537,226.85,20.0,20.0,12.32,11.772950354473384,5.376079175747519,9.466666666666669,41.040955631399314,28.07814805800259,639,341,418.8487880746158,252.22720041058847,683.8559884852043
fish14,4546,227.3,20.0,20.0,12.32,11.772950354473384,5.376079175747519,9.466666666666669,41.040955631399314,28.07814805800259,589,832,414.3817352803548,252.2354784761959,678.3972137565506
fish14,4553,227.65,20.0,20.0,12.32,11.772950354473384,5.376079175747519,9.466666666666669,41.040955631399314,28.07814805800259,710,908,418.6020174219767,251.2376236398908,684.0396410618675
fish14,4560,228.0,20.0,20.0,12.32,11.772950354473384,5.376079175747519,9.466666666666669,41.040955631399314,28.07814805800259,657,1180,418.5261449215736,251.2431803109805,682.9093252325541
fish14,4564,228.2,20.0,20.0,12.32,11.772950354473384,5.376079175747519,9.466666666666669,41.040955631399314,28.07814805800259,619,931,425.9265398785437,251.24259111018705,689.5491309887308
fish14,4576,228.8,20.0,20.0,12.32,11.772950354473384,5.376079175747519,9.466666666666669,41.040955631399314,28.07814805800259,643,489,426.6180291955266,249.5264060178969,689.0044352134236
fish14,4581,229.05,20.0,20.0,12.32,11.772950354473384,5.376079175747519,9.466666666666669,41.040955631399314,28.07814805800259,720,1167,426.57000848456494,249.53721669301987,690.5072251775848
fish14,4595,229.75,20.0,20.0,12.32,11.772950354473384,5.376079175747519,9.466666666666669,41.040955631399314,28.07814805800259,627,2292,421.1967049374993,252.70764963361933,686.4443545711185
fish14,4598,229.9,20.0,20.0,12.32,11.772950354473384,5.376079175747519,9.466666666666669,41.040955631399314,28.07814805800259,578,2257,421.713106589687,252.8725487716568,686.1456553613438
fish14,4607,230.35,20.0,20.0,12.32,11.772950354473384,5.376079175747519,9.466666666666669,41.040955631399314,28.07814805800259,587,1298,422.8472604139352,253.22801101725904,687.8152714311942
fish14,4622,231.1,20.0,20.0,12.32,11.772950354473384,5.376079175747519,9.466666666666669,41.040955631399314,28.07814805800259,780,332,422.59957817019233,251.9097425140275,690.1093206842198
fish14,4629,231.45,20.0,20.0,12.32,11.772950354473384,5.376079175747519,9.466666666666669,41.040955631399314,28.07814805800259,786,383,411.6410798421035,251.9116923177084,679.2727721598119
fish14,4640,232.0,20.0,20.0,12.32,11.772950354473384,5.376079175747519,9.466666666666669,41.040955631399314,28.07814805800259,814,462,411.5763140100363,252.02446922470727,679.8807832347436
fish14,4641,232.05,20.0,20.0,12.32,11.772950354473384,5.376079175747519,9.466666666666669,41.040955631399314,28.07814805800259,812,504,411.5462448368591,252.0263214355045,679.8125662723636
fish14,4650,232.5,20.0,20.0,12.32,11.772950354473384,5.376079175747519,9.466666666666669,41.040955631399314,28.07814805800259,711,652,423.2080624257783,247.4699836819014,684.8980461076796
fish14,4659,232.95,20.0,20.0,12.32,11.772950354473384,5.376079175747519,9.466666666666669,41.040955631399314,28.07814805800259,1087,1156,422.5527581874518,247.4793847311973,691.7721429186491
fish14,4673,233.65,20.0,20.0,12.32,11.772950354473384,5.376079175747519,9.466666666666669,41.040955631399314,28.07814805800259,616,2337,418.94940754454814,250.9272265529633,682.1966340975115
fish14,4681,234.05,20.0,20.0,12.32,11.772950354473384,5.376079175747519,9.466666666666669,41.040955631399314,28.07814805800259,581,1861,418.7125286524456,250.9393945229424,681.2719231753879
fish14,4687,234.35,20.0,20.0,12.32,11.772950354473384,5.376079175747519,9.466666666666669,41.040955631399314,28.07814805800259,627,1800,415.0229583285108,250.9369465921613,678.4999049206722
fish14,4694,234.7,20.0,20.0,12.32,11.772950354473384,5.376079175747519,9.466666666666669,41.040955631399314,28.07814805800259,642,2016,414.9766996479552,250.0893977388912,677.9060973868465
fish15,9,0.45,20.0,20.0,9.61,96.33268711270155,41.091841887987115,47.8,2605.6408797876375,230.15569477308725,33135,256,364.60174822845465,245.5504036024306,1272.8521518308853
fish15,112,5.6,20.0,20.0,9.61,96.33268711270155,41.091841887987115,47.8,2605.6408797876375,230.15569477308725,27402,28936,402.11904778457455,260.4744856092665,1210.633533393841
fish15,127,6.35,20.0,20.0,9.61,96.33268711270155,41.091841887987115,47.8,2605.6408797876375,230.15569477308725,18629,36516,409.45522541893854,259.37269510481093,1041.4079205237497
fish15,135,6.75,20.0,20.0,9.61,96.33268711270155,41.091841887987115,47.8,2605.6408797876375,230.15569477308725,15892,36662,409.6697288012847,259.2383354415788,986.7480642428636
fish15,144,7.2,20.0,20.0,9.61,96.33268711270155,41.091841887987115,47.8,2605.6408797876375,230.15569477308725,17007,35679,410.5163049572415,259.46265926360024,1010.1189642208416
fish15,164,8.2,20.0,20.0,9.61,96.33268711270155,41.091841887987115,47.8,2605.6408797876375,230.15569477308725,12615,53188,399.55506270328095,249.037955718316,900.8930184215968
fish15,172,8.6,20.0,20.0,9.61,96.33268711270155,41.091841887987115,47.8,2605.6408797876375,230.15569477308725,10718,52480,407.4127802010808,247.165201817788,868.9379820188686
fish15,183,9.15,20.0,20.0,9.61,96.33268711270155,41.091841887987115,47.8,2605.6408797876375,230.15569477308725,9158,46473,408.16424998907394,260.2072362586021,851.5314862476761
fish15,195,9.75,20.0,20.0,9.61,96.33268711270155,41.091841887987115,47.8,2605.6408797876375,230.15569477308725,7991,9885,404.3284065926822,256.9977246088558,821.1461312015379
fish15,282,14.1,20.0,20.0,9.61,96.33268711270155,41.091841887987115,47.8,2605.6408797876375,230.15569477308725,34075,54801,369.84777338051504,249.3208396860336,1300.6686130665485
fish15,289,14.45,20.0,20.0,9.61,96.33268711270155,41.091841887987115,47.8,2605.6408797876375,230.15569477308725,18180,49882,369.8509888146672,247.97473954518625,981.4257283598536
fish15,304,15.2,20.0,20.0,9.61,96.33268711270155,41.091841887987115,47.8,2605.6408797876375,230.15569477308725,12019,38018,408.00507254049046,264.0286848576863,912.4137573981768
fish15,315,15.75,20.0,20.0,9.61,96.33268711270155,41.091841887987115,47.8,2605.6408797876375,230.15569477308725,9966,41181,409.4410272418552,264.2993781513533,873.0604053932084
fish15,321,16.05,20.0,20.0,9.61,96.33268711270155,41.091841887987115,47.8,2605.6408797876375,230.15569477308725,11668,36610,410.3075623408377,261.899876173867,905.5674385147048
fish15,331,16.55,20.0,20.0,9.61,96.33268711270155,41.091841887987115,47.8,2605.6408797876375,230.15569477308725,18316,38119,411.1407117621528,261.5001228907268,1038.9608346528796
fish15,442,22.1,20.0,20.0,9.61,96.33268711270155,41.091841887987115,47.8,2605.6408797876375,230.15569477308725,41742,42011,535.3970007504876,257.49915361934234,1627.7361543698298
fish15,450,22.5,20.0,20.0,9.61,96.33268711270155,41.091841887987115,47.8,2605.6408797876375,230.15569477308725,29866,36369,537.807043995026,262.6185188712967,1397.7455628663229
fish15,464,23.2,20.0,20.0,9.61,96.33268711270155,41.091841887987115,47.8,2605.6408797876375,230.15569477308725,36339,30210,531.599824312488,256.4072264565361,1514.787050769024
fish15,484,24.2,20.0,20.0,9.61,96.33268711270155,41.091841887987115,47.8,2605.6408797876375,230.15569477308725,33282,204,424.4072351860706,259.7621938628726,1349.8094290489432
fish15,529,26.45,20.0,20.0,9.61,96.33268711270155,41.091841887987115,47.8,2605.6408797876375,230.15569477308725,22590,1107,393.8340566296048,250.06144528808605,1095.6955019176908
fish15,541,27.05,20.0,20.0,9.61,96.33268711270155,41.091841887987115,47.8,2605.6408797876375,230.15569477308725,21431,645,391.73111712842393,249.94008763604697,1070.2912047644709
fish15,573,28.65,20.0,20.0,9.61,96.33268711270155,41.091841887987115,47.8,2605.6408797876375,230.15569477308725,28380,997,423.814452642747,237.0716957219336,1228.4861483646805
fish15,591,29.55,20.0,20.0,9.61,96.33268711270155,41.091841887987115,47.8,2605.6408797876375,230.15569477308725,28935,11827,418.9646401456857,236.0984147132768,1233.7630548589625
fish15,603,30.15,20.0,20.0,9.61,96.33268711270155,41.091841887987115,47.8,2605.6408797876375,230.15569477308725,21876,24405,417.3716232167939,234.6104947630141,1089.5021179798082
fish15,615,30.75,20.0,20.0,9.61,96.33268711270155,41.091841887987115,47.8,2605.6408797876375,230.15569477308725,15610,47112,429.7892575546265,234.2969075478448,976.2861651024712
fish15,619,30.95,20.0,20.0,9.61,96.33268711270155,41.091841887987115,47.8,2605.6408797876375,230.15569477308725,9751,54005,417.9764490287874,234.53621093745755,847.532659966245
fish15,628,31.4,20.0,20.0,9.61,96.33268711270155,41.091841887987115,47.8,2605.6408797876375,230.15569477308725,11674,64540,410.6256631257045,234.94173497262528,879.0473980983297
fish15,650,32.5,20.0,20.0,9.61,96.33268711270155,41.091841887987115,47.8,2605.6408797876375,230.15569477308725,1808,113703,408.6493306006913,244.6070572607676,689.4163878614588
fish15,654,32.7,20.0,20.0,9.61,96.33268711270155,41.091841887987115,47.8,2605.6408797876375,230.15569477308725,3106,110953,415.8027797971937,240.0227766797277,717.9455564769214
fish15,666,33.3,20.0,20.0,9.61,96.33268711270155,41.091841887987115,47.8,2605.6408797876375,230.15569477308725,9945,95413,414.43726471324015,239.81623693576392,853.153501649004
fish15,675,33.75,20.0,20.0,9.61,96.33268711270155,41.091841887987115,47.8,2605.6408797876375,230.15569477308725,3952,55909,413.17070545094816,243.23630203141107,735.4470074823591
fish15,695,34.75,20.0,20.0,9.61,96.33268711270155,41.091841887987115,47.8,2605.6408797876375,230.15569477308725,3432,2251,408.63922456529406,244.22704073408983,721.5062652993839
fish15,866,43.3,20.0,20.0,9.61,96.33268711270155,41.091841887987115,47.8,2605.6408797876375,230.15569477308725,37902,2099,418.4667214061407,250.6715557511648,1427.1782771573055
fish15,974,48.7,20.0,20.0,9.61,96.33268711270155,41.091841887987115,47.8,2605.6408797876375,230.15569477308725,38319,24762,414.332999989074,258.8529980074459,1439.56599799652
fish15,989,49.45,20.0,20.0,9.61,96.33268711270155,41.091841887987115,47.8,2605.6408797876375,230.15569477308725,23407,38033,415.0573046832615,258.72214505173366,1141.919449734995
fish15,996,49.8,20.0,20.0,9.61,96.33268711270155,41.091841887987115,47.8,2605.6408797876375,230.15569477308725,20662,44057,416.8819993593381,261.99185210968653,1092.113851469025
fish15,1006,50.3,20.0,20.0,9.61,96.33268711270155,41.091841887987115,47.8,2605.6408797876375,230.15569477308725,19740,59831,430.06986441105965,252.2446712183529,1077.1145356294126
fish15,1012,50.6,20.0,20.0,9.61,96.33268711270155,41.091841887987115,47.8,2605.6408797876375,230.15569477308725,18579,68621,416.50508487654326,251.1859667866918,1039.271051663235
fish15,1023,51.15,20.0,20.0,9.61,96.33268711270155,41.091841887987115,47.8,2605.6408797876375,230.15569477308725,17885,81954,415.8393657621407,250.3555467966292,1023.89491255877
fish15,1035,51.75,20.0,20.0,9.61,96.33268711270155,41.091841887987115,47.8,2605.6408797876375,230.15569477308725,15903,83831,407.7115598536173,249.6806380085839,975.4521978622012
fish15,1052,52.6,20.0,20.0,9.61,96.33268711270155,41.091841887987115,47.8,2605.6408797876375,230.15569477308725,14662,51478,421.1714414125608,274.2168582958539,988.6282997084148
fish15,1058,52.9,20.0,20.0,9.61,96.33268711270155,41.091841887987115,47.8,2605.6408797876375,230.15569477308725,13665,45558,420.7461066960652,269.4453869501644,963.4914936462296
fish15,1078,53.9,20.0,20.0,9.61,96.33268711270155,41.091841887987115,47.8,2605.6408797876375,230.15569477308725,12194,25000,419.0923685763136,275.9699150583479,938.9422836346616
fish15,1091,54.55,20.0,20.0,9.61,96.33268711270155,41.091841887987115,47.8,2605.6408797876375,230.15569477308725,18085,9915,413.9464395989313,270.8310540252261,1046.4774936241574
fish15,1095,54.75,20.0,20.0,9.61,96.33268711270155,41.091841887987115,47.8,2605.6408797876375,230.15569477308725,17893,4663,413.2795857204108,263.487216288662,1034.626802009073
fish15,1265,63.25,20.0,20.0,9.61,96.33268711270155,41.091841887987115,47.8,2605.6408797876375,230.15569477308725,22668,21813,440.57022464524255,261.29854481378135,1155.228769459024
fish15,1266,63.3,20.0,20.0,9.61,96.33268711270155,41.091841887987115,47.8,2605.6408797876375,230.15569477308725,23178,21780,441.40002588907873,261.308004449198,1166.2680303382767
fish15,1278,63.9,20.0,20.0,9.61,96.33268711270155,41.091841887987115,47.8,2605.6408797876375,230.15569477308725,18013,22921,436.8082885775341,266.1648045857324,1063.2330931632664
fish15,1291,64.55,20.0,20.0,9.61,96.33268711270155,41.091841887987115,47.8,2605.6408797876375,230.15569477308725,13789,32985,429.2578827528025,265.97573492732573,971.0136176801282
fish15,1310,65.5,20.0,20.0,9.61,96.33268711270155,41.091841887987115,47.8,2605.6408797876375,230.15569477308725,6662,17580,418.45756065508056,241.3804914105628,793.0780520656433
fish15,1317,65.85,20.0,20.0,9.61,96.33268711270155,41.091841887987115,47.8,2605.6408797876375,230.15569477308725,7118,16395,410.59506813151046,238.0319107957521,790.9869789272626
fish15,1325,66.25,20.0,20.0,9.61,96.33268711270155,41.091841887987115,47.8,2605.6408797876375,230.15569477308725,7448,15879,406.9868466769748,238.59728153838049,794.5441282153553
fish15,1339,66.95,20.0,20.0,9.61,96.33268711270155,41.091841887987115,47.8,2605.6408797876375,230.15569477308725,6695,19031,401.7774332786089,239.0520572397444,774.7294905183533
fish15,1354,67.7,20.0,20.0,9.61,96.33268711270155,41.091841887987115,47.8,2605.6408797876375,230.15569477308725,7510,37653,397.4892100060735,260.45539061669245,808.1446006227659
fish15,1367,68.35,20.0,20.0,9.61,96.33268711270155,41.091841887987115,47.8,2605.6408797876375,230.15569477308725,10164,44555,391.000242940945,229.5032645873918,823.7835075283367
fish15,1375,68.75,20.0,20.0,9.61,96.33268711270155,41.091841887987115,47.8,2605.6408797876375,230.15569477308725,12779,46691,389.44556420288086,229.6472818992509,874.6728461021318
fish15,1383,69.15,20.0,20.0,9.61,96.33268711270155,41.091841887987115,47.8,2605.6408797876375,230.15569477308725,11462,55731,390.5567794740276,225.22620117177965,845.0229806458073
fish15,1413,70.65,20.0,20.0,9.61,96.33268711270155,41.091841887987115,47.8,2605.6408797876375,230.15569477308725,12241,41241,387.3047699643548,204.4731052366469,836.5978752010017
fish15,1421,71.05,20.0,20.0,9.61,96.33268711270155,41.091841887987115,47.8,2605.6408797876375,230.15569477308725,12028,51277,421.7353047250064,218.077212722736,880.3725174477422
fish15,1455,72.75,20.0,20.0,9.61,96.33268711270155,41.091841887987115,47.8,2605.6408797876375,230.15569477308725,9202,68687,419.5177497340826,216.3194920684392,819.8772418025217
fish15,1472,73.6,20.0,20.0,9.61,96.33268711270155,41.091841887987115,47.8,2605.6408797876375,230.15569477308725,7134,45047,416.628462875856,185.1868781000667,744.4953409759228
fish15,1494,74.7,20.0,20.0,9.61,96.33268711270155,41.091841887987115,47.8,2605.6408797876375,230.15569477308725,5866,67112,413.3446909367879,188.00447562297185,718.6691665597598
fish15,1518,75.9,20.0,20.0,9.61,96.33268711270155,41.091841887987115,47.8,2605.6408797876375,230.15569477308725,4584,78469,423.7889700112237,212.57656249961863,728.0455325108423
fish15,1533,76.65,20.0,20.0,9.61,96.33268711270155,41.091841887987115,47.8,2605.6408797876375,230.15569477308725,4899,48066,423.6133887166152,202.05639619950188,723.6497849161171
fish15,1543,77.15,20.0,20.0,9.61,96.33268711270155,41.091841887987115,47.8,2605.6408797876375,230.15569477308725,5055,38428,422.1146735254924,221.8625389478895,745.0772124733819
fish15,1545,77.25,20.0,20.0,9.61,96.33268711270155,41.091841887987115,47.8,2605.6408797876375,230.15569477308725,5001,38303,422.2396778572741,224.7746841913753,747.0343620486493
fish15,1563,78.15,20.0,20.0,9.61,96.33268711270155,41.091841887987115,47.8,2605.6408797876375,230.15569477308725,5510,18084,412.2847998528375,245.0454378824764,767.5302377353139
fish15,1571,78.55,20.0,20.0,9.61,96.33268711270155,41.091841887987115,47.8,2605.6408797876375,230.15569477308725,5510,7754,411.455511156247,245.2057903373612,766.8613014936083
fish15,1579,78.95,20.0,20.0,9.61,96.33268711270155,41.091841887987115,47.8,2605.6408797876375,230.15569477308725,5606,6448,419.6004283844935,242.6865002229372,774.4069286074307
fish15,1599,79.95,20.0,20.0,9.61,96.33268711270155,41.091841887987115,47.8,2605.6408797876375,230.15569477308725,6041,3424,419.003358429784,244.6489550763342,784.4723135061183
fish15,1602,80.1,20.0,20.0,9.61,96.33268711270155,41.091841887987115,47.8,2605.6408797876375,230.15569477308725,6052,3808,418.2436797715928,244.65803059869333,783.941710370286
fish15,1612,80.6,20.0,20.0,9.61,96.33268711270155,41.091841887987115,47.8,2605.6408797876375,230.15569477308725,6058,3478,416.8727418781797,244.68189778263303,782.7146396608127
fish15,1625,81.25,20.0,20.0,9.61,96.33268711270155,41.091841887987115,47.8,2605.6408797876375,230.15569477308725,6239,2348,413.93848480207663,243.00930338028803,781.7277881823646
fish15,1645,82.25,20.0,20.0,9.61,96.33268711270155,41.091841887987115,47.8,2605.6408797876375,230.15569477308725,6769,4543,401.12758180653134,242.7365819956038,779.2441638021352
fish15,1654,82.7,20.0,20.0,9.61,96.33268711270155,41.091841887987115,47.8,2605.6408797876375,230.15569477308725,6847,4985,413.4350207978991,236.93618161306372,787.3112024109628
fish15,1657,82.85,20.0,20.0,9.61,96.33268711270155,41.091841887987115,47.8,2605.6408797876375,230.15569477308725,6877,5035,413.2208193417962,237.19691077973044,787.9577301215265
fish15,1669,83.45,20.0,20.0,9.61,96.33268711270155,41.091841887987115,47.8,2605.6408797876375,230.15569477308725,6646,3292,411.6751688064952,237.20267249848047,781.7978413049757
fish15,1679,83.95,20.0,20.0,9.61,96.33268711270155,41.091841887987115,47.8,2605.6408797876375,230.15569477308725,6650,1735,411.9186195203993,241.18381507767563,786.102434598075
fish15,1701,85.05,20.0,20.0,9.61,96.33268711270155,41.091841887987115,47.8,2605.6408797876375,230.15569477308725,6440,833,417.9093571804471,241.3026757770115,788.0120329574586
fish15,1709,85.45,20.0,20.0,9.61,96.33268711270155,41.091841887987115,47.8,2605.6408797876375,230.15569477308725,6646,1944,416.54923999880566,241.30894854430096,790.7781885431066
fish15,1719,85.95,20.0,20.0,9.61,96.33268711270155,41.091841887987115,47.8,2605.6408797876375,230.15569477308725,6759,3580,417.6984457790044,239.9672200425466,792.8456658215509
fish15,1733,86.65,20.0,20.0,9.61,96.33268711270155,41.091841887987115,47.8,2605.6408797876375,230.15569477308725,6446,3938,416.5539448119928,239.9893651974889,785.4633100094818
fish15,1742,87.1,20.0,20.0,9.61,96.33268711270155,41.091841887987115,47.8,2605.6408797876375,230.15569477308725,6560,3742,413.5194527343749,240.35080077514647,785.0702535095215
fish15,1756,87.8,20.0,20.0,9.61,96.33268711270155,41.091841887987115,47.8,2605.6408797876375,230.15569477308725,10811,2141,389.618809308012,241.0532975194189,846.892106827431
fish15,1768,88.4,20.0,20.0,9.61,96.33268711270155,41.091841887987115,47.8,2605.6408797876375,230.15569477308725,19690,6317,418.25786023761134,241.1241438433224,1053.1820040809337
fish15,1776,88.8,20.0,20.0,9.61,96.33268711270155,41.091841887987115,47.8,2605.6408797876375,230.15569477308725,17918,6799,420.0543167777168,239.44985964752823,1017.8641764252452
fish15,1781,89.05,20.0,20.0,9.61,96.33268711270155,41.091841887987115,47.8,2605.6408797876375,230.15569477308725,22543,6662,419.31406152072486,239.47797142994145,1109.6520329506664
fish15,1796,89.8,20.0,20.0,9.61,96.33268711270155,41.091841887987115,47.8,2605.6408797876375,230.15569477308725,35441,6926,418.6853464985412,241.88008116352304,1369.3854276620643
fish15,1888,94.4,20.0,20.0,9.61,96.33268711270155,41.091841887987115,47.8,2605.6408797876375,230.15569477308725,18406,39491,379.3359291562492,253.7496936821832,1001.2056228384324
fish15,1892,94.6,20.0,20.0,9.61,96.33268711270155,41.091841887987115,47.8,2605.6408797876375,230.15569477308725,16719,39961,378.3754480974361,253.7886940044721,966.5441421019084
fish15,1911,95.55,20.0,20.0,9.61,96.33268711270155,41.091841887987115,47.8,2605.6408797876375,230.15569477308725,12851,40332,421.9429599785511,262.6234762490167,941.5864362275676
fish15,1922,96.1,20.0,20.0,9.61,96.33268711270155,41.091841887987115,47.8,2605.6408797876375,230.15569477308725,11891,39378,421.0618619065273,260.0457159776051,918.9275778841323
fish15,1934,96.7,20.0,20.0,9.61,96.33268711270155,41.091841887987115,47.8,2605.6408797876375,230.15569477308725,11540,38412,415.4528388436588,254.8290233554415,901.0818621991002
fish15,1945,97.25,20.0,20.0,9.61,96.33268711270155,41.091841887987115,47.8,2605.6408797876375,230.15569477308725,12968,33670,417.674365740722,258.7616078531901,935.7959735939122
fish15,1954,97.7,20.0,20.0,9.61,96.33268711270155,41.091841887987115,47.8,2605.6408797876375,230.15569477308725,11422,45403,413.1206063849556,229.1701659591569,870.7307723441124
fish15,1966,98.3,20.0,20.0,9.61,96.33268711270155,41.091841887987115,47.8,2605.6408797876375,230.15569477308725,12785,47417,410.5995297941232,262.50293286250434,928.8024626566277
fish15,1972,98.6,20.0,20.0,9.61,96.33268711270155,41.091841887987115,47.8,2605.6408797876375,230.15569477308725,11156,50965,410.0680762166154,262.3634276648521,895.5515038814675
fish15,1990,99.5,20.0,20.0,9.61,96.33268711270155,41.091841887987115,47.8,2605.6408797876375,230.15569477308725,8949,38161,418.160897860586,265.9676302011702,863.1085280617563
fish15,1997,99.85,20.0,20.0,9.61,96.33268711270155,41.091841887987115,47.8,2605.6408797876375,230.15569477308725,7711,50877,422.6768612480822,316.64307939143714,893.5399406395194
fish15,2005,100.25,20.0,20.0,9.61,96.33268711270155,41.091841887987115,47.8,2605.6408797876375,230.15569477308725,7311,61448,418.6554858488106,318.0063181719355,882.8818040207461
fish15,2014,100.7,20.0,20.0,9.61,96.33268711270155,41.091841887987115,47.8,2605.6408797876375,230.15569477308725,7701,72226,430.2506283175811,314.84416645897767,899.1147947765587
fish15,2035,101.75,20.0,20.0,9.61,96.33268711270155,41.091841887987115,47.8,2605.6408797876375,230.15569477308725,9104,95388,409.9925164984056,302.6005141803317,894.6730306787373
fish15,2039,101.95,20.0,20.0,9.61,96.33268711270155,41.091841887987115,47.8,2605.6408797876375,230.15569477308725,8832,99188,409.3036324589293,300.4004489928776,886.3440814518069
fish15,2060,103.0,20.0,20.0,9.61,96.33268711270155,41.091841887987115,47.8,2605.6408797876375,230.15569477308725,8033,96712,400.31363942914425,258.724444986301,819.6980844154452
fish15,2062,103.1,20.0,20.0,9.61,96.33268711270155,41.091841887987115,47.8,2605.6408797876375,230.15569477308725,7837,85561,399.70532340673753,226.59434215592287,783.0396655626604
fish15,2079,103.95,20.0,20.0,9.61,96.33268711270155,41.091841887987115,47.8,2605.6408797876375,230.15569477308725,8516,75854,401.8723679578993,261.82825844208406,834.0206263999833
fish15,2093,104.65,20.0,20.0,9.61,96.33268711270155,41.091841887987115,47.8,2605.6408797876375,230.15569477308725,7877,67473,402.4316692082724,223.966767501566,783.9384367098384
fish15,2106,105.3,20.0,20.0,9.61,96.33268711270155,41.091841887987115,47.8,2605.6408797876375,230.15569477308725,7803,40499,410.51428255116025,224.76470051812072,791.3389830692809
fish15,2118,105.9,20.0,20.0,9.61,96.33268711270155,41.091841887987115,47.8,2605.6408797876375,230.15569477308725,7448,22949,412.7375030173784,201.600787658649,763.2982906760275
fish15,2119,105.95,20.0,20.0,9.61,96.33268711270155,41.091841887987115,47.8,2605.6408797876375,230.15569477308725,7579,22880,412.7220125559866,203.2446417988671,767.5466543548538
fish15,2139,106.95,20.0,20.0,9.61,96.33268711270155,41.091841887987115,47.8,2605.6408797876375,230.15569477308725,5460,22254,411.3656843905979,239.9853740534359,760.5510584440339
fish15,2143,107.15,20.0,20.0,9.61,96.33268711270155,41.091841887987115,47.8,2605.6408797876375,230.15569477308725,5506,19959,412.6900204955868,237.8947880409135,760.7048085365003
fish15,2152,107.6,20.0,20.0,9.61,96.33268711270155,41.091841887987115,47.8,2605.6408797876375,230.15569477308725,5055,14272,421.024205488624,229.9621353942448,752.0863408828687
fish15,2165,108.25,20.0,20.0,9.61,96.33268711270155,41.091841887987115,47.8,2605.6408797876375,230.15569477308725,8989,10961,459.3138410757372,233.226086933348,872.3199280090851
fish15,2185,109.25,20.0,20.0,9.61,96.33268711270155,41.091841887987115,47.8,2605.6408797876375,230.15569477308725,5196,7895,522.471879045934,232.267594140625,858.6594731865589
fish15,2196,109.8,20.0,20.0,9.61,96.33268711270155,41.091841887987115,47.8,2605.6408797876375,230.15569477308725,3986,3764,473.54364574622633,236.76401031489905,790.0276560611254
fish15,2205,110.25,20.0,20.0,9.61,96.33268711270155,41.091841887987115,47.8,2605.6408797876375,230.15569477308725,14282,3138,479.8514148434484,243.89915364375648,1009.3905684872047
fish15,2213,110.65,20.0,20.0,9.61,96.33268711270155,41.091841887987115,47.8,2605.6408797876375,230.15569477308725,6685,2639,432.0623563637629,243.66178710470203,809.424143468465
fish15,5139,256.95,20.0,20.0,9.61,96.33268711270155,41.091841887987115,47.8,2605.6408797876375,230.15569477308725,3550,236,429.5608809704249,256.22925781245755,756.7901387828824
fish15,5150,257.5,20.0,20.0,9.61,96.33268711270155,41.091841887987115,47.8,2605.6408797876375,230.15569477308725,12122,305,436.0035224717882,254.8630468748304,933.3065693466184
fish15,5155,257.75,20.0,20.0,9.61,96.33268711270155,41.091841887987115,47.8,2605.6408797876375,230.15569477308725,13387,305,435.4822855043576,255.03099609358043,958.253281597938
fish15,5172,258.6,20.0,20.0,9.61,96.33268711270155,41.091841887987115,47.8,2605.6408797876375,230.15569477308725,9443,326,425.6028102447886,254.60071614566377,869.0635263904524
fish15,5181,259.05,20.0,20.0,9.61,96.33268711270155,41.091841887987115,47.8,2605.6408797876375,230.15569477308725,8012,326,426.21227428860135,254.60156901024715,841.0538432988485
fish15,5195,259.75,20.0,20.0,9.61,96.33268711270155,41.091841887987115,47.8,2605.6408797876375,230.15569477308725,14586,360,431.53855866902666,252.6576497395409,975.9162084085676
fish15,5196,259.8,20.0,20.0,9.61,96.33268711270155,41.091841887987115,47.8,2605.6408797876375,230.15569477308725,14239,360,431.80457955246914,252.6598111978744,969.2443907503434
fish15,5209,260.45,20.0,20.0,9.61,96.33268711270155,41.091841887987115,47.8,2605.6408797876375,230.15569477308725,14797,283,443.6857239556018,251.36623043551973,990.9919543911216
fish15,5226,261.3,20.0,20.0,9.61,96.33268711270155,41.091841887987115,47.8,2605.6408797876375,230.15569477308725,15465,271,440.9524205219787,250.0612530324194,1000.313673554398
fish15,5240,262.0,20.0,20.0,9.61,96.33268711270155,41.091841887987115,47.8,2605.6408797876375,230.15569477308725,22229,4248,442.6884743462267,242.48020476098583,1129.7486791072126
fish15,5243,262.15,20.0,20.0,9.61,96.33268711270155,41.091841887987115,47.8,2605.6408797876375,230.15569477308725,25810,6080,430.4514570598839,239.3812822670831,1186.032739326967
fish15,5278,263.9,20.0,20.0,9.61,96.33268711270155,41.091841887987115,47.8,2605.6408797876375,230.15569477308725,38470,20112,439.5853416882928,268.6229751992119,1477.6083168875048
fish15,5290,264.5,20.0,20.0,9.61,96.33268711270155,41.091841887987115,47.8,2605.6408797876375,230.15569477308725,13574,29648,439.7152003294204,271.12491527875267,982.3201156081732
fish15,5293,264.65,20.0,20.0,9.61,96.33268711270155,41.091841887987115,47.8,2605.6408797876375,230.15569477308725,15147,32637,439.1523647369762,264.1720279383236,1006.2643926753
fish15,5304,265.2,20.0,20.0,9.61,96.33268711270155,41.091841887987115,47.8,2605.6408797876375,230.15569477308725,28639,41374,425.9179854252381,231.44440104166668,1230.1423864669046
fish15,5325,266.25,20.0,20.0,9.61,96.33268711270155,41.091841887987115,47.8,2605.6408797876375,230.15569477308725,6875,36422,426.9824691654723,238.68135086389125,803.1638200293635
fish15,5336,266.8,20.0,20.0,9.61,96.33268711270155,41.091841887987115,47.8,2605.6408797876375,230.15569477308725,5504,47467,425.9434149914212,238.67566069487464,774.6990756862959
fish15,5339,266.95,20.0,20.0,9.61,96.33268711270155,41.091841887987115,47.8,2605.6408797876375,230.15569477308725,4650,37271,425.2393656954541,238.73305006068543,756.9724157561395
fish15,5350,267.5,20.0,20.0,9.61,96.33268711270155,41.091841887987115,47.8,2605.6408797876375,230.15569477308725,2728,5955,420.9047173936444,243.599609344101,719.0643267377454
fish15,5442,272.1,20.0,20.0,9.61,96.33268711270155,41.091841887987115,47.8,2605.6408797876375,230.15569477308725,33472,3685,410.9565660015907,249.37055333349443,1329.7671193350852
fish15,5445,272.25,20.0,20.0,9.61,96.33268711270155,41.091841887987115,47.8,2605.6408797876375,230.15569477308725,35965,4716,410.1704728904253,249.9498632588281,1379.4203361492534
fish15,5479,273.95,20.0,20.0,9.61,96.33268711270155,41.091841887987115,47.8,2605.6408797876375,230.15569477308725,34647,21367,444.3716458224072,247.06763671451145,1384.3792825369187
fish15,5491,274.55,20.0,20.0,9.61,96.33268711270155,41.091841887987115,47.8,2605.6408797876375,230.15569477308725,39656,92639,518.0499040786555,248.151334439426,1559.3212385180814
fish15,5495,274.75,20.0,20.0,9.61,96.33268711270155,41.091841887987115,47.8,2605.6408797876375,230.15569477308725,38359,97290,535.7342706216696,244.7218782157791,1547.636148837449
fish15,5505,275.25,20.0,20.0,9.61,96.33268711270155,41.091841887987115,47.8,2605.6408797876375,230.15569477308725,24783,78724,475.0173735811021,239.4780631421301,1210.1554367232322
fish15,5518,275.9,20.0,20.0,9.61,96.33268711270155,41.091841887987115,47.8,2605.6408797876375,230.15569477308725,13164,48870,391.1778035831404,244.306731758584,898.7645353417242
fish15,5537,276.85,20.0,20.0,9.61,96.33268711270155,41.091841887987115,47.8,2605.6408797876375,230.15569477308725,7423,37177,403.6524825122221,242.6939811192725,794.8064636314946
fish15,5581,279.05,20.0,20.0,9.61,96.33268711270155,41.091841887987115,47.8,2605.6408797876375,230.15569477308725,7990,2436,417.4429119081662,261.6079459634463,838.8508578716126
fish15,5629,281.45,20.0,20.0,9.61,96.33268711270155,41.091841887987115,47.8,2605.6408797876375,230.15569477308725,5929,47551,415.9459153223674,201.97324531215028,736.4991606345177
fish15,5642,282.1,20.0,20.0,9.61,96.33268711270155,41.091841887987115,47.8,2605.6408797876375,230.15569477308725,6445,89106,417.3757718893922,173.25848942040338,719.5342613097956
fish15,5675,283.75,20.0,20.0,9.61,96.33268711270155,41.091841887987115,47.8,2605.6408797876375,230.15569477308725,4649,24112,436.0276228990154,193.52978836668865,722.537411265704
fish15,5781,289.05,20.0,20.0,9.61,96.33268711270155,41.091841887987115,47.8,2605.6408797876375,230.15569477308725,7453,14873,419.7679276977349,259.7690266926129,828.596954390348
fish15,5800,290.0,20.0,20.0,9.61,96.33268711270155,41.091841887987115,47.8,2605.6408797876375,230.15569477308725,10365,57163,446.3709192761834,220.7367838354745,874.4077031116578
fish15,5801,290.05,20.0,20.0,9.61,96.33268711270155,41.091841887987115,47.8,2605.6408797876375,230.15569477308725,10742,62145,446.188728128598,224.3460579325252,885.3747860611232
fish15,5823,291.15,20.0,20.0,9.61,96.33268711270155,41.091841887987115,47.8,2605.6408797876375,230.15569477308725,17691,25630,426.84429208213896,245.36304000583235,1026.0273320879712
fish15,5824,291.2,20.0,20.0,9.61,96.33268711270155,41.091841887987115,47.8,2605.6408797876375,230.15569477308725,19152,16834,426.6816227695041,245.70251934098133,1055.4241421104855
fish15,5868,293.4,20.0,20.0,9.61,96.33268711270155,41.091841887987115,47.8,2605.6408797876375,230.15569477308725,26970,29563,417.1336138561672,254.6633459131876,1211.1969597693549
fish15,5879,293.95,20.0,20.0,9.61,96.33268711270155,41.091841887987115,47.8,2605.6408797876375,230.15569477308725,21760,79237,421.2900339382596,251.1544140135024,1107.644447951762
fish15,5896,294.8,20.0,20.0,9.61,96.33268711270155,41.091841887987115,47.8,2605.6408797876375,230.15569477308725,31564,41166,415.85152693112224,256.8372590655858,1303.968785996708
fish15,5907,295.35,20.0,20.0,9.61,96.33268711270155,41.091841887987115,47.8,2605.6408797876375,230.15569477308725,17439,41102,405.9752599463946,271.0808723734114,1025.836132319806
fish15,5915,295.75,20.0,20.0,9.61,96.33268711270155,41.091841887987115,47.8,2605.6408797876375,230.15569477308725,16302,37336,428.0577863905166,271.0869398964776,1025.1847262869942
fish15,5928,296.4,20.0,20.0,9.61,96.33268711270155,41.091841887987115,47.8,2605.6408797876375,230.15569477308725,11529,29647,413.6138670513954,267.50074207725527,911.6946091286508
fish15,5941,297.05,20.0,20.0,9.61,96.33268711270155,41.091841887987115,47.8,2605.6408797876375,230.15569477308725,9471,10598,412.2694574651082,265.5448111774021,867.2342686425104
fish15,5994,299.7,20.0,20.0,9.61,96.33268711270155,41.091841887987115,47.8,2605.6408797876375,230.15569477308725,7541,83667,405.657651624722,242.2229748697916,798.7006264945137
fish15,6001,300.05,20.0,20.0,9.61,96.33268711270155,41.091841887987115,47.8,2605.6408797876375,230.15569477308725,8600,77947,409.3027297941796,209.31454752136872,790.6172773155483
fish15,6019,300.95,20.0,20.0,9.61,96.33268711270155,41.091841887987115,47.8,2605.6408797876375,230.15569477308725,8834,34242,401.9857158608331,213.658092442788,792.323808303621
fish15,6039,301.95,20.0,20.0,9.61,96.33268711270155,41.091841887987115,47.8,2605.6408797876375,230.15569477308725,8805,27448,408.18569838865295,234.18008452080625,818.4657829094592
fish15,6058,302.9,20.0,20.0,9.61,96.33268711270155,41.091841887987115,47.8,2605.6408797876375,230.15569477308725,8500,25353,394.80616921175726,250.79552957406577,815.601698785823
fish15,6059,302.95,20.0,20.0,9.61,96.33268711270155,41.091841887987115,47.8,2605.6408797876375,230.15569477308725,8557,26359,394.7528962612575,250.8016238125165,816.694520073774
fish15,6080,304.0,20.0,20.0,9.61,96.33268711270155,41.091841887987115,47.8,2605.6408797876375,230.15569477308725,8425,11547,403.7286918468899,246.6260068135156,818.8546986604055
fish15,6085,304.25,20.0,20.0,9.61,96.33268711270155,41.091841887987115,47.8,2605.6408797876375,230.15569477308725,8469,9140,401.7921483648608,246.50608255715903,817.6782309220198
fish15,6092,304.6,20.0,20.0,9.61,96.33268711270155,41.091841887987115,47.8,2605.6408797876375,230.15569477308725,8603,7467,401.70015126499135,250.8358656836192,824.5960169486104
fish15,6103,305.15,20.0,20.0,9.61,96.33268711270155,41.091841887987115,47.8,2605.6408797876375,230.15569477308725,7896,4185,415.4815945589797,252.6557812472873,826.0573758062671
fish15,6120,306.0,20.0,20.0,9.61,96.33268711270155,41.091841887987115,47.8,2605.6408797876375,230.15569477308725,5774,1657,433.14711672265327,252.6056087183528,801.2327254410061
fish15,6148,307.4,20.0,20.0,9.61,96.33268711270155,41.091841887987115,47.8,2605.6408797876375,230.15569477308725,14159,633,416.2333055735647,252.6558527709538,952.0691583445184
fish15,6149,307.45,20.0,20.0,9.61,96.33268711270155,41.091841887987115,47.8,2605.6408797876375,230.15569477308725,14866,647,414.1380927010807,252.6568423542872,964.1149350553678
fish15,6225,311.25,20.0,20.0,9.61,96.33268711270155,41.091841887987115,47.8,2605.6408797876375,230.15569477308725,38453,47700,451.1593671278024,246.5156900904338,1466.7350572182363
fish15,6237,311.85,20.0,20.0,9.61,96.33268711270155,41.091841887987115,47.8,2605.6408797876375,230.15569477308725,30685,32573,443.2640235095365,250.9578938457808,1307.9219173553174
fish15,6246,312.3,20.0,20.0,9.61,96.33268711270155,41.091841887987115,47.8,2605.6408797876375,230.15569477308725,28660,43721,420.2797733262804,255.4650161763403,1248.9447895026206
fish15,6251,312.55,20.0,20.0,9.61,96.33268711270155,41.091841887987115,47.8,2605.6408797876375,230.15569477308725,26060,57859,422.14347646753777,275.8207910011185,1219.1642674686564
fish15,6261,313.05,20.0,20.0,9.61,96.33268711270155,41.091841887987115,47.8,2605.6408797876375,230.15569477308725,26018,54962,419.4403721788196,275.97040687559974,1215.770779054419
fish15,6271,313.55,20.0,20.0,9.61,96.33268711270155,41.091841887987115,47.8,2605.6408797876375,230.15569477308725,24223,53856,428.3882099005805,269.8279622344546,1182.6761721350351
fish15,6290,314.5,20.0,20.0,9.61,96.33268711270155,41.091841887987115,47.8,2605.6408797876375,230.15569477308725,17987,36458,419.6082923611111,273.349752408176,1052.6980447692872
fish15,6303,315.15,20.0,20.0,9.61,96.33268711270155,41.091841887987115,47.8,2605.6408797876375,230.15569477308725,12608,13963,528.1419574336112,259.22703771968423,1039.5289951532957
fish15,6308,315.4,20.0,20.0,9.61,96.33268711270155,41.091841887987115,47.8,2605.6408797876375,230.15569477308725,9773,5293,448.2427907943726,259.0290136398209,902.7318044341936
fish15,6320,316.0,20.0,20.0,9.61,96.33268711270155,41.091841887987115,47.8,2605.6408797876375,230.15569477308725,10144,576,446.555772134211,259.17142891056267,908.6072010447735
fish15,6374,318.7,20.0,20.0,9.61,96.33268711270155,41.091841887987115,47.8,2605.6408797876375,230.15569477308725,8829,37320,407.2227638032701,239.41616209325787,823.218925896528
fish15,6393,319.65,20.0,20.0,9.61,96.33268711270155,41.091841887987115,47.8,2605.6408797876375,230.15569477308725,8804,15304,410.3710021398286,244.2649900469356,830.7159921867642
fish15,6610,330.5,20.0,20.0,9.61,96.33268711270155,41.091841887987115,47.8,2605.6408797876375,230.15569477308725,15057,7760,389.0803819226676,257.8663053367509,948.0866872594185
fish15,6621,331.05,20.0,20.0,9.61,96.33268711270155,41.091841887987115,47.8,2605.6408797876375,230.15569477308725,15662,12127,386.3668685456265,258.20144855998353,957.80831710561
fish15,6632,331.6,20.0,20.0,9.61,96.33268711270155,41.091841887987115,47.8,2605.6408797876375,230.15569477308725,15828,9904,387.1090869133844,257.1474315930579,960.8165185064422
fish15,6643,332.15,20.0,20.0,9.61,96.33268711270155,41.091841887987115,47.8,2605.6408797876375,230.15569477308725,16064,10843,386.812798012797,256.94765558772605,965.040453600523
fish15,6650,332.5,20.0,20.0,9.61,96.33268711270155,41.091841887987115,47.8,2605.6408797876375,230.15569477308725,16149,12623,390.58256055222495,257.0240266888831,970.586587241108
fish15,6656,332.8,20.0,20.0,9.61,96.33268711270155,41.091841887987115,47.8,2605.6408797876375,230.15569477308725,16090,11862,389.4413583708397,257.07297194874013,968.3143303195798
fish15,6677,333.85,20.0,20.0,9.61,96.33268711270155,41.091841887987115,47.8,2605.6408797876375,230.15569477308725,18930,27126,398.174599280162,251.7768130744828,1028.5514123546448
fish15,6680,334.0,20.0,20.0,9.61,96.33268711270155,41.091841887987115,47.8,2605.6408797876375,230.15569477308725,21649,27207,401.1158286290864,251.78542965185372,1085.88125828094
fish15,6689,334.45,20.0,20.0,9.61,96.33268711270155,41.091841887987115,47.8,2605.6408797876375,230.15569477308725,19373,28285,392.8543266931416,255.6443814934624,1035.958708186604
fish15,6724,336.2,20.0,20.0,9.61,96.33268711270155,41.091841887987115,47.8,2605.6408797876375,230.15569477308725,12587,33857,536.1616743679471,252.3638280760024,1040.2655024439496
fish15,6734,336.7,20.0,20.0,9.61,96.33268711270155,41.091841887987115,47.8,2605.6408797876375,230.15569477308725,13234,70287,559.6036907841249,250.1382746934256,1074.4219654775504
fish15,6762,338.1,20.0,20.0,9.61,96.33268711270155,41.091841887987115,47.8,2605.6408797876375,230.15569477308725,1906,27838,412.5708679288888,193.107802613057,643.7986705419459
fish15,6764,338.2,20.0,20.0,9.61,96.33268711270155,41.091841887987115,47.8,2605.6408797876375,230.15569477308725,1796,13241,412.54565496372174,198.00762694751955,646.4732819112413
fish15,6782,339.1,20.0,20.0,9.61,96.33268711270155,41.091841887987115,47.8,2605.6408797876375,230.15569477308725,2331,525,427.08674357631367,215.1188117088212,688.8255552851348
fish2,13,0.65,20.0,20.0,16.0,50.907178523199136,16.79895053579268,2.933333333333333,576.763367463026,112.373395350272,523,1989,436.95628785669766,269.5070312275781,716.9233190842758
fish2,20,1.0,20.0,20.0,16.0,50.907178523199136,16.79895053579268,2.933333333333333,576.763367463026,112.373395350272,630,2614,436.4969949435011,269.10244138382814,718.1994363273292
fish2,25,1.25,20.0,20.0,16.0,50.907178523199136,16.79895053579268,2.933333333333333,576.763367463026,112.373395350272,557,2690,435.96051077948687,269.10317706091143,716.2036878403983
fish2,34,1.7,20.0,20.0,16.0,50.907178523199136,16.79895053579268,2.933333333333333,576.763367463026,112.373395350272,462,695,447.4091783243626,267.1753840921614,723.824562416524
fish2,41,2.05,20.0,20.0,16.0,50.907178523199136,16.79895053579268,2.933333333333333,576.763367463026,112.373395350272,650,591,447.9554934587644,267.07881508174466,728.0343085405091
fish2,247,12.35,20.0,20.0,16.0,50.907178523199136,16.79895053579268,2.933333333333333,576.763367463026,112.373395350272,483,268,443.0878993018632,265.1610318054093,717.9089311072725
fish2,250,12.5,20.0,20.0,16.0,50.907178523199136,16.79895053579268,2.933333333333333,576.763367463026,112.373395350272,468,468,454.1866536415949,265.9249998809391,729.471653522534
fish2,260,13.0,20.0,20.0,16.0,50.907178523199136,16.79895053579268,2.933333333333333,576.763367463026,112.373395350272,401,555,450.5889366219792,268.85490873510577,727.4638453570849
fish2,265,13.25,20.0,20.0,16.0,50.907178523199136,16.79895053579268,2.933333333333333,576.763367463026,112.373395350272,411,553,449.8343359332616,268.8532811309391,726.9076170642007
fish2,270,13.5,20.0,20.0,16.0,50.907178523199136,16.79895053579268,2.933333333333333,576.763367463026,112.373395350272,397,603,459.374791665461,268.85173165177235,736.1665233172334
fish2,280,14.0,20.0,20.0,16.0,50.907178523199136,16.79895053579268,2.933333333333333,576.763367463026,112.373395350272,430,425,458.7237717013699,268.65992826635573,735.9836999677257
fish2,284,14.2,20.0,20.0,16.0,50.907178523199136,16.79895053579268,2.933333333333333,576.763367463026,112.373395350272,428,320,458.73901475541857,268.671386599689,735.9704013551075
fish2,294,14.7,20.0,20.0,16.0,50.907178523199136,16.79895053579268,2.933333333333333,576.763367463026,112.373395350272,600,355,458.278875867886,268.6963345163557,738.9752103842418
fish2,304,15.2,20.0,20.0,16.0,50.907178523199136,16.79895053579268,2.933333333333333,576.763367463026,112.373395350272,549,419,459.1106161156927,265.654114550103,735.7447306657957
fish2,305,15.25,20.0,20.0,16.0,50.907178523199136,16.79895053579268,2.933333333333333,576.763367463026,112.373395350272,537,417,458.7918530580685,265.6542122063529,735.1860652644215
fish2,648,32.4,20.0,20.0,16.0,50.907178523199136,16.79895053579268,2.933333333333333,576.763367463026,112.373395350272,578,421,449.8006201592151,265.7416243488629,727.102244508078
fish2,656,32.8,20.0,20.0,16.0,50.907178523199136,16.79895053579268,2.933333333333333,576.763367463026,112.373395350272,701,418,448.1756419918861,267.0952766918501,729.2909186837361
fish2,665,33.25,20.0,20.0,16.0,50.907178523199136,16.79895053579268,2.933333333333333,576.763367463026,112.373395350272,838,437,456.43466091391474,267.56641275973857,740.7610736736533
fish2,673,33.65,20.0,20.0,16.0,50.907178523199136,16.79895053579268,2.933333333333333,576.763367463026,112.373395350272,943,501,456.2638882088367,267.8699739549001,742.9938621637367
fish2,680,34.0,20.0,20.0,16.0,50.907178523199136,16.79895053579268,2.933333333333333,576.763367463026,112.373395350272,2009,526,456.35791645500274,267.9882584520022,764.5261749070049
fish2,684,34.2,20.0,20.0,16.0,50.907178523199136,16.79895053579268,2.933333333333333,576.763367463026,112.373395350272,5203,519,455.1452559338039,267.89384439543625,827.0991003292402
fish2,691,34.55,20.0,20.0,16.0,50.907178523199136,16.79895053579268,2.933333333333333,576.763367463026,112.373395350272,4255,480,453.9927256353684,267.98491205290685,807.0776376882753
fish2,699,34.95,20.0,20.0,16.0,50.907178523199136,16.79895053579268,2.933333333333333,576.763367463026,112.373395350272,5095,460,447.17336098073326,264.8614581756168,813.93481915635
fish2,707,35.35,20.0,20.0,16.0,50.907178523199136,16.79895053579268,2.933333333333333,576.763367463026,112.373395350272,8258,404,439.99763673675903,264.8635187250667,870.0211554618257
fish2,710,35.5,20.0,20.0,16.0,50.907178523199136,16.79895053579268,2.933333333333333,576.763367463026,112.373395350272,11360,337,440.6374549243314,264.9697914984385,932.80724642277
fish2,739,36.95,20.0,20.0,16.0,50.907178523199136,16.79895053579268,2.933333333333333,576.763367463026,112.373395350272,24402,961,438.0537196157763,267.3854816026052,1193.4792012183814
fish2,747,37.35,20.0,20.0,16.0,50.907178523199136,16.79895053579268,2.933333333333333,576.763367463026,112.373395350272,20617,888,470.5647650805815,267.00320961672463,1149.907974697306
fish2,748,37.4,20.0,20.0,16.0,50.907178523199136,16.79895053579268,2.933333333333333,576.763367463026,112.373395350272,21277,889,468.3888447624299,267.4961262833913,1161.4249710458212
fish2,760,38.0,20.0,20.0,16.0,50.907178523199136,16.79895053579268,2.933333333333333,576.763367463026,112.373395350272,24229,1043,458.5707984905477,270.3461653458913,1213.496963836439
fish2,763,38.15,20.0,20.0,16.0,50.907178523199136,16.79895053579268,2.933333333333333,576.763367463026,112.373395350272,23741,1099,456.2467794107319,270.95509763755814,1202.02187704829
fish2,769,38.45,20.0,20.0,16.0,50.907178523199136,16.79895053579268,2.933333333333333,576.763367463026,112.373395350272,25330,1402,447.5763835433961,270.9612955542246,1225.1376790976203
fish2,780,39.0,20.0,20.0,16.0,50.907178523199136,16.79895053579268,2.933333333333333,576.763367463026,112.373395350272,19936,1511,455.2085017654797,266.17417315839134,1120.102674923871
fish2,790,39.5,20.0,20.0,16.0,50.907178523199136,16.79895053579268,2.933333333333333,576.763367463026,112.373395350272,17421,1657,472.7246710066431,266.4432649319013,1087.5879359385444
fish2,797,39.85,20.0,20.0,16.0,50.907178523199136,16.79895053579268,2.933333333333333,576.763367463026,112.373395350272,13745,1011,496.4088183412151,268.66120112710536,1039.9700194683203
fish2,804,40.2,20.0,20.0,16.0,50.907178523199136,16.79895053579268,2.933333333333333,576.763367463026,112.373395350272,12210,917,494.3391057143981,269.55049149168866,1008.0895972060868
fish2,805,40.25,20.0,20.0,16.0,50.907178523199136,16.79895053579268,2.933333333333333,576.763367463026,112.373395350272,12275,360,489.4231156104571,269.54096024168865,1004.4640758521456
fish2,857,42.85,20.0,20.0,16.0,50.907178523199136,16.79895053579268,2.933333333333333,576.763367463026,112.373395350272,15220,386,464.6559487684273,269.49223956464124,1038.5481883330683
fish2,862,43.1,20.0,20.0,16.0,50.907178523199136,16.79895053579268,2.933333333333333,576.763367463026,112.373395350272,17425,468,460.8515442761833,269.4919856583913,1078.8435299345747
fish2,869,43.45,20.0,20.0,16.0,50.907178523199136,16.79895053579268,2.933333333333333,576.763367463026,112.373395350272,18151,772,470.1425041910618,269.6620051896414,1102.8245093807031
fish2,873,43.65,20.0,20.0,16.0,50.907178523199136,16.79895053579268,2.933333333333333,576.763367463026,112.373395350272,16905,345,476.904331343738,269.2741536253188,1084.278484969057
fish2,908,45.4,20.0,20.0,16.0,50.907178523199136,16.79895053579268,2.933333333333333,576.763367463026,112.373395350272,18714,208,491.9498173067823,268.0635481505923,1134.2933654573746
fish2,1052,52.6,20.0,20.0,16.0,50.907178523199136,16.79895053579268,2.933333333333333,576.763367463026,112.373395350272,1303,1653,440.7435284898357,260.55996735822885,727.3634958480645
fish2,1126,56.3,20.0,20.0,16.0,50.907178523199136,16.79895053579268,2.933333333333333,576.763367463026,112.373395350272,17688,452,446.29641490877873,263.3423144316673,1063.3987293404462
fish2,1133,56.65,20.0,20.0,16.0,50.907178523199136,16.79895053579268,2.933333333333333,576.763367463026,112.373395350272,18326,544,446.0398392467922,262.4859244586521,1075.0457637054444
fish2,1592,79.6,20.0,20.0,16.0,50.907178523199136,16.79895053579268,2.933333333333333,576.763367463026,112.373395350272,354,203,472.3432463751898,261.83197255859386,741.2552189337837
fish2,1609,80.45,20.0,20.0,16.0,50.907178523199136,16.79895053579268,2.933333333333333,576.763367463026,112.373395350272,532,218,471.6946004581404,268.96063799218064,751.295238450321
fish2,1635,81.75,20.0,20.0,16.0,50.907178523199136,16.79895053579268,2.933333333333333,576.763367463026,112.373395350272,431,230,468.2201863828117,267.68297523176403,744.5231616145758
fish2,1637,81.85,20.0,20.0,16.0,50.907178523199136,16.79895053579268,2.933333333333333,576.763367463026,112.373395350272,471,231,468.1741794383673,267.68288734223046,745.2770667805977
fish2,1656,82.8,20.0,20.0,16.0,50.907178523199136,16.79895053579268,2.933333333333333,576.763367463026,112.373395350272,378,408,457.615507759584,267.06508117547565,732.2405889350596
fish2,1665,83.25,20.0,20.0,16.0,50.907178523199136,16.79895053579268,2.933333333333333,576.763367463026,112.373395350272,278,433,457.4486762084773,267.2351820657941,730.2438582742714
fish2,1705,85.25,20.0,20.0,16.0,50.907178523199136,16.79895053579268,2.933333333333333,576.763367463026,112.373395350272,367,516,470.5185980785041,266.5823828097873,744.4409808882914
fish2,1707,85.35,20.0,20.0,16.0,50.907178523199136,16.79895053579268,2.933333333333333,576.763367463026,112.373395350272,403,539,465.9050390507262,266.58554036187064,740.5505794125968
fish2,1715,85.75,20.0,20.0,16.0,50.907178523199136,16.79895053579268,2.933333333333333,576.763367463026,112.373395350272,549,530,465.6389843622654,269.343053382704,745.9620377449694
fish2,1726,86.3,20.0,20.0,16.0,50.907178523199136,16.79895053579268,2.933333333333333,576.763367463026,112.373395350272,664,456,465.63133679282106,269.3592447889541,748.2705815817751
fish2,1729,86.45,20.0,20.0,16.0,50.907178523199136,16.79895053579268,2.933333333333333,576.763367463026,112.373395350272,638,404,468.60744790393227,269.3581575493707,750.7256054533029
fish2,1738,86.9,20.0,20.0,16.0,50.907178523199136,16.79895053579268,2.933333333333333,576.763367463026,112.373395350272,599,371,468.5378906122655,268.64736327853734,749.1652538908029
fish2,1747,87.35,20.0,20.0,16.0,50.907178523199136,16.79895053579268,2.933333333333333,576.763367463026,112.373395350272,754,245,466.6405207301765,265.5717643076155,747.2922850377921
fish2,1748,87.4,20.0,20.0,16.0,50.907178523199136,16.79895053579268,2.933333333333333,576.763367463026,112.373395350272,765,245,466.5381856433256,267.45533201594884,749.2935176592744
fish2,1822,91.1,20.0,20.0,16.0,50.907178523199136,16.79895053579268,2.933333333333333,576.763367463026,112.373395350272,945,272,464.3828123190797,269.1703905842676,752.4532029033472
fish2,1825,91.25,20.0,20.0,16.0,50.907178523199136,16.79895053579268,2.933333333333333,576.763367463026,112.373395350272,924,274,464.06391907866697,269.1181835530176,751.6621026316845
fish2,1832,91.6,20.0,20.0,16.0,50.907178523199136,16.79895053579268,2.933333333333333,576.763367463026,112.373395350272,820,310,465.67215691820326,269.11969396968414,751.1918508878874
fish2,1846,92.3,20.0,20.0,16.0,50.907178523199136,16.79895053579268,2.933333333333333,576.763367463026,112.373395350272,938,295,465.6229945800028,267.93110673010085,752.3141013101036
fish2,1853,92.65,20.0,20.0,16.0,50.907178523199136,16.79895053579268,2.933333333333333,576.763367463026,112.373395350272,1072,306,461.7323089011109,266.62430984967546,749.7966187507864
fish2,1856,92.8,20.0,20.0,16.0,50.907178523199136,16.79895053579268,2.933333333333333,576.763367463026,112.373395350272,1064,292,461.75926202611095,267.1910481309255,750.2303101570365
fish2,1861,93.05,20.0,20.0,16.0,50.907178523199136,16.79895053579268,2.933333333333333,576.763367463026,112.373395350272,1064,283,461.6961370261111,267.189869742669,750.16600676878
fish2,1957,97.85,20.0,20.0,16.0,50.907178523199136,16.79895053579268,2.933333333333333,576.763367463026,112.373395350272,951,645,473.0375512993708,269.2333984237671,761.2909497231378
fish2,1962,98.1,20.0,20.0,16.0,50.907178523199136,16.79895053579268,2.933333333333333,576.763367463026,112.373395350272,992,689,472.9699818549265,269.23285479014714,762.0428366450736
fish2,1965,98.25,20.0,20.0,16.0,50.907178523199136,16.79895053579268,2.933333333333333,576.763367463026,112.373395350272,973,832,472.9043742160376,269.2378385035197,761.6022127195573
fish2,1978,98.9,20.0,20.0,16.0,50.907178523199136,16.79895053579268,2.933333333333333,576.763367463026,112.373395350272,983,1023,466.2733411672333,264.5233853269789,750.4567264942121
fish2,1981,99.05,20.0,20.0,16.0,50.907178523199136,16.79895053579268,2.933333333333333,576.763367463026,112.373395350272,980,1310,466.094521722789,264.5074933998956,750.2020151226847
fish2,1988,99.4,20.0,20.0,16.0,50.907178523199136,16.79895053579268,2.933333333333333,576.763367463026,112.373395350272,945,1543,475.61670922278887,264.4599348649343,758.9766440877232
fish2,1994,99.7,20.0,20.0,16.0,50.907178523199136,16.79895053579268,2.933333333333333,576.763367463026,112.373395350272,973,1633,476.1092786672334,264.48931634822424,760.0585950154577
fish2,2005,100.25,20.0,20.0,16.0,50.907178523199136,16.79895053579268,2.933333333333333,576.763367463026,112.373395350272,930,254,474.8444440856933,269.1990359820895,762.6434800677829
fish2,3508,175.4,20.0,20.0,16.0,50.907178523199136,16.79895053579268,2.933333333333333,576.763367463026,112.373395350272,307,1020,446.77339386928224,251.5187662599245,704.4321601292067
fish2,3515,175.75,20.0,20.0,16.0,50.907178523199136,16.79895053579268,2.933333333333333,576.763367463026,112.373395350272,604,752,439.6905162262904,251.32003253678224,703.0905487630727
fish2,3519,175.95,20.0,20.0,16.0,50.907178523199136,16.79895053579268,2.933333333333333,576.763367463026,112.373395350272,705,255,439.5779379935369,254.05259113867007,707.7305291322072
fish2,3614,180.7,20.0,20.0,16.0,50.907178523199136,16.79895053579268,2.933333333333333,576.763367463026,112.373395350272,28929,2412,540.3485589945475,265.9108624996503,1384.8394214941975
fish2,3627,181.35,20.0,20.0,16.0,50.907178523199136,16.79895053579268,2.933333333333333,576.763367463026,112.373395350272,30809,2702,532.9997651547279,265.6049118926897,1414.7846770474175
fish2,3680,184.0,20.0,20.0,16.0,50.907178523199136,16.79895053579268,2.933333333333333,576.763367463026,112.373395350272,2493,323,452.8622473017186,263.1489029672304,765.871150268949
fish2,3687,184.35,20.0,20.0,16.0,50.907178523199136,16.79895053579268,2.933333333333333,576.763367463026,112.373395350272,1567,232,452.5997609712388,263.6233007791732,747.563061750412
fish2,3693,184.65,20.0,20.0,16.0,50.907178523199136,16.79895053579268,2.933333333333333,576.763367463026,112.373395350272,1138,204,451.6300604051378,263.5735742000579,737.9636346051957
fish2,3800,190.0,20.0,20.0,16.0,50.907178523199136,16.79895053579268,2.933333333333333,576.763367463026,112.373395350272,3229,339,462.0632117546176,265.50318029377195,792.1463920483895
fish2,3956,197.8,20.0,20.0,16.0,50.907178523199136,16.79895053579268,2.933333333333333,576.763367463026,112.373395350272,5546,1742,457.2551560136959,262.2720213927269,830.4471774064227
fish2,3979,198.95,20.0,20.0,16.0,50.907178523199136,16.79895053579268,2.933333333333333,576.763367463026,112.373395350272,6937,817,450.27926180435,257.8209959877862,846.8402577921362
fish2,3991,199.55,20.0,20.0,16.0,50.907178523199136,16.79895053579268,2.933333333333333,576.763367463026,112.373395350272,6546,297,449.80802922423567,258.0517707273695,838.7797999516051
fish2,3995,199.75,20.0,20.0,16.0,50.907178523199136,16.79895053579268,2.933333333333333,576.763367463026,112.373395350272,6377,298,458.4095307433329,258.05249338361944,844.0020241269523
fish2,4002,200.1,20.0,20.0,16.0,50.907178523199136,16.79895053579268,2.933333333333333,576.763367463026,112.373395350272,5148,347,462.9045699379815,261.2997460605198,827.1643159985013
fish2,4010,200.5,20.0,20.0,16.0,50.907178523199136,16.79895053579268,2.933333333333333,576.763367463026,112.373395350272,5003,306,462.37170128008046,261.49829423760315,823.9299955176837
fish2,4017,200.85,20.0,20.0,16.0,50.907178523199136,16.79895053579268,2.933333333333333,576.763367463026,112.373395350272,4381,281,456.5439235477399,261.4965820047591,805.660505552499
fish2,4024,201.2,20.0,20.0,16.0,50.907178523199136,16.79895053579268,2.933333333333333,576.763367463026,112.373395350272,4238,247,456.4019877601152,261.1485221149022,802.3105098750175
fish2,4030,201.5,20.0,20.0,16.0,50.907178523199136,16.79895053579268,2.933333333333333,576.763367463026,112.373395350272,3961,254,456.6193271957397,261.19447263183594,797.0337998275756
fish2,4037,201.85,20.0,20.0,16.0,50.907178523199136,16.79895053579268,2.933333333333333,576.763367463026,112.373395350272,4268,221,454.1018185664237,261.2745897947524,800.7364083611761
fish2,4141,207.05,20.0,20.0,16.0,50.907178523199136,16.79895053579268,2.933333333333333,576.763367463026,112.373395350272,284,482,464.6289524843381,258.653678385247,728.962630869585
fish2,4155,207.75,20.0,20.0,16.0,50.907178523199136,16.79895053579268,2.933333333333333,576.763367463026,112.373395350272,317,826,466.44292529628433,259.63339175347227,732.4163170497567
fish2,4162,208.1,20.0,20.0,16.0,50.907178523199136,16.79895053579268,2.933333333333333,576.763367463026,112.373395350272,752,553,466.0913367132492,261.045549751695,742.1768864649441
fish2,4165,208.25,20.0,20.0,16.0,50.907178523199136,16.79895053579268,2.933333333333333,576.763367463026,112.373395350272,1747,537,465.7560893839329,261.07681929091353,761.7729086748466
fish2,4204,210.2,20.0,20.0,16.0,50.907178523199136,16.79895053579268,2.933333333333333,576.763367463026,112.373395350272,1027,428,458.6686110290528,257.03470374848047,736.2433147775332
fish2,4226,211.3,20.0,20.0,16.0,50.907178523199136,16.79895053579268,2.933333333333333,576.763367463026,112.373395350272,5395,291,453.85060725903935,257.71670895893305,819.4673162179723
fish2,4232,211.6,20.0,20.0,16.0,50.907178523199136,16.79895053579268,2.933333333333333,576.763367463026,112.373395350272,3222,291,456.1321566770766,257.73246416726647,778.3046208443432
fish2,4239,211.95,20.0,20.0,16.0,50.907178523199136,16.79895053579268,2.933333333333333,576.763367463026,112.373395350272,5210,309,458.31601127475705,257.8105826161597,820.3265938909168
fish2,4245,212.25,20.0,20.0,16.0,50.907178523199136,16.79895053579268,2.933333333333333,576.763367463026,112.373395350272,5374,297,456.0898220484416,256.06269196165937,819.632514010101
fish2,4248,212.4,20.0,20.0,16.0,50.907178523199136,16.79895053579268,2.933333333333333,576.763367463026,112.373395350272,6660,396,476.4701475501543,263.99677725406224,873.6669248042165
fish2,4256,212.8,20.0,20.0,16.0,50.907178523199136,16.79895053579268,2.933333333333333,576.763367463026,112.373395350272,11895,396,461.1965537271382,264.06330395252445,963.1598576796628
fish2,4270,213.5,20.0,20.0,16.0,50.907178523199136,16.79895053579268,2.933333333333333,576.763367463026,112.373395350272,28865,326,460.4476040690104,265.44800773044165,1303.195611799452
fish2,4282,214.1,20.0,20.0,16.0,50.907178523199136,16.79895053579268,2.933333333333333,576.763367463026,112.373395350272,24056,538,469.31944873949226,265.13573531049093,1215.5751840499834
fish2,4284,214.2,20.0,20.0,16.0,50.907178523199136,16.79895053579268,2.933333333333333,576.763367463026,112.373395350272,22179,435,469.3895093409222,265.14383426882426,1178.1133436097464
fish2,4290,214.5,20.0,20.0,16.0,50.907178523199136,16.79895053579268,2.933333333333333,576.763367463026,112.373395350272,24530,1433,467.7905163084243,265.23800747676427,1223.6285237851885
fish2,4300,215.0,20.0,20.0,16.0,50.907178523199136,16.79895053579268,2.933333333333333,576.763367463026,112.373395350272,34521,1793,467.4741182927449,255.5753515105778,1413.469469803323
fish2,4311,215.55,20.0,20.0,16.0,50.907178523199136,16.79895053579268,2.933333333333333,576.763367463026,112.373395350272,38451,1597,465.28531615304826,256.4500420887312,1490.7553582417795
fish2,4320,216.0,20.0,20.0,16.0,50.907178523199136,16.79895053579268,2.933333333333333,576.763367463026,112.373395350272,49527,894,455.0900694226676,260.1652179539044,1705.795287376572
fish2,4326,216.3,20.0,20.0,16.0,50.907178523199136,16.79895053579268,2.933333333333333,576.763367463026,112.373395350272,51877,544,455.2622481818304,260.1135578346147,1752.915806016445
fish2,4329,216.45,20.0,20.0,16.0,50.907178523199136,16.79895053579268,2.933333333333333,576.763367463026,112.373395350272,53578,334,456.6548521682549,260.06176083245805,1788.2766130007128
fish2,4478,223.9,20.0,20.0,16.0,50.907178523199136,16.79895053579268,2.933333333333333,576.763367463026,112.373395350272,447,2428,477.502929383662,266.214781879584,752.657711263246
fish2,4481,224.05,20.0,20.0,16.0,50.907178523199136,16.79895053579268,2.933333333333333,576.763367463026,112.373395350272,466,2280,477.5218616459412,265.8944172962506,752.7362789421918
fish2,4492,224.6,20.0,20.0,16.0,50.907178523199136,16.79895053579268,2.933333333333333,576.763367463026,112.373395350272,981,1435,477.7394745031099,265.9403059315575,763.2997804346674
fish2,4499,224.95,20.0,20.0,16.0,50.907178523199136,16.79895053579268,2.933333333333333,576.763367463026,112.373395350272,1091,759,486.3692011176213,264.2050292372704,772.3942303548918
fish2,4507,225.35,20.0,20.0,16.0,50.907178523199136,16.79895053579268,2.933333333333333,576.763367463026,112.373395350272,1111,316,485.1083896333484,261.4140721994929,768.7424618328414
fish2,4512,225.6,20.0,20.0,16.0,50.907178523199136,16.79895053579268,2.933333333333333,576.763367463026,112.373395350272,1207,254,484.6791231550805,261.35769201252185,770.1768151676023
fish2,4616,230.8,20.0,20.0,16.0,50.907178523199136,16.79895053579268,2.933333333333333,576.763367463026,112.373395350272,4297,764,472.8571649115479,272.5411162266096,831.3382811381575
fish2,4821,241.05,20.0,20.0,16.0,50.907178523199136,16.79895053579268,2.933333333333333,576.763367463026,112.373395350272,726,200,457.6553816162109,263.0324999999576,735.2078816161685
fish2,4865,243.25,20.0,20.0,16.0,50.907178523199136,16.79895053579268,2.933333333333333,576.763367463026,112.373395350272,9746,610,465.65098875257695,269.7307806191338,930.3017693717107
fish2,4866,243.3,20.0,20.0,16.0,50.907178523199136,16.79895053579268,2.933333333333333,576.763367463026,112.373395350272,10855,596,465.294717596944,269.6867508258396,952.0814684227836
fish2,4875,243.75,20.0,20.0,16.0,50.907178523199136,16.79895053579268,2.933333333333333,576.763367463026,112.373395350272,31081,585,469.23885766825737,270.0305755564266,1360.889433224684
fish2,4881,244.05,20.0,20.0,16.0,50.907178523199136,16.79895053579268,2.933333333333333,576.763367463026,112.373395350272,41898,603,468.37995132014913,269.644742192067,1575.9846935122162
fish2,4894,244.7,20.0,20.0,16.0,50.907178523199136,16.79895053579268,2.933333333333333,576.763367463026,112.373395350272,53136,330,547.6294894467767,269.6802988989512,1880.029788345728
fish2,4909,245.45,20.0,20.0,16.0,50.907178523199136,16.79895053579268,2.933333333333333,576.763367463026,112.373395350272,6013,218,513.3038237747572,256.59801429642573,890.161838071183
fish2,4916,245.8,20.0,20.0,16.0,50.907178523199136,16.79895053579268,2.933333333333333,576.763367463026,112.373395350272,3412,210,518.4612975192413,256.60244137975894,843.3037388990002
fish2,4917,245.85,20.0,20.0,16.0,50.907178523199136,16.79895053579268,2.933333333333333,576.763367463026,112.373395350272,2964,223,517.8273609781901,256.6022525797526,833.7096135579427
fish2,4997,249.85,20.0,20.0,16.0,50.907178523199136,16.79895053579268,2.933333333333333,576.763367463026,112.373395350272,3589,288,477.4954123259178,259.61810540093313,808.8935177268509
fish2,5010,250.5,20.0,20.0,16.0,50.907178523199136,16.79895053579268,2.933333333333333,576.763367463026,112.373395350272,14369,230,474.12385413343645,265.30263665093327,1026.8064907843695
fish2,5017,250.85,20.0,20.0,16.0,50.907178523199136,16.79895053579268,2.933333333333333,576.763367463026,112.373395350272,12100,262,467.8150303437975,265.31307284884986,975.1281031926474
fish2,5024,251.2,20.0,20.0,16.0,50.907178523199136,16.79895053579268,2.933333333333333,576.763367463026,112.373395350272,11939,257,466.65177515053466,264.4958202446832,969.9275953952178
fish2,5029,251.45,20.0,20.0,16.0,50.907178523199136,16.79895053579268,2.933333333333333,576.763367463026,112.373395350272,13753,344,466.2040537950304,264.4965559217665,1005.7606097167968
fish2,5032,251.6,20.0,20.0,16.0,50.907178523199136,16.79895053579268,2.933333333333333,576.763367463026,112.373395350272,16013,380,466.6561848935541,264.49758456759986,1051.4137694611538
fish2,5040,252.0,20.0,20.0,16.0,50.907178523199136,16.79895053579268,2.933333333333333,576.763367463026,112.373395350272,13414,391,471.6047525693353,264.4986457655165,1004.3833983348518
fish2,5090,254.5,20.0,20.0,16.0,50.907178523199136,16.79895053579268,2.933333333333333,576.763367463026,112.373395350272,18548,321,471.8120377784259,262.9105012308333,1105.6825390092592
fish2,5093,254.65,20.0,20.0,16.0,50.907178523199136,16.79895053579268,2.933333333333333,576.763367463026,112.373395350272,18540,337,471.7580668696464,262.9129231058333,1105.4709899754796
fish2,5098,254.9,20.0,20.0,16.0,50.907178523199136,16.79895053579268,2.933333333333333,576.763367463026,112.373395350272,18545,347,477.4901991825058,262.54087232801646,1110.9310715105223
fish2,5105,255.25,20.0,20.0,16.0,50.907178523199136,16.79895053579268,2.933333333333333,576.763367463026,112.373395350272,20438,316,474.8313888888135,260.1311783175998,1143.7225672064133
fish2,5162,258.1,20.0,20.0,16.0,50.907178523199136,16.79895053579268,2.933333333333333,576.763367463026,112.373395350272,1899,254,469.1663497204253,262.38071930134026,769.5270690217656
fish2,5172,258.6,20.0,20.0,16.0,50.907178523199136,16.79895053579268,2.933333333333333,576.763367463026,112.373395350272,848,254,468.26902330139546,262.3979784159236,747.6270017173191
fish2,5343,267.15,20.0,20.0,16.0,50.907178523199136,16.79895053579268,2.933333333333333,576.763367463026,112.373395350272,705,212,474.3192873794367,258.323339710829,746.7426270902657
fish2,5348,267.4,20.0,20.0,16.0,50.907178523199136,16.79895053579268,2.933333333333333,576.763367463026,112.373395350272,777,325,479.26229948451646,260.4468391582807,755.2491386427971
fish2,5357,267.85,20.0,20.0,16.0,50.907178523199136,16.79895053579268,2.933333333333333,576.763367463026,112.373395350272,820,344,476.9734974011833,260.4447623353641,753.8182597365474
fish2,5361,268.05,20.0,20.0,16.0,50.907178523199136,16.79895053579268,2.933333333333333,576.763367463026,112.373395350272,864,370,476.9296128606161,260.4450227520308,754.6546356126469
fish2,5370,268.5,20.0,20.0,16.0,50.907178523199136,16.79895053579268,2.933333333333333,576.763367463026,112.373395350272,847,393,476.4848646441989,261.3781086895307,754.8029733337296
fish2,5389,269.45,20.0,20.0,16.0,50.907178523199136,16.79895053579268,2.933333333333333,576.763367463026,112.373395350272,1089,429,470.5869696234056,257.1112336791885,749.478203302594
fish2,5393,269.65,20.0,20.0,16.0,50.907178523199136,16.79895053579268,2.933333333333333,576.763367463026,112.373395350272,1159,385,470.4792352484054,257.09776359887644,750.7569988472818
fish2,5398,269.9,20.0,20.0,16.0,50.907178523199136,16.79895053579268,2.933333333333333,576.763367463026,112.373395350272,1330,428,481.01238693305135,256.92633786518303,764.5387247982344
fish2,5409,270.45,20.0,20.0,16.0,50.907178523199136,16.79895053579268,2.933333333333333,576.763367463026,112.373395350272,11440,323,477.6425217013701,260.8958495839331,967.3383712853032
fish2,5419,270.95,20.0,20.0,16.0,50.907178523199136,16.79895053579268,2.933333333333333,576.763367463026,112.373395350272,5952,373,473.4006423574189,260.91165687559976,853.3522992330186
fish2,5424,271.2,20.0,20.0,16.0,50.907178523199136,16.79895053579268,2.933333333333333,576.763367463026,112.373395350272,2667,439,472.6391622562928,260.7982714589332,786.7774337152259
fish2,5441,272.05,20.0,20.0,16.0,50.907178523199136,16.79895053579268,2.933333333333333,576.763367463026,112.373395350272,3919,273,472.9074131896218,260.6732063606156,811.9606195502374
fish2,5443,272.15,20.0,20.0,16.0,50.907178523199136,16.79895053579268,2.933333333333333,576.763367463026,112.373395350272,4961,276,472.85761702457,258.99428709156246,831.0719041161324
fish2,5456,272.8,20.0,20.0,16.0,50.907178523199136,16.79895053579268,2.933333333333333,576.763367463026,112.373395350272,7224,436,463.5474782533811,262.9060025363499,870.933480789731
fish2,5462,273.1,20.0,20.0,16.0,50.907178523199136,16.79895053579268,2.933333333333333,576.763367463026,112.373395350272,6933,468,462.7632986099056,264.1106021440188,865.5339007539243
fish2,5470,273.5,20.0,20.0,16.0,50.907178523199136,16.79895053579268,2.933333333333333,576.763367463026,112.373395350272,7656,488,463.2186414772128,264.12043938360216,880.4590808608149
fish2,5471,273.55,20.0,20.0,16.0,50.907178523199136,16.79895053579268,2.933333333333333,576.763367463026,112.373395350272,7763,477,463.4327039672664,264.12321282110213,882.8159167883684
fish2,5479,273.95,20.0,20.0,16.0,50.907178523199136,16.79895053579268,2.933333333333333,576.763367463026,112.373395350272,9766,474,473.859270833258,264.1266373002689,933.3059081335268
fish2,5485,274.25,20.0,20.0,16.0,50.907178523199136,16.79895053579268,2.933333333333333,576.763367463026,112.373395350272,12085,423,473.99156248914926,263.32277662318546,979.0143391123348
fish2,5492,274.6,20.0,20.0,16.0,50.907178523199136,16.79895053579268,2.933333333333333,576.763367463026,112.373395350272,17119,443,472.7729687472874,263.6178287065188,1078.7707974538062
fish2,5499,274.95,20.0,20.0,16.0,50.907178523199136,16.79895053579268,2.933333333333333,576.763367463026,112.373395350272,22303,585,473.9921614251031,268.59058267456686,1188.64274409967
fish2,5506,275.3,20.0,20.0,16.0,50.907178523199136,16.79895053579268,2.933333333333333,576.763367463026,112.373395350272,25977,585,472.98748249956304,266.21073241415013,1258.7382149137131
fish2,5513,275.65,20.0,20.0,16.0,50.907178523199136,16.79895053579268,2.933333333333333,576.763367463026,112.373395350272,27956,579,472.5452509975856,266.34878580346634,1298.014036801052
fish2,5523,276.15,20.0,20.0,16.0,50.907178523199136,16.79895053579268,2.933333333333333,576.763367463026,112.373395350272,27754,580,466.46946194252666,270.1723079371028,1291.7217698796294
fish2,5533,276.65,20.0,20.0,16.0,50.907178523199136,16.79895053579268,2.933333333333333,576.763367463026,112.373395350272,26856,589,465.7205356155207,270.3032161397298,1273.1437517552504
fish2,5536,276.8,20.0,20.0,16.0,50.907178523199136,16.79895053579268,2.933333333333333,576.763367463026,112.373395350272,26573,593,467.67475218594416,270.3546647088686,1269.4894168948128
fish2,5546,277.3,20.0,20.0,16.0,50.907178523199136,16.79895053579268,2.933333333333333,576.763367463026,112.373395350272,25590,585,467.60746926448496,268.90636067097984,1248.3138299354648
fish2,5548,277.4,20.0,20.0,16.0,50.907178523199136,16.79895053579268,2.933333333333333,576.763367463026,112.373395350272,30343,648,464.2220439275105,271.0536360532018,1342.1356799807122
fish2,5562,278.1,20.0,20.0,16.0,50.907178523199136,16.79895053579268,2.933333333333333,576.763367463026,112.373395350272,31433,648,461.9267187472873,272.33819334486856,1362.924912092156
fish2,5563,278.15,20.0,20.0,16.0,50.907178523199136,16.79895053579268,2.933333333333333,576.763367463026,112.373395350272,32043,648,461.7910677071276,272.8012662615352,1375.452333968663
fish2,5601,280.05,20.0,20.0,16.0,50.907178523199136,16.79895053579268,2.933333333333333,576.763367463026,112.373395350272,34626,671,483.9131117300341,271.42842445865205,1447.8615361886862
fish2,5608,280.4,20.0,20.0,16.0,50.907178523199136,16.79895053579268,2.933333333333333,576.763367463026,112.373395350272,34423,554,483.16005622375866,275.53554034406875,1447.1555965678274
fish2,5610,280.5,20.0,20.0,16.0,50.907178523199136,16.79895053579268,2.933333333333333,576.763367463026,112.373395350272,34312,593,483.2195267175557,275.5273958128188,1444.9869225303746
fish2,5621,281.05,20.0,20.0,16.0,50.907178523199136,16.79895053579268,2.933333333333333,576.763367463026,112.373395350272,33751,468,477.6373133394029,275.48053383547466,1428.1378471748776
fish2,5624,281.2,20.0,20.0,16.0,50.907178523199136,16.79895053579268,2.933333333333333,576.763367463026,112.373395350272,33673,442,477.4051605616252,274.8185870198568,1425.683747581482
fish2,5819,290.95,20.0,20.0,16.0,50.907178523199136,16.79895053579268,2.933333333333333,576.763367463026,112.373395350272,345,204,472.4910408672567,259.39821614477364,738.7892570120304
fish2,5826,291.3,20.0,20.0,16.0,50.907178523199136,16.79895053579268,2.933333333333333,576.763367463026,112.373395350272,363,460,472.74054612147967,258.6673567697737,738.6679028912533
fish2,5833,291.65,20.0,20.0,16.0,50.907178523199136,16.79895053579268,2.933333333333333,576.763367463026,112.373395350272,417,484,472.71620584370174,258.66841796769035,739.7246238113921
fish2,5837,291.85,20.0,20.0,16.0,50.907178523199136,16.79895053579268,2.933333333333333,576.763367463026,112.373395350272,390,489,460.2124167887182,258.67089192602367,726.6833087147418
fish2,5851,292.55,20.0,20.0,16.0,50.907178523199136,16.79895053579268,2.933333333333333,576.763367463026,112.373395350272,404,519,465.950884750856,257.9848600247595,732.0157447756154
fish2,5852,292.6,20.0,20.0,16.0,50.907178523199136,16.79895053579268,2.933333333333333,576.763367463026,112.373395350272,394,508,465.91167031971503,257.9863443997595,731.7780147194745
fish2,5863,293.15,20.0,20.0,16.0,50.907178523199136,16.79895053579268,2.933333333333333,576.763367463026,112.373395350272,469,515,449.5895652921701,258.47191405419244,717.4414793463626
fish2,5872,293.6,20.0,20.0,16.0,50.907178523199136,16.79895053579268,2.933333333333333,576.763367463026,112.373395350272,515,548,449.7723562199911,258.491718736267,718.5640749562581
fish2,5878,293.9,20.0,20.0,16.0,50.907178523199136,16.79895053579268,2.933333333333333,576.763367463026,112.373395350272,532,523,461.1011931693184,258.49920571543373,730.2403988847522
fish2,5881,294.05,20.0,20.0,16.0,50.907178523199136,16.79895053579268,2.933333333333333,576.763367463026,112.373395350272,533,501,461.25462632348336,258.4973827987671,730.4120091222504
fish2,6205,310.25,20.0,20.0,16.0,50.907178523199136,16.79895053579268,2.933333333333333,576.763367463026,112.373395350272,561,209,482.2259891481,264.6200195025973,758.0660086506973
fish2,6563,328.15,20.0,20.0,16.0,50.907178523199136,16.79895053579268,2.933333333333333,576.763367463026,112.373395350272,58807,782,422.18028200636496,263.926969388061,1862.247251394426
fish2,8189,409.45,20.0,20.0,16.0,50.907178523199136,16.79895053579268,2.933333333333333,576.763367463026,112.373395350272,327,240,461.0153072889351,252.33497387627497,719.89028116521
fish2,8191,409.55,20.0,20.0,16.0,50.907178523199136,16.79895053579268,2.933333333333333,576.763367463026,112.373395350272,263,242,460.9878376789611,252.3340819491916,718.5819196281527
fish2,8585,429.25,20.0,20.0,16.0,50.907178523199136,16.79895053579268,2.933333333333333,576.763367463026,112.373395350272,5545,270,442.2117837745761,260.3433327629937,813.4551165375698
fish2,8590,429.5,20.0,20.0,16.0,50.907178523199136,16.79895053579268,2.933333333333333,576.763367463026,112.373395350272,10633,251,442.3476212381245,255.02183536716043,910.029456605285
fish2,8662,433.1,20.0,20.0,16.0,50.907178523199136,16.79895053579268,2.933333333333333,576.763367463026,112.373395350272,1733,322,443.36885379744166,252.88402994791667,730.9128837453583
fish2,8771,438.55,20.0,20.0,16.0,50.907178523199136,16.79895053579268,2.933333333333333,576.763367463026,112.373395350272,8916,215,451.36481764051655,251.70106444294183,881.3858820834585
fish2,8775,438.75,20.0,20.0,16.0,50.907178523199136,16.79895053579268,2.933333333333333,576.763367463026,112.373395350272,4146,215,451.673181191508,251.55236001585857,786.1455412073665
fish2,8781,439.05,20.0,20.0,16.0,50.907178523199136,16.79895053579268,2.933333333333333,576.763367463026,112.373395350272,968,215,449.9798606643487,251.5714583224826,720.9113189868314
fish2,8787,439.35,20.0,20.0,16.0,50.907178523199136,16.79895053579268,2.933333333333333,576.763367463026,112.373395350272,749,215,443.9695388634953,251.696256499566,710.6457953630613
fish2,8854,442.7,20.0,20.0,16.0,50.907178523199136,16.79895053579268,2.933333333333333,576.763367463026,112.373395350272,753,248,454.85256935213823,258.05506499820274,727.9676343503409
fish2,8867,443.35,20.0,20.0,16.0,50.907178523199136,16.79895053579268,2.933333333333333,576.763367463026,112.373395350272,539,248,440.0484288191431,258.08311192114087,708.911540740284
fish2,8892,444.6,20.0,20.0,16.0,50.907178523199136,16.79895053579268,2.933333333333333,576.763367463026,112.373395350272,684,242,449.8392620439696,257.8386588022445,721.3579208462139
fish3,80,4.0,20.0,20.0,81.9,25.305219989404762,10.312044760141763,8.8,200.18960940462642,62.51056591697411,4563,7238,460.1959938339234,265.99754544470034,817.4535392786238
fish3,111,5.55,20.0,20.0,81.9,25.305219989404762,10.312044760141763,8.8,200.18960940462642,62.51056591697411,4310,4292,465.64743042263456,268.02690382511344,819.874334247748
fish3,119,5.95,20.0,20.0,81.9,25.305219989404762,10.312044760141763,8.8,200.18960940462642,62.51056591697411,4667,3962,452.1243270647778,268.0507579917801,813.515085056558
fish3,134,6.7,20.0,20.0,81.9,25.305219989404762,10.312044760141763,8.8,200.18960940462642,62.51056591697411,5169,2992,452.7086153717983,268.866171284824,824.9547866566223
fish3,155,7.75,20.0,20.0,81.9,25.305219989404762,10.312044760141763,8.8,200.18960940462642,62.51056591697411,5640,2282,461.8600561197728,265.3034504350027,839.9635065547754
fish3,181,9.05,20.0,20.0,81.9,25.305219989404762,10.312044760141763,8.8,200.18960940462642,62.51056591697411,6430,2381,457.2875082679277,266.21261710166937,852.1001253695971
fish3,199,9.95,20.0,20.0,81.9,25.305219989404762,10.312044760141763,8.8,200.18960940462642,62.51056591697411,6302,2407,458.3012666666667,266.23248038291933,850.573747049586
fish3,255,12.75,20.0,20.0,81.9,25.305219989404762,10.312044760141763,8.8,200.18960940462642,62.51056591697411,5745,1414,456.3319487498908,264.69092763467364,835.9228763845643
fish3,261,13.05,20.0,20.0,81.9,25.305219989404762,10.312044760141763,8.8,200.18960940462642,62.51056591697411,5760,1511,465.46631941121416,268.461448468007,849.1277678792212
fish3,325,16.25,20.0,20.0,81.9,25.305219989404762,10.312044760141763,8.8,200.18960940462642,62.51056591697411,7607,1803,455.45277152777777,266.5045962896982,874.097367817476
fish3,349,17.45,20.0,20.0,81.9,25.305219989404762,10.312044760141763,8.8,200.18960940462642,62.51056591697411,6737,548,464.7752170011544,266.9531639980316,866.468380999186
fish3,370,18.5,20.0,20.0,81.9,25.305219989404762,10.312044760141763,8.8,200.18960940462642,62.51056591697411,5160,485,466.35973497629055,265.1168000536495,834.6765350299402
fish3,394,19.7,20.0,20.0,81.9,25.305219989404762,10.312044760141763,8.8,200.18960940462642,62.51056591697411,4156,294,463.9505945863888,269.29390942864944,816.3645040150383
fish3,415,20.75,20.0,20.0,81.9,25.305219989404762,10.312044760141763,8.8,200.18960940462642,62.51056591697411,3459,753,470.2225129921805,269.2542609508832,808.6567739430636
fish3,439,21.95,20.0,20.0,81.9,25.305219989404762,10.312044760141763,8.8,200.18960940462642,62.51056591697411,2839,437,463.0123177064496,265.25971016963325,785.0520278760828
fish3,486,24.3,20.0,20.0,81.9,25.305219989404762,10.312044760141763,8.8,200.18960940462642,62.51056591697411,4350,215,464.4443097258204,265.5144237112999,816.9587334371203
fish3,510,25.5,20.0,20.0,81.9,25.305219989404762,10.312044760141763,8.8,200.18960940462642,62.51056591697411,4401,1688,455.2728211768634,261.2280011691624,804.5208223460257
fish3,526,26.3,20.0,20.0,81.9,25.305219989404762,10.312044760141763,8.8,200.18960940462642,62.51056591697411,4322,2801,439.3454597608024,262.3851496066624,788.1706093674647
fish3,606,30.3,20.0,20.0,81.9,25.305219989404762,10.312044760141763,8.8,200.18960940462642,62.51056591697411,4525,9613,451.6706205647599,263.5728026896053,805.7434232543651
fish3,670,33.5,20.0,20.0,81.9,25.305219989404762,10.312044760141763,8.8,200.18960940462642,62.51056591697411,3989,8353,456.6229904512193,269.5236555361323,805.9266459873515
fish3,681,34.05,20.0,20.0,81.9,25.305219989404762,10.312044760141763,8.8,200.18960940462642,62.51056591697411,3882,6196,452.5034330985176,268.904892515299,799.0483256138166
fish3,707,35.35,20.0,20.0,81.9,25.305219989404762,10.312044760141763,8.8,200.18960940462642,62.51056591697411,3738,2869,465.9002820949792,267.3609732704056,808.0212553653848
fish3,724,36.2,20.0,20.0,81.9,25.305219989404762,10.312044760141763,8.8,200.18960940462642,62.51056591697411,4316,1031,453.3651778564264,268.027665978739,807.7128438351655
fish3,736,36.8,20.0,20.0,81.9,25.305219989404762,10.312044760141763,8.8,200.18960940462642,62.51056591697411,4652,532,463.0880381545831,268.0597558296098,824.1877939841929
fish3,761,38.05,20.0,20.0,81.9,25.305219989404762,10.312044760141763,8.8,200.18960940462642,62.51056591697411,5011,622,468.0032115776155,264.68876609970727,832.9119776773227
fish3,779,38.95,20.0,20.0,81.9,25.305219989404762,10.312044760141763,8.8,200.18960940462642,62.51056591697411,5478,553,463.6218833909024,267.55025698512395,840.7321403760263
fish3,897,44.85,20.0,20.0,81.9,25.305219989404762,10.312044760141763,8.8,200.18960940462642,62.51056591697411,6338,367,468.1079209009807,265.4631898720636,860.3311107730442
fish3,913,45.65,20.0,20.0,81.9,25.305219989404762,10.312044760141763,8.8,200.18960940462642,62.51056591697411,6036,314,467.5535669993459,265.64117164289684,853.9147386422428
fish3,955,47.75,20.0,20.0,81.9,25.305219989404762,10.312044760141763,8.8,200.18960940462642,62.51056591697411,4363,1114,468.3529944925945,266.95086262129684,822.5638571138913
fish3,970,48.5,20.0,20.0,81.9,25.305219989404762,10.312044760141763,8.8,200.18960940462642,62.51056591697411,3360,1219,469.0020440470189,265.1242350171301,801.326279064149
fish3,987,49.35,20.0,20.0,81.9,25.305219989404762,10.312044760141763,8.8,200.18960940462642,62.51056591697411,2513,1563,465.2126158445571,268.74336262129674,784.2159784658538
fish3,1006,50.3,20.0,20.0,81.9,25.305219989404762,10.312044760141763,8.8,200.18960940462642,62.51056591697411,2471,2337,467.6235677035109,268.208766268317,785.2523339718279
fish3,1020,51.0,20.0,20.0,81.9,25.305219989404762,10.312044760141763,8.8,200.18960940462642,62.51056591697411,2174,2720,467.5223692343631,268.1331868412337,779.1355560755967
fish3,1067,53.35,20.0,20.0,81.9,25.305219989404762,10.312044760141763,8.8,200.18960940462642,62.51056591697411,3068,239,469.15533390704496,266.2039355438126,796.7192694508575
fish3,1085,54.25,20.0,20.0,81.9,25.305219989404762,10.312044760141763,8.8,200.18960940462642,62.51056591697411,3235,409,464.2780770940144,265.81953773600264,794.7976148300171
fish3,1092,54.6,20.0,20.0,81.9,25.305219989404762,10.312044760141763,8.8,200.18960940462642,62.51056591697411,3202,370,464.5999607298108,265.8349609237671,794.4749216535779
fish3,1176,58.8,20.0,20.0,81.9,25.305219989404762,10.312044760141763,8.8,200.18960940462642,62.51056591697411,3397,5074,453.1539539793228,263.36067703433565,784.4546310136584
fish3,1205,60.25,20.0,20.0,81.9,25.305219989404762,10.312044760141763,8.8,200.18960940462642,62.51056591697411,3957,6328,460.2221830105062,264.56352533102034,803.9257083415265
fish3,1226,61.3,20.0,20.0,81.9,25.305219989404762,10.312044760141763,8.8,200.18960940462642,62.51056591697411,3613,6892,458.6909461214795,264.792672466437,795.7436185879164
fish3,1242,62.1,20.0,20.0,81.9,25.305219989404762,10.312044760141763,8.8,200.18960940462642,62.51056591697411,3418,6805,453.010894089687,260.76432284884976,782.1352169385367
fish3,1258,62.9,20.0,20.0,81.9,25.305219989404762,10.312044760141763,8.8,200.18960940462642,62.51056591697411,3193,7106,461.7215273539227,267.4984993041886,793.0800266581113
fish3,1283,64.15,20.0,20.0,81.9,25.305219989404762,10.312044760141763,8.8,200.18960940462642,62.51056591697411,3061,7440,457.4635318087353,267.17210932600227,785.8556411347377
fish3,1297,64.85,20.0,20.0,81.9,25.305219989404762,10.312044760141763,8.8,200.18960940462642,62.51056591697411,2947,7199,468.4909287723493,265.6531086437543,793.0840374161037
fish3,1314,65.7,20.0,20.0,81.9,25.305219989404762,10.312044760141763,8.8,200.18960940462642,62.51056591697411,2868,7064,467.9915493674761,264.78698885208763,790.1385382195638
fish3,1339,66.95,20.0,20.0,81.9,25.305219989404762,10.312044760141763,8.8,200.18960940462642,62.51056591697411,2842,5627,462.9527039888171,265.9110676225026,785.7037716113198
fish3,1371,68.55,20.0,20.0,81.9,25.305219989404762,10.312044760141763,8.8,200.18960940462642,62.51056591697411,2991,2872,461.2894399865989,262.9870117115869,784.0964516981858
fish3,1395,69.75,20.0,20.0,81.9,25.305219989404762,10.312044760141763,8.8,200.18960940462642,62.51056591697411,2891,992,459.1913711690267,266.5305630342165,783.5419342032433
fish3,1416,70.8,20.0,20.0,81.9,25.305219989404762,10.312044760141763,8.8,200.18960940462642,62.51056591697411,2253,984,460.4532877784258,264.47984685006674,769.9931346284925
fish3,1430,71.5,20.0,20.0,81.9,25.305219989404762,10.312044760141763,8.8,200.18960940462642,62.51056591697411,2151,827,460.8827384747353,267.1313572667333,771.0340957414686
fish3,1440,72.0,20.0,20.0,81.9,25.305219989404762,10.312044760141763,8.8,200.18960940462642,62.51056591697411,2077,741,454.9711976718478,262.7057192459,759.2169169177478
fish3,1549,77.45,20.0,20.0,81.9,25.305219989404762,10.312044760141763,8.8,200.18960940462642,62.51056591697411,3417,690,470.21079851345496,267.5008983967675,806.0516969102225
fish3,1570,78.5,20.0,20.0,81.9,25.305219989404762,10.312044760141763,8.8,200.18960940462642,62.51056591697411,3435,1259,466.9313497088209,265.1895767821842,800.8209264910051
fish3,1591,79.55,20.0,20.0,81.9,25.305219989404762,10.312044760141763,8.8,200.18960940462642,62.51056591697411,3225,2754,463.8119354455266,268.4189257405175,796.7308611860442
fish3,1606,80.3,20.0,20.0,81.9,25.305219989404762,10.312044760141763,8.8,200.18960940462642,62.51056591697411,3270,4006,466.4394088595167,267.6175097151757,799.4569185746924
fish3,1631,81.55,20.0,20.0,81.9,25.305219989404762,10.312044760141763,8.8,200.18960940462642,62.51056591697411,3404,4288,465.95239512434586,263.71778966309233,797.7501847874382
fish3,1636,81.8,20.0,20.0,81.9,25.305219989404762,10.312044760141763,8.8,200.18960940462642,62.51056591697411,3394,4434,465.8988404295179,263.7160123193423,797.4948527488602
fish3,1680,84.0,20.0,20.0,81.9,25.305219989404762,10.312044760141763,8.8,200.18960940462642,62.51056591697411,3465,5389,463.4141840005756,263.4417382525973,796.1559222531728
fish3,1697,84.85,20.0,20.0,81.9,25.305219989404762,10.312044760141763,8.8,200.18960940462642,62.51056591697411,3374,5616,457.4408897153313,260.9967479807429,785.9176376960743
fish3,1721,86.05,20.0,20.0,81.9,25.305219989404762,10.312044760141763,8.8,200.18960940462642,62.51056591697411,3347,5318,440.49422308709416,262.1943130849096,769.6285361720038
fish3,1745,87.25,20.0,20.0,81.9,25.305219989404762,10.312044760141763,8.8,200.18960940462642,62.51056591697411,2993,5016,451.94134534022953,261.8138573557429,773.6152026959725
fish3,1758,87.9,20.0,20.0,81.9,25.305219989404762,10.312044760141763,8.8,200.18960940462642,62.51056591697411,3207,4980,452.9261802173002,262.7425195142958,779.808699731596
fish3,1773,88.65,20.0,20.0,81.9,25.305219989404762,10.312044760141763,8.8,200.18960940462642,62.51056591697411,3558,5096,453.777595393805,261.0850650872124,786.0226604810174
fish3,1794,89.7,20.0,20.0,81.9,25.305219989404762,10.312044760141763,8.8,200.18960940462642,62.51056591697411,3599,5464,448.1550167907716,264.48976236206687,784.6247791528385
fish3,1816,90.8,20.0,20.0,81.9,25.305219989404762,10.312044760141763,8.8,200.18960940462642,62.51056591697411,4292,5296,449.3808333321277,262.6281411104732,797.8489744426009
fish3,1974,98.7,20.0,20.0,81.9,25.305219989404762,10.312044760141763,8.8,200.18960940462642,62.51056591697411,4404,4534,457.3640570655918,263.1681410886024,808.6121981541943
fish3,1992,99.6,20.0,20.0,81.9,25.305219989404762,10.312044760141763,8.8,200.18960940462642,62.51056591697411,5152,3021,430.79895399077606,266.3630921833886,800.2020461741646
fish3,2012,100.6,20.0,20.0,81.9,25.305219989404762,10.312044760141763,8.8,200.18960940462642,62.51056591697411,6234,875,409.29982638519664,266.8787101764255,800.8585365616223
fish3,2068,103.4,20.0,20.0,81.9,25.305219989404762,10.312044760141763,8.8,200.18960940462642,62.51056591697411,4688,800,405.6555985677082,268.0016241671138,767.417222734822
fish3,2084,104.2,20.0,20.0,81.9,25.305219989404762,10.312044760141763,8.8,200.18960940462642,62.51056591697411,3728,4799,414.9863407713148,267.63175771887046,757.1780984901852
fish3,2283,114.15,20.0,20.0,81.9,25.305219989404762,10.312044760141763,8.8,200.18960940462642,62.51056591697411,2207,3543,461.1169095696343,266.47744791598853,771.7343574856228
fish3,2320,116.0,20.0,20.0,81.9,25.305219989404762,10.312044760141763,8.8,200.18960940462642,62.51056591697411,3979,1301,448.2618055552541,267.1961645573933,795.0379701126475
fish3,2321,116.05,20.0,20.0,81.9,25.305219989404762,10.312044760141763,8.8,200.18960940462642,62.51056591697411,3999,1300,448.09491319414286,267.19704997406,795.2719631682029
fish3,2421,121.05,20.0,20.0,81.9,25.305219989404762,10.312044760141763,8.8,200.18960940462642,62.51056591697411,4953,582,460.2144052922566,266.9891014728122,826.2635067650688
fish3,2422,121.1,20.0,20.0,81.9,25.305219989404762,10.312044760141763,8.8,200.18960940462642,62.51056591697411,4877,630,460.3381379311455,266.9860090248955,824.8641469560409
fish3,2443,122.15,20.0,20.0,81.9,25.305219989404762,10.312044760141763,8.8,200.18960940462642,62.51056591697411,4359,627,451.8345441811455,262.2907583084001,801.3053024895455
fish3,2471,123.55,20.0,20.0,81.9,25.305219989404762,10.312044760141763,8.8,200.18960940462642,62.51056591697411,4100,711,462.57099825906647,268.0880207951865,812.6590190542529
fish3,2499,124.95,20.0,20.0,81.9,25.305219989404762,10.312044760141763,8.8,200.18960940462642,62.51056591697411,4008,377,461.2261237137217,267.4635541839176,808.8496778976393
fish3,2563,128.15,20.0,20.0,81.9,25.305219989404762,10.312044760141763,8.8,200.18960940462642,62.51056591697411,4335,817,462.3095138719346,263.3508528065576,812.3603666784923
fish3,2584,129.2,20.0,20.0,81.9,25.305219989404762,10.312044760141763,8.8,200.18960940462642,62.51056591697411,4466,1010,460.1426041497125,267.4655077575684,816.9281119072809
fish3,2607,130.35,20.0,20.0,81.9,25.305219989404762,10.312044760141763,8.8,200.18960940462642,62.51056591697411,3483,2032,462.7946701382109,266.6416275980632,799.0962977362741
fish3,2643,132.15,20.0,20.0,81.9,25.305219989404762,10.312044760141763,8.8,200.18960940462642,62.51056591697411,2941,3259,456.7295052076552,262.36577473242016,777.9152799400754
fish3,2665,133.25,20.0,20.0,81.9,25.305219989404762,10.312044760141763,8.8,200.18960940462642,62.51056591697411,2995,3677,467.6598958257983,266.83586906762656,794.3957648934248
fish3,2687,134.35,20.0,20.0,81.9,25.305219989404762,10.312044760141763,8.8,200.18960940462642,62.51056591697411,2426,4307,463.00797743025424,266.48022453985214,778.0082019701064
fish3,2689,134.45,20.0,20.0,81.9,25.305219989404762,10.312044760141763,8.8,200.18960940462642,62.51056591697411,2477,4350,463.0681293370941,266.4898794877688,779.0980088248629
fish3,2728,136.4,20.0,20.0,81.9,25.305219989404762,10.312044760141763,8.8,200.18960940462642,62.51056591697411,2011,2994,448.4086064275105,266.92032222356795,755.5489286510784
fish3,2735,136.75,20.0,20.0,81.9,25.305219989404762,10.312044760141763,8.8,200.18960940462642,62.51056591697411,1985,2167,448.2240925969443,266.935732379818,754.8598249767623
fish3,2765,138.25,20.0,20.0,81.9,25.305219989404762,10.312044760141763,8.8,200.18960940462642,62.51056591697411,1937,1169,457.95125850694455,265.43592771656245,762.127186223507
fish3,2787,139.35,20.0,20.0,81.9,25.305219989404762,10.312044760141763,8.8,200.18960940462642,62.51056591697411,2423,1136,455.1598522108289,270.0208365707292,773.6406887815581
fish3,2793,139.65,20.0,20.0,81.9,25.305219989404762,10.312044760141763,8.8,200.18960940462642,62.51056591697411,2766,1074,455.4821525242935,270.0221581853125,780.824310709606
fish3,2814,140.7,20.0,20.0,81.9,25.305219989404762,10.312044760141763,8.8,200.18960940462642,62.51056591697411,3088,265,457.4406814168107,268.5770930424902,787.7777744593009
fish3,3044,152.2,20.0,20.0,81.9,25.305219989404762,10.312044760141763,8.8,200.18960940462642,62.51056591697411,5963,977,439.261228128598,261.7288183249473,820.2500464535453
fish3,3065,153.25,20.0,20.0,81.9,25.305219989404762,10.312044760141763,8.8,200.18960940462642,62.51056591697411,5708,1295,448.8121788182388,268.369869788954,831.3420486071927
fish3,3084,154.2,20.0,20.0,81.9,25.305219989404762,10.312044760141763,8.8,200.18960940462642,62.51056591697411,5080,1482,444.83701822688727,267.70458333062066,814.1416015575079
fish3,3107,155.35,20.0,20.0,81.9,25.305219989404762,10.312044760141763,8.8,200.18960940462642,62.51056591697411,4703,1776,455.6672740607367,265.8897688547665,815.6170429155031
fish3,3109,155.45,20.0,20.0,81.9,25.305219989404762,10.312044760141763,8.8,200.18960940462642,62.51056591697411,4766,1791,455.64842423003387,265.93487302143313,816.903297251467
fish3,3130,156.5,20.0,20.0,81.9,25.305219989404762,10.312044760141763,8.8,200.18960940462642,62.51056591697411,4795,1560,442.1180293329686,267.0278222401831,805.0458515731517
fish3,3166,158.3,20.0,20.0,81.9,25.305219989404762,10.312044760141763,8.8,200.18960940462642,62.51056591697411,4165,2536,457.9127424315655,266.2325715940688,807.4453140256342
fish3,3192,159.6,20.0,20.0,81.9,25.305219989404762,10.312044760141763,8.8,200.18960940462642,62.51056591697411,3274,3026,453.62122337480696,270.1583528440687,789.2595762188757
fish3,3194,159.7,20.0,20.0,81.9,25.305219989404762,10.312044760141763,8.8,200.18960940462642,62.51056591697411,3015,2900,453.8247130713945,270.158678364902,784.2833914362965
fish3,3215,160.75,20.0,20.0,81.9,25.305219989404762,10.312044760141763,8.8,200.18960940462642,62.51056591697411,2682,2822,456.15004760695086,267.2665916518212,777.056639258772
fish3,3267,163.35,20.0,20.0,81.9,25.305219989404762,10.312044760141763,8.8,200.18960940462642,62.51056591697411,2507,1275,464.366926812066,265.9884048834483,780.4953316955142
fish3,3288,164.4,20.0,20.0,81.9,25.305219989404762,10.312044760141763,8.8,200.18960940462642,62.51056591697411,2450,1335,459.6835196614393,265.44508129245963,774.128600953899
fish3,3295,164.75,20.0,20.0,81.9,25.305219989404762,10.312044760141763,8.8,200.18960940462642,62.51056591697411,2677,1335,459.536796566358,265.4464745328161,778.523271099174
fish3,3560,178.0,20.0,20.0,81.9,25.305219989404762,10.312044760141763,8.8,200.18960940462642,62.51056591697411,5982,218,456.4241050877701,262.73274410857096,838.796849196341
fish3,3843,192.15,20.0,20.0,81.9,25.305219989404762,10.312044760141763,8.8,200.18960940462642,62.51056591697411,6127,957,450.76641492445214,265.07558905740325,838.3820039818554
fish3,3866,193.3,20.0,20.0,81.9,25.305219989404762,10.312044760141763,8.8,200.18960940462642,62.51056591697411,4862,1263,456.6465147040284,270.9077311096086,824.794245813637
fish3,3887,194.35,20.0,20.0,81.9,25.305219989404762,10.312044760141763,8.8,200.18960940462642,62.51056591697411,4403,1467,451.6421050060697,271.0779589741919,810.7800639802615
fish3,3890,194.5,20.0,20.0,81.9,25.305219989404762,10.312044760141763,8.8,200.18960940462642,62.51056591697411,4384,1469,451.6445138695988,271.07967121377527,810.4041850833742
fish3,3910,195.5,20.0,20.0,81.9,25.305219989404762,10.312044760141763,8.8,200.18960940462642,62.51056591697411,4270,1510,466.66860623280087,268.6704524419042,820.739058674705
fish3,3935,196.75,20.0,20.0,81.9,25.305219989404762,10.312044760141763,8.8,200.18960940462642,62.51056591697411,3801,1865,453.2437754176763,268.8774967000219,798.1412721176982
fish3,3965,198.25,20.0,20.0,81.9,25.305219989404762,10.312044760141763,8.8,200.18960940462642,62.51056591697411,3830,2635,467.692156430826,267.18098627470863,811.4731427055345
fish3,3993,199.65,20.0,20.0,81.9,25.305219989404762,10.312044760141763,8.8,200.18960940462642,62.51056591697411,3920,1509,463.6809413519777,270.8236555393537,812.9045968913314
fish3,3994,199.7,20.0,20.0,81.9,25.305219989404762,10.312044760141763,8.8,200.18960940462642,62.51056591697411,3848,1493,463.6741097547554,270.82224277893704,811.4563525336926
fish3,4063,203.15,20.0,20.0,81.9,25.305219989404762,10.312044760141763,8.8,200.18960940462642,62.51056591697411,5156,248,463.5817793933254,265.32306305939363,832.0248424527191
fish3,4067,203.35,20.0,20.0,81.9,25.305219989404762,10.312044760141763,8.8,200.18960940462642,62.51056591697411,5153,277,472.3820441532655,265.31467764272696,840.7567217959925
fish3,4086,204.3,20.0,20.0,81.9,25.305219989404762,10.312044760141763,8.8,200.18960940462642,62.51056591697411,4865,934,469.8985633363889,265.03367503856026,832.2322383749491
fish3,4125,206.25,20.0,20.0,81.9,25.305219989404762,10.312044760141763,8.8,200.18960940462642,62.51056591697411,4829,706,448.32913190104176,266.39847968240315,811.307611583445
fish3,4219,210.95,20.0,20.0,81.9,25.305219989404762,10.312044760141763,8.8,200.18960940462642,62.51056591697411,2739,458,455.98826711680096,267.3344433537694,778.1027104705704
fish3,4227,211.35,20.0,20.0,81.9,25.305219989404762,10.312044760141763,8.8,200.18960940462642,62.51056591697411,2685,939,455.2407416366577,271.31286457248257,780.2536062091403
fish3,4258,212.9,20.0,20.0,81.9,25.305219989404762,10.312044760141763,8.8,200.18960940462642,62.51056591697411,2508,1845,447.50151453313,267.46008460218644,765.1215991353164
fish3,4279,213.95,20.0,20.0,81.9,25.305219989404762,10.312044760141763,8.8,200.18960940462642,62.51056591697411,2493,2116,457.3917404509178,271.6888476230198,778.9405880739376
fish3,4290,214.5,20.0,20.0,81.9,25.305219989404762,10.312044760141763,8.8,200.18960940462642,62.51056591697411,2448,1993,453.5375691453721,271.40949866468645,773.9070678100586
fish3,4316,215.8,20.0,20.0,81.9,25.305219989404762,10.312044760141763,8.8,200.18960940462642,62.51056591697411,2369,2635,469.6524478617352,269.7402538730197,786.7727017347548
fish3,4349,217.45,20.0,20.0,81.9,25.305219989404762,10.312044760141763,8.8,200.18960940462642,62.51056591697411,2330,3636,471.9491015443966,270.2964485599836,788.8455501043802
fish3,4370,218.5,20.0,20.0,81.9,25.305219989404762,10.312044760141763,8.8,200.18960940462642,62.51056591697411,2318,3302,468.81147131602,267.830719393317,783.002190709337
fish3,4378,218.9,20.0,20.0,81.9,25.305219989404762,10.312044760141763,8.8,200.18960940462642,62.51056591697411,2289,3461,468.7646049965755,267.95277017456687,782.4973751711423
fish3,4404,220.2,20.0,20.0,81.9,25.305219989404762,10.312044760141763,8.8,200.18960940462642,62.51056591697411,2296,6696,468.7473958272299,270.9986262586805,785.6660220859104
fish3,4432,221.6,20.0,20.0,81.9,25.305219989404762,10.312044760141763,8.8,200.18960940462642,62.51056591697411,2492,6286,466.9579123005997,271.9699511324459,788.7678634330456
fish3,4442,222.1,20.0,20.0,81.9,25.305219989404762,10.312044760141763,8.8,200.18960940462642,62.51056591697411,2708,6399,466.8110677035109,271.98787430418867,792.9589420076994
fish3,4467,223.35,20.0,20.0,81.9,25.305219989404762,10.312044760141763,8.8,200.18960940462642,62.51056591697411,3116,5753,470.2047699648068,270.1569107876989,802.6816807525057
fish3,4498,224.9,20.0,20.0,81.9,25.305219989404762,10.312044760141763,8.8,200.18960940462642,62.51056591697411,3821,2731,467.4109765487669,270.1258593715667,813.9568359203337
fish3,4510,225.5,20.0,20.0,81.9,25.305219989404762,10.312044760141763,8.8,200.18960940462642,62.51056591697411,3975,2002,471.68387152506506,268.0319791632335,819.2158506882986
fish3,4522,226.1,20.0,20.0,81.9,25.305219989404762,10.312044760141763,8.8,200.18960940462642,62.51056591697411,3943,1609,471.4079166518977,268.11124673918624,818.379163391084
fish3,4546,227.3,20.0,20.0,81.9,25.305219989404762,10.312044760141763,8.8,200.18960940462642,62.51056591697411,3670,3758,466.17277766316727,270.12244465763314,809.6952223208003
fish3,4582,229.1,20.0,20.0,81.9,25.305219989404762,10.312044760141763,8.8,200.18960940462642,62.51056591697411,2747,4985,474.317190596046,267.1378808463944,796.3950714424404
fish3,4590,229.5,20.0,20.0,81.9,25.305219989404762,10.312044760141763,8.8,200.18960940462642,62.51056591697411,2376,4961,471.5867793496026,270.8792024609778,789.9859818105804
fish3,4609,230.45,20.0,20.0,81.9,25.305219989404762,10.312044760141763,8.8,200.18960940462642,62.51056591697411,2100,4758,470.8644400512507,270.24578450494346,783.1102245561942
fish3,4631,231.55,20.0,20.0,81.9,25.305219989404762,10.312044760141763,8.8,200.18960940462642,62.51056591697411,2196,3476,470.1366926992157,269.1042024736934,783.1608951729091
fish3,4669,233.45,20.0,20.0,81.9,25.305219989404762,10.312044760141763,8.8,200.18960940462642,62.51056591697411,3001,1235,474.0976692590596,268.1307877360025,802.248456995062
fish3,4674,233.7,20.0,20.0,81.9,25.305219989404762,10.312044760141763,8.8,200.18960940462642,62.51056591697411,3045,1082,474.2128515593165,268.2476171630859,803.3604687224023
fish3,4796,239.8,20.0,20.0,81.9,25.305219989404762,10.312044760141763,8.8,200.18960940462642,62.51056591697411,2196,536,462.7871179921846,267.7626204388831,774.4697384310676
fish3,4828,241.4,20.0,20.0,81.9,25.305219989404762,10.312044760141763,8.8,200.18960940462642,62.51056591697411,1947,945,463.3091579668212,269.6181672879431,771.8673252547642
fish3,4843,242.15,20.0,20.0,81.9,25.305219989404762,10.312044760141763,8.8,200.18960940462642,62.51056591697411,1978,1003,463.11266924775686,269.62336260044304,772.2960318481998
fish3,4869,243.45,20.0,20.0,81.9,25.305219989404762,10.312044760141763,8.8,200.18960940462642,62.51056591697411,2110,2314,468.5147786277301,269.30555322248665,780.0203318502167
fish3,4882,244.1,20.0,20.0,81.9,25.305219989404762,10.312044760141763,8.8,200.18960940462642,62.51056591697411,2195,3542,468.9538888695985,269.4240363006167,782.2779251702152
fish3,4900,245.0,20.0,20.0,81.9,25.305219989404762,10.312044760141763,8.8,200.18960940462642,62.51056591697411,2164,4159,465.4577560311589,269.806582008828,778.5443380399869
fish3,4932,246.6,20.0,20.0,81.9,25.305219989404762,10.312044760141763,8.8,200.18960940462642,62.51056591697411,2161,4393,455.4150823291731,269.3108072692446,767.9458895984178
fish3,4957,247.85,20.0,20.0,81.9,25.305219989404762,10.312044760141763,8.8,200.18960940462642,62.51056591697411,2178,5519,472.8228469859183,269.3222655985089,785.7051125844271
fish3,4967,248.35,20.0,20.0,81.9,25.305219989404762,10.312044760141763,8.8,200.18960940462642,62.51056591697411,2109,5402,469.2181421248072,266.8870637755922,778.2852059003993
fish3,4989,249.45,20.0,20.0,81.9,25.305219989404762,10.312044760141763,8.8,200.18960940462642,62.51056591697411,2102,3554,466.3256247636959,270.88880531513433,779.2544300788302
fish3,5006,250.3,20.0,20.0,81.9,25.305219989404762,10.312044760141763,8.8,200.18960940462642,62.51056591697411,1944,3084,466.302421824062,272.6519270426008,777.8343488666627
fish3,5027,251.35,20.0,20.0,81.9,25.305219989404762,10.312044760141763,8.8,200.18960940462642,62.51056591697411,1795,1952,466.4841058518398,273.69216141760086,776.0762672694406
fish3,5045,252.25,20.0,20.0,81.9,25.305219989404762,10.312044760141763,8.8,200.18960940462642,62.51056591697411,1757,713,459.8323957862383,273.7260579006513,768.6984536868896
fish3,5229,261.45,20.0,20.0,81.9,25.305219989404762,10.312044760141763,8.8,200.18960940462642,62.51056591697411,3079,3673,463.3945484516663,264.47571555565725,789.4502640073235
fish3,5232,261.6,20.0,20.0,81.9,25.305219989404762,10.312044760141763,8.8,200.18960940462642,62.51056591697411,3042,3636,463.5121873733333,264.4996478066338,788.8518351799671
fish3,5267,263.35,20.0,20.0,81.9,25.305219989404762,10.312044760141763,8.8,200.18960940462642,62.51056591697411,3161,3455,467.9019834617144,263.94402637556925,795.0660098372837
fish3,5291,264.55,20.0,20.0,81.9,25.305219989404762,10.312044760141763,8.8,200.18960940462642,62.51056591697411,2917,3252,463.0839930223253,263.719189135986,785.1431821583113
fish3,5315,265.75,20.0,20.0,81.9,25.305219989404762,10.312044760141763,8.8,200.18960940462642,62.51056591697411,2907,2690,455.3951040578583,260.90275387535104,774.4378579332093
fish3,5316,265.8,20.0,20.0,81.9,25.305219989404762,10.312044760141763,8.8,200.18960940462642,62.51056591697411,2898,2677,455.3053210717472,260.904667937851,774.1699890095983
fish3,5341,267.05,20.0,20.0,81.9,25.305219989404762,10.312044760141763,8.8,200.18960940462642,62.51056591697411,3083,2488,444.79241311728384,261.7895312191009,768.2419443363848
fish3,5368,268.4,20.0,20.0,81.9,25.305219989404762,10.312044760141763,8.8,200.18960940462642,62.51056591697411,3671,2885,453.3267230586109,260.53729798681474,787.2840210454257
fish3,5395,269.75,20.0,20.0,81.9,25.305219989404762,10.312044760141763,8.8,200.18960940462642,62.51056591697411,3593,2960,447.5248263417938,263.6942641546885,783.0790904964823
fish3,5414,270.7,20.0,20.0,81.9,25.305219989404762,10.312044760141763,8.8,200.18960940462642,62.51056591697411,3801,3479,451.7677343641493,264.26251952701136,792.0502538911607
fish3,5439,271.95,20.0,20.0,81.9,25.305219989404762,10.312044760141763,8.8,200.18960940462642,62.51056591697411,3592,3727,450.0602213532435,268.98721353958973,790.8874348928333
fish3,5445,272.25,20.0,20.0,81.9,25.305219989404762,10.312044760141763,8.8,200.18960940462642,62.51056591697411,3542,3671,449.8089019087991,269.0194270812565,789.6683289900556
fish3,5480,274.0,20.0,20.0,81.9,25.305219989404762,10.312044760141763,8.8,200.18960940462642,62.51056591697411,3448,3791,457.5757287974415,270.8465331191911,797.3822619166326
fish3,5491,274.55,20.0,20.0,81.9,25.305219989404762,10.312044760141763,8.8,200.18960940462642,62.51056591697411,3191,3857,454.1530031029971,270.48348950127496,788.4564926042721
fish3,5526,276.3,20.0,20.0,81.9,25.305219989404762,10.312044760141763,8.8,200.18960940462642,62.51056591697411,2792,3931,451.834704814016,266.5569464568668,774.2316512708828
fish3,5547,277.35,20.0,20.0,81.9,25.305219989404762,10.312044760141763,8.8,200.18960940462642,62.51056591697411,2763,4188,468.8156900245762,268.0198663813167,792.0955564058929
fish3,5564,278.2,20.0,20.0,81.9,25.305219989404762,10.312044760141763,8.8,200.18960940462642,62.51056591697411,2713,4153,467.8219529791185,269.0734080479833,791.1553610271019
fish3,5576,278.8,20.0,20.0,81.9,25.305219989404762,10.312044760141763,8.8,200.18960940462642,62.51056591697411,2660,3686,465.8119226533677,266.9412661209001,785.9531887742678
fish3,5596,279.8,20.0,20.0,81.9,25.305219989404762,10.312044760141763,8.8,200.18960940462642,62.51056591697411,2608,2371,461.582994780816,270.4212335688168,784.1642283496327
fish3,5630,281.5,20.0,20.0,81.9,25.305219989404762,10.312044760141763,8.8,200.18960940462642,62.51056591697411,2431,1634,463.7610720431669,268.5544075211843,780.9354795643512
fish3,5638,281.9,20.0,20.0,81.9,25.305219989404762,10.312044760141763,8.8,200.18960940462642,62.51056591697411,2395,1567,464.0662586406943,268.62611976076766,780.5923784014619
fish3,5668,283.4,20.0,20.0,81.9,25.305219989404762,10.312044760141763,8.8,200.18960940462642,62.51056591697411,1853,1182,470.2037629460652,269.4506673176129,776.714430263678
fish3,5682,284.1,20.0,20.0,81.9,25.305219989404762,10.312044760141763,8.8,200.18960940462642,62.51056591697411,1798,1241,470.0049955849541,269.4725292967796,775.4375248817337
fish3,5711,285.55,20.0,20.0,81.9,25.305219989404762,10.312044760141763,8.8,200.18960940462642,62.51056591697411,1935,1278,464.9194616849924,268.1014321180554,771.7208938030478
fish3,5738,286.9,20.0,20.0,81.9,25.305219989404762,10.312044760141763,8.8,200.18960940462642,62.51056591697411,1997,1350,450.28940521901455,270.3743422743056,760.6037474933203
fish3,5739,286.95,20.0,20.0,81.9,25.305219989404762,10.312044760141763,8.8,200.18960940462642,62.51056591697411,2011,1350,450.25944864861776,270.37523420138893,760.8546828500067
fish3,5780,289.0,20.0,20.0,81.9,25.305219989404762,10.312044760141763,8.8,200.18960940462642,62.51056591697411,1872,1355,462.7294140623304,263.56545570051406,763.7348697628445
fish3,5793,289.65,20.0,20.0,81.9,25.305219989404762,10.312044760141763,8.8,200.18960940462642,62.51056591697411,2033,1353,459.8473871380088,268.1416080442641,768.6489951822729
fish3,5815,290.75,20.0,20.0,81.9,25.305219989404762,10.312044760141763,8.8,200.18960940462642,62.51056591697411,1784,1344,462.968822796838,269.0327929280176,767.6816157248555
fish3,5837,291.85,20.0,20.0,81.9,25.305219989404762,10.312044760141763,8.8,200.18960940462642,62.51056591697411,1969,1330,461.8147430201212,268.76900386551745,769.9637468856387
fish3,5847,292.35,20.0,20.0,81.9,25.305219989404762,10.312044760141763,8.8,200.18960940462642,62.51056591697411,1951,1442,457.4703167343141,260.75121410106016,757.2415308353743
fish3,5885,294.25,20.0,20.0,81.9,25.305219989404762,10.312044760141763,8.8,200.18960940462642,62.51056591697411,2008,1388,464.82794239969127,266.51319652095367,771.5011389206448
fish3,5887,294.35,20.0,20.0,81.9,25.305219989404762,10.312044760141763,8.8,200.18960940462642,62.51056591697411,2014,1385,460.4152601080246,266.51369782303703,767.2089579310616
fish3,5909,295.45,20.0,20.0,81.9,25.305219989404762,10.312044760141763,8.8,200.18960940462642,62.51056591697411,2032,1360,463.6998350646219,267.7850097651058,772.1248448297277
fish3,5948,297.4,20.0,20.0,81.9,25.305219989404762,10.312044760141763,8.8,200.18960940462642,62.51056591697411,2548,435,465.0393653055072,268.24600580892564,784.2453711144328
fish3,5971,298.55,20.0,20.0,81.9,25.305219989404762,10.312044760141763,8.8,200.18960940462642,62.51056591697411,2647,1632,460.8975084688915,265.6045084130922,779.4420168819838
fish3,5978,298.9,20.0,20.0,81.9,25.305219989404762,10.312044760141763,8.8,200.18960940462642,62.51056591697411,2748,1635,460.89148862559006,265.614420529514,781.4659091551041
fish3,6002,300.1,20.0,20.0,81.9,25.305219989404762,10.312044760141763,8.8,200.18960940462642,62.51056591697411,2976,3004,456.5497564976823,271.2779133694013,787.3476698670836
fish3,6027,301.35,20.0,20.0,81.9,25.305219989404762,10.312044760141763,8.8,200.18960940462642,62.51056591697411,3202,3226,457.7879596568167,269.88132482773466,791.7092844845513
fish3,6042,302.1,20.0,20.0,81.9,25.305219989404762,10.312044760141763,8.8,200.18960940462642,62.51056591697411,3352,2227,457.6135413079156,270.3925683173179,795.0461096252334
fish3,6077,303.85,20.0,20.0,81.9,25.305219989404762,10.312044760141763,8.8,200.18960940462642,62.51056591697411,3875,931,464.1963020663791,268.2646125088904,809.9609145752695
fish3,6080,304.0,20.0,20.0,81.9,25.305219989404762,10.312044760141763,8.8,200.18960940462642,62.51056591697411,4061,791,464.1172569296754,268.27387032139035,813.6111272510658
fish3,6139,306.95,20.0,20.0,81.9,25.305219989404762,10.312044760141763,8.8,200.18960940462642,62.51056591697411,5227,834,450.27177944147553,266.6874576194657,821.4992370609411
fish3,6152,307.6,20.0,20.0,81.9,25.305219989404762,10.312044760141763,8.8,200.18960940462642,62.51056591697411,5480,1852,467.5507998614842,266.6252407708064,843.7760406322906
fish3,6181,309.05,20.0,20.0,81.9,25.305219989404762,10.312044760141763,8.8,200.18960940462642,62.51056591697411,5061,2214,463.6935536822848,264.7093911636247,829.6229448459095
fish3,6201,310.05,20.0,20.0,81.9,25.305219989404762,10.312044760141763,8.8,200.18960940462642,62.51056591697411,4231,2887,457.1225606309679,268.87048497847445,810.6130456094423
fish3,6216,310.8,20.0,20.0,81.9,25.305219989404762,10.312044760141763,8.8,200.18960940462642,62.51056591697411,4095,2820,459.6958287080553,267.2674120618078,808.8632407698632
fish4,167,8.35,20.0,20.0,61.25,19.965624360684536,8.585060915199731,15.0,155.7830868411073,52.18981628140442,2241,11633,459.7968793285038,261.428408166239,766.0452874947429
fish4,228,11.4,20.0,20.0,61.25,19.965624360684536,8.585060915199731,15.0,155.7830868411073,52.18981628140442,2713,4238,459.7947222195094,261.3222558318139,775.3769780513232
fish4,267,13.35,20.0,20.0,61.25,19.965624360684536,8.585060915199731,15.0,155.7830868411073,52.18981628140442,2255,16926,462.7196613949623,266.65729817555746,774.4769595705199
fish4,309,15.45,20.0,20.0,61.25,19.965624360684536,8.585060915199731,15.0,155.7830868411073,52.18981628140442,2633,19012,462.33299726274254,261.6072264946832,776.6002237574256
fish4,348,17.4,20.0,20.0,61.25,19.965624360684536,8.585060915199731,15.0,155.7830868411073,52.18981628140442,2310,17660,456.0614911505805,260.954872966671,763.2163641172515
fish4,400,20.0,20.0,20.0,61.25,19.965624360684536,8.585060915199731,15.0,155.7830868411073,52.18981628140442,2778,15818,451.8704467994783,258.9832030014037,766.413649800882
fish4,402,20.1,20.0,20.0,61.25,19.965624360684536,8.585060915199731,15.0,155.7830868411073,52.18981628140442,2803,16099,450.7359024973929,261.43533841807044,768.2312409154633
fish4,467,23.35,20.0,20.0,61.25,19.965624360684536,8.585060915199731,15.0,155.7830868411073,52.18981628140442,1992,14844,439.8885155044367,265.5624381492509,745.2909536536877
fish4,471,23.55,20.0,20.0,61.25,19.965624360684536,8.585060915199731,15.0,155.7830868411073,52.18981628140442,2031,15695,439.71342433658174,265.5039518186781,745.8373761552599
fish4,549,27.45,20.0,20.0,61.25,19.965624360684536,8.585060915199731,15.0,155.7830868411073,52.18981628140442,2496,7383,468.8943315294054,262.9183393764496,781.7326709058549
fish4,557,27.85,20.0,20.0,61.25,19.965624360684536,8.585060915199731,15.0,155.7830868411073,52.18981628140442,2393,9425,467.3108550209892,262.97049761877054,778.1413526397597
fish4,585,29.25,20.0,20.0,61.25,19.965624360684536,8.585060915199731,15.0,155.7830868411073,52.18981628140442,2004,13391,462.4312455037245,263.8783230312665,766.3895685349911
fish4,619,30.95,20.0,20.0,61.25,19.965624360684536,8.585060915199731,15.0,155.7830868411073,52.18981628140442,2090,16411,462.7655511356873,262.07088844289774,766.6364395785849
fish4,655,32.75,20.0,20.0,61.25,19.965624360684536,8.585060915199731,15.0,155.7830868411073,52.18981628140442,2889,15294,458.8574739522298,264.39993487531865,781.0374088275485
fish4,687,34.35,20.0,20.0,61.25,19.965624360684536,8.585060915199731,15.0,155.7830868411073,52.18981628140442,3203,12390,450.1239756672424,260.5724120859676,774.75638775321
fish4,754,37.7,20.0,20.0,61.25,19.965624360684536,8.585060915199731,15.0,155.7830868411073,52.18981628140442,2832,8225,459.5812890623304,264.76293942556373,780.984228487894
fish4,755,37.75,20.0,20.0,61.25,19.965624360684536,8.585060915199731,15.0,155.7830868411073,52.18981628140442,2851,8161,459.4623958330319,264.7641503630638,781.2465461960957
fish4,818,40.9,20.0,20.0,61.25,19.965624360684536,8.585060915199731,15.0,155.7830868411073,52.18981628140442,2489,3705,456.4782465240857,261.82378247002487,768.0820289941105
fish4,847,42.35,20.0,20.0,61.25,19.965624360684536,8.585060915199731,15.0,155.7830868411073,52.18981628140442,1835,4575,461.6664798647092,264.271682843007,762.6381627077162
fish4,862,43.1,20.0,20.0,61.25,19.965624360684536,8.585060915199731,15.0,155.7830868411073,52.18981628140442,1733,5709,459.66385398574647,265.2624120096736,759.58626599542
fish4,915,45.75,20.0,20.0,61.25,19.965624360684536,8.585060915199731,15.0,155.7830868411073,52.18981628140442,1987,13217,461.7630555084606,265.4359569454193,766.93901245388
fish4,931,46.55,20.0,20.0,61.25,19.965624360684536,8.585060915199731,15.0,155.7830868411073,52.18981628140442,1967,11434,457.2861414921325,265.0001333329837,761.6262748251163
fish4,978,48.9,20.0,20.0,61.25,19.965624360684536,8.585060915199731,15.0,155.7830868411073,52.18981628140442,2537,9879,446.5470832187228,264.46848954518634,761.7555727639092
fish4,1013,50.65,20.0,20.0,61.25,19.965624360684536,8.585060915199731,15.0,155.7830868411073,52.18981628140442,4383,12580,455.91936628930375,262.1163801960839,805.6957464853876
fish4,1072,53.6,20.0,20.0,61.25,19.965624360684536,8.585060915199731,15.0,155.7830868411073,52.18981628140442,4963,20677,455.1987977347481,267.302877560764,821.7616752955121
fish4,1109,55.45,20.0,20.0,61.25,19.965624360684536,8.585060915199731,15.0,155.7830868411073,52.18981628140442,3668,22618,457.9839236099055,265.19457347207594,796.5384970819815
fish4,1148,57.4,20.0,20.0,61.25,19.965624360684536,8.585060915199731,15.0,155.7830868411073,52.18981628140442,3470,20426,456.0190884867351,266.13306632787913,791.5521548146143
fish4,1173,58.65,20.0,20.0,61.25,19.965624360684536,8.585060915199731,15.0,155.7830868411073,52.18981628140442,3557,20835,442.6614322325906,266.02973292032874,779.8311651529193
fish4,1209,60.45,20.0,20.0,61.25,19.965624360684536,8.585060915199731,15.0,155.7830868411073,52.18981628140442,3959,20252,454.8208376419445,262.5297524359385,796.5305900778831
fish4,1220,61.0,20.0,20.0,61.25,19.965624360684536,8.585060915199731,15.0,155.7830868411073,52.18981628140442,4073,20220,454.7255468159241,262.5515624179416,798.7371092338658
fish4,1275,63.75,20.0,20.0,61.25,19.965624360684536,8.585060915199731,15.0,155.7830868411073,52.18981628140442,3144,14679,455.5122005153891,266.81786771722363,785.2100682326128
fish4,1318,65.9,20.0,20.0,61.25,19.965624360684536,8.585060915199731,15.0,155.7830868411073,52.18981628140442,3712,17008,462.7388932005141,265.6919595024957,802.6708527030098
fish4,1332,66.6,20.0,20.0,61.25,19.965624360684536,8.585060915199731,15.0,155.7830868411073,52.18981628140442,3913,19161,458.2638064077684,265.59160460704163,802.11541101481
fish4,1365,68.25,20.0,20.0,61.25,19.965624360684536,8.585060915199731,15.0,155.7830868411073,52.18981628140442,3398,17927,456.5497220828962,263.0979622334798,787.607684316376
fish4,1402,70.1,20.0,20.0,61.25,19.965624360684536,8.585060915199731,15.0,155.7830868411073,52.18981628140442,3314,12238,459.9724999076936,264.819443296549,791.0719432042426
fish4,1424,71.2,20.0,20.0,61.25,19.965624360684536,8.585060915199731,15.0,155.7830868411073,52.18981628140442,3238,10246,456.13461352311134,262.0801886738672,782.9748021969785
fish4,1457,72.85,20.0,20.0,61.25,19.965624360684536,8.585060915199731,15.0,155.7830868411073,52.18981628140442,3532,9826,455.5600649412367,266.6185447229915,792.8186096642281
fish4,1516,75.8,20.0,20.0,61.25,19.965624360684536,8.585060915199731,15.0,155.7830868411073,52.18981628140442,3107,12960,460.3442359965007,261.5788020451864,784.063038041687
fish4,1550,77.5,20.0,20.0,61.25,19.965624360684536,8.585060915199731,15.0,155.7830868411073,52.18981628140442,3191,13804,449.674681070794,257.84811520893305,771.342796279727
fish4,1579,78.95,20.0,20.0,61.25,19.965624360684536,8.585060915199731,15.0,155.7830868411073,52.18981628140442,2641,13002,437.2759046630671,260.1490559586842,750.2449606217514
fish4,1646,82.3,20.0,20.0,61.25,19.965624360684536,8.585060915199731,15.0,155.7830868411073,52.18981628140442,1600,11517,440.0532029052734,258.82291001853946,730.8761129238128
fish4,1673,83.65,20.0,20.0,61.25,19.965624360684536,8.585060915199731,15.0,155.7830868411073,52.18981628140442,2044,10579,445.5324392028809,261.7676692599826,748.1801084628635
fish4,1688,84.4,20.0,20.0,61.25,19.965624360684536,8.585060915199731,15.0,155.7830868411073,52.18981628140442,1878,13676,445.3588194112141,259.4916861870659,742.41050559828
fish4,1731,86.55,20.0,20.0,61.25,19.965624360684536,8.585060915199731,15.0,155.7830868411073,52.18981628140442,2052,21684,446.22351963205216,266.4353023009829,753.6988219330351
fish4,1766,88.3,20.0,20.0,61.25,19.965624360684536,8.585060915199731,15.0,155.7830868411073,52.18981628140442,2043,21416,453.94320308852974,261.3812108357324,756.1844139242622
fish4,1796,89.8,20.0,20.0,61.25,19.965624360684536,8.585060915199731,15.0,155.7830868411073,52.18981628140442,2522,22268,452.0985503445097,259.9809015163739,762.5194518608837
fish4,1852,92.6,20.0,20.0,61.25,19.965624360684536,8.585060915199731,15.0,155.7830868411073,52.18981628140442,2451,7934,454.4915180657282,242.3450260151756,745.8565440809037
fish4,1896,94.8,20.0,20.0,61.25,19.965624360684536,8.585060915199731,15.0,155.7830868411073,52.18981628140442,2658,4044,446.9089615056356,252.2560025958591,752.3249641014946
fish4,1929,96.45,20.0,20.0,61.25,19.965624360684536,8.585060915199731,15.0,155.7830868411073,52.18981628140442,1568,6368,457.8395702987671,261.43019846385323,750.6297687626203
fish4,1960,98.0,20.0,20.0,61.25,19.965624360684536,8.585060915199731,15.0,155.7830868411073,52.18981628140442,1586,15875,459.70769958940656,234.2131152266503,725.640814816057
fish4,2001,100.05,20.0,20.0,61.25,19.965624360684536,8.585060915199731,15.0,155.7830868411073,52.18981628140442,1623,20782,459.7328385341317,276.6489450866275,768.8417836207592
fish4,2016,100.8,20.0,20.0,61.25,19.965624360684536,8.585060915199731,15.0,155.7830868411073,52.18981628140442,1929,17997,457.5179296669853,266.56433251138264,762.662262178368
fish4,2063,103.15,20.0,20.0,61.25,19.965624360684536,8.585060915199731,15.0,155.7830868411073,52.18981628140442,2535,6758,454.13496086740383,254.16495441877572,758.9999152861797
fish4,2095,104.75,20.0,20.0,61.25,19.965624360684536,8.585060915199731,15.0,155.7830868411073,52.18981628140442,2960,9196,449.17675347222223,249.30744140586845,757.6841948780907
fish4,2118,105.9,20.0,20.0,61.25,19.965624360684536,8.585060915199731,15.0,155.7830868411073,52.18981628140442,3638,10215,458.64097648290937,249.39630533547933,780.7972818183887
fish4,2206,110.3,20.0,20.0,61.25,19.965624360684536,8.585060915199731,15.0,155.7830868411073,52.18981628140442,2744,17653,455.6862846788193,241.17191077973047,751.7381954585499
fish4,2231,111.55,20.0,20.0,61.25,19.965624360684536,8.585060915199731,15.0,155.7830868411073,52.18981628140442,2665,15665,450.4121050030556,242.8579101043277,746.5700151073831
fish4,2271,113.55,20.0,20.0,61.25,19.965624360684536,8.585060915199731,15.0,155.7830868411073,52.18981628140442,2723,17010,453.3768662271383,241.524850174586,749.3617164017244
fish4,2307,115.35,20.0,20.0,61.25,19.965624360684536,8.585060915199731,15.0,155.7830868411073,52.18981628140442,3120,15637,446.2349392312887,240.94515296036403,749.5800921916526
fish4,2327,116.35,20.0,20.0,61.25,19.965624360684536,8.585060915199731,15.0,155.7830868411073,52.18981628140442,2972,10504,454.6027820999522,245.12131827917096,759.1641003791233
fish4,2351,117.55,20.0,20.0,61.25,19.965624360684536,8.585060915199731,15.0,155.7830868411073,52.18981628140442,2986,5905,454.3745659504456,255.74072252332897,769.8352884737747
fish4,2411,120.55,20.0,20.0,61.25,19.965624360684536,8.585060915199731,15.0,155.7830868411073,52.18981628140442,2453,8284,453.4628253782485,259.26383454178705,761.7866599200356
fish4,2436,121.8,20.0,20.0,61.25,19.965624360684536,8.585060915199731,15.0,155.7830868411073,52.18981628140442,2388,7265,450.1614711769199,262.717773289956,760.6392444668759
fish4,2446,122.3,20.0,20.0,61.25,19.965624360684536,8.585060915199731,15.0,155.7830868411073,52.18981628140442,2233,5915,450.1309937743951,262.63724273884026,757.4282365132353
fish4,2484,124.2,20.0,20.0,61.25,19.965624360684536,8.585060915199731,15.0,155.7830868411073,52.18981628140442,1778,2561,452.6271004140593,264.3281315088908,752.5152319229501
fish4,2543,127.15,20.0,20.0,61.25,19.965624360684536,8.585060915199731,15.0,155.7830868411073,52.18981628140442,1795,4690,456.2432984375,266.6806085886532,758.8239070261532
fish4,2566,128.3,20.0,20.0,61.25,19.965624360684536,8.585060915199731,15.0,155.7830868411073,52.18981628140442,1842,6611,459.2066189055078,263.4349218002319,759.4815407057398
fish4,2583,129.15,20.0,20.0,61.25,19.965624360684536,8.585060915199731,15.0,155.7830868411073,52.18981628140442,1871,8267,444.8109461440852,263.6653579981486,745.8963041422337
fish4,2650,132.5,20.0,20.0,61.25,19.965624360684536,8.585060915199731,15.0,155.7830868411073,52.18981628140442,1913,9591,459.266822861735,265.5967089609676,763.1235318227026
fish4,2652,132.6,20.0,20.0,61.25,19.965624360684536,8.585060915199731,15.0,155.7830868411073,52.18981628140442,1970,9248,462.2885763339572,264.14368161306373,765.8322579470208
fish4,2691,134.55,20.0,20.0,61.25,19.965624360684536,8.585060915199731,15.0,155.7830868411073,52.18981628140442,1995,3650,454.6994314181668,260.544251250161,755.1436826683278
fish4,2723,136.15,20.0,20.0,61.25,19.965624360684536,8.585060915199731,15.0,155.7830868411073,52.18981628140442,1912,4785,465.705898362732,255.5113964339256,759.4572947966575
fish4,2758,137.9,20.0,20.0,61.25,19.965624360684536,8.585060915199731,15.0,155.7830868411073,52.18981628140442,1797,7433,447.4598827943968,254.4327993815104,737.8326821759072
fish4,2839,141.95,20.0,20.0,61.25,19.965624360684536,8.585060915199731,15.0,155.7830868411073,52.18981628140442,2556,13406,446.5063105755089,258.34713854597936,755.9734491214882
fish4,2852,142.6,20.0,20.0,61.25,19.965624360684536,8.585060915199731,15.0,155.7830868411073,52.18981628140442,2728,11909,446.9084808880088,260.79795572848855,762.2664366164972
fish4,2906,145.3,20.0,20.0,61.25,19.965624360684536,8.585060915199731,15.0,155.7830868411073,52.18981628140442,2917,3660,440.42516912824834,263.00654936455624,761.7717184928046
fish4,2921,146.05,20.0,20.0,61.25,19.965624360684536,8.585060915199731,15.0,155.7830868411073,52.18981628140442,2605,3077,450.4829027911716,267.19521796365314,769.7781207548247
fish4,2947,147.35,20.0,20.0,61.25,19.965624360684536,8.585060915199731,15.0,155.7830868411073,52.18981628140442,1676,3845,445.5203254596286,264.2181834146711,743.2585088742997
fish4,2999,149.95,20.0,20.0,61.25,19.965624360684536,8.585060915199731,15.0,155.7830868411073,52.18981628140442,1827,7011,466.8051728725856,264.249772049586,767.5949449221716
fish4,3028,151.4,20.0,20.0,61.25,19.965624360684536,8.585060915199731,15.0,155.7830868411073,52.18981628140442,1819,7111,464.31284212087,262.1577928829193,762.8506350037893
fish4,3056,152.8,20.0,20.0,61.25,19.965624360684536,8.585060915199731,15.0,155.7830868411073,52.18981628140442,2047,6269,462.8325347210164,265.4813020680321,769.2538367890486
fish4,3090,154.5,20.0,20.0,61.25,19.965624360684536,8.585060915199731,15.0,155.7830868411073,52.18981628140442,1758,4767,460.7993272537608,266.16417316754666,762.1235004213074
fish4,3143,157.15,20.0,20.0,61.25,19.965624360684536,8.585060915199731,15.0,155.7830868411073,52.18981628140442,1385,3905,458.5348739827286,268.1754914830421,754.4103654657708
fish4,3183,159.15,20.0,20.0,61.25,19.965624360684536,8.585060915199731,15.0,155.7830868411073,52.18981628140442,1688,2576,452.5224044740276,268.54626261376274,754.8286670877903
fish4,3190,159.5,20.0,20.0,61.25,19.965624360684536,8.585060915199731,15.0,155.7830868411073,52.18981628140442,1675,1713,452.6933072551963,268.547603759596,754.7409110147923
fish4,3222,161.1,20.0,20.0,61.25,19.965624360684536,8.585060915199731,15.0,155.7830868411073,52.18981628140442,1516,1610,463.61421865234365,267.0463150634342,760.9805337157778
fish4,3317,165.85,20.0,20.0,61.25,19.965624360684536,8.585060915199731,15.0,155.7830868411073,52.18981628140442,3309,4667,465.2646614583333,266.7081249948713,798.1527864532047
fish4,3332,166.6,20.0,20.0,61.25,19.965624360684536,8.585060915199731,15.0,155.7830868411073,52.18981628140442,3147,5078,460.3044834932116,265.675904942788,788.9203884359997
fish4,3380,169.0,20.0,20.0,61.25,19.965624360684536,8.585060915199731,15.0,155.7830868411073,52.18981628140442,2779,5677,440.026527497393,265.6162011652521,761.2227286626452
fish4,3394,169.7,20.0,20.0,61.25,19.965624360684536,8.585060915199731,15.0,155.7830868411073,52.18981628140442,2531,5503,449.881731485833,265.4849934853448,765.9867249711778
fish4,3466,173.3,20.0,20.0,61.25,19.965624360684536,8.585060915199731,15.0,155.7830868411073,52.18981628140442,1946,1635,453.7598176890432,267.0212205950313,759.7010382840745
fish4,3500,175.0,20.0,20.0,61.25,19.965624360684536,8.585060915199731,15.0,155.7830868411073,52.18981628140442,1899,2026,449.63672705070593,264.81676752165697,752.4334945723629
fish4,3553,177.65,20.0,20.0,61.25,19.965624360684536,8.585060915199731,15.0,155.7830868411073,52.18981628140442,1722,2701,456.6836371283636,263.54899738629666,754.6726345146603
fish4,3585,179.25,20.0,20.0,61.25,19.965624360684536,8.585060915199731,15.0,155.7830868411073,52.18981628140442,1853,9385,443.9090840588039,265.5618554604424,746.5309395192462
fish4,3626,181.3,20.0,20.0,61.25,19.965624360684536,8.585060915199731,15.0,155.7830868411073,52.18981628140442,1925,22586,457.2162974580554,264.4135968233638,760.1298942814192
fish4,3640,182.0,20.0,20.0,61.25,19.965624360684536,8.585060915199731,15.0,155.7830868411073,52.18981628140442,1845,22256,454.7972828335231,268.0603154232342,759.7575982567572
fish4,3680,184.0,20.0,20.0,61.25,19.965624360684536,8.585060915199731,15.0,155.7830868411073,52.18981628140442,1251,17873,456.7889186399671,265.32155234780845,747.1304709877754
fish4,3738,186.9,20.0,20.0,61.25,19.965624360684536,8.585060915199731,15.0,155.7830868411073,52.18981628140442,1509,3327,457.2794096134139,264.29255855810385,751.7519681715177
fish4,3757,187.85,20.0,20.0,61.25,19.965624360684536,8.585060915199731,15.0,155.7830868411073,52.18981628140442,1718,2702,462.4499305190852,261.0737043253157,757.883634844401
fish4,3776,188.8,20.0,20.0,61.25,19.965624360684536,8.585060915199731,15.0,155.7830868411073,52.18981628140442,1779,3201,449.3146484088475,261.4632614406586,746.3579098495062
fish4,3841,192.05,20.0,20.0,61.25,19.965624360684536,8.585060915199731,15.0,155.7830868411073,52.18981628140442,1732,4602,455.4171744474999,267.2204166639539,757.2775911114537
fish4,3845,192.25,20.0,20.0,61.25,19.965624360684536,8.585060915199731,15.0,155.7830868411073,52.18981628140442,1742,4580,455.2690754921809,267.2336621063126,757.3427375984935
fish4,3893,194.65,20.0,20.0,61.25,19.965624360684536,8.585060915199731,15.0,155.7830868411073,52.18981628140442,1972,2843,451.86587637736005,264.0322393756442,755.3381157530043
fish4,3932,196.6,20.0,20.0,61.25,19.965624360684536,8.585060915199731,15.0,155.7830868411073,52.18981628140442,2527,2461,461.696566808611,266.5781412599246,778.8147080685355
fish4,3996,199.8,20.0,20.0,61.25,19.965624360684536,8.585060915199731,15.0,155.7830868411073,52.18981628140442,2885,3712,445.0118011035872,262.40113925509985,765.1129403586872
fish4,4029,201.45,20.0,20.0,61.25,19.965624360684536,8.585060915199731,15.0,155.7830868411073,52.18981628140442,2603,2775,446.5989453123304,261.3891241199811,760.0480694323114
fish4,4032,201.6,20.0,20.0,61.25,19.965624360684536,8.585060915199731,15.0,155.7830868411073,52.18981628140442,2547,3092,446.660967881775,261.39202127370834,758.9929891554834
fish4,4068,203.4,20.0,20.0,61.25,19.965624360684536,8.585060915199731,15.0,155.7830868411073,52.18981628140442,2691,4745,446.1088019566665,263.1479816232893,763.0767835799559
fish4,4179,208.95,20.0,20.0,61.25,19.965624360684536,8.585060915199731,15.0,155.7830868411073,52.18981628140442,1799,4272,449.56176214795545,267.2899511573686,752.831713305324
fish4,4201,210.05,20.0,20.0,61.25,19.965624360684536,8.585060915199731,15.0,155.7830868411073,52.18981628140442,1999,2970,463.8658028901841,266.10736651864585,769.95316940883
fish4,4279,213.95,20.0,20.0,61.25,19.965624360684536,8.585060915199731,15.0,155.7830868411073,52.18981628140442,1978,14887,456.8229123033124,269.5795539196332,765.9624662229455
fish4,4289,214.45,20.0,20.0,61.25,19.965624360684536,8.585060915199731,15.0,155.7830868411073,52.18981628140442,1789,14415,456.9211154227363,270.0676919491981,762.7688073719344
fish4,4321,216.05,20.0,20.0,61.25,19.965624360684536,8.585060915199731,15.0,155.7830868411073,52.18981628140442,1713,14419,465.1831987847035,267.9481380071004,767.391336791804
fish4,4364,218.2,20.0,20.0,61.25,19.965624360684536,8.585060915199731,15.0,155.7830868411073,52.18981628140442,2043,14989,462.1678081107247,260.19718424393346,763.2249923546582
fish4,4422,221.1,20.0,20.0,61.25,19.965624360684536,8.585060915199731,15.0,155.7830868411073,52.18981628140442,2067,16577,458.10881499247614,255.7743846254878,755.223199617964
fish4,4451,222.55,20.0,20.0,61.25,19.965624360684536,8.585060915199731,15.0,155.7830868411073,52.18981628140442,3344,21842,454.1828862099542,252.59405917179325,773.6569453817474
fish4,4463,223.15,20.0,20.0,61.25,19.965624360684536,8.585060915199731,15.0,155.7830868411073,52.18981628140442,3510,21668,454.5718663024903,250.9776073898209,775.7494736923113
fish4,4491,224.55,20.0,20.0,61.25,19.965624360684536,8.585060915199731,15.0,155.7830868411073,52.18981628140442,3612,18122,454.8243706597033,251.0223990854793,778.0867697451827
fish4,4547,227.35,20.0,20.0,61.25,19.965624360684536,8.585060915199731,15.0,155.7830868411073,52.18981628140442,3969,3570,457.74520368921736,255.5867315324148,792.7119352216321
fish4,4579,228.95,20.0,20.0,61.25,19.965624360684536,8.585060915199731,15.0,155.7830868411073,52.18981628140442,2404,4241,442.8404290973239,256.12994119856086,747.0503702958848
fish4,4625,231.25,20.0,20.0,61.25,19.965624360684536,8.585060915199731,15.0,155.7830868411073,52.18981628140442,2069,8342,455.8171354159885,259.0664420427853,756.2635774587737
fish4,4646,232.3,20.0,20.0,61.25,19.965624360684536,8.585060915199731,15.0,155.7830868411073,52.18981628140442,1912,13084,453.0609114507981,262.99324215185374,754.2941536026518
fish4,4767,238.35,20.0,20.0,61.25,19.965624360684536,8.585060915199731,15.0,155.7830868411073,52.18981628140442,1576,7545,454.2536892333985,262.80306965483555,748.576758888234
fish4,4777,238.85,20.0,20.0,61.25,19.965624360684536,8.585060915199731,15.0,155.7830868411073,52.18981628140442,2125,6123,444.2440190670815,264.8942349494827,751.6382540165641
fish4,4844,242.2,20.0,20.0,61.25,19.965624360684536,8.585060915199731,15.0,155.7830868411073,52.18981628140442,2943,348,427.7586978732639,268.2838699344953,754.9025678077593
fish4,4868,243.4,20.0,20.0,61.25,19.965624360684536,8.585060915199731,15.0,155.7830868411073,52.18981628140442,2855,838,425.87830285100114,268.1722817191971,751.1505845701982
fish4,4904,245.2,20.0,20.0,61.25,19.965624360684536,8.585060915199731,15.0,155.7830868411073,52.18981628140442,3007,971,426.1508637069701,262.25360609792074,748.5444698048908
fish4,4938,246.9,20.0,20.0,61.25,19.965624360684536,8.585060915199731,15.0,155.7830868411073,52.18981628140442,2649,1847,433.87393225519617,266.22502598974444,753.0789582449406
fish4,4982,249.1,20.0,20.0,61.25,19.965624360684536,8.585060915199731,15.0,155.7830868411073,52.18981628140442,3277,2315,416.1986410969864,263.22633455704585,744.9649756540322
fish4,5011,250.55,20.0,20.0,61.25,19.965624360684536,8.585060915199731,15.0,155.7830868411073,52.18981628140442,3620,835,435.6707681943352,267.9783984205458,776.049166614881
fish4,5231,261.55,20.0,20.0,61.25,19.965624360684536,8.585060915199731,15.0,155.7830868411073,52.18981628140442,3308,6407,444.1642404255996,257.90809239298505,768.2323328185846
fish4,5264,263.2,20.0,20.0,61.25,19.965624360684536,8.585060915199731,15.0,155.7830868411073,52.18981628140442,3432,7423,445.2077384302776,260.8597558146052,774.7074942448827
fish4,5276,263.8,20.0,20.0,61.25,19.965624360684536,8.585060915199731,15.0,155.7830868411073,52.18981628140442,3422,7439,443.7453601069509,260.8176464396052,773.0030065465562
fish4,5337,266.85,20.0,20.0,61.25,19.965624360684536,8.585060915199731,15.0,155.7830868411073,52.18981628140442,3399,6100,444.1475564220853,265.79107416682774,777.918630588913
fish4,5354,267.7,20.0,20.0,61.25,19.965624360684536,8.585060915199731,15.0,155.7830868411073,52.18981628140442,3483,6861,449.57880639495846,265.4201594390763,784.6589658340348
fish4,5396,269.8,20.0,20.0,61.25,19.965624360684536,8.585060915199731,15.0,155.7830868411073,52.18981628140442,3513,7357,448.0564105902589,265.13167636615964,783.4480869564186
fish4,5435,271.75,20.0,20.0,61.25,19.965624360684536,8.585060915199731,15.0,155.7830868411073,52.18981628140442,3385,6276,459.5216015582615,262.3704849866126,789.5920865448741
fish4,5472,273.6,20.0,20.0,61.25,19.965624360684536,8.585060915199731,15.0,155.7830868411073,52.18981628140442,3501,5974,459.7733289921326,264.01119463169306,793.8045236238256
fish4,5480,274.0,20.0,20.0,61.25,19.965624360684536,8.585060915199731,15.0,155.7830868411073,52.18981628140442,3339,5952,458.2934634867348,265.8632519233597,790.9367154100944
fish4,5516,275.8,20.0,20.0,61.25,19.965624360684536,8.585060915199731,15.0,155.7830868411073,52.18981628140442,3290,5968,454.0305985230999,265.58843729231097,785.4190358154108
fish4,5556,277.8,20.0,20.0,61.25,19.965624360684536,8.585060915199731,15.0,155.7830868411073,52.18981628140442,3456,6477,458.4503079359077,264.73640617875,792.3067141146577
fish4,5585,279.25,20.0,20.0,61.25,19.965624360684536,8.585060915199731,15.0,155.7830868411073,52.18981628140442,3295,5907,447.7134416630309,263.8326040954166,777.4460457584474
fish4,5622,281.1,20.0,20.0,61.25,19.965624360684536,8.585060915199731,15.0,155.7830868411073,52.18981628140442,3291,6809,460.2373956216695,261.0516142245822,787.1090098462518
fish4,5678,283.9,20.0,20.0,61.25,19.965624360684536,8.585060915199731,15.0,155.7830868411073,52.18981628140442,3488,6656,457.7906335934487,262.93847299744294,790.4891065908917
fish4,5681,284.05,20.0,20.0,61.25,19.965624360684536,8.585060915199731,15.0,155.7830868411073,52.18981628140442,3658,6555,457.77267787662095,262.7998727370262,793.732550613647
fish4,5720,286.0,20.0,20.0,61.25,19.965624360684536,8.585060915199731,15.0,155.7830868411073,52.18981628140442,3127,6184,462.68911885803607,262.61077132406234,787.8398901820983
fish4,5778,288.9,20.0,20.0,61.25,19.965624360684536,8.585060915199731,15.0,155.7830868411073,52.18981628140442,3369,7977,442.7521788167317,261.7050716074202,771.8372504241519
fish4,5788,289.4,20.0,20.0,61.25,19.965624360684536,8.585060915199731,15.0,155.7830868411073,52.18981628140442,3565,8174,442.7628428719792,261.7097330657535,775.7725759377327
fish4,5823,291.15,20.0,20.0,61.25,19.965624360684536,8.585060915199731,15.0,155.7830868411073,52.18981628140442,3242,4138,451.78556405519095,259.3476463538169,775.973210409008
fish4,5852,292.6,20.0,20.0,61.25,19.965624360684536,8.585060915199731,15.0,155.7830868411073,52.18981628140442,3696,3346,448.5222569335937,263.06366860960856,785.5059255432022
fish4,5959,297.95,20.0,20.0,61.25,19.965624360684536,8.585060915199731,15.0,155.7830868411073,52.18981628140442,3344,7086,454.2706987847035,261.6636523433686,782.8143511280721
fish4,5965,298.25,20.0,20.0,61.25,19.965624360684536,8.585060915199731,15.0,155.7830868411073,52.18981628140442,3370,6751,454.2579079860357,261.667884114202,783.3257921002377
fish4,6020,301.0,20.0,20.0,61.25,19.965624360684536,8.585060915199731,15.0,155.7830868411073,52.18981628140442,2959,5606,455.7914539440579,259.83119109276663,774.8026450368244
fish4,6034,301.7,20.0,20.0,61.25,19.965624360684536,8.585060915199731,15.0,155.7830868411073,52.18981628140442,2838,5259,455.814127555169,259.8018551552667,772.3759827104357
fish4,6067,303.35,20.0,20.0,61.25,19.965624360684536,8.585060915199731,15.0,155.7830868411073,52.18981628140442,2815,4272,453.7229034758203,260.31752928075787,770.3404327565781
fish4,6147,307.35,20.0,20.0,61.25,19.965624360684536,8.585060915199731,15.0,155.7830868411073,52.18981628140442,2834,8777,453.2872417073378,260.3589746037696,770.3262163111073
fish4,6157,307.85,20.0,20.0,61.25,19.965624360684536,8.585060915199731,15.0,155.7830868411073,52.18981628140442,2935,8752,452.9549736592609,262.0149511662695,773.6699248255304
fish4,6193,309.65,20.0,20.0,61.25,19.965624360684536,8.585060915199731,15.0,155.7830868411073,52.18981628140442,3786,9547,451.78255525563566,261.6041308478355,789.1066861034712
fish4,6222,311.1,20.0,20.0,61.25,19.965624360684536,8.585060915199731,15.0,155.7830868411073,52.18981628140442,3883,12581,467.0262933518399,260.1599739034017,804.8462672552416
fish4,6284,314.2,20.0,20.0,61.25,19.965624360684536,8.585060915199731,15.0,155.7830868411073,52.18981628140442,4092,14226,461.5386542604045,257.2414322779337,800.6200865383382
fish4,6351,317.55,20.0,20.0,61.25,19.965624360684536,8.585060915199731,15.0,155.7830868411073,52.18981628140442,3652,11540,462.42257811889607,256.85888994190435,792.3214680608004
fish4,6355,317.75,20.0,20.0,61.25,19.965624360684536,8.585060915199731,15.0,155.7830868411073,52.18981628140442,3654,11469,462.3965668370942,256.6303417648211,792.1069086019153
fish4,6440,322.0,20.0,20.0,61.25,19.965624360684536,8.585060915199731,15.0,155.7830868411073,52.18981628140442,3222,14623,448.6544444425606,259.2846907373959,772.3791351799566
fish4,6456,322.8,20.0,20.0,61.25,19.965624360684536,8.585060915199731,15.0,155.7830868411073,52.18981628140442,3266,13682,448.9692751530965,266.6129816331228,780.9022567862193
fish4,6499,324.95,20.0,20.0,61.25,19.965624360684536,8.585060915199731,15.0,155.7830868411073,52.18981628140442,3587,9366,448.36143662017065,266.4251301471286,786.5265667672993
fish4,6515,325.75,20.0,20.0,61.25,19.965624360684536,8.585060915199731,15.0,155.7830868411073,52.18981628140442,3765,7305,448.39729586435953,266.3601822238498,790.0574780882093
fish4,6548,327.4,20.0,20.0,61.25,19.965624360684536,8.585060915199731,15.0,155.7830868411073,52.18981628140442,4234,4518,451.4075942898221,268.0118684742821,804.0994627641041
fish4,6624,331.2,20.0,20.0,61.25,19.965624360684536,8.585060915199731,15.0,155.7830868411073,52.18981628140442,3948,3315,464.1391101818508,265.9437921963904,809.0429023782413
fish4,6628,331.4,20.0,20.0,61.25,19.965624360684536,8.585060915199731,15.0,155.7830868411073,52.18981628140442,4021,3343,464.0335502922905,265.9445864672237,810.3981367595142
fish4,6662,333.1,20.0,20.0,61.25,19.965624360684536,8.585060915199731,15.0,155.7830868411073,52.18981628140442,4387,4229,468.7157245772563,270.4281280445416,826.8838526217979
fish4,6734,336.7,20.0,20.0,61.25,19.965624360684536,8.585060915199731,15.0,155.7830868411073,52.18981628140442,3361,7311,471.9638454691568,268.3952733967676,807.5791188659244
fish4,6744,337.2,20.0,20.0,61.25,19.965624360684536,8.585060915199731,15.0,155.7830868411073,52.18981628140442,3177,7222,468.6645225329742,268.04833329260083,800.252855825575
fish4,6790,339.5,20.0,20.0,61.25,19.965624360684536,8.585060915199731,15.0,155.7830868411073,52.18981628140442,2738,7440,453.4395615369821,266.8913345294528,775.0908960664349
fish4,6846,342.3,20.0,20.0,61.25,19.965624360684536,8.585060915199731,15.0,155.7830868411073,52.18981628140442,2521,7746,462.96745208693136,266.82344724603234,780.2108993329637
fish4,6855,342.75,20.0,20.0,61.25,19.965624360684536,8.585060915199731,15.0,155.7830868411073,52.18981628140442,2600,7943,463.1726562101389,263.1557160267725,778.3283722369115
fish4,6881,344.05,20.0,20.0,61.25,19.965624360684536,8.585060915199731,15.0,155.7830868411073,52.18981628140442,3259,9051,463.768875865776,260.1689484799598,789.1178243457357
fish4,6988,349.4,20.0,20.0,61.25,19.965624360684536,8.585060915199731,15.0,155.7830868411073,52.18981628140442,3683,9010,455.3115534606935,258.9430240872596,787.9145775479531
fish4,7032,351.6,20.0,20.0,61.25,19.965624360684536,8.585060915199731,15.0,155.7830868411073,52.18981628140442,3688,6731,457.9236282359183,262.49810861154134,794.1817368474597
fish4,7062,353.1,20.0,20.0,61.25,19.965624360684536,8.585060915199731,15.0,155.7830868411073,52.18981628140442,3420,3909,460.079522536214,266.16611316663943,794.6456357028534
fish4,7068,353.4,20.0,20.0,61.25,19.965624360684536,8.585060915199731,15.0,155.7830868411073,52.18981628140442,3493,3918,460.1541536200441,266.17453115637034,796.1886847764144
fish4,7103,355.15,20.0,20.0,61.25,19.965624360684536,8.585060915199731,15.0,155.7830868411073,52.18981628140442,3811,1632,453.7597612235176,263.91260386759444,793.892365091112
fish4,7350,367.5,20.0,20.0,61.25,19.965624360684536,8.585060915199731,15.0,155.7830868411073,52.18981628140442,3684,13076,458.9311500890473,238.9056575520409,771.5168076410882
fish4,7369,368.45,20.0,20.0,61.25,19.965624360684536,8.585060915199731,15.0,155.7830868411073,52.18981628140442,3609,15287,459.0976735134549,247.96415687559968,779.2418303890545
fish4,7525,376.25,20.0,20.0,61.25,19.965624360684536,8.585060915199731,15.0,155.7830868411073,52.18981628140442,4703,2515,463.9658979246352,263.66484374283687,821.6907416674721
fish4,7602,380.1,20.0,20.0,61.25,19.965624360684536,8.585060915199731,15.0,155.7830868411073,52.18981628140442,3918,2609,451.763089783393,261.0699186185095,791.1930084019026
fish4,7642,382.1,20.0,20.0,61.25,19.965624360684536,8.585060915199731,15.0,155.7830868411073,52.18981628140442,3893,2570,445.92344128943546,262.65611002425084,786.4395513136864
fish4,7675,383.75,20.0,20.0,61.25,19.965624360684536,8.585060915199731,15.0,155.7830868411073,52.18981628140442,3939,3482,447.45756075115446,261.5420279942725,787.779588745427
fish4,7684,384.2,20.0,20.0,61.25,19.965624360684536,8.585060915199731,15.0,155.7830868411073,52.18981628140442,3950,3469,446.2685676955988,266.1661425778601,791.4347102734589
fish4,8269,413.45,20.0,20.0,61.25,19.965624360684536,8.585060915199731,15.0,155.7830868411073,52.18981628140442,4047,4605,449.9629687029049,264.61088532697886,795.5138540298838
fish4,8302,415.1,20.0,20.0,61.25,19.965624360684536,8.585060915199731,15.0,155.7830868411073,52.18981628140442,3515,5585,451.36168828846496,267.22139971516924,788.8830880036342
fish4,8324,416.2,20.0,20.0,61.25,19.965624360684536,8.585060915199731,15.0,155.7830868411073,52.18981628140442,3424,5715,454.3643792227098,266.8797102686458,789.7240894913557
fish4,8344,417.2,20.0,20.0,61.25,19.965624360684536,8.585060915199731,15.0,155.7830868411073,52.18981628140442,3407,5742,450.0693054349923,266.4590657390912,784.6683711740835
fish4,8374,418.7,20.0,20.0,61.25,19.965624360684536,8.585060915199731,15.0,155.7830868411073,52.18981628140442,3362,5726,454.1236759209339,263.4179035637749,784.7815794847088
fish4,8440,422.0,20.0,20.0,61.25,19.965624360684536,8.585060915199731,15.0,155.7830868411073,52.18981628140442,3381,5267,454.8702603768054,262.3448307291242,784.8350911059296
fish4,8443,422.15,20.0,20.0,61.25,19.965624360684536,8.585060915199731,15.0,155.7830868411073,52.18981628140442,3369,5267,454.8205381545832,265.50272786454093,787.703266019124
fish4,8490,424.5,20.0,20.0,61.25,19.965624360684536,8.585060915199731,15.0,155.7830868411073,52.18981628140442,3424,5129,450.5358593532232,264.69005200856526,783.7059113617885
fish4,8541,427.05,20.0,20.0,61.25,19.965624360684536,8.585060915199731,15.0,155.7830868411073,52.18981628140442,3682,4690,459.5959982547713,262.5607942301008,795.7967924848721
fish4,8559,427.95,20.0,20.0,61.25,19.965624360684536,8.585060915199731,15.0,155.7830868411073,52.18981628140442,3705,4559,453.30083766681065,262.1551204424435,789.5559581092542
fish4,8587,429.35,20.0,20.0,61.25,19.965624360684536,8.585060915199731,15.0,155.7830868411073,52.18981628140442,3707,5559,437.505568574863,262.111428940826,773.756997515689
fish4,8636,431.8,20.0,20.0,61.25,19.965624360684536,8.585060915199731,15.0,155.7830868411073,52.18981628140442,4054,7121,446.6952777505758,257.8675748695267,785.6428526201026
fish5,0,0.0,20.0,20.0,27.36,47.61140141322681,12.94373402856143,4.933333333333334,405.61243837694343,108.82914037613189,2072,7215,428.0301385705265,239.30010407303692,708.7702426435635
fish5,27,1.35,20.0,20.0,27.36,47.61140141322681,12.94373402856143,4.933333333333334,405.61243837694343,108.82914037613189,2032,5942,434.36293367935,239.92458320041223,714.9275168797623
fish5,50,2.5,20.0,20.0,27.36,47.61140141322681,12.94373402856143,4.933333333333334,405.61243837694343,108.82914037613189,1988,4363,437.1898175877703,243.74637038624024,720.6961879740105
fish5,73,3.65,20.0,20.0,27.36,47.61140141322681,12.94373402856143,4.933333333333334,405.61243837694343,108.82914037613189,2178,3293,427.17345046791735,249.88104812215164,720.6144985900689
fish5,89,4.45,20.0,20.0,27.36,47.61140141322681,12.94373402856143,4.933333333333334,405.61243837694343,108.82914037613189,2394,3408,429.3845485079542,249.34915685898468,726.6137053669389
fish5,105,5.25,20.0,20.0,27.36,47.61140141322681,12.94373402856143,4.933333333333334,405.61243837694343,108.82914037613189,2455,3553,434.3123695112816,256.0055793373955,739.4179488486772
fish5,129,6.45,20.0,20.0,27.36,47.61140141322681,12.94373402856143,4.933333333333334,405.61243837694343,108.82914037613189,2997,2858,427.4209591117011,251.5814679908646,738.9424271025657
fish5,147,7.35,20.0,20.0,27.36,47.61140141322681,12.94373402856143,4.933333333333334,405.61243837694343,108.82914037613189,3247,1434,437.1083593385296,255.6266600544824,757.675019393012
fish5,166,8.3,20.0,20.0,27.36,47.61140141322681,12.94373402856143,4.933333333333334,405.61243837694343,108.82914037613189,3449,818,430.3962584921755,256.2900227762751,755.6662812684506
fish5,184,9.2,20.0,20.0,27.36,47.61140141322681,12.94373402856143,4.933333333333334,405.61243837694343,108.82914037613189,3618,626,440.1282896121931,254.0726106662326,766.5609002784257
fish5,203,10.15,20.0,20.0,27.36,47.61140141322681,12.94373402856143,4.933333333333334,405.61243837694343,108.82914037613189,3418,773,435.0017835691664,257.0652180755509,760.4270016447173
fish5,213,10.65,20.0,20.0,27.36,47.61140141322681,12.94373402856143,4.933333333333334,405.61243837694343,108.82914037613189,3333,931,434.18998236762144,257.0382258880509,757.8882082556723
fish5,239,11.95,20.0,20.0,27.36,47.61140141322681,12.94373402856143,4.933333333333334,405.61243837694343,108.82914037613189,3372,1303,441.5780768608753,256.31448239846753,765.3325592593428
fish5,254,12.7,20.0,20.0,27.36,47.61140141322681,12.94373402856143,4.933333333333334,405.61243837694343,108.82914037613189,3471,1587,451.011085060327,252.78143874715173,773.2125238074788
fish5,277,13.85,20.0,20.0,27.36,47.61140141322681,12.94373402856143,4.933333333333334,405.61243837694343,108.82914037613189,2973,1972,448.2760676865565,256.4568619384342,764.1929296249907
fish5,295,14.75,20.0,20.0,27.36,47.61140141322681,12.94373402856143,4.933333333333334,405.61243837694343,108.82914037613189,2295,1912,447.0261718477978,255.03984372350897,747.9660155713067
fish5,305,15.25,20.0,20.0,27.36,47.61140141322681,12.94373402856143,4.933333333333334,405.61243837694343,108.82914037613189,1982,2159,447.3899392213421,258.05870760929326,745.0886468306354
fish5,317,15.85,20.0,20.0,27.36,47.61140141322681,12.94373402856143,4.933333333333334,405.61243837694343,108.82914037613189,1956,1992,439.72826821106327,258.1567577341291,737.0050259451924
fish5,335,16.75,20.0,20.0,27.36,47.61140141322681,12.94373402856143,4.933333333333334,405.61243837694343,108.82914037613189,2104,2407,439.534848058611,253.25543288310368,734.8702809417147
fish5,352,17.6,20.0,20.0,27.36,47.61140141322681,12.94373402856143,4.933333333333334,405.61243837694343,108.82914037613189,2064,2256,451.0623480586111,257.06012041065424,749.4024684692653
fish5,386,19.3,20.0,20.0,27.36,47.61140141322681,12.94373402856143,4.933333333333334,405.61243837694343,108.82914037613189,1382,1616,446.83492620697024,254.85257142995204,729.3274976369222
fish5,401,20.05,20.0,20.0,27.36,47.61140141322681,12.94373402856143,4.933333333333334,405.61243837694343,108.82914037613189,1351,1237,435.262508674452,257.28838213805085,719.5708908125027
fish5,425,21.25,20.0,20.0,27.36,47.61140141322681,12.94373402856143,4.933333333333334,405.61243837694343,108.82914037613189,1918,592,444.3979079833984,257.0337564747705,739.7916644581688
fish5,427,21.35,20.0,20.0,27.36,47.61140141322681,12.94373402856143,4.933333333333334,405.61243837694343,108.82914037613189,1964,713,444.3903341896151,257.03135413102046,740.7016883206355
fish5,444,22.2,20.0,20.0,27.36,47.61140141322681,12.94373402856143,4.933333333333334,405.61243837694343,108.82914037613189,2149,1803,443.4638454824187,254.8597688433224,741.3036143257411
fish5,463,23.15,20.0,20.0,27.36,47.61140141322681,12.94373402856143,4.933333333333334,405.61243837694343,108.82914037613189,2894,4742,445.5243141589508,258.7725292404068,762.1768433993576
fish5,493,24.65,20.0,20.0,27.36,47.61140141322681,12.94373402856143,4.933333333333334,405.61243837694343,108.82914037613189,2438,5461,444.4644791032956,258.04205392836474,751.2665330316604
fish5,543,27.15,20.0,20.0,27.36,47.61140141322681,12.94373402856143,4.933333333333334,405.61243837694343,108.82914037613189,2584,738,443.873914921438,254.30283507579168,749.8567499972296
fish5,909,45.45,20.0,20.0,27.36,47.61140141322681,12.94373402856143,4.933333333333334,405.61243837694343,108.82914037613189,3506,351,445.8310112357246,250.43254231303533,766.3835535487599
fish5,1023,51.15,20.0,20.0,27.36,47.61140141322681,12.94373402856143,4.933333333333334,405.61243837694343,108.82914037613189,9250,1755,426.1739756473496,244.8576171385023,856.0315927858519
fish5,1042,52.1,20.0,20.0,27.36,47.61140141322681,12.94373402856143,4.933333333333334,405.61243837694343,108.82914037613189,3599,1530,426.6079513017819,242.6267152132564,741.2146665150383
fish5,1060,53.0,20.0,20.0,27.36,47.61140141322681,12.94373402856143,4.933333333333334,405.61243837694343,108.82914037613189,2922,2160,443.135494782549,247.34561518960533,748.9211099721545
fish5,1079,53.95,20.0,20.0,27.36,47.61140141322681,12.94373402856143,4.933333333333334,405.61243837694343,108.82914037613189,2866,2377,446.7219183880087,247.2837532183223,751.3256716063311
fish5,1089,54.45,20.0,20.0,27.36,47.61140141322681,12.94373402856143,4.933333333333334,405.61243837694343,108.82914037613189,2904,2495,446.7035677035109,246.5347525709364,751.3183202744473
fish5,1100,55.0,20.0,20.0,27.36,47.61140141322681,12.94373402856143,4.933333333333334,405.61243837694343,108.82914037613189,2747,4609,452.8458157986112,245.80994789615207,753.5957636947633
fish5,1472,73.6,20.0,20.0,27.36,47.61140141322681,12.94373402856143,4.933333333333334,405.61243837694343,108.82914037613189,3546,428,438.69710935804574,251.29291663343653,760.9100259914823
fish5,1486,74.3,20.0,20.0,27.36,47.61140141322681,12.94373402856143,4.933333333333334,405.61243837694343,108.82914037613189,3505,419,441.9351085037608,250.1388313526473,762.1739398564081
fish5,1711,85.55,20.0,20.0,27.36,47.61140141322681,12.94373402856143,4.933333333333334,405.61243837694343,108.82914037613189,4001,619,437.3918920228558,248.02582029198533,765.4377123148412
fish5,1719,85.95,20.0,20.0,27.36,47.61140141322681,12.94373402856143,4.933333333333334,405.61243837694343,108.82914037613189,5305,652,430.7717356288581,248.01466794823529,784.8864035770933
fish5,1741,87.05,20.0,20.0,27.36,47.61140141322681,12.94373402856143,4.933333333333334,405.61243837694343,108.82914037613189,6271,566,439.55288162608207,246.4894400836521,811.4623217097342
fish5,1761,88.05,20.0,20.0,27.36,47.61140141322681,12.94373402856143,4.933333333333334,405.61243837694343,108.82914037613189,6079,582,441.0255555156944,247.0108593739404,809.6164148896347
fish5,1780,89.0,20.0,20.0,27.36,47.61140141322681,12.94373402856143,4.933333333333334,405.61243837694343,108.82914037613189,5609,665,439.3720137800805,247.1824999979231,798.7345137780037
fish5,1836,91.8,20.0,20.0,27.36,47.61140141322681,12.94373402856143,4.933333333333334,405.61243837694343,108.82914037613189,4459,1393,439.3768879032653,249.0729816850027,777.6298695882679
fish5,1848,92.4,20.0,20.0,27.36,47.61140141322681,12.94373402856143,4.933333333333334,405.61243837694343,108.82914037613189,4091,3651,439.9285025037789,246.15463540835907,767.903137912138
fish5,2040,102.0,20.0,20.0,27.36,47.61140141322681,12.94373402856143,4.933333333333334,405.61243837694343,108.82914037613189,3546,7889,442.9131987831964,246.27937825138304,760.1125770345794
fish5,2056,102.8,20.0,20.0,27.36,47.61140141322681,12.94373402856143,4.933333333333334,405.61243837694343,108.82914037613189,3405,7665,443.9763496186997,245.6505826525264,757.7269322712261
fish5,2074,103.7,20.0,20.0,27.36,47.61140141322681,12.94373402856143,4.933333333333334,405.61243837694343,108.82914037613189,3973,7781,439.3544920028687,248.71333004835984,767.5278220512286
fish5,2147,107.35,20.0,20.0,27.36,47.61140141322681,12.94373402856143,4.933333333333334,405.61243837694343,108.82914037613189,3566,7792,449.1276692653892,247.6321093748306,768.0797786402198
fish5,2177,108.85,20.0,20.0,27.36,47.61140141322681,12.94373402856143,4.933333333333334,405.61243837694343,108.82914037613189,3558,7030,447.7819704800076,249.3244889161745,768.2664593961821
fish5,2195,109.75,20.0,20.0,27.36,47.61140141322681,12.94373402856143,4.933333333333334,405.61243837694343,108.82914037613189,3350,6823,446.9495789812819,248.31665037450787,762.2662293557897
fish5,2588,129.4,20.0,20.0,27.36,47.61140141322681,12.94373402856143,4.933333333333334,405.61243837694343,108.82914037613189,2732,263,444.5992316591428,251.49949868261544,750.7387303417582
fish5,2601,130.05,20.0,20.0,27.36,47.61140141322681,12.94373402856143,4.933333333333334,405.61243837694343,108.82914037613189,2483,1071,443.2946307124198,248.3528938784176,741.3075245908374
fish5,2616,130.8,20.0,20.0,27.36,47.61140141322681,12.94373402856143,4.933333333333334,405.61243837694343,108.82914037613189,3043,678,442.40988668250577,249.80167635208767,753.0715630345934
fish5,2673,133.65,20.0,20.0,27.36,47.61140141322681,12.94373402856143,4.933333333333334,405.61243837694343,108.82914037613189,2739,1003,435.6027429921846,250.8201496378157,741.2028926300002
fish5,2681,134.05,20.0,20.0,27.36,47.61140141322681,12.94373402856143,4.933333333333334,405.61243837694343,108.82914037613189,3679,1186,440.07242616236175,250.8402993462457,764.4927255086075
fish5,2700,135.0,20.0,20.0,27.36,47.61140141322681,12.94373402856143,4.933333333333334,405.61243837694343,108.82914037613189,3601,965,445.3449217483332,245.43412754923503,762.7990492975682
fish5,2712,135.6,20.0,20.0,27.36,47.61140141322681,12.94373402856143,4.933333333333334,405.61243837694343,108.82914037613189,4730,967,443.0212801897778,247.30258458048505,784.9238647702629
fish5,2746,137.3,20.0,20.0,27.36,47.61140141322681,12.94373402856143,4.933333333333334,405.61243837694343,108.82914037613189,4989,605,441.6136798170301,246.76544866790763,788.1591284849377
fish5,2845,142.25,20.0,20.0,27.36,47.61140141322681,12.94373402856143,4.933333333333334,405.61243837694343,108.82914037613189,2592,531,441.2560892736177,252.50254226725903,745.5986315408768
fish5,2860,143.0,20.0,20.0,27.36,47.61140141322681,12.94373402856143,4.933333333333334,405.61243837694343,108.82914037613189,2613,1101,438.9254815709808,247.41955403619343,738.6050356071743
fish5,2870,143.5,20.0,20.0,27.36,47.61140141322681,12.94373402856143,4.933333333333334,405.61243837694343,108.82914037613189,2608,1962,438.2241144440074,251.3205989430321,741.7047133870395
fish5,3403,170.15,20.0,20.0,27.36,47.61140141322681,12.94373402856143,4.933333333333334,405.61243837694343,108.82914037613189,3911,311,430.6007291605632,254.2226366982354,763.0433658587986
fish5,3412,170.6,20.0,20.0,27.36,47.61140141322681,12.94373402856143,4.933333333333334,405.61243837694343,108.82914037613189,4812,311,430.04503472214685,254.81921872948536,781.1042534516323
fish5,3490,174.5,20.0,20.0,27.36,47.61140141322681,12.94373402856143,4.933333333333334,405.61243837694343,108.82914037613189,6130,668,434.8923219250149,253.8885741475,811.3808960725149
fish5,3506,175.3,20.0,20.0,27.36,47.61140141322681,12.94373402856143,4.933333333333334,405.61243837694343,108.82914037613189,6333,2851,439.2607161443073,251.17809892018627,817.0988150644936
fish5,3510,175.5,20.0,20.0,27.36,47.61140141322681,12.94373402856143,4.933333333333334,405.61243837694343,108.82914037613189,6709,2714,438.953906235231,251.1887434488508,824.3226496840819
fish5,3545,177.25,20.0,20.0,27.36,47.61140141322681,12.94373402856143,4.933333333333334,405.61243837694343,108.82914037613189,7782,1448,439.0293879460653,249.69050758662743,844.3598955326927
fish5,3548,177.4,20.0,20.0,27.36,47.61140141322681,12.94373402856143,4.933333333333334,405.61243837694343,108.82914037613189,8251,408,442.6019398550341,248.41041011284727,856.0323499678814
fish5,3565,178.25,20.0,20.0,27.36,47.61140141322681,12.94373402856143,4.933333333333334,405.61243837694343,108.82914037613189,8437,408,434.712030880775,248.0407551649305,851.4927860457055
fish5,3601,180.05,20.0,20.0,27.36,47.61140141322681,12.94373402856143,4.933333333333334,405.61243837694343,108.82914037613189,8398,697,414.1332757604339,247.1616210116916,829.2548967721256
fish5,3606,180.3,20.0,20.0,27.36,47.61140141322681,12.94373402856143,4.933333333333334,405.61243837694343,108.82914037613189,8249,693,412.87717357567686,247.5395767408583,825.3967503165352
fish5,3637,181.85,20.0,20.0,27.36,47.61140141322681,12.94373402856143,4.933333333333334,405.61243837694343,108.82914037613189,8117,536,424.9830115692515,247.3791470533583,834.7021586226099
fish5,3644,182.2,20.0,20.0,27.36,47.61140141322681,12.94373402856143,4.933333333333334,405.61243837694343,108.82914037613189,8107,536,422.8701294993459,247.39044262627505,832.4005721256209
fish5,3674,183.7,20.0,20.0,27.36,47.61140141322681,12.94373402856143,4.933333333333334,405.61243837694343,108.82914037613189,8501,330,417.8839320020133,249.28886389023464,837.1927958922479
fish5,3692,184.6,20.0,20.0,27.36,47.61140141322681,12.94373402856143,4.933333333333334,405.61243837694343,108.82914037613189,8334,308,420.4331159068166,247.8712532131513,834.984369119968
fish5,3707,185.35,20.0,20.0,27.36,47.61140141322681,12.94373402856143,4.933333333333334,405.61243837694343,108.82914037613189,8170,584,425.8129553651974,252.43647459486843,841.6494299600658
fish5,3731,186.55,20.0,20.0,27.36,47.61140141322681,12.94373402856143,4.933333333333334,405.61243837694343,108.82914037613189,8070,572,419.5888102322049,248.1998274734392,829.188637705644
fish5,3733,186.65,20.0,20.0,27.36,47.61140141322681,12.94373402856143,4.933333333333334,405.61243837694343,108.82914037613189,8144,536,419.5175124828008,248.25743488629652,830.6549473690974
fish5,3805,190.25,20.0,20.0,27.36,47.61140141322681,12.94373402856143,4.933333333333334,405.61243837694343,108.82914037613189,2868,216,429.6471829018488,254.2434179253472,741.250600827196
fish5,3835,191.75,20.0,20.0,27.36,47.61140141322681,12.94373402856143,4.933333333333334,405.61243837694343,108.82914037613189,2886,216,437.22861950201343,253.59478513573544,748.5434046377488
fish5,3839,191.95,20.0,20.0,27.36,47.61140141322681,12.94373402856143,4.933333333333334,405.61243837694343,108.82914037613189,2895,306,436.8727904450405,253.703105444336,748.4758958893765
fish5,3921,196.05,20.0,20.0,27.36,47.61140141322681,12.94373402856143,4.933333333333334,405.61243837694343,108.82914037613189,3148,671,429.57753887786873,252.0906053710939,744.6281442489626
fish5,3924,196.2,20.0,20.0,27.36,47.61140141322681,12.94373402856143,4.933333333333334,405.61243837694343,108.82914037613189,3171,567,429.6489407274034,252.30098945041232,745.3699301778157
fish5,3960,198.0,20.0,20.0,27.36,47.61140141322681,12.94373402856143,4.933333333333334,405.61243837694343,108.82914037613189,3919,3156,443.0581507612817,251.4773470028241,772.9154977641058
fish5,3967,198.35,20.0,20.0,27.36,47.61140141322681,12.94373402856143,4.933333333333334,405.61243837694343,108.82914037613189,4547,1729,437.7602211841536,251.88975585554968,780.5899770397032
fish5,4106,205.3,20.0,20.0,27.36,47.61140141322681,12.94373402856143,4.933333333333334,405.61243837694343,108.82914037613189,3866,1095,444.3057759896549,246.6960079324934,768.3217839221483
fish5,4116,205.8,20.0,20.0,27.36,47.61140141322681,12.94373402856143,4.933333333333334,405.61243837694343,108.82914037613189,4774,417,443.576180546438,246.64322491276,785.699405459198
fish5,4163,208.15,20.0,20.0,27.36,47.61140141322681,12.94373402856143,4.933333333333334,405.61243837694343,108.82914037613189,3490,744,416.74609767205504,249.55887690267565,736.1049745747307
fish5,4644,232.2,20.0,20.0,27.36,47.61140141322681,12.94373402856143,4.933333333333334,405.61243837694343,108.82914037613189,1573,781,426.030502848232,253.12575845793623,710.6162613061682
fish5,4648,232.4,20.0,20.0,27.36,47.61140141322681,12.94373402856143,4.933333333333334,405.61243837694343,108.82914037613189,1885,1263,436.2574779240927,248.36360675710048,722.3210846811933
fish5,4682,234.1,20.0,20.0,27.36,47.61140141322681,12.94373402856143,4.933333333333334,405.61243837694343,108.82914037613189,1429,1793,424.59120652006175,253.58559238009985,706.7567989001617
fish5,4684,234.2,20.0,20.0,27.36,47.61140141322681,12.94373402856143,4.933333333333334,405.61243837694343,108.82914037613189,1471,2619,426.7926736019936,253.6719139946832,709.8845875966767
fish5,4871,243.55,20.0,20.0,27.36,47.61140141322681,12.94373402856143,4.933333333333334,405.61243837694343,108.82914037613189,2337,6754,414.84686631334097,236.66656884218852,698.2534351555296
fish5,4877,243.85,20.0,20.0,27.36,47.61140141322681,12.94373402856143,4.933333333333334,405.61243837694343,108.82914037613189,2413,6437,414.6927213536957,236.7359438727061,699.6886652264018
fish5,4912,245.6,20.0,20.0,27.36,47.61140141322681,12.94373402856143,4.933333333333334,405.61243837694343,108.82914037613189,2098,7095,417.59122364969136,241.588779259989,701.1400029096803
fish5,4923,246.15,20.0,20.0,27.36,47.61140141322681,12.94373402856143,4.933333333333334,405.61243837694343,108.82914037613189,2193,7231,410.8455249068461,239.9653255021413,694.6708504089873
fish5,4935,246.75,20.0,20.0,27.36,47.61140141322681,12.94373402856143,4.933333333333334,405.61243837694343,108.82914037613189,2428,7317,411.24876273583305,236.84674476076768,696.6555074966006
fish5,4959,247.95,20.0,20.0,27.36,47.61140141322681,12.94373402856143,4.933333333333334,405.61243837694343,108.82914037613189,1878,7715,420.1241273374015,241.8729557291244,699.5570830665258
fish5,4978,248.9,20.0,20.0,27.36,47.61140141322681,12.94373402856143,4.933333333333334,405.61243837694343,108.82914037613189,1788,6061,414.1759586375861,246.84668618960907,696.7826448271952
fish5,4998,249.9,20.0,20.0,27.36,47.61140141322681,12.94373402856143,4.933333333333334,405.61243837694343,108.82914037613189,1733,7340,436.362789975748,250.68373371623355,721.7065236919815
fish5,5026,251.3,20.0,20.0,27.36,47.61140141322681,12.94373402856143,4.933333333333334,405.61243837694343,108.82914037613189,2048,3591,429.3590401814589,251.70845703057188,722.0274972120308
fish5,5045,252.25,20.0,20.0,27.36,47.61140141322681,12.94373402856143,4.933333333333334,405.61243837694343,108.82914037613189,1757,2049,429.0274603066337,251.3734048731486,715.5408651797823
fish5,5063,253.15,20.0,20.0,27.36,47.61140141322681,12.94373402856143,4.933333333333334,405.61243837694343,108.82914037613189,1574,1347,426.090768208652,250.46711262002523,708.0378808286773
fish5,5065,253.25,20.0,20.0,27.36,47.61140141322681,12.94373402856143,4.933333333333334,405.61243837694343,108.82914037613189,1596,1245,425.9131857563535,250.46827473805743,708.3014604944109
fish5,5281,264.05,20.0,20.0,27.36,47.61140141322681,12.94373402856143,4.933333333333334,405.61243837694343,108.82914037613189,8867,260,423.7992351318358,254.4665397005612,855.605774832397
fish5,5304,265.2,20.0,20.0,27.36,47.61140141322681,12.94373402856143,4.933333333333334,405.61243837694343,108.82914037613189,2234,2303,429.9059808695475,251.40839515473047,725.9943760242779
fish5,5460,273.0,20.0,20.0,27.36,47.61140141322681,12.94373402856143,4.933333333333334,405.61243837694343,108.82914037613189,2249,924,429.4766839728461,242.01633788171347,716.4730218545595
fish5,5491,274.55,20.0,20.0,27.36,47.61140141322681,12.94373402856143,4.933333333333334,405.61243837694343,108.82914037613189,3318,311,426.2534026689696,244.3153514841292,736.9287541530988
fish5,5495,274.75,20.0,20.0,27.36,47.61140141322681,12.94373402856143,4.933333333333334,405.61243837694343,108.82914037613189,3267,413,426.3071613190073,244.2499902129173,735.8971515319247
fish5,5511,275.55,20.0,20.0,27.36,47.61140141322681,12.94373402856143,4.933333333333334,405.61243837694343,108.82914037613189,3416,2752,428.9880251735923,245.83359349212648,743.1416186657189
fish5,5949,297.45,20.0,20.0,27.36,47.61140141322681,12.94373402856143,4.933333333333334,405.61243837694343,108.82914037613189,4758,412,428.62770833062064,244.9905142767589,768.7782226073795
fish5,5953,297.65,20.0,20.0,27.36,47.61140141322681,12.94373402856143,4.933333333333334,405.61243837694343,108.82914037613189,6229,263,426.6939798425558,245.2654328831037,796.5394127256595
fish5,6213,310.65,20.0,20.0,27.36,47.61140141322681,12.94373402856143,4.933333333333334,405.61243837694343,108.82914037613189,8743,664,417.74203554504777,252.6813671091292,845.2834026541769
fish5,6232,311.6,20.0,20.0,27.36,47.61140141322681,12.94373402856143,4.933333333333334,405.61243837694343,108.82914037613189,8345,680,426.6612846588512,251.6738050430192,845.2350897018704
fish5,6234,311.7,20.0,20.0,27.36,47.61140141322681,12.94373402856143,4.933333333333334,405.61243837694343,108.82914037613189,8852,678,426.5588106492784,251.5422815461794,855.1410921954578
fish5,6332,316.6,20.0,20.0,27.36,47.61140141322681,12.94373402856143,4.933333333333334,405.61243837694343,108.82914037613189,1815,240,422.0551431174762,253.6585936980777,712.0137368155539
fish5,6346,317.3,20.0,20.0,27.36,47.61140141322681,12.94373402856143,4.933333333333334,405.61243837694343,108.82914037613189,1538,441,429.47277772683975,253.6770377084944,713.9098154353342
fish5,6379,318.95,20.0,20.0,27.36,47.61140141322681,12.94373402856143,4.933333333333334,405.61243837694343,108.82914037613189,1164,495,425.6903991849922,256.4872070025974,705.4576061875896
fish5,6384,319.2,20.0,20.0,27.36,47.61140141322681,12.94373402856143,4.933333333333334,405.61243837694343,108.82914037613189,1239,556,425.75235662824855,256.4750585650973,707.0074151933459
fish5,6403,320.15,20.0,20.0,27.36,47.61140141322681,12.94373402856143,4.933333333333334,405.61243837694343,108.82914037613189,1226,699,432.71766926855406,252.26463214000063,709.5023014085547
fish5,6428,321.4,20.0,20.0,27.36,47.61140141322681,12.94373402856143,4.933333333333334,405.61243837694343,108.82914037613189,1100,1252,426.8861284288194,252.04423501941884,700.9303634482383
fish5,6473,323.65,20.0,20.0,27.36,47.61140141322681,12.94373402856143,4.933333333333334,405.61243837694343,108.82914037613189,7101,3055,434.3229986676062,265.8468259844356,842.1898246520418
fish5,6551,327.55,20.0,20.0,27.36,47.61140141322681,12.94373402856143,4.933333333333334,405.61243837694343,108.82914037613189,1405,231,445.8831901018872,252.768388661692,726.7515787635792
fish5,6688,334.4,20.0,20.0,27.36,47.61140141322681,12.94373402856143,4.933333333333334,405.61243837694343,108.82914037613189,2127,336,431.4177644531061,251.67068921301103,725.6284536661171
fish5,6713,335.65,20.0,20.0,27.36,47.61140141322681,12.94373402856143,4.933333333333334,405.61243837694343,108.82914037613189,1901,4794,431.3336326949321,255.13121744583967,724.4848501407718
fish5,6731,336.55,20.0,20.0,27.36,47.61140141322681,12.94373402856143,4.933333333333334,405.61243837694343,108.82914037613189,1856,626,425.2516492907866,250.72675128835044,713.0984005791371
fish5,6733,336.65,20.0,20.0,27.36,47.61140141322681,12.94373402856143,4.933333333333334,405.61243837694343,108.82914037613189,1529,535,424.8717707561728,250.76728514251712,706.2190558986899
fish5,7101,355.05,20.0,20.0,27.36,47.61140141322681,12.94373402856143,4.933333333333334,405.61243837694343,108.82914037613189,1187,399,435.6126995803644,258.5395571339501,717.8922567143145
fish5,7108,355.4,20.0,20.0,27.36,47.61140141322681,12.94373402856143,4.933333333333334,405.61243837694343,108.82914037613189,1106,388,432.9041579528809,258.54095036311674,713.5651083159977
fish5,7165,358.25,20.0,20.0,27.36,47.61140141322681,12.94373402856143,4.933333333333334,405.61243837694343,108.82914037613189,1123,1413,433.3659633053627,253.05366209919185,708.8796254045545
fish5,7186,359.3,20.0,20.0,27.36,47.61140141322681,12.94373402856143,4.933333333333334,405.61243837694343,108.82914037613189,1153,1640,429.63870630756907,251.79348623647692,704.492192544046
fish5,7197,359.85,20.0,20.0,27.36,47.61140141322681,12.94373402856143,4.933333333333334,405.61243837694343,108.82914037613189,1119,1876,425.3384461371528,244.6042057005141,692.3226518376669
fish5,7224,361.2,20.0,20.0,27.36,47.61140141322681,12.94373402856143,4.933333333333334,405.61243837694343,108.82914037613189,3962,1681,407.0641883499521,246.3923892920176,732.6965776419697
fish5,7225,361.25,20.0,20.0,27.36,47.61140141322681,12.94373402856143,4.933333333333334,405.61243837694343,108.82914037613189,3786,1681,407.0284244560901,246.39264970868427,729.1410741647744
fish5,7244,362.2,20.0,20.0,27.36,47.61140141322681,12.94373402856143,4.933333333333334,405.61243837694343,108.82914037613189,2300,1439,416.35476545138897,245.9339127295177,708.2886781809066
fish5,7264,363.2,20.0,20.0,27.36,47.61140141322681,12.94373402856143,4.933333333333334,405.61243837694343,108.82914037613189,2246,1460,425.1701951352532,246.0580891582807,716.1482842935338
fish5,7281,364.05,20.0,20.0,27.36,47.61140141322681,12.94373402856143,4.933333333333334,405.61243837694343,108.82914037613189,2534,1285,419.0771091126996,248.863694608042,718.6208037207415
fish5,7317,365.85,20.0,20.0,27.36,47.61140141322681,12.94373402856143,4.933333333333334,405.61243837694343,108.82914037613189,2306,316,419.6073480887519,253.0900878817136,718.8174359704655
fish5,7319,365.95,20.0,20.0,27.36,47.61140141322681,12.94373402856143,4.933333333333334,405.61243837694343,108.82914037613189,2241,316,419.6374522560214,253.0949446525468,717.5523969085682
fish5,7625,381.25,20.0,20.0,27.36,47.61140141322681,12.94373402856143,4.933333333333334,405.61243837694343,108.82914037613189,1089,516,423.6474953163994,260.18965818531245,705.6171535017118
fish5,7637,381.85,20.0,20.0,27.36,47.61140141322681,12.94373402856143,4.933333333333334,405.61243837694343,108.82914037613189,1091,675,432.8479078125,259.8024186019791,714.4703264144792
fish5,7662,383.1,20.0,20.0,27.36,47.61140141322681,12.94373402856143,4.933333333333334,405.61243837694343,108.82914037613189,1319,1698,432.92281246013874,253.6215657157792,712.9243781759179
fish5,7680,384.0,20.0,20.0,27.36,47.61140141322681,12.94373402856143,4.933333333333334,405.61243837694343,108.82914037613189,1599,2848,427.960746506001,257.558954947567,717.499701453568
fish5,7696,384.8,20.0,20.0,27.36,47.61140141322681,12.94373402856143,4.933333333333334,405.61243837694343,108.82914037613189,1668,2535,429.81774297839496,256.38994451640446,719.5676874947994
fish5,7717,385.85,20.0,20.0,27.36,47.61140141322681,12.94373402856143,4.933333333333334,405.61243837694343,108.82914037613189,2580,2333,429.19499126850656,250.8650194878473,731.6600107563538
fish5,7718,385.9,20.0,20.0,27.36,47.61140141322681,12.94373402856143,4.933333333333334,405.61243837694343,108.82914037613189,2697,2319,429.12576383795096,250.8652343315973,733.9309981695483
fish5,7759,387.95,20.0,20.0,27.36,47.61140141322681,12.94373402856143,4.933333333333334,405.61243837694343,108.82914037613189,2563,1263,438.18193567158266,251.6733365770021,741.1152722485848
fish5,7777,388.85,20.0,20.0,27.36,47.61140141322681,12.94373402856143,4.933333333333334,405.61243837694343,108.82914037613189,2248,1379,433.6385284898358,250.9844270696004,729.5829555594362
fish5,7790,389.5,20.0,20.0,27.36,47.61140141322681,12.94373402856143,4.933333333333334,405.61243837694343,108.82914037613189,2171,1669,428.9088757676678,250.94532550387905,723.2742012715468
fish5,7814,390.7,20.0,20.0,27.36,47.61140141322681,12.94373402856143,4.933333333333334,405.61243837694343,108.82914037613189,2163,1711,425.1815060447223,250.1390917968644,718.5805978415866
fish5,7932,396.6,20.0,20.0,27.36,47.61140141322681,12.94373402856143,4.933333333333334,405.61243837694343,108.82914037613189,1492,428,415.51419263592,251.70823237142565,697.0624250073457
fish5,7950,397.5,20.0,20.0,27.36,47.61140141322681,12.94373402856143,4.933333333333334,405.61243837694343,108.82914037613189,1352,720,429.367404302225,250.7224640802913,707.1298683825163
fish5,8283,414.15,20.0,20.0,27.36,47.61140141322681,12.94373402856143,4.933333333333334,405.61243837694343,108.82914037613189,1134,381,448.2751692665949,263.57427078717546,734.5294400537703
fish5,8294,414.7,20.0,20.0,27.36,47.61140141322681,12.94373402856143,4.933333333333334,405.61243837694343,108.82914037613189,1194,466,451.5939625310264,262.9361458001031,738.4101083311294
fish5,8397,419.85,20.0,20.0,27.36,47.61140141322681,12.94373402856143,4.933333333333334,405.61243837694343,108.82914037613189,1467,4637,440.0875651026407,251.20301425844823,720.630579361089
fish5,8413,420.65,20.0,20.0,27.36,47.61140141322681,12.94373402856143,4.933333333333334,405.61243837694343,108.82914037613189,2017,667,420.1571006869093,252.852867793772,713.3499684806812
fish5,8512,425.6,20.0,20.0,27.36,47.61140141322681,12.94373402856143,4.933333333333334,405.61243837694343,108.82914037613189,1923,348,425.5914452987669,251.03950512250265,715.0909504212696
fish5,8538,426.9,20.0,20.0,27.36,47.61140141322681,12.94373402856143,4.933333333333334,405.61243837694343,108.82914037613189,1973,433,420.9428124963079,251.0295018691911,711.432314365499
fish5,8552,427.6,20.0,20.0,27.36,47.61140141322681,12.94373402856143,4.933333333333334,405.61243837694343,108.82914037613189,2637,480,432.2886672308839,252.6827441276444,737.7114113585283
fish5,8584,429.2,20.0,20.0,27.36,47.61140141322681,12.94373402856143,4.933333333333334,405.61243837694343,108.82914037613189,2343,703,425.33958286306114,256.4944466111501,728.6940294742113
fish5,8602,430.1,20.0,20.0,27.36,47.61140141322681,12.94373402856143,4.933333333333334,405.61243837694343,108.82914037613189,3309,1513,447.4052213536957,258.03515299240746,771.6203743461033
fish5,8617,430.85,20.0,20.0,27.36,47.61140141322681,12.94373402856143,4.933333333333334,405.61243837694343,108.82914037613189,3657,1512,434.0808072723766,258.93330078108045,766.154108053457
fish5,8633,431.65,20.0,20.0,27.36,47.61140141322681,12.94373402856143,4.933333333333334,405.61243837694343,108.82914037613189,3507,1512,441.8386889826268,259.27874999847404,771.2574389811008
fish5,8752,437.6,20.0,20.0,27.36,47.61140141322681,12.94373402856143,4.933333333333334,405.61243837694343,108.82914037613189,1589,251,446.8619748033122,253.4947818832292,732.1367566865414
fish5,8964,448.2,20.0,20.0,27.36,47.61140141322681,12.94373402856143,4.933333333333334,405.61243837694343,108.82914037613189,664,247,445.08554243975976,260.61174474266903,718.9772871824288
fish5,8965,448.25,20.0,20.0,27.36,47.61140141322681,12.94373402856143,4.933333333333334,405.61243837694343,108.82914037613189,665,247,445.0626691758709,260.612408805169,718.9750779810398
fish5,9075,453.75,20.0,20.0,27.36,47.61140141322681,12.94373402856143,4.933333333333334,405.61243837694343,108.82914037613189,866,245,433.96207031097407,262.8802994435205,714.1623697544946
fish5,9092,454.6,20.0,20.0,27.36,47.61140141322681,12.94373402856143,4.933333333333334,405.61243837694343,108.82914037613189,958,345,437.72502604046105,262.8072330372705,719.6922590777316
fish5,9110,455.5,20.0,20.0,27.36,47.61140141322681,12.94373402856143,4.933333333333334,405.61243837694343,108.82914037613189,1070,523,440.3951691862695,262.37348954260085,724.1686587288704
fish5,9130,456.5,20.0,20.0,27.36,47.61140141322681,12.94373402856143,4.933333333333334,405.61243837694343,108.82914037613189,1093,554,438.8158548855063,264.07998693843416,724.7558418239405
fish5,9135,456.75,20.0,20.0,27.36,47.61140141322681,12.94373402856143,4.933333333333334,405.61243837694343,108.82914037613189,1096,595,432.39781669106185,264.0840494384341,718.4018661294959
fish5,9159,457.95,20.0,20.0,27.36,47.61140141322681,12.94373402856143,4.933333333333334,405.61243837694343,108.82914037613189,974,623,444.1514496515721,261.89423174218064,725.5256813937527
fish5,9186,459.3,20.0,20.0,27.36,47.61140141322681,12.94373402856143,4.933333333333334,405.61243837694343,108.82914037613189,957,660,439.24504340006496,261.5802310467932,719.9652744468581
fish5,9205,460.25,20.0,20.0,27.36,47.61140141322681,12.94373402856143,4.933333333333334,405.61243837694343,108.82914037613189,1018,594,444.9230424501585,261.0049999450684,726.2880423952269
fish5,9219,460.95,20.0,20.0,27.36,47.61140141322681,12.94373402856143,4.933333333333334,405.61243837694343,108.82914037613189,1073,567,430.6734764829094,261.5389061950684,713.6723826779778
fish5,9234,461.7,20.0,20.0,27.36,47.61140141322681,12.94373402856143,4.933333333333334,405.61243837694343,108.82914037613189,1133,613,439.7169399924761,261.5421972027991,723.9191371952752
fish5,9244,462.2,20.0,20.0,27.36,47.61140141322681,12.94373402856143,4.933333333333334,405.61243837694343,108.82914037613189,1175,604,439.7503427521694,261.10855136946583,724.3588941216352
fish5,9261,463.05,20.0,20.0,27.36,47.61140141322681,12.94373402856143,4.933333333333334,405.61243837694343,108.82914037613189,1129,531,443.61305121510816,260.031542944336,726.2245941594441
fish5,9285,464.25,20.0,20.0,27.36,47.61140141322681,12.94373402856143,4.933333333333334,405.61243837694343,108.82914037613189,1128,456,439.5645052083333,264.1233853922526,726.2478906005858
fish5,9303,465.15,20.0,20.0,27.36,47.61140141322681,12.94373402856143,4.933333333333334,405.61243837694343,108.82914037613189,1054,290,443.0209329967922,263.0708691108598,727.1718021076521
fish5,9317,465.85,20.0,20.0,27.36,47.61140141322681,12.94373402856143,4.933333333333334,405.61243837694343,108.82914037613189,1044,407,441.2762281064447,262.1273599962764,724.2835881027211
fish5,9347,467.35,20.0,20.0,27.36,47.61140141322681,12.94373402856143,4.933333333333334,405.61243837694343,108.82914037613189,990,339,437.6664105697631,253.42014968155752,710.8865602513206
fish5,9360,468.0,20.0,20.0,27.36,47.61140141322681,12.94373402856143,4.933333333333334,405.61243837694343,108.82914037613189,976,365,446.0230034574533,259.38552077530755,724.9285242327608
fish5,9380,469.0,20.0,20.0,27.36,47.61140141322681,12.94373402856143,4.933333333333334,405.61243837694343,108.82914037613189,1033,370,440.71952690141467,258.8478124419742,720.2273393433888
fish5,9408,470.4,20.0,20.0,27.36,47.61140141322681,12.94373402856143,4.933333333333334,405.61243837694343,108.82914037613189,1156,326,442.4770873403856,258.51155589989554,724.1086432402811
fish5,9415,470.75,20.0,20.0,27.36,47.61140141322681,12.94373402856143,4.933333333333334,405.61243837694343,108.82914037613189,1202,326,427.8890968206712,258.51110017072887,710.4401969914
fish5,9443,472.15,20.0,20.0,27.36,47.61140141322681,12.94373402856143,4.933333333333334,405.61243837694343,108.82914037613189,1240,257,435.7643659395948,259.03237621239555,719.5967421519903
fish5,9446,472.3,20.0,20.0,27.36,47.61140141322681,12.94373402856143,4.933333333333334,405.61243837694343,108.82914037613189,1241,241,435.7703077852037,259.0336131915621,719.6239209767659
fish5,10328,516.4,20.0,20.0,27.36,47.61140141322681,12.94373402856143,4.933333333333334,405.61243837694343,108.82914037613189,1701,406,430.5610763017818,259.17193669890304,723.7530130006849
fish5,10354,517.7,20.0,20.0,27.36,47.61140141322681,12.94373402856143,4.933333333333334,405.61243837694343,108.82914037613189,1875,479,437.9801647569445,249.34396482323532,724.8241295801798
fish5,10362,518.1,20.0,20.0,27.36,47.61140141322681,12.94373402856143,4.933333333333334,405.61243837694343,108.82914037613189,2554,466,437.6026861676063,253.56596676710973,742.248652934716
fish5,10754,537.7,20.0,20.0,27.36,47.61140141322681,12.94373402856143,4.933333333333334,405.61243837694343,108.82914037613189,1255,433,437.6427470422627,255.1584764912499,717.9012235335126
fish5,10762,538.1,20.0,20.0,27.36,47.61140141322681,12.94373402856143,4.933333333333334,405.61243837694343,108.82914037613189,1176,281,444.72997795528846,258.0922460224999,726.3422239777883
fish5,10854,542.7,20.0,20.0,27.36,47.61140141322681,12.94373402856143,4.933333333333334,405.61243837694343,108.82914037613189,1588,229,428.76766042734766,259.0749250706037,719.6025854979514
fish5,10942,547.1,20.0,20.0,27.36,47.61140141322681,12.94373402856143,4.933333333333334,405.61243837694343,108.82914037613189,1330,276,419.7226763341645,258.9017382761215,705.2244146102861
fish5,10949,547.45,20.0,20.0,27.36,47.61140141322681,12.94373402856143,4.933333333333334,405.61243837694343,108.82914037613189,1291,498,426.45651388615744,259.7053644597371,711.9818783458946
fish5,10964,548.2,20.0,20.0,27.36,47.61140141322681,12.94373402856143,4.933333333333334,405.61243837694343,108.82914037613189,1169,495,434.0739747826846,264.1017641993204,721.555738982005
fish5,11006,550.3,20.0,20.0,27.36,47.61140141322681,12.94373402856143,4.933333333333334,405.61243837694343,108.82914037613189,1309,342,445.2344226978256,262.22019519788955,733.634617895715
fish5,11028,551.4,20.0,20.0,27.36,47.61140141322681,12.94373402856143,4.933333333333334,405.61243837694343,108.82914037613189,1441,451,431.50368483025824,263.4020767083062,723.7257615385645
fish5,11032,551.6,20.0,20.0,27.36,47.61140141322681,12.94373402856143,4.933333333333334,405.61243837694343,108.82914037613189,1435,684,431.4477082823954,263.4112433749729,723.5589516573684
fish6,158,7.9,20.0,20.0,13.78,7.399945679268489,4.681750011564009,5.4,29.70231323473644,21.44932147012966,329,951,441.2352104573379,262.59943021264604,710.414640669984
fish6,224,11.2,20.0,20.0,13.78,7.399945679268489,4.681750011564009,5.4,29.70231323473644,21.44932147012966,347,913,427.5108071322217,260.71573885208767,695.1665459843094
fish6,232,11.6,20.0,20.0,13.78,7.399945679268489,4.681750011564009,5.4,29.70231323473644,21.44932147012966,373,1018,427.303745536126,260.7183820812544,695.4821276173805
fish6,254,12.7,20.0,20.0,13.78,7.399945679268489,4.681750011564009,5.4,29.70231323473644,21.44932147012966,419,1039,438.2990528572743,258.09409501393634,704.7731478712107
fish6,270,13.5,20.0,20.0,13.78,7.399945679268489,4.681750011564009,5.4,29.70231323473644,21.44932147012966,377,1053,434.592980817159,258.136464805603,700.269445622762
fish6,281,14.05,20.0,20.0,13.78,7.399945679268489,4.681750011564009,5.4,29.70231323473644,21.44932147012966,361,869,430.941440453122,261.056503868103,699.2179443212251
fish6,314,15.7,20.0,20.0,13.78,7.399945679268489,4.681750011564009,5.4,29.70231323473644,21.44932147012966,402,656,435.3141359102037,259.6466795978123,703.0008155080159
fish6,318,15.9,20.0,20.0,13.78,7.399945679268489,4.681750011564009,5.4,29.70231323473644,21.44932147012966,399,678,433.8523000089668,259.7998762123956,701.6321762213624
fish6,337,16.85,20.0,20.0,13.78,7.399945679268489,4.681750011564009,5.4,29.70231323473644,21.44932147012966,381,737,427.29684807942704,255.2258072019789,690.142655281406
fish6,355,17.75,20.0,20.0,13.78,7.399945679268489,4.681750011564009,5.4,29.70231323473644,21.44932147012966,326,1073,431.2713671219249,260.5006281383832,698.2919952603081
fish6,379,18.95,20.0,20.0,13.78,7.399945679268489,4.681750011564009,5.4,29.70231323473644,21.44932147012966,345,1241,434.90853278235926,260.0743488437229,701.8828816260822
fish6,396,19.8,20.0,20.0,13.78,7.399945679268489,4.681750011564009,5.4,29.70231323473644,21.44932147012966,325,1373,435.46049021928576,258.58932280205624,700.5498130213421
fish6,423,21.15,20.0,20.0,13.78,7.399945679268489,4.681750011564009,5.4,29.70231323473644,21.44932147012966,332,1264,429.87851092075294,261.5591078993056,698.0776188200585
fish6,438,21.9,20.0,20.0,13.78,7.399945679268489,4.681750011564009,5.4,29.70231323473644,21.44932147012966,365,1386,438.9269702326269,261.0532745659721,707.2802447985989
fish6,458,22.9,20.0,20.0,13.78,7.399945679268489,4.681750011564009,5.4,29.70231323473644,21.44932147012966,361,1369,436.9957117506238,258.5266926405165,702.7424043911403
fish6,460,23.0,20.0,20.0,13.78,7.399945679268489,4.681750011564009,5.4,29.70231323473644,21.44932147012966,353,1373,436.8761067179173,258.52690748426653,702.4630142021838
fish6,494,24.7,20.0,20.0,13.78,7.399945679268489,4.681750011564009,5.4,29.70231323473644,21.44932147012966,367,1593,434.1062889263953,261.20834303282635,702.6546319592217
fish6,505,25.25,20.0,20.0,13.78,7.399945679268489,4.681750011564009,5.4,29.70231323473644,21.44932147012966,382,1708,440.20738272793625,263.4483040275467,711.295686755483
fish6,547,27.35,20.0,20.0,13.78,7.399945679268489,4.681750011564009,5.4,29.70231323473644,21.44932147012966,370,1911,432.72211689694245,261.86281556776896,701.9849324647114
fish6,550,27.5,20.0,20.0,13.78,7.399945679268489,4.681750011564009,5.4,29.70231323473644,21.44932147012966,366,1901,432.0481151979048,263.9650681719356,703.3331833698404
fish6,566,28.3,20.0,20.0,13.78,7.399945679268489,4.681750011564009,5.4,29.70231323473644,21.44932147012966,339,1964,439.6767434985502,267.51897767995194,713.9757211785021
fish6,600,30.0,20.0,20.0,13.78,7.399945679268489,4.681750011564009,5.4,29.70231323473644,21.44932147012966,371,2458,460.049234634211,267.9776366439819,735.4468712781928
fish6,609,30.45,20.0,20.0,13.78,7.399945679268489,4.681750011564009,5.4,29.70231323473644,21.44932147012966,389,2440,459.3489915786556,267.9932876856485,735.1222792643041
fish6,633,31.65,20.0,20.0,13.78,7.399945679268489,4.681750011564009,5.4,29.70231323473644,21.44932147012966,396,2170,451.1532276897667,268.5596841682327,727.6329118579994
fish6,643,32.15,20.0,20.0,13.78,7.399945679268489,4.681750011564009,5.4,29.70231323473644,21.44932147012966,398,2005,451.9403110230999,268.55916333489944,728.4594743579994
fish6,667,33.35,20.0,20.0,13.78,7.399945679268489,4.681750011564009,5.4,29.70231323473644,21.44932147012966,380,1709,451.7025946234056,266.074518218316,725.3771128417216
fish6,676,33.8,20.0,20.0,13.78,7.399945679268489,4.681750011564009,5.4,29.70231323473644,21.44932147012966,378,1639,446.5835408039612,270.1915950412326,724.3351358451937
fish6,702,35.1,20.0,20.0,13.78,7.399945679268489,4.681750011564009,5.4,29.70231323473644,21.44932147012966,383,1784,450.2153855974928,268.2108137833913,726.0861993808841
fish6,710,35.5,20.0,20.0,13.78,7.399945679268489,4.681750011564009,5.4,29.70231323473644,21.44932147012966,358,2112,449.8286755280484,268.2169531063079,725.2056286343562
fish6,766,38.3,20.0,20.0,13.78,7.399945679268489,4.681750011564009,5.4,29.70231323473644,21.44932147012966,362,2603,454.2183699679717,262.4435351511214,723.901905119093
fish6,778,38.9,20.0,20.0,13.78,7.399945679268489,4.681750011564009,5.4,29.70231323473644,21.44932147012966,335,2908,451.1790820365059,261.6429752583398,719.5220572948458
fish6,815,40.75,20.0,20.0,13.78,7.399945679268489,4.681750011564009,5.4,29.70231323473644,21.44932147012966,735,2863,425.69687052994726,264.5756607894791,704.9725313194265
fish6,833,41.65,20.0,20.0,13.78,7.399945679268489,4.681750011564009,5.4,29.70231323473644,21.44932147012966,771,3141,425.3529509304471,264.19050128339137,704.9634522138384
fish6,834,41.7,20.0,20.0,13.78,7.399945679268489,4.681750011564009,5.4,29.70231323473644,21.44932147012966,751,3172,435.7964969887627,264.1894205559625,715.0059175447252
fish6,868,43.4,20.0,20.0,13.78,7.399945679268489,4.681750011564009,5.4,29.70231323473644,21.44932147012966,677,2219,439.9423604453005,260.2046547902002,713.6870152355007
fish6,885,44.25,20.0,20.0,13.78,7.399945679268489,4.681750011564009,5.4,29.70231323473644,21.44932147012966,659,2834,435.5036365692515,262.9706281293127,711.6542646985641
fish6,890,44.5,20.0,20.0,13.78,7.399945679268489,4.681750011564009,5.4,29.70231323473644,21.44932147012966,664,3065,435.4757026058999,262.9804458679092,711.7361484738091
fish6,910,45.5,20.0,20.0,13.78,7.399945679268489,4.681750011564009,5.4,29.70231323473644,21.44932147012966,597,3481,439.77763847626113,261.73239900460766,713.4500374808688
fish6,939,46.95,20.0,20.0,13.78,7.399945679268489,4.681750011564009,5.4,29.70231323473644,21.44932147012966,718,3056,431.53566788367766,261.89438146701394,707.7900493506917
fish6,942,47.1,20.0,20.0,13.78,7.399945679268489,4.681750011564009,5.4,29.70231323473644,21.44932147012966,704,2903,431.7836105920109,261.9030859205458,707.7666965125567
fish6,977,48.85,20.0,20.0,13.78,7.399945679268489,4.681750011564009,5.4,29.70231323473644,21.44932147012966,588,1424,438.0806986217922,267.4774185722245,717.3181171940167
fish6,979,48.95,20.0,20.0,13.78,7.399945679268489,4.681750011564009,5.4,29.70231323473644,21.44932147012966,545,1388,438.0662107745701,267.473303986009,716.4395147605791
fish6,1004,50.2,20.0,20.0,13.78,7.399945679268489,4.681750011564009,5.4,29.70231323473644,21.44932147012966,611,2598,458.5866052924263,265.32400387535097,736.1306091677773
fish6,1030,51.5,20.0,20.0,13.78,7.399945679268489,4.681750011564009,5.4,29.70231323473644,21.44932147012966,759,1863,445.64135779062894,265.9481282157792,726.7694860064081
fish6,1032,51.6,20.0,20.0,13.78,7.399945679268489,4.681750011564009,5.4,29.70231323473644,21.44932147012966,806,1792,445.6175991100736,265.4663834241125,727.2039825341861
fish6,1050,52.5,20.0,20.0,13.78,7.399945679268489,4.681750011564009,5.4,29.70231323473644,21.44932147012966,695,930,456.4030250310263,266.3277634955406,736.6307885265668
fish6,1084,54.2,20.0,20.0,13.78,7.399945679268489,4.681750011564009,5.4,29.70231323473644,21.44932147012966,642,566,451.1226561775866,267.76587872717124,731.7285349047579
fish6,1097,54.85,20.0,20.0,13.78,7.399945679268489,4.681750011564009,5.4,29.70231323473644,21.44932147012966,607,328,453.130186520254,265.41289702080627,730.6830835410602
fish6,1127,56.35,20.0,20.0,13.78,7.399945679268489,4.681750011564009,5.4,29.70231323473644,21.44932147012966,652,914,450.6364496358235,267.12396147171654,730.80041110754
fish6,1137,56.85,20.0,20.0,13.78,7.399945679268489,4.681750011564009,5.4,29.70231323473644,21.44932147012966,796,1094,443.4561413870918,262.6030630342165,721.9792044213083
fish6,1159,57.95,20.0,20.0,13.78,7.399945679268489,4.681750011564009,5.4,29.70231323473644,21.44932147012966,876,1570,455.60536891816696,265.62900712457235,738.7543760427393
fish6,1183,59.15,20.0,20.0,13.78,7.399945679268489,4.681750011564009,5.4,29.70231323473644,21.44932147012966,881,1914,450.74010414971247,265.248264923509,733.6083690732215
fish6,1193,59.65,20.0,20.0,13.78,7.399945679268489,4.681750011564009,5.4,29.70231323473644,21.44932147012966,842,1945,451.1075520663792,262.8560871876611,730.8036392540404
fish6,1202,60.1,20.0,20.0,13.78,7.399945679268489,4.681750011564009,5.4,29.70231323473644,21.44932147012966,806,2052,458.12386275491593,266.838906231308,741.0827689862239
fish6,1231,61.55,20.0,20.0,13.78,7.399945679268489,4.681750011564009,5.4,29.70231323473644,21.44932147012966,764,1817,442.823624036982,268.1512792754174,726.2549033123994
fish6,1238,61.9,20.0,20.0,13.78,7.399945679268489,4.681750011564009,5.4,29.70231323473644,21.44932147012966,770,1646,452.46768653698206,267.92633786916736,735.7940244061493
fish6,1257,62.85,20.0,20.0,13.78,7.399945679268489,4.681750011564009,5.4,29.70231323473644,21.44932147012966,754,1302,456.40593732638894,265.15402009835765,736.6399574247466
fish6,1386,69.3,20.0,20.0,13.78,7.399945679268489,4.681750011564009,5.4,29.70231323473644,21.44932147012966,731,429,452.0288671775348,266.5420148434004,733.1908820209352
fish6,1406,70.3,20.0,20.0,13.78,7.399945679268489,4.681750011564009,5.4,29.70231323473644,21.44932147012966,752,798,451.9788974823376,265.2441925607893,732.2630900431268
fish6,1415,70.75,20.0,20.0,13.78,7.399945679268489,4.681750011564009,5.4,29.70231323473644,21.44932147012966,770,985,438.57959192678186,265.8144008941227,719.7939928209045
fish6,1426,71.3,20.0,20.0,13.78,7.399945679268489,4.681750011564009,5.4,29.70231323473644,21.44932147012966,802,1131,438.37427074622633,265.822695164956,720.2369659111823
fish6,1459,72.95,20.0,20.0,13.78,7.399945679268489,4.681750011564009,5.4,29.70231323473644,21.44932147012966,916,1051,446.937903522237,263.7807551405165,729.0386586627536
fish6,1492,74.6,20.0,20.0,13.78,7.399945679268489,4.681750011564009,5.4,29.70231323473644,21.44932147012966,760,999,442.7328081392076,267.69962232801635,725.632430467224
fish6,1498,74.9,20.0,20.0,13.78,7.399945679268489,4.681750011564009,5.4,29.70231323473644,21.44932147012966,726,1012,450.0177386356871,268.0568196548355,732.5945582905226
fish6,1522,76.1,20.0,20.0,13.78,7.399945679268489,4.681750011564009,5.4,29.70231323473644,21.44932147012966,791,913,448.633693476001,269.04108397775224,733.4947774537533
fish6,1550,77.5,20.0,20.0,13.78,7.399945679268489,4.681750011564009,5.4,29.70231323473644,21.44932147012966,678,730,443.358237738414,264.7842838317447,721.7025215701585
fish6,1599,79.95,20.0,20.0,13.78,7.399945679268489,4.681750011564009,5.4,29.70231323473644,21.44932147012966,782,244,458.6917577635023,264.75156900698346,739.0833267704858
fish6,1637,81.85,20.0,20.0,13.78,7.399945679268489,4.681750011564009,5.4,29.70231323473644,21.44932147012966,725,360,453.7760546385023,264.86895181948336,733.1450064579856
fish6,1645,82.25,20.0,20.0,13.78,7.399945679268489,4.681750011564009,5.4,29.70231323473644,21.44932147012966,707,713,453.7356987357245,264.87072265281665,732.7464213885411
fish6,1673,83.65,20.0,20.0,13.78,7.399945679268489,4.681750011564009,5.4,29.70231323473644,21.44932147012966,718,1067,452.3073784450202,260.9971092813704,727.6644877263906
fish6,1686,84.3,20.0,20.0,13.78,7.399945679268489,4.681750011564009,5.4,29.70231323473644,21.44932147012966,754,1418,448.9569270724825,264.7235545938704,728.760481666353
fish6,1709,85.45,20.0,20.0,13.78,7.399945679268489,4.681750011564009,5.4,29.70231323473644,21.44932147012966,736,1628,449.7310937135296,265.0427310777346,729.4938247912642
fish6,1724,86.2,20.0,20.0,13.78,7.399945679268489,4.681750011564009,5.4,29.70231323473644,21.44932147012966,725,1947,447.83043399130753,266.8072362860679,729.1376702773755
fish6,1732,86.6,20.0,20.0,13.78,7.399945679268489,4.681750011564009,5.4,29.70231323473644,21.44932147012966,710,1933,447.7686978801964,266.81060217411255,728.779300054309
fish6,1751,87.55,20.0,20.0,13.78,7.399945679268489,4.681750011564009,5.4,29.70231323473644,21.44932147012966,750,2286,445.7446565009034,262.47197265417304,723.2166291550764
fish6,1779,88.95,20.0,20.0,13.78,7.399945679268489,4.681750011564009,5.4,29.70231323473644,21.44932147012966,758,2260,449.6139794175702,265.4642089546097,730.2381883721799
fish6,1784,89.2,20.0,20.0,13.78,7.399945679268489,4.681750011564009,5.4,29.70231323473644,21.44932147012966,757,2182,449.6282936536812,265.4709277046098,730.239221358291
fish6,1817,90.85,20.0,20.0,13.78,7.399945679268489,4.681750011564009,5.4,29.70231323473644,21.44932147012966,707,1982,442.17165249654505,264.5135057997704,720.8251582963154
fish6,1833,91.65,20.0,20.0,13.78,7.399945679268489,4.681750011564009,5.4,29.70231323473644,21.44932147012966,687,1757,442.1075379132116,264.5150194667816,720.3625573799932
fish6,1837,91.85,20.0,20.0,13.78,7.399945679268489,4.681750011564009,5.4,29.70231323473644,21.44932147012966,706,1774,449.11839728821167,264.4858169575904,727.724214245802
fish6,1859,92.95,20.0,20.0,13.78,7.399945679268489,4.681750011564009,5.4,29.70231323473644,21.44932147012966,680,1648,447.6963318751016,262.6574477930705,723.9537796681722
fish6,1889,94.45,20.0,20.0,13.78,7.399945679268489,4.681750011564009,5.4,29.70231323473644,21.44932147012966,683,1601,445.6863492362128,266.37259754163944,725.7189467778522
fish6,1890,94.5,20.0,20.0,13.78,7.399945679268489,4.681750011564009,5.4,29.70231323473644,21.44932147012966,671,1616,445.6953422917684,266.3708267083061,725.4861690000745
fish6,1922,96.1,20.0,20.0,13.78,7.399945679268489,4.681750011564009,5.4,29.70231323473644,21.44932147012966,650,1307,445.9753720865132,263.92023760044304,722.8956096869563
fish6,1931,96.55,20.0,20.0,13.78,7.399945679268489,4.681750011564009,5.4,29.70231323473644,21.44932147012966,685,1248,445.988792225402,263.9268586919043,723.6156509173063
fish6,2035,101.75,20.0,20.0,13.78,7.399945679268489,4.681750011564009,5.4,29.70231323473644,21.44932147012966,700,600,423.9717968351388,261.1241178087765,699.0959146439153
fish6,2053,102.65,20.0,20.0,13.78,7.399945679268489,4.681750011564009,5.4,29.70231323473644,21.44932147012966,739,413,434.8826646314833,260.3610025607639,710.0236671922471
fish6,2072,103.6,20.0,20.0,13.78,7.399945679268489,4.681750011564009,5.4,29.70231323473644,21.44932147012966,751,428,432.85239553426106,258.99732094394903,706.8697164782101
fish6,2075,103.75,20.0,20.0,13.78,7.399945679268489,4.681750011564009,5.4,29.70231323473644,21.44932147012966,697,482,432.8522826870389,261.9355110599835,708.7277937470225
fish6,2094,104.7,20.0,20.0,13.78,7.399945679268489,4.681750011564009,5.4,29.70231323473644,21.44932147012966,696,841,429.8404337287055,261.951542942259,705.7119766709644
fish6,2111,105.55,20.0,20.0,13.78,7.399945679268489,4.681750011564009,5.4,29.70231323473644,21.44932147012966,685,1381,435.4680597398356,262.2191470972697,711.3872068371054
fish6,2186,109.3,20.0,20.0,13.78,7.399945679268489,4.681750011564009,5.4,29.70231323473644,21.44932147012966,744,2223,434.0076170245699,266.27419261067706,715.161809635247
fish6,2193,109.65,20.0,20.0,13.78,7.399945679268489,4.681750011564009,5.4,29.70231323473644,21.44932147012966,878,2009,433.7917619490258,266.3291209877861,717.6808829368118
fish6,2237,111.85,20.0,20.0,13.78,7.399945679268489,4.681750011564009,5.4,29.70231323473644,21.44932147012966,766,1589,444.03682288343646,265.5388866855198,724.8957095689562
fish6,2267,113.35,20.0,20.0,13.78,7.399945679268489,4.681750011564009,5.4,29.70231323473644,21.44932147012966,765,2156,449.7448950646671,262.0847426729732,727.1296377376402
fish6,2281,114.05,20.0,20.0,13.78,7.399945679268489,4.681750011564009,5.4,29.70231323473644,21.44932147012966,770,1761,445.3406766365712,265.85221663130653,726.5928932678777
fish6,2293,114.65,20.0,20.0,13.78,7.399945679268489,4.681750011564009,5.4,29.70231323473644,21.44932147012966,844,1318,445.4463235355894,265.85578433964,728.1821078752293
fish6,2328,116.4,20.0,20.0,13.78,7.399945679268489,4.681750011564009,5.4,29.70231323473644,21.44932147012966,663,1388,445.1337235115711,266.661240041256,725.0549635528271
fish6,2345,117.25,20.0,20.0,13.78,7.399945679268489,4.681750011564009,5.4,29.70231323473644,21.44932147012966,682,819,439.1738582578117,261.8813246766726,714.6951829344843
fish6,2349,117.45,20.0,20.0,13.78,7.399945679268489,4.681750011564009,5.4,29.70231323473644,21.44932147012966,674,940,439.202256235457,263.0094042823685,715.6916605178255
fish6,2454,122.7,20.0,20.0,13.78,7.399945679268489,4.681750011564009,5.4,29.70231323473644,21.44932147012966,617,519,450.7206724672483,266.0840590629472,729.1447315301955
fish6,2455,122.75,20.0,20.0,13.78,7.399945679268489,4.681750011564009,5.4,29.70231323473644,21.44932147012966,582,423,450.7410370858463,266.0857061983638,728.4667432842101
fish6,2485,124.25,20.0,20.0,13.78,7.399945679268489,4.681750011564009,5.4,29.70231323473644,21.44932147012966,708,476,445.1825693521381,267.743381985124,727.085951337262
fish6,2491,124.55,20.0,20.0,13.78,7.399945679268489,4.681750011564009,5.4,29.70231323473644,21.44932147012966,772,354,445.1202990029228,267.73465803755647,728.2949570404793
fish6,2551,127.55,20.0,20.0,13.78,7.399945679268489,4.681750011564009,5.4,29.70231323473644,21.44932147012966,768,1614,445.4176215277024,260.0379329151471,720.8155544428495
fish6,2572,128.6,20.0,20.0,13.78,7.399945679268489,4.681750011564009,5.4,29.70231323473644,21.44932147012966,802,1220,454.1312847113717,263.5420735401471,733.7133582515187
fish6,2597,129.85,20.0,20.0,13.78,7.399945679268489,4.681750011564009,5.4,29.70231323473644,21.44932147012966,641,593,448.3174175060696,262.10250308429926,723.2399205903689
fish6,2617,130.85,20.0,20.0,13.78,7.399945679268489,4.681750011564009,5.4,29.70231323473644,21.44932147012966,608,480,436.15328123071,263.06425438638263,711.3775356170926
fish6,2640,132.0,20.0,20.0,13.78,7.399945679268489,4.681750011564009,5.4,29.70231323473644,21.44932147012966,691,1106,443.179982595486,262.90168928221595,719.901671877702
fish6,2647,132.35,20.0,20.0,13.78,7.399945679268489,4.681750011564009,5.4,29.70231323473644,21.44932147012966,772,1606,442.7829426534017,264.0632974839846,722.2862401373864
fish6,2677,133.85,20.0,20.0,13.78,7.399945679268489,4.681750011564009,5.4,29.70231323473644,21.44932147012966,792,1708,440.0271006395129,265.75573889023457,721.6228395297475
fish6,2682,134.1,20.0,20.0,13.78,7.399945679268489,4.681750011564009,5.4,29.70231323473644,21.44932147012966,762,1463,435.8916926534017,266.2568586819013,717.388551335303
fish6,2848,142.4,20.0,20.0,13.78,7.399945679268489,4.681750011564009,5.4,29.70231323473644,21.44932147012966,875,333,447.564279123264,265.0878547447098,730.1521338679738
fish6,2883,144.15,20.0,20.0,13.78,7.399945679268489,4.681750011564009,5.4,29.70231323473644,21.44932147012966,842,781,440.32348483598486,266.0693000572098,723.2327848931947
fish6,2896,144.8,20.0,20.0,13.78,7.399945679268489,4.681750011564009,5.4,29.70231323473644,21.44932147012966,796,971,440.2793050971138,266.07390617874984,722.2732112758637
fish6,2904,145.2,20.0,20.0,13.78,7.399945679268489,4.681750011564009,5.4,29.70231323473644,21.44932147012966,786,1064,444.6642090379504,263.6871482528687,724.0713572908192
fish6,2964,148.2,20.0,20.0,13.78,7.399945679268489,4.681750011564009,5.4,29.70231323473644,21.44932147012966,750,968,448.947646972581,268.0366533608331,731.9843003334141
fish6,2965,148.25,20.0,20.0,13.78,7.399945679268489,4.681750011564009,5.4,29.70231323473644,21.44932147012966,731,964,448.971553222581,268.03678356916646,731.6283367917475
fish6,3016,150.8,20.0,20.0,13.78,7.399945679268489,4.681750011564009,5.4,29.70231323473644,21.44932147012966,702,1096,446.9469965265722,267.75787108421326,728.7448676107854
fish6,3048,152.4,20.0,20.0,13.78,7.399945679268489,4.681750011564009,5.4,29.70231323473644,21.44932147012966,692,1084,450.6554945553625,269.07649733462864,733.5719918899912
fish6,3064,153.2,20.0,20.0,13.78,7.399945679268489,4.681750011564009,5.4,29.70231323473644,21.44932147012966,701,1105,448.19106747202926,266.2424608762953,728.4535283483245
fish6,3095,154.75,20.0,20.0,13.78,7.399945679268489,4.681750011564009,5.4,29.70231323473644,21.44932147012966,745,1079,445.3436542775848,269.836080667962,730.0797349455468
fish6,3097,154.85,20.0,20.0,13.78,7.399945679268489,4.681750011564009,5.4,29.70231323473644,21.44932147012966,733,1116,444.3801255144849,266.59857396744616,725.638699481931
fish6,3115,155.75,20.0,20.0,13.78,7.399945679268489,4.681750011564009,5.4,29.70231323473644,21.44932147012966,748,1116,447.5256550283737,268.7558916757796,731.2415467041533
fish6,3133,156.65,20.0,20.0,13.78,7.399945679268489,4.681750011564009,5.4,29.70231323473644,21.44932147012966,789,1108,446.7014970422626,264.87742813411296,727.3589251763756
fish6,3182,159.1,20.0,20.0,13.78,7.399945679268489,4.681750011564009,5.4,29.70231323473644,21.44932147012966,800,898,448.4423741002778,261.1129329006513,725.5553070009291
fish6,3266,163.3,20.0,20.0,13.78,7.399945679268489,4.681750011564009,5.4,29.70231323473644,21.44932147012966,810,922,436.3589583242157,259.71045569593645,712.2694140201522
fish6,3284,164.2,20.0,20.0,13.78,7.399945679268489,4.681750011564009,5.4,29.70231323473644,21.44932147012966,831,925,430.6794183936601,262.1893684563532,709.4887868500133
fish6,3307,165.35,20.0,20.0,13.78,7.399945679268489,4.681750011564009,5.4,29.70231323473644,21.44932147012966,806,1008,437.4774565422906,262.82629868798784,716.4237552302785
fish6,3308,165.4,20.0,20.0,13.78,7.399945679268489,4.681750011564009,5.4,29.70231323473644,21.44932147012966,802,1008,437.465572861735,262.82605780257114,716.3316306643061
fish6,3337,166.85,20.0,20.0,13.78,7.399945679268489,4.681750011564009,5.4,29.70231323473644,21.44932147012966,795,1022,436.3628298061794,266.89749660465446,719.1603264108338
fish6,3368,168.4,20.0,20.0,13.78,7.399945679268489,4.681750011564009,5.4,29.70231323473644,21.44932147012966,793,1077,439.8227681688097,267.03799148889124,722.720759657701
fish6,3379,168.95,20.0,20.0,13.78,7.399945679268489,4.681750011564009,5.4,29.70231323473644,21.44932147012966,794,1145,439.8179244188095,266.3519498222245,722.049874241034
fish6,3404,170.2,20.0,20.0,13.78,7.399945679268489,4.681750011564009,5.4,29.70231323473644,21.44932147012966,793,1137,450.08141058483375,266.52992499490324,732.471335579737
fish6,3411,170.55,20.0,20.0,13.78,7.399945679268489,4.681750011564009,5.4,29.70231323473644,21.44932147012966,789,1165,450.0192057237226,266.5309601511532,732.3301658748758
fish6,3429,171.45,20.0,20.0,13.78,7.399945679268489,4.681750011564009,5.4,29.70231323473644,21.44932147012966,794,1118,438.5105078070559,267.31766588031985,721.7081736873757
fish6,3445,172.25,20.0,20.0,13.78,7.399945679268489,4.681750011564009,5.4,29.70231323473644,21.44932147012966,800,1134,447.4634852376114,266.88508775531983,730.3485729929312
fish6,3465,173.25,20.0,20.0,13.78,7.399945679268489,4.681750011564009,5.4,29.70231323473644,21.44932147012966,779,1226,450.6764538632805,264.28652017075217,730.5429740340327
fish6,3480,174.0,20.0,20.0,13.78,7.399945679268489,4.681750011564009,5.4,29.70231323473644,21.44932147012966,794,1123,450.6608462243918,267.71127928533554,734.2521255097273
fish6,3513,175.65,20.0,20.0,13.78,7.399945679268489,4.681750011564009,5.4,29.70231323473644,21.44932147012966,754,1214,450.0134244560901,265.70131177595994,730.79473623205
fish6,3517,175.85,20.0,20.0,13.78,7.399945679268489,4.681750011564009,5.4,29.70231323473644,21.44932147012966,794,1210,450.0153428588678,265.7018065676266,731.5971494264944
fish6,3541,177.05,20.0,20.0,13.78,7.399945679268489,4.681750011564009,5.4,29.70231323473644,21.44932147012966,793,1353,442.7555077894234,261.56597323429327,720.1814810237166
fish6,3552,177.6,20.0,20.0,13.78,7.399945679268489,4.681750011564009,5.4,29.70231323473644,21.44932147012966,782,1305,446.5063445908533,263.5191178240352,725.6654624148885
fish6,3588,179.4,20.0,20.0,13.78,7.399945679268489,4.681750011564009,5.4,29.70231323473644,21.44932147012966,780,1424,451.4941484102978,267.52397459486866,734.6181230051665
fish6,3616,180.8,20.0,20.0,13.78,7.399945679268489,4.681750011564009,5.4,29.70231323473644,21.44932147012966,770,1723,452.03684016896943,264.196904205227,731.6337443741965
fish6,3637,181.85,20.0,20.0,13.78,7.399945679268489,4.681750011564009,5.4,29.70231323473644,21.44932147012966,773,1883,439.6044530161916,265.6330435281437,720.6974965443353
fish6,3654,182.7,20.0,20.0,13.78,7.399945679268489,4.681750011564009,5.4,29.70231323473644,21.44932147012966,771,2155,451.3785240251706,266.7523957585653,733.5509197837358
fish6,3660,183.0,20.0,20.0,13.78,7.399945679268489,4.681750011564009,5.4,29.70231323473644,21.44932147012966,744,2234,449.1688191640594,264.18180331064866,728.2306224747081
fish6,3682,184.1,20.0,20.0,13.78,7.399945679268489,4.681750011564009,5.4,29.70231323473644,21.44932147012966,743,2442,445.3075084001706,268.2650910710653,728.4325994712359
fish6,3696,184.8,20.0,20.0,13.78,7.399945679268489,4.681750011564009,5.4,29.70231323473644,21.44932147012966,756,2493,445.3570006442412,268.26942049814863,728.7464211423897
fish6,3723,186.15,20.0,20.0,13.78,7.399945679268489,4.681750011564009,5.4,29.70231323473644,21.44932147012966,712,2255,449.4458550315387,264.7087597554419,728.3946147869806
fish6,3732,186.6,20.0,20.0,13.78,7.399945679268489,4.681750011564009,5.4,29.70231323473644,21.44932147012966,741,2044,449.3776345476882,264.8081282450252,729.0057627927134
fish6,3770,188.5,20.0,20.0,13.78,7.399945679268489,4.681750011564009,5.4,29.70231323473644,21.44932147012966,730,1138,452.9071090265722,266.5136814358923,734.0207904624646
fish6,3788,189.4,20.0,20.0,13.78,7.399945679268489,4.681750011564009,5.4,29.70231323473644,21.44932147012966,847,869,448.780164550706,265.8634861233923,731.5836506740984
fish6,3842,192.1,20.0,20.0,13.78,7.399945679268489,4.681750011564009,5.4,29.70231323473644,21.44932147012966,1043,424,442.5061190531413,264.00371078491213,727.3698298380535
fish6,3859,192.95,20.0,20.0,13.78,7.399945679268489,4.681750011564009,5.4,29.70231323473644,21.44932147012966,1016,781,449.12299890813,262.8414159811974,732.2844148893274
fish6,3878,193.9,20.0,20.0,13.78,7.399945679268489,4.681750011564009,5.4,29.70231323473644,21.44932147012966,936,790,446.4045006442413,262.8353092103641,727.9598098546054
fish6,3896,194.8,20.0,20.0,13.78,7.399945679268489,4.681750011564009,5.4,29.70231323473644,21.44932147012966,923,927,442.8054598885242,267.045758429114,728.3112183176382
fish6,3903,195.15,20.0,20.0,13.78,7.399945679268489,4.681750011564009,5.4,29.70231323473644,21.44932147012966,851,1031,445.7313758299085,265.5985414021385,728.3499172320471
fish6,3921,196.05,20.0,20.0,13.78,7.399945679268489,4.681750011564009,5.4,29.70231323473644,21.44932147012966,853,1331,444.50973086630734,266.0816208292219,727.6513516955292
fish6,3944,197.2,20.0,20.0,13.78,7.399945679268489,4.681750011564009,5.4,29.70231323473644,21.44932147012966,847,1467,438.6195876387796,260.92844374588856,716.4880313846681
fish6,3958,197.9,20.0,20.0,13.78,7.399945679268489,4.681750011564009,5.4,29.70231323473644,21.44932147012966,829,1574,440.22541200310974,264.0038215433333,720.8092335464431
fish6,3971,198.55,20.0,20.0,13.78,7.399945679268489,4.681750011564009,5.4,29.70231323473644,21.44932147012966,798,1644,449.4671915070522,267.7368879495832,733.1640794566355
fish6,3989,199.45,20.0,20.0,13.78,7.399945679268489,4.681750011564009,5.4,29.70231323473644,21.44932147012966,756,1659,445.1965752169951,267.4011457620832,727.7177209790783
fish6,4008,200.4,20.0,20.0,13.78,7.399945679268489,4.681750011564009,5.4,29.70231323473644,21.44932147012966,703,1580,446.1397959368483,266.3818521741125,726.5816481109607
fish6,4037,201.85,20.0,20.0,13.78,7.399945679268489,4.681750011564009,5.4,29.70231323473644,21.44932147012966,680,1407,435.1763541195716,268.3130826428625,717.0894367624342
fish6,4041,202.05,20.0,20.0,13.78,7.399945679268489,4.681750011564009,5.4,29.70231323473644,21.44932147012966,657,1372,441.2948957862382,267.79205399702914,722.2269497832673
fish6,4076,203.8,20.0,20.0,13.78,7.399945679268489,4.681750011564009,5.4,29.70231323473644,21.44932147012966,696,1092,448.9213493258817,263.8089257431029,726.6502750689846
fish6,4093,204.65,20.0,20.0,13.78,7.399945679268489,4.681750011564009,5.4,29.70231323473644,21.44932147012966,702,1040,444.8549170464221,267.4298241806029,726.324741227025
fish6,4112,205.6,20.0,20.0,13.78,7.399945679268489,4.681750011564009,5.4,29.70231323473644,21.44932147012966,704,978,445.5135624972687,265.3049088185205,724.8984713157892
fish6,4129,206.45,20.0,20.0,13.78,7.399945679268489,4.681750011564009,5.4,29.70231323473644,21.44932147012966,694,919,444.8624340250463,263.58225907893706,722.3246931039833
fish6,4146,207.3,20.0,20.0,13.78,7.399945679268489,4.681750011564009,5.4,29.70231323473644,21.44932147012966,672,841,440.0571822562324,258.7901757456037,712.2873580018361
fish6,4161,208.05,20.0,20.0,13.78,7.399945679268489,4.681750011564009,5.4,29.70231323473644,21.44932147012966,619,769,452.3057071013086,261.90063779496086,726.5863448962695
fish6,4174,208.7,20.0,20.0,13.78,7.399945679268489,4.681750011564009,5.4,29.70231323473644,21.44932147012966,587,665,452.2510977263085,261.9051039407942,725.8962016671028
fish6,4198,209.9,20.0,20.0,13.78,7.399945679268489,4.681750011564009,5.4,29.70231323473644,21.44932147012966,551,507,449.1020786795724,261.89243151472937,722.0145101943017
fish6,4217,210.85,20.0,20.0,13.78,7.399945679268489,4.681750011564009,5.4,29.70231323473644,21.44932147012966,569,507,441.93074182353087,260.4848078168127,713.7955496403436
fish6,4221,211.05,20.0,20.0,13.78,7.399945679268489,4.681750011564009,5.4,29.70231323473644,21.44932147012966,566,497,441.8944223790864,261.333648962646,714.5480713417325
fish6,4244,212.2,20.0,20.0,13.78,7.399945679268489,4.681750011564009,5.4,29.70231323473644,21.44932147012966,596,339,437.1011237679752,261.8314744834793,710.8525982514544
fish6,4400,220.0,20.0,20.0,13.78,7.399945679268489,4.681750011564009,5.4,29.70231323473644,21.44932147012966,740,853,435.303771524142,255.27458656513417,705.3783580892762
fish6,4412,220.6,20.0,20.0,13.78,7.399945679268489,4.681750011564009,5.4,29.70231323473644,21.44932147012966,742,939,423.6449607602531,255.25152015888423,693.7364809191374
fish6,4458,222.9,20.0,20.0,13.78,7.399945679268489,4.681750011564009,5.4,29.70231323473644,21.44932147012966,746,951,426.689509316508,257.4719465901693,699.0814559066772
fish6,4471,223.55,20.0,20.0,13.78,7.399945679268489,4.681750011564009,5.4,29.70231323473644,21.44932147012966,712,953,424.1614711220636,255.89438799641928,694.2958591184829
fish6,4477,223.85,20.0,20.0,13.78,7.399945679268489,4.681750011564009,5.4,29.70231323473644,21.44932147012966,724,953,424.16408396928585,255.89434242350268,694.5384263927886
fish6,4495,224.75,20.0,20.0,13.78,7.399945679268489,4.681750011564009,5.4,29.70231323473644,21.44932147012966,720,957,418.8476690387303,258.576523413086,691.8241924518162
fish6,4513,225.65,20.0,20.0,13.78,7.399945679268489,4.681750011564009,5.4,29.70231323473644,21.44932147012966,731,861,425.0252638368772,256.8872330420175,696.5324968788947
fish6,4540,227.0,20.0,20.0,13.78,7.399945679268489,4.681750011564009,5.4,29.70231323473644,21.44932147012966,727,746,423.6190051563217,260.4903580420176,698.6493631983392
fish6,4551,227.55,20.0,20.0,13.78,7.399945679268489,4.681750011564009,5.4,29.70231323473644,21.44932147012966,742,833,419.60417515123146,258.3018683749729,692.7460435262044
fish6,4570,228.5,20.0,20.0,13.78,7.399945679268489,4.681750011564009,5.4,29.70231323473644,21.44932147012966,746,832,428.76434876234265,262.58908842705625,706.2734371893988
fish6,4630,231.5,20.0,20.0,13.78,7.399945679268489,4.681750011564009,5.4,29.70231323473644,21.44932147012966,753,780,425.1415709768036,261.58966143391933,701.7912324107228
fish6,4642,232.1,20.0,20.0,13.78,7.399945679268489,4.681750011564009,5.4,29.70231323473644,21.44932147012966,734,791,434.5240536156925,260.8517512776692,710.0558048933616
fish6,4663,233.15,20.0,20.0,13.78,7.399945679268489,4.681750011564009,5.4,29.70231323473644,21.44932147012966,735,766,440.4820656538598,258.1799152967664,713.3619809506263
fish6,4694,234.7,20.0,20.0,13.78,7.399945679268489,4.681750011564009,5.4,29.70231323473644,21.44932147012966,717,847,435.96261252885984,261.8266014946831,712.1292140235429
fish6,4695,234.75,20.0,20.0,13.78,7.399945679268489,4.681750011564009,5.4,29.70231323473644,21.44932147012966,717,847,435.9635934316376,261.8264387342664,712.130032165904
fish6,4721,236.05,20.0,20.0,13.78,7.399945679268489,4.681750011564009,5.4,29.70231323473644,21.44932147012966,715,886,437.2032766776192,263.4167349984805,714.9200116760996
fish6,4748,237.4,20.0,20.0,13.78,7.399945679268489,4.681750011564009,5.4,29.70231323473644,21.44932147012966,746,939,431.9792619164738,257.2639811036746,704.1632430201483
fish6,4755,237.75,20.0,20.0,13.78,7.399945679268489,4.681750011564009,5.4,29.70231323473644,21.44932147012966,747,939,431.963688999807,257.39135089534125,704.2950398951483
fish6,4782,239.1,20.0,20.0,13.78,7.399945679268489,4.681750011564009,5.4,29.70231323473644,21.44932147012966,742,963,437.2818487220293,261.4215396974246,713.5433884194539
fish6,4802,240.1,20.0,20.0,13.78,7.399945679268489,4.681750011564009,5.4,29.70231323473644,21.44932147012966,731,1052,442.2841666629745,260.9414680669043,717.8456347298787
fish6,4816,240.8,20.0,20.0,13.78,7.399945679268489,4.681750011564009,5.4,29.70231323473644,21.44932147012966,754,1038,442.36008680186336,260.9239224939877,718.3640092958511
fish6,4826,241.3,20.0,20.0,13.78,7.399945679268489,4.681750011564009,5.4,29.70231323473644,21.44932147012966,753,1050,429.7981683990857,263.28036780648773,708.1385362055734
fish7,1397,69.85,20.0,20.0,18.32,10.22675664575641,6.036797790982188,7.0,45.94235874099354,27.707537527306464,1071,2332,449.97289841029794,259.4748729872704,730.8677713975683
fish7,1458,72.9,20.0,20.0,18.32,10.22675664575641,6.036797790982188,7.0,45.94235874099354,27.707537527306464,1307,3426,454.0406936757782,262.8622330016666,743.0429266774448
fish7,1473,73.65,20.0,20.0,18.32,10.22675664575641,6.036797790982188,7.0,45.94235874099354,27.707537527306464,1430,3741,454.45397522417227,262.9459081369929,745.9998833611652
fish7,1511,75.55,20.0,20.0,18.32,10.22675664575641,6.036797790982188,7.0,45.94235874099354,27.707537527306464,1323,5030,453.6040190101152,262.77314777983554,742.8371667899507
fish7,1513,75.65,20.0,20.0,18.32,10.22675664575641,6.036797790982188,7.0,45.94235874099354,27.707537527306464,1275,5104,453.6267316758709,262.78458006031246,741.9113117361833
fish7,1543,77.15,20.0,20.0,18.32,10.22675664575641,6.036797790982188,7.0,45.94235874099354,27.707537527306464,1225,5061,446.9781813887796,264.36059244639074,735.8387738351703
fish7,1570,78.5,20.0,20.0,18.32,10.22675664575641,6.036797790982188,7.0,45.94235874099354,27.707537527306464,1233,2079,450.9294095696342,265.5108852089776,741.1002947786118
fish7,1571,78.55,20.0,20.0,18.32,10.22675664575641,6.036797790982188,7.0,45.94235874099354,27.707537527306464,1254,2016,450.8994747027927,265.51317683851454,741.4926515413073
fish7,1675,83.75,20.0,20.0,18.32,10.22675664575641,6.036797790982188,7.0,45.94235874099354,27.707537527306464,1311,4029,439.4887270543793,261.94640291085784,727.6551299652372
fish7,1731,86.55,20.0,20.0,18.32,10.22675664575641,6.036797790982188,7.0,45.94235874099354,27.707537527306464,1080,4366,437.7712412217883,259.0823891753726,718.453630397161
fish7,1742,87.1,20.0,20.0,18.32,10.22675664575641,6.036797790982188,7.0,45.94235874099354,27.707537527306464,1109,4402,432.2410762224363,261.9047004718358,716.325776694272
fish7,1770,88.5,20.0,20.0,18.32,10.22675664575641,6.036797790982188,7.0,45.94235874099354,27.707537527306464,1246,3965,437.6240791225858,259.4694921588474,722.0135712814332
fish7,1789,89.45,20.0,20.0,18.32,10.22675664575641,6.036797790982188,7.0,45.94235874099354,27.707537527306464,1230,3189,436.12310250694367,263.6018163543277,724.3249188612714
fish7,1793,89.65,20.0,20.0,18.32,10.22675664575641,6.036797790982188,7.0,45.94235874099354,27.707537527306464,1253,3078,436.17857993749936,263.63862624405766,724.8772061815571
fish7,1839,91.95,20.0,20.0,18.32,10.22675664575641,6.036797790982188,7.0,45.94235874099354,27.707537527306464,1073,1029,436.5794484311515,265.0761360481157,723.1155844792672
fish7,1867,93.35,20.0,20.0,18.32,10.22675664575641,6.036797790982188,7.0,45.94235874099354,27.707537527306464,1132,420,448.5416926573953,263.4785351562077,734.660227813603
fish7,1880,94.0,20.0,20.0,18.32,10.22675664575641,6.036797790982188,7.0,45.94235874099354,27.707537527306464,1069,228,436.8031423101732,265.5354361978744,723.7185785080476
fish7,1906,95.3,20.0,20.0,18.32,10.22675664575641,6.036797790982188,7.0,45.94235874099354,27.707537527306464,1035,226,459.0060369081661,264.534755849192,744.2407927573581
fish7,1944,97.2,20.0,20.0,18.32,10.22675664575641,6.036797790982188,7.0,45.94235874099354,27.707537527306464,1085,225,451.6193876026106,265.3659993387753,738.6853869413859
fish7,1945,97.25,20.0,20.0,18.32,10.22675664575641,6.036797790982188,7.0,45.94235874099354,27.707537527306464,1106,225,451.62485635261066,265.3659993387753,739.110855691386
fish7,1967,98.35,20.0,20.0,18.32,10.22675664575641,6.036797790982188,7.0,45.94235874099354,27.707537527306464,1093,293,449.21009465535474,265.49313793114555,736.5632325865002
fish7,1997,99.85,20.0,20.0,18.32,10.22675664575641,6.036797790982188,7.0,45.94235874099354,27.707537527306464,1117,460,450.24357189939536,265.5294108026186,738.1129827020139
fish7,2034,101.7,20.0,20.0,18.32,10.22675664575641,6.036797790982188,7.0,45.94235874099354,27.707537527306464,1074,1125,453.8063062743954,266.67095377136866,741.9572600457641
fish7,2063,103.15,20.0,20.0,18.32,10.22675664575641,6.036797790982188,7.0,45.94235874099354,27.707537527306464,1023,1327,453.1883722185865,262.9451789562543,736.5935511748409
fish7,2067,103.35,20.0,20.0,18.32,10.22675664575641,6.036797790982188,7.0,45.94235874099354,27.707537527306464,1030,1317,453.1873435540095,262.953466716671,736.7408102706805
fish7,2104,105.2,20.0,20.0,18.32,10.22675664575641,6.036797790982188,7.0,45.94235874099354,27.707537527306464,1085,1309,454.5019393581626,263.2432161149343,739.445155473097
fish7,2125,106.25,20.0,20.0,18.32,10.22675664575641,6.036797790982188,7.0,45.94235874099354,27.707537527306464,1223,1401,454.48683936601816,261.03742184410095,739.9842612101191
fish7,2126,106.3,20.0,20.0,18.32,10.22675664575641,6.036797790982188,7.0,45.94235874099354,27.707537527306464,1233,1402,454.4799122826848,261.03858069826765,740.1784929809525
fish7,2163,108.15,20.0,20.0,18.32,10.22675664575641,6.036797790982188,7.0,45.94235874099354,27.707537527306464,1179,1523,448.3839840759277,265.9115331466568,737.8755172225846
fish7,2170,108.5,20.0,20.0,18.32,10.22675664575641,6.036797790982188,7.0,45.94235874099354,27.707537527306464,1168,1610,448.2187323398167,265.91081700082344,737.4895493406401
fish7,2223,111.15,20.0,20.0,18.32,10.22675664575641,6.036797790982188,7.0,45.94235874099354,27.707537527306464,1261,1484,452.9847174057008,264.350654264821,742.5553716705217
fish7,2241,112.05,20.0,20.0,18.32,10.22675664575641,6.036797790982188,7.0,45.94235874099354,27.707537527306464,1281,1211,448.4903248899672,263.8334602544044,737.9437851443716
fish7,2258,112.9,20.0,20.0,18.32,10.22675664575641,6.036797790982188,7.0,45.94235874099354,27.707537527306464,1144,1056,452.0484889998072,264.1023502481672,739.0308392479744
fish7,2269,113.45,20.0,20.0,18.32,10.22675664575641,6.036797790982188,7.0,45.94235874099354,27.707537527306464,1068,893,447.8366312354569,263.23309894608394,732.4297301815408
fish7,2284,114.2,20.0,20.0,18.32,10.22675664575641,6.036797790982188,7.0,45.94235874099354,27.707537527306464,1026,784,436.2968829861112,263.2059635294173,720.0228465155285
fish7,2335,116.75,20.0,20.0,18.32,10.22675664575641,6.036797790982188,7.0,45.94235874099354,27.707537527306464,1058,617,445.36142794820535,261.0265689584944,727.5479969066997
fish7,2357,117.85,20.0,20.0,18.32,10.22675664575641,6.036797790982188,7.0,45.94235874099354,27.707537527306464,1091,417,444.0793441654724,264.33629230320184,730.2356364686742
fish7,2359,117.95,20.0,20.0,18.32,10.22675664575641,6.036797790982188,7.0,45.94235874099354,27.707537527306464,1123,406,445.7694136099168,264.3363313657019,732.5657449756187
fish7,2395,119.75,20.0,20.0,18.32,10.22675664575641,6.036797790982188,7.0,45.94235874099354,27.707537527306464,1061,394,444.59275562380566,265.4972167823685,731.3099724061742
fish7,2413,120.65,20.0,20.0,18.32,10.22675664575641,6.036797790982188,7.0,45.94235874099354,27.707537527306464,1128,537,444.326435915629,260.008583968258,726.895019883887
fish7,2417,120.85,20.0,20.0,18.32,10.22675664575641,6.036797790982188,7.0,45.94235874099354,27.707537527306464,1170,518,444.33504702674,260.0095475099247,727.7445945366647
fish7,2479,123.95,20.0,20.0,18.32,10.22675664575641,6.036797790982188,7.0,45.94235874099354,27.707537527306464,1162,457,439.3726726489408,263.9971972590022,726.609869907943
fish7,2497,124.85,20.0,20.0,18.32,10.22675664575641,6.036797790982188,7.0,45.94235874099354,27.707537527306464,1096,1877,438.78835012410485,262.38907549841133,723.0974256225162
fish7,2525,126.25,20.0,20.0,18.32,10.22675664575641,6.036797790982188,7.0,45.94235874099354,27.707537527306464,1014,2419,446.3830549852157,262.633476540078,729.2965315252936
fish7,2536,126.8,20.0,20.0,18.32,10.22675664575641,6.036797790982188,7.0,45.94235874099354,27.707537527306464,1009,2462,446.3983546276516,262.6368684671614,729.2152230948129
fish7,2546,127.3,20.0,20.0,18.32,10.22675664575641,6.036797790982188,7.0,45.94235874099354,27.707537527306464,968,2333,443.2071568422483,265.87662758174474,728.4437844239931
fish7,2568,128.4,20.0,20.0,18.32,10.22675664575641,6.036797790982188,7.0,45.94235874099354,27.707537527306464,926,2015,446.29493039611054,264.1834049407535,728.9983353368641
fish7,2603,130.15,20.0,20.0,18.32,10.22675664575641,6.036797790982188,7.0,45.94235874099354,27.707537527306464,1052,2076,445.32953111067405,262.7218716570431,729.0914027677171
fish7,2615,130.75,20.0,20.0,18.32,10.22675664575641,6.036797790982188,7.0,45.94235874099354,27.707537527306464,1049,2248,445.2495571322217,262.7323469174598,728.9619040496815
fish7,2631,131.55,20.0,20.0,18.32,10.22675664575641,6.036797790982188,7.0,45.94235874099354,27.707537527306464,1026,2362,454.8328818177776,266.3961359799597,741.7490177977373
fish7,2645,132.25,20.0,20.0,18.32,10.22675664575641,6.036797790982188,7.0,45.94235874099354,27.707537527306464,936,2168,450.9454729727099,265.8982323341264,735.5637053068364
fish7,2680,134.0,20.0,20.0,18.32,10.22675664575641,6.036797790982188,7.0,45.94235874099354,27.707537527306464,959,1625,436.1964660517186,264.2937011716101,719.6701672233287
fish7,2702,135.1,20.0,20.0,18.32,10.22675664575641,6.036797790982188,7.0,45.94235874099354,27.707537527306464,1050,2156,451.4760718926135,265.8505761522823,738.3266480448958
fish7,2719,135.95,20.0,20.0,18.32,10.22675664575641,6.036797790982188,7.0,45.94235874099354,27.707537527306464,1070,2507,451.31411010047066,263.4182779751989,736.1323880756696
fish7,2740,137.0,20.0,20.0,18.32,10.22675664575641,6.036797790982188,7.0,45.94235874099354,27.707537527306464,988,2591,447.5827472466175,266.5199120897822,733.8626593363997
fish7,2749,137.45,20.0,20.0,18.32,10.22675664575641,6.036797790982188,7.0,45.94235874099354,27.707537527306464,949,2362,451.8190971016589,268.4168163892958,739.2159134909547
fish7,2762,138.1,20.0,20.0,18.32,10.22675664575641,6.036797790982188,7.0,45.94235874099354,27.707537527306464,866,2322,455.0568749076937,267.05111977471245,739.4279946824062
fish7,2820,141.0,20.0,20.0,18.32,10.22675664575641,6.036797790982188,7.0,45.94235874099354,27.707537527306464,859,1259,453.3670482626833,262.8220410100195,733.3690892727028
fish7,2838,141.9,20.0,20.0,18.32,10.22675664575641,6.036797790982188,7.0,45.94235874099354,27.707537527306464,969,919,453.4228251672627,262.2794693954362,735.0822945626988
fish7,2847,142.35,20.0,20.0,18.32,10.22675664575641,6.036797790982188,7.0,45.94235874099354,27.707537527306464,1105,932,454.7851947486973,258.106393226454,734.9915879751512
fish7,2909,145.45,20.0,20.0,18.32,10.22675664575641,6.036797790982188,7.0,45.94235874099354,27.707537527306464,962,1033,440.87562924531534,261.4253645120833,721.5409937573986
fish7,2945,147.25,20.0,20.0,18.32,10.22675664575641,6.036797790982188,7.0,45.94235874099354,27.707537527306464,1040,819,436.8398393147597,262.4873892516666,720.1272285664263
fish7,2962,148.1,20.0,20.0,18.32,10.22675664575641,6.036797790982188,7.0,45.94235874099354,27.707537527306464,1007,604,439.739747983504,262.30382483036254,722.1835728138665
fish7,2985,149.25,20.0,20.0,18.32,10.22675664575641,6.036797790982188,7.0,45.94235874099354,27.707537527306464,1027,703,438.5388452057262,266.55515295536253,725.6339981610887
fish7,2989,149.45,20.0,20.0,18.32,10.22675664575641,6.036797790982188,7.0,45.94235874099354,27.707537527306464,1035,698,438.54516465017065,266.6154329032792,725.8605975534499
fish7,3027,151.35,20.0,20.0,18.32,10.22675664575641,6.036797790982188,7.0,45.94235874099354,27.707537527306464,1038,712,442.8444136772815,266.63718746676983,730.2416011440514
fish7,3043,152.15,20.0,20.0,18.32,10.22675664575641,6.036797790982188,7.0,45.94235874099354,27.707537527306464,1058,760,439.8051515245037,266.19763668551985,727.1627882100236
fish7,3066,153.3,20.0,20.0,18.32,10.22675664575641,6.036797790982188,7.0,45.94235874099354,27.707537527306464,1042,687,449.4576168836617,265.2531966145833,735.550813498245
fish7,3079,153.95,20.0,20.0,18.32,10.22675664575641,6.036797790982188,7.0,45.94235874099354,27.707537527306464,1070,748,449.4545179253284,266.0301106770833,736.8846286024117
fish7,3092,154.6,20.0,20.0,18.32,10.22675664575641,6.036797790982188,7.0,45.94235874099354,27.707537527306464,1069,823,438.2103078558837,266.0970052083333,725.687313064217
fish7,3111,155.55,20.0,20.0,18.32,10.22675664575641,6.036797790982188,7.0,45.94235874099354,27.707537527306464,1151,990,455.038510820384,267.22756184589593,745.2860726662799
fish7,3166,158.3,20.0,20.0,18.32,10.22675664575641,6.036797790982188,7.0,45.94235874099354,27.707537527306464,1095,1044,453.0359068142171,266.47765622350903,741.4135630377261
fish7,3181,159.05,20.0,20.0,18.32,10.22675664575641,6.036797790982188,7.0,45.94235874099354,27.707537527306464,1127,1075,451.62410125866177,268.541367161009,742.7054684196708
fish7,3201,160.05,20.0,20.0,18.32,10.22675664575641,6.036797790982188,7.0,45.94235874099354,27.707537527306464,1147,948,446.5903297688049,264.54694650861944,734.0772762774244
fish7,3215,160.75,20.0,20.0,18.32,10.22675664575641,6.036797790982188,7.0,45.94235874099354,27.707537527306464,1164,939,446.5852603243605,264.53802072736954,734.40328105173
fish7,3233,161.65,20.0,20.0,18.32,10.22675664575641,6.036797790982188,7.0,45.94235874099354,27.707537527306464,1178,804,455.1677429632493,269.0527342690361,747.7804772322853
fish7,3300,165.0,20.0,20.0,18.32,10.22675664575641,6.036797790982188,7.0,45.94235874099354,27.707537527306464,1095,1013,456.1803728286556,265.95040687763424,744.0307797062898
fish7,3321,166.05,20.0,20.0,18.32,10.22675664575641,6.036797790982188,7.0,45.94235874099354,27.707537527306464,1077,986,456.00083289809993,263.7465396901342,741.2873725882341
fish7,3367,168.35,20.0,20.0,18.32,10.22675664575641,6.036797790982188,7.0,45.94235874099354,27.707537527306464,1111,1412,453.1682893336919,267.93936519231795,743.3276545260098
fish7,3428,171.4,20.0,20.0,18.32,10.22675664575641,6.036797790982188,7.0,45.94235874099354,27.707537527306464,1110,1914,456.1602253356932,266.1710676878187,744.531293023512
fish7,3438,171.9,20.0,20.0,18.32,10.22675664575641,6.036797790982188,7.0,45.94235874099354,27.707537527306464,1050,1942,456.089018738471,266.2243294065688,743.3133481450398
fish7,3467,173.35,20.0,20.0,18.32,10.22675664575641,6.036797790982188,7.0,45.94235874099354,27.707537527306464,1033,2455,446.9169397080976,263.6328385151757,731.2097782232732
fish7,3485,174.25,20.0,20.0,18.32,10.22675664575641,6.036797790982188,7.0,45.94235874099354,27.707537527306464,1049,2947,435.7286367835528,263.7661913797591,720.4748281633119
fish7,3489,174.45,20.0,20.0,18.32,10.22675664575641,6.036797790982188,7.0,45.94235874099354,27.707537527306464,1061,3189,435.7744484413994,263.775039036009,720.7694874774085
fish7,3513,175.65,20.0,20.0,18.32,10.22675664575641,6.036797790982188,7.0,45.94235874099354,27.707537527306464,1030,3777,447.0994439253441,262.2237792574458,729.9232231827899
fish7,3530,176.5,20.0,20.0,18.32,10.22675664575641,6.036797790982188,7.0,45.94235874099354,27.707537527306464,1000,3720,447.35723060370543,260.4005891532792,727.7578197569846
fish7,3551,177.55,20.0,20.0,18.32,10.22675664575641,6.036797790982188,7.0,45.94235874099354,27.707537527306464,997,2913,447.6493225983042,265.05351560804576,732.64283820635
fish7,3568,178.4,20.0,20.0,18.32,10.22675664575641,6.036797790982188,7.0,45.94235874099354,27.707537527306464,998,2784,449.97518642425536,263.83587236718074,733.7710587914362
fish7,3601,180.05,20.0,20.0,18.32,10.22675664575641,6.036797790982188,7.0,45.94235874099354,27.707537527306464,1176,4748,449.2495745894066,261.2181282207807,733.9877028101873
fish7,3625,181.25,20.0,20.0,18.32,10.22675664575641,6.036797790982188,7.0,45.94235874099354,27.707537527306464,1439,4327,451.01673169124274,265.12495438635085,744.9216860775936
fish7,3657,182.85,20.0,20.0,18.32,10.22675664575641,6.036797790982188,7.0,45.94235874099354,27.707537527306464,1067,1771,449.4703724172333,266.5189778065576,737.3293502237909
fish7,3667,183.35,20.0,20.0,18.32,10.22675664575641,6.036797790982188,7.0,45.94235874099354,27.707537527306464,1170,917,452.2090008894555,264.2848534651757,739.8938543546311
fish7,4114,205.7,20.0,20.0,18.32,10.22675664575641,6.036797790982188,7.0,45.94235874099354,27.707537527306464,963,1977,428.8917272779676,257.6640461791885,705.8157734571562
fish7,4115,205.75,20.0,20.0,18.32,10.22675664575641,6.036797790982188,7.0,45.94235874099354,27.707537527306464,968,1901,428.8594876946343,257.66714513752186,705.8866328321561
fish7,4157,207.85,20.0,20.0,18.32,10.22675664575641,6.036797790982188,7.0,45.94235874099354,27.707537527306464,934,1142,427.7583327760297,258.42647451772694,704.8648072937566
fish7,4163,208.15,20.0,20.0,18.32,10.22675664575641,6.036797790982188,7.0,45.94235874099354,27.707537527306464,858,1249,430.2564971379599,257.2821971739769,704.6986943119367
fish7,4194,209.7,20.0,20.0,18.32,10.22675664575641,6.036797790982188,7.0,45.94235874099354,27.707537527306464,1107,2470,429.2074606142209,261.2074055073102,712.5548661215311
fish7,4209,210.45,20.0,20.0,18.32,10.22675664575641,6.036797790982188,7.0,45.94235874099354,27.707537527306464,1093,2395,421.4186977899999,257.49143554304976,700.7701333330497
fish7,4224,211.2,20.0,20.0,18.32,10.22675664575641,6.036797790982188,7.0,45.94235874099354,27.707537527306464,1094,1966,431.2771353575907,261.8447233034665,715.0018586610571
fish7,4261,213.05,20.0,20.0,18.32,10.22675664575641,6.036797790982188,7.0,45.94235874099354,27.707537527306464,1150,2378,428.0510977864395,260.4679817443423,711.5190795307818
fish7,4264,213.2,20.0,20.0,18.32,10.22675664575641,6.036797790982188,7.0,45.94235874099354,27.707537527306464,1142,2091,438.122885980884,258.2383333068423,719.2012192877263
fish7,4284,214.2,20.0,20.0,18.32,10.22675664575641,6.036797790982188,7.0,45.94235874099354,27.707537527306464,1145,2436,427.5405855414308,260.23412106725897,710.6747066086897
fish7,4320,216.0,20.0,20.0,18.32,10.22675664575641,6.036797790982188,7.0,45.94235874099354,27.707537527306464,898,1974,444.3804426262749,261.03873686892194,723.3791794951969
fish7,4321,216.05,20.0,20.0,18.32,10.22675664575641,6.036797790982188,7.0,45.94235874099354,27.707537527306464,896,1850,444.3711414478256,261.037662650172,723.3288040979975
fish7,4357,217.85,20.0,20.0,18.32,10.22675664575641,6.036797790982188,7.0,45.94235874099354,27.707537527306464,1007,1218,438.6165928403313,262.2667512559256,721.0233440962569
fish7,4360,218.0,20.0,20.0,18.32,10.22675664575641,6.036797790982188,7.0,45.94235874099354,27.707537527306464,1043,1093,438.5820615903314,262.27205073509214,721.7141123254236
fish7,4429,221.45,20.0,20.0,18.32,10.22675664575641,6.036797790982188,7.0,45.94235874099354,27.707537527306464,981,837,441.9437890367108,262.83143864949545,724.3952276862063
fish7,4435,221.75,20.0,20.0,18.32,10.22675664575641,6.036797790982188,7.0,45.94235874099354,27.707537527306464,1017,775,441.9263584811552,262.8340297953288,725.100388276484
fish7,4457,222.85,20.0,20.0,18.32,10.22675664575641,6.036797790982188,7.0,45.94235874099354,27.707537527306464,1051,462,443.4667357312615,263.5913215248956,728.0780572561571
fish7,4490,224.5,20.0,20.0,18.32,10.22675664575641,6.036797790982188,7.0,45.94235874099354,27.707537527306464,1030,437,433.4252687173726,263.7142707436456,717.7395394610181
fish7,4510,225.5,20.0,20.0,18.32,10.22675664575641,6.036797790982188,7.0,45.94235874099354,27.707537527306464,1064,749,443.2870957233005,261.3962988204003,725.9633945437008
fish7,4550,227.5,20.0,20.0,18.32,10.22675664575641,6.036797790982188,7.0,45.94235874099354,27.707537527306464,989,2185,436.8113142654796,263.5663704297279,720.1576846952074
fish7,4555,227.75,20.0,20.0,18.32,10.22675664575641,6.036797790982188,7.0,45.94235874099354,27.707537527306464,989,2219,436.8231805849241,263.5701074088945,720.1732879938186
fish7,4570,228.5,20.0,20.0,18.32,10.22675664575641,6.036797790982188,7.0,45.94235874099354,27.707537527306464,963,2106,438.2997040461033,262.0714225130611,719.6311265591644
fish7,4590,229.5,20.0,20.0,18.32,10.22675664575641,6.036797790982188,7.0,45.94235874099354,27.707537527306464,863,1357,438.3773344991048,260.66984699222786,716.3071814913326
fish7,4649,232.45,20.0,20.0,18.32,10.22675664575641,6.036797790982188,7.0,45.94235874099354,27.707537527306464,1088,1187,441.2375160481771,260.7627764574581,723.7602925056351
fish7,4685,234.25,20.0,20.0,18.32,10.22675664575641,6.036797790982188,7.0,45.94235874099354,27.707537527306464,1163,1195,425.2271558543829,260.2224965095415,708.7096523639243
fish7,4706,235.3,20.0,20.0,18.32,10.22675664575641,6.036797790982188,7.0,45.94235874099354,27.707537527306464,1119,1444,435.3191751807696,258.2109341883236,715.9101093690932
fish7,4710,235.5,20.0,20.0,18.32,10.22675664575641,6.036797790982188,7.0,45.94235874099354,27.707537527306464,1124,1531,435.5233678891029,258.21310866749025,716.2164765565931
fish7,4763,238.15,20.0,20.0,18.32,10.22675664575641,6.036797790982188,7.0,45.94235874099354,27.707537527306464,1028,2144,434.5051562101387,257.1512402198685,712.2163964300071
fish7,4782,239.1,20.0,20.0,18.32,10.22675664575641,6.036797790982188,7.0,45.94235874099354,27.707537527306464,1009,2898,436.8064496129165,257.19554360528514,714.1819932182017
fish7,4785,239.25,20.0,20.0,18.32,10.22675664575641,6.036797790982188,7.0,45.94235874099354,27.707537527306464,996,2961,435.6482030851388,257.9065592302852,713.474762315424
fish7,4806,240.3,20.0,20.0,18.32,10.22675664575641,6.036797790982188,7.0,45.94235874099354,27.707537527306464,1004,3216,429.69115876447887,256.4886523232353,706.2598110877142
fish7,4823,241.15,20.0,20.0,18.32,10.22675664575641,6.036797790982188,7.0,45.94235874099354,27.707537527306464,1012,3542,429.6452473061456,260.70594726256263,710.5911945687083
fish7,4844,242.2,20.0,20.0,18.32,10.22675664575641,6.036797790982188,7.0,45.94235874099354,27.707537527306464,1086,3705,435.6217230005902,260.5030468485089,717.8447698490991
fish7,4879,243.95,20.0,20.0,18.32,10.22675664575641,6.036797790982188,7.0,45.94235874099354,27.707537527306464,1019,4258,439.4522388888888,258.2323697895898,718.0646086784786
fish7,4888,244.4,20.0,20.0,18.32,10.22675664575641,6.036797790982188,7.0,45.94235874099354,27.707537527306464,1036,4261,428.9202510416667,260.1422395812564,709.7824906229231
fish7,4908,245.4,20.0,20.0,18.32,10.22675664575641,6.036797790982188,7.0,45.94235874099354,27.707537527306464,1022,4408,438.637634281846,259.5657975247595,718.6434318066056
fish7,4938,246.9,20.0,20.0,18.32,10.22675664575641,6.036797790982188,7.0,45.94235874099354,27.707537527306464,1045,4434,437.1487280987587,257.8056640597873,715.8543921585459
fish7,4965,248.25,20.0,20.0,18.32,10.22675664575641,6.036797790982188,7.0,45.94235874099354,27.707537527306464,1071,3092,435.3050040735127,259.54457031042307,716.2695743839357
fish7,4985,249.25,20.0,20.0,18.32,10.22675664575641,6.036797790982188,7.0,45.94235874099354,27.707537527306464,1098,3274,435.57588080962375,265.6918359313965,723.2277167410202
fish7,4987,249.35,20.0,20.0,18.32,10.22675664575641,6.036797790982188,7.0,45.94235874099354,27.707537527306464,1105,3413,435.4723391429571,265.69538736316895,723.267726506126
fish7,5017,250.85,20.0,20.0,18.32,10.22675664575641,6.036797790982188,7.0,45.94235874099354,27.707537527306464,1122,4143,432.8544877326118,260.90037750239907,716.1948652350109
fish7,5040,252.0,20.0,20.0,18.32,10.22675664575641,6.036797790982188,7.0,45.94235874099354,27.707537527306464,1149,4058,442.05028641493055,264.6527342929416,729.6830207078722
fish7,5069,253.45,20.0,20.0,18.32,10.22675664575641,6.036797790982188,7.0,45.94235874099354,27.707537527306464,1017,3676,450.6515833627018,263.86891926977364,734.8605026324755
fish7,5093,254.65,20.0,20.0,18.32,10.22675664575641,6.036797790982188,7.0,45.94235874099354,27.707537527306464,986,3303,439.22832803938127,264.1831803385311,723.1315083779124
fish7,5110,255.5,20.0,20.0,18.32,10.22675664575641,6.036797790982188,7.0,45.94235874099354,27.707537527306464,1021,2883,450.1644226069511,265.93900060059224,736.5234232075433
fish7,5133,256.65,20.0,20.0,18.32,10.22675664575641,6.036797790982188,7.0,45.94235874099354,27.707537527306464,1022,2322,450.1215276183328,263.7503677880923,734.3118954064252
fish7,5147,257.35,20.0,20.0,18.32,10.22675664575641,6.036797790982188,7.0,45.94235874099354,27.707537527306464,1104,1993,448.9421206890908,268.826897736009,739.8490184250999
fish7,5158,257.9,20.0,20.0,18.32,10.22675664575641,6.036797790982188,7.0,45.94235874099354,27.707537527306464,1041,2031,448.7826068002018,270.7341568505923,740.3367636507941
fish7,5174,258.7,20.0,20.0,18.32,10.22675664575641,6.036797790982188,7.0,45.94235874099354,27.707537527306464,1093,1895,451.0340738140907,269.34299799642565,742.2370718105163
fish7,5283,264.15,20.0,20.0,18.32,10.22675664575641,6.036797790982188,7.0,45.94235874099354,27.707537527306464,1043,1074,442.3241434351603,262.4536457976871,725.6377892328475
fish7,5313,265.65,20.0,20.0,18.32,10.22675664575641,6.036797790982188,7.0,45.94235874099354,27.707537527306464,1095,1207,440.50024711083313,260.0425389946831,722.4427861055162
fish7,5415,270.75,20.0,20.0,18.32,10.22675664575641,6.036797790982188,7.0,45.94235874099354,27.707537527306464,1019,3457,433.0973220327683,264.0042805942854,717.4816026270537
fish7,5424,271.2,20.0,20.0,18.32,10.22675664575641,6.036797790982188,7.0,45.94235874099354,27.707537527306464,1005,3529,433.1386370756173,264.0073600213687,717.2459970969861
fish7,5438,271.9,20.0,20.0,18.32,10.22675664575641,6.036797790982188,7.0,45.94235874099354,27.707537527306464,940,3570,443.0683462745761,268.5582845005354,730.4266307751114
fish7,5459,272.95,20.0,20.0,18.32,10.22675664575641,6.036797790982188,7.0,45.94235874099354,27.707537527306464,901,2385,440.6956809473673,264.6724967445267,723.388177691894
fish7,5477,273.85,20.0,20.0,18.32,10.22675664575641,6.036797790982188,7.0,45.94235874099354,27.707537527306464,949,1991,450.7602466941363,262.38946614545193,732.1297128395883
fish7,5505,275.25,20.0,20.0,18.32,10.22675664575641,6.036797790982188,7.0,45.94235874099354,27.707537527306464,1115,2832,442.1819919469574,264.7242219922278,729.2062139391851
fish7,5533,276.65,20.0,20.0,18.32,10.22675664575641,6.036797790982188,7.0,45.94235874099354,27.707537527306464,1044,3554,450.0000822575888,262.98509438806104,733.8651766456497
fish7,5536,276.8,20.0,20.0,18.32,10.22675664575641,6.036797790982188,7.0,45.94235874099354,27.707537527306464,1044,3550,450.00326802147765,262.98661782556104,733.8698858470387
fish7,5555,277.75,20.0,20.0,18.32,10.22675664575641,6.036797790982188,7.0,45.94235874099354,27.707537527306464,925,3583,451.2509065926823,268.2401529881688,737.991059580851
fish7,5593,279.65,20.0,20.0,18.32,10.22675664575641,6.036797790982188,7.0,45.94235874099354,27.707537527306464,929,2533,452.3362799176061,267.6448697833592,738.5611497009653
fish7,5612,280.6,20.0,20.0,18.32,10.22675664575641,6.036797790982188,7.0,45.94235874099354,27.707537527306464,996,2358,446.9774385703003,262.61164710218657,729.5090856724868
fish7,5632,281.6,20.0,20.0,18.32,10.22675664575641,6.036797790982188,7.0,45.94235874099354,27.707537527306464,997,2104,455.0560715232378,266.9699739251032,741.966045448341
fish7,5635,281.75,20.0,20.0,18.32,10.22675664575641,6.036797790982188,7.0,45.94235874099354,27.707537527306464,1017,2131,455.0514274260157,266.96091793551994,742.3523453615356
fish7,5709,285.45,20.0,20.0,18.32,10.22675664575641,6.036797790982188,7.0,45.94235874099354,27.707537527306464,1049,1208,452.26857608981663,265.40272781266106,738.6513039024777
fish7,5730,286.5,20.0,20.0,18.32,10.22675664575641,6.036797790982188,7.0,45.94235874099354,27.707537527306464,1088,1039,451.96242157592775,262.7659439584944,736.4883655344222
fish7,5743,287.15,20.0,20.0,18.32,10.22675664575641,6.036797790982188,7.0,45.94235874099354,27.707537527306464,1090,949,452.007595187039,262.9147655730778,736.7223607601168
fish7,5757,287.85,20.0,20.0,18.32,10.22675664575641,6.036797790982188,7.0,45.94235874099354,27.707537527306464,1069,924,449.4345051839192,266.46194326374257,737.2764484476618
fish7,5773,288.65,20.0,20.0,18.32,10.22675664575641,6.036797790982188,7.0,45.94235874099354,27.707537527306464,1057,937,450.70092011447474,264.757600815826,736.5985209303007
fish7,5826,291.3,20.0,20.0,18.32,10.22675664575641,6.036797790982188,7.0,45.94235874099354,27.707537527306464,1098,673,445.08977378645545,265.80240884462995,732.8521826310855
fish7,5829,291.45,20.0,20.0,18.32,10.22675664575641,6.036797790982188,7.0,45.94235874099354,27.707537527306464,1121,681,455.1070828142331,265.7972981675466,743.3243809817797
fish7,5894,294.7,20.0,20.0,18.32,10.22675664575641,6.036797790982188,7.0,45.94235874099354,27.707537527306464,1099,1290,437.6828904366199,264.69421547333405,724.357105909954
fish7,5904,295.2,20.0,20.0,18.32,10.22675664575641,6.036797790982188,7.0,45.94235874099354,27.707537527306464,1009,1553,437.8757676255779,264.0707519386185,722.1265195641964
fish7,5920,296.0,20.0,20.0,18.32,10.22675664575641,6.036797790982188,7.0,45.94235874099354,27.707537527306464,1042,1526,445.464378736689,263.5498795427851,729.8542582794742
fish7,6020,301.0,20.0,20.0,18.32,10.22675664575641,6.036797790982188,7.0,45.94235874099354,27.707537527306464,1044,1989,438.06662671710353,261.6538996378157,720.6005263549192
fish7,6038,301.9,20.0,20.0,18.32,10.22675664575641,6.036797790982188,7.0,45.94235874099354,27.707537527306464,1044,2158,447.9201770643257,265.10904937739906,733.9092264417247
fish7,6048,302.4,20.0,20.0,18.32,10.22675664575641,6.036797790982188,7.0,45.94235874099354,27.707537527306464,1031,2303,448.53043319702135,265.4561002602471,734.6065334572685
fish7,6075,303.75,20.0,20.0,18.32,10.22675664575641,6.036797790982188,7.0,45.94235874099354,27.707537527306464,1047,2276,449.09627521091033,263.1138997394138,733.1501749503242
fish7,6085,304.25,20.0,20.0,18.32,10.22675664575641,6.036797790982188,7.0,45.94235874099354,27.707537527306464,1048,2295,449.1305026414658,263.1110611977471,733.2015638392129
fish7,6113,305.65,20.0,20.0,18.32,10.22675664575641,6.036797790982188,7.0,45.94235874099354,27.707537527306464,943,2502,452.9115014274692,263.92977861493426,735.7012800424035
fish7,6128,306.4,20.0,20.0,18.32,10.22675664575641,6.036797790982188,7.0,45.94235874099354,27.707537527306464,938,2600,452.0241966950404,261.95356767743425,732.7377643724747
fish7,6146,307.3,20.0,20.0,18.32,10.22675664575641,6.036797790982188,7.0,45.94235874099354,27.707537527306464,964,2653,451.7894484311516,261.9366861670177,733.0061345981692
fish7,6177,308.85,20.0,20.0,18.32,10.22675664575641,6.036797790982188,7.0,45.94235874099354,27.707537527306464,938,2926,444.8764495198567,265.2708626186689,728.9073121385256
fish7,6196,309.8,20.0,20.0,18.32,10.22675664575641,6.036797790982188,7.0,45.94235874099354,27.707537527306464,919,3025,444.39135403374553,267.1703971347385,729.9417511684841
fish7,6201,310.05,20.0,20.0,18.32,10.22675664575641,6.036797790982188,7.0,45.94235874099354,27.707537527306464,920,3308,449.8714749854571,268.0042805223995,736.2757555078566
fish7,6260,313.0,20.0,20.0,18.32,10.22675664575641,6.036797790982188,7.0,45.94235874099354,27.707537527306464,1023,6078,447.65114575127495,264.3842480444908,732.4953937957657
fish7,6262,313.1,20.0,20.0,18.32,10.22675664575641,6.036797790982188,7.0,45.94235874099354,27.707537527306464,1106,6078,447.4932117078992,264.38359049240745,733.9968022003067
fish7,6294,314.7,20.0,20.0,18.32,10.22675664575641,6.036797790982188,7.0,45.94235874099354,27.707537527306464,1401,6084,438.6254339301214,263.5399837215742,730.1854176516956
fish7,6319,315.95,20.0,20.0,18.32,10.22675664575641,6.036797790982188,7.0,45.94235874099354,27.707537527306464,1520,6221,454.6623652357126,264.88126952701145,749.9436347627241
fish7,6339,316.95,20.0,20.0,18.32,10.22675664575641,6.036797790982188,7.0,45.94235874099354,27.707537527306464,1512,6221,453.89058572182375,262.3671223915948,746.4977081134186
fish7,6343,317.15,20.0,20.0,18.32,10.22675664575641,6.036797790982188,7.0,45.94235874099354,27.707537527306464,1512,6221,453.9264016940459,262.3666861936781,746.533087887724
fish7,6372,318.6,20.0,20.0,18.32,10.22675664575641,6.036797790982188,7.0,45.94235874099354,27.707537527306464,1496,6308,452.0679118620508,265.21016599221747,747.1980778542683
fish7,6379,318.95,20.0,20.0,18.32,10.22675664575641,6.036797790982188,7.0,45.94235874099354,27.707537527306464,1500,6289,452.00608894538414,265.2113313568008,747.217420302185
fish7,6439,321.95,20.0,20.0,18.32,10.22675664575641,6.036797790982188,7.0,45.94235874099354,27.707537527306464,1501,6219,452.94854592238073,259.0579622389052,742.0265081612858
fish7,6559,327.95,20.0,20.0,18.32,10.22675664575641,6.036797790982188,7.0,45.94235874099354,27.707537527306464,1302,2548,436.9881117124015,261.67214834387033,724.7002600562719
fish7,6575,328.75,20.0,20.0,18.32,10.22675664575641,6.036797790982188,7.0,45.94235874099354,27.707537527306464,1149,2529,439.0223436679417,260.5888540730372,722.5911977409789
fish7,6597,329.85,20.0,20.0,18.32,10.22675664575641,6.036797790982188,7.0,45.94235874099354,27.707537527306464,1124,2706,436.50695730928,264.1185774692853,723.1055347785654
fish7,6599,329.95,20.0,20.0,18.32,10.22675664575641,6.036797790982188,7.0,45.94235874099354,27.707537527306464,1106,2706,436.3793965453913,266.26627278178535,724.7656693271766
fish7,6619,330.95,20.0,20.0,18.32,10.22675664575641,6.036797790982188,7.0,45.94235874099354,27.707537527306464,987,2612,429.8584893636069,262.2097818963686,711.8082712599755
fish7,6638,331.9,20.0,20.0,18.32,10.22675664575641,6.036797790982188,7.0,45.94235874099354,27.707537527306464,917,2619,439.79629751095257,266.7484537713686,724.8847512823212
fish7,6675,333.75,20.0,20.0,18.32,10.22675664575641,6.036797790982188,7.0,45.94235874099354,27.707537527306464,951,2625,448.3012271678594,263.23150061898764,730.5527277868471
fish7,6692,334.6,20.0,20.0,18.32,10.22675664575641,6.036797790982188,7.0,45.94235874099354,27.707537527306464,1006,6076,438.4894129317484,263.40257479679326,722.0119877285416
fish7,6939,346.95,20.0,20.0,18.32,10.22675664575641,6.036797790982188,7.0,45.94235874099354,27.707537527306464,1091,259,461.9546175733024,258.03596676482096,741.8105843381235
fish7,7054,352.7,20.0,20.0,18.32,10.22675664575641,6.036797790982188,7.0,45.94235874099354,27.707537527306464,1020,399,449.0712536239625,260.1395637851292,729.6108174090916
fish7,7064,353.2,20.0,20.0,18.32,10.22675664575641,6.036797790982188,7.0,45.94235874099354,27.707537527306464,1091,341,447.9810326870389,260.14179034762907,729.9428230346681
fish7,7095,354.75,20.0,20.0,18.32,10.22675664575641,6.036797790982188,7.0,45.94235874099354,27.707537527306464,972,417,432.0176301612384,259.81822263929587,711.2758528005343
fish7,7124,356.2,20.0,20.0,18.32,10.22675664575641,6.036797790982188,7.0,45.94235874099354,27.707537527306464,1006,474,444.6535545978122,259.39606768184234,724.1696222796546
fish7,7145,357.25,20.0,20.0,18.32,10.22675664575641,6.036797790982188,7.0,45.94235874099354,27.707537527306464,1071,867,445.2218315381462,257.6889973753188,724.3308289134649
fish8,261,13.05,20.0,20.0,12.7,10.581771922597389,5.352740105643095,5.866666666666666,43.23094425483503,27.05577794893687,539,1186,432.1754331970215,265.93613606464595,708.8915692616674
fish8,273,13.65,20.0,20.0,12.7,10.581771922597389,5.352740105643095,5.866666666666666,43.23094425483503,27.05577794893687,492,1394,420.1139967922447,264.4010839682579,694.3550807605026
fish8,276,13.8,20.0,20.0,12.7,10.581771922597389,5.352740105643095,5.866666666666666,43.23094425483503,27.05577794893687,500,1387,419.85163129272456,264.38118162281256,694.2328129155371
fish8,281,14.05,20.0,20.0,12.7,10.581771922597389,5.352740105643095,5.866666666666666,43.23094425483503,27.05577794893687,497,1316,410.4978988352834,264.4016113005638,684.8395101358473
fish8,290,14.5,20.0,20.0,12.7,10.581771922597389,5.352740105643095,5.866666666666666,43.23094425483503,27.05577794893687,529,1432,410.1815226764255,260.2478515338474,681.009374210273
fish8,296,14.8,20.0,20.0,12.7,10.581771922597389,5.352740105643095,5.866666666666666,43.23094425483503,27.05577794893687,533,1502,410.0085496527778,260.25996741926406,680.9285170720418
fish8,326,16.3,20.0,20.0,12.7,10.581771922597389,5.352740105643095,5.866666666666666,43.23094425483503,27.05577794893687,767,1644,423.6346874807098,260.9919986334484,699.9666861141583
fish8,332,16.6,20.0,20.0,12.7,10.581771922597389,5.352740105643095,5.866666666666666,43.23094425483503,27.05577794893687,816,1691,423.2022090777928,261.00807936261504,700.5302884404078
fish8,337,16.85,20.0,20.0,12.7,10.581771922597389,5.352740105643095,5.866666666666666,43.23094425483503,27.05577794893687,825,1680,423.140499020254,261.0072460292816,700.6477450495356
fish8,345,17.25,20.0,20.0,12.7,10.581771922597389,5.352740105643095,5.866666666666666,43.23094425483503,27.05577794893687,842,1674,417.316219617886,261.1158462896983,695.2720659075843
fish8,386,19.3,20.0,20.0,12.7,10.581771922597389,5.352740105643095,5.866666666666666,43.23094425483503,27.05577794893687,870,1357,421.7206639132842,261.0909504921807,700.211614405465
fish8,392,19.6,20.0,20.0,12.7,10.581771922597389,5.352740105643095,5.866666666666666,43.23094425483503,27.05577794893687,879,1341,421.66240001761366,261.096041638014,700.3384416556277
fish8,396,19.8,20.0,20.0,12.7,10.581771922597389,5.352740105643095,5.866666666666666,43.23094425483503,27.05577794893687,908,1317,421.6610717153856,261.1043489296807,700.9254206450663
fish8,402,20.1,20.0,20.0,12.7,10.581771922597389,5.352740105643095,5.866666666666666,43.23094425483503,27.05577794893687,988,1350,420.2274736870661,260.7795930775007,700.7670667645667
fish8,409,20.45,20.0,20.0,12.7,10.581771922597389,5.352740105643095,5.866666666666666,43.23094425483503,27.05577794893687,1108,1349,418.8393399293498,260.0984277129174,701.0977676422672
fish8,415,20.75,20.0,20.0,12.7,10.581771922597389,5.352740105643095,5.866666666666666,43.23094425483503,27.05577794893687,1137,1334,418.260051564233,260.0994172962507,701.0994688604837
fish8,421,21.05,20.0,20.0,12.7,10.581771922597389,5.352740105643095,5.866666666666666,43.23094425483503,27.05577794893687,1159,1337,417.70742125100975,260.1073665150008,700.9947877660105
fish8,448,22.4,20.0,20.0,12.7,10.581771922597389,5.352740105643095,5.866666666666666,43.23094425483503,27.05577794893687,834,1126,423.84051606353006,261.62672844262653,702.1472445061565
fish8,453,22.65,20.0,20.0,12.7,10.581771922597389,5.352740105643095,5.866666666666666,43.23094425483503,27.05577794893687,856,1086,422.9165751026106,261.62630526554324,701.6628803681539
fish8,459,22.95,20.0,20.0,12.7,10.581771922597389,5.352740105643095,5.866666666666666,43.23094425483503,27.05577794893687,864,1074,432.3323954317823,261.6307844322099,711.2431798639922
fish8,464,23.2,20.0,20.0,12.7,10.581771922597389,5.352740105643095,5.866666666666666,43.23094425483503,27.05577794893687,883,1092,432.1106636099168,260.3518651613765,710.1225287712933
fish8,471,23.55,20.0,20.0,12.7,10.581771922597389,5.352740105643095,5.866666666666666,43.23094425483503,27.05577794893687,956,1165,431.7517356526694,260.3524380780432,711.2241737307126
fish8,474,23.7,20.0,20.0,12.7,10.581771922597389,5.352740105643095,5.866666666666666,43.23094425483503,27.05577794893687,978,1221,431.6918701953841,260.35346021345987,711.6053304088439
fish8,478,23.9,20.0,20.0,12.7,10.581771922597389,5.352740105643095,5.866666666666666,43.23094425483503,27.05577794893687,981,1282,431.5047738352835,260.3586099530432,711.4833837883267
fish8,486,24.3,20.0,20.0,12.7,10.581771922597389,5.352740105643095,5.866666666666666,43.23094425483503,27.05577794893687,1000,1287,420.1314534422132,265.0049315676265,705.1363850098397
fish8,494,24.7,20.0,20.0,12.7,10.581771922597389,5.352740105643095,5.866666666666666,43.23094425483503,27.05577794893687,994,1198,419.6358067472481,265.2525813072098,704.7683880544579
fish8,497,24.85,20.0,20.0,12.7,10.581771922597389,5.352740105643095,5.866666666666666,43.23094425483503,27.05577794893687,1012,1191,432.1273693790389,262.1830923053318,714.5504616843707
fish8,501,25.05,20.0,20.0,12.7,10.581771922597389,5.352740105643095,5.866666666666666,43.23094425483503,27.05577794893687,1008,1180,441.604370207139,263.21184230533186,724.9762125124709
fish8,528,26.4,20.0,20.0,12.7,10.581771922597389,5.352740105643095,5.866666666666666,43.23094425483503,27.05577794893687,985,594,437.95749969135807,263.2949933469985,720.9524930383566
fish8,534,26.7,20.0,20.0,12.7,10.581771922597389,5.352740105643095,5.866666666666666,43.23094425483503,27.05577794893687,1001,575,437.9549866848228,263.2942641803318,721.2692508651546
fish8,545,27.25,20.0,20.0,12.7,10.581771922597389,5.352740105643095,5.866666666666666,43.23094425483503,27.05577794893687,1203,687,434.3504596455891,262.8972459511651,721.3077055967542
fish8,546,27.3,20.0,20.0,12.7,10.581771922597389,5.352740105643095,5.866666666666666,43.23094425483503,27.05577794893687,1236,736,434.2401992289225,262.92432928449847,721.884528513421
fish8,556,27.8,20.0,20.0,12.7,10.581771922597389,5.352740105643095,5.866666666666666,43.23094425483503,27.05577794893687,1336,1094,436.606518328556,264.48865555952926,727.8151738880853
fish8,557,27.85,20.0,20.0,12.7,10.581771922597389,5.352740105643095,5.866666666666666,43.23094425483503,27.05577794893687,1376,1178,436.4539749104818,264.48920243452926,728.463177345011
fish8,564,28.2,20.0,20.0,12.7,10.581771922597389,5.352740105643095,5.866666666666666,43.23094425483503,27.05577794893687,1408,1390,439.2472170902769,262.15989904911254,729.5671161393894
fish8,570,28.5,20.0,20.0,12.7,10.581771922597389,5.352740105643095,5.866666666666666,43.23094425483503,27.05577794893687,1487,1439,439.0067874104819,262.1666568616125,730.9134442720945
fish8,575,28.75,20.0,20.0,12.7,10.581771922597389,5.352740105643095,5.866666666666666,43.23094425483503,27.05577794893687,1481,1441,438.9169783672569,262.1752961845292,730.7122745517861
fish8,580,29.0,20.0,20.0,12.7,10.581771922597389,5.352740105643095,5.866666666666666,43.23094425483503,27.05577794893687,1532,1420,437.3518437472685,262.1819107678625,730.173754515131
fish8,586,29.3,20.0,20.0,12.7,10.581771922597389,5.352740105643095,5.866666666666666,43.23094425483503,27.05577794893687,1632,1404,437.36992969285,263.2051008720293,733.2150305648793
fish8,592,29.6,20.0,20.0,12.7,10.581771922597389,5.352740105643095,5.866666666666666,43.23094425483503,27.05577794893687,1707,1384,437.4176250133938,263.2087336845293,734.766358697923
fish8,598,29.9,20.0,20.0,12.7,10.581771922597389,5.352740105643095,5.866666666666666,43.23094425483503,27.05577794893687,1740,1261,436.6021864329396,263.86018551482084,735.2623719477604
fish8,604,30.2,20.0,20.0,12.7,10.581771922597389,5.352740105643095,5.866666666666666,43.23094425483503,27.05577794893687,1746,1199,435.0310058773841,263.1700357752375,733.1210416526216
fish8,614,30.7,20.0,20.0,12.7,10.581771922597389,5.352740105643095,5.866666666666666,43.23094425483503,27.05577794893687,1728,1012,434.5880588197873,263.16395504607084,732.312013865858
fish8,617,30.85,20.0,20.0,12.7,10.581771922597389,5.352740105643095,5.866666666666666,43.23094425483503,27.05577794893687,1638,987,434.626209861454,263.1671516606542,730.5533615221082
fish8,622,31.1,20.0,20.0,12.7,10.581771922597389,5.352740105643095,5.866666666666666,43.23094425483503,27.05577794893687,1604,893,443.5606543058985,263.25903968148754,738.8996939873861
fish8,631,31.55,20.0,20.0,12.7,10.581771922597389,5.352740105643095,5.866666666666666,43.23094425483503,27.05577794893687,1514,761,443.5622341670096,261.3594433273209,735.2016774943304
fish8,637,31.85,20.0,20.0,12.7,10.581771922597389,5.352740105643095,5.866666666666666,43.23094425483503,27.05577794893687,1491,641,443.50655708367617,261.48467770232094,734.8112347859972
fish8,641,32.05,20.0,20.0,12.7,10.581771922597389,5.352740105643095,5.866666666666666,43.23094425483503,27.05577794893687,1422,565,440.32829319478736,261.48356442107087,730.2518576158583
fish8,649,32.45,20.0,20.0,12.7,10.581771922597389,5.352740105643095,5.866666666666666,43.23094425483503,27.05577794893687,1374,342,438.1763688927922,265.08318668864564,730.7395555814378
fish8,655,32.75,20.0,20.0,12.7,10.581771922597389,5.352740105643095,5.866666666666666,43.23094425483503,27.05577794893687,1326,291,437.4505703097874,265.0826463240623,729.0532166338496
fish8,661,33.05,20.0,20.0,12.7,10.581771922597389,5.352740105643095,5.866666666666666,43.23094425483503,27.05577794893687,1275,242,438.99172046936405,265.088453615729,729.5801740850931
fish8,829,41.45,20.0,20.0,12.7,10.581771922597389,5.352740105643095,5.866666666666666,43.23094425483503,27.05577794893687,1040,325,443.98780236356777,262.17509437763425,726.962896741202
fish8,833,41.65,20.0,20.0,12.7,10.581771922597389,5.352740105643095,5.866666666666666,43.23094425483503,27.05577794893687,1025,463,443.9539308357897,262.1783430755509,726.6322739113407
fish8,840,42.0,20.0,20.0,12.7,10.581771922597389,5.352740105643095,5.866666666666666,43.23094425483503,27.05577794893687,1043,533,439.5497294677734,262.18472328388424,722.5944527516576
fish8,846,42.3,20.0,20.0,12.7,10.581771922597389,5.352740105643095,5.866666666666666,43.23094425483503,27.05577794893687,1021,510,439.70246400432825,266.3384146901343,726.4608786944625
fish8,849,42.45,20.0,20.0,12.7,10.581771922597389,5.352740105643095,5.866666666666666,43.23094425483503,27.05577794893687,1004,505,441.1256073006336,267.0711653264364,728.27677262707
fish8,854,42.7,20.0,20.0,12.7,10.581771922597389,5.352740105643095,5.866666666666666,43.23094425483503,27.05577794893687,1043,350,440.7291358995037,267.0786002222697,728.6677361217734
fish8,863,43.15,20.0,20.0,12.7,10.581771922597389,5.352740105643095,5.866666666666666,43.23094425483503,27.05577794893687,1031,207,438.6197218423725,265.463124961853,724.7028468042255
fish8,1005,50.25,20.0,20.0,12.7,10.581771922597389,5.352740105643095,5.866666666666666,43.23094425483503,27.05577794893687,1046,367,426.4654335455248,262.87358396096755,710.2590175064923
fish8,1009,50.45,20.0,20.0,12.7,10.581771922597389,5.352740105643095,5.866666666666666,43.23094425483503,27.05577794893687,1019,446,426.5072130594136,262.9726594818009,709.8598725412145
fish8,1016,50.8,20.0,20.0,12.7,10.581771922597389,5.352740105643095,5.866666666666666,43.23094425483503,27.05577794893687,988,491,426.6489795703842,262.99937172138425,709.4083512917684
fish8,1020,51.0,20.0,20.0,12.7,10.581771922597389,5.352740105643095,5.866666666666666,43.23094425483503,27.05577794893687,972,463,436.6196958523221,262.99967771096755,719.0593735632897
fish8,1026,51.3,20.0,20.0,12.7,10.581771922597389,5.352740105643095,5.866666666666666,43.23094425483503,27.05577794893687,946,411,436.5372392245823,261.2014876068009,716.6587268313832
fish8,1033,51.65,20.0,20.0,12.7,10.581771922597389,5.352740105643095,5.866666666666666,43.23094425483503,27.05577794893687,934,336,436.57848089524254,261.2079003672176,716.46638126246
fish8,1035,51.75,20.0,20.0,12.7,10.581771922597389,5.352740105643095,5.866666666666666,43.23094425483503,27.05577794893687,903,265,436.59668830685087,261.20883786721754,715.8655261740683
fish8,1430,71.5,20.0,20.0,12.7,10.581771922597389,5.352740105643095,5.866666666666666,43.23094425483503,27.05577794893687,866,229,453.43717001222217,267.31613279007814,738.0733028023004
fish8,1440,72.0,20.0,20.0,12.7,10.581771922597389,5.352740105643095,5.866666666666666,43.23094425483503,27.05577794893687,918,321,450.07865438722206,267.5464778421614,735.9851322293835
fish8,1443,72.15,20.0,20.0,12.7,10.581771922597389,5.352740105643095,5.866666666666666,43.23094425483503,27.05577794893687,933,424,450.0576821649999,267.5454622171614,736.2631443821613
fish8,1447,72.35,20.0,20.0,12.7,10.581771922597389,5.352740105643095,5.866666666666666,43.23094425483503,27.05577794893687,864,505,450.81814984537766,269.86544594013435,737.963595785512
fish8,1453,72.65,20.0,20.0,12.7,10.581771922597389,5.352740105643095,5.866666666666666,43.23094425483503,27.05577794893687,948,516,450.6451897759331,271.0508105234676,740.6560002994007
fish8,1463,73.15,20.0,20.0,12.7,10.581771922597389,5.352740105643095,5.866666666666666,43.23094425483503,27.05577794893687,1075,607,438.4175986205867,271.0515136484676,730.9691122690542
fish8,1469,73.45,20.0,20.0,12.7,10.581771922597389,5.352740105643095,5.866666666666666,43.23094425483503,27.05577794893687,956,628,438.3592392455866,269.7923665130509,727.2716057586375
fish8,1470,73.5,20.0,20.0,12.7,10.581771922597389,5.352740105643095,5.866666666666666,43.23094425483503,27.05577794893687,975,620,438.3700031344755,269.79196937763425,727.6619725121097
fish8,1480,74.0,20.0,20.0,12.7,10.581771922597389,5.352740105643095,5.866666666666666,43.23094425483503,27.05577794893687,893,625,438.2759927178089,269.7987076588842,725.9347003766931
fish8,1484,74.2,20.0,20.0,12.7,10.581771922597389,5.352740105643095,5.866666666666666,43.23094425483503,27.05577794893687,846,613,427.9102114867976,269.7983040130509,714.6285154998485
fish8,1488,74.4,20.0,20.0,12.7,10.581771922597389,5.352740105643095,5.866666666666666,43.23094425483503,27.05577794893687,779,600,427.9205413479086,265.8623600026342,709.3629013505429
fish8,1493,74.65,20.0,20.0,12.7,10.581771922597389,5.352740105643095,5.866666666666666,43.23094425483503,27.05577794893687,732,554,427.8713356281798,265.8624446380509,708.3737802662307
fish8,1588,79.4,20.0,20.0,12.7,10.581771922597389,5.352740105643095,5.866666666666666,43.23094425483503,27.05577794893687,778,225,443.61649649234334,264.9933105463558,724.1698070386991
fish8,1594,79.7,20.0,20.0,12.7,10.581771922597389,5.352740105643095,5.866666666666666,43.23094425483503,27.05577794893687,837,276,443.5675425075201,264.99902669218903,725.3065691997092
fish8,1596,79.8,20.0,20.0,12.7,10.581771922597389,5.352740105643095,5.866666666666666,43.23094425483503,27.05577794893687,877,272,443.6331154241868,264.9988704421891,726.1719858663758
fish8,1603,80.15,20.0,20.0,12.7,10.581771922597389,5.352740105643095,5.866666666666666,43.23094425483503,27.05577794893687,968,347,436.2832851019777,264.18931640608054,719.8326015080582
fish8,1609,80.45,20.0,20.0,12.7,10.581771922597389,5.352740105643095,5.866666666666666,43.23094425483503,27.05577794893687,916,421,436.2133415316357,263.66663411441385,718.1999756460497
fish8,1614,80.7,20.0,20.0,12.7,10.581771922597389,5.352740105643095,5.866666666666666,43.23094425483503,27.05577794893687,931,474,436.1298519483024,263.5620052081638,718.3118571564661
fish8,1623,81.15,20.0,20.0,12.7,10.581771922597389,5.352740105643095,5.866666666666666,43.23094425483503,27.05577794893687,853,438,446.3830203865711,263.5594010414972,727.0024214280683
fish8,1625,81.25,20.0,20.0,12.7,10.581771922597389,5.352740105643095,5.866666666666666,43.23094425483503,27.05577794893687,833,424,446.38665755087777,263.5628515623305,726.6095091132082
fish8,1630,81.5,20.0,20.0,12.7,10.581771922597389,5.352740105643095,5.866666666666666,43.23094425483503,27.05577794893687,779,399,446.535537814595,262.04220703108047,724.1577448456754
fish8,1636,81.8,20.0,20.0,12.7,10.581771922597389,5.352740105643095,5.866666666666666,43.23094425483503,27.05577794893687,751,376,446.63075484958216,262.0393619789972,723.6901168285793
fish8,1834,91.7,20.0,20.0,12.7,10.581771922597389,5.352740105643095,5.866666666666666,43.23094425483503,27.05577794893687,1098,244,454.0765620761446,266.39666010432774,742.4332221804724
fish8,1837,91.85,20.0,20.0,12.7,10.581771922597389,5.352740105643095,5.866666666666666,43.23094425483503,27.05577794893687,1080,520,454.0556332567002,266.3987108855777,742.054344142278
fish8,1843,92.15,20.0,20.0,12.7,10.581771922597389,5.352740105643095,5.866666666666666,43.23094425483503,27.05577794893687,1094,716,452.5454162428114,266.4106965626611,740.8361128054725
fish8,1846,92.3,20.0,20.0,12.7,10.581771922597389,5.352740105643095,5.866666666666666,43.23094425483503,27.05577794893687,1094,823,452.6710152011448,269.2433723439112,743.794387545056
fish8,1857,92.85,20.0,20.0,12.7,10.581771922597389,5.352740105643095,5.866666666666666,43.23094425483503,27.05577794893687,1113,1292,455.60187010888006,270.3246093544854,748.1864794633655
fish8,1861,93.05,20.0,20.0,12.7,10.581771922597389,5.352740105643095,5.866666666666666,43.23094425483503,27.05577794893687,1039,1242,457.74877983110224,270.32953122948544,748.8583110605877
fish8,1864,93.2,20.0,20.0,12.7,10.581771922597389,5.352740105643095,5.866666666666666,43.23094425483503,27.05577794893687,1056,1344,457.2905767061021,270.3345898232354,748.7451665293376
fish8,1874,93.7,20.0,20.0,12.7,10.581771922597389,5.352740105643095,5.866666666666666,43.23094425483503,27.05577794893687,1011,1573,457.23285101165766,269.2447070107354,746.6975580223931
fish8,1876,93.8,20.0,20.0,12.7,10.581771922597389,5.352740105643095,5.866666666666666,43.23094425483503,27.05577794893687,1015,1611,457.2055072616579,269.24464190656875,746.7501491682266
fish8,1885,94.25,20.0,20.0,12.7,10.581771922597389,5.352740105643095,5.866666666666666,43.23094425483503,27.05577794893687,1084,1477,445.0693180255468,269.2725260211521,736.0218440466988
fish8,1887,94.35,20.0,20.0,12.7,10.581771922597389,5.352740105643095,5.866666666666666,43.23094425483503,27.05577794893687,1070,1466,445.0832937199912,270.27994789615207,736.7632416161432
fish8,1893,94.65,20.0,20.0,12.7,10.581771922597389,5.352740105643095,5.866666666666666,43.23094425483503,27.05577794893687,1046,1370,445.0517485811023,270.4465722460323,736.4183208271346
fish8,1904,95.2,20.0,20.0,12.7,10.581771922597389,5.352740105643095,5.866666666666666,43.23094425483503,27.05577794893687,958,1593,455.4206201714222,270.6090559563532,745.1896761277753
fish8,1909,95.45,20.0,20.0,12.7,10.581771922597389,5.352740105643095,5.866666666666666,43.23094425483503,27.05577794893687,966,1663,455.4862538519777,265.60347001885305,740.4097238708308
fish8,1912,95.6,20.0,20.0,12.7,10.581771922597389,5.352740105643095,5.866666666666666,43.23094425483503,27.05577794893687,964,1707,455.1950559353109,265.60229163343644,740.0773475687473
fish8,1916,95.8,20.0,20.0,12.7,10.581771922597389,5.352740105643095,5.866666666666666,43.23094425483503,27.05577794893687,970,1816,455.186635796422,265.6097102520307,740.1963460484527
fish8,1923,96.15,20.0,20.0,12.7,10.581771922597389,5.352740105643095,5.866666666666666,43.23094425483503,27.05577794893687,973,2141,454.8690923936443,265.6256998400264,739.9547922336708
fish8,1931,96.55,20.0,20.0,12.7,10.581771922597389,5.352740105643095,5.866666666666666,43.23094425483503,27.05577794893687,962,2787,454.57099343531104,269.91136064618445,743.7223540814955
fish8,1935,96.75,20.0,20.0,12.7,10.581771922597389,5.352740105643095,5.866666666666666,43.23094425483503,27.05577794893687,980,2967,454.5756635742,269.9132063504431,744.0888699246431
fish8,1941,97.05,20.0,20.0,12.7,10.581771922597389,5.352740105643095,5.866666666666666,43.23094425483503,27.05577794893687,959,3287,449.7895177408665,269.98896482679584,738.9584825676624
fish8,1945,97.25,20.0,20.0,12.7,10.581771922597389,5.352740105643095,5.866666666666666,43.23094425483503,27.05577794893687,920,3375,449.7896826714221,269.99424151864594,738.1839241900681
fish8,1962,98.1,20.0,20.0,12.7,10.581771922597389,5.352740105643095,5.866666666666666,43.23094425483503,27.05577794893687,873,3277,450.5019877549161,268.70803709919187,736.6700248541081
fish8,1968,98.4,20.0,20.0,12.7,10.581771922597389,5.352740105643095,5.866666666666666,43.23094425483503,27.05577794893687,874,3182,450.92102421324944,266.3988313623957,734.7998555756452
fish8,1978,98.9,20.0,20.0,12.7,10.581771922597389,5.352740105643095,5.866666666666666,43.23094425483503,27.05577794893687,1043,3092,450.9268488660271,266.3847916310204,738.1716404970475
fish8,1979,98.95,20.0,20.0,12.7,10.581771922597389,5.352740105643095,5.866666666666666,43.23094425483503,27.05577794893687,1085,3080,450.92453115769376,266.38347652926967,739.0080076869635
fish8,2005,100.25,20.0,20.0,12.7,10.581771922597389,5.352740105643095,5.866666666666666,43.23094425483503,27.05577794893687,1019,2901,448.5668313855584,269.68744132041934,738.6342727059778
fish8,2010,100.5,20.0,20.0,12.7,10.581771922597389,5.352740105643095,5.866666666666666,43.23094425483503,27.05577794893687,983,2809,448.61764735778064,269.20338206175694,737.4810294195375
fish8,2016,100.8,20.0,20.0,12.7,10.581771922597389,5.352740105643095,5.866666666666666,43.23094425483503,27.05577794893687,901,2866,448.6965188855584,269.2058299700313,735.9223488555897
fish8,2019,100.95,20.0,20.0,12.7,10.581771922597389,5.352740105643095,5.866666666666666,43.23094425483503,27.05577794893687,885,2852,449.1787584688917,269.20520169470046,736.0839601635922
fish8,2023,101.15,20.0,20.0,12.7,10.581771922597389,5.352740105643095,5.866666666666666,43.23094425483503,27.05577794893687,856,2839,457.71700933293465,269.206354056422,744.0433633893566
fish8,2030,101.5,20.0,20.0,12.7,10.581771922597389,5.352740105643095,5.866666666666666,43.23094425483503,27.05577794893687,820,2808,457.7773782605583,267.2313670898436,741.4087453504019
fish8,2035,101.75,20.0,20.0,12.7,10.581771922597389,5.352740105643095,5.866666666666666,43.23094425483503,27.05577794893687,776,2933,457.7266534381442,267.2410513627688,740.487704800913
fish8,2041,102.05,20.0,20.0,12.7,10.581771922597389,5.352740105643095,5.866666666666666,43.23094425483503,27.05577794893687,751,3604,453.49372809092216,267.259277210829,735.7730053017511
fish8,2062,103.1,20.0,20.0,12.7,10.581771922597389,5.352740105643095,5.866666666666666,43.23094425483503,27.05577794893687,723,4282,450.1561111108096,272.7840429422591,737.4001540530687
fish8,2067,103.35,20.0,20.0,12.7,10.581771922597389,5.352740105643095,5.866666666666666,43.23094425483503,27.05577794893687,711,4000,450.5297743052539,270.9493066329002,735.6990809381541
fish8,2073,103.65,20.0,20.0,12.7,10.581771922597389,5.352740105643095,5.866666666666666,43.23094425483503,27.05577794893687,740,3858,450.4624392358096,270.9783072833592,736.2407465191686
fish8,2078,103.9,20.0,20.0,12.7,10.581771922597389,5.352740105643095,5.866666666666666,43.23094425483503,27.05577794893687,759,3857,450.5319704861111,270.9954915186458,736.7074620047568
fish8,2080,104.0,20.0,20.0,12.7,10.581771922597389,5.352740105643095,5.866666666666666,43.23094425483503,27.05577794893687,744,3797,450.50066840277776,270.99019203947915,736.3708604422569
fish8,2088,104.4,20.0,20.0,12.7,10.581771922597389,5.352740105643095,5.866666666666666,43.23094425483503,27.05577794893687,851,4007,438.8636111110358,269.8150943832292,725.6987054942649
fish8,2095,104.75,20.0,20.0,12.7,10.581771922597389,5.352740105643095,5.866666666666666,43.23094425483503,27.05577794893687,903,4072,438.8664409721469,269.8510807122125,726.7775216843593
fish8,2097,104.85,20.0,20.0,12.7,10.581771922597389,5.352740105643095,5.866666666666666,43.23094425483503,27.05577794893687,930,4271,440.103510832139,268.8489679951032,727.5524788272422
fish8,2104,105.2,20.0,20.0,12.7,10.581771922597389,5.352740105643095,5.866666666666666,43.23094425483503,27.05577794893687,996,4272,448.20170093044703,270.3381216409365,738.4598225713835
fish8,2162,108.1,20.0,20.0,12.7,10.581771922597389,5.352740105643095,5.866666666666666,43.23094425483503,27.05577794893687,1114,2406,445.0461757626945,267.94523763011296,735.2714133928074
fish8,2169,108.45,20.0,20.0,12.7,10.581771922597389,5.352740105643095,5.866666666666666,43.23094425483503,27.05577794893687,1112,2201,447.0260368738057,267.1162109371185,736.3822478109241
fish8,2177,108.85,20.0,20.0,12.7,10.581771922597389,5.352740105643095,5.866666666666666,43.23094425483503,27.05577794893687,1079,1760,446.9796132626944,267.1328515621185,735.692464824813
fish8,2184,109.2,20.0,20.0,12.7,10.581771922597389,5.352740105643095,5.866666666666666,43.23094425483503,27.05577794893687,1043,1417,446.1480160404724,267.1358528642018,734.1438689046742
fish8,2187,109.35,20.0,20.0,12.7,10.581771922597389,5.352740105643095,5.866666666666666,43.23094425483503,27.05577794893687,1051,1367,446.1155247210279,266.6793489579519,733.8148736789798
fish8,2191,109.55,20.0,20.0,12.7,10.581771922597389,5.352740105643095,5.866666666666666,43.23094425483503,27.05577794893687,1083,1396,446.0909674293613,266.76617512892614,734.5171425582874
fish8,2200,110.0,20.0,20.0,12.7,10.581771922597389,5.352740105643095,5.866666666666666,43.23094425483503,27.05577794893687,1128,1513,446.2852989283245,268.61695312432187,737.4622520526464
fish8,2207,110.35,20.0,20.0,12.7,10.581771922597389,5.352740105643095,5.866666666666666,43.23094425483503,27.05577794893687,1073,1419,439.4200471922133,267.9408398430719,728.8208870352853
fish8,2213,110.65,20.0,20.0,12.7,10.581771922597389,5.352740105643095,5.866666666666666,43.23094425483503,27.05577794893687,1076,1362,439.32162705332433,267.9488020826552,728.7904291359796
fish8,2217,110.85,20.0,20.0,12.7,10.581771922597389,5.352740105643095,5.866666666666666,43.23094425483503,27.05577794893687,1059,1223,439.29015135888,267.9661653639052,728.4363167227851
fish8,2221,111.05,20.0,20.0,12.7,10.581771922597389,5.352740105643095,5.866666666666666,43.23094425483503,27.05577794893687,1094,1147,439.2850385116578,267.9731835930719,729.1382221047296
fish8,2230,111.5,20.0,20.0,12.7,10.581771922597389,5.352740105643095,5.866666666666666,43.23094425483503,27.05577794893687,1032,971,450.34751680380737,266.45751302015515,737.4450298239625
fish8,2232,111.6,20.0,20.0,12.7,10.581771922597389,5.352740105643095,5.866666666666666,43.23094425483503,27.05577794893687,1062,827,450.3458761788074,266.4598763014052,738.0457524802126
fish8,2238,111.9,20.0,20.0,12.7,10.581771922597389,5.352740105643095,5.866666666666666,43.23094425483503,27.05577794893687,1063,737,450.2912060399184,266.4508007805718,738.0020068204901
fish8,2245,112.25,20.0,20.0,12.7,10.581771922597389,5.352740105643095,5.866666666666666,43.23094425483503,27.05577794893687,1077,737,445.6667355538073,266.46067708265514,733.6674126364624
fish8,2249,112.45,20.0,20.0,12.7,10.581771922597389,5.352740105643095,5.866666666666666,43.23094425483503,27.05577794893687,1025,687,453.4928798929852,268.99825194421345,742.9911318371986
fish8,2257,112.85,20.0,20.0,12.7,10.581771922597389,5.352740105643095,5.866666666666666,43.23094425483503,27.05577794893687,1064,491,453.4033139207629,269.0045149650468,743.6878288858097
fish8,2262,113.1,20.0,20.0,12.7,10.581771922597389,5.352740105643095,5.866666666666666,43.23094425483503,27.05577794893687,1007,503,455.4804840596517,269.0120149650467,744.6324990246984
fish8,2269,113.45,20.0,20.0,12.7,10.581771922597389,5.352740105643095,5.866666666666666,43.23094425483503,27.05577794893687,1163,339,455.3881272763664,267.7794042879635,746.4275315643299
fish8,2802,140.1,20.0,20.0,12.7,10.581771922597389,5.352740105643095,5.866666666666666,43.23094425483503,27.05577794893687,720,244,435.856796701389,266.51427408675096,716.7710707881399
fish8,2807,140.35,20.0,20.0,12.7,10.581771922597389,5.352740105643095,5.866666666666666,43.23094425483503,27.05577794893687,742,244,436.0242793402779,266.5152311180009,717.3795104582788
fish8,2810,140.5,20.0,20.0,12.7,10.581771922597389,5.352740105643095,5.866666666666666,43.23094425483503,27.05577794893687,737,244,436.0001907986112,266.0173828118219,716.7575736104332
fish8,2816,140.8,20.0,20.0,12.7,10.581771922597389,5.352740105643095,5.866666666666666,43.23094425483503,27.05577794893687,740,236,436.0630553819445,266.0203645826552,716.8834199645996
fish8,3588,179.4,20.0,20.0,12.7,10.581771922597389,5.352740105643095,5.866666666666666,43.23094425483503,27.05577794893687,744,203,443.8257936399672,268.6487271011246,727.3545207410917
fish8,3592,179.6,20.0,20.0,12.7,10.581771922597389,5.352740105643095,5.866666666666666,43.23094425483503,27.05577794893687,750,203,443.8008370427449,270.63081369183857,729.4316507345834
fish8,3600,180.0,20.0,20.0,12.7,10.581771922597389,5.352740105643095,5.866666666666666,43.23094425483503,27.05577794893687,751,856,445.8589969663078,266.2873079282019,727.1663048945097
fish8,3604,180.2,20.0,20.0,12.7,10.581771922597389,5.352740105643095,5.866666666666666,43.23094425483503,27.05577794893687,763,856,445.58739533894845,266.1674902198685,727.014885558817
fish8,3750,187.5,20.0,20.0,12.7,10.581771922597389,5.352740105643095,5.866666666666666,43.23094425483503,27.05577794893687,1075,290,448.2121177071277,261.13587885432764,730.8479965614554
fish8,3820,191.0,20.0,20.0,12.7,10.581771922597389,5.352740105643095,5.866666666666666,43.23094425483503,27.05577794893687,1027,221,444.0642924777372,263.2355403476291,727.8398328253663
fish8,3823,191.15,20.0,20.0,12.7,10.581771922597389,5.352740105643095,5.866666666666666,43.23094425483503,27.05577794893687,1179,221,443.88785583940665,263.2391992017958,730.7070550412026
fish8,3832,191.6,20.0,20.0,12.7,10.581771922597389,5.352740105643095,5.866666666666666,43.23094425483503,27.05577794893687,476,221,449.5817057237225,261.0212402165626,720.122945940285
fish8,3838,191.9,20.0,20.0,12.7,10.581771922597389,5.352740105643095,5.866666666666666,43.23094425483503,27.05577794893687,457,221,449.266475694369,260.7607031141493,719.1671788085183
fish8,3866,193.3,20.0,20.0,12.7,10.581771922597389,5.352740105643095,5.866666666666666,43.23094425483503,27.05577794893687,962,1672,442.1223306287788,265.63493484967546,726.9972654784542
fish8,3867,193.35,20.0,20.0,12.7,10.581771922597389,5.352740105643095,5.866666666666666,43.23094425483503,27.05577794893687,1004,2164,442.18758236489,265.6387890163422,727.9063713812321
fish8,3997,199.85,20.0,20.0,12.7,10.581771922597389,5.352740105643095,5.866666666666666,43.23094425483503,27.05577794893687,1047,388,439.8299045030383,259.5604879821777,720.330392485216
fish8,4002,200.1,20.0,20.0,12.7,10.581771922597389,5.352740105643095,5.866666666666666,43.23094425483503,27.05577794893687,1027,1169,439.92098524152976,260.7431151949458,721.2041004364755
fish8,4008,200.4,20.0,20.0,12.7,10.581771922597389,5.352740105643095,5.866666666666666,43.23094425483503,27.05577794893687,1058,2848,434.5479684787326,260.77346020252446,716.4814286812571
fish8,4054,202.7,20.0,20.0,12.7,10.581771922597389,5.352740105643095,5.866666666666666,43.23094425483503,27.05577794893687,1049,734,436.70727408582894,262.2881477668657,719.9754218526946
fish8,4061,203.05,20.0,20.0,12.7,10.581771922597389,5.352740105643095,5.866666666666666,43.23094425483503,27.05577794893687,912,310,436.70666644694,262.5591112716569,717.5057777185968
fish8,4067,203.35,20.0,20.0,12.7,10.581771922597389,5.352740105643095,5.866666666666666,43.23094425483503,27.05577794893687,918,280,447.08309873860674,262.64482413291927,728.0879228715261
fish8,5801,290.05,20.0,20.0,12.7,10.581771922597389,5.352740105643095,5.866666666666666,43.23094425483503,27.05577794893687,550,609,448.9702330420976,260.6187921726545,720.5890252147522
fish8,5811,290.55,20.0,20.0,12.7,10.581771922597389,5.352740105643095,5.866666666666666,43.23094425483503,27.05577794893687,976,388,441.6693738037109,260.535116866684,721.724490670395
fish8,5861,293.05,20.0,20.0,12.7,10.581771922597389,5.352740105643095,5.866666666666666,43.23094425483503,27.05577794893687,1079,655,440.6075367151143,262.20721351076764,724.3947502258819
fish8,5912,295.6,20.0,20.0,12.7,10.581771922597389,5.352740105643095,5.866666666666666,43.23094425483503,27.05577794893687,708,235,448.4867747553883,267.3008560467932,729.9476308021814
fish8,6019,300.95,20.0,20.0,12.7,10.581771922597389,5.352740105643095,5.866666666666666,43.23094425483503,27.05577794893687,697,257,439.8758105558984,266.6222004495832,720.4380110054816
fish8,7058,352.9,20.0,20.0,12.7,10.581771922597389,5.352740105643095,5.866666666666666,43.23094425483503,27.05577794893687,1236,371,438.2164621853111,270.96699217664934,733.9034543619605
fish8,7204,360.2,20.0,20.0,12.7,10.581771922597389,5.352740105643095,5.866666666666666,43.23094425483503,27.05577794893687,712,492,444.9132114571278,265.0204231709798,724.1736346281076
fish8,7211,360.55,20.0,20.0,12.7,10.581771922597389,5.352740105643095,5.866666666666666,43.23094425483503,27.05577794893687,690,492,444.5078815960166,265.02137369181315,723.3292552878297
fish8,7216,360.8,20.0,20.0,12.7,10.581771922597389,5.352740105643095,5.866666666666666,43.23094425483503,27.05577794893687,682,492,436.8317878460166,265.0223502543131,715.4941381003297
fish8,7220,361.0,20.0,20.0,12.7,10.581771922597389,5.352740105643095,5.866666666666666,43.23094425483503,27.05577794893687,699,492,436.7589840265722,264.64869140014645,715.3876754267187
fish8,7226,361.3,20.0,20.0,12.7,10.581771922597389,5.352740105643095,5.866666666666666,43.23094425483503,27.05577794893687,694,492,436.5874909710167,264.64920571221245,715.1166966832292
fish8,7235,361.75,20.0,20.0,12.7,10.581771922597389,5.352740105643095,5.866666666666666,43.23094425483503,27.05577794893687,696,492,445.7846697801377,264.665039040078,724.3697088202156
fish8,7238,361.9,20.0,20.0,12.7,10.581771922597389,5.352740105643095,5.866666666666666,43.23094425483503,27.05577794893687,721,492,445.82706993798143,262.77794919632794,723.0250191343093
fish8,7244,362.2,20.0,20.0,12.7,10.581771922597389,5.352740105643095,5.866666666666666,43.23094425483503,27.05577794893687,707,492,445.7631810383927,262.7864518133799,722.6896328517727
fish8,7252,362.6,20.0,20.0,12.7,10.581771922597389,5.352740105643095,5.866666666666666,43.23094425483503,27.05577794893687,678,666,450.5042831378513,265.6137662736575,729.6780494115087
fish8,7258,362.9,20.0,20.0,12.7,10.581771922597389,5.352740105643095,5.866666666666666,43.23094425483503,27.05577794893687,672,666,444.4412883461845,269.3078157528242,727.1891040990088
fish8,7263,363.15,20.0,20.0,12.7,10.581771922597389,5.352740105643095,5.866666666666666,43.23094425483503,27.05577794893687,701,666,444.4241963322957,269.30816080490746,727.752357137203
fish8,7267,363.35,20.0,20.0,12.7,10.581771922597389,5.352740105643095,5.866666666666666,43.23094425483503,27.05577794893687,764,666,444.3664532767401,269.3081738257408,728.9546271024809
fish8,7275,363.75,20.0,20.0,12.7,10.581771922597389,5.352740105643095,5.866666666666666,43.23094425483503,27.05577794893687,840,666,444.2549688869711,269.3097623674075,730.3647312543785
fish8,7278,363.9,20.0,20.0,12.7,10.581771922597389,5.352740105643095,5.866666666666666,43.23094425483503,27.05577794893687,836,666,444.12870152586,267.82827799240744,728.6769795182674
fish8,7287,364.35,20.0,20.0,12.7,10.581771922597389,5.352740105643095,5.866666666666666,43.23094425483503,27.05577794893687,759,666,444.0582023410373,268.0293196590741,727.2675220001114
fish8,7293,364.65,20.0,20.0,12.7,10.581771922597389,5.352740105643095,5.866666666666666,43.23094425483503,27.05577794893687,709,666,444.1857633053626,268.0293782528241,726.3951415581867
fish8,7299,364.95,20.0,20.0,12.7,10.581771922597389,5.352740105643095,5.866666666666666,43.23094425483503,27.05577794893687,642,617,430.2288649712268,266.5554134076329,709.6242783788597
fish8,7305,365.25,20.0,20.0,12.7,10.581771922597389,5.352740105643095,5.866666666666666,43.23094425483503,27.05577794893687,655,617,429.6569205525528,266.4340331992996,709.1909537518525
fish8,7306,365.3,20.0,20.0,12.7,10.581771922597389,5.352740105643095,5.866666666666666,43.23094425483503,27.05577794893687,645,617,429.6447547923147,266.4340331992996,708.9787879916142
fish8,7315,365.75,20.0,20.0,12.7,10.581771922597389,5.352740105643095,5.866666666666666,43.23094425483503,27.05577794893687,626,617,436.9844306473154,266.55605793888293,716.0604885861983
fish8,7317,365.85,20.0,20.0,12.7,10.581771922597389,5.352740105643095,5.866666666666666,43.23094425483503,27.05577794893687,640,617,436.9969694895803,261.80794595971633,711.6049154492966
fish8,7326,366.3,20.0,20.0,12.7,10.581771922597389,5.352740105643095,5.866666666666666,43.23094425483503,27.05577794893687,679,617,436.7924125566648,261.8218522097163,712.1942647663811
fish8,7331,366.55,20.0,20.0,12.7,10.581771922597389,5.352740105643095,5.866666666666666,43.23094425483503,27.05577794893687,704,617,436.7317919175702,261.82312825138297,712.6349201689533
fish8,7336,366.8,20.0,20.0,12.7,10.581771922597389,5.352740105643095,5.866666666666666,43.23094425483503,27.05577794893687,697,617,435.9224472926764,261.8238443972163,711.6862916898928
fish8,7346,367.3,20.0,20.0,12.7,10.581771922597389,5.352740105643095,5.866666666666666,43.23094425483503,27.05577794893687,666,542,435.6954332742573,265.50184895727364,714.517282231531
fish9,132,6.6,20.0,20.0,14.0,73.05785627959807,35.806932394119755,23.0,1976.526355707243,195.05731150239023,35718,4254,394.3267135710352,254.6601594631513,1363.3468730341865
fish9,139,6.95,20.0,20.0,14.0,73.05785627959807,35.806932394119755,23.0,1976.526355707243,195.05731150239023,26682,4283,393.346426980685,254.7679555555556,1181.7543825362404
fish9,142,7.1,20.0,20.0,14.0,73.05785627959807,35.806932394119755,23.0,1976.526355707243,195.05731150239023,24421,3955,390.3282832957892,253.70577138467385,1132.454054680463
fish9,151,7.55,20.0,20.0,14.0,73.05785627959807,35.806932394119755,23.0,1976.526355707243,195.05731150239023,19802,5957,404.8580542426215,241.4817382659488,1042.3797925085703
fish9,161,8.05,20.0,20.0,14.0,73.05785627959807,35.806932394119755,23.0,1976.526355707243,195.05731150239023,16096,17771,404.4173555840197,254.0768554592132,980.4142110432329
fish9,165,8.25,20.0,20.0,14.0,73.05785627959807,35.806932394119755,23.0,1976.526355707243,195.05731150239023,14813,22805,403.9391431898141,252.6248372258504,952.8239804156644
fish9,175,8.75,20.0,20.0,14.0,73.05785627959807,35.806932394119755,23.0,1976.526355707243,195.05731150239023,14822,31914,401.9428139307658,255.7196288990868,954.1024428298526
fish9,180,9.0,20.0,20.0,14.0,73.05785627959807,35.806932394119755,23.0,1976.526355707243,195.05731150239023,15309,33454,399.4765310056899,252.241503835,957.89803484069
fish9,184,9.2,20.0,20.0,14.0,73.05785627959807,35.806932394119755,23.0,1976.526355707243,195.05731150239023,14935,34538,397.8620129175821,252.5332324088945,949.0952453264764
fish9,190,9.5,20.0,20.0,14.0,73.05785627959807,35.806932394119755,23.0,1976.526355707243,195.05731150239023,13006,32342,398.38483858685896,251.32065755055743,909.8254961374164
fish9,204,10.2,20.0,20.0,14.0,73.05785627959807,35.806932394119755,23.0,1976.526355707243,195.05731150239023,12494,41060,451.5050994830659,270.73629865721585,972.1213981402816
fish9,211,10.55,20.0,20.0,14.0,73.05785627959807,35.806932394119755,23.0,1976.526355707243,195.05731150239023,14390,56380,484.3659331592512,263.4494365018103,1035.6153696610615
fish9,272,13.6,20.0,20.0,14.0,73.05785627959807,35.806932394119755,23.0,1976.526355707243,195.05731150239023,2724,54082,410.89522757973367,277.16033194541933,742.5355595251531
fish9,279,13.95,20.0,20.0,14.0,73.05785627959807,35.806932394119755,23.0,1976.526355707243,195.05731150239023,1642,28994,411.55665629069006,210.1298697651756,654.5265260558657
fish9,281,14.05,20.0,20.0,14.0,73.05785627959807,35.806932394119755,23.0,1976.526355707243,195.05731150239023,1941,22373,422.2249333006117,233.1284667772824,694.1734000778941
fish9,291,14.55,20.0,20.0,14.0,73.05785627959807,35.806932394119755,23.0,1976.526355707243,195.05731150239023,1044,3022,422.2494115802341,233.8869171726544,677.0163287528885
fish9,295,14.75,20.0,20.0,14.0,73.05785627959807,35.806932394119755,23.0,1976.526355707243,195.05731150239023,1603,1718,422.1159222369724,234.085891503228,688.2618137402003
fish9,304,15.2,20.0,20.0,14.0,73.05785627959807,35.806932394119755,23.0,1976.526355707243,195.05731150239023,1129,3740,421.1775640281206,240.74322265112136,684.5007866792421
fish9,322,16.1,20.0,20.0,14.0,73.05785627959807,35.806932394119755,23.0,1976.526355707243,195.05731150239023,945,942,413.43533253970674,244.0574607949151,676.3927933346218
fish9,324,16.2,20.0,20.0,14.0,73.05785627959807,35.806932394119755,23.0,1976.526355707243,195.05731150239023,928,727,413.44679953114087,243.9792251078288,675.9860246389696
fish9,343,17.15,20.0,20.0,14.0,73.05785627959807,35.806932394119755,23.0,1976.526355707243,195.05731150239023,690,337,417.0823812608319,244.19942042032883,675.0818016811606
fish9,351,17.55,20.0,20.0,14.0,73.05785627959807,35.806932394119755,23.0,1976.526355707243,195.05731150239023,709,253,428.64824478684415,251.7140819454193,694.5423267322634
fish9,387,19.35,20.0,20.0,14.0,73.05785627959807,35.806932394119755,23.0,1976.526355707243,195.05731150239023,670,222,417.7627756762847,252.7257648862096,683.8885405624943
fish9,388,19.4,20.0,20.0,14.0,73.05785627959807,35.806932394119755,23.0,1976.526355707243,195.05731150239023,671,222,417.790484009618,252.72543285495965,683.9359168645775
fish9,502,25.1,20.0,20.0,14.0,73.05785627959807,35.806932394119755,23.0,1976.526355707243,195.05731150239023,922,210,429.5286611677759,250.7508039768537,698.7194651446296
fish9,505,25.25,20.0,20.0,14.0,73.05785627959807,35.806932394119755,23.0,1976.526355707243,195.05731150239023,918,218,429.281421633572,250.7445149143537,698.3859365479257
fish9,515,25.75,20.0,20.0,14.0,73.05785627959807,35.806932394119755,23.0,1976.526355707243,195.05731150239023,854,323,428.9173678626543,250.7441698221737,696.741537684828
fish9,519,25.95,20.0,20.0,14.0,73.05785627959807,35.806932394119755,23.0,1976.526355707243,195.05731150239023,807,231,423.4518948083759,254.5726464247704,694.1645412331462
fish9,544,27.2,20.0,20.0,14.0,73.05785627959807,35.806932394119755,23.0,1976.526355707243,195.05731150239023,655,248,424.6787264530701,254.27002272685368,692.0487491799238
fish9,553,27.65,20.0,20.0,14.0,73.05785627959807,35.806932394119755,23.0,1976.526355707243,195.05731150239023,671,381,428.3755489730835,253.7737271990352,695.5692761721186
fish9,912,45.6,20.0,20.0,14.0,73.05785627959807,35.806932394119755,23.0,1976.526355707243,195.05731150239023,525,237,421.7004329245486,247.8701334314876,680.0705663560361
fish9,913,45.65,20.0,20.0,14.0,73.05785627959807,35.806932394119755,23.0,1976.526355707243,195.05731150239023,520,237,421.7051030634374,247.8700292648209,679.9751323282583
fish9,1487,74.35,20.0,20.0,14.0,73.05785627959807,35.806932394119755,23.0,1976.526355707243,195.05731150239023,983,452,432.5389088378719,256.27880857844883,708.4777174163206
fish9,1492,74.6,20.0,20.0,14.0,73.05785627959807,35.806932394119755,23.0,1976.526355707243,195.05731150239023,956,542,432.4943255045384,256.3154915262752,707.9298170308136
fish9,1511,75.55,20.0,20.0,14.0,73.05785627959807,35.806932394119755,23.0,1976.526355707243,195.05731150239023,920,974,431.5594975608355,246.03559244583968,695.9950900066751
fish9,1519,75.95,20.0,20.0,14.0,73.05785627959807,35.806932394119755,23.0,1976.526355707243,195.05731150239023,917,1125,431.52697151916885,246.0391341145408,695.9061056337097
fish9,1528,76.4,20.0,20.0,14.0,73.05785627959807,35.806932394119755,23.0,1976.526355707243,195.05731150239023,937,1026,426.0375878386132,250.2146940103742,694.9922818489874
fish9,1538,76.9,20.0,20.0,14.0,73.05785627959807,35.806932394119755,23.0,1976.526355707243,195.05731150239023,922,1039,426.0041676997244,250.21225260412427,694.6564203038487
fish9,1540,77.0,20.0,20.0,14.0,73.05785627959807,35.806932394119755,23.0,1976.526355707243,195.05731150239023,920,1098,429.83941075528,249.25397135412427,697.4933821094043
fish9,1548,77.4,20.0,20.0,14.0,73.05785627959807,35.806932394119755,23.0,1976.526355707243,195.05731150239023,888,1535,427.247295319715,251.37076168060293,696.378057000318
fish9,1553,77.65,20.0,20.0,14.0,73.05785627959807,35.806932394119755,23.0,1976.526355707243,195.05731150239023,869,1637,427.17490816693714,251.22850907643632,695.7834172433735
fish9,1560,78.0,20.0,20.0,14.0,73.05785627959807,35.806932394119755,23.0,1976.526355707243,195.05731150239023,842,1703,427.13509913915937,251.2350064722697,695.2101056114291
fish9,1570,78.5,20.0,20.0,14.0,73.05785627959807,35.806932394119755,23.0,1976.526355707243,195.05731150239023,868,1993,426.37666163915935,250.5265689722696,694.263230611429
fish9,1574,78.7,20.0,20.0,14.0,73.05785627959807,35.806932394119755,23.0,1976.526355707243,195.05731150239023,859,1828,426.3417484447149,250.5280533472697,694.0498017919846
fish9,1581,79.05,20.0,20.0,14.0,73.05785627959807,35.806932394119755,23.0,1976.526355707243,195.05731150239023,865,1901,419.6156894024697,250.5309049097697,687.4465943122393
fish9,1590,79.5,20.0,20.0,14.0,73.05785627959807,35.806932394119755,23.0,1976.526355707243,195.05731150239023,837,1927,419.64206093024745,250.422343711853,686.8044046421005
fish9,1599,79.95,20.0,20.0,14.0,73.05785627959807,35.806932394119755,23.0,1976.526355707243,195.05731150239023,781,2546,424.8721632613382,251.02964189143705,691.5218051527752
fish9,1604,80.2,20.0,20.0,14.0,73.05785627959807,35.806932394119755,23.0,1976.526355707243,195.05731150239023,799,2828,433.93445492800487,250.45477861018705,700.3692335381919
fish9,1611,80.55,20.0,20.0,14.0,73.05785627959807,35.806932394119755,23.0,1976.526355707243,195.05731150239023,828,2943,433.9177622196715,250.4562043836805,700.9339666033519
fish9,1621,81.05,20.0,20.0,14.0,73.05785627959807,35.806932394119755,23.0,1976.526355707243,195.05731150239023,872,3085,429.7077622196715,248.99730141931107,696.1450636389826
fish9,1627,81.35,20.0,20.0,14.0,73.05785627959807,35.806932394119755,23.0,1976.526355707243,195.05731150239023,884,3210,429.4965209002271,248.9978906229231,696.1744115231502
fish9,1631,81.55,20.0,20.0,14.0,73.05785627959807,35.806932394119755,23.0,1976.526355707243,195.05731150239023,840,3419,429.5054184696716,248.9977962238628,695.3032146935344
fish9,1638,81.9,20.0,20.0,14.0,73.05785627959807,35.806932394119755,23.0,1976.526355707243,195.05731150239023,811,3463,429.5085174280049,249.00622068700784,694.7347381150128
fish9,1651,82.55,20.0,20.0,14.0,73.05785627959807,35.806932394119755,23.0,1976.526355707243,195.05731150239023,728,3168,434.71143332472434,250.2526009012752,699.5240342259995
fish9,1653,82.65,20.0,20.0,14.0,73.05785627959807,35.806932394119755,23.0,1976.526355707243,195.05731150239023,733,3208,434.678803116391,250.3348762925465,699.6736794089376
fish9,1662,83.1,20.0,20.0,14.0,73.05785627959807,35.806932394119755,23.0,1976.526355707243,195.05731150239023,684,2877,421.1162247992433,249.0215364339193,683.8177612331625
fish9,1666,83.3,20.0,20.0,14.0,73.05785627959807,35.806932394119755,23.0,1976.526355707243,195.05731150239023,657,2770,421.1935987835166,249.02347327973044,683.3570720632471
fish9,1673,83.65,20.0,20.0,14.0,73.05785627959807,35.806932394119755,23.0,1976.526355707243,195.05731150239023,640,2523,421.09926292843295,249.02164058159727,682.9209035100301
fish9,1683,84.15,20.0,20.0,14.0,73.05785627959807,35.806932394119755,23.0,1976.526355707243,195.05731150239023,599,2281,428.11605592259536,249.7655956686974,689.8616515912928
fish9,1687,84.35,20.0,20.0,14.0,73.05785627959807,35.806932394119755,23.0,1976.526355707243,195.05731150239023,600,2390,428.017488214262,249.76304358290565,689.7805317971677
fish9,1694,84.7,20.0,20.0,14.0,73.05785627959807,35.806932394119755,23.0,1976.526355707243,195.05731150239023,582,2418,427.9318021047333,250.0477082585653,689.6195103632987
fish9,1703,85.15,20.0,20.0,14.0,73.05785627959807,35.806932394119755,23.0,1976.526355707243,195.05731150239023,584,2200,432.1514129530165,246.287594292948,690.1190072459644
fish9,1709,85.45,20.0,20.0,14.0,73.05785627959807,35.806932394119755,23.0,1976.526355707243,195.05731150239023,593,2125,432.0736742255128,246.30546866416927,690.2391428896821
fish9,1719,85.95,20.0,20.0,14.0,73.05785627959807,35.806932394119755,23.0,1976.526355707243,195.05731150239023,607,1995,430.7611397175919,246.60129882040025,689.502438537992
fish9,1728,86.4,20.0,20.0,14.0,73.05785627959807,35.806932394119755,23.0,1976.526355707243,195.05731150239023,631,1927,424.1730965976292,250.7458625767921,687.5389591744213
fish9,1733,86.65,20.0,20.0,14.0,73.05785627959807,35.806932394119755,23.0,1976.526355707243,195.05731150239023,683,1927,422.52566176801145,251.04086576182047,687.2265275298319
fish9,1738,86.9,20.0,20.0,14.0,73.05785627959807,35.806932394119755,23.0,1976.526355707243,195.05731150239023,682,1857,421.4880490503947,250.9951526702773,686.123201720672
fish9,1746,87.3,20.0,20.0,14.0,73.05785627959807,35.806932394119755,23.0,1976.526355707243,195.05731150239023,666,1784,422.6714041485069,250.5733687376977,686.5647728862047
fish9,1753,87.65,20.0,20.0,14.0,73.05785627959807,35.806932394119755,23.0,1976.526355707243,195.05731150239023,627,1721,426.20642114250273,255.3756737936974,694.1220949362
fish9,1759,87.95,20.0,20.0,14.0,73.05785627959807,35.806932394119755,23.0,1976.526355707243,195.05731150239023,635,1660,425.7575405959895,255.37786456803224,693.8354051640217
fish9,1770,88.5,20.0,20.0,14.0,73.05785627959807,35.806932394119755,23.0,1976.526355707243,195.05731150239023,615,1487,423.8127018025528,253.5222688568009,689.6349706593537
fish9,1777,88.85,20.0,20.0,14.0,73.05785627959807,35.806932394119755,23.0,1976.526355707243,195.05731150239023,609,1334,423.8691124565973,253.7176920318497,689.766804488447
fish9,1780,89.0,20.0,20.0,14.0,73.05785627959807,35.806932394119755,23.0,1976.526355707243,195.05731150239023,604,1256,423.8721724894018,253.71513668310385,689.6673091725057
fish9,1787,89.35,20.0,20.0,14.0,73.05785627959807,35.806932394119755,23.0,1976.526355707243,195.05731150239023,577,1038,417.76968985051286,255.16692052099432,684.4766103715071
fish9,1796,89.8,20.0,20.0,14.0,73.05785627959807,35.806932394119755,23.0,1976.526355707243,195.05731150239023,582,818,417.8932879285272,255.17192702840168,684.7052149569289
fish9,1804,90.2,20.0,20.0,14.0,73.05785627959807,35.806932394119755,23.0,1976.526355707243,195.05731150239023,602,713,429.7095201280383,256.615439416239,698.3649595442772
fish9,1815,90.75,20.0,20.0,14.0,73.05785627959807,35.806932394119755,23.0,1976.526355707243,195.05731150239023,659,641,429.5473154791184,256.61512040828075,699.3424358873991
fish9,1819,90.95,20.0,20.0,14.0,73.05785627959807,35.806932394119755,23.0,1976.526355707243,195.05731150239023,633,600,429.52440749300735,256.61430984967546,698.7987173426828
fish9,2111,105.55,20.0,20.0,14.0,73.05785627959807,35.806932394119755,23.0,1976.526355707243,195.05731150239023,5599,452,412.0365781201774,246.37986619693964,770.3964443171171
fish9,2203,110.15,20.0,20.0,14.0,73.05785627959807,35.806932394119755,23.0,1976.526355707243,195.05731150239023,830,943,421.3389989001616,247.82635413343644,685.765353033598
fish9,2208,110.4,20.0,20.0,14.0,73.05785627959807,35.806932394119755,23.0,1976.526355707243,195.05731150239023,825,760,420.5717474925665,247.9960188606156,685.067766353182
fish9,2216,110.8,20.0,20.0,14.0,73.05785627959807,35.806932394119755,23.0,1976.526355707243,195.05731150239023,791,227,419.7694077932098,247.9905566172176,683.5799644104275
fish9,2277,113.85,20.0,20.0,14.0,73.05785627959807,35.806932394119755,23.0,1976.526355707243,195.05731150239023,509,486,421.6166041618444,247.6404093837738,679.4370135456181
fish9,2705,135.25,20.0,20.0,14.0,73.05785627959807,35.806932394119755,23.0,1976.526355707243,195.05731150239023,10243,2798,392.20982093624536,248.668199848334,845.7380207845794
fish9,2707,135.35,20.0,20.0,14.0,73.05785627959807,35.806932394119755,23.0,1976.526355707243,195.05731150239023,9719,4936,391.2096602809575,247.41130206091145,833.000962341869
fish9,2719,135.95,20.0,20.0,14.0,73.05785627959807,35.806932394119755,23.0,1976.526355707243,195.05731150239023,9763,2577,376.2263279133362,242.42652014286253,813.9128480561988
fish9,2720,136.0,20.0,20.0,14.0,73.05785627959807,35.806932394119755,23.0,1976.526355707243,195.05731150239023,7756,2374,374.55672299531534,243.83102859683572,773.5077515921511
fish9,2727,136.35,20.0,20.0,14.0,73.05785627959807,35.806932394119755,23.0,1976.526355707243,195.05731150239023,878,1692,381.71118488405966,246.6091145663792,645.8802994504388
fish9,2737,136.85,20.0,20.0,14.0,73.05785627959807,35.806932394119755,23.0,1976.526355707243,195.05731150239023,1024,1194,383.5511192849996,247.02400387975905,651.0551231647586
fish9,2741,137.05,20.0,20.0,14.0,73.05785627959807,35.806932394119755,23.0,1976.526355707243,195.05731150239023,756,1083,383.03823343217647,247.16598305422465,645.324216486401
fish9,2749,137.45,20.0,20.0,14.0,73.05785627959807,35.806932394119755,23.0,1976.526355707243,195.05731150239023,646,666,418.2924688263881,247.7614648328994,678.9739336592875
fish9,2756,137.8,20.0,20.0,14.0,73.05785627959807,35.806932394119755,23.0,1976.526355707243,195.05731150239023,669,425,417.8025556319437,247.62126950683592,678.8038251387796
fish9,2762,138.1,20.0,20.0,14.0,73.05785627959807,35.806932394119755,23.0,1976.526355707243,195.05731150239023,689,425,417.133979114655,247.77275389251707,678.686733007172
fish9,2770,138.5,20.0,20.0,14.0,73.05785627959807,35.806932394119755,23.0,1976.526355707243,195.05731150239023,718,495,415.5005417736477,246.72209307139715,676.5826348450448
fish9,2781,139.05,20.0,20.0,14.0,73.05785627959807,35.806932394119755,23.0,1976.526355707243,195.05731150239023,1017,656,414.1400600253635,246.456861917962,680.9369219433255
fish9,2784,139.2,20.0,20.0,14.0,73.05785627959807,35.806932394119755,23.0,1976.526355707243,195.05731150239023,904,342,408.0753161091934,246.79034172735217,672.9456578365456
fish9,3062,153.1,20.0,20.0,14.0,73.05785627959807,35.806932394119755,23.0,1976.526355707243,195.05731150239023,476,535,455.1255159801906,256.6159796188249,721.2614955990155
fish9,3070,153.5,20.0,20.0,14.0,73.05785627959807,35.806932394119755,23.0,1976.526355707243,195.05731150239023,1109,290,438.71018635613706,255.35643862847223,716.2466249846092
fish9,3077,153.85,20.0,20.0,14.0,73.05785627959807,35.806932394119755,23.0,1976.526355707243,195.05731150239023,1500,798,438.212660529073,255.5030401909722,723.7157007200452
fish9,3138,156.9,20.0,20.0,14.0,73.05785627959807,35.806932394119755,23.0,1976.526355707243,195.05731150239023,1161,886,437.4086750473023,255.41062818907628,716.0393032363786
fish9,3140,157.0,20.0,20.0,14.0,73.05785627959807,35.806932394119755,23.0,1976.526355707243,195.05731150239023,1170,1098,437.1936533738879,255.43762693353224,716.0312803074202
fish9,4542,227.1,20.0,20.0,14.0,73.05785627959807,35.806932394119755,23.0,1976.526355707243,195.05731150239023,77002,22857,467.6562015425318,252.5890657297664,2260.2852672722984
fish9,4547,227.35,20.0,20.0,14.0,73.05785627959807,35.806932394119755,23.0,1976.526355707243,195.05731150239023,80738,26973,404.5707942096287,261.4339843596988,2280.7647785693275
fish9,4569,228.45,20.0,20.0,14.0,73.05785627959807,35.806932394119755,23.0,1976.526355707243,195.05731150239023,41469,26484,370.0261017215681,260.53414366954155,1459.9402453911098
fish9,4572,228.6,20.0,20.0,14.0,73.05785627959807,35.806932394119755,23.0,1976.526355707243,195.05731150239023,33892,25550,370.3681157090929,260.57762674245834,1308.7857424515514
fish9,4583,229.15,20.0,20.0,14.0,73.05785627959807,35.806932394119755,23.0,1976.526355707243,195.05731150239023,22706,21627,371.1095047260802,260.6949248949581,1085.924429621038
fish9,4590,229.5,20.0,20.0,14.0,73.05785627959807,35.806932394119755,23.0,1976.526355707243,195.05731150239023,19183,34647,366.0667143892076,261.8624116195573,1011.5891260087648
fish9,4591,229.55,20.0,20.0,14.0,73.05785627959807,35.806932394119755,23.0,1976.526355707243,195.05731150239023,19050,33925,366.6908202279363,262.06138943751654,1009.7522096654528
fish9,4600,230.0,20.0,20.0,14.0,73.05785627959807,35.806932394119755,23.0,1976.526355707243,195.05731150239023,20883,32787,374.8696397079469,252.83858385381697,1045.368223561764
fish9,4609,230.45,20.0,20.0,14.0,73.05785627959807,35.806932394119755,23.0,1976.526355707243,195.05731150239023,26691,37542,377.4491447654253,252.61469399172472,1163.88383875715
fish9,4674,233.7,20.0,20.0,14.0,73.05785627959807,35.806932394119755,23.0,1976.526355707243,195.05731150239023,53453,59413,421.96289765504446,251.6492637226952,1742.6721613777397
fish9,4680,234.0,20.0,20.0,14.0,73.05785627959807,35.806932394119755,23.0,1976.526355707243,195.05731150239023,40439,53571,440.9051592473349,251.80879552675887,1501.4939547740937
fish9,4682,234.1,20.0,20.0,14.0,73.05785627959807,35.806932394119755,23.0,1976.526355707243,195.05731150239023,35190,55801,441.4149205420977,252.05463539424468,1397.2695559363424
fish9,4705,235.25,20.0,20.0,14.0,73.05785627959807,35.806932394119755,23.0,1976.526355707243,195.05731150239023,38278,43910,442.8734659649696,260.8280597898694,1469.261525754839
fish9,4717,235.85,20.0,20.0,14.0,73.05785627959807,35.806932394119755,23.0,1976.526355707243,195.05731150239023,34306,38998,439.9446169704861,255.650143143336,1381.7147601138222
fish9,4723,236.15,20.0,20.0,14.0,73.05785627959807,35.806932394119755,23.0,1976.526355707243,195.05731150239023,30874,37242,437.4683018572583,255.16499988093904,1310.1133017381974
fish9,4726,236.3,20.0,20.0,14.0,73.05785627959807,35.806932394119755,23.0,1976.526355707243,195.05731150239023,33624,36683,441.2688832849384,255.1845668754472,1368.9334501603855
fish9,4739,236.95,20.0,20.0,14.0,73.05785627959807,35.806932394119755,23.0,1976.526355707243,195.05731150239023,29661,31185,446.41901840277774,259.511783768336,1299.1508021711138
fish9,4743,237.15,20.0,20.0,14.0,73.05785627959807,35.806932394119755,23.0,1976.526355707243,195.05731150239023,37704,30840,445.76720840972143,259.41983063553704,1459.2670390452586
fish9,4749,237.45,20.0,20.0,14.0,73.05785627959807,35.806932394119755,23.0,1976.526355707243,195.05731150239023,39358,26569,444.1694629014567,261.2310253761185,1492.5604882775751
fish9,4755,237.75,20.0,20.0,14.0,73.05785627959807,35.806932394119755,23.0,1976.526355707243,195.05731150239023,33493,34215,443.2624926666636,261.3482582588091,1374.4707509254729
fish9,4762,238.1,20.0,20.0,14.0,73.05785627959807,35.806932394119755,23.0,1976.526355707243,195.05731150239023,34578,48174,441.4829297595367,261.2162498209212,1394.2591795804578
fish9,4774,238.7,20.0,20.0,14.0,73.05785627959807,35.806932394119755,23.0,1976.526355707243,195.05731150239023,15736,40671,441.18590729701657,259.82571924590013,1015.7316265429168
fish9,4777,238.85,20.0,20.0,14.0,73.05785627959807,35.806932394119755,23.0,1976.526355707243,195.05731150239023,17182,40267,442.266410769239,259.61037744645023,1045.5167882156893
fish9,4786,239.3,20.0,20.0,14.0,73.05785627959807,35.806932394119755,23.0,1976.526355707243,195.05731150239023,14013,37952,438.46576847865737,259.6675780893537,978.3933465680112
fish9,4794,239.7,20.0,20.0,14.0,73.05785627959807,35.806932394119755,23.0,1976.526355707243,195.05731150239023,15572,30684,430.8630275606885,260.61524409585525,1002.9182716565438
fish9,4800,240.0,20.0,20.0,14.0,73.05785627959807,35.806932394119755,23.0,1976.526355707243,195.05731150239023,27171,30268,428.1249954105896,260.2400779232025,1231.7850733337918
fish9,4806,240.3,20.0,20.0,14.0,73.05785627959807,35.806932394119755,23.0,1976.526355707243,195.05731150239023,57141,42972,453.134960191496,260.1172230592409,1856.0721832507368
fish9,4812,240.6,20.0,20.0,14.0,73.05785627959807,35.806932394119755,23.0,1976.526355707243,195.05731150239023,62470,39045,474.0016936138954,259.4057387559573,1982.807432369853
fish9,4820,241.0,20.0,20.0,14.0,73.05785627959807,35.806932394119755,23.0,1976.526355707243,195.05731150239023,68010,33397,445.3626116886092,259.46954424218075,2065.03215593079
fish9,4825,241.25,20.0,20.0,14.0,73.05785627959807,35.806932394119755,23.0,1976.526355707243,195.05731150239023,70295,37308,460.9869090705025,259.63382483290565,2126.520733903408
fish9,4838,241.9,20.0,20.0,14.0,73.05785627959807,35.806932394119755,23.0,1976.526355707243,195.05731150239023,65396,29581,413.7718919143488,246.9021839276526,1968.5940758420013
fish9,4840,242.0,20.0,20.0,14.0,73.05785627959807,35.806932394119755,23.0,1976.526355707243,195.05731150239023,65846,26738,414.4366836585528,246.1791338887109,1977.535817547264
fish9,4846,242.3,20.0,20.0,14.0,73.05785627959807,35.806932394119755,23.0,1976.526355707243,195.05731150239023,66206,16466,413.1559066418118,243.98141269594825,1981.25731933776
fish9,4863,243.15,20.0,20.0,14.0,73.05785627959807,35.806932394119755,23.0,1976.526355707243,195.05731150239023,44170,4136,405.4301183301384,232.62992512892623,1521.4600434590648
fish9,4921,246.05,20.0,20.0,14.0,73.05785627959807,35.806932394119755,23.0,1976.526355707243,195.05731150239023,21395,456,416.42811689571806,252.1602473671808,1096.4883642628988
fish9,4930,246.5,20.0,20.0,14.0,73.05785627959807,35.806932394119755,23.0,1976.526355707243,195.05731150239023,18872,1033,410.09834288720026,255.6280403625064,1043.1663832497068
fish9,4937,246.85,20.0,20.0,14.0,73.05785627959807,35.806932394119755,23.0,1976.526355707243,195.05731150239023,15710,1058,409.0255950067967,255.7405566317135,978.9661516385102
fish9,4939,246.95,20.0,20.0,14.0,73.05785627959807,35.806932394119755,23.0,1976.526355707243,195.05731150239023,14992,1246,408.1574487575768,255.73223300844825,963.729681766025
fish9,4947,247.35,20.0,20.0,14.0,73.05785627959807,35.806932394119755,23.0,1976.526355707243,195.05731150239023,13699,7863,433.07215127970375,243.2492739066972,950.3014251864008
fish9,4954,247.7,20.0,20.0,14.0,73.05785627959807,35.806932394119755,23.0,1976.526355707243,195.05731150239023,13999,11581,424.91118811457136,243.2949251224835,948.1861132370548
fish9,4959,247.95,20.0,20.0,14.0,73.05785627959807,35.806932394119755,23.0,1976.526355707243,195.05731150239023,18390,15933,419.1533751518344,233.6949022947524,1020.6482774465868
fish9,4967,248.35,20.0,20.0,14.0,73.05785627959807,35.806932394119755,23.0,1976.526355707243,195.05731150239023,23076,20347,544.5493082341511,274.5942967172836,1280.6636049514343
fish9,4983,249.15,20.0,20.0,14.0,73.05785627959807,35.806932394119755,23.0,1976.526355707243,195.05731150239023,33174,24130,621.062086186143,273.21583275311787,1557.757918939261
fish9,4986,249.3,20.0,20.0,14.0,73.05785627959807,35.806932394119755,23.0,1976.526355707243,195.05731150239023,34349,23934,623.8597609808838,272.6416528269026,1583.4814138077863
fish9,4998,249.9,20.0,20.0,14.0,73.05785627959807,35.806932394119755,23.0,1976.526355707243,195.05731150239023,26270,26785,617.5315644124161,278.4629557287853,1421.3945201412012
fish9,5000,250.0,20.0,20.0,14.0,73.05785627959807,35.806932394119755,23.0,1976.526355707243,195.05731150239023,26939,28855,584.9973989799594,277.8957486809624,1401.6731476609218
fish9,5008,250.4,20.0,20.0,14.0,73.05785627959807,35.806932394119755,23.0,1976.526355707243,195.05731150239023,24276,22812,491.79262205215286,275.59570625431274,1252.9083283064656
fish9,5016,250.8,20.0,20.0,14.0,73.05785627959807,35.806932394119755,23.0,1976.526355707243,195.05731150239023,17045,16138,525.1439743982198,279.1829914326032,1145.226965830823
fish9,5023,251.15,20.0,20.0,14.0,73.05785627959807,35.806932394119755,23.0,1976.526355707243,195.05731150239023,18311,10998,528.9972800616795,253.06673822631828,1148.2840182879977
fish9,5038,251.9,20.0,20.0,14.0,73.05785627959807,35.806932394119755,23.0,1976.526355707243,195.05731150239023,10512,5240,463.32574243699065,237.8173892964256,911.3831317334162
fish9,5041,252.05,20.0,20.0,14.0,73.05785627959807,35.806932394119755,23.0,1976.526355707243,195.05731150239023,7717,3456,462.8390239630805,237.90671870926755,855.0857426723481
fish9,5048,252.4,20.0,20.0,14.0,73.05785627959807,35.806932394119755,23.0,1976.526355707243,195.05731150239023,14893,1399,430.1092106793251,261.171227192084,989.1404378714092
fish9,5053,252.65,20.0,20.0,14.0,73.05785627959807,35.806932394119755,23.0,1976.526355707243,195.05731150239023,7508,965,429.3293792832927,261.1787532276472,840.6681325109399
fish9,5064,253.2,20.0,20.0,14.0,73.05785627959807,35.806932394119755,23.0,1976.526355707243,195.05731150239023,2572,441,426.0569509982638,261.1849869638654,738.6819379621293
fish9,5067,253.35,20.0,20.0,14.0,73.05785627959807,35.806932394119755,23.0,1976.526355707243,195.05731150239023,2919,749,426.01889602857045,261.183128240702,745.5820242692724
fish9,5077,253.85,20.0,20.0,14.0,73.05785627959807,35.806932394119755,23.0,1976.526355707243,195.05731150239023,5798,2327,414.9712953421698,259.4322949040624,790.3635902462322
fish9,5086,254.3,20.0,20.0,14.0,73.05785627959807,35.806932394119755,23.0,1976.526355707243,195.05731150239023,3419,279,414.36967223697246,259.515442656411,742.2651148933834
fish9,5088,254.4,20.0,20.0,14.0,73.05785627959807,35.806932394119755,23.0,1976.526355707243,195.05731150239023,3094,628,414.13851807226496,259.521022086419,735.539540158684
fish9,5097,254.85,20.0,20.0,14.0,73.05785627959807,35.806932394119755,23.0,1976.526355707243,195.05731150239023,6706,2470,420.4460712569438,251.6508853732639,806.2169566302077
fish9,5107,255.35,20.0,20.0,14.0,73.05785627959807,35.806932394119755,23.0,1976.526355707243,195.05731150239023,7702,1190,418.4762873783629,252.2613085153791,824.777595893742
fish9,5153,257.65,20.0,20.0,14.0,73.05785627959807,35.806932394119755,23.0,1976.526355707243,195.05731150239023,32269,867,416.4076818564334,252.2418976987097,1314.029579555143
fish9,5157,257.85,20.0,20.0,14.0,73.05785627959807,35.806932394119755,23.0,1976.526355707243,195.05731150239023,38698,1407,416.3428422647923,252.0879296440972,1442.3907719088895
fish9,5164,258.2,20.0,20.0,14.0,73.05785627959807,35.806932394119755,23.0,1976.526355707243,195.05731150239023,48841,2234,416.333935944715,252.09088865736865,1645.2448246020836
fish9,5175,258.75,20.0,20.0,14.0,73.05785627959807,35.806932394119755,23.0,1976.526355707243,195.05731150239023,58103,2530,415.1310425399781,250.9401464830929,1828.1311890230709
fish9,5178,258.9,20.0,20.0,14.0,73.05785627959807,35.806932394119755,23.0,1976.526355707243,195.05731150239023,58140,2495,415.2064242877537,250.9166764317726,1828.9231007195265
fish9,5186,259.3,20.0,20.0,14.0,73.05785627959807,35.806932394119755,23.0,1976.526355707243,195.05731150239023,57223,1518,414.7047230955335,250.8613151026408,1810.0260381981743
fish9,5193,259.65,20.0,20.0,14.0,73.05785627959807,35.806932394119755,23.0,1976.526355707243,195.05731150239023,55465,747,410.05979142838464,251.11385741525223,1770.473648843637
fish9,5204,260.2,20.0,20.0,14.0,73.05785627959807,35.806932394119755,23.0,1976.526355707243,195.05731150239023,55225,537,409.2823019721137,249.6067642896864,1763.3890662618
fish9,5210,260.5,20.0,20.0,14.0,73.05785627959807,35.806932394119755,23.0,1976.526355707243,195.05731150239023,53635,3988,415.6238944566326,249.31085286390515,1737.6347473205378
fish9,5220,261.0,20.0,20.0,14.0,73.05785627959807,35.806932394119755,23.0,1976.526355707243,195.05731150239023,50597,60621,414.7592339747112,249.2841275396983,1675.9833615144094
fish9,5261,263.05,20.0,20.0,14.0,73.05785627959807,35.806932394119755,23.0,1976.526355707243,195.05731150239023,65515,53174,329.16097599869704,255.3276789768537,1894.7886549755508
fish9,5269,263.45,20.0,20.0,14.0,73.05785627959807,35.806932394119755,23.0,1976.526355707243,195.05731150239023,56396,48112,402.3194903419589,254.2754067751461,1784.5148971171052
fish9,5270,263.5,20.0,20.0,14.0,73.05785627959807,35.806932394119755,23.0,1976.526355707243,195.05731150239023,53841,48446,402.4559099814333,254.2891535267724,1733.5650635082056
fish9,5277,263.85,20.0,20.0,14.0,73.05785627959807,35.806932394119755,23.0,1976.526355707243,195.05731150239023,53440,52373,401.413961467809,254.4371972060204,1724.6511586738293
fish9,5286,264.3,20.0,20.0,14.0,73.05785627959807,35.806932394119755,23.0,1976.526355707243,195.05731150239023,58788,54564,404.24548578287767,254.5051722089025,1834.51065799178
fish9,5414,270.7,20.0,20.0,14.0,73.05785627959807,35.806932394119755,23.0,1976.526355707243,195.05731150239023,17764,1820,439.0864307935928,242.7063540240817,1037.0727848176746
fish9,5419,270.95,20.0,20.0,14.0,73.05785627959807,35.806932394119755,23.0,1976.526355707243,195.05731150239023,18043,3265,437.7157793209876,242.7171580530696,1041.2929373740571
fish9,5428,271.4,20.0,20.0,14.0,73.05785627959807,35.806932394119755,23.0,1976.526355707243,195.05731150239023,15958,6606,434.23365693719177,242.40613267478943,995.7997896119812
fish9,5429,271.45,20.0,20.0,14.0,73.05785627959807,35.806932394119755,23.0,1976.526355707243,195.05731150239023,15562,7643,434.2043774233029,240.32838859531623,985.7727660186192
fish9,5441,272.05,20.0,20.0,14.0,73.05785627959807,35.806932394119755,23.0,1976.526355707243,195.05731150239023,15048,13200,431.1268301413454,235.60249334203928,967.6893234833848
fish9,5445,272.25,20.0,20.0,14.0,73.05785627959807,35.806932394119755,23.0,1976.526355707243,195.05731150239023,14697,16382,433.9693824266221,229.3929780438635,957.3023604704856
fish9,5451,272.55,20.0,20.0,14.0,73.05785627959807,35.806932394119755,23.0,1976.526355707243,195.05731150239023,14861,20129,429.6033842392909,267.3580403611501,994.181424600441
fish9,5460,273.0,20.0,20.0,14.0,73.05785627959807,35.806932394119755,23.0,1976.526355707243,195.05731150239023,15080,24362,432.358487654321,268.19413081460533,1002.1526184689264
fish9,5465,273.25,20.0,20.0,14.0,73.05785627959807,35.806932394119755,23.0,1976.526355707243,195.05731150239023,14990,24746,432.9076150734041,267.9630174903764,1000.6706325637804
fish9,5472,273.6,20.0,20.0,14.0,73.05785627959807,35.806932394119755,23.0,1976.526355707243,195.05731150239023,14544,24689,419.4257797306014,269.3158722055647,979.621651936166
fish9,5480,274.0,20.0,20.0,14.0,73.05785627959807,35.806932394119755,23.0,1976.526355707243,195.05731150239023,14420,24152,419.3513004771291,268.89436372832193,976.6456642054512
fish9,5491,274.55,20.0,20.0,14.0,73.05785627959807,35.806932394119755,23.0,1976.526355707243,195.05731150239023,14967,28414,427.0850938355998,271.10316079710844,997.5282546327084
fish9,5496,274.8,20.0,20.0,14.0,73.05785627959807,35.806932394119755,23.0,1976.526355707243,195.05731150239023,15180,31526,426.6842691828221,268.1107096067641,998.3949787895862
fish9,5505,275.25,20.0,20.0,14.0,73.05785627959807,35.806932394119755,23.0,1976.526355707243,195.05731150239023,17657,37844,435.0488881939734,265.5653971167246,1053.754285310698
fish9,5507,275.35,20.0,20.0,14.0,73.05785627959807,35.806932394119755,23.0,1976.526355707243,195.05731150239023,17107,37608,432.3828244085618,261.65787753969823,1036.18070194826
fish9,5514,275.7,20.0,20.0,14.0,73.05785627959807,35.806932394119755,23.0,1976.526355707243,195.05731150239023,16966,36562,429.713486776545,252.45027341100905,1021.483760187554
fish9,5521,276.05,20.0,20.0,14.0,73.05785627959807,35.806932394119755,23.0,1976.526355707243,195.05731150239023,18094,38942,427.8624890902296,253.04373370945183,1042.7862227996816
fish9,5528,276.4,20.0,20.0,14.0,73.05785627959807,35.806932394119755,23.0,1976.526355707243,195.05731150239023,18458,44101,427.3969839301215,252.24676757633424,1048.8037515064557
fish9,5536,276.8,20.0,20.0,14.0,73.05785627959807,35.806932394119755,23.0,1976.526355707243,195.05731150239023,17714,50183,422.0642518837822,256.392428382704,1032.7366802664862
fish9,5542,277.1,20.0,20.0,14.0,73.05785627959807,35.806932394119755,23.0,1976.526355707243,195.05731150239023,16678,57541,421.5613853078583,255.50793944845205,1010.6293247563104
fish9,5703,285.15,20.0,20.0,14.0,73.05785627959807,35.806932394119755,23.0,1976.526355707243,195.05731150239023,2151,1571,408.25451621483705,250.27180006407627,701.5463162789133
fish9,5712,285.6,20.0,20.0,14.0,73.05785627959807,35.806932394119755,23.0,1976.526355707243,195.05731150239023,1653,372,406.1742250964506,245.8076198170026,685.0418449134531
fish9,5716,285.8,20.0,20.0,14.0,73.05785627959807,35.806932394119755,23.0,1976.526355707243,195.05731150239023,1516,250,406.4329760775342,246.41086505466035,683.1638411321945
fish9,5724,286.2,20.0,20.0,14.0,73.05785627959807,35.806932394119755,23.0,1976.526355707243,195.05731150239023,1158,250,406.2181496886453,247.24317910638385,676.6213287950292
