FishID,FrameIndex,TopFramePath,FrontFramePath,TopMaskPath,FrontMaskPath
fish01,286,C:\Users\shain\Downloads\FISH DATASET\FISH DATASET\proof_frames_fish_frames_200\fish01\fish01_frame000286_top.jpg,C:\Users\shain\Downloads\FISH DATASET\FISH DATASET\proof_frames_fish_frames_200\fish01\fish01_frame000286_front.jpg,C:\Users\shain\Downloads\FISH DATASET\FISH DATASET\proof_frames_fish_frames_200\fish01\fish01_frame000286_top_mask.png,C:\Users\shain\Downloads\FISH DATASET\FISH DATASET\proof_frames_fish_frames_200\fish01\fish01_frame000286_front_mask.png
fish01,287,C:\Users\shain\Downloads\FISH DATASET\FISH DATASET\proof_frames_fish_frames_200\fish01\fish01_frame000287_top.jpg,C:\Users\shain\Downloads\FISH DATASET\FISH DATASET\proof_frames_fish_frames_200\fish01\fish01_frame000287_front.jpg,C:\Users\shain\Downloads\FISH DATASET\FISH DATASET\proof_frames_fish_frames_200\fish01\fish01_frame000287_top_mask.png,C:\Users\shain\Downloads\FISH DATASET\FISH DATASET\proof_frames_fish_frames_200\fish01\fish01_frame000287_front_mask.png
fish01,288,C:\Users\shain\Downloads\FISH DATASET\FISH DATASET\proof_frames_fish_frames_200\fish01\fish01_frame000288_top.jpg,C:\Users\shain\Downloads\FISH DATASET\FISH DATASET\proof_frames_fish_frames_200\fish01\fish01_frame000288_front.jpg,C:\Users\shain\Downloads\FISH DATASET\FISH DATASET\proof_frames_fish_frames_200\fish01\fish01_frame000288_top_mask.png,C:\Users\shain\Downloads\FISH DATASET\FISH DATASET\proof_frames_fish_frames_200\fish01\fish01_frame000288_front_mask.png
fish01,289,C:\Users\shain\Downloads\FISH DATASET\FISH DATASET\proof_frames_fish_frames_200\fish01\fish01_frame000289_top.jpg,C:\Users\shain\Downloads\FISH DATASET\FISH DATASET\proof_frames_fish_frames_200\fish01\fish01_frame000289_front.jpg,C:\Users\shain\Downloads\FISH DATASET\FISH DATASET\proof_frames_fish_frames_200\fish01\fish01_frame000289_top_mask.png,C:\Users\shain\Downloads\FISH DATASET\FISH DATASET\proof_frames_fish_frames_200\fish01\fish01_frame000289_front_mask.png
fish01,290,C:\Users\shain\Downloads\FISH DATASET\FISH DATASET\proof_frames_fish_frames_200\fish01\fish01_frame000290_top.jpg,C:\Users\shain\Downloads\FISH DATASET\FISH DATASET\proof_frames_fish_frames_200\fish01\fish01_frame000290_front.jpg,C:\Users\shain\Downloads\FISH DATASET\FISH DATASET\proof_frames_fish_frames_200\fish01\fish01_frame000290_top_mask.png,C:\Users\shain\Downloads\FISH DATASET\FISH DATASET\proof_frames_fish_frames_200\fish01\fish01_frame000290_front_mask.png
fish01,291,C:\Users\shain\Downloads\FISH DATASET\FISH DATASET\proof_frames_fish_frames_200\fish01\fish01_frame000291_top.jpg,C:\Users\shain\Downloads\FISH DATASET\FISH DATASET\proof_frames_fish_frames_200\fish01\fish01_frame000291_front.jpg,C:\Users\shain\Downloads\FISH DATASET\FISH DATASET\proof_frames_fish_frames_200\fish01\fish01_frame000291_top_mask.png,C:\Users\shain\Downloads\FISH DATASET\FISH DATASET\proof_frames_fish_frames_200\fish01\fish01_frame000291_front_mask.png
fish01,292,C:\Users\shain\Downloads\FISH DATASET\FISH DATASET\proof_frames_fish_frames_200\fish01\fish01_frame000292_top.jpg,C:\Users\shain\Downloads\FISH DATASET\FISH DATASET\proof_frames_fish_frames_200\fish01\fish01_frame000292_front.jpg,C:\Users\shain\Downloads\FISH DATASET\FISH DATASET\proof_frames_fish_frames_200\fish01\fish01_frame000292_top_mask.png,C:\Users\shain\Downloads\FISH DATASET\FISH DATASET\proof_frames_fish_frames_200\fish01\fish01_frame000292_front_mask.png
fish01,293,C:\Users\shain\Downloads\FISH DATASET\FISH DATASET\proof_frames_fish_frames_200\fish01\fish01_frame000293_top.jpg,C:\Users\shain\Downloads\FISH DATASET\FISH DATASET\proof_frames_fish_frames_200\fish01\fish01_frame000293_front.jpg,C:\Users\shain\Downloads\FISH DATASET\FISH DATASET\proof_frames_fish_frames_200\fish01\fish01_frame000293_top_mask.png,C:\Users\shain\Downloads\FISH DATASET\FISH DATASET\proof_frames_fish_frames_200\fish01\fish01_frame000293_front_mask.png
fish01,294,C:\Users\shain\Downloads\FISH DATASET\FISH DATASET\proof_frames_fish_frames_200\fish01\fish01_frame000294_top.jpg,C:\Users\shain\Downloads\FISH DATASET\FISH DATASET\proof_frames_fish_frames_200\fish01\fish01_frame000294_front.jpg,C:\Users\shain\Downloads\FISH DATASET\FISH DATASET\proof_frames_fish_frames_200\fish01\fish01_frame000294_top_mask.png,C:\Users\shain\Downloads\FISH DATASET\FISH DATASET\proof_frames_fish_frames_200\fish01\fish01_frame000294_front_mask.png
fish01,331,C:\Users\shain\Downloads\FISH DATASET\FISH DATASET\proof_frames_fish_frames_200\fish01\fish01_frame000331_top.jpg,C:\Users\shain\Downloads\FISH DATASET\FISH DATASET\proof_frames_fish_frames_200\fish01\fish01_frame000331_front.jpg,C:\Users\shain\Downloads\FISH DATASET\FISH DATASET\proof_frames_fish_frames_200\fish01\fish01_frame000331_top_mask.png,C:\Users\shain\Downloads\FISH DATASET\FISH DATASET\proof_frames_fish_frames_200\fish01\fish01_frame000331_front_mask.png
fish01,332,C:\Users\shain\Downloads\FISH DATASET\FISH DATASET\proof_frames_fish_frames_200\fish01\fish01_frame000332_top.jpg,C:\Users\shain\Downloads\FISH DATASET\FISH DATASET\proof_frames_fish_frames_200\fish01\fish01_frame000332_front.jpg,C:\Users\shain\Downloads\FISH DATASET\FISH DATASET\proof_frames_fish_frames_200\fish01\fish01_frame000332_top_mask.png,C:\Users\shain\Downloads\FISH DATASET\FISH DATASET\proof_frames_fish_frames_200\fish01\fish01_frame000332_front_mask.png
fish01,333,C:\Users\shain\Downloads\FISH DATASET\FISH DATASET\proof_frames_fish_frames_200\fish01\fish01_frame000333_top.jpg,C:\Users\shain\Downloads\FISH DATASET\FISH DATASET\proof_frames_fish_frames_200\fish01\fish01_frame000333_front.jpg,C:\Users\shain\Downloads\FISH DATASET\FISH DATASET\proof_frames_fish_frames_200\fish01\fish01_frame000333_top_mask.png,C:\Users\shain\Downloads\FISH DATASET\FISH DATASET\proof_frames_fish_frames_200\fish01\fish01_frame000333_front_mask.png
fish01,334,C:\Users\shain\Downloads\FISH DATASET\FISH DATASET\proof_frames_fish_frames_200\fish01\fish01_frame000334_top.jpg,C:\Users\shain\Downloads\FISH DATASET\FISH DATASET\proof_frames_fish_frames_200\fish01\fish01_frame000334_front.jpg,C:\Users\shain\Downloads\FISH DATASET\FISH DATASET\proof_frames_fish_frames_200\fish01\fish01_frame000334_top_mask.png,C:\Users\shain\Downloads\FISH DATASET\FISH DATASET\proof_frames_fish_frames_200\fish01\fish01_frame000334_front_mask.png
fish01,335,C:\Users\shain\Downloads\FISH DATASET\FISH DATASET\proof_frames_fish_frames_200\fish01\fish01_frame000335_top.jpg,C:\Users\shain\Downloads\FISH DATASET\FISH DATASET\proof_frames_fish_frames_200\fish01\fish01_frame000335_front.jpg,C:\Users\shain\Downloads\FISH DATASET\FISH DATASET\proof_frames_fish_frames_200\fish01\fish01_frame000335_top_mask.png,C:\Users\shain\Downloads\FISH DATASET\FISH DATASET\proof_frames_fish_frames_200\fish01\fish01_frame000335_front_mask.png
fish01,336,C:\Users\shain\Downloads\FISH DATASET\FISH DATASET\proof_frames_fish_frames_200\fish01\fish01_frame000336_top.jpg,C:\Users\shain\Downloads\FISH DATASET\FISH DATASET\proof_frames_fish_frames_200\fish01\fish01_frame000336_front.jpg,C:\Users\shain\Downloads\FISH DATASET\FISH DATASET\proof_frames_fish_frames_200\fish01\fish01_frame000336_top_mask.png,C:\Users\shain\Downloads\FISH DATASET\FISH DATASET\proof_frames_fish_frames_200\fish01\fish01_frame000336_front_mask.png
fish01,337,C:\Users\shain\Downloads\FISH DATASET\FISH DATASET\proof_frames_fish_frames_200\fish01\fish01_frame000337_top.jpg,C:\Users\shain\Downloads\FISH DATASET\FISH DATASET\proof_frames_fish_frames_200\fish01\fish01_frame000337_front.jpg,C:\Users\shain\Downloads\FISH DATASET\FISH DATASET\proof_frames_fish_frames_200\fish01\fish01_frame000337_top_mask.png,C:\Users\shain\Downloads\FISH DATASET\FISH DATASET\proof_frames_fish_frames_200\fish01\fish01_frame000337_front_mask.png
fish01,338,C:\Users\shain\Downloads\FISH DATASET\FISH DATASET\proof_frames_fish_frames_200\fish01\fish01_frame000338_top.jpg,C:\Users\shain\Downloads\FISH DATASET\FISH DATASET\proof_frames_fish_frames_200\fish01\fish01_frame000338_front.jpg,C:\Users\shain\Downloads\FISH DATASET\FISH DATASET\proof_frames_fish_frames_200\fish01\fish01_frame000338_top_mask.png,C:\Users\shain\Downloads\FISH DATASET\FISH DATASET\proof_frames_fish_frames_200\fish01\fish01_frame000338_front_mask.png
fish01,339,C:\Users\shain\Downloads\FISH DATASET\FISH DATASET\proof_frames_fish_frames_200\fish01\fish01_frame000339_top.jpg,C:\Users\shain\Downloads\FISH DATASET\FISH DATASET\proof_frames_fish_frames_200\fish01\fish01_frame000339_front.jpg,C:\Users\shain\Downloads\FISH DATASET\FISH DATASET\proof_frames_fish_frames_200\fish01\fish01_frame000339_top_mask.png,C:\Users\shain\Downloads\FISH DATASET\FISH DATASET\proof_frames_fish_frames_200\fish01\fish01_frame000339_front_mask.png
fish01,340,C:\Users\shain\Downloads\FISH DATASET\FISH DATASET\proof_frames_fish_frames_200\fish01\fish01_frame000340_top.jpg,C:\Users\shain\Downloads\FISH DATASET\FISH DATASET\proof_frames_fish_frames_200\fish01\fish01_frame000340_front.jpg,C:\Users\shain\Downloads\FISH DATASET\FISH DATASET\proof_frames_fish_frames_200\fish01\fish01_frame000340_top_mask.png,C:\Users\shain\Downloads\FISH DATASET\FISH DATASET\proof_frames_fish_frames_200\fish01\fish01_frame000340_front_mask.png
fish01,341,C:\Users\shain\Downloads\FISH DATASET\FISH DATASET\proof_frames_fish_frames_200\fish01\fish01_frame000341_top.jpg,C:\Users\shain\Downloads\FISH DATASET\FISH DATASET\proof_frames_fish_frames_200\fish01\fish01_frame000341_front.jpg,C:\Users\shain\Downloads\FISH DATASET\FISH DATASET\proof_frames_fish_frames_200\fish01\fish01_frame000341_top_mask.png,C:\Users\shain\Downloads\FISH DATASET\FISH DATASET\proof_frames_fish_frames_200\fish01\fish01_frame000341_front_mask.png
fish01,342,C:\Users\shain\Downloads\FISH DATASET\FISH DATASET\proof_frames_fish_frames_200\fish01\fish01_frame000342_top.jpg,C:\Users\shain\Downloads\FISH DATASET\FISH DATASET\proof_frames_fish_frames_200\fish01\fish01_frame000342_front.jpg,C:\Users\shain\Downloads\FISH DATASET\FISH DATASET\proof_frames_fish_frames_200\fish01\fish01_frame000342_top_mask.png,C:\Users\shain\Downloads\FISH DATASET\FISH DATASET\proof_frames_fish_frames_200\fish01\fish01_frame000342_front_mask.png
fish01,343,C:\Users\shain\Downloads\FISH DATASET\FISH DATASET\proof_frames_fish_frames_200\fish01\fish01_frame000343_top.jpg,C:\Users\shain\Downloads\FISH DATASET\FISH DATASET\proof_frames_fish_frames_200\fish01\fish01_frame000343_front.jpg,C:\Users\shain\Downloads\FISH DATASET\FISH DATASET\proof_frames_fish_frames_200\fish01\fish01_frame000343_top_mask.png,C:\Users\shain\Downloads\FISH DATASET\FISH DATASET\proof_frames_fish_frames_200\fish01\fish01_frame000343_front_mask.png
fish01,344,C:\Users\shain\Downloads\FISH DATASET\FISH DATASET\proof_frames_fish_frames_200\fish01\fish01_frame000344_top.jpg,C:\Users\shain\Downloads\FISH DATASET\FISH DATASET\proof_frames_fish_frames_200\fish01\fish01_frame000344_front.jpg,C:\Users\shain\Downloads\FISH DATASET\FISH DATASET\proof_frames_fish_frames_200\fish01\fish01_frame000344_top_mask.png,C:\Users\shain\Downloads\FISH DATASET\FISH DATASET\proof_frames_fish_frames_200\fish01\fish01_frame000344_front_mask.png
fish01,345,C:\Users\shain\Downloads\FISH DATASET\FISH DATASET\proof_frames_fish_frames_200\fish01\fish01_frame000345_top.jpg,C:\Users\shain\Downloads\FISH DATASET\FISH DATASET\proof_frames_fish_frames_200\fish01\fish01_frame000345_front.jpg,C:\Users\shain\Downloads\FISH DATASET\FISH DATASET\proof_frames_fish_frames_200\fish01\fish01_frame000345_top_mask.png,C:\Users\shain\Downloads\FISH DATASET\FISH DATASET\proof_frames_fish_frames_200\fish01\fish01_frame000345_front_mask.png
fish01,346,C:\Users\shain\Downloads\FISH DATASET\FISH DATASET\proof_frames_fish_frames_200\fish01\fish01_frame000346_top.jpg,C:\Users\shain\Downloads\FISH DATASET\FISH DATASET\proof_frames_fish_frames_200\fish01\fish01_frame000346_front.jpg,C:\Users\shain\Downloads\FISH DATASET\FISH DATASET\proof_frames_fish_frames_200\fish01\fish01_frame000346_top_mask.png,C:\Users\shain\Downloads\FISH DATASET\FISH DATASET\proof_frames_fish_frames_200\fish01\fish01_frame000346_front_mask.png
fish01,347,C:\Users\shain\Downloads\FISH DATASET\FISH DATASET\proof_frames_fish_frames_200\fish01\fish01_frame000347_top.jpg,C:\Users\shain\Downloads\FISH DATASET\FISH DATASET\proof_frames_fish_frames_200\fish01\fish01_frame000347_front.jpg,C:\Users\shain\Downloads\FISH DATASET\FISH DATASET\proof_frames_fish_frames_200\fish01\fish01_frame000347_top_mask.png,C:\Users\shain\Downloads\FISH DATASET\FISH DATASET\proof_frames_fish_frames_200\fish01\fish01_frame000347_front_mask.png
fish01,348,C:\Users\shain\Downloads\FISH DATASET\FISH DATASET\proof_frames_fish_frames_200\fish01\fish01_frame000348_top.jpg,C:\Users\shain\Downloads\FISH DATASET\FISH DATASET\proof_frames_fish_frames_200\fish01\fish01_frame000348_front.jpg,C:\Users\shain\Downloads\FISH DATASET\FISH DATASET\proof_frames_fish_frames_200\fish01\fish01_frame000348_top_mask.png,C:\Users\shain\Downloads\FISH DATASET\FISH DATASET\proof_frames_fish_frames_200\fish01\fish01_frame000348_front_mask.png
fish01,349,C:\Users\shain\Downloads\FISH DATASET\FISH DATASET\proof_frames_fish_frames_200\fish01\fish01_frame000349_top.jpg,C:\Users\shain\Downloads\FISH DATASET\FISH DATASET\proof_frames_fish_frames_200\fish01\fish01_frame000349_front.jpg,C:\Users\shain\Downloads\FISH DATASET\FISH DATASET\proof_frames_fish_frames_200\fish01\fish01_frame000349_top_mask.png,C:\Users\shain\Downloads\FISH DATASET\FISH DATASET\proof_frames_fish_frames_200\fish01\fish01_frame000349_front_mask.png
fish01,350,C:\Users\shain\Downloads\FISH DATASET\FISH DATASET\proof_frames_fish_frames_200\fish01\fish01_frame000350_top.jpg,C:\Users\shain\Downloads\FISH DATASET\FISH DATASET\proof_frames_fish_frames_200\fish01\fish01_frame000350_front.jpg,C:\Users\shain\Downloads\FISH DATASET\FISH DATASET\proof_frames_fish_frames_200\fish01\fish01_frame000350_top_mask.png,C:\Users\shain\Downloads\FISH DATASET\FISH DATASET\proof_frames_fish_frames_200\fish01\fish01_frame000350_front_mask.png
fish01,351,C:\Users\shain\Downloads\FISH DATASET\FISH DATASET\proof_frames_fish_frames_200\fish01\fish01_frame000351_top.jpg,C:\Users\shain\Downloads\FISH DATASET\FISH DATASET\proof_frames_fish_frames_200\fish01\fish01_frame000351_front.jpg,C:\Users\shain\Downloads\FISH DATASET\FISH DATASET\proof_frames_fish_frames_200\fish01\fish01_frame000351_top_mask.png,C:\Users\shain\Downloads\FISH DATASET\FISH DATASET\proof_frames_fish_frames_200\fish01\fish01_frame000351_front_mask.png
fish01,352,C:\Users\shain\Downloads\FISH DATASET\FISH DATASET\proof_frames_fish_frames_200\fish01\fish01_frame000352_top.jpg,C:\Users\shain\Downloads\FISH DATASET\FISH DATASET\proof_frames_fish_frames_200\fish01\fish01_frame000352_front.jpg,C:\Users\shain\Downloads\FISH DATASET\FISH DATASET\proof_frames_fish_frames_200\fish01\fish01_frame000352_top_mask.png,C:\Users\shain\Downloads\FISH DATASET\FISH DATASET\proof_frames_fish_frames_200\fish01\fish01_frame000352_front_mask.png
fish01,353,C:\Users\shain\Downloads\FISH DATASET\FISH DATASET\proof_frames_fish_frames_200\fish01\fish01_frame000353_top.jpg,C:\Users\shain\Downloads\FISH DATASET\FISH DATASET\proof_frames_fish_frames_200\fish01\fish01_frame000353_front.jpg,C:\Users\shain\Downloads\FISH DATASET\FISH DATASET\proof_frames_fish_frames_200\fish01\fish01_frame000353_top_mask.png,C:\Users\shain\Downloads\FISH DATASET\FISH DATASET\proof_frames_fish_frames_200\fish01\fish01_frame000353_front_mask.png
fish01,354,C:\Users\shain\Downloads\FISH DATASET\FISH DATASET\proof_frames_fish_frames_200\fish01\fish01_frame000354_top.jpg,C:\Users\shain\Downloads\FISH DATASET\FISH DATASET\proof_frames_fish_frames_200\fish01\fish01_frame000354_front.jpg,C:\Users\shain\Downloads\FISH DATASET\FISH DATASET\proof_frames_fish_frames_200\fish01\fish01_frame000354_top_mask.png,C:\Users\shain\Downloads\FISH DATASET\FISH DATASET\proof_frames_fish_frames_200\fish01\fish01_frame000354_front_mask.png
fish01,355,C:\Users\shain\Downloads\FISH DATASET\FISH DATASET\proof_frames_fish_frames_200\fish01\fish01_frame000355_top.jpg,C:\Users\shain\Downloads\FISH DATASET\FISH DATASET\proof_frames_fish_frames_200\fish01\fish01_frame000355_front.jpg,C:\Users\shain\Downloads\FISH DATASET\FISH DATASET\proof_frames_fish_frames_200\fish01\fish01_frame000355_top_mask.png,C:\Users\shain\Downloads\FISH DATASET\FISH DATASET\proof_frames_fish_frames_200\fish01\fish01_frame000355_front_mask.png
fish01,356,C:\Users\shain\Downloads\FISH DATASET\FISH DATASET\proof_frames_fish_frames_200\fish01\fish01_frame000356_top.jpg,C:\Users\shain\Downloads\FISH DATASET\FISH DATASET\proof_frames_fish_frames_200\fish01\fish01_frame000356_front.jpg,C:\Users\shain\Downloads\FISH DATASET\FISH DATASET\proof_frames_fish_frames_200\fish01\fish01_frame000356_top_mask.png,C:\Users\shain\Downloads\FISH DATASET\FISH DATASET\proof_frames_fish_frames_200\fish01\fish01_frame000356_front_mask.png
fish01,357,C:\Users\shain\Downloads\FISH DATASET\FISH DATASET\proof_frames_fish_frames_200\fish01\fish01_frame000357_top.jpg,C:\Users\shain\Downloads\FISH DATASET\FISH DATASET\proof_frames_fish_frames_200\fish01\fish01_frame000357_front.jpg,C:\Users\shain\Downloads\FISH DATASET\FISH DATASET\proof_frames_fish_frames_200\fish01\fish01_frame000357_top_mask.png,C:\Users\shain\Downloads\FISH DATASET\FISH DATASET\proof_frames_fish_frames_200\fish01\fish01_frame000357_front_mask.png
fish01,358,C:\Users\shain\Downloads\FISH DATASET\FISH DATASET\proof_frames_fish_frames_200\fish01\fish01_frame000358_top.jpg,C:\Users\shain\Downloads\FISH DATASET\FISH DATASET\proof_frames_fish_frames_200\fish01\fish01_frame000358_front.jpg,C:\Users\shain\Downloads\FISH DATASET\FISH DATASET\proof_frames_fish_frames_200\fish01\fish01_frame000358_top_mask.png,C:\Users\shain\Downloads\FISH DATASET\FISH DATASET\proof_frames_fish_frames_200\fish01\fish01_frame000358_front_mask.png
fish01,359,C:\Users\shain\Downloads\FISH DATASET\FISH DATASET\proof_frames_fish_frames_200\fish01\fish01_frame000359_top.jpg,C:\Users\shain\Downloads\FISH DATASET\FISH DATASET\proof_frames_fish_frames_200\fish01\fish01_frame000359_front.jpg,C:\Users\shain\Downloads\FISH DATASET\FISH DATASET\proof_frames_fish_frames_200\fish01\fish01_frame000359_top_mask.png,C:\Users\shain\Downloads\FISH DATASET\FISH DATASET\proof_frames_fish_frames_200\fish01\fish01_frame000359_front_mask.png
fish01,360,C:\Users\shain\Downloads\FISH DATASET\FISH DATASET\proof_frames_fish_frames_200\fish01\fish01_frame000360_top.jpg,C:\Users\shain\Downloads\FISH DATASET\FISH DATASET\proof_frames_fish_frames_200\fish01\fish01_frame000360_front.jpg,C:\Users\shain\Downloads\FISH DATASET\FISH DATASET\proof_frames_fish_frames_200\fish01\fish01_frame000360_top_mask.png,C:\Users\shain\Downloads\FISH DATASET\FISH DATASET\proof_frames_fish_frames_200\fish01\fish01_frame000360_front_mask.png
fish01,361,C:\Users\shain\Downloads\FISH DATASET\FISH DATASET\proof_frames_fish_frames_200\fish01\fish01_frame000361_top.jpg,C:\Users\shain\Downloads\FISH DATASET\FISH DATASET\proof_frames_fish_frames_200\fish01\fish01_frame000361_front.jpg,C:\Users\shain\Downloads\FISH DATASET\FISH DATASET\proof_frames_fish_frames_200\fish01\fish01_frame000361_top_mask.png,C:\Users\shain\Downloads\FISH DATASET\FISH DATASET\proof_frames_fish_frames_200\fish01\fish01_frame000361_front_mask.png
fish01,362,C:\Users\shain\Downloads\FISH DATASET\FISH DATASET\proof_frames_fish_frames_200\fish01\fish01_frame000362_top.jpg,C:\Users\shain\Downloads\FISH DATASET\FISH DATASET\proof_frames_fish_frames_200\fish01\fish01_frame000362_front.jpg,C:\Users\shain\Downloads\FISH DATASET\FISH DATASET\proof_frames_fish_frames_200\fish01\fish01_frame000362_top_mask.png,C:\Users\shain\Downloads\FISH DATASET\FISH DATASET\proof_frames_fish_frames_200\fish01\fish01_frame000362_front_mask.png
fish01,363,C:\Users\shain\Downloads\FISH DATASET\FISH DATASET\proof_frames_fish_frames_200\fish01\fish01_frame000363_top.jpg,C:\Users\shain\Downloads\FISH DATASET\FISH DATASET\proof_frames_fish_frames_200\fish01\fish01_frame000363_front.jpg,C:\Users\shain\Downloads\FISH DATASET\FISH DATASET\proof_frames_fish_frames_200\fish01\fish01_frame000363_top_mask.png,C:\Users\shain\Downloads\FISH DATASET\FISH DATASET\proof_frames_fish_frames_200\fish01\fish01_frame000363_front_mask.png
fish01,364,C:\Users\shain\Downloads\FISH DATASET\FISH DATASET\proof_frames_fish_frames_200\fish01\fish01_frame000364_top.jpg,C:\Users\shain\Downloads\FISH DATASET\FISH DATASET\proof_frames_fish_frames_200\fish01\fish01_frame000364_front.jpg,C:\Users\shain\Downloads\FISH DATASET\FISH DATASET\proof_frames_fish_frames_200\fish01\fish01_frame000364_top_mask.png,C:\Users\shain\Downloads\FISH DATASET\FISH DATASET\proof_frames_fish_frames_200\fish01\fish01_frame000364_front_mask.png
fish01,365,C:\Users\shain\Downloads\FISH DATASET\FISH DATASET\proof_frames_fish_frames_200\fish01\fish01_frame000365_top.jpg,C:\Users\shain\Downloads\FISH DATASET\FISH DATASET\proof_frames_fish_frames_200\fish01\fish01_frame000365_front.jpg,C:\Users\shain\Downloads\FISH DATASET\FISH DATASET\proof_frames_fish_frames_200\fish01\fish01_frame000365_top_mask.png,C:\Users\shain\Downloads\FISH DATASET\FISH DATASET\proof_frames_fish_frames_200\fish01\fish01_frame000365_front_mask.png
fish01,644,C:\Users\shain\Downloads\FISH DATASET\FISH DATASET\proof_frames_fish_frames_200\fish01\fish01_frame000644_top.jpg,C:\Users\shain\Downloads\FISH DATASET\FISH DATASET\proof_frames_fish_frames_200\fish01\fish01_frame000644_front.jpg,C:\Users\shain\Downloads\FISH DATASET\FISH DATASET\proof_frames_fish_frames_200\fish01\fish01_frame000644_top_mask.png,C:\Users\shain\Downloads\FISH DATASET\FISH DATASET\proof_frames_fish_frames_200\fish01\fish01_frame000644_front_mask.png
fish01,645,C:\Users\shain\Downloads\FISH DATASET\FISH DATASET\proof_frames_fish_frames_200\fish01\fish01_frame000645_top.jpg,C:\Users\shain\Downloads\FISH DATASET\FISH DATASET\proof_frames_fish_frames_200\fish01\fish01_frame000645_front.jpg,C:\Users\shain\Downloads\FISH DATASET\FISH DATASET\proof_frames_fish_frames_200\fish01\fish01_frame000645_top_mask.png,C:\Users\shain\Downloads\FISH DATASET\FISH DATASET\proof_frames_fish_frames_200\fish01\fish01_frame000645_front_mask.png
fish01,647,C:\Users\shain\Downloads\FISH DATASET\FISH DATASET\proof_frames_fish_frames_200\fish01\fish01_frame000647_top.jpg,C:\Users\shain\Downloads\FISH DATASET\FISH DATASET\proof_frames_fish_frames_200\fish01\fish01_frame000647_front.jpg,C:\Users\shain\Downloads\FISH DATASET\FISH DATASET\proof_frames_fish_frames_200\fish01\fish01_frame000647_top_mask.png,C:\Users\shain\Downloads\FISH DATASET\FISH DATASET\proof_frames_fish_frames_200\fish01\fish01_frame000647_front_mask.png
fish01,648,C:\Users\shain\Downloads\FISH DATASET\FISH DATASET\proof_frames_fish_frames_200\fish01\fish01_frame000648_top.jpg,C:\Users\shain\Downloads\FISH DATASET\FISH DATASET\proof_frames_fish_frames_200\fish01\fish01_frame000648_front.jpg,C:\Users\shain\Downloads\FISH DATASET\FISH DATASET\proof_frames_fish_frames_200\fish01\fish01_frame000648_top_mask.png,C:\Users\shain\Downloads\FISH DATASET\FISH DATASET\proof_frames_fish_frames_200\fish01\fish01_frame000648_front_mask.png
fish01,649,C:\Users\shain\Downloads\FISH DATASET\FISH DATASET\proof_frames_fish_frames_200\fish01\fish01_frame000649_top.jpg,C:\Users\shain\Downloads\FISH DATASET\FISH DATASET\proof_frames_fish_frames_200\fish01\fish01_frame000649_front.jpg,C:\Users\shain\Downloads\FISH DATASET\FISH DATASET\proof_frames_fish_frames_200\fish01\fish01_frame000649_top_mask.png,C:\Users\shain\Downloads\FISH DATASET\FISH DATASET\proof_frames_fish_frames_200\fish01\fish01_frame000649_front_mask.png
fish01,650,C:\Users\shain\Downloads\FISH DATASET\FISH DATASET\proof_frames_fish_frames_200\fish01\fish01_frame000650_top.jpg,C:\Users\shain\Downloads\FISH DATASET\FISH DATASET\proof_frames_fish_frames_200\fish01\fish01_frame000650_front.jpg,C:\Users\shain\Downloads\FISH DATASET\FISH DATASET\proof_frames_fish_frames_200\fish01\fish01_frame000650_top_mask.png,C:\Users\shain\Downloads\FISH DATASET\FISH DATASET\proof_frames_fish_frames_200\fish01\fish01_frame000650_front_mask.png
fish01,651,C:\Users\shain\Downloads\FISH DATASET\FISH DATASET\proof_frames_fish_frames_200\fish01\fish01_frame000651_top.jpg,C:\Users\shain\Downloads\FISH DATASET\FISH DATASET\proof_frames_fish_frames_200\fish01\fish01_frame000651_front.jpg,C:\Users\shain\Downloads\FISH DATASET\FISH DATASET\proof_frames_fish_frames_200\fish01\fish01_frame000651_top_mask.png,C:\Users\shain\Downloads\FISH DATASET\FISH DATASET\proof_frames_fish_frames_200\fish01\fish01_frame000651_front_mask.png
fish01,652,C:\Users\shain\Downloads\FISH DATASET\FISH DATASET\proof_frames_fish_frames_200\fish01\fish01_frame000652_top.jpg,C:\Users\shain\Downloads\FISH DATASET\FISH DATASET\proof_frames_fish_frames_200\fish01\fish01_frame000652_front.jpg,C:\Users\shain\Downloads\FISH DATASET\FISH DATASET\proof_frames_fish_frames_200\fish01\fish01_frame000652_top_mask.png,C:\Users\shain\Downloads\FISH DATASET\FISH DATASET\proof_frames_fish_frames_200\fish01\fish01_frame000652_front_mask.png
fish01,653,C:\Users\shain\Downloads\FISH DATASET\FISH DATASET\proof_frames_fish_frames_200\fish01\fish01_frame000653_top.jpg,C:\Users\shain\Downloads\FISH DATASET\FISH DATASET\proof_frames_fish_frames_200\fish01\fish01_frame000653_front.jpg,C:\Users\shain\Downloads\FISH DATASET\FISH DATASET\proof_frames_fish_frames_200\fish01\fish01_frame000653_top_mask.png,C:\Users\shain\Downloads\FISH DATASET\FISH DATASET\proof_frames_fish_frames_200\fish01\fish01_frame000653_front_mask.png
fish01,654,C:\Users\shain\Downloads\FISH DATASET\FISH DATASET\proof_frames_fish_frames_200\fish01\fish01_frame000654_top.jpg,C:\Users\shain\Downloads\FISH DATASET\FISH DATASET\proof_frames_fish_frames_200\fish01\fish01_frame000654_front.jpg,C:\Users\shain\Downloads\FISH DATASET\FISH DATASET\proof_frames_fish_frames_200\fish01\fish01_frame000654_top_mask.png,C:\Users\shain\Downloads\FISH DATASET\FISH DATASET\proof_frames_fish_frames_200\fish01\fish01_frame000654_front_mask.png
fish01,655,C:\Users\shain\Downloads\FISH DATASET\FISH DATASET\proof_frames_fish_frames_200\fish01\fish01_frame000655_top.jpg,C:\Users\shain\Downloads\FISH DATASET\FISH DATASET\proof_frames_fish_frames_200\fish01\fish01_frame000655_front.jpg,C:\Users\shain\Downloads\FISH DATASET\FISH DATASET\proof_frames_fish_frames_200\fish01\fish01_frame000655_top_mask.png,C:\Users\shain\Downloads\FISH DATASET\FISH DATASET\proof_frames_fish_frames_200\fish01\fish01_frame000655_front_mask.png
fish01,656,C:\Users\shain\Downloads\FISH DATASET\FISH DATASET\proof_frames_fish_frames_200\fish01\fish01_frame000656_top.jpg,C:\Users\shain\Downloads\FISH DATASET\FISH DATASET\proof_frames_fish_frames_200\fish01\fish01_frame000656_front.jpg,C:\Users\shain\Downloads\FISH DATASET\FISH DATASET\proof_frames_fish_frames_200\fish01\fish01_frame000656_top_mask.png,C:\Users\shain\Downloads\FISH DATASET\FISH DATASET\proof_frames_fish_frames_200\fish01\fish01_frame000656_front_mask.png
fish01,1432,C:\Users\shain\Downloads\FISH DATASET\FISH DATASET\proof_frames_fish_frames_200\fish01\fish01_frame001432_top.jpg,C:\Users\shain\Downloads\FISH DATASET\FISH DATASET\proof_frames_fish_frames_200\fish01\fish01_frame001432_front.jpg,C:\Users\shain\Downloads\FISH DATASET\FISH DATASET\proof_frames_fish_frames_200\fish01\fish01_frame001432_top_mask.png,C:\Users\shain\Downloads\FISH DATASET\FISH DATASET\proof_frames_fish_frames_200\fish01\fish01_frame001432_front_mask.png
fish01,1433,C:\Users\shain\Downloads\FISH DATASET\FISH DATASET\proof_frames_fish_frames_200\fish01\fish01_frame001433_top.jpg,C:\Users\shain\Downloads\FISH DATASET\FISH DATASET\proof_frames_fish_frames_200\fish01\fish01_frame001433_front.jpg,C:\Users\shain\Downloads\FISH DATASET\FISH DATASET\proof_frames_fish_frames_200\fish01\fish01_frame001433_top_mask.png,C:\Users\shain\Downloads\FISH DATASET\FISH DATASET\proof_frames_fish_frames_200\fish01\fish01_frame001433_front_mask.png
fish01,1434,C:\Users\shain\Downloads\FISH DATASET\FISH DATASET\proof_frames_fish_frames_200\fish01\fish01_frame001434_top.jpg,C:\Users\shain\Downloads\FISH DATASET\FISH DATASET\proof_frames_fish_frames_200\fish01\fish01_frame001434_front.jpg,C:\Users\shain\Downloads\FISH DATASET\FISH DATASET\proof_frames_fish_frames_200\fish01\fish01_frame001434_top_mask.png,C:\Users\shain\Downloads\FISH DATASET\FISH DATASET\proof_frames_fish_frames_200\fish01\fish01_frame001434_front_mask.png
fish01,1435,C:\Users\shain\Downloads\FISH DATASET\FISH DATASET\proof_frames_fish_frames_200\fish01\fish01_frame001435_top.jpg,C:\Users\shain\Downloads\FISH DATASET\FISH DATASET\proof_frames_fish_frames_200\fish01\fish01_frame001435_front.jpg,C:\Users\shain\Downloads\FISH DATASET\FISH DATASET\proof_frames_fish_frames_200\fish01\fish01_frame001435_top_mask.png,C:\Users\shain\Downloads\FISH DATASET\FISH DATASET\proof_frames_fish_frames_200\fish01\fish01_frame001435_front_mask.png
fish01,1436,C:\Users\shain\Downloads\FISH DATASET\FISH DATASET\proof_frames_fish_frames_200\fish01\fish01_frame001436_top.jpg,C:\Users\shain\Downloads\FISH DATASET\FISH DATASET\proof_frames_fish_frames_200\fish01\fish01_frame001436_front.jpg,C:\Users\shain\Downloads\FISH DATASET\FISH DATASET\proof_frames_fish_frames_200\fish01\fish01_frame001436_top_mask.png,C:\Users\shain\Downloads\FISH DATASET\FISH DATASET\proof_frames_fish_frames_200\fish01\fish01_frame001436_front_mask.png
fish01,1437,C:\Users\shain\Downloads\FISH DATASET\FISH DATASET\proof_frames_fish_frames_200\fish01\fish01_frame001437_top.jpg,C:\Users\shain\Downloads\FISH DATASET\FISH DATASET\proof_frames_fish_frames_200\fish01\fish01_frame001437_front.jpg,C:\Users\shain\Downloads\FISH DATASET\FISH DATASET\proof_frames_fish_frames_200\fish01\fish01_frame001437_top_mask.png,C:\Users\shain\Downloads\FISH DATASET\FISH DATASET\proof_frames_fish_frames_200\fish01\fish01_frame001437_front_mask.png
fish01,1438,C:\Users\shain\Downloads\FISH DATASET\FISH DATASET\proof_frames_fish_frames_200\fish01\fish01_frame001438_top.jpg,C:\Users\shain\Downloads\FISH DATASET\FISH DATASET\proof_frames_fish_frames_200\fish01\fish01_frame001438_front.jpg,C:\Users\shain\Downloads\FISH DATASET\FISH DATASET\proof_frames_fish_frames_200\fish01\fish01_frame001438_top_mask.png,C:\Users\shain\Downloads\FISH DATASET\FISH DATASET\proof_frames_fish_frames_200\fish01\fish01_frame001438_front_mask.png
fish01,1439,C:\Users\shain\Downloads\FISH DATASET\FISH DATASET\proof_frames_fish_frames_200\fish01\fish01_frame001439_top.jpg,C:\Users\shain\Downloads\FISH DATASET\FISH DATASET\proof_frames_fish_frames_200\fish01\fish01_frame001439_front.jpg,C:\Users\shain\Downloads\FISH DATASET\FISH DATASET\proof_frames_fish_frames_200\fish01\fish01_frame001439_top_mask.png,C:\Users\shain\Downloads\FISH DATASET\FISH DATASET\proof_frames_fish_frames_200\fish01\fish01_frame001439_front_mask.png
fish01,1440,C:\Users\shain\Downloads\FISH DATASET\FISH DATASET\proof_frames_fish_frames_200\fish01\fish01_frame001440_top.jpg,C:\Users\shain\Downloads\FISH DATASET\FISH DATASET\proof_frames_fish_frames_200\fish01\fish01_frame001440_front.jpg,C:\Users\shain\Downloads\FISH DATASET\FISH DATASET\proof_frames_fish_frames_200\fish01\fish01_frame001440_top_mask.png,C:\Users\shain\Downloads\FISH DATASET\FISH DATASET\proof_frames_fish_frames_200\fish01\fish01_frame001440_front_mask.png
fish01,1441,C:\Users\shain\Downloads\FISH DATASET\FISH DATASET\proof_frames_fish_frames_200\fish01\fish01_frame001441_top.jpg,C:\Users\shain\Downloads\FISH DATASET\FISH DATASET\proof_frames_fish_frames_200\fish01\fish01_frame001441_front.jpg,C:\Users\shain\Downloads\FISH DATASET\FISH DATASET\proof_frames_fish_frames_200\fish01\fish01_frame001441_top_mask.png,C:\Users\shain\Downloads\FISH DATASET\FISH DATASET\proof_frames_fish_frames_200\fish01\fish01_frame001441_front_mask.png
fish01,1442,C:\Users\shain\Downloads\FISH DATASET\FISH DATASET\proof_frames_fish_frames_200\fish01\fish01_frame001442_top.jpg,C:\Users\shain\Downloads\FISH DATASET\FISH DATASET\proof_frames_fish_frames_200\fish01\fish01_frame001442_front.jpg,C:\Users\shain\Downloads\FISH DATASET\FISH DATASET\proof_frames_fish_frames_200\fish01\fish01_frame001442_top_mask.png,C:\Users\shain\Downloads\FISH DATASET\FISH DATASET\proof_frames_fish_frames_200\fish01\fish01_frame001442_front_mask.png
fish01,1443,C:\Users\shain\Downloads\FISH DATASET\FISH DATASET\proof_frames_fish_frames_200\fish01\fish01_frame001443_top.jpg,C:\Users\shain\Downloads\FISH DATASET\FISH DATASET\proof_frames_fish_frames_200\fish01\fish01_frame001443_front.jpg,C:\Users\shain\Downloads\FISH DATASET\FISH DATASET\proof_frames_fish_frames_200\fish01\fish01_frame001443_top_mask.png,C:\Users\shain\Downloads\FISH DATASET\FISH DATASET\proof_frames_fish_frames_200\fish01\fish01_frame001443_front_mask.png
fish01,1444,C:\Users\shain\Downloads\FISH DATASET\FISH DATASET\proof_frames_fish_frames_200\fish01\fish01_frame001444_top.jpg,C:\Users\shain\Downloads\FISH DATASET\FISH DATASET\proof_frames_fish_frames_200\fish01\fish01_frame001444_front.jpg,C:\Users\shain\Downloads\FISH DATASET\FISH DATASET\proof_frames_fish_frames_200\fish01\fish01_frame001444_top_mask.png,C:\Users\shain\Downloads\FISH DATASET\FISH DATASET\proof_frames_fish_frames_200\fish01\fish01_frame001444_front_mask.png
fish01,1445,C:\Users\shain\Downloads\FISH DATASET\FISH DATASET\proof_frames_fish_frames_200\fish01\fish01_frame001445_top.jpg,C:\Users\shain\Downloads\FISH DATASET\FISH DATASET\proof_frames_fish_frames_200\fish01\fish01_frame001445_front.jpg,C:\Users\shain\Downloads\FISH DATASET\FISH DATASET\proof_frames_fish_frames_200\fish01\fish01_frame001445_top_mask.png,C:\Users\shain\Downloads\FISH DATASET\FISH DATASET\proof_frames_fish_frames_200\fish01\fish01_frame001445_front_mask.png
fish01,1446,C:\Users\shain\Downloads\FISH DATASET\FISH DATASET\proof_frames_fish_frames_200\fish01\fish01_frame001446_top.jpg,C:\Users\shain\Downloads\FISH DATASET\FISH DATASET\proof_frames_fish_frames_200\fish01\fish01_frame001446_front.jpg,C:\Users\shain\Downloads\FISH DATASET\FISH DATASET\proof_frames_fish_frames_200\fish01\fish01_frame001446_top_mask.png,C:\Users\shain\Downloads\FISH DATASET\FISH DATASET\proof_frames_fish_frames_200\fish01\fish01_frame001446_front_mask.png
fish01,1447,C:\Users\shain\Downloads\FISH DATASET\FISH DATASET\proof_frames_fish_frames_200\fish01\fish01_frame001447_top.jpg,C:\Users\shain\Downloads\FISH DATASET\FISH DATASET\proof_frames_fish_frames_200\fish01\fish01_frame001447_front.jpg,C:\Users\shain\Downloads\FISH DATASET\FISH DATASET\proof_frames_fish_frames_200\fish01\fish01_frame001447_top_mask.png,C:\Users\shain\Downloads\FISH DATASET\FISH DATASET\proof_frames_fish_frames_200\fish01\fish01_frame001447_front_mask.png
fish01,1448,C:\Users\shain\Downloads\FISH DATASET\FISH DATASET\proof_frames_fish_frames_200\fish01\fish01_frame001448_top.jpg,C:\Users\shain\Downloads\FISH DATASET\FISH DATASET\proof_frames_fish_frames_200\fish01\fish01_frame001448_front.jpg,C:\Users\shain\Downloads\FISH DATASET\FISH DATASET\proof_frames_fish_frames_200\fish01\fish01_frame001448_top_mask.png,C:\Users\shain\Downloads\FISH DATASET\FISH DATASET\proof_frames_fish_frames_200\fish01\fish01_frame001448_front_mask.png
fish01,1449,C:\Users\shain\Downloads\FISH DATASET\FISH DATASET\proof_frames_fish_frames_200\fish01\fish01_frame001449_top.jpg,C:\Users\shain\Downloads\FISH DATASET\FISH DATASET\proof_frames_fish_frames_200\fish01\fish01_frame001449_front.jpg,C:\Users\shain\Downloads\FISH DATASET\FISH DATASET\proof_frames_fish_frames_200\fish01\fish01_frame001449_top_mask.png,C:\Users\shain\Downloads\FISH DATASET\FISH DATASET\proof_frames_fish_frames_200\fish01\fish01_frame001449_front_mask.png
fish01,1450,C:\Users\shain\Downloads\FISH DATASET\FISH DATASET\proof_frames_fish_frames_200\fish01\fish01_frame001450_top.jpg,C:\Users\shain\Downloads\FISH DATASET\FISH DATASET\proof_frames_fish_frames_200\fish01\fish01_frame001450_front.jpg,C:\Users\shain\Downloads\FISH DATASET\FISH DATASET\proof_frames_fish_frames_200\fish01\fish01_frame001450_top_mask.png,C:\Users\shain\Downloads\FISH DATASET\FISH DATASET\proof_frames_fish_frames_200\fish01\fish01_frame001450_front_mask.png
fish01,1451,C:\Users\shain\Downloads\FISH DATASET\FISH DATASET\proof_frames_fish_frames_200\fish01\fish01_frame001451_top.jpg,C:\Users\shain\Downloads\FISH DATASET\FISH DATASET\proof_frames_fish_frames_200\fish01\fish01_frame001451_front.jpg,C:\Users\shain\Downloads\FISH DATASET\FISH DATASET\proof_frames_fish_frames_200\fish01\fish01_frame001451_top_mask.png,C:\Users\shain\Downloads\FISH DATASET\FISH DATASET\proof_frames_fish_frames_200\fish01\fish01_frame001451_front_mask.png
fish01,1452,C:\Users\shain\Downloads\FISH DATASET\FISH DATASET\proof_frames_fish_frames_200\fish01\fish01_frame001452_top.jpg,C:\Users\shain\Downloads\FISH DATASET\FISH DATASET\proof_frames_fish_frames_200\fish01\fish01_frame001452_front.jpg,C:\Users\shain\Downloads\FISH DATASET\FISH DATASET\proof_frames_fish_frames_200\fish01\fish01_frame001452_top_mask.png,C:\Users\shain\Downloads\FISH DATASET\FISH DATASET\proof_frames_fish_frames_200\fish01\fish01_frame001452_front_mask.png
fish01,1453,C:\Users\shain\Downloads\FISH DATASET\FISH DATASET\proof_frames_fish_frames_200\fish01\fish01_frame001453_top.jpg,C:\Users\shain\Downloads\FISH DATASET\FISH DATASET\proof_frames_fish_frames_200\fish01\fish01_frame001453_front.jpg,C:\Users\shain\Downloads\FISH DATASET\FISH DATASET\proof_frames_fish_frames_200\fish01\fish01_frame001453_top_mask.png,C:\Users\shain\Downloads\FISH DATASET\FISH DATASET\proof_frames_fish_frames_200\fish01\fish01_frame001453_front_mask.png
fish01,1454,C:\Users\shain\Downloads\FISH DATASET\FISH DATASET\proof_frames_fish_frames_200\fish01\fish01_frame001454_top.jpg,C:\Users\shain\Downloads\FISH DATASET\FISH DATASET\proof_frames_fish_frames_200\fish01\fish01_frame001454_front.jpg,C:\Users\shain\Downloads\FISH DATASET\FISH DATASET\proof_frames_fish_frames_200\fish01\fish01_frame001454_top_mask.png,C:\Users\shain\Downloads\FISH DATASET\FISH DATASET\proof_frames_fish_frames_200\fish01\fish01_frame001454_front_mask.png
fish01,1461,C:\Users\shain\Downloads\FISH DATASET\FISH DATASET\proof_frames_fish_frames_200\fish01\fish01_frame001461_top.jpg,C:\Users\shain\Downloads\FISH DATASET\FISH DATASET\proof_frames_fish_frames_200\fish01\fish01_frame001461_front.jpg,C:\Users\shain\Downloads\FISH DATASET\FISH DATASET\proof_frames_fish_frames_200\fish01\fish01_frame001461_top_mask.png,C:\Users\shain\Downloads\FISH DATASET\FISH DATASET\proof_frames_fish_frames_200\fish01\fish01_frame001461_front_mask.png
fish01,1502,C:\Users\shain\Downloads\FISH DATASET\FISH DATASET\proof_frames_fish_frames_200\fish01\fish01_frame001502_top.jpg,C:\Users\shain\Downloads\FISH DATASET\FISH DATASET\proof_frames_fish_frames_200\fish01\fish01_frame001502_front.jpg,C:\Users\shain\Downloads\FISH DATASET\FISH DATASET\proof_frames_fish_frames_200\fish01\fish01_frame001502_top_mask.png,C:\Users\shain\Downloads\FISH DATASET\FISH DATASET\proof_frames_fish_frames_200\fish01\fish01_frame001502_front_mask.png
fish01,1503,C:\Users\shain\Downloads\FISH DATASET\FISH DATASET\proof_frames_fish_frames_200\fish01\fish01_frame001503_top.jpg,C:\Users\shain\Downloads\FISH DATASET\FISH DATASET\proof_frames_fish_frames_200\fish01\fish01_frame001503_front.jpg,C:\Users\shain\Downloads\FISH DATASET\FISH DATASET\proof_frames_fish_frames_200\fish01\fish01_frame001503_top_mask.png,C:\Users\shain\Downloads\FISH DATASET\FISH DATASET\proof_frames_fish_frames_200\fish01\fish01_frame001503_front_mask.png
fish01,1504,C:\Users\shain\Downloads\FISH DATASET\FISH DATASET\proof_frames_fish_frames_200\fish01\fish01_frame001504_top.jpg,C:\Users\shain\Downloads\FISH DATASET\FISH DATASET\proof_frames_fish_frames_200\fish01\fish01_frame001504_front.jpg,C:\Users\shain\Downloads\FISH DATASET\FISH DATASET\proof_frames_fish_frames_200\fish01\fish01_frame001504_top_mask.png,C:\Users\shain\Downloads\FISH DATASET\FISH DATASET\proof_frames_fish_frames_200\fish01\fish01_frame001504_front_mask.png
fish01,1505,C:\Users\shain\Downloads\FISH DATASET\FISH DATASET\proof_frames_fish_frames_200\fish01\fish01_frame001505_top.jpg,C:\Users\shain\Downloads\FISH DATASET\FISH DATASET\proof_frames_fish_frames_200\fish01\fish01_frame001505_front.jpg,C:\Users\shain\Downloads\FISH DATASET\FISH DATASET\proof_frames_fish_frames_200\fish01\fish01_frame001505_top_mask.png,C:\Users\shain\Downloads\FISH DATASET\FISH DATASET\proof_frames_fish_frames_200\fish01\fish01_frame001505_front_mask.png
fish01,1506,C:\Users\shain\Downloads\FISH DATASET\FISH DATASET\proof_frames_fish_frames_200\fish01\fish01_frame001506_top.jpg,C:\Users\shain\Downloads\FISH DATASET\FISH DATASET\proof_frames_fish_frames_200\fish01\fish01_frame001506_front.jpg,C:\Users\shain\Downloads\FISH DATASET\FISH DATASET\proof_frames_fish_frames_200\fish01\fish01_frame001506_top_mask.png,C:\Users\shain\Downloads\FISH DATASET\FISH DATASET\proof_frames_fish_frames_200\fish01\fish01_frame001506_front_mask.png
fish01,1507,C:\Users\shain\Downloads\FISH DATASET\FISH DATASET\proof_frames_fish_frames_200\fish01\fish01_frame001507_top.jpg,C:\Users\shain\Downloads\FISH DATASET\FISH DATASET\proof_frames_fish_frames_200\fish01\fish01_frame001507_front.jpg,C:\Users\shain\Downloads\FISH DATASET\FISH DATASET\proof_frames_fish_frames_200\fish01\fish01_frame001507_top_mask.png,C:\Users\shain\Downloads\FISH DATASET\FISH DATASET\proof_frames_fish_frames_200\fish01\fish01_frame001507_front_mask.png
fish01,1508,C:\Users\shain\Downloads\FISH DATASET\FISH DATASET\proof_frames_fish_frames_200\fish01\fish01_frame001508_top.jpg,C:\Users\shain\Downloads\FISH DATASET\FISH DATASET\proof_frames_fish_frames_200\fish01\fish01_frame001508_front.jpg,C:\Users\shain\Downloads\FISH DATASET\FISH DATASET\proof_frames_fish_frames_200\fish01\fish01_frame001508_top_mask.png,C:\Users\shain\Downloads\FISH DATASET\FISH DATASET\proof_frames_fish_frames_200\fish01\fish01_frame001508_front_mask.png
fish01,1509,C:\Users\shain\Downloads\FISH DATASET\FISH DATASET\proof_frames_fish_frames_200\fish01\fish01_frame001509_top.jpg,C:\Users\shain\Downloads\FISH DATASET\FISH DATASET\proof_frames_fish_frames_200\fish01\fish01_frame001509_front.jpg,C:\Users\shain\Downloads\FISH DATASET\FISH DATASET\proof_frames_fish_frames_200\fish01\fish01_frame001509_top_mask.png,C:\Users\shain\Downloads\FISH DATASET\FISH DATASET\proof_frames_fish_frames_200\fish01\fish01_frame001509_front_mask.png
fish01,1510,C:\Users\shain\Downloads\FISH DATASET\FISH DATASET\proof_frames_fish_frames_200\fish01\fish01_frame001510_top.jpg,C:\Users\shain\Downloads\FISH DATASET\FISH DATASET\proof_frames_fish_frames_200\fish01\fish01_frame001510_front.jpg,C:\Users\shain\Downloads\FISH DATASET\FISH DATASET\proof_frames_fish_frames_200\fish01\fish01_frame001510_top_mask.png,C:\Users\shain\Downloads\FISH DATASET\FISH DATASET\proof_frames_fish_frames_200\fish01\fish01_frame001510_front_mask.png
fish01,1511,C:\Users\shain\Downloads\FISH DATASET\FISH DATASET\proof_frames_fish_frames_200\fish01\fish01_frame001511_top.jpg,C:\Users\shain\Downloads\FISH DATASET\FISH DATASET\proof_frames_fish_frames_200\fish01\fish01_frame001511_front.jpg,C:\Users\shain\Downloads\FISH DATASET\FISH DATASET\proof_frames_fish_frames_200\fish01\fish01_frame001511_top_mask.png,C:\Users\shain\Downloads\FISH DATASET\FISH DATASET\proof_frames_fish_frames_200\fish01\fish01_frame001511_front_mask.png
fish01,1512,C:\Users\shain\Downloads\FISH DATASET\FISH DATASET\proof_frames_fish_frames_200\fish01\fish01_frame001512_top.jpg,C:\Users\shain\Downloads\FISH DATASET\FISH DATASET\proof_frames_fish_frames_200\fish01\fish01_frame001512_front.jpg,C:\Users\shain\Downloads\FISH DATASET\FISH DATASET\proof_frames_fish_frames_200\fish01\fish01_frame001512_top_mask.png,C:\Users\shain\Downloads\FISH DATASET\FISH DATASET\proof_frames_fish_frames_200\fish01\fish01_frame001512_front_mask.png
fish01,1513,C:\Users\shain\Downloads\FISH DATASET\FISH DATASET\proof_frames_fish_frames_200\fish01\fish01_frame001513_top.jpg,C:\Users\shain\Downloads\FISH DATASET\FISH DATASET\proof_frames_fish_frames_200\fish01\fish01_frame001513_front.jpg,C:\Users\shain\Downloads\FISH DATASET\FISH DATASET\proof_frames_fish_frames_200\fish01\fish01_frame001513_top_mask.png,C:\Users\shain\Downloads\FISH DATASET\FISH DATASET\proof_frames_fish_frames_200\fish01\fish01_frame001513_front_mask.png
fish01,1514,C:\Users\shain\Downloads\FISH DATASET\FISH DATASET\proof_frames_fish_frames_200\fish01\fish01_frame001514_top.jpg,C:\Users\shain\Downloads\FISH DATASET\FISH DATASET\proof_frames_fish_frames_200\fish01\fish01_frame001514_front.jpg,C:\Users\shain\Downloads\FISH DATASET\FISH DATASET\proof_frames_fish_frames_200\fish01\fish01_frame001514_top_mask.png,C:\Users\shain\Downloads\FISH DATASET\FISH DATASET\proof_frames_fish_frames_200\fish01\fish01_frame001514_front_mask.png
fish01,1515,C:\Users\shain\Downloads\FISH DATASET\FISH DATASET\proof_frames_fish_frames_200\fish01\fish01_frame001515_top.jpg,C:\Users\shain\Downloads\FISH DATASET\FISH DATASET\proof_frames_fish_frames_200\fish01\fish01_frame001515_front.jpg,C:\Users\shain\Downloads\FISH DATASET\FISH DATASET\proof_frames_fish_frames_200\fish01\fish01_frame001515_top_mask.png,C:\Users\shain\Downloads\FISH DATASET\FISH DATASET\proof_frames_fish_frames_200\fish01\fish01_frame001515_front_mask.png
fish01,1516,C:\Users\shain\Downloads\FISH DATASET\FISH DATASET\proof_frames_fish_frames_200\fish01\fish01_frame001516_top.jpg,C:\Users\shain\Downloads\FISH DATASET\FISH DATASET\proof_frames_fish_frames_200\fish01\fish01_frame001516_front.jpg,C:\Users\shain\Downloads\FISH DATASET\FISH DATASET\proof_frames_fish_frames_200\fish01\fish01_frame001516_top_mask.png,C:\Users\shain\Downloads\FISH DATASET\FISH DATASET\proof_frames_fish_frames_200\fish01\fish01_frame001516_front_mask.png
fish01,1517,C:\Users\shain\Downloads\FISH DATASET\FISH DATASET\proof_frames_fish_frames_200\fish01\fish01_frame001517_top.jpg,C:\Users\shain\Downloads\FISH DATASET\FISH DATASET\proof_frames_fish_frames_200\fish01\fish01_frame001517_front.jpg,C:\Users\shain\Downloads\FISH DATASET\FISH DATASET\proof_frames_fish_frames_200\fish01\fish01_frame001517_top_mask.png,C:\Users\shain\Downloads\FISH DATASET\FISH DATASET\proof_frames_fish_frames_200\fish01\fish01_frame001517_front_mask.png
fish01,1518,C:\Users\shain\Downloads\FISH DATASET\FISH DATASET\proof_frames_fish_frames_200\fish01\fish01_frame001518_top.jpg,C:\Users\shain\Downloads\FISH DATASET\FISH DATASET\proof_frames_fish_frames_200\fish01\fish01_frame001518_front.jpg,C:\Users\shain\Downloads\FISH DATASET\FISH DATASET\proof_frames_fish_frames_200\fish01\fish01_frame001518_top_mask.png,C:\Users\shain\Downloads\FISH DATASET\FISH DATASET\proof_frames_fish_frames_200\fish01\fish01_frame001518_front_mask.png
fish01,1519,C:\Users\shain\Downloads\FISH DATASET\FISH DATASET\proof_frames_fish_frames_200\fish01\fish01_frame001519_top.jpg,C:\Users\shain\Downloads\FISH DATASET\FISH DATASET\proof_frames_fish_frames_200\fish01\fish01_frame001519_front.jpg,C:\Users\shain\Downloads\FISH DATASET\FISH DATASET\proof_frames_fish_frames_200\fish01\fish01_frame001519_top_mask.png,C:\Users\shain\Downloads\FISH DATASET\FISH DATASET\proof_frames_fish_frames_200\fish01\fish01_frame001519_front_mask.png
fish01,1520,C:\Users\shain\Downloads\FISH DATASET\FISH DATASET\proof_frames_fish_frames_200\fish01\fish01_frame001520_top.jpg,C:\Users\shain\Downloads\FISH DATASET\FISH DATASET\proof_frames_fish_frames_200\fish01\fish01_frame001520_front.jpg,C:\Users\shain\Downloads\FISH DATASET\FISH DATASET\proof_frames_fish_frames_200\fish01\fish01_frame001520_top_mask.png,C:\Users\shain\Downloads\FISH DATASET\FISH DATASET\proof_frames_fish_frames_200\fish01\fish01_frame001520_front_mask.png
fish01,1521,C:\Users\shain\Downloads\FISH DATASET\FISH DATASET\proof_frames_fish_frames_200\fish01\fish01_frame001521_top.jpg,C:\Users\shain\Downloads\FISH DATASET\FISH DATASET\proof_frames_fish_frames_200\fish01\fish01_frame001521_front.jpg,C:\Users\shain\Downloads\FISH DATASET\FISH DATASET\proof_frames_fish_frames_200\fish01\fish01_frame001521_top_mask.png,C:\Users\shain\Downloads\FISH DATASET\FISH DATASET\proof_frames_fish_frames_200\fish01\fish01_frame001521_front_mask.png
fish01,1522,C:\Users\shain\Downloads\FISH DATASET\FISH DATASET\proof_frames_fish_frames_200\fish01\fish01_frame001522_top.jpg,C:\Users\shain\Downloads\FISH DATASET\FISH DATASET\proof_frames_fish_frames_200\fish01\fish01_frame001522_front.jpg,C:\Users\shain\Downloads\FISH DATASET\FISH DATASET\proof_frames_fish_frames_200\fish01\fish01_frame001522_top_mask.png,C:\Users\shain\Downloads\FISH DATASET\FISH DATASET\proof_frames_fish_frames_200\fish01\fish01_frame001522_front_mask.png
fish01,1523,C:\Users\shain\Downloads\FISH DATASET\FISH DATASET\proof_frames_fish_frames_200\fish01\fish01_frame001523_top.jpg,C:\Users\shain\Downloads\FISH DATASET\FISH DATASET\proof_frames_fish_frames_200\fish01\fish01_frame001523_front.jpg,C:\Users\shain\Downloads\FISH DATASET\FISH DATASET\proof_frames_fish_frames_200\fish01\fish01_frame001523_top_mask.png,C:\Users\shain\Downloads\FISH DATASET\FISH DATASET\proof_frames_fish_frames_200\fish01\fish01_frame001523_front_mask.png
fish01,1524,C:\Users\shain\Downloads\FISH DATASET\FISH DATASET\proof_frames_fish_frames_200\fish01\fish01_frame001524_top.jpg,C:\Users\shain\Downloads\FISH DATASET\FISH DATASET\proof_frames_fish_frames_200\fish01\fish01_frame001524_front.jpg,C:\Users\shain\Downloads\FISH DATASET\FISH DATASET\proof_frames_fish_frames_200\fish01\fish01_frame001524_top_mask.png,C:\Users\shain\Downloads\FISH DATASET\FISH DATASET\proof_frames_fish_frames_200\fish01\fish01_frame001524_front_mask.png
fish01,1525,C:\Users\shain\Downloads\FISH DATASET\FISH DATASET\proof_frames_fish_frames_200\fish01\fish01_frame001525_top.jpg,C:\Users\shain\Downloads\FISH DATASET\FISH DATASET\proof_frames_fish_frames_200\fish01\fish01_frame001525_front.jpg,C:\Users\shain\Downloads\FISH DATASET\FISH DATASET\proof_frames_fish_frames_200\fish01\fish01_frame001525_top_mask.png,C:\Users\shain\Downloads\FISH DATASET\FISH DATASET\proof_frames_fish_frames_200\fish01\fish01_frame001525_front_mask.png
fish01,1526,C:\Users\shain\Downloads\FISH DATASET\FISH DATASET\proof_frames_fish_frames_200\fish01\fish01_frame001526_top.jpg,C:\Users\shain\Downloads\FISH DATASET\FISH DATASET\proof_frames_fish_frames_200\fish01\fish01_frame001526_front.jpg,C:\Users\shain\Downloads\FISH DATASET\FISH DATASET\proof_frames_fish_frames_200\fish01\fish01_frame001526_top_mask.png,C:\Users\shain\Downloads\FISH DATASET\FISH DATASET\proof_frames_fish_frames_200\fish01\fish01_frame001526_front_mask.png
fish01,1527,C:\Users\shain\Downloads\FISH DATASET\FISH DATASET\proof_frames_fish_frames_200\fish01\fish01_frame001527_top.jpg,C:\Users\shain\Downloads\FISH DATASET\FISH DATASET\proof_frames_fish_frames_200\fish01\fish01_frame001527_front.jpg,C:\Users\shain\Downloads\FISH DATASET\FISH DATASET\proof_frames_fish_frames_200\fish01\fish01_frame001527_top_mask.png,C:\Users\shain\Downloads\FISH DATASET\FISH DATASET\proof_frames_fish_frames_200\fish01\fish01_frame001527_front_mask.png
fish01,1528,C:\Users\shain\Downloads\FISH DATASET\FISH DATASET\proof_frames_fish_frames_200\fish01\fish01_frame001528_top.jpg,C:\Users\shain\Downloads\FISH DATASET\FISH DATASET\proof_frames_fish_frames_200\fish01\fish01_frame001528_front.jpg,C:\Users\shain\Downloads\FISH DATASET\FISH DATASET\proof_frames_fish_frames_200\fish01\fish01_frame001528_top_mask.png,C:\Users\shain\Downloads\FISH DATASET\FISH DATASET\proof_frames_fish_frames_200\fish01\fish01_frame001528_front_mask.png
fish01,1671,C:\Users\shain\Downloads\FISH DATASET\FISH DATASET\proof_frames_fish_frames_200\fish01\fish01_frame001671_top.jpg,C:\Users\shain\Downloads\FISH DATASET\FISH DATASET\proof_frames_fish_frames_200\fish01\fish01_frame001671_front.jpg,C:\Users\shain\Downloads\FISH DATASET\FISH DATASET\proof_frames_fish_frames_200\fish01\fish01_frame001671_top_mask.png,C:\Users\shain\Downloads\FISH DATASET\FISH DATASET\proof_frames_fish_frames_200\fish01\fish01_frame001671_front_mask.png
fish01,1672,C:\Users\shain\Downloads\FISH DATASET\FISH DATASET\proof_frames_fish_frames_200\fish01\fish01_frame001672_top.jpg,C:\Users\shain\Downloads\FISH DATASET\FISH DATASET\proof_frames_fish_frames_200\fish01\fish01_frame001672_front.jpg,C:\Users\shain\Downloads\FISH DATASET\FISH DATASET\proof_frames_fish_frames_200\fish01\fish01_frame001672_top_mask.png,C:\Users\shain\Downloads\FISH DATASET\FISH DATASET\proof_frames_fish_frames_200\fish01\fish01_frame001672_front_mask.png
fish01,1673,C:\Users\shain\Downloads\FISH DATASET\FISH DATASET\proof_frames_fish_frames_200\fish01\fish01_frame001673_top.jpg,C:\Users\shain\Downloads\FISH DATASET\FISH DATASET\proof_frames_fish_frames_200\fish01\fish01_frame001673_front.jpg,C:\Users\shain\Downloads\FISH DATASET\FISH DATASET\proof_frames_fish_frames_200\fish01\fish01_frame001673_top_mask.png,C:\Users\shain\Downloads\FISH DATASET\FISH DATASET\proof_frames_fish_frames_200\fish01\fish01_frame001673_front_mask.png
fish01,1674,C:\Users\shain\Downloads\FISH DATASET\FISH DATASET\proof_frames_fish_frames_200\fish01\fish01_frame001674_top.jpg,C:\Users\shain\Downloads\FISH DATASET\FISH DATASET\proof_frames_fish_frames_200\fish01\fish01_frame001674_front.jpg,C:\Users\shain\Downloads\FISH DATASET\FISH DATASET\proof_frames_fish_frames_200\fish01\fish01_frame001674_top_mask.png,C:\Users\shain\Downloads\FISH DATASET\FISH DATASET\proof_frames_fish_frames_200\fish01\fish01_frame001674_front_mask.png
fish01,1675,C:\Users\shain\Downloads\FISH DATASET\FISH DATASET\proof_frames_fish_frames_200\fish01\fish01_frame001675_top.jpg,C:\Users\shain\Downloads\FISH DATASET\FISH DATASET\proof_frames_fish_frames_200\fish01\fish01_frame001675_front.jpg,C:\Users\shain\Downloads\FISH DATASET\FISH DATASET\proof_frames_fish_frames_200\fish01\fish01_frame001675_top_mask.png,C:\Users\shain\Downloads\FISH DATASET\FISH DATASET\proof_frames_fish_frames_200\fish01\fish01_frame001675_front_mask.png
fish01,1676,C:\Users\shain\Downloads\FISH DATASET\FISH DATASET\proof_frames_fish_frames_200\fish01\fish01_frame001676_top.jpg,C:\Users\shain\Downloads\FISH DATASET\FISH DATASET\proof_frames_fish_frames_200\fish01\fish01_frame001676_front.jpg,C:\Users\shain\Downloads\FISH DATASET\FISH DATASET\proof_frames_fish_frames_200\fish01\fish01_frame001676_top_mask.png,C:\Users\shain\Downloads\FISH DATASET\FISH DATASET\proof_frames_fish_frames_200\fish01\fish01_frame001676_front_mask.png
fish01,1677,C:\Users\shain\Downloads\FISH DATASET\FISH DATASET\proof_frames_fish_frames_200\fish01\fish01_frame001677_top.jpg,C:\Users\shain\Downloads\FISH DATASET\FISH DATASET\proof_frames_fish_frames_200\fish01\fish01_frame001677_front.jpg,C:\Users\shain\Downloads\FISH DATASET\FISH DATASET\proof_frames_fish_frames_200\fish01\fish01_frame001677_top_mask.png,C:\Users\shain\Downloads\FISH DATASET\FISH DATASET\proof_frames_fish_frames_200\fish01\fish01_frame001677_front_mask.png
fish01,1678,C:\Users\shain\Downloads\FISH DATASET\FISH DATASET\proof_frames_fish_frames_200\fish01\fish01_frame001678_top.jpg,C:\Users\shain\Downloads\FISH DATASET\FISH DATASET\proof_frames_fish_frames_200\fish01\fish01_frame001678_front.jpg,C:\Users\shain\Downloads\FISH DATASET\FISH DATASET\proof_frames_fish_frames_200\fish01\fish01_frame001678_top_mask.png,C:\Users\shain\Downloads\FISH DATASET\FISH DATASET\proof_frames_fish_frames_200\fish01\fish01_frame001678_front_mask.png
fish01,1679,C:\Users\shain\Downloads\FISH DATASET\FISH DATASET\proof_frames_fish_frames_200\fish01\fish01_frame001679_top.jpg,C:\Users\shain\Downloads\FISH DATASET\FISH DATASET\proof_frames_fish_frames_200\fish01\fish01_frame001679_front.jpg,C:\Users\shain\Downloads\FISH DATASET\FISH DATASET\proof_frames_fish_frames_200\fish01\fish01_frame001679_top_mask.png,C:\Users\shain\Downloads\FISH DATASET\FISH DATASET\proof_frames_fish_frames_200\fish01\fish01_frame001679_front_mask.png
fish01,1680,C:\Users\shain\Downloads\FISH DATASET\FISH DATASET\proof_frames_fish_frames_200\fish01\fish01_frame001680_top.jpg,C:\Users\shain\Downloads\FISH DATASET\FISH DATASET\proof_frames_fish_frames_200\fish01\fish01_frame001680_front.jpg,C:\Users\shain\Downloads\FISH DATASET\FISH DATASET\proof_frames_fish_frames_200\fish01\fish01_frame001680_top_mask.png,C:\Users\shain\Downloads\FISH DATASET\FISH DATASET\proof_frames_fish_frames_200\fish01\fish01_frame001680_front_mask.png
fish01,1681,C:\Users\shain\Downloads\FISH DATASET\FISH DATASET\proof_frames_fish_frames_200\fish01\fish01_frame001681_top.jpg,C:\Users\shain\Downloads\FISH DATASET\FISH DATASET\proof_frames_fish_frames_200\fish01\fish01_frame001681_front.jpg,C:\Users\shain\Downloads\FISH DATASET\FISH DATASET\proof_frames_fish_frames_200\fish01\fish01_frame001681_top_mask.png,C:\Users\shain\Downloads\FISH DATASET\FISH DATASET\proof_frames_fish_frames_200\fish01\fish01_frame001681_front_mask.png
fish01,1682,C:\Users\shain\Downloads\FISH DATASET\FISH DATASET\proof_frames_fish_frames_200\fish01\fish01_frame001682_top.jpg,C:\Users\shain\Downloads\FISH DATASET\FISH DATASET\proof_frames_fish_frames_200\fish01\fish01_frame001682_front.jpg,C:\Users\shain\Downloads\FISH DATASET\FISH DATASET\proof_frames_fish_frames_200\fish01\fish01_frame001682_top_mask.png,C:\Users\shain\Downloads\FISH DATASET\FISH DATASET\proof_frames_fish_frames_200\fish01\fish01_frame001682_front_mask.png
fish01,1905,C:\Users\shain\Downloads\FISH DATASET\FISH DATASET\proof_frames_fish_frames_200\fish01\fish01_frame001905_top.jpg,C:\Users\shain\Downloads\FISH DATASET\FISH DATASET\proof_frames_fish_frames_200\fish01\fish01_frame001905_front.jpg,C:\Users\shain\Downloads\FISH DATASET\FISH DATASET\proof_frames_fish_frames_200\fish01\fish01_frame001905_top_mask.png,C:\Users\shain\Downloads\FISH DATASET\FISH DATASET\proof_frames_fish_frames_200\fish01\fish01_frame001905_front_mask.png
fish01,1906,C:\Users\shain\Downloads\FISH DATASET\FISH DATASET\proof_frames_fish_frames_200\fish01\fish01_frame001906_top.jpg,C:\Users\shain\Downloads\FISH DATASET\FISH DATASET\proof_frames_fish_frames_200\fish01\fish01_frame001906_front.jpg,C:\Users\shain\Downloads\FISH DATASET\FISH DATASET\proof_frames_fish_frames_200\fish01\fish01_frame001906_top_mask.png,C:\Users\shain\Downloads\FISH DATASET\FISH DATASET\proof_frames_fish_frames_200\fish01\fish01_frame001906_front_mask.png
fish01,1907,C:\Users\shain\Downloads\FISH DATASET\FISH DATASET\proof_frames_fish_frames_200\fish01\fish01_frame001907_top.jpg,C:\Users\shain\Downloads\FISH DATASET\FISH DATASET\proof_frames_fish_frames_200\fish01\fish01_frame001907_front.jpg,C:\Users\shain\Downloads\FISH DATASET\FISH DATASET\proof_frames_fish_frames_200\fish01\fish01_frame001907_top_mask.png,C:\Users\shain\Downloads\FISH DATASET\FISH DATASET\proof_frames_fish_frames_200\fish01\fish01_frame001907_front_mask.png
fish01,1908,C:\Users\shain\Downloads\FISH DATASET\FISH DATASET\proof_frames_fish_frames_200\fish01\fish01_frame001908_top.jpg,C:\Users\shain\Downloads\FISH DATASET\FISH DATASET\proof_frames_fish_frames_200\fish01\fish01_frame001908_front.jpg,C:\Users\shain\Downloads\FISH DATASET\FISH DATASET\proof_frames_fish_frames_200\fish01\fish01_frame001908_top_mask.png,C:\Users\shain\Downloads\FISH DATASET\FISH DATASET\proof_frames_fish_frames_200\fish01\fish01_frame001908_front_mask.png
fish01,1909,C:\Users\shain\Downloads\FISH DATASET\FISH DATASET\proof_frames_fish_frames_200\fish01\fish01_frame001909_top.jpg,C:\Users\shain\Downloads\FISH DATASET\FISH DATASET\proof_frames_fish_frames_200\fish01\fish01_frame001909_front.jpg,C:\Users\shain\Downloads\FISH DATASET\FISH DATASET\proof_frames_fish_frames_200\fish01\fish01_frame001909_top_mask.png,C:\Users\shain\Downloads\FISH DATASET\FISH DATASET\proof_frames_fish_frames_200\fish01\fish01_frame001909_front_mask.png
fish01,1910,C:\Users\shain\Downloads\FISH DATASET\FISH DATASET\proof_frames_fish_frames_200\fish01\fish01_frame001910_top.jpg,C:\Users\shain\Downloads\FISH DATASET\FISH DATASET\proof_frames_fish_frames_200\fish01\fish01_frame001910_front.jpg,C:\Users\shain\Downloads\FISH DATASET\FISH DATASET\proof_frames_fish_frames_200\fish01\fish01_frame001910_top_mask.png,C:\Users\shain\Downloads\FISH DATASET\FISH DATASET\proof_frames_fish_frames_200\fish01\fish01_frame001910_front_mask.png
fish01,1911,C:\Users\shain\Downloads\FISH DATASET\FISH DATASET\proof_frames_fish_frames_200\fish01\fish01_frame001911_top.jpg,C:\Users\shain\Downloads\FISH DATASET\FISH DATASET\proof_frames_fish_frames_200\fish01\fish01_frame001911_front.jpg,C:\Users\shain\Downloads\FISH DATASET\FISH DATASET\proof_frames_fish_frames_200\fish01\fish01_frame001911_top_mask.png,C:\Users\shain\Downloads\FISH DATASET\FISH DATASET\proof_frames_fish_frames_200\fish01\fish01_frame001911_front_mask.png
fish01,1930,C:\Users\shain\Downloads\FISH DATASET\FISH DATASET\proof_frames_fish_frames_200\fish01\fish01_frame001930_top.jpg,C:\Users\shain\Downloads\FISH DATASET\FISH DATASET\proof_frames_fish_frames_200\fish01\fish01_frame001930_front.jpg,C:\Users\shain\Downloads\FISH DATASET\FISH DATASET\proof_frames_fish_frames_200\fish01\fish01_frame001930_top_mask.png,C:\Users\shain\Downloads\FISH DATASET\FISH DATASET\proof_frames_fish_frames_200\fish01\fish01_frame001930_front_mask.png
fish01,1931,C:\Users\shain\Downloads\FISH DATASET\FISH DATASET\proof_frames_fish_frames_200\fish01\fish01_frame001931_top.jpg,C:\Users\shain\Downloads\FISH DATASET\FISH DATASET\proof_frames_fish_frames_200\fish01\fish01_frame001931_front.jpg,C:\Users\shain\Downloads\FISH DATASET\FISH DATASET\proof_frames_fish_frames_200\fish01\fish01_frame001931_top_mask.png,C:\Users\shain\Downloads\FISH DATASET\FISH DATASET\proof_frames_fish_frames_200\fish01\fish01_frame001931_front_mask.png
fish01,1932,C:\Users\shain\Downloads\FISH DATASET\FISH DATASET\proof_frames_fish_frames_200\fish01\fish01_frame001932_top.jpg,C:\Users\shain\Downloads\FISH DATASET\FISH DATASET\proof_frames_fish_frames_200\fish01\fish01_frame001932_front.jpg,C:\Users\shain\Downloads\FISH DATASET\FISH DATASET\proof_frames_fish_frames_200\fish01\fish01_frame001932_top_mask.png,C:\Users\shain\Downloads\FISH DATASET\FISH DATASET\proof_frames_fish_frames_200\fish01\fish01_frame001932_front_mask.png
fish01,1933,C:\Users\shain\Downloads\FISH DATASET\FISH DATASET\proof_frames_fish_frames_200\fish01\fish01_frame001933_top.jpg,C:\Users\shain\Downloads\FISH DATASET\FISH DATASET\proof_frames_fish_frames_200\fish01\fish01_frame001933_front.jpg,C:\Users\shain\Downloads\FISH DATASET\FISH DATASET\proof_frames_fish_frames_200\fish01\fish01_frame001933_top_mask.png,C:\Users\shain\Downloads\FISH DATASET\FISH DATASET\proof_frames_fish_frames_200\fish01\fish01_frame001933_front_mask.png
fish01,1938,C:\Users\shain\Downloads\FISH DATASET\FISH DATASET\proof_frames_fish_frames_200\fish01\fish01_frame001938_top.jpg,C:\Users\shain\Downloads\FISH DATASET\FISH DATASET\proof_frames_fish_frames_200\fish01\fish01_frame001938_front.jpg,C:\Users\shain\Downloads\FISH DATASET\FISH DATASET\proof_frames_fish_frames_200\fish01\fish01_frame001938_top_mask.png,C:\Users\shain\Downloads\FISH DATASET\FISH DATASET\proof_frames_fish_frames_200\fish01\fish01_frame001938_front_mask.png
fish01,1941,C:\Users\shain\Downloads\FISH DATASET\FISH DATASET\proof_frames_fish_frames_200\fish01\fish01_frame001941_top.jpg,C:\Users\shain\Downloads\FISH DATASET\FISH DATASET\proof_frames_fish_frames_200\fish01\fish01_frame001941_front.jpg,C:\Users\shain\Downloads\FISH DATASET\FISH DATASET\proof_frames_fish_frames_200\fish01\fish01_frame001941_top_mask.png,C:\Users\shain\Downloads\FISH DATASET\FISH DATASET\proof_frames_fish_frames_200\fish01\fish01_frame001941_front_mask.png
fish01,1942,C:\Users\shain\Downloads\FISH DATASET\FISH DATASET\proof_frames_fish_frames_200\fish01\fish01_frame001942_top.jpg,C:\Users\shain\Downloads\FISH DATASET\FISH DATASET\proof_frames_fish_frames_200\fish01\fish01_frame001942_front.jpg,C:\Users\shain\Downloads\FISH DATASET\FISH DATASET\proof_frames_fish_frames_200\fish01\fish01_frame001942_top_mask.png,C:\Users\shain\Downloads\FISH DATASET\FISH DATASET\proof_frames_fish_frames_200\fish01\fish01_frame001942_front_mask.png
fish01,1944,C:\Users\shain\Downloads\FISH DATASET\FISH DATASET\proof_frames_fish_frames_200\fish01\fish01_frame001944_top.jpg,C:\Users\shain\Downloads\FISH DATASET\FISH DATASET\proof_frames_fish_frames_200\fish01\fish01_frame001944_front.jpg,C:\Users\shain\Downloads\FISH DATASET\FISH DATASET\proof_frames_fish_frames_200\fish01\fish01_frame001944_top_mask.png,C:\Users\shain\Downloads\FISH DATASET\FISH DATASET\proof_frames_fish_frames_200\fish01\fish01_frame001944_front_mask.png
fish01,1960,C:\Users\shain\Downloads\FISH DATASET\FISH DATASET\proof_frames_fish_frames_200\fish01\fish01_frame001960_top.jpg,C:\Users\shain\Downloads\FISH DATASET\FISH DATASET\proof_frames_fish_frames_200\fish01\fish01_frame001960_front.jpg,C:\Users\shain\Downloads\FISH DATASET\FISH DATASET\proof_frames_fish_frames_200\fish01\fish01_frame001960_top_mask.png,C:\Users\shain\Downloads\FISH DATASET\FISH DATASET\proof_frames_fish_frames_200\fish01\fish01_frame001960_front_mask.png
fish01,1961,C:\Users\shain\Downloads\FISH DATASET\FISH DATASET\proof_frames_fish_frames_200\fish01\fish01_frame001961_top.jpg,C:\Users\shain\Downloads\FISH DATASET\FISH DATASET\proof_frames_fish_frames_200\fish01\fish01_frame001961_front.jpg,C:\Users\shain\Downloads\FISH DATASET\FISH DATASET\proof_frames_fish_frames_200\fish01\fish01_frame001961_top_mask.png,C:\Users\shain\Downloads\FISH DATASET\FISH DATASET\proof_frames_fish_frames_200\fish01\fish01_frame001961_front_mask.png
fish01,1962,C:\Users\shain\Downloads\FISH DATASET\FISH DATASET\proof_frames_fish_frames_200\fish01\fish01_frame001962_top.jpg,C:\Users\shain\Downloads\FISH DATASET\FISH DATASET\proof_frames_fish_frames_200\fish01\fish01_frame001962_front.jpg,C:\Users\shain\Downloads\FISH DATASET\FISH DATASET\proof_frames_fish_frames_200\fish01\fish01_frame001962_top_mask.png,C:\Users\shain\Downloads\FISH DATASET\FISH DATASET\proof_frames_fish_frames_200\fish01\fish01_frame001962_front_mask.png
fish01,1963,C:\Users\shain\Downloads\FISH DATASET\FISH DATASET\proof_frames_fish_frames_200\fish01\fish01_frame001963_top.jpg,C:\Users\shain\Downloads\FISH DATASET\FISH DATASET\proof_frames_fish_frames_200\fish01\fish01_frame001963_front.jpg,C:\Users\shain\Downloads\FISH DATASET\FISH DATASET\proof_frames_fish_frames_200\fish01\fish01_frame001963_top_mask.png,C:\Users\shain\Downloads\FISH DATASET\FISH DATASET\proof_frames_fish_frames_200\fish01\fish01_frame001963_front_mask.png
fish01,1969,C:\Users\shain\Downloads\FISH DATASET\FISH DATASET\proof_frames_fish_frames_200\fish01\fish01_frame001969_top.jpg,C:\Users\shain\Downloads\FISH DATASET\FISH DATASET\proof_frames_fish_frames_200\fish01\fish01_frame001969_front.jpg,C:\Users\shain\Downloads\FISH DATASET\FISH DATASET\proof_frames_fish_frames_200\fish01\fish01_frame001969_top_mask.png,C:\Users\shain\Downloads\FISH DATASET\FISH DATASET\proof_frames_fish_frames_200\fish01\fish01_frame001969_front_mask.png
fish01,1970,C:\Users\shain\Downloads\FISH DATASET\FISH DATASET\proof_frames_fish_frames_200\fish01\fish01_frame001970_top.jpg,C:\Users\shain\Downloads\FISH DATASET\FISH DATASET\proof_frames_fish_frames_200\fish01\fish01_frame001970_front.jpg,C:\Users\shain\Downloads\FISH DATASET\FISH DATASET\proof_frames_fish_frames_200\fish01\fish01_frame001970_top_mask.png,C:\Users\shain\Downloads\FISH DATASET\FISH DATASET\proof_frames_fish_frames_200\fish01\fish01_frame001970_front_mask.png
fish01,1971,C:\Users\shain\Downloads\FISH DATASET\FISH DATASET\proof_frames_fish_frames_200\fish01\fish01_frame001971_top.jpg,C:\Users\shain\Downloads\FISH DATASET\FISH DATASET\proof_frames_fish_frames_200\fish01\fish01_frame001971_front.jpg,C:\Users\shain\Downloads\FISH DATASET\FISH DATASET\proof_frames_fish_frames_200\fish01\fish01_frame001971_top_mask.png,C:\Users\shain\Downloads\FISH DATASET\FISH DATASET\proof_frames_fish_frames_200\fish01\fish01_frame001971_front_mask.png
fish01,1972,C:\Users\shain\Downloads\FISH DATASET\FISH DATASET\proof_frames_fish_frames_200\fish01\fish01_frame001972_top.jpg,C:\Users\shain\Downloads\FISH DATASET\FISH DATASET\proof_frames_fish_frames_200\fish01\fish01_frame001972_front.jpg,C:\Users\shain\Downloads\FISH DATASET\FISH DATASET\proof_frames_fish_frames_200\fish01\fish01_frame001972_top_mask.png,C:\Users\shain\Downloads\FISH DATASET\FISH DATASET\proof_frames_fish_frames_200\fish01\fish01_frame001972_front_mask.png
fish01,1973,C:\Users\shain\Downloads\FISH DATASET\FISH DATASET\proof_frames_fish_frames_200\fish01\fish01_frame001973_top.jpg,C:\Users\shain\Downloads\FISH DATASET\FISH DATASET\proof_frames_fish_frames_200\fish01\fish01_frame001973_front.jpg,C:\Users\shain\Downloads\FISH DATASET\FISH DATASET\proof_frames_fish_frames_200\fish01\fish01_frame001973_top_mask.png,C:\Users\shain\Downloads\FISH DATASET\FISH DATASET\proof_frames_fish_frames_200\fish01\fish01_frame001973_front_mask.png
fish01,1974,C:\Users\shain\Downloads\FISH DATASET\FISH DATASET\proof_frames_fish_frames_200\fish01\fish01_frame001974_top.jpg,C:\Users\shain\Downloads\FISH DATASET\FISH DATASET\proof_frames_fish_frames_200\fish01\fish01_frame001974_front.jpg,C:\Users\shain\Downloads\FISH DATASET\FISH DATASET\proof_frames_fish_frames_200\fish01\fish01_frame001974_top_mask.png,C:\Users\shain\Downloads\FISH DATASET\FISH DATASET\proof_frames_fish_frames_200\fish01\fish01_frame001974_front_mask.png
fish01,1975,C:\Users\shain\Downloads\FISH DATASET\FISH DATASET\proof_frames_fish_frames_200\fish01\fish01_frame001975_top.jpg,C:\Users\shain\Downloads\FISH DATASET\FISH DATASET\proof_frames_fish_frames_200\fish01\fish01_frame001975_front.jpg,C:\Users\shain\Downloads\FISH DATASET\FISH DATASET\proof_frames_fish_frames_200\fish01\fish01_frame001975_top_mask.png,C:\Users\shain\Downloads\FISH DATASET\FISH DATASET\proof_frames_fish_frames_200\fish01\fish01_frame001975_front_mask.png
fish01,1976,C:\Users\shain\Downloads\FISH DATASET\FISH DATASET\proof_frames_fish_frames_200\fish01\fish01_frame001976_top.jpg,C:\Users\shain\Downloads\FISH DATASET\FISH DATASET\proof_frames_fish_frames_200\fish01\fish01_frame001976_front.jpg,C:\Users\shain\Downloads\FISH DATASET\FISH DATASET\proof_frames_fish_frames_200\fish01\fish01_frame001976_top_mask.png,C:\Users\shain\Downloads\FISH DATASET\FISH DATASET\proof_frames_fish_frames_200\fish01\fish01_frame001976_front_mask.png
fish01,1977,C:\Users\shain\Downloads\FISH DATASET\FISH DATASET\proof_frames_fish_frames_200\fish01\fish01_frame001977_top.jpg,C:\Users\shain\Downloads\FISH DATASET\FISH DATASET\proof_frames_fish_frames_200\fish01\fish01_frame001977_front.jpg,C:\Users\shain\Downloads\FISH DATASET\FISH DATASET\proof_frames_fish_frames_200\fish01\fish01_frame001977_top_mask.png,C:\Users\shain\Downloads\FISH DATASET\FISH DATASET\proof_frames_fish_frames_200\fish01\fish01_frame001977_front_mask.png
fish01,1978,C:\Users\shain\Downloads\FISH DATASET\FISH DATASET\proof_frames_fish_frames_200\fish01\fish01_frame001978_top.jpg,C:\Users\shain\Downloads\FISH DATASET\FISH DATASET\proof_frames_fish_frames_200\fish01\fish01_frame001978_front.jpg,C:\Users\shain\Downloads\FISH DATASET\FISH DATASET\proof_frames_fish_frames_200\fish01\fish01_frame001978_top_mask.png,C:\Users\shain\Downloads\FISH DATASET\FISH DATASET\proof_frames_fish_frames_200\fish01\fish01_frame001978_front_mask.png
fish01,1979,C:\Users\shain\Downloads\FISH DATASET\FISH DATASET\proof_frames_fish_frames_200\fish01\fish01_frame001979_top.jpg,C:\Users\shain\Downloads\FISH DATASET\FISH DATASET\proof_frames_fish_frames_200\fish01\fish01_frame001979_front.jpg,C:\Users\shain\Downloads\FISH DATASET\FISH DATASET\proof_frames_fish_frames_200\fish01\fish01_frame001979_top_mask.png,C:\Users\shain\Downloads\FISH DATASET\FISH DATASET\proof_frames_fish_frames_200\fish01\fish01_frame001979_front_mask.png
fish01,1980,C:\Users\shain\Downloads\FISH DATASET\FISH DATASET\proof_frames_fish_frames_200\fish01\fish01_frame001980_top.jpg,C:\Users\shain\Downloads\FISH DATASET\FISH DATASET\proof_frames_fish_frames_200\fish01\fish01_frame001980_front.jpg,C:\Users\shain\Downloads\FISH DATASET\FISH DATASET\proof_frames_fish_frames_200\fish01\fish01_frame001980_top_mask.png,C:\Users\shain\Downloads\FISH DATASET\FISH DATASET\proof_frames_fish_frames_200\fish01\fish01_frame001980_front_mask.png
fish01,1981,C:\Users\shain\Downloads\FISH DATASET\FISH DATASET\proof_frames_fish_frames_200\fish01\fish01_frame001981_top.jpg,C:\Users\shain\Downloads\FISH DATASET\FISH DATASET\proof_frames_fish_frames_200\fish01\fish01_frame001981_front.jpg,C:\Users\shain\Downloads\FISH DATASET\FISH DATASET\proof_frames_fish_frames_200\fish01\fish01_frame001981_top_mask.png,C:\Users\shain\Downloads\FISH DATASET\FISH DATASET\proof_frames_fish_frames_200\fish01\fish01_frame001981_front_mask.png
fish01,1982,C:\Users\shain\Downloads\FISH DATASET\FISH DATASET\proof_frames_fish_frames_200\fish01\fish01_frame001982_top.jpg,C:\Users\shain\Downloads\FISH DATASET\FISH DATASET\proof_frames_fish_frames_200\fish01\fish01_frame001982_front.jpg,C:\Users\shain\Downloads\FISH DATASET\FISH DATASET\proof_frames_fish_frames_200\fish01\fish01_frame001982_top_mask.png,C:\Users\shain\Downloads\FISH DATASET\FISH DATASET\proof_frames_fish_frames_200\fish01\fish01_frame001982_front_mask.png
fish01,1983,C:\Users\shain\Downloads\FISH DATASET\FISH DATASET\proof_frames_fish_frames_200\fish01\fish01_frame001983_top.jpg,C:\Users\shain\Downloads\FISH DATASET\FISH DATASET\proof_frames_fish_frames_200\fish01\fish01_frame001983_front.jpg,C:\Users\shain\Downloads\FISH DATASET\FISH DATASET\proof_frames_fish_frames_200\fish01\fish01_frame001983_top_mask.png,C:\Users\shain\Downloads\FISH DATASET\FISH DATASET\proof_frames_fish_frames_200\fish01\fish01_frame001983_front_mask.png
fish01,1984,C:\Users\shain\Downloads\FISH DATASET\FISH DATASET\proof_frames_fish_frames_200\fish01\fish01_frame001984_top.jpg,C:\Users\shain\Downloads\FISH DATASET\FISH DATASET\proof_frames_fish_frames_200\fish01\fish01_frame001984_front.jpg,C:\Users\shain\Downloads\FISH DATASET\FISH DATASET\proof_frames_fish_frames_200\fish01\fish01_frame001984_top_mask.png,C:\Users\shain\Downloads\FISH DATASET\FISH DATASET\proof_frames_fish_frames_200\fish01\fish01_frame001984_front_mask.png
fish01,1985,C:\Users\shain\Downloads\FISH DATASET\FISH DATASET\proof_frames_fish_frames_200\fish01\fish01_frame001985_top.jpg,C:\Users\shain\Downloads\FISH DATASET\FISH DATASET\proof_frames_fish_frames_200\fish01\fish01_frame001985_front.jpg,C:\Users\shain\Downloads\FISH DATASET\FISH DATASET\proof_frames_fish_frames_200\fish01\fish01_frame001985_top_mask.png,C:\Users\shain\Downloads\FISH DATASET\FISH DATASET\proof_frames_fish_frames_200\fish01\fish01_frame001985_front_mask.png
fish01,1986,C:\Users\shain\Downloads\FISH DATASET\FISH DATASET\proof_frames_fish_frames_200\fish01\fish01_frame001986_top.jpg,C:\Users\shain\Downloads\FISH DATASET\FISH DATASET\proof_frames_fish_frames_200\fish01\fish01_frame001986_front.jpg,C:\Users\shain\Downloads\FISH DATASET\FISH DATASET\proof_frames_fish_frames_200\fish01\fish01_frame001986_top_mask.png,C:\Users\shain\Downloads\FISH DATASET\FISH DATASET\proof_frames_fish_frames_200\fish01\fish01_frame001986_front_mask.png
fish01,1987,C:\Users\shain\Downloads\FISH DATASET\FISH DATASET\proof_frames_fish_frames_200\fish01\fish01_frame001987_top.jpg,C:\Users\shain\Downloads\FISH DATASET\FISH DATASET\proof_frames_fish_frames_200\fish01\fish01_frame001987_front.jpg,C:\Users\shain\Downloads\FISH DATASET\FISH DATASET\proof_frames_fish_frames_200\fish01\fish01_frame001987_top_mask.png,C:\Users\shain\Downloads\FISH DATASET\FISH DATASET\proof_frames_fish_frames_200\fish01\fish01_frame001987_front_mask.png
fish01,1988,C:\Users\shain\Downloads\FISH DATASET\FISH DATASET\proof_frames_fish_frames_200\fish01\fish01_frame001988_top.jpg,C:\Users\shain\Downloads\FISH DATASET\FISH DATASET\proof_frames_fish_frames_200\fish01\fish01_frame001988_front.jpg,C:\Users\shain\Downloads\FISH DATASET\FISH DATASET\proof_frames_fish_frames_200\fish01\fish01_frame001988_top_mask.png,C:\Users\shain\Downloads\FISH DATASET\FISH DATASET\proof_frames_fish_frames_200\fish01\fish01_frame001988_front_mask.png
fish01,1989,C:\Users\shain\Downloads\FISH DATASET\FISH DATASET\proof_frames_fish_frames_200\fish01\fish01_frame001989_top.jpg,C:\Users\shain\Downloads\FISH DATASET\FISH DATASET\proof_frames_fish_frames_200\fish01\fish01_frame001989_front.jpg,C:\Users\shain\Downloads\FISH DATASET\FISH DATASET\proof_frames_fish_frames_200\fish01\fish01_frame001989_top_mask.png,C:\Users\shain\Downloads\FISH DATASET\FISH DATASET\proof_frames_fish_frames_200\fish01\fish01_frame001989_front_mask.png
fish01,1997,C:\Users\shain\Downloads\FISH DATASET\FISH DATASET\proof_frames_fish_frames_200\fish01\fish01_frame001997_top.jpg,C:\Users\shain\Downloads\FISH DATASET\FISH DATASET\proof_frames_fish_frames_200\fish01\fish01_frame001997_front.jpg,C:\Users\shain\Downloads\FISH DATASET\FISH DATASET\proof_frames_fish_frames_200\fish01\fish01_frame001997_top_mask.png,C:\Users\shain\Downloads\FISH DATASET\FISH DATASET\proof_frames_fish_frames_200\fish01\fish01_frame001997_front_mask.png
fish01,3586,C:\Users\shain\Downloads\FISH DATASET\FISH DATASET\proof_frames_fish_frames_200\fish01\fish01_frame003586_top.jpg,C:\Users\shain\Downloads\FISH DATASET\FISH DATASET\proof_frames_fish_frames_200\fish01\fish01_frame003586_front.jpg,C:\Users\shain\Downloads\FISH DATASET\FISH DATASET\proof_frames_fish_frames_200\fish01\fish01_frame003586_top_mask.png,C:\Users\shain\Downloads\FISH DATASET\FISH DATASET\proof_frames_fish_frames_200\fish01\fish01_frame003586_front_mask.png
fish01,3587,C:\Users\shain\Downloads\FISH DATASET\FISH DATASET\proof_frames_fish_frames_200\fish01\fish01_frame003587_top.jpg,C:\Users\shain\Downloads\FISH DATASET\FISH DATASET\proof_frames_fish_frames_200\fish01\fish01_frame003587_front.jpg,C:\Users\shain\Downloads\FISH DATASET\FISH DATASET\proof_frames_fish_frames_200\fish01\fish01_frame003587_top_mask.png,C:\Users\shain\Downloads\FISH DATASET\FISH DATASET\proof_frames_fish_frames_200\fish01\fish01_frame003587_front_mask.png
fish01,3588,C:\Users\shain\Downloads\FISH DATASET\FISH DATASET\proof_frames_fish_frames_200\fish01\fish01_frame003588_top.jpg,C:\Users\shain\Downloads\FISH DATASET\FISH DATASET\proof_frames_fish_frames_200\fish01\fish01_frame003588_front.jpg,C:\Users\shain\Downloads\FISH DATASET\FISH DATASET\proof_frames_fish_frames_200\fish01\fish01_frame003588_top_mask.png,C:\Users\shain\Downloads\FISH DATASET\FISH DATASET\proof_frames_fish_frames_200\fish01\fish01_frame003588_front_mask.png
fish01,3589,C:\Users\shain\Downloads\FISH DATASET\FISH DATASET\proof_frames_fish_frames_200\fish01\fish01_frame003589_top.jpg,C:\Users\shain\Downloads\FISH DATASET\FISH DATASET\proof_frames_fish_frames_200\fish01\fish01_frame003589_front.jpg,C:\Users\shain\Downloads\FISH DATASET\FISH DATASET\proof_frames_fish_frames_200\fish01\fish01_frame003589_top_mask.png,C:\Users\shain\Downloads\FISH DATASET\FISH DATASET\proof_frames_fish_frames_200\fish01\fish01_frame003589_front_mask.png
fish01,4777,C:\Users\shain\Downloads\FISH DATASET\FISH DATASET\proof_frames_fish_frames_200\fish01\fish01_frame004777_top.jpg,C:\Users\shain\Downloads\FISH DATASET\FISH DATASET\proof_frames_fish_frames_200\fish01\fish01_frame004777_front.jpg,C:\Users\shain\Downloads\FISH DATASET\FISH DATASET\proof_frames_fish_frames_200\fish01\fish01_frame004777_top_mask.png,C:\Users\shain\Downloads\FISH DATASET\FISH DATASET\proof_frames_fish_frames_200\fish01\fish01_frame004777_front_mask.png
fish01,4778,C:\Users\shain\Downloads\FISH DATASET\FISH DATASET\proof_frames_fish_frames_200\fish01\fish01_frame004778_top.jpg,C:\Users\shain\Downloads\FISH DATASET\FISH DATASET\proof_frames_fish_frames_200\fish01\fish01_frame004778_front.jpg,C:\Users\shain\Downloads\FISH DATASET\FISH DATASET\proof_frames_fish_frames_200\fish01\fish01_frame004778_top_mask.png,C:\Users\shain\Downloads\FISH DATASET\FISH DATASET\proof_frames_fish_frames_200\fish01\fish01_frame004778_front_mask.png
fish01,4779,C:\Users\shain\Downloads\FISH DATASET\FISH DATASET\proof_frames_fish_frames_200\fish01\fish01_frame004779_top.jpg,C:\Users\shain\Downloads\FISH DATASET\FISH DATASET\proof_frames_fish_frames_200\fish01\fish01_frame004779_front.jpg,C:\Users\shain\Downloads\FISH DATASET\FISH DATASET\proof_frames_fish_frames_200\fish01\fish01_frame004779_top_mask.png,C:\Users\shain\Downloads\FISH DATASET\FISH DATASET\proof_frames_fish_frames_200\fish01\fish01_frame004779_front_mask.png
fish01,4780,C:\Users\shain\Downloads\FISH DATASET\FISH DATASET\proof_frames_fish_frames_200\fish01\fish01_frame004780_top.jpg,C:\Users\shain\Downloads\FISH DATASET\FISH DATASET\proof_frames_fish_frames_200\fish01\fish01_frame004780_front.jpg,C:\Users\shain\Downloads\FISH DATASET\FISH DATASET\proof_frames_fish_frames_200\fish01\fish01_frame004780_top_mask.png,C:\Users\shain\Downloads\FISH DATASET\FISH DATASET\proof_frames_fish_frames_200\fish01\fish01_frame004780_front_mask.png
fish01,4781,C:\Users\shain\Downloads\FISH DATASET\FISH DATASET\proof_frames_fish_frames_200\fish01\fish01_frame004781_top.jpg,C:\Users\shain\Downloads\FISH DATASET\FISH DATASET\proof_frames_fish_frames_200\fish01\fish01_frame004781_front.jpg,C:\Users\shain\Downloads\FISH DATASET\FISH DATASET\proof_frames_fish_frames_200\fish01\fish01_frame004781_top_mask.png,C:\Users\shain\Downloads\FISH DATASET\FISH DATASET\proof_frames_fish_frames_200\fish01\fish01_frame004781_front_mask.png
fish01,4782,C:\Users\shain\Downloads\FISH DATASET\FISH DATASET\proof_frames_fish_frames_200\fish01\fish01_frame004782_top.jpg,C:\Users\shain\Downloads\FISH DATASET\FISH DATASET\proof_frames_fish_frames_200\fish01\fish01_frame004782_front.jpg,C:\Users\shain\Downloads\FISH DATASET\FISH DATASET\proof_frames_fish_frames_200\fish01\fish01_frame004782_top_mask.png,C:\Users\shain\Downloads\FISH DATASET\FISH DATASET\proof_frames_fish_frames_200\fish01\fish01_frame004782_front_mask.png
fish01,4783,C:\Users\shain\Downloads\FISH DATASET\FISH DATASET\proof_frames_fish_frames_200\fish01\fish01_frame004783_top.jpg,C:\Users\shain\Downloads\FISH DATASET\FISH DATASET\proof_frames_fish_frames_200\fish01\fish01_frame004783_front.jpg,C:\Users\shain\Downloads\FISH DATASET\FISH DATASET\proof_frames_fish_frames_200\fish01\fish01_frame004783_top_mask.png,C:\Users\shain\Downloads\FISH DATASET\FISH DATASET\proof_frames_fish_frames_200\fish01\fish01_frame004783_front_mask.png
fish01,4784,C:\Users\shain\Downloads\FISH DATASET\FISH DATASET\proof_frames_fish_frames_200\fish01\fish01_frame004784_top.jpg,C:\Users\shain\Downloads\FISH DATASET\FISH DATASET\proof_frames_fish_frames_200\fish01\fish01_frame004784_front.jpg,C:\Users\shain\Downloads\FISH DATASET\FISH DATASET\proof_frames_fish_frames_200\fish01\fish01_frame004784_top_mask.png,C:\Users\shain\Downloads\FISH DATASET\FISH DATASET\proof_frames_fish_frames_200\fish01\fish01_frame004784_front_mask.png
fish01,4785,C:\Users\shain\Downloads\FISH DATASET\FISH DATASET\proof_frames_fish_frames_200\fish01\fish01_frame004785_top.jpg,C:\Users\shain\Downloads\FISH DATASET\FISH DATASET\proof_frames_fish_frames_200\fish01\fish01_frame004785_front.jpg,C:\Users\shain\Downloads\FISH DATASET\FISH DATASET\proof_frames_fish_frames_200\fish01\fish01_frame004785_top_mask.png,C:\Users\shain\Downloads\FISH DATASET\FISH DATASET\proof_frames_fish_frames_200\fish01\fish01_frame004785_front_mask.png
fish01,4786,C:\Users\shain\Downloads\FISH DATASET\FISH DATASET\proof_frames_fish_frames_200\fish01\fish01_frame004786_top.jpg,C:\Users\shain\Downloads\FISH DATASET\FISH DATASET\proof_frames_fish_frames_200\fish01\fish01_frame004786_front.jpg,C:\Users\shain\Downloads\FISH DATASET\FISH DATASET\proof_frames_fish_frames_200\fish01\fish01_frame004786_top_mask.png,C:\Users\shain\Downloads\FISH DATASET\FISH DATASET\proof_frames_fish_frames_200\fish01\fish01_frame004786_front_mask.png
fish01,4787,C:\Users\shain\Downloads\FISH DATASET\FISH DATASET\proof_frames_fish_frames_200\fish01\fish01_frame004787_top.jpg,C:\Users\shain\Downloads\FISH DATASET\FISH DATASET\proof_frames_fish_frames_200\fish01\fish01_frame004787_front.jpg,C:\Users\shain\Downloads\FISH DATASET\FISH DATASET\proof_frames_fish_frames_200\fish01\fish01_frame004787_top_mask.png,C:\Users\shain\Downloads\FISH DATASET\FISH DATASET\proof_frames_fish_frames_200\fish01\fish01_frame004787_front_mask.png
fish01,4788,C:\Users\shain\Downloads\FISH DATASET\FISH DATASET\proof_frames_fish_frames_200\fish01\fish01_frame004788_top.jpg,C:\Users\shain\Downloads\FISH DATASET\FISH DATASET\proof_frames_fish_frames_200\fish01\fish01_frame004788_front.jpg,C:\Users\shain\Downloads\FISH DATASET\FISH DATASET\proof_frames_fish_frames_200\fish01\fish01_frame004788_top_mask.png,C:\Users\shain\Downloads\FISH DATASET\FISH DATASET\proof_frames_fish_frames_200\fish01\fish01_frame004788_front_mask.png
fish01,4789,C:\Users\shain\Downloads\FISH DATASET\FISH DATASET\proof_frames_fish_frames_200\fish01\fish01_frame004789_top.jpg,C:\Users\shain\Downloads\FISH DATASET\FISH DATASET\proof_frames_fish_frames_200\fish01\fish01_frame004789_front.jpg,C:\Users\shain\Downloads\FISH DATASET\FISH DATASET\proof_frames_fish_frames_200\fish01\fish01_frame004789_top_mask.png,C:\Users\shain\Downloads\FISH DATASET\FISH DATASET\proof_frames_fish_frames_200\fish01\fish01_frame004789_front_mask.png
fish01,4790,C:\Users\shain\Downloads\FISH DATASET\FISH DATASET\proof_frames_fish_frames_200\fish01\fish01_frame004790_top.jpg,C:\Users\shain\Downloads\FISH DATASET\FISH DATASET\proof_frames_fish_frames_200\fish01\fish01_frame004790_front.jpg,C:\Users\shain\Downloads\FISH DATASET\FISH DATASET\proof_frames_fish_frames_200\fish01\fish01_frame004790_top_mask.png,C:\Users\shain\Downloads\FISH DATASET\FISH DATASET\proof_frames_fish_frames_200\fish01\fish01_frame004790_front_mask.png
fish01,4791,C:\Users\shain\Downloads\FISH DATASET\FISH DATASET\proof_frames_fish_frames_200\fish01\fish01_frame004791_top.jpg,C:\Users\shain\Downloads\FISH DATASET\FISH DATASET\proof_frames_fish_frames_200\fish01\fish01_frame004791_front.jpg,C:\Users\shain\Downloads\FISH DATASET\FISH DATASET\proof_frames_fish_frames_200\fish01\fish01_frame004791_top_mask.png,C:\Users\shain\Downloads\FISH DATASET\FISH DATASET\proof_frames_fish_frames_200\fish01\fish01_frame004791_front_mask.png
fish01,4792,C:\Users\shain\Downloads\FISH DATASET\FISH DATASET\proof_frames_fish_frames_200\fish01\fish01_frame004792_top.jpg,C:\Users\shain\Downloads\FISH DATASET\FISH DATASET\proof_frames_fish_frames_200\fish01\fish01_frame004792_front.jpg,C:\Users\shain\Downloads\FISH DATASET\FISH DATASET\proof_frames_fish_frames_200\fish01\fish01_frame004792_top_mask.png,C:\Users\shain\Downloads\FISH DATASET\FISH DATASET\proof_frames_fish_frames_200\fish01\fish01_frame004792_front_mask.png
fish01,4793,C:\Users\shain\Downloads\FISH DATASET\FISH DATASET\proof_frames_fish_frames_200\fish01\fish01_frame004793_top.jpg,C:\Users\shain\Downloads\FISH DATASET\FISH DATASET\proof_frames_fish_frames_200\fish01\fish01_frame004793_front.jpg,C:\Users\shain\Downloads\FISH DATASET\FISH DATASET\proof_frames_fish_frames_200\fish01\fish01_frame004793_top_mask.png,C:\Users\shain\Downloads\FISH DATASET\FISH DATASET\proof_frames_fish_frames_200\fish01\fish01_frame004793_front_mask.png
fish01,4794,C:\Users\shain\Downloads\FISH DATASET\FISH DATASET\proof_frames_fish_frames_200\fish01\fish01_frame004794_top.jpg,C:\Users\shain\Downloads\FISH DATASET\FISH DATASET\proof_frames_fish_frames_200\fish01\fish01_frame004794_front.jpg,C:\Users\shain\Downloads\FISH DATASET\FISH DATASET\proof_frames_fish_frames_200\fish01\fish01_frame004794_top_mask.png,C:\Users\shain\Downloads\FISH DATASET\FISH DATASET\proof_frames_fish_frames_200\fish01\fish01_frame004794_front_mask.png
fish01,4795,C:\Users\shain\Downloads\FISH DATASET\FISH DATASET\proof_frames_fish_frames_200\fish01\fish01_frame004795_top.jpg,C:\Users\shain\Downloads\FISH DATASET\FISH DATASET\proof_frames_fish_frames_200\fish01\fish01_frame004795_front.jpg,C:\Users\shain\Downloads\FISH DATASET\FISH DATASET\proof_frames_fish_frames_200\fish01\fish01_frame004795_top_mask.png,C:\Users\shain\Downloads\FISH DATASET\FISH DATASET\proof_frames_fish_frames_200\fish01\fish01_frame004795_front_mask.png
fish01,4796,C:\Users\shain\Downloads\FISH DATASET\FISH DATASET\proof_frames_fish_frames_200\fish01\fish01_frame004796_top.jpg,C:\Users\shain\Downloads\FISH DATASET\FISH DATASET\proof_frames_fish_frames_200\fish01\fish01_frame004796_front.jpg,C:\Users\shain\Downloads\FISH DATASET\FISH DATASET\proof_frames_fish_frames_200\fish01\fish01_frame004796_top_mask.png,C:\Users\shain\Downloads\FISH DATASET\FISH DATASET\proof_frames_fish_frames_200\fish01\fish01_frame004796_front_mask.png
fish01,4797,C:\Users\shain\Downloads\FISH DATASET\FISH DATASET\proof_frames_fish_frames_200\fish01\fish01_frame004797_top.jpg,C:\Users\shain\Downloads\FISH DATASET\FISH DATASET\proof_frames_fish_frames_200\fish01\fish01_frame004797_front.jpg,C:\Users\shain\Downloads\FISH DATASET\FISH DATASET\proof_frames_fish_frames_200\fish01\fish01_frame004797_top_mask.png,C:\Users\shain\Downloads\FISH DATASET\FISH DATASET\proof_frames_fish_frames_200\fish01\fish01_frame004797_front_mask.png
fish01,4801,C:\Users\shain\Downloads\FISH DATASET\FISH DATASET\proof_frames_fish_frames_200\fish01\fish01_frame004801_top.jpg,C:\Users\shain\Downloads\FISH DATASET\FISH DATASET\proof_frames_fish_frames_200\fish01\fish01_frame004801_front.jpg,C:\Users\shain\Downloads\FISH DATASET\FISH DATASET\proof_frames_fish_frames_200\fish01\fish01_frame004801_top_mask.png,C:\Users\shain\Downloads\FISH DATASET\FISH DATASET\proof_frames_fish_frames_200\fish01\fish01_frame004801_front_mask.png
fish01,4802,C:\Users\shain\Downloads\FISH DATASET\FISH DATASET\proof_frames_fish_frames_200\fish01\fish01_frame004802_top.jpg,C:\Users\shain\Downloads\FISH DATASET\FISH DATASET\proof_frames_fish_frames_200\fish01\fish01_frame004802_front.jpg,C:\Users\shain\Downloads\FISH DATASET\FISH DATASET\proof_frames_fish_frames_200\fish01\fish01_frame004802_top_mask.png,C:\Users\shain\Downloads\FISH DATASET\FISH DATASET\proof_frames_fish_frames_200\fish01\fish01_frame004802_front_mask.png
fish01,4803,C:\Users\shain\Downloads\FISH DATASET\FISH DATASET\proof_frames_fish_frames_200\fish01\fish01_frame004803_top.jpg,C:\Users\shain\Downloads\FISH DATASET\FISH DATASET\proof_frames_fish_frames_200\fish01\fish01_frame004803_front.jpg,C:\Users\shain\Downloads\FISH DATASET\FISH DATASET\proof_frames_fish_frames_200\fish01\fish01_frame004803_top_mask.png,C:\Users\shain\Downloads\FISH DATASET\FISH DATASET\proof_frames_fish_frames_200\fish01\fish01_frame004803_front_mask.png
fish01,4804,C:\Users\shain\Downloads\FISH DATASET\FISH DATASET\proof_frames_fish_frames_200\fish01\fish01_frame004804_top.jpg,C:\Users\shain\Downloads\FISH DATASET\FISH DATASET\proof_frames_fish_frames_200\fish01\fish01_frame004804_front.jpg,C:\Users\shain\Downloads\FISH DATASET\FISH DATASET\proof_frames_fish_frames_200\fish01\fish01_frame004804_top_mask.png,C:\Users\shain\Downloads\FISH DATASET\FISH DATASET\proof_frames_fish_frames_200\fish01\fish01_frame004804_front_mask.png
fish01,4805,C:\Users\shain\Downloads\FISH DATASET\FISH DATASET\proof_frames_fish_frames_200\fish01\fish01_frame004805_top.jpg,C:\Users\shain\Downloads\FISH DATASET\FISH DATASET\proof_frames_fish_frames_200\fish01\fish01_frame004805_front.jpg,C:\Users\shain\Downloads\FISH DATASET\FISH DATASET\proof_frames_fish_frames_200\fish01\fish01_frame004805_top_mask.png,C:\Users\shain\Downloads\FISH DATASET\FISH DATASET\proof_frames_fish_frames_200\fish01\fish01_frame004805_front_mask.png
fish01,4806,C:\Users\shain\Downloads\FISH DATASET\FISH DATASET\proof_frames_fish_frames_200\fish01\fish01_frame004806_top.jpg,C:\Users\shain\Downloads\FISH DATASET\FISH DATASET\proof_frames_fish_frames_200\fish01\fish01_frame004806_front.jpg,C:\Users\shain\Downloads\FISH DATASET\FISH DATASET\proof_frames_fish_frames_200\fish01\fish01_frame004806_top_mask.png,C:\Users\shain\Downloads\FISH DATASET\FISH DATASET\proof_frames_fish_frames_200\fish01\fish01_frame004806_front_mask.png
fish01,4807,C:\Users\shain\Downloads\FISH DATASET\FISH DATASET\proof_frames_fish_frames_200\fish01\fish01_frame004807_top.jpg,C:\Users\shain\Downloads\FISH DATASET\FISH DATASET\proof_frames_fish_frames_200\fish01\fish01_frame004807_front.jpg,C:\Users\shain\Downloads\FISH DATASET\FISH DATASET\proof_frames_fish_frames_200\fish01\fish01_frame004807_top_mask.png,C:\Users\shain\Downloads\FISH DATASET\FISH DATASET\proof_frames_fish_frames_200\fish01\fish01_frame004807_front_mask.png
fish01,4808,C:\Users\shain\Downloads\FISH DATASET\FISH DATASET\proof_frames_fish_frames_200\fish01\fish01_frame004808_top.jpg,C:\Users\shain\Downloads\FISH DATASET\FISH DATASET\proof_frames_fish_frames_200\fish01\fish01_frame004808_front.jpg,C:\Users\shain\Downloads\FISH DATASET\FISH DATASET\proof_frames_fish_frames_200\fish01\fish01_frame004808_top_mask.png,C:\Users\shain\Downloads\FISH DATASET\FISH DATASET\proof_frames_fish_frames_200\fish01\fish01_frame004808_front_mask.png
fish01,4819,C:\Users\shain\Downloads\FISH DATASET\FISH DATASET\proof_frames_fish_frames_200\fish01\fish01_frame004819_top.jpg,C:\Users\shain\Downloads\FISH DATASET\FISH DATASET\proof_frames_fish_frames_200\fish01\fish01_frame004819_front.jpg,C:\Users\shain\Downloads\FISH DATASET\FISH DATASET\proof_frames_fish_frames_200\fish01\fish01_frame004819_top_mask.png,C:\Users\shain\Downloads\FISH DATASET\FISH DATASET\proof_frames_fish_frames_200\fish01\fish01_frame004819_front_mask.png
fish01,4820,C:\Users\shain\Downloads\FISH DATASET\FISH DATASET\proof_frames_fish_frames_200\fish01\fish01_frame004820_top.jpg,C:\Users\shain\Downloads\FISH DATASET\FISH DATASET\proof_frames_fish_frames_200\fish01\fish01_frame004820_front.jpg,C:\Users\shain\Downloads\FISH DATASET\FISH DATASET\proof_frames_fish_frames_200\fish01\fish01_frame004820_top_mask.png,C:\Users\shain\Downloads\FISH DATASET\FISH DATASET\proof_frames_fish_frames_200\fish01\fish01_frame004820_front_mask.png
fish01,4821,C:\Users\shain\Downloads\FISH DATASET\FISH DATASET\proof_frames_fish_frames_200\fish01\fish01_frame004821_top.jpg,C:\Users\shain\Downloads\FISH DATASET\FISH DATASET\proof_frames_fish_frames_200\fish01\fish01_frame004821_front.jpg,C:\Users\shain\Downloads\FISH DATASET\FISH DATASET\proof_frames_fish_frames_200\fish01\fish01_frame004821_top_mask.png,C:\Users\shain\Downloads\FISH DATASET\FISH DATASET\proof_frames_fish_frames_200\fish01\fish01_frame004821_front_mask.png
fish01,4985,C:\Users\shain\Downloads\FISH DATASET\FISH DATASET\proof_frames_fish_frames_200\fish01\fish01_frame004985_top.jpg,C:\Users\shain\Downloads\FISH DATASET\FISH DATASET\proof_frames_fish_frames_200\fish01\fish01_frame004985_front.jpg,C:\Users\shain\Downloads\FISH DATASET\FISH DATASET\proof_frames_fish_frames_200\fish01\fish01_frame004985_top_mask.png,C:\Users\shain\Downloads\FISH DATASET\FISH DATASET\proof_frames_fish_frames_200\fish01\fish01_frame004985_front_mask.png
fish01,4986,C:\Users\shain\Downloads\FISH DATASET\FISH DATASET\proof_frames_fish_frames_200\fish01\fish01_frame004986_top.jpg,C:\Users\shain\Downloads\FISH DATASET\FISH DATASET\proof_frames_fish_frames_200\fish01\fish01_frame004986_front.jpg,C:\Users\shain\Downloads\FISH DATASET\FISH DATASET\proof_frames_fish_frames_200\fish01\fish01_frame004986_top_mask.png,C:\Users\shain\Downloads\FISH DATASET\FISH DATASET\proof_frames_fish_frames_200\fish01\fish01_frame004986_front_mask.png
fish01,4987,C:\Users\shain\Downloads\FISH DATASET\FISH DATASET\proof_frames_fish_frames_200\fish01\fish01_frame004987_top.jpg,C:\Users\shain\Downloads\FISH DATASET\FISH DATASET\proof_frames_fish_frames_200\fish01\fish01_frame004987_front.jpg,C:\Users\shain\Downloads\FISH DATASET\FISH DATASET\proof_frames_fish_frames_200\fish01\fish01_frame004987_top_mask.png,C:\Users\shain\Downloads\FISH DATASET\FISH DATASET\proof_frames_fish_frames_200\fish01\fish01_frame004987_front_mask.png
fish01,4988,C:\Users\shain\Downloads\FISH DATASET\FISH DATASET\proof_frames_fish_frames_200\fish01\fish01_frame004988_top.jpg,C:\Users\shain\Downloads\FISH DATASET\FISH DATASET\proof_frames_fish_frames_200\fish01\fish01_frame004988_front.jpg,C:\Users\shain\Downloads\FISH DATASET\FISH DATASET\proof_frames_fish_frames_200\fish01\fish01_frame004988_top_mask.png,C:\Users\shain\Downloads\FISH DATASET\FISH DATASET\proof_frames_fish_frames_200\fish01\fish01_frame004988_front_mask.png
fish10,451,C:\Users\shain\Downloads\FISH DATASET\FISH DATASET\proof_frames_fish_frames_200\fish10\fish10_frame000451_top.jpg,C:\Users\shain\Downloads\FISH DATASET\FISH DATASET\proof_frames_fish_frames_200\fish10\fish10_frame000451_front.jpg,C:\Users\shain\Downloads\FISH DATASET\FISH DATASET\proof_frames_fish_frames_200\fish10\fish10_frame000451_top_mask.png,C:\Users\shain\Downloads\FISH DATASET\FISH DATASET\proof_frames_fish_frames_200\fish10\fish10_frame000451_front_mask.png
fish10,452,C:\Users\shain\Downloads\FISH DATASET\FISH DATASET\proof_frames_fish_frames_200\fish10\fish10_frame000452_top.jpg,C:\Users\shain\Downloads\FISH DATASET\FISH DATASET\proof_frames_fish_frames_200\fish10\fish10_frame000452_front.jpg,C:\Users\shain\Downloads\FISH DATASET\FISH DATASET\proof_frames_fish_frames_200\fish10\fish10_frame000452_top_mask.png,C:\Users\shain\Downloads\FISH DATASET\FISH DATASET\proof_frames_fish_frames_200\fish10\fish10_frame000452_front_mask.png
fish10,453,C:\Users\shain\Downloads\FISH DATASET\FISH DATASET\proof_frames_fish_frames_200\fish10\fish10_frame000453_top.jpg,C:\Users\shain\Downloads\FISH DATASET\FISH DATASET\proof_frames_fish_frames_200\fish10\fish10_frame000453_front.jpg,C:\Users\shain\Downloads\FISH DATASET\FISH DATASET\proof_frames_fish_frames_200\fish10\fish10_frame000453_top_mask.png,C:\Users\shain\Downloads\FISH DATASET\FISH DATASET\proof_frames_fish_frames_200\fish10\fish10_frame000453_front_mask.png
fish10,8497,C:\Users\shain\Downloads\FISH DATASET\FISH DATASET\proof_frames_fish_frames_200\fish10\fish10_frame008497_top.jpg,C:\Users\shain\Downloads\FISH DATASET\FISH DATASET\proof_frames_fish_frames_200\fish10\fish10_frame008497_front.jpg,C:\Users\shain\Downloads\FISH DATASET\FISH DATASET\proof_frames_fish_frames_200\fish10\fish10_frame008497_top_mask.png,C:\Users\shain\Downloads\FISH DATASET\FISH DATASET\proof_frames_fish_frames_200\fish10\fish10_frame008497_front_mask.png
fish10,8498,C:\Users\shain\Downloads\FISH DATASET\FISH DATASET\proof_frames_fish_frames_200\fish10\fish10_frame008498_top.jpg,C:\Users\shain\Downloads\FISH DATASET\FISH DATASET\proof_frames_fish_frames_200\fish10\fish10_frame008498_front.jpg,C:\Users\shain\Downloads\FISH DATASET\FISH DATASET\proof_frames_fish_frames_200\fish10\fish10_frame008498_top_mask.png,C:\Users\shain\Downloads\FISH DATASET\FISH DATASET\proof_frames_fish_frames_200\fish10\fish10_frame008498_front_mask.png
fish10,8499,C:\Users\shain\Downloads\FISH DATASET\FISH DATASET\proof_frames_fish_frames_200\fish10\fish10_frame008499_top.jpg,C:\Users\shain\Downloads\FISH DATASET\FISH DATASET\proof_frames_fish_frames_200\fish10\fish10_frame008499_front.jpg,C:\Users\shain\Downloads\FISH DATASET\FISH DATASET\proof_frames_fish_frames_200\fish10\fish10_frame008499_top_mask.png,C:\Users\shain\Downloads\FISH DATASET\FISH DATASET\proof_frames_fish_frames_200\fish10\fish10_frame008499_front_mask.png
fish10,8500,C:\Users\shain\Downloads\FISH DATASET\FISH DATASET\proof_frames_fish_frames_200\fish10\fish10_frame008500_top.jpg,C:\Users\shain\Downloads\FISH DATASET\FISH DATASET\proof_frames_fish_frames_200\fish10\fish10_frame008500_front.jpg,C:\Users\shain\Downloads\FISH DATASET\FISH DATASET\proof_frames_fish_frames_200\fish10\fish10_frame008500_top_mask.png,C:\Users\shain\Downloads\FISH DATASET\FISH DATASET\proof_frames_fish_frames_200\fish10\fish10_frame008500_front_mask.png
fish10,8501,C:\Users\shain\Downloads\FISH DATASET\FISH DATASET\proof_frames_fish_frames_200\fish10\fish10_frame008501_top.jpg,C:\Users\shain\Downloads\FISH DATASET\FISH DATASET\proof_frames_fish_frames_200\fish10\fish10_frame008501_front.jpg,C:\Users\shain\Downloads\FISH DATASET\FISH DATASET\proof_frames_fish_frames_200\fish10\fish10_frame008501_top_mask.png,C:\Users\shain\Downloads\FISH DATASET\FISH DATASET\proof_frames_fish_frames_200\fish10\fish10_frame008501_front_mask.png
fish10,8502,C:\Users\shain\Downloads\FISH DATASET\FISH DATASET\proof_frames_fish_frames_200\fish10\fish10_frame008502_top.jpg,C:\Users\shain\Downloads\FISH DATASET\FISH DATASET\proof_frames_fish_frames_200\fish10\fish10_frame008502_front.jpg,C:\Users\shain\Downloads\FISH DATASET\FISH DATASET\proof_frames_fish_frames_200\fish10\fish10_frame008502_top_mask.png,C:\Users\shain\Downloads\FISH DATASET\FISH DATASET\proof_frames_fish_frames_200\fish10\fish10_frame008502_front_mask.png
fish10,8503,C:\Users\shain\Downloads\FISH DATASET\FISH DATASET\proof_frames_fish_frames_200\fish10\fish10_frame008503_top.jpg,C:\Users\shain\Downloads\FISH DATASET\FISH DATASET\proof_frames_fish_frames_200\fish10\fish10_frame008503_front.jpg,C:\Users\shain\Downloads\FISH DATASET\FISH DATASET\proof_frames_fish_frames_200\fish10\fish10_frame008503_top_mask.png,C:\Users\shain\Downloads\FISH DATASET\FISH DATASET\proof_frames_fish_frames_200\fish10\fish10_frame008503_front_mask.png
fish10,8504,C:\Users\shain\Downloads\FISH DATASET\FISH DATASET\proof_frames_fish_frames_200\fish10\fish10_frame008504_top.jpg,C:\Users\shain\Downloads\FISH DATASET\FISH DATASET\proof_frames_fish_frames_200\fish10\fish10_frame008504_front.jpg,C:\Users\shain\Downloads\FISH DATASET\FISH DATASET\proof_frames_fish_frames_200\fish10\fish10_frame008504_top_mask.png,C:\Users\shain\Downloads\FISH DATASET\FISH DATASET\proof_frames_fish_frames_200\fish10\fish10_frame008504_front_mask.png
fish10,8505,C:\Users\shain\Downloads\FISH DATASET\FISH DATASET\proof_frames_fish_frames_200\fish10\fish10_frame008505_top.jpg,C:\Users\shain\Downloads\FISH DATASET\FISH DATASET\proof_frames_fish_frames_200\fish10\fish10_frame008505_front.jpg,C:\Users\shain\Downloads\FISH DATASET\FISH DATASET\proof_frames_fish_frames_200\fish10\fish10_frame008505_top_mask.png,C:\Users\shain\Downloads\FISH DATASET\FISH DATASET\proof_frames_fish_frames_200\fish10\fish10_frame008505_front_mask.png
fish10,8506,C:\Users\shain\Downloads\FISH DATASET\FISH DATASET\proof_frames_fish_frames_200\fish10\fish10_frame008506_top.jpg,C:\Users\shain\Downloads\FISH DATASET\FISH DATASET\proof_frames_fish_frames_200\fish10\fish10_frame008506_front.jpg,C:\Users\shain\Downloads\FISH DATASET\FISH DATASET\proof_frames_fish_frames_200\fish10\fish10_frame008506_top_mask.png,C:\Users\shain\Downloads\FISH DATASET\FISH DATASET\proof_frames_fish_frames_200\fish10\fish10_frame008506_front_mask.png
fish10,8507,C:\Users\shain\Downloads\FISH DATASET\FISH DATASET\proof_frames_fish_frames_200\fish10\fish10_frame008507_top.jpg,C:\Users\shain\Downloads\FISH DATASET\FISH DATASET\proof_frames_fish_frames_200\fish10\fish10_frame008507_front.jpg,C:\Users\shain\Downloads\FISH DATASET\FISH DATASET\proof_frames_fish_frames_200\fish10\fish10_frame008507_top_mask.png,C:\Users\shain\Downloads\FISH DATASET\FISH DATASET\proof_frames_fish_frames_200\fish10\fish10_frame008507_front_mask.png
fish10,8508,C:\Users\shain\Downloads\FISH DATASET\FISH DATASET\proof_frames_fish_frames_200\fish10\fish10_frame008508_top.jpg,C:\Users\shain\Downloads\FISH DATASET\FISH DATASET\proof_frames_fish_frames_200\fish10\fish10_frame008508_front.jpg,C:\Users\shain\Downloads\FISH DATASET\FISH DATASET\proof_frames_fish_frames_200\fish10\fish10_frame008508_top_mask.png,C:\Users\shain\Downloads\FISH DATASET\FISH DATASET\proof_frames_fish_frames_200\fish10\fish10_frame008508_front_mask.png
fish10,8509,C:\Users\shain\Downloads\FISH DATASET\FISH DATASET\proof_frames_fish_frames_200\fish10\fish10_frame008509_top.jpg,C:\Users\shain\Downloads\FISH DATASET\FISH DATASET\proof_frames_fish_frames_200\fish10\fish10_frame008509_front.jpg,C:\Users\shain\Downloads\FISH DATASET\FISH DATASET\proof_frames_fish_frames_200\fish10\fish10_frame008509_top_mask.png,C:\Users\shain\Downloads\FISH DATASET\FISH DATASET\proof_frames_fish_frames_200\fish10\fish10_frame008509_front_mask.png
fish10,8511,C:\Users\shain\Downloads\FISH DATASET\FISH DATASET\proof_frames_fish_frames_200\fish10\fish10_frame008511_top.jpg,C:\Users\shain\Downloads\FISH DATASET\FISH DATASET\proof_frames_fish_frames_200\fish10\fish10_frame008511_front.jpg,C:\Users\shain\Downloads\FISH DATASET\FISH DATASET\proof_frames_fish_frames_200\fish10\fish10_frame008511_top_mask.png,C:\Users\shain\Downloads\FISH DATASET\FISH DATASET\proof_frames_fish_frames_200\fish10\fish10_frame008511_front_mask.png
fish10,8512,C:\Users\shain\Downloads\FISH DATASET\FISH DATASET\proof_frames_fish_frames_200\fish10\fish10_frame008512_top.jpg,C:\Users\shain\Downloads\FISH DATASET\FISH DATASET\proof_frames_fish_frames_200\fish10\fish10_frame008512_front.jpg,C:\Users\shain\Downloads\FISH DATASET\FISH DATASET\proof_frames_fish_frames_200\fish10\fish10_frame008512_top_mask.png,C:\Users\shain\Downloads\FISH DATASET\FISH DATASET\proof_frames_fish_frames_200\fish10\fish10_frame008512_front_mask.png
fish10,8513,C:\Users\shain\Downloads\FISH DATASET\FISH DATASET\proof_frames_fish_frames_200\fish10\fish10_frame008513_top.jpg,C:\Users\shain\Downloads\FISH DATASET\FISH DATASET\proof_frames_fish_frames_200\fish10\fish10_frame008513_front.jpg,C:\Users\shain\Downloads\FISH DATASET\FISH DATASET\proof_frames_fish_frames_200\fish10\fish10_frame008513_top_mask.png,C:\Users\shain\Downloads\FISH DATASET\FISH DATASET\proof_frames_fish_frames_200\fish10\fish10_frame008513_front_mask.png
fish10,8516,C:\Users\shain\Downloads\FISH DATASET\FISH DATASET\proof_frames_fish_frames_200\fish10\fish10_frame008516_top.jpg,C:\Users\shain\Downloads\FISH DATASET\FISH DATASET\proof_frames_fish_frames_200\fish10\fish10_frame008516_front.jpg,C:\Users\shain\Downloads\FISH DATASET\FISH DATASET\proof_frames_fish_frames_200\fish10\fish10_frame008516_top_mask.png,C:\Users\shain\Downloads\FISH DATASET\FISH DATASET\proof_frames_fish_frames_200\fish10\fish10_frame008516_front_mask.png
fish10,8517,C:\Users\shain\Downloads\FISH DATASET\FISH DATASET\proof_frames_fish_frames_200\fish10\fish10_frame008517_top.jpg,C:\Users\shain\Downloads\FISH DATASET\FISH DATASET\proof_frames_fish_frames_200\fish10\fish10_frame008517_front.jpg,C:\Users\shain\Downloads\FISH DATASET\FISH DATASET\proof_frames_fish_frames_200\fish10\fish10_frame008517_top_mask.png,C:\Users\shain\Downloads\FISH DATASET\FISH DATASET\proof_frames_fish_frames_200\fish10\fish10_frame008517_front_mask.png
fish10,8518,C:\Users\shain\Downloads\FISH DATASET\FISH DATASET\proof_frames_fish_frames_200\fish10\fish10_frame008518_top.jpg,C:\Users\shain\Downloads\FISH DATASET\FISH DATASET\proof_frames_fish_frames_200\fish10\fish10_frame008518_front.jpg,C:\Users\shain\Downloads\FISH DATASET\FISH DATASET\proof_frames_fish_frames_200\fish10\fish10_frame008518_top_mask.png,C:\Users\shain\Downloads\FISH DATASET\FISH DATASET\proof_frames_fish_frames_200\fish10\fish10_frame008518_front_mask.png
fish10,8519,C:\Users\shain\Downloads\FISH DATASET\FISH DATASET\proof_frames_fish_frames_200\fish10\fish10_frame008519_top.jpg,C:\Users\shain\Downloads\FISH DATASET\FISH DATASET\proof_frames_fish_frames_200\fish10\fish10_frame008519_front.jpg,C:\Users\shain\Downloads\FISH DATASET\FISH DATASET\proof_frames_fish_frames_200\fish10\fish10_frame008519_top_mask.png,C:\Users\shain\Downloads\FISH DATASET\FISH DATASET\proof_frames_fish_frames_200\fish10\fish10_frame008519_front_mask.png
fish10,8520,C:\Users\shain\Downloads\FISH DATASET\FISH DATASET\proof_frames_fish_frames_200\fish10\fish10_frame008520_top.jpg,C:\Users\shain\Downloads\FISH DATASET\FISH DATASET\proof_frames_fish_frames_200\fish10\fish10_frame008520_front.jpg,C:\Users\shain\Downloads\FISH DATASET\FISH DATASET\proof_frames_fish_frames_200\fish10\fish10_frame008520_top_mask.png,C:\Users\shain\Downloads\FISH DATASET\FISH DATASET\proof_frames_fish_frames_200\fish10\fish10_frame008520_front_mask.png
fish10,9854,C:\Users\shain\Downloads\FISH DATASET\FISH DATASET\proof_frames_fish_frames_200\fish10\fish10_frame009854_top.jpg,C:\Users\shain\Downloads\FISH DATASET\FISH DATASET\proof_frames_fish_frames_200\fish10\fish10_frame009854_front.jpg,C:\Users\shain\Downloads\FISH DATASET\FISH DATASET\proof_frames_fish_frames_200\fish10\fish10_frame009854_top_mask.png,C:\Users\shain\Downloads\FISH DATASET\FISH DATASET\proof_frames_fish_frames_200\fish10\fish10_frame009854_front_mask.png
fish10,9855,C:\Users\shain\Downloads\FISH DATASET\FISH DATASET\proof_frames_fish_frames_200\fish10\fish10_frame009855_top.jpg,C:\Users\shain\Downloads\FISH DATASET\FISH DATASET\proof_frames_fish_frames_200\fish10\fish10_frame009855_front.jpg,C:\Users\shain\Downloads\FISH DATASET\FISH DATASET\proof_frames_fish_frames_200\fish10\fish10_frame009855_top_mask.png,C:\Users\shain\Downloads\FISH DATASET\FISH DATASET\proof_frames_fish_frames_200\fish10\fish10_frame009855_front_mask.png
fish10,9856,C:\Users\shain\Downloads\FISH DATASET\FISH DATASET\proof_frames_fish_frames_200\fish10\fish10_frame009856_top.jpg,C:\Users\shain\Downloads\FISH DATASET\FISH DATASET\proof_frames_fish_frames_200\fish10\fish10_frame009856_front.jpg,C:\Users\shain\Downloads\FISH DATASET\FISH DATASET\proof_frames_fish_frames_200\fish10\fish10_frame009856_top_mask.png,C:\Users\shain\Downloads\FISH DATASET\FISH DATASET\proof_frames_fish_frames_200\fish10\fish10_frame009856_front_mask.png
fish10,9857,C:\Users\shain\Downloads\FISH DATASET\FISH DATASET\proof_frames_fish_frames_200\fish10\fish10_frame009857_top.jpg,C:\Users\shain\Downloads\FISH DATASET\FISH DATASET\proof_frames_fish_frames_200\fish10\fish10_frame009857_front.jpg,C:\Users\shain\Downloads\FISH DATASET\FISH DATASET\proof_frames_fish_frames_200\fish10\fish10_frame009857_top_mask.png,C:\Users\shain\Downloads\FISH DATASET\FISH DATASET\proof_frames_fish_frames_200\fish10\fish10_frame009857_front_mask.png
fish10,9858,C:\Users\shain\Downloads\FISH DATASET\FISH DATASET\proof_frames_fish_frames_200\fish10\fish10_frame009858_top.jpg,C:\Users\shain\Downloads\FISH DATASET\FISH DATASET\proof_frames_fish_frames_200\fish10\fish10_frame009858_front.jpg,C:\Users\shain\Downloads\FISH DATASET\FISH DATASET\proof_frames_fish_frames_200\fish10\fish10_frame009858_top_mask.png,C:\Users\shain\Downloads\FISH DATASET\FISH DATASET\proof_frames_fish_frames_200\fish10\fish10_frame009858_front_mask.png
fish10,9859,C:\Users\shain\Downloads\FISH DATASET\FISH DATASET\proof_frames_fish_frames_200\fish10\fish10_frame009859_top.jpg,C:\Users\shain\Downloads\FISH DATASET\FISH DATASET\proof_frames_fish_frames_200\fish10\fish10_frame009859_front.jpg,C:\Users\shain\Downloads\FISH DATASET\FISH DATASET\proof_frames_fish_frames_200\fish10\fish10_frame009859_top_mask.png,C:\Users\shain\Downloads\FISH DATASET\FISH DATASET\proof_frames_fish_frames_200\fish10\fish10_frame009859_front_mask.png
fish11,5947,C:\Users\shain\Downloads\FISH DATASET\FISH DATASET\proof_frames_fish_frames_200\fish11\fish11_frame005947_top.jpg,C:\Users\shain\Downloads\FISH DATASET\FISH DATASET\proof_frames_fish_frames_200\fish11\fish11_frame005947_front.jpg,C:\Users\shain\Downloads\FISH DATASET\FISH DATASET\proof_frames_fish_frames_200\fish11\fish11_frame005947_top_mask.png,C:\Users\shain\Downloads\FISH DATASET\FISH DATASET\proof_frames_fish_frames_200\fish11\fish11_frame005947_front_mask.png
fish11,5948,C:\Users\shain\Downloads\FISH DATASET\FISH DATASET\proof_frames_fish_frames_200\fish11\fish11_frame005948_top.jpg,C:\Users\shain\Downloads\FISH DATASET\FISH DATASET\proof_frames_fish_frames_200\fish11\fish11_frame005948_front.jpg,C:\Users\shain\Downloads\FISH DATASET\FISH DATASET\proof_frames_fish_frames_200\fish11\fish11_frame005948_top_mask.png,C:\Users\shain\Downloads\FISH DATASET\FISH DATASET\proof_frames_fish_frames_200\fish11\fish11_frame005948_front_mask.png
fish11,5949,C:\Users\shain\Downloads\FISH DATASET\FISH DATASET\proof_frames_fish_frames_200\fish11\fish11_frame005949_top.jpg,C:\Users\shain\Downloads\FISH DATASET\FISH DATASET\proof_frames_fish_frames_200\fish11\fish11_frame005949_front.jpg,C:\Users\shain\Downloads\FISH DATASET\FISH DATASET\proof_frames_fish_frames_200\fish11\fish11_frame005949_top_mask.png,C:\Users\shain\Downloads\FISH DATASET\FISH DATASET\proof_frames_fish_frames_200\fish11\fish11_frame005949_front_mask.png
fish11,5950,C:\Users\shain\Downloads\FISH DATASET\FISH DATASET\proof_frames_fish_frames_200\fish11\fish11_frame005950_top.jpg,C:\Users\shain\Downloads\FISH DATASET\FISH DATASET\proof_frames_fish_frames_200\fish11\fish11_frame005950_front.jpg,C:\Users\shain\Downloads\FISH DATASET\FISH DATASET\proof_frames_fish_frames_200\fish11\fish11_frame005950_top_mask.png,C:\Users\shain\Downloads\FISH DATASET\FISH DATASET\proof_frames_fish_frames_200\fish11\fish11_frame005950_front_mask.png
fish11,5951,C:\Users\shain\Downloads\FISH DATASET\FISH DATASET\proof_frames_fish_frames_200\fish11\fish11_frame005951_top.jpg,C:\Users\shain\Downloads\FISH DATASET\FISH DATASET\proof_frames_fish_frames_200\fish11\fish11_frame005951_front.jpg,C:\Users\shain\Downloads\FISH DATASET\FISH DATASET\proof_frames_fish_frames_200\fish11\fish11_frame005951_top_mask.png,C:\Users\shain\Downloads\FISH DATASET\FISH DATASET\proof_frames_fish_frames_200\fish11\fish11_frame005951_front_mask.png
fish11,5952,C:\Users\shain\Downloads\FISH DATASET\FISH DATASET\proof_frames_fish_frames_200\fish11\fish11_frame005952_top.jpg,C:\Users\shain\Downloads\FISH DATASET\FISH DATASET\proof_frames_fish_frames_200\fish11\fish11_frame005952_front.jpg,C:\Users\shain\Downloads\FISH DATASET\FISH DATASET\proof_frames_fish_frames_200\fish11\fish11_frame005952_top_mask.png,C:\Users\shain\Downloads\FISH DATASET\FISH DATASET\proof_frames_fish_frames_200\fish11\fish11_frame005952_front_mask.png
fish11,5953,C:\Users\shain\Downloads\FISH DATASET\FISH DATASET\proof_frames_fish_frames_200\fish11\fish11_frame005953_top.jpg,C:\Users\shain\Downloads\FISH DATASET\FISH DATASET\proof_frames_fish_frames_200\fish11\fish11_frame005953_front.jpg,C:\Users\shain\Downloads\FISH DATASET\FISH DATASET\proof_frames_fish_frames_200\fish11\fish11_frame005953_top_mask.png,C:\Users\shain\Downloads\FISH DATASET\FISH DATASET\proof_frames_fish_frames_200\fish11\fish11_frame005953_front_mask.png
fish11,5954,C:\Users\shain\Downloads\FISH DATASET\FISH DATASET\proof_frames_fish_frames_200\fish11\fish11_frame005954_top.jpg,C:\Users\shain\Downloads\FISH DATASET\FISH DATASET\proof_frames_fish_frames_200\fish11\fish11_frame005954_front.jpg,C:\Users\shain\Downloads\FISH DATASET\FISH DATASET\proof_frames_fish_frames_200\fish11\fish11_frame005954_top_mask.png,C:\Users\shain\Downloads\FISH DATASET\FISH DATASET\proof_frames_fish_frames_200\fish11\fish11_frame005954_front_mask.png
fish11,5955,C:\Users\shain\Downloads\FISH DATASET\FISH DATASET\proof_frames_fish_frames_200\fish11\fish11_frame005955_top.jpg,C:\Users\shain\Downloads\FISH DATASET\FISH DATASET\proof_frames_fish_frames_200\fish11\fish11_frame005955_front.jpg,C:\Users\shain\Downloads\FISH DATASET\FISH DATASET\proof_frames_fish_frames_200\fish11\fish11_frame005955_top_mask.png,C:\Users\shain\Downloads\FISH DATASET\FISH DATASET\proof_frames_fish_frames_200\fish11\fish11_frame005955_front_mask.png
fish11,5956,C:\Users\shain\Downloads\FISH DATASET\FISH DATASET\proof_frames_fish_frames_200\fish11\fish11_frame005956_top.jpg,C:\Users\shain\Downloads\FISH DATASET\FISH DATASET\proof_frames_fish_frames_200\fish11\fish11_frame005956_front.jpg,C:\Users\shain\Downloads\FISH DATASET\FISH DATASET\proof_frames_fish_frames_200\fish11\fish11_frame005956_top_mask.png,C:\Users\shain\Downloads\FISH DATASET\FISH DATASET\proof_frames_fish_frames_200\fish11\fish11_frame005956_front_mask.png
fish11,5957,C:\Users\shain\Downloads\FISH DATASET\FISH DATASET\proof_frames_fish_frames_200\fish11\fish11_frame005957_top.jpg,C:\Users\shain\Downloads\FISH DATASET\FISH DATASET\proof_frames_fish_frames_200\fish11\fish11_frame005957_front.jpg,C:\Users\shain\Downloads\FISH DATASET\FISH DATASET\proof_frames_fish_frames_200\fish11\fish11_frame005957_top_mask.png,C:\Users\shain\Downloads\FISH DATASET\FISH DATASET\proof_frames_fish_frames_200\fish11\fish11_frame005957_front_mask.png
fish11,5997,C:\Users\shain\Downloads\FISH DATASET\FISH DATASET\proof_frames_fish_frames_200\fish11\fish11_frame005997_top.jpg,C:\Users\shain\Downloads\FISH DATASET\FISH DATASET\proof_frames_fish_frames_200\fish11\fish11_frame005997_front.jpg,C:\Users\shain\Downloads\FISH DATASET\FISH DATASET\proof_frames_fish_frames_200\fish11\fish11_frame005997_top_mask.png,C:\Users\shain\Downloads\FISH DATASET\FISH DATASET\proof_frames_fish_frames_200\fish11\fish11_frame005997_front_mask.png
fish11,5998,C:\Users\shain\Downloads\FISH DATASET\FISH DATASET\proof_frames_fish_frames_200\fish11\fish11_frame005998_top.jpg,C:\Users\shain\Downloads\FISH DATASET\FISH DATASET\proof_frames_fish_frames_200\fish11\fish11_frame005998_front.jpg,C:\Users\shain\Downloads\FISH DATASET\FISH DATASET\proof_frames_fish_frames_200\fish11\fish11_frame005998_top_mask.png,C:\Users\shain\Downloads\FISH DATASET\FISH DATASET\proof_frames_fish_frames_200\fish11\fish11_frame005998_front_mask.png
fish11,5999,C:\Users\shain\Downloads\FISH DATASET\FISH DATASET\proof_frames_fish_frames_200\fish11\fish11_frame005999_top.jpg,C:\Users\shain\Downloads\FISH DATASET\FISH DATASET\proof_frames_fish_frames_200\fish11\fish11_frame005999_front.jpg,C:\Users\shain\Downloads\FISH DATASET\FISH DATASET\proof_frames_fish_frames_200\fish11\fish11_frame005999_top_mask.png,C:\Users\shain\Downloads\FISH DATASET\FISH DATASET\proof_frames_fish_frames_200\fish11\fish11_frame005999_front_mask.png
fish11,6000,C:\Users\shain\Downloads\FISH DATASET\FISH DATASET\proof_frames_fish_frames_200\fish11\fish11_frame006000_top.jpg,C:\Users\shain\Downloads\FISH DATASET\FISH DATASET\proof_frames_fish_frames_200\fish11\fish11_frame006000_front.jpg,C:\Users\shain\Downloads\FISH DATASET\FISH DATASET\proof_frames_fish_frames_200\fish11\fish11_frame006000_top_mask.png,C:\Users\shain\Downloads\FISH DATASET\FISH DATASET\proof_frames_fish_frames_200\fish11\fish11_frame006000_front_mask.png
fish11,6001,C:\Users\shain\Downloads\FISH DATASET\FISH DATASET\proof_frames_fish_frames_200\fish11\fish11_frame006001_top.jpg,C:\Users\shain\Downloads\FISH DATASET\FISH DATASET\proof_frames_fish_frames_200\fish11\fish11_frame006001_front.jpg,C:\Users\shain\Downloads\FISH DATASET\FISH DATASET\proof_frames_fish_frames_200\fish11\fish11_frame006001_top_mask.png,C:\Users\shain\Downloads\FISH DATASET\FISH DATASET\proof_frames_fish_frames_200\fish11\fish11_frame006001_front_mask.png
fish11,6002,C:\Users\shain\Downloads\FISH DATASET\FISH DATASET\proof_frames_fish_frames_200\fish11\fish11_frame006002_top.jpg,C:\Users\shain\Downloads\FISH DATASET\FISH DATASET\proof_frames_fish_frames_200\fish11\fish11_frame006002_front.jpg,C:\Users\shain\Downloads\FISH DATASET\FISH DATASET\proof_frames_fish_frames_200\fish11\fish11_frame006002_top_mask.png,C:\Users\shain\Downloads\FISH DATASET\FISH DATASET\proof_frames_fish_frames_200\fish11\fish11_frame006002_front_mask.png
fish11,6003,C:\Users\shain\Downloads\FISH DATASET\FISH DATASET\proof_frames_fish_frames_200\fish11\fish11_frame006003_top.jpg,C:\Users\shain\Downloads\FISH DATASET\FISH DATASET\proof_frames_fish_frames_200\fish11\fish11_frame006003_front.jpg,C:\Users\shain\Downloads\FISH DATASET\FISH DATASET\proof_frames_fish_frames_200\fish11\fish11_frame006003_top_mask.png,C:\Users\shain\Downloads\FISH DATASET\FISH DATASET\proof_frames_fish_frames_200\fish11\fish11_frame006003_front_mask.png
fish11,6004,C:\Users\shain\Downloads\FISH DATASET\FISH DATASET\proof_frames_fish_frames_200\fish11\fish11_frame006004_top.jpg,C:\Users\shain\Downloads\FISH DATASET\FISH DATASET\proof_frames_fish_frames_200\fish11\fish11_frame006004_front.jpg,C:\Users\shain\Downloads\FISH DATASET\FISH DATASET\proof_frames_fish_frames_200\fish11\fish11_frame006004_top_mask.png,C:\Users\shain\Downloads\FISH DATASET\FISH DATASET\proof_frames_fish_frames_200\fish11\fish11_frame006004_front_mask.png
fish11,6005,C:\Users\shain\Downloads\FISH DATASET\FISH DATASET\proof_frames_fish_frames_200\fish11\fish11_frame006005_top.jpg,C:\Users\shain\Downloads\FISH DATASET\FISH DATASET\proof_frames_fish_frames_200\fish11\fish11_frame006005_front.jpg,C:\Users\shain\Downloads\FISH DATASET\FISH DATASET\proof_frames_fish_frames_200\fish11\fish11_frame006005_top_mask.png,C:\Users\shain\Downloads\FISH DATASET\FISH DATASET\proof_frames_fish_frames_200\fish11\fish11_frame006005_front_mask.png
fish11,6006,C:\Users\shain\Downloads\FISH DATASET\FISH DATASET\proof_frames_fish_frames_200\fish11\fish11_frame006006_top.jpg,C:\Users\shain\Downloads\FISH DATASET\FISH DATASET\proof_frames_fish_frames_200\fish11\fish11_frame006006_front.jpg,C:\Users\shain\Downloads\FISH DATASET\FISH DATASET\proof_frames_fish_frames_200\fish11\fish11_frame006006_top_mask.png,C:\Users\shain\Downloads\FISH DATASET\FISH DATASET\proof_frames_fish_frames_200\fish11\fish11_frame006006_front_mask.png
fish11,6032,C:\Users\shain\Downloads\FISH DATASET\FISH DATASET\proof_frames_fish_frames_200\fish11\fish11_frame006032_top.jpg,C:\Users\shain\Downloads\FISH DATASET\FISH DATASET\proof_frames_fish_frames_200\fish11\fish11_frame006032_front.jpg,C:\Users\shain\Downloads\FISH DATASET\FISH DATASET\proof_frames_fish_frames_200\fish11\fish11_frame006032_top_mask.png,C:\Users\shain\Downloads\FISH DATASET\FISH DATASET\proof_frames_fish_frames_200\fish11\fish11_frame006032_front_mask.png
fish11,6047,C:\Users\shain\Downloads\FISH DATASET\FISH DATASET\proof_frames_fish_frames_200\fish11\fish11_frame006047_top.jpg,C:\Users\shain\Downloads\FISH DATASET\FISH DATASET\proof_frames_fish_frames_200\fish11\fish11_frame006047_front.jpg,C:\Users\shain\Downloads\FISH DATASET\FISH DATASET\proof_frames_fish_frames_200\fish11\fish11_frame006047_top_mask.png,C:\Users\shain\Downloads\FISH DATASET\FISH DATASET\proof_frames_fish_frames_200\fish11\fish11_frame006047_front_mask.png
fish11,6048,C:\Users\shain\Downloads\FISH DATASET\FISH DATASET\proof_frames_fish_frames_200\fish11\fish11_frame006048_top.jpg,C:\Users\shain\Downloads\FISH DATASET\FISH DATASET\proof_frames_fish_frames_200\fish11\fish11_frame006048_front.jpg,C:\Users\shain\Downloads\FISH DATASET\FISH DATASET\proof_frames_fish_frames_200\fish11\fish11_frame006048_top_mask.png,C:\Users\shain\Downloads\FISH DATASET\FISH DATASET\proof_frames_fish_frames_200\fish11\fish11_frame006048_front_mask.png
fish11,6049,C:\Users\shain\Downloads\FISH DATASET\FISH DATASET\proof_frames_fish_frames_200\fish11\fish11_frame006049_top.jpg,C:\Users\shain\Downloads\FISH DATASET\FISH DATASET\proof_frames_fish_frames_200\fish11\fish11_frame006049_front.jpg,C:\Users\shain\Downloads\FISH DATASET\FISH DATASET\proof_frames_fish_frames_200\fish11\fish11_frame006049_top_mask.png,C:\Users\shain\Downloads\FISH DATASET\FISH DATASET\proof_frames_fish_frames_200\fish11\fish11_frame006049_front_mask.png
fish11,6050,C:\Users\shain\Downloads\FISH DATASET\FISH DATASET\proof_frames_fish_frames_200\fish11\fish11_frame006050_top.jpg,C:\Users\shain\Downloads\FISH DATASET\FISH DATASET\proof_frames_fish_frames_200\fish11\fish11_frame006050_front.jpg,C:\Users\shain\Downloads\FISH DATASET\FISH DATASET\proof_frames_fish_frames_200\fish11\fish11_frame006050_top_mask.png,C:\Users\shain\Downloads\FISH DATASET\FISH DATASET\proof_frames_fish_frames_200\fish11\fish11_frame006050_front_mask.png
fish11,6051,C:\Users\shain\Downloads\FISH DATASET\FISH DATASET\proof_frames_fish_frames_200\fish11\fish11_frame006051_top.jpg,C:\Users\shain\Downloads\FISH DATASET\FISH DATASET\proof_frames_fish_frames_200\fish11\fish11_frame006051_front.jpg,C:\Users\shain\Downloads\FISH DATASET\FISH DATASET\proof_frames_fish_frames_200\fish11\fish11_frame006051_top_mask.png,C:\Users\shain\Downloads\FISH DATASET\FISH DATASET\proof_frames_fish_frames_200\fish11\fish11_frame006051_front_mask.png
fish11,6052,C:\Users\shain\Downloads\FISH DATASET\FISH DATASET\proof_frames_fish_frames_200\fish11\fish11_frame006052_top.jpg,C:\Users\shain\Downloads\FISH DATASET\FISH DATASET\proof_frames_fish_frames_200\fish11\fish11_frame006052_front.jpg,C:\Users\shain\Downloads\FISH DATASET\FISH DATASET\proof_frames_fish_frames_200\fish11\fish11_frame006052_top_mask.png,C:\Users\shain\Downloads\FISH DATASET\FISH DATASET\proof_frames_fish_frames_200\fish11\fish11_frame006052_front_mask.png
fish11,6053,C:\Users\shain\Downloads\FISH DATASET\FISH DATASET\proof_frames_fish_frames_200\fish11\fish11_frame006053_top.jpg,C:\Users\shain\Downloads\FISH DATASET\FISH DATASET\proof_frames_fish_frames_200\fish11\fish11_frame006053_front.jpg,C:\Users\shain\Downloads\FISH DATASET\FISH DATASET\proof_frames_fish_frames_200\fish11\fish11_frame006053_top_mask.png,C:\Users\shain\Downloads\FISH DATASET\FISH DATASET\proof_frames_fish_frames_200\fish11\fish11_frame006053_front_mask.png
fish11,6054,C:\Users\shain\Downloads\FISH DATASET\FISH DATASET\proof_frames_fish_frames_200\fish11\fish11_frame006054_top.jpg,C:\Users\shain\Downloads\FISH DATASET\FISH DATASET\proof_frames_fish_frames_200\fish11\fish11_frame006054_front.jpg,C:\Users\shain\Downloads\FISH DATASET\FISH DATASET\proof_frames_fish_frames_200\fish11\fish11_frame006054_top_mask.png,C:\Users\shain\Downloads\FISH DATASET\FISH DATASET\proof_frames_fish_frames_200\fish11\fish11_frame006054_front_mask.png
fish11,6055,C:\Users\shain\Downloads\FISH DATASET\FISH DATASET\proof_frames_fish_frames_200\fish11\fish11_frame006055_top.jpg,C:\Users\shain\Downloads\FISH DATASET\FISH DATASET\proof_frames_fish_frames_200\fish11\fish11_frame006055_front.jpg,C:\Users\shain\Downloads\FISH DATASET\FISH DATASET\proof_frames_fish_frames_200\fish11\fish11_frame006055_top_mask.png,C:\Users\shain\Downloads\FISH DATASET\FISH DATASET\proof_frames_fish_frames_200\fish11\fish11_frame006055_front_mask.png
fish11,6056,C:\Users\shain\Downloads\FISH DATASET\FISH DATASET\proof_frames_fish_frames_200\fish11\fish11_frame006056_top.jpg,C:\Users\shain\Downloads\FISH DATASET\FISH DATASET\proof_frames_fish_frames_200\fish11\fish11_frame006056_front.jpg,C:\Users\shain\Downloads\FISH DATASET\FISH DATASET\proof_frames_fish_frames_200\fish11\fish11_frame006056_top_mask.png,C:\Users\shain\Downloads\FISH DATASET\FISH DATASET\proof_frames_fish_frames_200\fish11\fish11_frame006056_front_mask.png
fish11,6057,C:\Users\shain\Downloads\FISH DATASET\FISH DATASET\proof_frames_fish_frames_200\fish11\fish11_frame006057_top.jpg,C:\Users\shain\Downloads\FISH DATASET\FISH DATASET\proof_frames_fish_frames_200\fish11\fish11_frame006057_front.jpg,C:\Users\shain\Downloads\FISH DATASET\FISH DATASET\proof_frames_fish_frames_200\fish11\fish11_frame006057_top_mask.png,C:\Users\shain\Downloads\FISH DATASET\FISH DATASET\proof_frames_fish_frames_200\fish11\fish11_frame006057_front_mask.png
fish11,6058,C:\Users\shain\Downloads\FISH DATASET\FISH DATASET\proof_frames_fish_frames_200\fish11\fish11_frame006058_top.jpg,C:\Users\shain\Downloads\FISH DATASET\FISH DATASET\proof_frames_fish_frames_200\fish11\fish11_frame006058_front.jpg,C:\Users\shain\Downloads\FISH DATASET\FISH DATASET\proof_frames_fish_frames_200\fish11\fish11_frame006058_top_mask.png,C:\Users\shain\Downloads\FISH DATASET\FISH DATASET\proof_frames_fish_frames_200\fish11\fish11_frame006058_front_mask.png
fish11,6059,C:\Users\shain\Downloads\FISH DATASET\FISH DATASET\proof_frames_fish_frames_200\fish11\fish11_frame006059_top.jpg,C:\Users\shain\Downloads\FISH DATASET\FISH DATASET\proof_frames_fish_frames_200\fish11\fish11_frame006059_front.jpg,C:\Users\shain\Downloads\FISH DATASET\FISH DATASET\proof_frames_fish_frames_200\fish11\fish11_frame006059_top_mask.png,C:\Users\shain\Downloads\FISH DATASET\FISH DATASET\proof_frames_fish_frames_200\fish11\fish11_frame006059_front_mask.png
fish11,6060,C:\Users\shain\Downloads\FISH DATASET\FISH DATASET\proof_frames_fish_frames_200\fish11\fish11_frame006060_top.jpg,C:\Users\shain\Downloads\FISH DATASET\FISH DATASET\proof_frames_fish_frames_200\fish11\fish11_frame006060_front.jpg,C:\Users\shain\Downloads\FISH DATASET\FISH DATASET\proof_frames_fish_frames_200\fish11\fish11_frame006060_top_mask.png,C:\Users\shain\Downloads\FISH DATASET\FISH DATASET\proof_frames_fish_frames_200\fish11\fish11_frame006060_front_mask.png
fish11,6061,C:\Users\shain\Downloads\FISH DATASET\FISH DATASET\proof_frames_fish_frames_200\fish11\fish11_frame006061_top.jpg,C:\Users\shain\Downloads\FISH DATASET\FISH DATASET\proof_frames_fish_frames_200\fish11\fish11_frame006061_front.jpg,C:\Users\shain\Downloads\FISH DATASET\FISH DATASET\proof_frames_fish_frames_200\fish11\fish11_frame006061_top_mask.png,C:\Users\shain\Downloads\FISH DATASET\FISH DATASET\proof_frames_fish_frames_200\fish11\fish11_frame006061_front_mask.png
fish11,6062,C:\Users\shain\Downloads\FISH DATASET\FISH DATASET\proof_frames_fish_frames_200\fish11\fish11_frame006062_top.jpg,C:\Users\shain\Downloads\FISH DATASET\FISH DATASET\proof_frames_fish_frames_200\fish11\fish11_frame006062_front.jpg,C:\Users\shain\Downloads\FISH DATASET\FISH DATASET\proof_frames_fish_frames_200\fish11\fish11_frame006062_top_mask.png,C:\Users\shain\Downloads\FISH DATASET\FISH DATASET\proof_frames_fish_frames_200\fish11\fish11_frame006062_front_mask.png
fish11,6063,C:\Users\shain\Downloads\FISH DATASET\FISH DATASET\proof_frames_fish_frames_200\fish11\fish11_frame006063_top.jpg,C:\Users\shain\Downloads\FISH DATASET\FISH DATASET\proof_frames_fish_frames_200\fish11\fish11_frame006063_front.jpg,C:\Users\shain\Downloads\FISH DATASET\FISH DATASET\proof_frames_fish_frames_200\fish11\fish11_frame006063_top_mask.png,C:\Users\shain\Downloads\FISH DATASET\FISH DATASET\proof_frames_fish_frames_200\fish11\fish11_frame006063_front_mask.png
fish11,6064,C:\Users\shain\Downloads\FISH DATASET\FISH DATASET\proof_frames_fish_frames_200\fish11\fish11_frame006064_top.jpg,C:\Users\shain\Downloads\FISH DATASET\FISH DATASET\proof_frames_fish_frames_200\fish11\fish11_frame006064_front.jpg,C:\Users\shain\Downloads\FISH DATASET\FISH DATASET\proof_frames_fish_frames_200\fish11\fish11_frame006064_top_mask.png,C:\Users\shain\Downloads\FISH DATASET\FISH DATASET\proof_frames_fish_frames_200\fish11\fish11_frame006064_front_mask.png
fish11,6065,C:\Users\shain\Downloads\FISH DATASET\FISH DATASET\proof_frames_fish_frames_200\fish11\fish11_frame006065_top.jpg,C:\Users\shain\Downloads\FISH DATASET\FISH DATASET\proof_frames_fish_frames_200\fish11\fish11_frame006065_front.jpg,C:\Users\shain\Downloads\FISH DATASET\FISH DATASET\proof_frames_fish_frames_200\fish11\fish11_frame006065_top_mask.png,C:\Users\shain\Downloads\FISH DATASET\FISH DATASET\proof_frames_fish_frames_200\fish11\fish11_frame006065_front_mask.png
fish11,6066,C:\Users\shain\Downloads\FISH DATASET\FISH DATASET\proof_frames_fish_frames_200\fish11\fish11_frame006066_top.jpg,C:\Users\shain\Downloads\FISH DATASET\FISH DATASET\proof_frames_fish_frames_200\fish11\fish11_frame006066_front.jpg,C:\Users\shain\Downloads\FISH DATASET\FISH DATASET\proof_frames_fish_frames_200\fish11\fish11_frame006066_top_mask.png,C:\Users\shain\Downloads\FISH DATASET\FISH DATASET\proof_frames_fish_frames_200\fish11\fish11_frame006066_front_mask.png
fish11,6067,C:\Users\shain\Downloads\FISH DATASET\FISH DATASET\proof_frames_fish_frames_200\fish11\fish11_frame006067_top.jpg,C:\Users\shain\Downloads\FISH DATASET\FISH DATASET\proof_frames_fish_frames_200\fish11\fish11_frame006067_front.jpg,C:\Users\shain\Downloads\FISH DATASET\FISH DATASET\proof_frames_fish_frames_200\fish11\fish11_frame006067_top_mask.png,C:\Users\shain\Downloads\FISH DATASET\FISH DATASET\proof_frames_fish_frames_200\fish11\fish11_frame006067_front_mask.png
fish11,6068,C:\Users\shain\Downloads\FISH DATASET\FISH DATASET\proof_frames_fish_frames_200\fish11\fish11_frame006068_top.jpg,C:\Users\shain\Downloads\FISH DATASET\FISH DATASET\proof_frames_fish_frames_200\fish11\fish11_frame006068_front.jpg,C:\Users\shain\Downloads\FISH DATASET\FISH DATASET\proof_frames_fish_frames_200\fish11\fish11_frame006068_top_mask.png,C:\Users\shain\Downloads\FISH DATASET\FISH DATASET\proof_frames_fish_frames_200\fish11\fish11_frame006068_front_mask.png
fish11,6069,C:\Users\shain\Downloads\FISH DATASET\FISH DATASET\proof_frames_fish_frames_200\fish11\fish11_frame006069_top.jpg,C:\Users\shain\Downloads\FISH DATASET\FISH DATASET\proof_frames_fish_frames_200\fish11\fish11_frame006069_front.jpg,C:\Users\shain\Downloads\FISH DATASET\FISH DATASET\proof_frames_fish_frames_200\fish11\fish11_frame006069_top_mask.png,C:\Users\shain\Downloads\FISH DATASET\FISH DATASET\proof_frames_fish_frames_200\fish11\fish11_frame006069_front_mask.png
fish11,6070,C:\Users\shain\Downloads\FISH DATASET\FISH DATASET\proof_frames_fish_frames_200\fish11\fish11_frame006070_top.jpg,C:\Users\shain\Downloads\FISH DATASET\FISH DATASET\proof_frames_fish_frames_200\fish11\fish11_frame006070_front.jpg,C:\Users\shain\Downloads\FISH DATASET\FISH DATASET\proof_frames_fish_frames_200\fish11\fish11_frame006070_top_mask.png,C:\Users\shain\Downloads\FISH DATASET\FISH DATASET\proof_frames_fish_frames_200\fish11\fish11_frame006070_front_mask.png
fish11,6071,C:\Users\shain\Downloads\FISH DATASET\FISH DATASET\proof_frames_fish_frames_200\fish11\fish11_frame006071_top.jpg,C:\Users\shain\Downloads\FISH DATASET\FISH DATASET\proof_frames_fish_frames_200\fish11\fish11_frame006071_front.jpg,C:\Users\shain\Downloads\FISH DATASET\FISH DATASET\proof_frames_fish_frames_200\fish11\fish11_frame006071_top_mask.png,C:\Users\shain\Downloads\FISH DATASET\FISH DATASET\proof_frames_fish_frames_200\fish11\fish11_frame006071_front_mask.png
fish11,6072,C:\Users\shain\Downloads\FISH DATASET\FISH DATASET\proof_frames_fish_frames_200\fish11\fish11_frame006072_top.jpg,C:\Users\shain\Downloads\FISH DATASET\FISH DATASET\proof_frames_fish_frames_200\fish11\fish11_frame006072_front.jpg,C:\Users\shain\Downloads\FISH DATASET\FISH DATASET\proof_frames_fish_frames_200\fish11\fish11_frame006072_top_mask.png,C:\Users\shain\Downloads\FISH DATASET\FISH DATASET\proof_frames_fish_frames_200\fish11\fish11_frame006072_front_mask.png
fish11,6073,C:\Users\shain\Downloads\FISH DATASET\FISH DATASET\proof_frames_fish_frames_200\fish11\fish11_frame006073_top.jpg,C:\Users\shain\Downloads\FISH DATASET\FISH DATASET\proof_frames_fish_frames_200\fish11\fish11_frame006073_front.jpg,C:\Users\shain\Downloads\FISH DATASET\FISH DATASET\proof_frames_fish_frames_200\fish11\fish11_frame006073_top_mask.png,C:\Users\shain\Downloads\FISH DATASET\FISH DATASET\proof_frames_fish_frames_200\fish11\fish11_frame006073_front_mask.png
fish11,6074,C:\Users\shain\Downloads\FISH DATASET\FISH DATASET\proof_frames_fish_frames_200\fish11\fish11_frame006074_top.jpg,C:\Users\shain\Downloads\FISH DATASET\FISH DATASET\proof_frames_fish_frames_200\fish11\fish11_frame006074_front.jpg,C:\Users\shain\Downloads\FISH DATASET\FISH DATASET\proof_frames_fish_frames_200\fish11\fish11_frame006074_top_mask.png,C:\Users\shain\Downloads\FISH DATASET\FISH DATASET\proof_frames_fish_frames_200\fish11\fish11_frame006074_front_mask.png
fish11,6075,C:\Users\shain\Downloads\FISH DATASET\FISH DATASET\proof_frames_fish_frames_200\fish11\fish11_frame006075_top.jpg,C:\Users\shain\Downloads\FISH DATASET\FISH DATASET\proof_frames_fish_frames_200\fish11\fish11_frame006075_front.jpg,C:\Users\shain\Downloads\FISH DATASET\FISH DATASET\proof_frames_fish_frames_200\fish11\fish11_frame006075_top_mask.png,C:\Users\shain\Downloads\FISH DATASET\FISH DATASET\proof_frames_fish_frames_200\fish11\fish11_frame006075_front_mask.png
fish11,6076,C:\Users\shain\Downloads\FISH DATASET\FISH DATASET\proof_frames_fish_frames_200\fish11\fish11_frame006076_top.jpg,C:\Users\shain\Downloads\FISH DATASET\FISH DATASET\proof_frames_fish_frames_200\fish11\fish11_frame006076_front.jpg,C:\Users\shain\Downloads\FISH DATASET\FISH DATASET\proof_frames_fish_frames_200\fish11\fish11_frame006076_top_mask.png,C:\Users\shain\Downloads\FISH DATASET\FISH DATASET\proof_frames_fish_frames_200\fish11\fish11_frame006076_front_mask.png
fish11,6077,C:\Users\shain\Downloads\FISH DATASET\FISH DATASET\proof_frames_fish_frames_200\fish11\fish11_frame006077_top.jpg,C:\Users\shain\Downloads\FISH DATASET\FISH DATASET\proof_frames_fish_frames_200\fish11\fish11_frame006077_front.jpg,C:\Users\shain\Downloads\FISH DATASET\FISH DATASET\proof_frames_fish_frames_200\fish11\fish11_frame006077_top_mask.png,C:\Users\shain\Downloads\FISH DATASET\FISH DATASET\proof_frames_fish_frames_200\fish11\fish11_frame006077_front_mask.png
fish11,6078,C:\Users\shain\Downloads\FISH DATASET\FISH DATASET\proof_frames_fish_frames_200\fish11\fish11_frame006078_top.jpg,C:\Users\shain\Downloads\FISH DATASET\FISH DATASET\proof_frames_fish_frames_200\fish11\fish11_frame006078_front.jpg,C:\Users\shain\Downloads\FISH DATASET\FISH DATASET\proof_frames_fish_frames_200\fish11\fish11_frame006078_top_mask.png,C:\Users\shain\Downloads\FISH DATASET\FISH DATASET\proof_frames_fish_frames_200\fish11\fish11_frame006078_front_mask.png
fish11,6079,C:\Users\shain\Downloads\FISH DATASET\FISH DATASET\proof_frames_fish_frames_200\fish11\fish11_frame006079_top.jpg,C:\Users\shain\Downloads\FISH DATASET\FISH DATASET\proof_frames_fish_frames_200\fish11\fish11_frame006079_front.jpg,C:\Users\shain\Downloads\FISH DATASET\FISH DATASET\proof_frames_fish_frames_200\fish11\fish11_frame006079_top_mask.png,C:\Users\shain\Downloads\FISH DATASET\FISH DATASET\proof_frames_fish_frames_200\fish11\fish11_frame006079_front_mask.png
fish11,6080,C:\Users\shain\Downloads\FISH DATASET\FISH DATASET\proof_frames_fish_frames_200\fish11\fish11_frame006080_top.jpg,C:\Users\shain\Downloads\FISH DATASET\FISH DATASET\proof_frames_fish_frames_200\fish11\fish11_frame006080_front.jpg,C:\Users\shain\Downloads\FISH DATASET\FISH DATASET\proof_frames_fish_frames_200\fish11\fish11_frame006080_top_mask.png,C:\Users\shain\Downloads\FISH DATASET\FISH DATASET\proof_frames_fish_frames_200\fish11\fish11_frame006080_front_mask.png
fish11,6081,C:\Users\shain\Downloads\FISH DATASET\FISH DATASET\proof_frames_fish_frames_200\fish11\fish11_frame006081_top.jpg,C:\Users\shain\Downloads\FISH DATASET\FISH DATASET\proof_frames_fish_frames_200\fish11\fish11_frame006081_front.jpg,C:\Users\shain\Downloads\FISH DATASET\FISH DATASET\proof_frames_fish_frames_200\fish11\fish11_frame006081_top_mask.png,C:\Users\shain\Downloads\FISH DATASET\FISH DATASET\proof_frames_fish_frames_200\fish11\fish11_frame006081_front_mask.png
fish11,6082,C:\Users\shain\Downloads\FISH DATASET\FISH DATASET\proof_frames_fish_frames_200\fish11\fish11_frame006082_top.jpg,C:\Users\shain\Downloads\FISH DATASET\FISH DATASET\proof_frames_fish_frames_200\fish11\fish11_frame006082_front.jpg,C:\Users\shain\Downloads\FISH DATASET\FISH DATASET\proof_frames_fish_frames_200\fish11\fish11_frame006082_top_mask.png,C:\Users\shain\Downloads\FISH DATASET\FISH DATASET\proof_frames_fish_frames_200\fish11\fish11_frame006082_front_mask.png
fish11,6083,C:\Users\shain\Downloads\FISH DATASET\FISH DATASET\proof_frames_fish_frames_200\fish11\fish11_frame006083_top.jpg,C:\Users\shain\Downloads\FISH DATASET\FISH DATASET\proof_frames_fish_frames_200\fish11\fish11_frame006083_front.jpg,C:\Users\shain\Downloads\FISH DATASET\FISH DATASET\proof_frames_fish_frames_200\fish11\fish11_frame006083_top_mask.png,C:\Users\shain\Downloads\FISH DATASET\FISH DATASET\proof_frames_fish_frames_200\fish11\fish11_frame006083_front_mask.png
fish11,6084,C:\Users\shain\Downloads\FISH DATASET\FISH DATASET\proof_frames_fish_frames_200\fish11\fish11_frame006084_top.jpg,C:\Users\shain\Downloads\FISH DATASET\FISH DATASET\proof_frames_fish_frames_200\fish11\fish11_frame006084_front.jpg,C:\Users\shain\Downloads\FISH DATASET\FISH DATASET\proof_frames_fish_frames_200\fish11\fish11_frame006084_top_mask.png,C:\Users\shain\Downloads\FISH DATASET\FISH DATASET\proof_frames_fish_frames_200\fish11\fish11_frame006084_front_mask.png
fish11,6085,C:\Users\shain\Downloads\FISH DATASET\FISH DATASET\proof_frames_fish_frames_200\fish11\fish11_frame006085_top.jpg,C:\Users\shain\Downloads\FISH DATASET\FISH DATASET\proof_frames_fish_frames_200\fish11\fish11_frame006085_front.jpg,C:\Users\shain\Downloads\FISH DATASET\FISH DATASET\proof_frames_fish_frames_200\fish11\fish11_frame006085_top_mask.png,C:\Users\shain\Downloads\FISH DATASET\FISH DATASET\proof_frames_fish_frames_200\fish11\fish11_frame006085_front_mask.png
fish11,6086,C:\Users\shain\Downloads\FISH DATASET\FISH DATASET\proof_frames_fish_frames_200\fish11\fish11_frame006086_top.jpg,C:\Users\shain\Downloads\FISH DATASET\FISH DATASET\proof_frames_fish_frames_200\fish11\fish11_frame006086_front.jpg,C:\Users\shain\Downloads\FISH DATASET\FISH DATASET\proof_frames_fish_frames_200\fish11\fish11_frame006086_top_mask.png,C:\Users\shain\Downloads\FISH DATASET\FISH DATASET\proof_frames_fish_frames_200\fish11\fish11_frame006086_front_mask.png
fish11,6087,C:\Users\shain\Downloads\FISH DATASET\FISH DATASET\proof_frames_fish_frames_200\fish11\fish11_frame006087_top.jpg,C:\Users\shain\Downloads\FISH DATASET\FISH DATASET\proof_frames_fish_frames_200\fish11\fish11_frame006087_front.jpg,C:\Users\shain\Downloads\FISH DATASET\FISH DATASET\proof_frames_fish_frames_200\fish11\fish11_frame006087_top_mask.png,C:\Users\shain\Downloads\FISH DATASET\FISH DATASET\proof_frames_fish_frames_200\fish11\fish11_frame006087_front_mask.png
fish11,6088,C:\Users\shain\Downloads\FISH DATASET\FISH DATASET\proof_frames_fish_frames_200\fish11\fish11_frame006088_top.jpg,C:\Users\shain\Downloads\FISH DATASET\FISH DATASET\proof_frames_fish_frames_200\fish11\fish11_frame006088_front.jpg,C:\Users\shain\Downloads\FISH DATASET\FISH DATASET\proof_frames_fish_frames_200\fish11\fish11_frame006088_top_mask.png,C:\Users\shain\Downloads\FISH DATASET\FISH DATASET\proof_frames_fish_frames_200\fish11\fish11_frame006088_front_mask.png
fish11,6098,C:\Users\shain\Downloads\FISH DATASET\FISH DATASET\proof_frames_fish_frames_200\fish11\fish11_frame006098_top.jpg,C:\Users\shain\Downloads\FISH DATASET\FISH DATASET\proof_frames_fish_frames_200\fish11\fish11_frame006098_front.jpg,C:\Users\shain\Downloads\FISH DATASET\FISH DATASET\proof_frames_fish_frames_200\fish11\fish11_frame006098_top_mask.png,C:\Users\shain\Downloads\FISH DATASET\FISH DATASET\proof_frames_fish_frames_200\fish11\fish11_frame006098_front_mask.png
fish11,6099,C:\Users\shain\Downloads\FISH DATASET\FISH DATASET\proof_frames_fish_frames_200\fish11\fish11_frame006099_top.jpg,C:\Users\shain\Downloads\FISH DATASET\FISH DATASET\proof_frames_fish_frames_200\fish11\fish11_frame006099_front.jpg,C:\Users\shain\Downloads\FISH DATASET\FISH DATASET\proof_frames_fish_frames_200\fish11\fish11_frame006099_top_mask.png,C:\Users\shain\Downloads\FISH DATASET\FISH DATASET\proof_frames_fish_frames_200\fish11\fish11_frame006099_front_mask.png
fish11,6100,C:\Users\shain\Downloads\FISH DATASET\FISH DATASET\proof_frames_fish_frames_200\fish11\fish11_frame006100_top.jpg,C:\Users\shain\Downloads\FISH DATASET\FISH DATASET\proof_frames_fish_frames_200\fish11\fish11_frame006100_front.jpg,C:\Users\shain\Downloads\FISH DATASET\FISH DATASET\proof_frames_fish_frames_200\fish11\fish11_frame006100_top_mask.png,C:\Users\shain\Downloads\FISH DATASET\FISH DATASET\proof_frames_fish_frames_200\fish11\fish11_frame006100_front_mask.png
fish11,6101,C:\Users\shain\Downloads\FISH DATASET\FISH DATASET\proof_frames_fish_frames_200\fish11\fish11_frame006101_top.jpg,C:\Users\shain\Downloads\FISH DATASET\FISH DATASET\proof_frames_fish_frames_200\fish11\fish11_frame006101_front.jpg,C:\Users\shain\Downloads\FISH DATASET\FISH DATASET\proof_frames_fish_frames_200\fish11\fish11_frame006101_top_mask.png,C:\Users\shain\Downloads\FISH DATASET\FISH DATASET\proof_frames_fish_frames_200\fish11\fish11_frame006101_front_mask.png
fish11,6102,C:\Users\shain\Downloads\FISH DATASET\FISH DATASET\proof_frames_fish_frames_200\fish11\fish11_frame006102_top.jpg,C:\Users\shain\Downloads\FISH DATASET\FISH DATASET\proof_frames_fish_frames_200\fish11\fish11_frame006102_front.jpg,C:\Users\shain\Downloads\FISH DATASET\FISH DATASET\proof_frames_fish_frames_200\fish11\fish11_frame006102_top_mask.png,C:\Users\shain\Downloads\FISH DATASET\FISH DATASET\proof_frames_fish_frames_200\fish11\fish11_frame006102_front_mask.png
fish11,6103,C:\Users\shain\Downloads\FISH DATASET\FISH DATASET\proof_frames_fish_frames_200\fish11\fish11_frame006103_top.jpg,C:\Users\shain\Downloads\FISH DATASET\FISH DATASET\proof_frames_fish_frames_200\fish11\fish11_frame006103_front.jpg,C:\Users\shain\Downloads\FISH DATASET\FISH DATASET\proof_frames_fish_frames_200\fish11\fish11_frame006103_top_mask.png,C:\Users\shain\Downloads\FISH DATASET\FISH DATASET\proof_frames_fish_frames_200\fish11\fish11_frame006103_front_mask.png
fish11,6104,C:\Users\shain\Downloads\FISH DATASET\FISH DATASET\proof_frames_fish_frames_200\fish11\fish11_frame006104_top.jpg,C:\Users\shain\Downloads\FISH DATASET\FISH DATASET\proof_frames_fish_frames_200\fish11\fish11_frame006104_front.jpg,C:\Users\shain\Downloads\FISH DATASET\FISH DATASET\proof_frames_fish_frames_200\fish11\fish11_frame006104_top_mask.png,C:\Users\shain\Downloads\FISH DATASET\FISH DATASET\proof_frames_fish_frames_200\fish11\fish11_frame006104_front_mask.png
fish11,6105,C:\Users\shain\Downloads\FISH DATASET\FISH DATASET\proof_frames_fish_frames_200\fish11\fish11_frame006105_top.jpg,C:\Users\shain\Downloads\FISH DATASET\FISH DATASET\proof_frames_fish_frames_200\fish11\fish11_frame006105_front.jpg,C:\Users\shain\Downloads\FISH DATASET\FISH DATASET\proof_frames_fish_frames_200\fish11\fish11_frame006105_top_mask.png,C:\Users\shain\Downloads\FISH DATASET\FISH DATASET\proof_frames_fish_frames_200\fish11\fish11_frame006105_front_mask.png
fish11,6106,C:\Users\shain\Downloads\FISH DATASET\FISH DATASET\proof_frames_fish_frames_200\fish11\fish11_frame006106_top.jpg,C:\Users\shain\Downloads\FISH DATASET\FISH DATASET\proof_frames_fish_frames_200\fish11\fish11_frame006106_front.jpg,C:\Users\shain\Downloads\FISH DATASET\FISH DATASET\proof_frames_fish_frames_200\fish11\fish11_frame006106_top_mask.png,C:\Users\shain\Downloads\FISH DATASET\FISH DATASET\proof_frames_fish_frames_200\fish11\fish11_frame006106_front_mask.png
fish11,6107,C:\Users\shain\Downloads\FISH DATASET\FISH DATASET\proof_frames_fish_frames_200\fish11\fish11_frame006107_top.jpg,C:\Users\shain\Downloads\FISH DATASET\FISH DATASET\proof_frames_fish_frames_200\fish11\fish11_frame006107_front.jpg,C:\Users\shain\Downloads\FISH DATASET\FISH DATASET\proof_frames_fish_frames_200\fish11\fish11_frame006107_top_mask.png,C:\Users\shain\Downloads\FISH DATASET\FISH DATASET\proof_frames_fish_frames_200\fish11\fish11_frame006107_front_mask.png
fish11,6108,C:\Users\shain\Downloads\FISH DATASET\FISH DATASET\proof_frames_fish_frames_200\fish11\fish11_frame006108_top.jpg,C:\Users\shain\Downloads\FISH DATASET\FISH DATASET\proof_frames_fish_frames_200\fish11\fish11_frame006108_front.jpg,C:\Users\shain\Downloads\FISH DATASET\FISH DATASET\proof_frames_fish_frames_200\fish11\fish11_frame006108_top_mask.png,C:\Users\shain\Downloads\FISH DATASET\FISH DATASET\proof_frames_fish_frames_200\fish11\fish11_frame006108_front_mask.png
fish11,6109,C:\Users\shain\Downloads\FISH DATASET\FISH DATASET\proof_frames_fish_frames_200\fish11\fish11_frame006109_top.jpg,C:\Users\shain\Downloads\FISH DATASET\FISH DATASET\proof_frames_fish_frames_200\fish11\fish11_frame006109_front.jpg,C:\Users\shain\Downloads\FISH DATASET\FISH DATASET\proof_frames_fish_frames_200\fish11\fish11_frame006109_top_mask.png,C:\Users\shain\Downloads\FISH DATASET\FISH DATASET\proof_frames_fish_frames_200\fish11\fish11_frame006109_front_mask.png
fish11,6110,C:\Users\shain\Downloads\FISH DATASET\FISH DATASET\proof_frames_fish_frames_200\fish11\fish11_frame006110_top.jpg,C:\Users\shain\Downloads\FISH DATASET\FISH DATASET\proof_frames_fish_frames_200\fish11\fish11_frame006110_front.jpg,C:\Users\shain\Downloads\FISH DATASET\FISH DATASET\proof_frames_fish_frames_200\fish11\fish11_frame006110_top_mask.png,C:\Users\shain\Downloads\FISH DATASET\FISH DATASET\proof_frames_fish_frames_200\fish11\fish11_frame006110_front_mask.png
fish11,6111,C:\Users\shain\Downloads\FISH DATASET\FISH DATASET\proof_frames_fish_frames_200\fish11\fish11_frame006111_top.jpg,C:\Users\shain\Downloads\FISH DATASET\FISH DATASET\proof_frames_fish_frames_200\fish11\fish11_frame006111_front.jpg,C:\Users\shain\Downloads\FISH DATASET\FISH DATASET\proof_frames_fish_frames_200\fish11\fish11_frame006111_top_mask.png,C:\Users\shain\Downloads\FISH DATASET\FISH DATASET\proof_frames_fish_frames_200\fish11\fish11_frame006111_front_mask.png
fish11,6112,C:\Users\shain\Downloads\FISH DATASET\FISH DATASET\proof_frames_fish_frames_200\fish11\fish11_frame006112_top.jpg,C:\Users\shain\Downloads\FISH DATASET\FISH DATASET\proof_frames_fish_frames_200\fish11\fish11_frame006112_front.jpg,C:\Users\shain\Downloads\FISH DATASET\FISH DATASET\proof_frames_fish_frames_200\fish11\fish11_frame006112_top_mask.png,C:\Users\shain\Downloads\FISH DATASET\FISH DATASET\proof_frames_fish_frames_200\fish11\fish11_frame006112_front_mask.png
fish11,6113,C:\Users\shain\Downloads\FISH DATASET\FISH DATASET\proof_frames_fish_frames_200\fish11\fish11_frame006113_top.jpg,C:\Users\shain\Downloads\FISH DATASET\FISH DATASET\proof_frames_fish_frames_200\fish11\fish11_frame006113_front.jpg,C:\Users\shain\Downloads\FISH DATASET\FISH DATASET\proof_frames_fish_frames_200\fish11\fish11_frame006113_top_mask.png,C:\Users\shain\Downloads\FISH DATASET\FISH DATASET\proof_frames_fish_frames_200\fish11\fish11_frame006113_front_mask.png
fish11,6114,C:\Users\shain\Downloads\FISH DATASET\FISH DATASET\proof_frames_fish_frames_200\fish11\fish11_frame006114_top.jpg,C:\Users\shain\Downloads\FISH DATASET\FISH DATASET\proof_frames_fish_frames_200\fish11\fish11_frame006114_front.jpg,C:\Users\shain\Downloads\FISH DATASET\FISH DATASET\proof_frames_fish_frames_200\fish11\fish11_frame006114_top_mask.png,C:\Users\shain\Downloads\FISH DATASET\FISH DATASET\proof_frames_fish_frames_200\fish11\fish11_frame006114_front_mask.png
fish11,6115,C:\Users\shain\Downloads\FISH DATASET\FISH DATASET\proof_frames_fish_frames_200\fish11\fish11_frame006115_top.jpg,C:\Users\shain\Downloads\FISH DATASET\FISH DATASET\proof_frames_fish_frames_200\fish11\fish11_frame006115_front.jpg,C:\Users\shain\Downloads\FISH DATASET\FISH DATASET\proof_frames_fish_frames_200\fish11\fish11_frame006115_top_mask.png,C:\Users\shain\Downloads\FISH DATASET\FISH DATASET\proof_frames_fish_frames_200\fish11\fish11_frame006115_front_mask.png
fish11,6116,C:\Users\shain\Downloads\FISH DATASET\FISH DATASET\proof_frames_fish_frames_200\fish11\fish11_frame006116_top.jpg,C:\Users\shain\Downloads\FISH DATASET\FISH DATASET\proof_frames_fish_frames_200\fish11\fish11_frame006116_front.jpg,C:\Users\shain\Downloads\FISH DATASET\FISH DATASET\proof_frames_fish_frames_200\fish11\fish11_frame006116_top_mask.png,C:\Users\shain\Downloads\FISH DATASET\FISH DATASET\proof_frames_fish_frames_200\fish11\fish11_frame006116_front_mask.png
fish11,6117,C:\Users\shain\Downloads\FISH DATASET\FISH DATASET\proof_frames_fish_frames_200\fish11\fish11_frame006117_top.jpg,C:\Users\shain\Downloads\FISH DATASET\FISH DATASET\proof_frames_fish_frames_200\fish11\fish11_frame006117_front.jpg,C:\Users\shain\Downloads\FISH DATASET\FISH DATASET\proof_frames_fish_frames_200\fish11\fish11_frame006117_top_mask.png,C:\Users\shain\Downloads\FISH DATASET\FISH DATASET\proof_frames_fish_frames_200\fish11\fish11_frame006117_front_mask.png
fish11,6127,C:\Users\shain\Downloads\FISH DATASET\FISH DATASET\proof_frames_fish_frames_200\fish11\fish11_frame006127_top.jpg,C:\Users\shain\Downloads\FISH DATASET\FISH DATASET\proof_frames_fish_frames_200\fish11\fish11_frame006127_front.jpg,C:\Users\shain\Downloads\FISH DATASET\FISH DATASET\proof_frames_fish_frames_200\fish11\fish11_frame006127_top_mask.png,C:\Users\shain\Downloads\FISH DATASET\FISH DATASET\proof_frames_fish_frames_200\fish11\fish11_frame006127_front_mask.png
fish11,6143,C:\Users\shain\Downloads\FISH DATASET\FISH DATASET\proof_frames_fish_frames_200\fish11\fish11_frame006143_top.jpg,C:\Users\shain\Downloads\FISH DATASET\FISH DATASET\proof_frames_fish_frames_200\fish11\fish11_frame006143_front.jpg,C:\Users\shain\Downloads\FISH DATASET\FISH DATASET\proof_frames_fish_frames_200\fish11\fish11_frame006143_top_mask.png,C:\Users\shain\Downloads\FISH DATASET\FISH DATASET\proof_frames_fish_frames_200\fish11\fish11_frame006143_front_mask.png
fish11,6146,C:\Users\shain\Downloads\FISH DATASET\FISH DATASET\proof_frames_fish_frames_200\fish11\fish11_frame006146_top.jpg,C:\Users\shain\Downloads\FISH DATASET\FISH DATASET\proof_frames_fish_frames_200\fish11\fish11_frame006146_front.jpg,C:\Users\shain\Downloads\FISH DATASET\FISH DATASET\proof_frames_fish_frames_200\fish11\fish11_frame006146_top_mask.png,C:\Users\shain\Downloads\FISH DATASET\FISH DATASET\proof_frames_fish_frames_200\fish11\fish11_frame006146_front_mask.png
fish11,6147,C:\Users\shain\Downloads\FISH DATASET\FISH DATASET\proof_frames_fish_frames_200\fish11\fish11_frame006147_top.jpg,C:\Users\shain\Downloads\FISH DATASET\FISH DATASET\proof_frames_fish_frames_200\fish11\fish11_frame006147_front.jpg,C:\Users\shain\Downloads\FISH DATASET\FISH DATASET\proof_frames_fish_frames_200\fish11\fish11_frame006147_top_mask.png,C:\Users\shain\Downloads\FISH DATASET\FISH DATASET\proof_frames_fish_frames_200\fish11\fish11_frame006147_front_mask.png
fish11,6148,C:\Users\shain\Downloads\FISH DATASET\FISH DATASET\proof_frames_fish_frames_200\fish11\fish11_frame006148_top.jpg,C:\Users\shain\Downloads\FISH DATASET\FISH DATASET\proof_frames_fish_frames_200\fish11\fish11_frame006148_front.jpg,C:\Users\shain\Downloads\FISH DATASET\FISH DATASET\proof_frames_fish_frames_200\fish11\fish11_frame006148_top_mask.png,C:\Users\shain\Downloads\FISH DATASET\FISH DATASET\proof_frames_fish_frames_200\fish11\fish11_frame006148_front_mask.png
fish11,6149,C:\Users\shain\Downloads\FISH DATASET\FISH DATASET\proof_frames_fish_frames_200\fish11\fish11_frame006149_top.jpg,C:\Users\shain\Downloads\FISH DATASET\FISH DATASET\proof_frames_fish_frames_200\fish11\fish11_frame006149_front.jpg,C:\Users\shain\Downloads\FISH DATASET\FISH DATASET\proof_frames_fish_frames_200\fish11\fish11_frame006149_top_mask.png,C:\Users\shain\Downloads\FISH DATASET\FISH DATASET\proof_frames_fish_frames_200\fish11\fish11_frame006149_front_mask.png
fish11,6150,C:\Users\shain\Downloads\FISH DATASET\FISH DATASET\proof_frames_fish_frames_200\fish11\fish11_frame006150_top.jpg,C:\Users\shain\Downloads\FISH DATASET\FISH DATASET\proof_frames_fish_frames_200\fish11\fish11_frame006150_front.jpg,C:\Users\shain\Downloads\FISH DATASET\FISH DATASET\proof_frames_fish_frames_200\fish11\fish11_frame006150_top_mask.png,C:\Users\shain\Downloads\FISH DATASET\FISH DATASET\proof_frames_fish_frames_200\fish11\fish11_frame006150_front_mask.png
fish11,6151,C:\Users\shain\Downloads\FISH DATASET\FISH DATASET\proof_frames_fish_frames_200\fish11\fish11_frame006151_top.jpg,C:\Users\shain\Downloads\FISH DATASET\FISH DATASET\proof_frames_fish_frames_200\fish11\fish11_frame006151_front.jpg,C:\Users\shain\Downloads\FISH DATASET\FISH DATASET\proof_frames_fish_frames_200\fish11\fish11_frame006151_top_mask.png,C:\Users\shain\Downloads\FISH DATASET\FISH DATASET\proof_frames_fish_frames_200\fish11\fish11_frame006151_front_mask.png
fish11,6152,C:\Users\shain\Downloads\FISH DATASET\FISH DATASET\proof_frames_fish_frames_200\fish11\fish11_frame006152_top.jpg,C:\Users\shain\Downloads\FISH DATASET\FISH DATASET\proof_frames_fish_frames_200\fish11\fish11_frame006152_front.jpg,C:\Users\shain\Downloads\FISH DATASET\FISH DATASET\proof_frames_fish_frames_200\fish11\fish11_frame006152_top_mask.png,C:\Users\shain\Downloads\FISH DATASET\FISH DATASET\proof_frames_fish_frames_200\fish11\fish11_frame006152_front_mask.png
fish11,6153,C:\Users\shain\Downloads\FISH DATASET\FISH DATASET\proof_frames_fish_frames_200\fish11\fish11_frame006153_top.jpg,C:\Users\shain\Downloads\FISH DATASET\FISH DATASET\proof_frames_fish_frames_200\fish11\fish11_frame006153_front.jpg,C:\Users\shain\Downloads\FISH DATASET\FISH DATASET\proof_frames_fish_frames_200\fish11\fish11_frame006153_top_mask.png,C:\Users\shain\Downloads\FISH DATASET\FISH DATASET\proof_frames_fish_frames_200\fish11\fish11_frame006153_front_mask.png
fish11,6154,C:\Users\shain\Downloads\FISH DATASET\FISH DATASET\proof_frames_fish_frames_200\fish11\fish11_frame006154_top.jpg,C:\Users\shain\Downloads\FISH DATASET\FISH DATASET\proof_frames_fish_frames_200\fish11\fish11_frame006154_front.jpg,C:\Users\shain\Downloads\FISH DATASET\FISH DATASET\proof_frames_fish_frames_200\fish11\fish11_frame006154_top_mask.png,C:\Users\shain\Downloads\FISH DATASET\FISH DATASET\proof_frames_fish_frames_200\fish11\fish11_frame006154_front_mask.png
fish11,6155,C:\Users\shain\Downloads\FISH DATASET\FISH DATASET\proof_frames_fish_frames_200\fish11\fish11_frame006155_top.jpg,C:\Users\shain\Downloads\FISH DATASET\FISH DATASET\proof_frames_fish_frames_200\fish11\fish11_frame006155_front.jpg,C:\Users\shain\Downloads\FISH DATASET\FISH DATASET\proof_frames_fish_frames_200\fish11\fish11_frame006155_top_mask.png,C:\Users\shain\Downloads\FISH DATASET\FISH DATASET\proof_frames_fish_frames_200\fish11\fish11_frame006155_front_mask.png
fish11,6156,C:\Users\shain\Downloads\FISH DATASET\FISH DATASET\proof_frames_fish_frames_200\fish11\fish11_frame006156_top.jpg,C:\Users\shain\Downloads\FISH DATASET\FISH DATASET\proof_frames_fish_frames_200\fish11\fish11_frame006156_front.jpg,C:\Users\shain\Downloads\FISH DATASET\FISH DATASET\proof_frames_fish_frames_200\fish11\fish11_frame006156_top_mask.png,C:\Users\shain\Downloads\FISH DATASET\FISH DATASET\proof_frames_fish_frames_200\fish11\fish11_frame006156_front_mask.png
fish11,6157,C:\Users\shain\Downloads\FISH DATASET\FISH DATASET\proof_frames_fish_frames_200\fish11\fish11_frame006157_top.jpg,C:\Users\shain\Downloads\FISH DATASET\FISH DATASET\proof_frames_fish_frames_200\fish11\fish11_frame006157_front.jpg,C:\Users\shain\Downloads\FISH DATASET\FISH DATASET\proof_frames_fish_frames_200\fish11\fish11_frame006157_top_mask.png,C:\Users\shain\Downloads\FISH DATASET\FISH DATASET\proof_frames_fish_frames_200\fish11\fish11_frame006157_front_mask.png
fish11,6158,C:\Users\shain\Downloads\FISH DATASET\FISH DATASET\proof_frames_fish_frames_200\fish11\fish11_frame006158_top.jpg,C:\Users\shain\Downloads\FISH DATASET\FISH DATASET\proof_frames_fish_frames_200\fish11\fish11_frame006158_front.jpg,C:\Users\shain\Downloads\FISH DATASET\FISH DATASET\proof_frames_fish_frames_200\fish11\fish11_frame006158_top_mask.png,C:\Users\shain\Downloads\FISH DATASET\FISH DATASET\proof_frames_fish_frames_200\fish11\fish11_frame006158_front_mask.png
fish11,6159,C:\Users\shain\Downloads\FISH DATASET\FISH DATASET\proof_frames_fish_frames_200\fish11\fish11_frame006159_top.jpg,C:\Users\shain\Downloads\FISH DATASET\FISH DATASET\proof_frames_fish_frames_200\fish11\fish11_frame006159_front.jpg,C:\Users\shain\Downloads\FISH DATASET\FISH DATASET\proof_frames_fish_frames_200\fish11\fish11_frame006159_top_mask.png,C:\Users\shain\Downloads\FISH DATASET\FISH DATASET\proof_frames_fish_frames_200\fish11\fish11_frame006159_front_mask.png
fish11,6160,C:\Users\shain\Downloads\FISH DATASET\FISH DATASET\proof_frames_fish_frames_200\fish11\fish11_frame006160_top.jpg,C:\Users\shain\Downloads\FISH DATASET\FISH DATASET\proof_frames_fish_frames_200\fish11\fish11_frame006160_front.jpg,C:\Users\shain\Downloads\FISH DATASET\FISH DATASET\proof_frames_fish_frames_200\fish11\fish11_frame006160_top_mask.png,C:\Users\shain\Downloads\FISH DATASET\FISH DATASET\proof_frames_fish_frames_200\fish11\fish11_frame006160_front_mask.png
fish11,6161,C:\Users\shain\Downloads\FISH DATASET\FISH DATASET\proof_frames_fish_frames_200\fish11\fish11_frame006161_top.jpg,C:\Users\shain\Downloads\FISH DATASET\FISH DATASET\proof_frames_fish_frames_200\fish11\fish11_frame006161_front.jpg,C:\Users\shain\Downloads\FISH DATASET\FISH DATASET\proof_frames_fish_frames_200\fish11\fish11_frame006161_top_mask.png,C:\Users\shain\Downloads\FISH DATASET\FISH DATASET\proof_frames_fish_frames_200\fish11\fish11_frame006161_front_mask.png
fish11,6162,C:\Users\shain\Downloads\FISH DATASET\FISH DATASET\proof_frames_fish_frames_200\fish11\fish11_frame006162_top.jpg,C:\Users\shain\Downloads\FISH DATASET\FISH DATASET\proof_frames_fish_frames_200\fish11\fish11_frame006162_front.jpg,C:\Users\shain\Downloads\FISH DATASET\FISH DATASET\proof_frames_fish_frames_200\fish11\fish11_frame006162_top_mask.png,C:\Users\shain\Downloads\FISH DATASET\FISH DATASET\proof_frames_fish_frames_200\fish11\fish11_frame006162_front_mask.png
fish11,6163,C:\Users\shain\Downloads\FISH DATASET\FISH DATASET\proof_frames_fish_frames_200\fish11\fish11_frame006163_top.jpg,C:\Users\shain\Downloads\FISH DATASET\FISH DATASET\proof_frames_fish_frames_200\fish11\fish11_frame006163_front.jpg,C:\Users\shain\Downloads\FISH DATASET\FISH DATASET\proof_frames_fish_frames_200\fish11\fish11_frame006163_top_mask.png,C:\Users\shain\Downloads\FISH DATASET\FISH DATASET\proof_frames_fish_frames_200\fish11\fish11_frame006163_front_mask.png
fish11,6164,C:\Users\shain\Downloads\FISH DATASET\FISH DATASET\proof_frames_fish_frames_200\fish11\fish11_frame006164_top.jpg,C:\Users\shain\Downloads\FISH DATASET\FISH DATASET\proof_frames_fish_frames_200\fish11\fish11_frame006164_front.jpg,C:\Users\shain\Downloads\FISH DATASET\FISH DATASET\proof_frames_fish_frames_200\fish11\fish11_frame006164_top_mask.png,C:\Users\shain\Downloads\FISH DATASET\FISH DATASET\proof_frames_fish_frames_200\fish11\fish11_frame006164_front_mask.png
fish11,6165,C:\Users\shain\Downloads\FISH DATASET\FISH DATASET\proof_frames_fish_frames_200\fish11\fish11_frame006165_top.jpg,C:\Users\shain\Downloads\FISH DATASET\FISH DATASET\proof_frames_fish_frames_200\fish11\fish11_frame006165_front.jpg,C:\Users\shain\Downloads\FISH DATASET\FISH DATASET\proof_frames_fish_frames_200\fish11\fish11_frame006165_top_mask.png,C:\Users\shain\Downloads\FISH DATASET\FISH DATASET\proof_frames_fish_frames_200\fish11\fish11_frame006165_front_mask.png
fish11,6166,C:\Users\shain\Downloads\FISH DATASET\FISH DATASET\proof_frames_fish_frames_200\fish11\fish11_frame006166_top.jpg,C:\Users\shain\Downloads\FISH DATASET\FISH DATASET\proof_frames_fish_frames_200\fish11\fish11_frame006166_front.jpg,C:\Users\shain\Downloads\FISH DATASET\FISH DATASET\proof_frames_fish_frames_200\fish11\fish11_frame006166_top_mask.png,C:\Users\shain\Downloads\FISH DATASET\FISH DATASET\proof_frames_fish_frames_200\fish11\fish11_frame006166_front_mask.png
fish11,6167,C:\Users\shain\Downloads\FISH DATASET\FISH DATASET\proof_frames_fish_frames_200\fish11\fish11_frame006167_top.jpg,C:\Users\shain\Downloads\FISH DATASET\FISH DATASET\proof_frames_fish_frames_200\fish11\fish11_frame006167_front.jpg,C:\Users\shain\Downloads\FISH DATASET\FISH DATASET\proof_frames_fish_frames_200\fish11\fish11_frame006167_top_mask.png,C:\Users\shain\Downloads\FISH DATASET\FISH DATASET\proof_frames_fish_frames_200\fish11\fish11_frame006167_front_mask.png
fish11,6168,C:\Users\shain\Downloads\FISH DATASET\FISH DATASET\proof_frames_fish_frames_200\fish11\fish11_frame006168_top.jpg,C:\Users\shain\Downloads\FISH DATASET\FISH DATASET\proof_frames_fish_frames_200\fish11\fish11_frame006168_front.jpg,C:\Users\shain\Downloads\FISH DATASET\FISH DATASET\proof_frames_fish_frames_200\fish11\fish11_frame006168_top_mask.png,C:\Users\shain\Downloads\FISH DATASET\FISH DATASET\proof_frames_fish_frames_200\fish11\fish11_frame006168_front_mask.png
fish11,6169,C:\Users\shain\Downloads\FISH DATASET\FISH DATASET\proof_frames_fish_frames_200\fish11\fish11_frame006169_top.jpg,C:\Users\shain\Downloads\FISH DATASET\FISH DATASET\proof_frames_fish_frames_200\fish11\fish11_frame006169_front.jpg,C:\Users\shain\Downloads\FISH DATASET\FISH DATASET\proof_frames_fish_frames_200\fish11\fish11_frame006169_top_mask.png,C:\Users\shain\Downloads\FISH DATASET\FISH DATASET\proof_frames_fish_frames_200\fish11\fish11_frame006169_front_mask.png
fish11,6170,C:\Users\shain\Downloads\FISH DATASET\FISH DATASET\proof_frames_fish_frames_200\fish11\fish11_frame006170_top.jpg,C:\Users\shain\Downloads\FISH DATASET\FISH DATASET\proof_frames_fish_frames_200\fish11\fish11_frame006170_front.jpg,C:\Users\shain\Downloads\FISH DATASET\FISH DATASET\proof_frames_fish_frames_200\fish11\fish11_frame006170_top_mask.png,C:\Users\shain\Downloads\FISH DATASET\FISH DATASET\proof_frames_fish_frames_200\fish11\fish11_frame006170_front_mask.png
fish11,6171,C:\Users\shain\Downloads\FISH DATASET\FISH DATASET\proof_frames_fish_frames_200\fish11\fish11_frame006171_top.jpg,C:\Users\shain\Downloads\FISH DATASET\FISH DATASET\proof_frames_fish_frames_200\fish11\fish11_frame006171_front.jpg,C:\Users\shain\Downloads\FISH DATASET\FISH DATASET\proof_frames_fish_frames_200\fish11\fish11_frame006171_top_mask.png,C:\Users\shain\Downloads\FISH DATASET\FISH DATASET\proof_frames_fish_frames_200\fish11\fish11_frame006171_front_mask.png
fish11,6172,C:\Users\shain\Downloads\FISH DATASET\FISH DATASET\proof_frames_fish_frames_200\fish11\fish11_frame006172_top.jpg,C:\Users\shain\Downloads\FISH DATASET\FISH DATASET\proof_frames_fish_frames_200\fish11\fish11_frame006172_front.jpg,C:\Users\shain\Downloads\FISH DATASET\FISH DATASET\proof_frames_fish_frames_200\fish11\fish11_frame006172_top_mask.png,C:\Users\shain\Downloads\FISH DATASET\FISH DATASET\proof_frames_fish_frames_200\fish11\fish11_frame006172_front_mask.png
fish11,6173,C:\Users\shain\Downloads\FISH DATASET\FISH DATASET\proof_frames_fish_frames_200\fish11\fish11_frame006173_top.jpg,C:\Users\shain\Downloads\FISH DATASET\FISH DATASET\proof_frames_fish_frames_200\fish11\fish11_frame006173_front.jpg,C:\Users\shain\Downloads\FISH DATASET\FISH DATASET\proof_frames_fish_frames_200\fish11\fish11_frame006173_top_mask.png,C:\Users\shain\Downloads\FISH DATASET\FISH DATASET\proof_frames_fish_frames_200\fish11\fish11_frame006173_front_mask.png
fish11,6174,C:\Users\shain\Downloads\FISH DATASET\FISH DATASET\proof_frames_fish_frames_200\fish11\fish11_frame006174_top.jpg,C:\Users\shain\Downloads\FISH DATASET\FISH DATASET\proof_frames_fish_frames_200\fish11\fish11_frame006174_front.jpg,C:\Users\shain\Downloads\FISH DATASET\FISH DATASET\proof_frames_fish_frames_200\fish11\fish11_frame006174_top_mask.png,C:\Users\shain\Downloads\FISH DATASET\FISH DATASET\proof_frames_fish_frames_200\fish11\fish11_frame006174_front_mask.png
fish11,6176,C:\Users\shain\Downloads\FISH DATASET\FISH DATASET\proof_frames_fish_frames_200\fish11\fish11_frame006176_top.jpg,C:\Users\shain\Downloads\FISH DATASET\FISH DATASET\proof_frames_fish_frames_200\fish11\fish11_frame006176_front.jpg,C:\Users\shain\Downloads\FISH DATASET\FISH DATASET\proof_frames_fish_frames_200\fish11\fish11_frame006176_top_mask.png,C:\Users\shain\Downloads\FISH DATASET\FISH DATASET\proof_frames_fish_frames_200\fish11\fish11_frame006176_front_mask.png
fish11,6177,C:\Users\shain\Downloads\FISH DATASET\FISH DATASET\proof_frames_fish_frames_200\fish11\fish11_frame006177_top.jpg,C:\Users\shain\Downloads\FISH DATASET\FISH DATASET\proof_frames_fish_frames_200\fish11\fish11_frame006177_front.jpg,C:\Users\shain\Downloads\FISH DATASET\FISH DATASET\proof_frames_fish_frames_200\fish11\fish11_frame006177_top_mask.png,C:\Users\shain\Downloads\FISH DATASET\FISH DATASET\proof_frames_fish_frames_200\fish11\fish11_frame006177_front_mask.png
fish11,6178,C:\Users\shain\Downloads\FISH DATASET\FISH DATASET\proof_frames_fish_frames_200\fish11\fish11_frame006178_top.jpg,C:\Users\shain\Downloads\FISH DATASET\FISH DATASET\proof_frames_fish_frames_200\fish11\fish11_frame006178_front.jpg,C:\Users\shain\Downloads\FISH DATASET\FISH DATASET\proof_frames_fish_frames_200\fish11\fish11_frame006178_top_mask.png,C:\Users\shain\Downloads\FISH DATASET\FISH DATASET\proof_frames_fish_frames_200\fish11\fish11_frame006178_front_mask.png
fish11,6179,C:\Users\shain\Downloads\FISH DATASET\FISH DATASET\proof_frames_fish_frames_200\fish11\fish11_frame006179_top.jpg,C:\Users\shain\Downloads\FISH DATASET\FISH DATASET\proof_frames_fish_frames_200\fish11\fish11_frame006179_front.jpg,C:\Users\shain\Downloads\FISH DATASET\FISH DATASET\proof_frames_fish_frames_200\fish11\fish11_frame006179_top_mask.png,C:\Users\shain\Downloads\FISH DATASET\FISH DATASET\proof_frames_fish_frames_200\fish11\fish11_frame006179_front_mask.png
fish11,6180,C:\Users\shain\Downloads\FISH DATASET\FISH DATASET\proof_frames_fish_frames_200\fish11\fish11_frame006180_top.jpg,C:\Users\shain\Downloads\FISH DATASET\FISH DATASET\proof_frames_fish_frames_200\fish11\fish11_frame006180_front.jpg,C:\Users\shain\Downloads\FISH DATASET\FISH DATASET\proof_frames_fish_frames_200\fish11\fish11_frame006180_top_mask.png,C:\Users\shain\Downloads\FISH DATASET\FISH DATASET\proof_frames_fish_frames_200\fish11\fish11_frame006180_front_mask.png
fish11,6181,C:\Users\shain\Downloads\FISH DATASET\FISH DATASET\proof_frames_fish_frames_200\fish11\fish11_frame006181_top.jpg,C:\Users\shain\Downloads\FISH DATASET\FISH DATASET\proof_frames_fish_frames_200\fish11\fish11_frame006181_front.jpg,C:\Users\shain\Downloads\FISH DATASET\FISH DATASET\proof_frames_fish_frames_200\fish11\fish11_frame006181_top_mask.png,C:\Users\shain\Downloads\FISH DATASET\FISH DATASET\proof_frames_fish_frames_200\fish11\fish11_frame006181_front_mask.png
fish11,6182,C:\Users\shain\Downloads\FISH DATASET\FISH DATASET\proof_frames_fish_frames_200\fish11\fish11_frame006182_top.jpg,C:\Users\shain\Downloads\FISH DATASET\FISH DATASET\proof_frames_fish_frames_200\fish11\fish11_frame006182_front.jpg,C:\Users\shain\Downloads\FISH DATASET\FISH DATASET\proof_frames_fish_frames_200\fish11\fish11_frame006182_top_mask.png,C:\Users\shain\Downloads\FISH DATASET\FISH DATASET\proof_frames_fish_frames_200\fish11\fish11_frame006182_front_mask.png
fish11,6183,C:\Users\shain\Downloads\FISH DATASET\FISH DATASET\proof_frames_fish_frames_200\fish11\fish11_frame006183_top.jpg,C:\Users\shain\Downloads\FISH DATASET\FISH DATASET\proof_frames_fish_frames_200\fish11\fish11_frame006183_front.jpg,C:\Users\shain\Downloads\FISH DATASET\FISH DATASET\proof_frames_fish_frames_200\fish11\fish11_frame006183_top_mask.png,C:\Users\shain\Downloads\FISH DATASET\FISH DATASET\proof_frames_fish_frames_200\fish11\fish11_frame006183_front_mask.png
fish11,6184,C:\Users\shain\Downloads\FISH DATASET\FISH DATASET\proof_frames_fish_frames_200\fish11\fish11_frame006184_top.jpg,C:\Users\shain\Downloads\FISH DATASET\FISH DATASET\proof_frames_fish_frames_200\fish11\fish11_frame006184_front.jpg,C:\Users\shain\Downloads\FISH DATASET\FISH DATASET\proof_frames_fish_frames_200\fish11\fish11_frame006184_top_mask.png,C:\Users\shain\Downloads\FISH DATASET\FISH DATASET\proof_frames_fish_frames_200\fish11\fish11_frame006184_front_mask.png
fish11,6185,C:\Users\shain\Downloads\FISH DATASET\FISH DATASET\proof_frames_fish_frames_200\fish11\fish11_frame006185_top.jpg,C:\Users\shain\Downloads\FISH DATASET\FISH DATASET\proof_frames_fish_frames_200\fish11\fish11_frame006185_front.jpg,C:\Users\shain\Downloads\FISH DATASET\FISH DATASET\proof_frames_fish_frames_200\fish11\fish11_frame006185_top_mask.png,C:\Users\shain\Downloads\FISH DATASET\FISH DATASET\proof_frames_fish_frames_200\fish11\fish11_frame006185_front_mask.png
fish11,6186,C:\Users\shain\Downloads\FISH DATASET\FISH DATASET\proof_frames_fish_frames_200\fish11\fish11_frame006186_top.jpg,C:\Users\shain\Downloads\FISH DATASET\FISH DATASET\proof_frames_fish_frames_200\fish11\fish11_frame006186_front.jpg,C:\Users\shain\Downloads\FISH DATASET\FISH DATASET\proof_frames_fish_frames_200\fish11\fish11_frame006186_top_mask.png,C:\Users\shain\Downloads\FISH DATASET\FISH DATASET\proof_frames_fish_frames_200\fish11\fish11_frame006186_front_mask.png
fish11,6187,C:\Users\shain\Downloads\FISH DATASET\FISH DATASET\proof_frames_fish_frames_200\fish11\fish11_frame006187_top.jpg,C:\Users\shain\Downloads\FISH DATASET\FISH DATASET\proof_frames_fish_frames_200\fish11\fish11_frame006187_front.jpg,C:\Users\shain\Downloads\FISH DATASET\FISH DATASET\proof_frames_fish_frames_200\fish11\fish11_frame006187_top_mask.png,C:\Users\shain\Downloads\FISH DATASET\FISH DATASET\proof_frames_fish_frames_200\fish11\fish11_frame006187_front_mask.png
fish11,6188,C:\Users\shain\Downloads\FISH DATASET\FISH DATASET\proof_frames_fish_frames_200\fish11\fish11_frame006188_top.jpg,C:\Users\shain\Downloads\FISH DATASET\FISH DATASET\proof_frames_fish_frames_200\fish11\fish11_frame006188_front.jpg,C:\Users\shain\Downloads\FISH DATASET\FISH DATASET\proof_frames_fish_frames_200\fish11\fish11_frame006188_top_mask.png,C:\Users\shain\Downloads\FISH DATASET\FISH DATASET\proof_frames_fish_frames_200\fish11\fish11_frame006188_front_mask.png
fish11,6189,C:\Users\shain\Downloads\FISH DATASET\FISH DATASET\proof_frames_fish_frames_200\fish11\fish11_frame006189_top.jpg,C:\Users\shain\Downloads\FISH DATASET\FISH DATASET\proof_frames_fish_frames_200\fish11\fish11_frame006189_front.jpg,C:\Users\shain\Downloads\FISH DATASET\FISH DATASET\proof_frames_fish_frames_200\fish11\fish11_frame006189_top_mask.png,C:\Users\shain\Downloads\FISH DATASET\FISH DATASET\proof_frames_fish_frames_200\fish11\fish11_frame006189_front_mask.png
fish11,6190,C:\Users\shain\Downloads\FISH DATASET\FISH DATASET\proof_frames_fish_frames_200\fish11\fish11_frame006190_top.jpg,C:\Users\shain\Downloads\FISH DATASET\FISH DATASET\proof_frames_fish_frames_200\fish11\fish11_frame006190_front.jpg,C:\Users\shain\Downloads\FISH DATASET\FISH DATASET\proof_frames_fish_frames_200\fish11\fish11_frame006190_top_mask.png,C:\Users\shain\Downloads\FISH DATASET\FISH DATASET\proof_frames_fish_frames_200\fish11\fish11_frame006190_front_mask.png
fish11,6191,C:\Users\shain\Downloads\FISH DATASET\FISH DATASET\proof_frames_fish_frames_200\fish11\fish11_frame006191_top.jpg,C:\Users\shain\Downloads\FISH DATASET\FISH DATASET\proof_frames_fish_frames_200\fish11\fish11_frame006191_front.jpg,C:\Users\shain\Downloads\FISH DATASET\FISH DATASET\proof_frames_fish_frames_200\fish11\fish11_frame006191_top_mask.png,C:\Users\shain\Downloads\FISH DATASET\FISH DATASET\proof_frames_fish_frames_200\fish11\fish11_frame006191_front_mask.png
fish11,6192,C:\Users\shain\Downloads\FISH DATASET\FISH DATASET\proof_frames_fish_frames_200\fish11\fish11_frame006192_top.jpg,C:\Users\shain\Downloads\FISH DATASET\FISH DATASET\proof_frames_fish_frames_200\fish11\fish11_frame006192_front.jpg,C:\Users\shain\Downloads\FISH DATASET\FISH DATASET\proof_frames_fish_frames_200\fish11\fish11_frame006192_top_mask.png,C:\Users\shain\Downloads\FISH DATASET\FISH DATASET\proof_frames_fish_frames_200\fish11\fish11_frame006192_front_mask.png
fish11,6193,C:\Users\shain\Downloads\FISH DATASET\FISH DATASET\proof_frames_fish_frames_200\fish11\fish11_frame006193_top.jpg,C:\Users\shain\Downloads\FISH DATASET\FISH DATASET\proof_frames_fish_frames_200\fish11\fish11_frame006193_front.jpg,C:\Users\shain\Downloads\FISH DATASET\FISH DATASET\proof_frames_fish_frames_200\fish11\fish11_frame006193_top_mask.png,C:\Users\shain\Downloads\FISH DATASET\FISH DATASET\proof_frames_fish_frames_200\fish11\fish11_frame006193_front_mask.png
fish11,6194,C:\Users\shain\Downloads\FISH DATASET\FISH DATASET\proof_frames_fish_frames_200\fish11\fish11_frame006194_top.jpg,C:\Users\shain\Downloads\FISH DATASET\FISH DATASET\proof_frames_fish_frames_200\fish11\fish11_frame006194_front.jpg,C:\Users\shain\Downloads\FISH DATASET\FISH DATASET\proof_frames_fish_frames_200\fish11\fish11_frame006194_top_mask.png,C:\Users\shain\Downloads\FISH DATASET\FISH DATASET\proof_frames_fish_frames_200\fish11\fish11_frame006194_front_mask.png
fish11,6195,C:\Users\shain\Downloads\FISH DATASET\FISH DATASET\proof_frames_fish_frames_200\fish11\fish11_frame006195_top.jpg,C:\Users\shain\Downloads\FISH DATASET\FISH DATASET\proof_frames_fish_frames_200\fish11\fish11_frame006195_front.jpg,C:\Users\shain\Downloads\FISH DATASET\FISH DATASET\proof_frames_fish_frames_200\fish11\fish11_frame006195_top_mask.png,C:\Users\shain\Downloads\FISH DATASET\FISH DATASET\proof_frames_fish_frames_200\fish11\fish11_frame006195_front_mask.png
fish11,6196,C:\Users\shain\Downloads\FISH DATASET\FISH DATASET\proof_frames_fish_frames_200\fish11\fish11_frame006196_top.jpg,C:\Users\shain\Downloads\FISH DATASET\FISH DATASET\proof_frames_fish_frames_200\fish11\fish11_frame006196_front.jpg,C:\Users\shain\Downloads\FISH DATASET\FISH DATASET\proof_frames_fish_frames_200\fish11\fish11_frame006196_top_mask.png,C:\Users\shain\Downloads\FISH DATASET\FISH DATASET\proof_frames_fish_frames_200\fish11\fish11_frame006196_front_mask.png
fish11,6197,C:\Users\shain\Downloads\FISH DATASET\FISH DATASET\proof_frames_fish_frames_200\fish11\fish11_frame006197_top.jpg,C:\Users\shain\Downloads\FISH DATASET\FISH DATASET\proof_frames_fish_frames_200\fish11\fish11_frame006197_front.jpg,C:\Users\shain\Downloads\FISH DATASET\FISH DATASET\proof_frames_fish_frames_200\fish11\fish11_frame006197_top_mask.png,C:\Users\shain\Downloads\FISH DATASET\FISH DATASET\proof_frames_fish_frames_200\fish11\fish11_frame006197_front_mask.png
fish11,6198,C:\Users\shain\Downloads\FISH DATASET\FISH DATASET\proof_frames_fish_frames_200\fish11\fish11_frame006198_top.jpg,C:\Users\shain\Downloads\FISH DATASET\FISH DATASET\proof_frames_fish_frames_200\fish11\fish11_frame006198_front.jpg,C:\Users\shain\Downloads\FISH DATASET\FISH DATASET\proof_frames_fish_frames_200\fish11\fish11_frame006198_top_mask.png,C:\Users\shain\Downloads\FISH DATASET\FISH DATASET\proof_frames_fish_frames_200\fish11\fish11_frame006198_front_mask.png
fish11,6199,C:\Users\shain\Downloads\FISH DATASET\FISH DATASET\proof_frames_fish_frames_200\fish11\fish11_frame006199_top.jpg,C:\Users\shain\Downloads\FISH DATASET\FISH DATASET\proof_frames_fish_frames_200\fish11\fish11_frame006199_front.jpg,C:\Users\shain\Downloads\FISH DATASET\FISH DATASET\proof_frames_fish_frames_200\fish11\fish11_frame006199_top_mask.png,C:\Users\shain\Downloads\FISH DATASET\FISH DATASET\proof_frames_fish_frames_200\fish11\fish11_frame006199_front_mask.png
fish11,6200,C:\Users\shain\Downloads\FISH DATASET\FISH DATASET\proof_frames_fish_frames_200\fish11\fish11_frame006200_top.jpg,C:\Users\shain\Downloads\FISH DATASET\FISH DATASET\proof_frames_fish_frames_200\fish11\fish11_frame006200_front.jpg,C:\Users\shain\Downloads\FISH DATASET\FISH DATASET\proof_frames_fish_frames_200\fish11\fish11_frame006200_top_mask.png,C:\Users\shain\Downloads\FISH DATASET\FISH DATASET\proof_frames_fish_frames_200\fish11\fish11_frame006200_front_mask.png
fish11,6201,C:\Users\shain\Downloads\FISH DATASET\FISH DATASET\proof_frames_fish_frames_200\fish11\fish11_frame006201_top.jpg,C:\Users\shain\Downloads\FISH DATASET\FISH DATASET\proof_frames_fish_frames_200\fish11\fish11_frame006201_front.jpg,C:\Users\shain\Downloads\FISH DATASET\FISH DATASET\proof_frames_fish_frames_200\fish11\fish11_frame006201_top_mask.png,C:\Users\shain\Downloads\FISH DATASET\FISH DATASET\proof_frames_fish_frames_200\fish11\fish11_frame006201_front_mask.png
fish11,6202,C:\Users\shain\Downloads\FISH DATASET\FISH DATASET\proof_frames_fish_frames_200\fish11\fish11_frame006202_top.jpg,C:\Users\shain\Downloads\FISH DATASET\FISH DATASET\proof_frames_fish_frames_200\fish11\fish11_frame006202_front.jpg,C:\Users\shain\Downloads\FISH DATASET\FISH DATASET\proof_frames_fish_frames_200\fish11\fish11_frame006202_top_mask.png,C:\Users\shain\Downloads\FISH DATASET\FISH DATASET\proof_frames_fish_frames_200\fish11\fish11_frame006202_front_mask.png
fish11,6203,C:\Users\shain\Downloads\FISH DATASET\FISH DATASET\proof_frames_fish_frames_200\fish11\fish11_frame006203_top.jpg,C:\Users\shain\Downloads\FISH DATASET\FISH DATASET\proof_frames_fish_frames_200\fish11\fish11_frame006203_front.jpg,C:\Users\shain\Downloads\FISH DATASET\FISH DATASET\proof_frames_fish_frames_200\fish11\fish11_frame006203_top_mask.png,C:\Users\shain\Downloads\FISH DATASET\FISH DATASET\proof_frames_fish_frames_200\fish11\fish11_frame006203_front_mask.png
fish11,6204,C:\Users\shain\Downloads\FISH DATASET\FISH DATASET\proof_frames_fish_frames_200\fish11\fish11_frame006204_top.jpg,C:\Users\shain\Downloads\FISH DATASET\FISH DATASET\proof_frames_fish_frames_200\fish11\fish11_frame006204_front.jpg,C:\Users\shain\Downloads\FISH DATASET\FISH DATASET\proof_frames_fish_frames_200\fish11\fish11_frame006204_top_mask.png,C:\Users\shain\Downloads\FISH DATASET\FISH DATASET\proof_frames_fish_frames_200\fish11\fish11_frame006204_front_mask.png
fish11,6205,C:\Users\shain\Downloads\FISH DATASET\FISH DATASET\proof_frames_fish_frames_200\fish11\fish11_frame006205_top.jpg,C:\Users\shain\Downloads\FISH DATASET\FISH DATASET\proof_frames_fish_frames_200\fish11\fish11_frame006205_front.jpg,C:\Users\shain\Downloads\FISH DATASET\FISH DATASET\proof_frames_fish_frames_200\fish11\fish11_frame006205_top_mask.png,C:\Users\shain\Downloads\FISH DATASET\FISH DATASET\proof_frames_fish_frames_200\fish11\fish11_frame006205_front_mask.png
fish11,6206,C:\Users\shain\Downloads\FISH DATASET\FISH DATASET\proof_frames_fish_frames_200\fish11\fish11_frame006206_top.jpg,C:\Users\shain\Downloads\FISH DATASET\FISH DATASET\proof_frames_fish_frames_200\fish11\fish11_frame006206_front.jpg,C:\Users\shain\Downloads\FISH DATASET\FISH DATASET\proof_frames_fish_frames_200\fish11\fish11_frame006206_top_mask.png,C:\Users\shain\Downloads\FISH DATASET\FISH DATASET\proof_frames_fish_frames_200\fish11\fish11_frame006206_front_mask.png
fish11,6207,C:\Users\shain\Downloads\FISH DATASET\FISH DATASET\proof_frames_fish_frames_200\fish11\fish11_frame006207_top.jpg,C:\Users\shain\Downloads\FISH DATASET\FISH DATASET\proof_frames_fish_frames_200\fish11\fish11_frame006207_front.jpg,C:\Users\shain\Downloads\FISH DATASET\FISH DATASET\proof_frames_fish_frames_200\fish11\fish11_frame006207_top_mask.png,C:\Users\shain\Downloads\FISH DATASET\FISH DATASET\proof_frames_fish_frames_200\fish11\fish11_frame006207_front_mask.png
fish11,6208,C:\Users\shain\Downloads\FISH DATASET\FISH DATASET\proof_frames_fish_frames_200\fish11\fish11_frame006208_top.jpg,C:\Users\shain\Downloads\FISH DATASET\FISH DATASET\proof_frames_fish_frames_200\fish11\fish11_frame006208_front.jpg,C:\Users\shain\Downloads\FISH DATASET\FISH DATASET\proof_frames_fish_frames_200\fish11\fish11_frame006208_top_mask.png,C:\Users\shain\Downloads\FISH DATASET\FISH DATASET\proof_frames_fish_frames_200\fish11\fish11_frame006208_front_mask.png
fish11,6209,C:\Users\shain\Downloads\FISH DATASET\FISH DATASET\proof_frames_fish_frames_200\fish11\fish11_frame006209_top.jpg,C:\Users\shain\Downloads\FISH DATASET\FISH DATASET\proof_frames_fish_frames_200\fish11\fish11_frame006209_front.jpg,C:\Users\shain\Downloads\FISH DATASET\FISH DATASET\proof_frames_fish_frames_200\fish11\fish11_frame006209_top_mask.png,C:\Users\shain\Downloads\FISH DATASET\FISH DATASET\proof_frames_fish_frames_200\fish11\fish11_frame006209_front_mask.png
fish11,6210,C:\Users\shain\Downloads\FISH DATASET\FISH DATASET\proof_frames_fish_frames_200\fish11\fish11_frame006210_top.jpg,C:\Users\shain\Downloads\FISH DATASET\FISH DATASET\proof_frames_fish_frames_200\fish11\fish11_frame006210_front.jpg,C:\Users\shain\Downloads\FISH DATASET\FISH DATASET\proof_frames_fish_frames_200\fish11\fish11_frame006210_top_mask.png,C:\Users\shain\Downloads\FISH DATASET\FISH DATASET\proof_frames_fish_frames_200\fish11\fish11_frame006210_front_mask.png
fish11,6211,C:\Users\shain\Downloads\FISH DATASET\FISH DATASET\proof_frames_fish_frames_200\fish11\fish11_frame006211_top.jpg,C:\Users\shain\Downloads\FISH DATASET\FISH DATASET\proof_frames_fish_frames_200\fish11\fish11_frame006211_front.jpg,C:\Users\shain\Downloads\FISH DATASET\FISH DATASET\proof_frames_fish_frames_200\fish11\fish11_frame006211_top_mask.png,C:\Users\shain\Downloads\FISH DATASET\FISH DATASET\proof_frames_fish_frames_200\fish11\fish11_frame006211_front_mask.png
fish12,3666,C:\Users\shain\Downloads\FISH DATASET\FISH DATASET\proof_frames_fish_frames_200\fish12\fish12_frame003666_top.jpg,C:\Users\shain\Downloads\FISH DATASET\FISH DATASET\proof_frames_fish_frames_200\fish12\fish12_frame003666_front.jpg,C:\Users\shain\Downloads\FISH DATASET\FISH DATASET\proof_frames_fish_frames_200\fish12\fish12_frame003666_top_mask.png,C:\Users\shain\Downloads\FISH DATASET\FISH DATASET\proof_frames_fish_frames_200\fish12\fish12_frame003666_front_mask.png
fish12,3667,C:\Users\shain\Downloads\FISH DATASET\FISH DATASET\proof_frames_fish_frames_200\fish12\fish12_frame003667_top.jpg,C:\Users\shain\Downloads\FISH DATASET\FISH DATASET\proof_frames_fish_frames_200\fish12\fish12_frame003667_front.jpg,C:\Users\shain\Downloads\FISH DATASET\FISH DATASET\proof_frames_fish_frames_200\fish12\fish12_frame003667_top_mask.png,C:\Users\shain\Downloads\FISH DATASET\FISH DATASET\proof_frames_fish_frames_200\fish12\fish12_frame003667_front_mask.png
fish12,3668,C:\Users\shain\Downloads\FISH DATASET\FISH DATASET\proof_frames_fish_frames_200\fish12\fish12_frame003668_top.jpg,C:\Users\shain\Downloads\FISH DATASET\FISH DATASET\proof_frames_fish_frames_200\fish12\fish12_frame003668_front.jpg,C:\Users\shain\Downloads\FISH DATASET\FISH DATASET\proof_frames_fish_frames_200\fish12\fish12_frame003668_top_mask.png,C:\Users\shain\Downloads\FISH DATASET\FISH DATASET\proof_frames_fish_frames_200\fish12\fish12_frame003668_front_mask.png
fish12,3669,C:\Users\shain\Downloads\FISH DATASET\FISH DATASET\proof_frames_fish_frames_200\fish12\fish12_frame003669_top.jpg,C:\Users\shain\Downloads\FISH DATASET\FISH DATASET\proof_frames_fish_frames_200\fish12\fish12_frame003669_front.jpg,C:\Users\shain\Downloads\FISH DATASET\FISH DATASET\proof_frames_fish_frames_200\fish12\fish12_frame003669_top_mask.png,C:\Users\shain\Downloads\FISH DATASET\FISH DATASET\proof_frames_fish_frames_200\fish12\fish12_frame003669_front_mask.png
fish12,3670,C:\Users\shain\Downloads\FISH DATASET\FISH DATASET\proof_frames_fish_frames_200\fish12\fish12_frame003670_top.jpg,C:\Users\shain\Downloads\FISH DATASET\FISH DATASET\proof_frames_fish_frames_200\fish12\fish12_frame003670_front.jpg,C:\Users\shain\Downloads\FISH DATASET\FISH DATASET\proof_frames_fish_frames_200\fish12\fish12_frame003670_top_mask.png,C:\Users\shain\Downloads\FISH DATASET\FISH DATASET\proof_frames_fish_frames_200\fish12\fish12_frame003670_front_mask.png
fish12,3671,C:\Users\shain\Downloads\FISH DATASET\FISH DATASET\proof_frames_fish_frames_200\fish12\fish12_frame003671_top.jpg,C:\Users\shain\Downloads\FISH DATASET\FISH DATASET\proof_frames_fish_frames_200\fish12\fish12_frame003671_front.jpg,C:\Users\shain\Downloads\FISH DATASET\FISH DATASET\proof_frames_fish_frames_200\fish12\fish12_frame003671_top_mask.png,C:\Users\shain\Downloads\FISH DATASET\FISH DATASET\proof_frames_fish_frames_200\fish12\fish12_frame003671_front_mask.png
fish12,3672,C:\Users\shain\Downloads\FISH DATASET\FISH DATASET\proof_frames_fish_frames_200\fish12\fish12_frame003672_top.jpg,C:\Users\shain\Downloads\FISH DATASET\FISH DATASET\proof_frames_fish_frames_200\fish12\fish12_frame003672_front.jpg,C:\Users\shain\Downloads\FISH DATASET\FISH DATASET\proof_frames_fish_frames_200\fish12\fish12_frame003672_top_mask.png,C:\Users\shain\Downloads\FISH DATASET\FISH DATASET\proof_frames_fish_frames_200\fish12\fish12_frame003672_front_mask.png
fish12,3673,C:\Users\shain\Downloads\FISH DATASET\FISH DATASET\proof_frames_fish_frames_200\fish12\fish12_frame003673_top.jpg,C:\Users\shain\Downloads\FISH DATASET\FISH DATASET\proof_frames_fish_frames_200\fish12\fish12_frame003673_front.jpg,C:\Users\shain\Downloads\FISH DATASET\FISH DATASET\proof_frames_fish_frames_200\fish12\fish12_frame003673_top_mask.png,C:\Users\shain\Downloads\FISH DATASET\FISH DATASET\proof_frames_fish_frames_200\fish12\fish12_frame003673_front_mask.png
fish12,3674,C:\Users\shain\Downloads\FISH DATASET\FISH DATASET\proof_frames_fish_frames_200\fish12\fish12_frame003674_top.jpg,C:\Users\shain\Downloads\FISH DATASET\FISH DATASET\proof_frames_fish_frames_200\fish12\fish12_frame003674_front.jpg,C:\Users\shain\Downloads\FISH DATASET\FISH DATASET\proof_frames_fish_frames_200\fish12\fish12_frame003674_top_mask.png,C:\Users\shain\Downloads\FISH DATASET\FISH DATASET\proof_frames_fish_frames_200\fish12\fish12_frame003674_front_mask.png
fish12,3675,C:\Users\shain\Downloads\FISH DATASET\FISH DATASET\proof_frames_fish_frames_200\fish12\fish12_frame003675_top.jpg,C:\Users\shain\Downloads\FISH DATASET\FISH DATASET\proof_frames_fish_frames_200\fish12\fish12_frame003675_front.jpg,C:\Users\shain\Downloads\FISH DATASET\FISH DATASET\proof_frames_fish_frames_200\fish12\fish12_frame003675_top_mask.png,C:\Users\shain\Downloads\FISH DATASET\FISH DATASET\proof_frames_fish_frames_200\fish12\fish12_frame003675_front_mask.png
fish12,3676,C:\Users\shain\Downloads\FISH DATASET\FISH DATASET\proof_frames_fish_frames_200\fish12\fish12_frame003676_top.jpg,C:\Users\shain\Downloads\FISH DATASET\FISH DATASET\proof_frames_fish_frames_200\fish12\fish12_frame003676_front.jpg,C:\Users\shain\Downloads\FISH DATASET\FISH DATASET\proof_frames_fish_frames_200\fish12\fish12_frame003676_top_mask.png,C:\Users\shain\Downloads\FISH DATASET\FISH DATASET\proof_frames_fish_frames_200\fish12\fish12_frame003676_front_mask.png
fish12,3677,C:\Users\shain\Downloads\FISH DATASET\FISH DATASET\proof_frames_fish_frames_200\fish12\fish12_frame003677_top.jpg,C:\Users\shain\Downloads\FISH DATASET\FISH DATASET\proof_frames_fish_frames_200\fish12\fish12_frame003677_front.jpg,C:\Users\shain\Downloads\FISH DATASET\FISH DATASET\proof_frames_fish_frames_200\fish12\fish12_frame003677_top_mask.png,C:\Users\shain\Downloads\FISH DATASET\FISH DATASET\proof_frames_fish_frames_200\fish12\fish12_frame003677_front_mask.png
fish12,3678,C:\Users\shain\Downloads\FISH DATASET\FISH DATASET\proof_frames_fish_frames_200\fish12\fish12_frame003678_top.jpg,C:\Users\shain\Downloads\FISH DATASET\FISH DATASET\proof_frames_fish_frames_200\fish12\fish12_frame003678_front.jpg,C:\Users\shain\Downloads\FISH DATASET\FISH DATASET\proof_frames_fish_frames_200\fish12\fish12_frame003678_top_mask.png,C:\Users\shain\Downloads\FISH DATASET\FISH DATASET\proof_frames_fish_frames_200\fish12\fish12_frame003678_front_mask.png
fish12,3679,C:\Users\shain\Downloads\FISH DATASET\FISH DATASET\proof_frames_fish_frames_200\fish12\fish12_frame003679_top.jpg,C:\Users\shain\Downloads\FISH DATASET\FISH DATASET\proof_frames_fish_frames_200\fish12\fish12_frame003679_front.jpg,C:\Users\shain\Downloads\FISH DATASET\FISH DATASET\proof_frames_fish_frames_200\fish12\fish12_frame003679_top_mask.png,C:\Users\shain\Downloads\FISH DATASET\FISH DATASET\proof_frames_fish_frames_200\fish12\fish12_frame003679_front_mask.png
fish12,3680,C:\Users\shain\Downloads\FISH DATASET\FISH DATASET\proof_frames_fish_frames_200\fish12\fish12_frame003680_top.jpg,C:\Users\shain\Downloads\FISH DATASET\FISH DATASET\proof_frames_fish_frames_200\fish12\fish12_frame003680_front.jpg,C:\Users\shain\Downloads\FISH DATASET\FISH DATASET\proof_frames_fish_frames_200\fish12\fish12_frame003680_top_mask.png,C:\Users\shain\Downloads\FISH DATASET\FISH DATASET\proof_frames_fish_frames_200\fish12\fish12_frame003680_front_mask.png
fish12,3681,C:\Users\shain\Downloads\FISH DATASET\FISH DATASET\proof_frames_fish_frames_200\fish12\fish12_frame003681_top.jpg,C:\Users\shain\Downloads\FISH DATASET\FISH DATASET\proof_frames_fish_frames_200\fish12\fish12_frame003681_front.jpg,C:\Users\shain\Downloads\FISH DATASET\FISH DATASET\proof_frames_fish_frames_200\fish12\fish12_frame003681_top_mask.png,C:\Users\shain\Downloads\FISH DATASET\FISH DATASET\proof_frames_fish_frames_200\fish12\fish12_frame003681_front_mask.png
fish12,3682,C:\Users\shain\Downloads\FISH DATASET\FISH DATASET\proof_frames_fish_frames_200\fish12\fish12_frame003682_top.jpg,C:\Users\shain\Downloads\FISH DATASET\FISH DATASET\proof_frames_fish_frames_200\fish12\fish12_frame003682_front.jpg,C:\Users\shain\Downloads\FISH DATASET\FISH DATASET\proof_frames_fish_frames_200\fish12\fish12_frame003682_top_mask.png,C:\Users\shain\Downloads\FISH DATASET\FISH DATASET\proof_frames_fish_frames_200\fish12\fish12_frame003682_front_mask.png
fish12,3683,C:\Users\shain\Downloads\FISH DATASET\FISH DATASET\proof_frames_fish_frames_200\fish12\fish12_frame003683_top.jpg,C:\Users\shain\Downloads\FISH DATASET\FISH DATASET\proof_frames_fish_frames_200\fish12\fish12_frame003683_front.jpg,C:\Users\shain\Downloads\FISH DATASET\FISH DATASET\proof_frames_fish_frames_200\fish12\fish12_frame003683_top_mask.png,C:\Users\shain\Downloads\FISH DATASET\FISH DATASET\proof_frames_fish_frames_200\fish12\fish12_frame003683_front_mask.png
fish12,3684,C:\Users\shain\Downloads\FISH DATASET\FISH DATASET\proof_frames_fish_frames_200\fish12\fish12_frame003684_top.jpg,C:\Users\shain\Downloads\FISH DATASET\FISH DATASET\proof_frames_fish_frames_200\fish12\fish12_frame003684_front.jpg,C:\Users\shain\Downloads\FISH DATASET\FISH DATASET\proof_frames_fish_frames_200\fish12\fish12_frame003684_top_mask.png,C:\Users\shain\Downloads\FISH DATASET\FISH DATASET\proof_frames_fish_frames_200\fish12\fish12_frame003684_front_mask.png
fish12,3697,C:\Users\shain\Downloads\FISH DATASET\FISH DATASET\proof_frames_fish_frames_200\fish12\fish12_frame003697_top.jpg,C:\Users\shain\Downloads\FISH DATASET\FISH DATASET\proof_frames_fish_frames_200\fish12\fish12_frame003697_front.jpg,C:\Users\shain\Downloads\FISH DATASET\FISH DATASET\proof_frames_fish_frames_200\fish12\fish12_frame003697_top_mask.png,C:\Users\shain\Downloads\FISH DATASET\FISH DATASET\proof_frames_fish_frames_200\fish12\fish12_frame003697_front_mask.png
fish12,3698,C:\Users\shain\Downloads\FISH DATASET\FISH DATASET\proof_frames_fish_frames_200\fish12\fish12_frame003698_top.jpg,C:\Users\shain\Downloads\FISH DATASET\FISH DATASET\proof_frames_fish_frames_200\fish12\fish12_frame003698_front.jpg,C:\Users\shain\Downloads\FISH DATASET\FISH DATASET\proof_frames_fish_frames_200\fish12\fish12_frame003698_top_mask.png,C:\Users\shain\Downloads\FISH DATASET\FISH DATASET\proof_frames_fish_frames_200\fish12\fish12_frame003698_front_mask.png
fish12,3699,C:\Users\shain\Downloads\FISH DATASET\FISH DATASET\proof_frames_fish_frames_200\fish12\fish12_frame003699_top.jpg,C:\Users\shain\Downloads\FISH DATASET\FISH DATASET\proof_frames_fish_frames_200\fish12\fish12_frame003699_front.jpg,C:\Users\shain\Downloads\FISH DATASET\FISH DATASET\proof_frames_fish_frames_200\fish12\fish12_frame003699_top_mask.png,C:\Users\shain\Downloads\FISH DATASET\FISH DATASET\proof_frames_fish_frames_200\fish12\fish12_frame003699_front_mask.png
fish12,3700,C:\Users\shain\Downloads\FISH DATASET\FISH DATASET\proof_frames_fish_frames_200\fish12\fish12_frame003700_top.jpg,C:\Users\shain\Downloads\FISH DATASET\FISH DATASET\proof_frames_fish_frames_200\fish12\fish12_frame003700_front.jpg,C:\Users\shain\Downloads\FISH DATASET\FISH DATASET\proof_frames_fish_frames_200\fish12\fish12_frame003700_top_mask.png,C:\Users\shain\Downloads\FISH DATASET\FISH DATASET\proof_frames_fish_frames_200\fish12\fish12_frame003700_front_mask.png
fish12,3701,C:\Users\shain\Downloads\FISH DATASET\FISH DATASET\proof_frames_fish_frames_200\fish12\fish12_frame003701_top.jpg,C:\Users\shain\Downloads\FISH DATASET\FISH DATASET\proof_frames_fish_frames_200\fish12\fish12_frame003701_front.jpg,C:\Users\shain\Downloads\FISH DATASET\FISH DATASET\proof_frames_fish_frames_200\fish12\fish12_frame003701_top_mask.png,C:\Users\shain\Downloads\FISH DATASET\FISH DATASET\proof_frames_fish_frames_200\fish12\fish12_frame003701_front_mask.png
fish12,3702,C:\Users\shain\Downloads\FISH DATASET\FISH DATASET\proof_frames_fish_frames_200\fish12\fish12_frame003702_top.jpg,C:\Users\shain\Downloads\FISH DATASET\FISH DATASET\proof_frames_fish_frames_200\fish12\fish12_frame003702_front.jpg,C:\Users\shain\Downloads\FISH DATASET\FISH DATASET\proof_frames_fish_frames_200\fish12\fish12_frame003702_top_mask.png,C:\Users\shain\Downloads\FISH DATASET\FISH DATASET\proof_frames_fish_frames_200\fish12\fish12_frame003702_front_mask.png
fish12,3703,C:\Users\shain\Downloads\FISH DATASET\FISH DATASET\proof_frames_fish_frames_200\fish12\fish12_frame003703_top.jpg,C:\Users\shain\Downloads\FISH DATASET\FISH DATASET\proof_frames_fish_frames_200\fish12\fish12_frame003703_front.jpg,C:\Users\shain\Downloads\FISH DATASET\FISH DATASET\proof_frames_fish_frames_200\fish12\fish12_frame003703_top_mask.png,C:\Users\shain\Downloads\FISH DATASET\FISH DATASET\proof_frames_fish_frames_200\fish12\fish12_frame003703_front_mask.png
fish12,3704,C:\Users\shain\Downloads\FISH DATASET\FISH DATASET\proof_frames_fish_frames_200\fish12\fish12_frame003704_top.jpg,C:\Users\shain\Downloads\FISH DATASET\FISH DATASET\proof_frames_fish_frames_200\fish12\fish12_frame003704_front.jpg,C:\Users\shain\Downloads\FISH DATASET\FISH DATASET\proof_frames_fish_frames_200\fish12\fish12_frame003704_top_mask.png,C:\Users\shain\Downloads\FISH DATASET\FISH DATASET\proof_frames_fish_frames_200\fish12\fish12_frame003704_front_mask.png
fish12,3705,C:\Users\shain\Downloads\FISH DATASET\FISH DATASET\proof_frames_fish_frames_200\fish12\fish12_frame003705_top.jpg,C:\Users\shain\Downloads\FISH DATASET\FISH DATASET\proof_frames_fish_frames_200\fish12\fish12_frame003705_front.jpg,C:\Users\shain\Downloads\FISH DATASET\FISH DATASET\proof_frames_fish_frames_200\fish12\fish12_frame003705_top_mask.png,C:\Users\shain\Downloads\FISH DATASET\FISH DATASET\proof_frames_fish_frames_200\fish12\fish12_frame003705_front_mask.png
fish12,3706,C:\Users\shain\Downloads\FISH DATASET\FISH DATASET\proof_frames_fish_frames_200\fish12\fish12_frame003706_top.jpg,C:\Users\shain\Downloads\FISH DATASET\FISH DATASET\proof_frames_fish_frames_200\fish12\fish12_frame003706_front.jpg,C:\Users\shain\Downloads\FISH DATASET\FISH DATASET\proof_frames_fish_frames_200\fish12\fish12_frame003706_top_mask.png,C:\Users\shain\Downloads\FISH DATASET\FISH DATASET\proof_frames_fish_frames_200\fish12\fish12_frame003706_front_mask.png
fish12,3707,C:\Users\shain\Downloads\FISH DATASET\FISH DATASET\proof_frames_fish_frames_200\fish12\fish12_frame003707_top.jpg,C:\Users\shain\Downloads\FISH DATASET\FISH DATASET\proof_frames_fish_frames_200\fish12\fish12_frame003707_front.jpg,C:\Users\shain\Downloads\FISH DATASET\FISH DATASET\proof_frames_fish_frames_200\fish12\fish12_frame003707_top_mask.png,C:\Users\shain\Downloads\FISH DATASET\FISH DATASET\proof_frames_fish_frames_200\fish12\fish12_frame003707_front_mask.png
fish12,3708,C:\Users\shain\Downloads\FISH DATASET\FISH DATASET\proof_frames_fish_frames_200\fish12\fish12_frame003708_top.jpg,C:\Users\shain\Downloads\FISH DATASET\FISH DATASET\proof_frames_fish_frames_200\fish12\fish12_frame003708_front.jpg,C:\Users\shain\Downloads\FISH DATASET\FISH DATASET\proof_frames_fish_frames_200\fish12\fish12_frame003708_top_mask.png,C:\Users\shain\Downloads\FISH DATASET\FISH DATASET\proof_frames_fish_frames_200\fish12\fish12_frame003708_front_mask.png
fish12,3709,C:\Users\shain\Downloads\FISH DATASET\FISH DATASET\proof_frames_fish_frames_200\fish12\fish12_frame003709_top.jpg,C:\Users\shain\Downloads\FISH DATASET\FISH DATASET\proof_frames_fish_frames_200\fish12\fish12_frame003709_front.jpg,C:\Users\shain\Downloads\FISH DATASET\FISH DATASET\proof_frames_fish_frames_200\fish12\fish12_frame003709_top_mask.png,C:\Users\shain\Downloads\FISH DATASET\FISH DATASET\proof_frames_fish_frames_200\fish12\fish12_frame003709_front_mask.png
fish12,3710,C:\Users\shain\Downloads\FISH DATASET\FISH DATASET\proof_frames_fish_frames_200\fish12\fish12_frame003710_top.jpg,C:\Users\shain\Downloads\FISH DATASET\FISH DATASET\proof_frames_fish_frames_200\fish12\fish12_frame003710_front.jpg,C:\Users\shain\Downloads\FISH DATASET\FISH DATASET\proof_frames_fish_frames_200\fish12\fish12_frame003710_top_mask.png,C:\Users\shain\Downloads\FISH DATASET\FISH DATASET\proof_frames_fish_frames_200\fish12\fish12_frame003710_front_mask.png
fish12,3711,C:\Users\shain\Downloads\FISH DATASET\FISH DATASET\proof_frames_fish_frames_200\fish12\fish12_frame003711_top.jpg,C:\Users\shain\Downloads\FISH DATASET\FISH DATASET\proof_frames_fish_frames_200\fish12\fish12_frame003711_front.jpg,C:\Users\shain\Downloads\FISH DATASET\FISH DATASET\proof_frames_fish_frames_200\fish12\fish12_frame003711_top_mask.png,C:\Users\shain\Downloads\FISH DATASET\FISH DATASET\proof_frames_fish_frames_200\fish12\fish12_frame003711_front_mask.png
fish12,3712,C:\Users\shain\Downloads\FISH DATASET\FISH DATASET\proof_frames_fish_frames_200\fish12\fish12_frame003712_top.jpg,C:\Users\shain\Downloads\FISH DATASET\FISH DATASET\proof_frames_fish_frames_200\fish12\fish12_frame003712_front.jpg,C:\Users\shain\Downloads\FISH DATASET\FISH DATASET\proof_frames_fish_frames_200\fish12\fish12_frame003712_top_mask.png,C:\Users\shain\Downloads\FISH DATASET\FISH DATASET\proof_frames_fish_frames_200\fish12\fish12_frame003712_front_mask.png
fish12,3713,C:\Users\shain\Downloads\FISH DATASET\FISH DATASET\proof_frames_fish_frames_200\fish12\fish12_frame003713_top.jpg,C:\Users\shain\Downloads\FISH DATASET\FISH DATASET\proof_frames_fish_frames_200\fish12\fish12_frame003713_front.jpg,C:\Users\shain\Downloads\FISH DATASET\FISH DATASET\proof_frames_fish_frames_200\fish12\fish12_frame003713_top_mask.png,C:\Users\shain\Downloads\FISH DATASET\FISH DATASET\proof_frames_fish_frames_200\fish12\fish12_frame003713_front_mask.png
fish12,3714,C:\Users\shain\Downloads\FISH DATASET\FISH DATASET\proof_frames_fish_frames_200\fish12\fish12_frame003714_top.jpg,C:\Users\shain\Downloads\FISH DATASET\FISH DATASET\proof_frames_fish_frames_200\fish12\fish12_frame003714_front.jpg,C:\Users\shain\Downloads\FISH DATASET\FISH DATASET\proof_frames_fish_frames_200\fish12\fish12_frame003714_top_mask.png,C:\Users\shain\Downloads\FISH DATASET\FISH DATASET\proof_frames_fish_frames_200\fish12\fish12_frame003714_front_mask.png
fish12,3715,C:\Users\shain\Downloads\FISH DATASET\FISH DATASET\proof_frames_fish_frames_200\fish12\fish12_frame003715_top.jpg,C:\Users\shain\Downloads\FISH DATASET\FISH DATASET\proof_frames_fish_frames_200\fish12\fish12_frame003715_front.jpg,C:\Users\shain\Downloads\FISH DATASET\FISH DATASET\proof_frames_fish_frames_200\fish12\fish12_frame003715_top_mask.png,C:\Users\shain\Downloads\FISH DATASET\FISH DATASET\proof_frames_fish_frames_200\fish12\fish12_frame003715_front_mask.png
fish12,3716,C:\Users\shain\Downloads\FISH DATASET\FISH DATASET\proof_frames_fish_frames_200\fish12\fish12_frame003716_top.jpg,C:\Users\shain\Downloads\FISH DATASET\FISH DATASET\proof_frames_fish_frames_200\fish12\fish12_frame003716_front.jpg,C:\Users\shain\Downloads\FISH DATASET\FISH DATASET\proof_frames_fish_frames_200\fish12\fish12_frame003716_top_mask.png,C:\Users\shain\Downloads\FISH DATASET\FISH DATASET\proof_frames_fish_frames_200\fish12\fish12_frame003716_front_mask.png
fish12,3717,C:\Users\shain\Downloads\FISH DATASET\FISH DATASET\proof_frames_fish_frames_200\fish12\fish12_frame003717_top.jpg,C:\Users\shain\Downloads\FISH DATASET\FISH DATASET\proof_frames_fish_frames_200\fish12\fish12_frame003717_front.jpg,C:\Users\shain\Downloads\FISH DATASET\FISH DATASET\proof_frames_fish_frames_200\fish12\fish12_frame003717_top_mask.png,C:\Users\shain\Downloads\FISH DATASET\FISH DATASET\proof_frames_fish_frames_200\fish12\fish12_frame003717_front_mask.png
fish12,3718,C:\Users\shain\Downloads\FISH DATASET\FISH DATASET\proof_frames_fish_frames_200\fish12\fish12_frame003718_top.jpg,C:\Users\shain\Downloads\FISH DATASET\FISH DATASET\proof_frames_fish_frames_200\fish12\fish12_frame003718_front.jpg,C:\Users\shain\Downloads\FISH DATASET\FISH DATASET\proof_frames_fish_frames_200\fish12\fish12_frame003718_top_mask.png,C:\Users\shain\Downloads\FISH DATASET\FISH DATASET\proof_frames_fish_frames_200\fish12\fish12_frame003718_front_mask.png
fish12,3719,C:\Users\shain\Downloads\FISH DATASET\FISH DATASET\proof_frames_fish_frames_200\fish12\fish12_frame003719_top.jpg,C:\Users\shain\Downloads\FISH DATASET\FISH DATASET\proof_frames_fish_frames_200\fish12\fish12_frame003719_front.jpg,C:\Users\shain\Downloads\FISH DATASET\FISH DATASET\proof_frames_fish_frames_200\fish12\fish12_frame003719_top_mask.png,C:\Users\shain\Downloads\FISH DATASET\FISH DATASET\proof_frames_fish_frames_200\fish12\fish12_frame003719_front_mask.png
fish12,3720,C:\Users\shain\Downloads\FISH DATASET\FISH DATASET\proof_frames_fish_frames_200\fish12\fish12_frame003720_top.jpg,C:\Users\shain\Downloads\FISH DATASET\FISH DATASET\proof_frames_fish_frames_200\fish12\fish12_frame003720_front.jpg,C:\Users\shain\Downloads\FISH DATASET\FISH DATASET\proof_frames_fish_frames_200\fish12\fish12_frame003720_top_mask.png,C:\Users\shain\Downloads\FISH DATASET\FISH DATASET\proof_frames_fish_frames_200\fish12\fish12_frame003720_front_mask.png
fish12,3721,C:\Users\shain\Downloads\FISH DATASET\FISH DATASET\proof_frames_fish_frames_200\fish12\fish12_frame003721_top.jpg,C:\Users\shain\Downloads\FISH DATASET\FISH DATASET\proof_frames_fish_frames_200\fish12\fish12_frame003721_front.jpg,C:\Users\shain\Downloads\FISH DATASET\FISH DATASET\proof_frames_fish_frames_200\fish12\fish12_frame003721_top_mask.png,C:\Users\shain\Downloads\FISH DATASET\FISH DATASET\proof_frames_fish_frames_200\fish12\fish12_frame003721_front_mask.png
fish12,3722,C:\Users\shain\Downloads\FISH DATASET\FISH DATASET\proof_frames_fish_frames_200\fish12\fish12_frame003722_top.jpg,C:\Users\shain\Downloads\FISH DATASET\FISH DATASET\proof_frames_fish_frames_200\fish12\fish12_frame003722_front.jpg,C:\Users\shain\Downloads\FISH DATASET\FISH DATASET\proof_frames_fish_frames_200\fish12\fish12_frame003722_top_mask.png,C:\Users\shain\Downloads\FISH DATASET\FISH DATASET\proof_frames_fish_frames_200\fish12\fish12_frame003722_front_mask.png
fish12,3723,C:\Users\shain\Downloads\FISH DATASET\FISH DATASET\proof_frames_fish_frames_200\fish12\fish12_frame003723_top.jpg,C:\Users\shain\Downloads\FISH DATASET\FISH DATASET\proof_frames_fish_frames_200\fish12\fish12_frame003723_front.jpg,C:\Users\shain\Downloads\FISH DATASET\FISH DATASET\proof_frames_fish_frames_200\fish12\fish12_frame003723_top_mask.png,C:\Users\shain\Downloads\FISH DATASET\FISH DATASET\proof_frames_fish_frames_200\fish12\fish12_frame003723_front_mask.png
fish12,3724,C:\Users\shain\Downloads\FISH DATASET\FISH DATASET\proof_frames_fish_frames_200\fish12\fish12_frame003724_top.jpg,C:\Users\shain\Downloads\FISH DATASET\FISH DATASET\proof_frames_fish_frames_200\fish12\fish12_frame003724_front.jpg,C:\Users\shain\Downloads\FISH DATASET\FISH DATASET\proof_frames_fish_frames_200\fish12\fish12_frame003724_top_mask.png,C:\Users\shain\Downloads\FISH DATASET\FISH DATASET\proof_frames_fish_frames_200\fish12\fish12_frame003724_front_mask.png
fish12,3725,C:\Users\shain\Downloads\FISH DATASET\FISH DATASET\proof_frames_fish_frames_200\fish12\fish12_frame003725_top.jpg,C:\Users\shain\Downloads\FISH DATASET\FISH DATASET\proof_frames_fish_frames_200\fish12\fish12_frame003725_front.jpg,C:\Users\shain\Downloads\FISH DATASET\FISH DATASET\proof_frames_fish_frames_200\fish12\fish12_frame003725_top_mask.png,C:\Users\shain\Downloads\FISH DATASET\FISH DATASET\proof_frames_fish_frames_200\fish12\fish12_frame003725_front_mask.png
fish12,3726,C:\Users\shain\Downloads\FISH DATASET\FISH DATASET\proof_frames_fish_frames_200\fish12\fish12_frame003726_top.jpg,C:\Users\shain\Downloads\FISH DATASET\FISH DATASET\proof_frames_fish_frames_200\fish12\fish12_frame003726_front.jpg,C:\Users\shain\Downloads\FISH DATASET\FISH DATASET\proof_frames_fish_frames_200\fish12\fish12_frame003726_top_mask.png,C:\Users\shain\Downloads\FISH DATASET\FISH DATASET\proof_frames_fish_frames_200\fish12\fish12_frame003726_front_mask.png
fish12,3727,C:\Users\shain\Downloads\FISH DATASET\FISH DATASET\proof_frames_fish_frames_200\fish12\fish12_frame003727_top.jpg,C:\Users\shain\Downloads\FISH DATASET\FISH DATASET\proof_frames_fish_frames_200\fish12\fish12_frame003727_front.jpg,C:\Users\shain\Downloads\FISH DATASET\FISH DATASET\proof_frames_fish_frames_200\fish12\fish12_frame003727_top_mask.png,C:\Users\shain\Downloads\FISH DATASET\FISH DATASET\proof_frames_fish_frames_200\fish12\fish12_frame003727_front_mask.png
fish12,3728,C:\Users\shain\Downloads\FISH DATASET\FISH DATASET\proof_frames_fish_frames_200\fish12\fish12_frame003728_top.jpg,C:\Users\shain\Downloads\FISH DATASET\FISH DATASET\proof_frames_fish_frames_200\fish12\fish12_frame003728_front.jpg,C:\Users\shain\Downloads\FISH DATASET\FISH DATASET\proof_frames_fish_frames_200\fish12\fish12_frame003728_top_mask.png,C:\Users\shain\Downloads\FISH DATASET\FISH DATASET\proof_frames_fish_frames_200\fish12\fish12_frame003728_front_mask.png
fish12,3729,C:\Users\shain\Downloads\FISH DATASET\FISH DATASET\proof_frames_fish_frames_200\fish12\fish12_frame003729_top.jpg,C:\Users\shain\Downloads\FISH DATASET\FISH DATASET\proof_frames_fish_frames_200\fish12\fish12_frame003729_front.jpg,C:\Users\shain\Downloads\FISH DATASET\FISH DATASET\proof_frames_fish_frames_200\fish12\fish12_frame003729_top_mask.png,C:\Users\shain\Downloads\FISH DATASET\FISH DATASET\proof_frames_fish_frames_200\fish12\fish12_frame003729_front_mask.png
fish12,3730,C:\Users\shain\Downloads\FISH DATASET\FISH DATASET\proof_frames_fish_frames_200\fish12\fish12_frame003730_top.jpg,C:\Users\shain\Downloads\FISH DATASET\FISH DATASET\proof_frames_fish_frames_200\fish12\fish12_frame003730_front.jpg,C:\Users\shain\Downloads\FISH DATASET\FISH DATASET\proof_frames_fish_frames_200\fish12\fish12_frame003730_top_mask.png,C:\Users\shain\Downloads\FISH DATASET\FISH DATASET\proof_frames_fish_frames_200\fish12\fish12_frame003730_front_mask.png
fish12,3731,C:\Users\shain\Downloads\FISH DATASET\FISH DATASET\proof_frames_fish_frames_200\fish12\fish12_frame003731_top.jpg,C:\Users\shain\Downloads\FISH DATASET\FISH DATASET\proof_frames_fish_frames_200\fish12\fish12_frame003731_front.jpg,C:\Users\shain\Downloads\FISH DATASET\FISH DATASET\proof_frames_fish_frames_200\fish12\fish12_frame003731_top_mask.png,C:\Users\shain\Downloads\FISH DATASET\FISH DATASET\proof_frames_fish_frames_200\fish12\fish12_frame003731_front_mask.png
fish12,3732,C:\Users\shain\Downloads\FISH DATASET\FISH DATASET\proof_frames_fish_frames_200\fish12\fish12_frame003732_top.jpg,C:\Users\shain\Downloads\FISH DATASET\FISH DATASET\proof_frames_fish_frames_200\fish12\fish12_frame003732_front.jpg,C:\Users\shain\Downloads\FISH DATASET\FISH DATASET\proof_frames_fish_frames_200\fish12\fish12_frame003732_top_mask.png,C:\Users\shain\Downloads\FISH DATASET\FISH DATASET\proof_frames_fish_frames_200\fish12\fish12_frame003732_front_mask.png
fish12,3733,C:\Users\shain\Downloads\FISH DATASET\FISH DATASET\proof_frames_fish_frames_200\fish12\fish12_frame003733_top.jpg,C:\Users\shain\Downloads\FISH DATASET\FISH DATASET\proof_frames_fish_frames_200\fish12\fish12_frame003733_front.jpg,C:\Users\shain\Downloads\FISH DATASET\FISH DATASET\proof_frames_fish_frames_200\fish12\fish12_frame003733_top_mask.png,C:\Users\shain\Downloads\FISH DATASET\FISH DATASET\proof_frames_fish_frames_200\fish12\fish12_frame003733_front_mask.png
fish12,3734,C:\Users\shain\Downloads\FISH DATASET\FISH DATASET\proof_frames_fish_frames_200\fish12\fish12_frame003734_top.jpg,C:\Users\shain\Downloads\FISH DATASET\FISH DATASET\proof_frames_fish_frames_200\fish12\fish12_frame003734_front.jpg,C:\Users\shain\Downloads\FISH DATASET\FISH DATASET\proof_frames_fish_frames_200\fish12\fish12_frame003734_top_mask.png,C:\Users\shain\Downloads\FISH DATASET\FISH DATASET\proof_frames_fish_frames_200\fish12\fish12_frame003734_front_mask.png
fish12,3735,C:\Users\shain\Downloads\FISH DATASET\FISH DATASET\proof_frames_fish_frames_200\fish12\fish12_frame003735_top.jpg,C:\Users\shain\Downloads\FISH DATASET\FISH DATASET\proof_frames_fish_frames_200\fish12\fish12_frame003735_front.jpg,C:\Users\shain\Downloads\FISH DATASET\FISH DATASET\proof_frames_fish_frames_200\fish12\fish12_frame003735_top_mask.png,C:\Users\shain\Downloads\FISH DATASET\FISH DATASET\proof_frames_fish_frames_200\fish12\fish12_frame003735_front_mask.png
fish12,3736,C:\Users\shain\Downloads\FISH DATASET\FISH DATASET\proof_frames_fish_frames_200\fish12\fish12_frame003736_top.jpg,C:\Users\shain\Downloads\FISH DATASET\FISH DATASET\proof_frames_fish_frames_200\fish12\fish12_frame003736_front.jpg,C:\Users\shain\Downloads\FISH DATASET\FISH DATASET\proof_frames_fish_frames_200\fish12\fish12_frame003736_top_mask.png,C:\Users\shain\Downloads\FISH DATASET\FISH DATASET\proof_frames_fish_frames_200\fish12\fish12_frame003736_front_mask.png
fish12,3737,C:\Users\shain\Downloads\FISH DATASET\FISH DATASET\proof_frames_fish_frames_200\fish12\fish12_frame003737_top.jpg,C:\Users\shain\Downloads\FISH DATASET\FISH DATASET\proof_frames_fish_frames_200\fish12\fish12_frame003737_front.jpg,C:\Users\shain\Downloads\FISH DATASET\FISH DATASET\proof_frames_fish_frames_200\fish12\fish12_frame003737_top_mask.png,C:\Users\shain\Downloads\FISH DATASET\FISH DATASET\proof_frames_fish_frames_200\fish12\fish12_frame003737_front_mask.png
fish12,3738,C:\Users\shain\Downloads\FISH DATASET\FISH DATASET\proof_frames_fish_frames_200\fish12\fish12_frame003738_top.jpg,C:\Users\shain\Downloads\FISH DATASET\FISH DATASET\proof_frames_fish_frames_200\fish12\fish12_frame003738_front.jpg,C:\Users\shain\Downloads\FISH DATASET\FISH DATASET\proof_frames_fish_frames_200\fish12\fish12_frame003738_top_mask.png,C:\Users\shain\Downloads\FISH DATASET\FISH DATASET\proof_frames_fish_frames_200\fish12\fish12_frame003738_front_mask.png
fish12,3739,C:\Users\shain\Downloads\FISH DATASET\FISH DATASET\proof_frames_fish_frames_200\fish12\fish12_frame003739_top.jpg,C:\Users\shain\Downloads\FISH DATASET\FISH DATASET\proof_frames_fish_frames_200\fish12\fish12_frame003739_front.jpg,C:\Users\shain\Downloads\FISH DATASET\FISH DATASET\proof_frames_fish_frames_200\fish12\fish12_frame003739_top_mask.png,C:\Users\shain\Downloads\FISH DATASET\FISH DATASET\proof_frames_fish_frames_200\fish12\fish12_frame003739_front_mask.png
fish12,3740,C:\Users\shain\Downloads\FISH DATASET\FISH DATASET\proof_frames_fish_frames_200\fish12\fish12_frame003740_top.jpg,C:\Users\shain\Downloads\FISH DATASET\FISH DATASET\proof_frames_fish_frames_200\fish12\fish12_frame003740_front.jpg,C:\Users\shain\Downloads\FISH DATASET\FISH DATASET\proof_frames_fish_frames_200\fish12\fish12_frame003740_top_mask.png,C:\Users\shain\Downloads\FISH DATASET\FISH DATASET\proof_frames_fish_frames_200\fish12\fish12_frame003740_front_mask.png
fish12,3741,C:\Users\shain\Downloads\FISH DATASET\FISH DATASET\proof_frames_fish_frames_200\fish12\fish12_frame003741_top.jpg,C:\Users\shain\Downloads\FISH DATASET\FISH DATASET\proof_frames_fish_frames_200\fish12\fish12_frame003741_front.jpg,C:\Users\shain\Downloads\FISH DATASET\FISH DATASET\proof_frames_fish_frames_200\fish12\fish12_frame003741_top_mask.png,C:\Users\shain\Downloads\FISH DATASET\FISH DATASET\proof_frames_fish_frames_200\fish12\fish12_frame003741_front_mask.png
fish12,3742,C:\Users\shain\Downloads\FISH DATASET\FISH DATASET\proof_frames_fish_frames_200\fish12\fish12_frame003742_top.jpg,C:\Users\shain\Downloads\FISH DATASET\FISH DATASET\proof_frames_fish_frames_200\fish12\fish12_frame003742_front.jpg,C:\Users\shain\Downloads\FISH DATASET\FISH DATASET\proof_frames_fish_frames_200\fish12\fish12_frame003742_top_mask.png,C:\Users\shain\Downloads\FISH DATASET\FISH DATASET\proof_frames_fish_frames_200\fish12\fish12_frame003742_front_mask.png
fish12,3743,C:\Users\shain\Downloads\FISH DATASET\FISH DATASET\proof_frames_fish_frames_200\fish12\fish12_frame003743_top.jpg,C:\Users\shain\Downloads\FISH DATASET\FISH DATASET\proof_frames_fish_frames_200\fish12\fish12_frame003743_front.jpg,C:\Users\shain\Downloads\FISH DATASET\FISH DATASET\proof_frames_fish_frames_200\fish12\fish12_frame003743_top_mask.png,C:\Users\shain\Downloads\FISH DATASET\FISH DATASET\proof_frames_fish_frames_200\fish12\fish12_frame003743_front_mask.png
fish12,3744,C:\Users\shain\Downloads\FISH DATASET\FISH DATASET\proof_frames_fish_frames_200\fish12\fish12_frame003744_top.jpg,C:\Users\shain\Downloads\FISH DATASET\FISH DATASET\proof_frames_fish_frames_200\fish12\fish12_frame003744_front.jpg,C:\Users\shain\Downloads\FISH DATASET\FISH DATASET\proof_frames_fish_frames_200\fish12\fish12_frame003744_top_mask.png,C:\Users\shain\Downloads\FISH DATASET\FISH DATASET\proof_frames_fish_frames_200\fish12\fish12_frame003744_front_mask.png
fish12,3745,C:\Users\shain\Downloads\FISH DATASET\FISH DATASET\proof_frames_fish_frames_200\fish12\fish12_frame003745_top.jpg,C:\Users\shain\Downloads\FISH DATASET\FISH DATASET\proof_frames_fish_frames_200\fish12\fish12_frame003745_front.jpg,C:\Users\shain\Downloads\FISH DATASET\FISH DATASET\proof_frames_fish_frames_200\fish12\fish12_frame003745_top_mask.png,C:\Users\shain\Downloads\FISH DATASET\FISH DATASET\proof_frames_fish_frames_200\fish12\fish12_frame003745_front_mask.png
fish12,3746,C:\Users\shain\Downloads\FISH DATASET\FISH DATASET\proof_frames_fish_frames_200\fish12\fish12_frame003746_top.jpg,C:\Users\shain\Downloads\FISH DATASET\FISH DATASET\proof_frames_fish_frames_200\fish12\fish12_frame003746_front.jpg,C:\Users\shain\Downloads\FISH DATASET\FISH DATASET\proof_frames_fish_frames_200\fish12\fish12_frame003746_top_mask.png,C:\Users\shain\Downloads\FISH DATASET\FISH DATASET\proof_frames_fish_frames_200\fish12\fish12_frame003746_front_mask.png
fish12,3748,C:\Users\shain\Downloads\FISH DATASET\FISH DATASET\proof_frames_fish_frames_200\fish12\fish12_frame003748_top.jpg,C:\Users\shain\Downloads\FISH DATASET\FISH DATASET\proof_frames_fish_frames_200\fish12\fish12_frame003748_front.jpg,C:\Users\shain\Downloads\FISH DATASET\FISH DATASET\proof_frames_fish_frames_200\fish12\fish12_frame003748_top_mask.png,C:\Users\shain\Downloads\FISH DATASET\FISH DATASET\proof_frames_fish_frames_200\fish12\fish12_frame003748_front_mask.png
fish12,3749,C:\Users\shain\Downloads\FISH DATASET\FISH DATASET\proof_frames_fish_frames_200\fish12\fish12_frame003749_top.jpg,C:\Users\shain\Downloads\FISH DATASET\FISH DATASET\proof_frames_fish_frames_200\fish12\fish12_frame003749_front.jpg,C:\Users\shain\Downloads\FISH DATASET\FISH DATASET\proof_frames_fish_frames_200\fish12\fish12_frame003749_top_mask.png,C:\Users\shain\Downloads\FISH DATASET\FISH DATASET\proof_frames_fish_frames_200\fish12\fish12_frame003749_front_mask.png
fish12,3750,C:\Users\shain\Downloads\FISH DATASET\FISH DATASET\proof_frames_fish_frames_200\fish12\fish12_frame003750_top.jpg,C:\Users\shain\Downloads\FISH DATASET\FISH DATASET\proof_frames_fish_frames_200\fish12\fish12_frame003750_front.jpg,C:\Users\shain\Downloads\FISH DATASET\FISH DATASET\proof_frames_fish_frames_200\fish12\fish12_frame003750_top_mask.png,C:\Users\shain\Downloads\FISH DATASET\FISH DATASET\proof_frames_fish_frames_200\fish12\fish12_frame003750_front_mask.png
fish12,3751,C:\Users\shain\Downloads\FISH DATASET\FISH DATASET\proof_frames_fish_frames_200\fish12\fish12_frame003751_top.jpg,C:\Users\shain\Downloads\FISH DATASET\FISH DATASET\proof_frames_fish_frames_200\fish12\fish12_frame003751_front.jpg,C:\Users\shain\Downloads\FISH DATASET\FISH DATASET\proof_frames_fish_frames_200\fish12\fish12_frame003751_top_mask.png,C:\Users\shain\Downloads\FISH DATASET\FISH DATASET\proof_frames_fish_frames_200\fish12\fish12_frame003751_front_mask.png
fish12,3752,C:\Users\shain\Downloads\FISH DATASET\FISH DATASET\proof_frames_fish_frames_200\fish12\fish12_frame003752_top.jpg,C:\Users\shain\Downloads\FISH DATASET\FISH DATASET\proof_frames_fish_frames_200\fish12\fish12_frame003752_front.jpg,C:\Users\shain\Downloads\FISH DATASET\FISH DATASET\proof_frames_fish_frames_200\fish12\fish12_frame003752_top_mask.png,C:\Users\shain\Downloads\FISH DATASET\FISH DATASET\proof_frames_fish_frames_200\fish12\fish12_frame003752_front_mask.png
fish12,3753,C:\Users\shain\Downloads\FISH DATASET\FISH DATASET\proof_frames_fish_frames_200\fish12\fish12_frame003753_top.jpg,C:\Users\shain\Downloads\FISH DATASET\FISH DATASET\proof_frames_fish_frames_200\fish12\fish12_frame003753_front.jpg,C:\Users\shain\Downloads\FISH DATASET\FISH DATASET\proof_frames_fish_frames_200\fish12\fish12_frame003753_top_mask.png,C:\Users\shain\Downloads\FISH DATASET\FISH DATASET\proof_frames_fish_frames_200\fish12\fish12_frame003753_front_mask.png
fish12,3754,C:\Users\shain\Downloads\FISH DATASET\FISH DATASET\proof_frames_fish_frames_200\fish12\fish12_frame003754_top.jpg,C:\Users\shain\Downloads\FISH DATASET\FISH DATASET\proof_frames_fish_frames_200\fish12\fish12_frame003754_front.jpg,C:\Users\shain\Downloads\FISH DATASET\FISH DATASET\proof_frames_fish_frames_200\fish12\fish12_frame003754_top_mask.png,C:\Users\shain\Downloads\FISH DATASET\FISH DATASET\proof_frames_fish_frames_200\fish12\fish12_frame003754_front_mask.png
fish12,3755,C:\Users\shain\Downloads\FISH DATASET\FISH DATASET\proof_frames_fish_frames_200\fish12\fish12_frame003755_top.jpg,C:\Users\shain\Downloads\FISH DATASET\FISH DATASET\proof_frames_fish_frames_200\fish12\fish12_frame003755_front.jpg,C:\Users\shain\Downloads\FISH DATASET\FISH DATASET\proof_frames_fish_frames_200\fish12\fish12_frame003755_top_mask.png,C:\Users\shain\Downloads\FISH DATASET\FISH DATASET\proof_frames_fish_frames_200\fish12\fish12_frame003755_front_mask.png
fish12,3757,C:\Users\shain\Downloads\FISH DATASET\FISH DATASET\proof_frames_fish_frames_200\fish12\fish12_frame003757_top.jpg,C:\Users\shain\Downloads\FISH DATASET\FISH DATASET\proof_frames_fish_frames_200\fish12\fish12_frame003757_front.jpg,C:\Users\shain\Downloads\FISH DATASET\FISH DATASET\proof_frames_fish_frames_200\fish12\fish12_frame003757_top_mask.png,C:\Users\shain\Downloads\FISH DATASET\FISH DATASET\proof_frames_fish_frames_200\fish12\fish12_frame003757_front_mask.png
fish12,3758,C:\Users\shain\Downloads\FISH DATASET\FISH DATASET\proof_frames_fish_frames_200\fish12\fish12_frame003758_top.jpg,C:\Users\shain\Downloads\FISH DATASET\FISH DATASET\proof_frames_fish_frames_200\fish12\fish12_frame003758_front.jpg,C:\Users\shain\Downloads\FISH DATASET\FISH DATASET\proof_frames_fish_frames_200\fish12\fish12_frame003758_top_mask.png,C:\Users\shain\Downloads\FISH DATASET\FISH DATASET\proof_frames_fish_frames_200\fish12\fish12_frame003758_front_mask.png
fish12,3759,C:\Users\shain\Downloads\FISH DATASET\FISH DATASET\proof_frames_fish_frames_200\fish12\fish12_frame003759_top.jpg,C:\Users\shain\Downloads\FISH DATASET\FISH DATASET\proof_frames_fish_frames_200\fish12\fish12_frame003759_front.jpg,C:\Users\shain\Downloads\FISH DATASET\FISH DATASET\proof_frames_fish_frames_200\fish12\fish12_frame003759_top_mask.png,C:\Users\shain\Downloads\FISH DATASET\FISH DATASET\proof_frames_fish_frames_200\fish12\fish12_frame003759_front_mask.png
fish12,3760,C:\Users\shain\Downloads\FISH DATASET\FISH DATASET\proof_frames_fish_frames_200\fish12\fish12_frame003760_top.jpg,C:\Users\shain\Downloads\FISH DATASET\FISH DATASET\proof_frames_fish_frames_200\fish12\fish12_frame003760_front.jpg,C:\Users\shain\Downloads\FISH DATASET\FISH DATASET\proof_frames_fish_frames_200\fish12\fish12_frame003760_top_mask.png,C:\Users\shain\Downloads\FISH DATASET\FISH DATASET\proof_frames_fish_frames_200\fish12\fish12_frame003760_front_mask.png
fish12,3761,C:\Users\shain\Downloads\FISH DATASET\FISH DATASET\proof_frames_fish_frames_200\fish12\fish12_frame003761_top.jpg,C:\Users\shain\Downloads\FISH DATASET\FISH DATASET\proof_frames_fish_frames_200\fish12\fish12_frame003761_front.jpg,C:\Users\shain\Downloads\FISH DATASET\FISH DATASET\proof_frames_fish_frames_200\fish12\fish12_frame003761_top_mask.png,C:\Users\shain\Downloads\FISH DATASET\FISH DATASET\proof_frames_fish_frames_200\fish12\fish12_frame003761_front_mask.png
fish12,3762,C:\Users\shain\Downloads\FISH DATASET\FISH DATASET\proof_frames_fish_frames_200\fish12\fish12_frame003762_top.jpg,C:\Users\shain\Downloads\FISH DATASET\FISH DATASET\proof_frames_fish_frames_200\fish12\fish12_frame003762_front.jpg,C:\Users\shain\Downloads\FISH DATASET\FISH DATASET\proof_frames_fish_frames_200\fish12\fish12_frame003762_top_mask.png,C:\Users\shain\Downloads\FISH DATASET\FISH DATASET\proof_frames_fish_frames_200\fish12\fish12_frame003762_front_mask.png
fish12,3763,C:\Users\shain\Downloads\FISH DATASET\FISH DATASET\proof_frames_fish_frames_200\fish12\fish12_frame003763_top.jpg,C:\Users\shain\Downloads\FISH DATASET\FISH DATASET\proof_frames_fish_frames_200\fish12\fish12_frame003763_front.jpg,C:\Users\shain\Downloads\FISH DATASET\FISH DATASET\proof_frames_fish_frames_200\fish12\fish12_frame003763_top_mask.png,C:\Users\shain\Downloads\FISH DATASET\FISH DATASET\proof_frames_fish_frames_200\fish12\fish12_frame003763_front_mask.png
fish12,3764,C:\Users\shain\Downloads\FISH DATASET\FISH DATASET\proof_frames_fish_frames_200\fish12\fish12_frame003764_top.jpg,C:\Users\shain\Downloads\FISH DATASET\FISH DATASET\proof_frames_fish_frames_200\fish12\fish12_frame003764_front.jpg,C:\Users\shain\Downloads\FISH DATASET\FISH DATASET\proof_frames_fish_frames_200\fish12\fish12_frame003764_top_mask.png,C:\Users\shain\Downloads\FISH DATASET\FISH DATASET\proof_frames_fish_frames_200\fish12\fish12_frame003764_front_mask.png
fish12,3765,C:\Users\shain\Downloads\FISH DATASET\FISH DATASET\proof_frames_fish_frames_200\fish12\fish12_frame003765_top.jpg,C:\Users\shain\Downloads\FISH DATASET\FISH DATASET\proof_frames_fish_frames_200\fish12\fish12_frame003765_front.jpg,C:\Users\shain\Downloads\FISH DATASET\FISH DATASET\proof_frames_fish_frames_200\fish12\fish12_frame003765_top_mask.png,C:\Users\shain\Downloads\FISH DATASET\FISH DATASET\proof_frames_fish_frames_200\fish12\fish12_frame003765_front_mask.png
fish12,3766,C:\Users\shain\Downloads\FISH DATASET\FISH DATASET\proof_frames_fish_frames_200\fish12\fish12_frame003766_top.jpg,C:\Users\shain\Downloads\FISH DATASET\FISH DATASET\proof_frames_fish_frames_200\fish12\fish12_frame003766_front.jpg,C:\Users\shain\Downloads\FISH DATASET\FISH DATASET\proof_frames_fish_frames_200\fish12\fish12_frame003766_top_mask.png,C:\Users\shain\Downloads\FISH DATASET\FISH DATASET\proof_frames_fish_frames_200\fish12\fish12_frame003766_front_mask.png
fish12,3767,C:\Users\shain\Downloads\FISH DATASET\FISH DATASET\proof_frames_fish_frames_200\fish12\fish12_frame003767_top.jpg,C:\Users\shain\Downloads\FISH DATASET\FISH DATASET\proof_frames_fish_frames_200\fish12\fish12_frame003767_front.jpg,C:\Users\shain\Downloads\FISH DATASET\FISH DATASET\proof_frames_fish_frames_200\fish12\fish12_frame003767_top_mask.png,C:\Users\shain\Downloads\FISH DATASET\FISH DATASET\proof_frames_fish_frames_200\fish12\fish12_frame003767_front_mask.png
fish12,3768,C:\Users\shain\Downloads\FISH DATASET\FISH DATASET\proof_frames_fish_frames_200\fish12\fish12_frame003768_top.jpg,C:\Users\shain\Downloads\FISH DATASET\FISH DATASET\proof_frames_fish_frames_200\fish12\fish12_frame003768_front.jpg,C:\Users\shain\Downloads\FISH DATASET\FISH DATASET\proof_frames_fish_frames_200\fish12\fish12_frame003768_top_mask.png,C:\Users\shain\Downloads\FISH DATASET\FISH DATASET\proof_frames_fish_frames_200\fish12\fish12_frame003768_front_mask.png
fish12,3769,C:\Users\shain\Downloads\FISH DATASET\FISH DATASET\proof_frames_fish_frames_200\fish12\fish12_frame003769_top.jpg,C:\Users\shain\Downloads\FISH DATASET\FISH DATASET\proof_frames_fish_frames_200\fish12\fish12_frame003769_front.jpg,C:\Users\shain\Downloads\FISH DATASET\FISH DATASET\proof_frames_fish_frames_200\fish12\fish12_frame003769_top_mask.png,C:\Users\shain\Downloads\FISH DATASET\FISH DATASET\proof_frames_fish_frames_200\fish12\fish12_frame003769_front_mask.png
fish12,3770,C:\Users\shain\Downloads\FISH DATASET\FISH DATASET\proof_frames_fish_frames_200\fish12\fish12_frame003770_top.jpg,C:\Users\shain\Downloads\FISH DATASET\FISH DATASET\proof_frames_fish_frames_200\fish12\fish12_frame003770_front.jpg,C:\Users\shain\Downloads\FISH DATASET\FISH DATASET\proof_frames_fish_frames_200\fish12\fish12_frame003770_top_mask.png,C:\Users\shain\Downloads\FISH DATASET\FISH DATASET\proof_frames_fish_frames_200\fish12\fish12_frame003770_front_mask.png
fish12,3771,C:\Users\shain\Downloads\FISH DATASET\FISH DATASET\proof_frames_fish_frames_200\fish12\fish12_frame003771_top.jpg,C:\Users\shain\Downloads\FISH DATASET\FISH DATASET\proof_frames_fish_frames_200\fish12\fish12_frame003771_front.jpg,C:\Users\shain\Downloads\FISH DATASET\FISH DATASET\proof_frames_fish_frames_200\fish12\fish12_frame003771_top_mask.png,C:\Users\shain\Downloads\FISH DATASET\FISH DATASET\proof_frames_fish_frames_200\fish12\fish12_frame003771_front_mask.png
fish12,3772,C:\Users\shain\Downloads\FISH DATASET\FISH DATASET\proof_frames_fish_frames_200\fish12\fish12_frame003772_top.jpg,C:\Users\shain\Downloads\FISH DATASET\FISH DATASET\proof_frames_fish_frames_200\fish12\fish12_frame003772_front.jpg,C:\Users\shain\Downloads\FISH DATASET\FISH DATASET\proof_frames_fish_frames_200\fish12\fish12_frame003772_top_mask.png,C:\Users\shain\Downloads\FISH DATASET\FISH DATASET\proof_frames_fish_frames_200\fish12\fish12_frame003772_front_mask.png
fish12,3773,C:\Users\shain\Downloads\FISH DATASET\FISH DATASET\proof_frames_fish_frames_200\fish12\fish12_frame003773_top.jpg,C:\Users\shain\Downloads\FISH DATASET\FISH DATASET\proof_frames_fish_frames_200\fish12\fish12_frame003773_front.jpg,C:\Users\shain\Downloads\FISH DATASET\FISH DATASET\proof_frames_fish_frames_200\fish12\fish12_frame003773_top_mask.png,C:\Users\shain\Downloads\FISH DATASET\FISH DATASET\proof_frames_fish_frames_200\fish12\fish12_frame003773_front_mask.png
fish12,3774,C:\Users\shain\Downloads\FISH DATASET\FISH DATASET\proof_frames_fish_frames_200\fish12\fish12_frame003774_top.jpg,C:\Users\shain\Downloads\FISH DATASET\FISH DATASET\proof_frames_fish_frames_200\fish12\fish12_frame003774_front.jpg,C:\Users\shain\Downloads\FISH DATASET\FISH DATASET\proof_frames_fish_frames_200\fish12\fish12_frame003774_top_mask.png,C:\Users\shain\Downloads\FISH DATASET\FISH DATASET\proof_frames_fish_frames_200\fish12\fish12_frame003774_front_mask.png
fish12,3775,C:\Users\shain\Downloads\FISH DATASET\FISH DATASET\proof_frames_fish_frames_200\fish12\fish12_frame003775_top.jpg,C:\Users\shain\Downloads\FISH DATASET\FISH DATASET\proof_frames_fish_frames_200\fish12\fish12_frame003775_front.jpg,C:\Users\shain\Downloads\FISH DATASET\FISH DATASET\proof_frames_fish_frames_200\fish12\fish12_frame003775_top_mask.png,C:\Users\shain\Downloads\FISH DATASET\FISH DATASET\proof_frames_fish_frames_200\fish12\fish12_frame003775_front_mask.png
fish12,3776,C:\Users\shain\Downloads\FISH DATASET\FISH DATASET\proof_frames_fish_frames_200\fish12\fish12_frame003776_top.jpg,C:\Users\shain\Downloads\FISH DATASET\FISH DATASET\proof_frames_fish_frames_200\fish12\fish12_frame003776_front.jpg,C:\Users\shain\Downloads\FISH DATASET\FISH DATASET\proof_frames_fish_frames_200\fish12\fish12_frame003776_top_mask.png,C:\Users\shain\Downloads\FISH DATASET\FISH DATASET\proof_frames_fish_frames_200\fish12\fish12_frame003776_front_mask.png
fish12,3777,C:\Users\shain\Downloads\FISH DATASET\FISH DATASET\proof_frames_fish_frames_200\fish12\fish12_frame003777_top.jpg,C:\Users\shain\Downloads\FISH DATASET\FISH DATASET\proof_frames_fish_frames_200\fish12\fish12_frame003777_front.jpg,C:\Users\shain\Downloads\FISH DATASET\FISH DATASET\proof_frames_fish_frames_200\fish12\fish12_frame003777_top_mask.png,C:\Users\shain\Downloads\FISH DATASET\FISH DATASET\proof_frames_fish_frames_200\fish12\fish12_frame003777_front_mask.png
fish12,3778,C:\Users\shain\Downloads\FISH DATASET\FISH DATASET\proof_frames_fish_frames_200\fish12\fish12_frame003778_top.jpg,C:\Users\shain\Downloads\FISH DATASET\FISH DATASET\proof_frames_fish_frames_200\fish12\fish12_frame003778_front.jpg,C:\Users\shain\Downloads\FISH DATASET\FISH DATASET\proof_frames_fish_frames_200\fish12\fish12_frame003778_top_mask.png,C:\Users\shain\Downloads\FISH DATASET\FISH DATASET\proof_frames_fish_frames_200\fish12\fish12_frame003778_front_mask.png
fish12,3779,C:\Users\shain\Downloads\FISH DATASET\FISH DATASET\proof_frames_fish_frames_200\fish12\fish12_frame003779_top.jpg,C:\Users\shain\Downloads\FISH DATASET\FISH DATASET\proof_frames_fish_frames_200\fish12\fish12_frame003779_front.jpg,C:\Users\shain\Downloads\FISH DATASET\FISH DATASET\proof_frames_fish_frames_200\fish12\fish12_frame003779_top_mask.png,C:\Users\shain\Downloads\FISH DATASET\FISH DATASET\proof_frames_fish_frames_200\fish12\fish12_frame003779_front_mask.png
fish12,3780,C:\Users\shain\Downloads\FISH DATASET\FISH DATASET\proof_frames_fish_frames_200\fish12\fish12_frame003780_top.jpg,C:\Users\shain\Downloads\FISH DATASET\FISH DATASET\proof_frames_fish_frames_200\fish12\fish12_frame003780_front.jpg,C:\Users\shain\Downloads\FISH DATASET\FISH DATASET\proof_frames_fish_frames_200\fish12\fish12_frame003780_top_mask.png,C:\Users\shain\Downloads\FISH DATASET\FISH DATASET\proof_frames_fish_frames_200\fish12\fish12_frame003780_front_mask.png
fish12,3781,C:\Users\shain\Downloads\FISH DATASET\FISH DATASET\proof_frames_fish_frames_200\fish12\fish12_frame003781_top.jpg,C:\Users\shain\Downloads\FISH DATASET\FISH DATASET\proof_frames_fish_frames_200\fish12\fish12_frame003781_front.jpg,C:\Users\shain\Downloads\FISH DATASET\FISH DATASET\proof_frames_fish_frames_200\fish12\fish12_frame003781_top_mask.png,C:\Users\shain\Downloads\FISH DATASET\FISH DATASET\proof_frames_fish_frames_200\fish12\fish12_frame003781_front_mask.png
fish12,3782,C:\Users\shain\Downloads\FISH DATASET\FISH DATASET\proof_frames_fish_frames_200\fish12\fish12_frame003782_top.jpg,C:\Users\shain\Downloads\FISH DATASET\FISH DATASET\proof_frames_fish_frames_200\fish12\fish12_frame003782_front.jpg,C:\Users\shain\Downloads\FISH DATASET\FISH DATASET\proof_frames_fish_frames_200\fish12\fish12_frame003782_top_mask.png,C:\Users\shain\Downloads\FISH DATASET\FISH DATASET\proof_frames_fish_frames_200\fish12\fish12_frame003782_front_mask.png
fish12,3783,C:\Users\shain\Downloads\FISH DATASET\FISH DATASET\proof_frames_fish_frames_200\fish12\fish12_frame003783_top.jpg,C:\Users\shain\Downloads\FISH DATASET\FISH DATASET\proof_frames_fish_frames_200\fish12\fish12_frame003783_front.jpg,C:\Users\shain\Downloads\FISH DATASET\FISH DATASET\proof_frames_fish_frames_200\fish12\fish12_frame003783_top_mask.png,C:\Users\shain\Downloads\FISH DATASET\FISH DATASET\proof_frames_fish_frames_200\fish12\fish12_frame003783_front_mask.png
fish12,3784,C:\Users\shain\Downloads\FISH DATASET\FISH DATASET\proof_frames_fish_frames_200\fish12\fish12_frame003784_top.jpg,C:\Users\shain\Downloads\FISH DATASET\FISH DATASET\proof_frames_fish_frames_200\fish12\fish12_frame003784_front.jpg,C:\Users\shain\Downloads\FISH DATASET\FISH DATASET\proof_frames_fish_frames_200\fish12\fish12_frame003784_top_mask.png,C:\Users\shain\Downloads\FISH DATASET\FISH DATASET\proof_frames_fish_frames_200\fish12\fish12_frame003784_front_mask.png
fish12,3785,C:\Users\shain\Downloads\FISH DATASET\FISH DATASET\proof_frames_fish_frames_200\fish12\fish12_frame003785_top.jpg,C:\Users\shain\Downloads\FISH DATASET\FISH DATASET\proof_frames_fish_frames_200\fish12\fish12_frame003785_front.jpg,C:\Users\shain\Downloads\FISH DATASET\FISH DATASET\proof_frames_fish_frames_200\fish12\fish12_frame003785_top_mask.png,C:\Users\shain\Downloads\FISH DATASET\FISH DATASET\proof_frames_fish_frames_200\fish12\fish12_frame003785_front_mask.png
fish12,3786,C:\Users\shain\Downloads\FISH DATASET\FISH DATASET\proof_frames_fish_frames_200\fish12\fish12_frame003786_top.jpg,C:\Users\shain\Downloads\FISH DATASET\FISH DATASET\proof_frames_fish_frames_200\fish12\fish12_frame003786_front.jpg,C:\Users\shain\Downloads\FISH DATASET\FISH DATASET\proof_frames_fish_frames_200\fish12\fish12_frame003786_top_mask.png,C:\Users\shain\Downloads\FISH DATASET\FISH DATASET\proof_frames_fish_frames_200\fish12\fish12_frame003786_front_mask.png
fish12,3787,C:\Users\shain\Downloads\FISH DATASET\FISH DATASET\proof_frames_fish_frames_200\fish12\fish12_frame003787_top.jpg,C:\Users\shain\Downloads\FISH DATASET\FISH DATASET\proof_frames_fish_frames_200\fish12\fish12_frame003787_front.jpg,C:\Users\shain\Downloads\FISH DATASET\FISH DATASET\proof_frames_fish_frames_200\fish12\fish12_frame003787_top_mask.png,C:\Users\shain\Downloads\FISH DATASET\FISH DATASET\proof_frames_fish_frames_200\fish12\fish12_frame003787_front_mask.png
fish12,3788,C:\Users\shain\Downloads\FISH DATASET\FISH DATASET\proof_frames_fish_frames_200\fish12\fish12_frame003788_top.jpg,C:\Users\shain\Downloads\FISH DATASET\FISH DATASET\proof_frames_fish_frames_200\fish12\fish12_frame003788_front.jpg,C:\Users\shain\Downloads\FISH DATASET\FISH DATASET\proof_frames_fish_frames_200\fish12\fish12_frame003788_top_mask.png,C:\Users\shain\Downloads\FISH DATASET\FISH DATASET\proof_frames_fish_frames_200\fish12\fish12_frame003788_front_mask.png
fish12,3789,C:\Users\shain\Downloads\FISH DATASET\FISH DATASET\proof_frames_fish_frames_200\fish12\fish12_frame003789_top.jpg,C:\Users\shain\Downloads\FISH DATASET\FISH DATASET\proof_frames_fish_frames_200\fish12\fish12_frame003789_front.jpg,C:\Users\shain\Downloads\FISH DATASET\FISH DATASET\proof_frames_fish_frames_200\fish12\fish12_frame003789_top_mask.png,C:\Users\shain\Downloads\FISH DATASET\FISH DATASET\proof_frames_fish_frames_200\fish12\fish12_frame003789_front_mask.png
fish12,3790,C:\Users\shain\Downloads\FISH DATASET\FISH DATASET\proof_frames_fish_frames_200\fish12\fish12_frame003790_top.jpg,C:\Users\shain\Downloads\FISH DATASET\FISH DATASET\proof_frames_fish_frames_200\fish12\fish12_frame003790_front.jpg,C:\Users\shain\Downloads\FISH DATASET\FISH DATASET\proof_frames_fish_frames_200\fish12\fish12_frame003790_top_mask.png,C:\Users\shain\Downloads\FISH DATASET\FISH DATASET\proof_frames_fish_frames_200\fish12\fish12_frame003790_front_mask.png
fish12,3791,C:\Users\shain\Downloads\FISH DATASET\FISH DATASET\proof_frames_fish_frames_200\fish12\fish12_frame003791_top.jpg,C:\Users\shain\Downloads\FISH DATASET\FISH DATASET\proof_frames_fish_frames_200\fish12\fish12_frame003791_front.jpg,C:\Users\shain\Downloads\FISH DATASET\FISH DATASET\proof_frames_fish_frames_200\fish12\fish12_frame003791_top_mask.png,C:\Users\shain\Downloads\FISH DATASET\FISH DATASET\proof_frames_fish_frames_200\fish12\fish12_frame003791_front_mask.png
fish12,3792,C:\Users\shain\Downloads\FISH DATASET\FISH DATASET\proof_frames_fish_frames_200\fish12\fish12_frame003792_top.jpg,C:\Users\shain\Downloads\FISH DATASET\FISH DATASET\proof_frames_fish_frames_200\fish12\fish12_frame003792_front.jpg,C:\Users\shain\Downloads\FISH DATASET\FISH DATASET\proof_frames_fish_frames_200\fish12\fish12_frame003792_top_mask.png,C:\Users\shain\Downloads\FISH DATASET\FISH DATASET\proof_frames_fish_frames_200\fish12\fish12_frame003792_front_mask.png
fish12,3793,C:\Users\shain\Downloads\FISH DATASET\FISH DATASET\proof_frames_fish_frames_200\fish12\fish12_frame003793_top.jpg,C:\Users\shain\Downloads\FISH DATASET\FISH DATASET\proof_frames_fish_frames_200\fish12\fish12_frame003793_front.jpg,C:\Users\shain\Downloads\FISH DATASET\FISH DATASET\proof_frames_fish_frames_200\fish12\fish12_frame003793_top_mask.png,C:\Users\shain\Downloads\FISH DATASET\FISH DATASET\proof_frames_fish_frames_200\fish12\fish12_frame003793_front_mask.png
fish12,3794,C:\Users\shain\Downloads\FISH DATASET\FISH DATASET\proof_frames_fish_frames_200\fish12\fish12_frame003794_top.jpg,C:\Users\shain\Downloads\FISH DATASET\FISH DATASET\proof_frames_fish_frames_200\fish12\fish12_frame003794_front.jpg,C:\Users\shain\Downloads\FISH DATASET\FISH DATASET\proof_frames_fish_frames_200\fish12\fish12_frame003794_top_mask.png,C:\Users\shain\Downloads\FISH DATASET\FISH DATASET\proof_frames_fish_frames_200\fish12\fish12_frame003794_front_mask.png
fish12,3795,C:\Users\shain\Downloads\FISH DATASET\FISH DATASET\proof_frames_fish_frames_200\fish12\fish12_frame003795_top.jpg,C:\Users\shain\Downloads\FISH DATASET\FISH DATASET\proof_frames_fish_frames_200\fish12\fish12_frame003795_front.jpg,C:\Users\shain\Downloads\FISH DATASET\FISH DATASET\proof_frames_fish_frames_200\fish12\fish12_frame003795_top_mask.png,C:\Users\shain\Downloads\FISH DATASET\FISH DATASET\proof_frames_fish_frames_200\fish12\fish12_frame003795_front_mask.png
fish12,3796,C:\Users\shain\Downloads\FISH DATASET\FISH DATASET\proof_frames_fish_frames_200\fish12\fish12_frame003796_top.jpg,C:\Users\shain\Downloads\FISH DATASET\FISH DATASET\proof_frames_fish_frames_200\fish12\fish12_frame003796_front.jpg,C:\Users\shain\Downloads\FISH DATASET\FISH DATASET\proof_frames_fish_frames_200\fish12\fish12_frame003796_top_mask.png,C:\Users\shain\Downloads\FISH DATASET\FISH DATASET\proof_frames_fish_frames_200\fish12\fish12_frame003796_front_mask.png
fish12,3797,C:\Users\shain\Downloads\FISH DATASET\FISH DATASET\proof_frames_fish_frames_200\fish12\fish12_frame003797_top.jpg,C:\Users\shain\Downloads\FISH DATASET\FISH DATASET\proof_frames_fish_frames_200\fish12\fish12_frame003797_front.jpg,C:\Users\shain\Downloads\FISH DATASET\FISH DATASET\proof_frames_fish_frames_200\fish12\fish12_frame003797_top_mask.png,C:\Users\shain\Downloads\FISH DATASET\FISH DATASET\proof_frames_fish_frames_200\fish12\fish12_frame003797_front_mask.png
fish12,3798,C:\Users\shain\Downloads\FISH DATASET\FISH DATASET\proof_frames_fish_frames_200\fish12\fish12_frame003798_top.jpg,C:\Users\shain\Downloads\FISH DATASET\FISH DATASET\proof_frames_fish_frames_200\fish12\fish12_frame003798_front.jpg,C:\Users\shain\Downloads\FISH DATASET\FISH DATASET\proof_frames_fish_frames_200\fish12\fish12_frame003798_top_mask.png,C:\Users\shain\Downloads\FISH DATASET\FISH DATASET\proof_frames_fish_frames_200\fish12\fish12_frame003798_front_mask.png
fish12,3799,C:\Users\shain\Downloads\FISH DATASET\FISH DATASET\proof_frames_fish_frames_200\fish12\fish12_frame003799_top.jpg,C:\Users\shain\Downloads\FISH DATASET\FISH DATASET\proof_frames_fish_frames_200\fish12\fish12_frame003799_front.jpg,C:\Users\shain\Downloads\FISH DATASET\FISH DATASET\proof_frames_fish_frames_200\fish12\fish12_frame003799_top_mask.png,C:\Users\shain\Downloads\FISH DATASET\FISH DATASET\proof_frames_fish_frames_200\fish12\fish12_frame003799_front_mask.png
fish12,3800,C:\Users\shain\Downloads\FISH DATASET\FISH DATASET\proof_frames_fish_frames_200\fish12\fish12_frame003800_top.jpg,C:\Users\shain\Downloads\FISH DATASET\FISH DATASET\proof_frames_fish_frames_200\fish12\fish12_frame003800_front.jpg,C:\Users\shain\Downloads\FISH DATASET\FISH DATASET\proof_frames_fish_frames_200\fish12\fish12_frame003800_top_mask.png,C:\Users\shain\Downloads\FISH DATASET\FISH DATASET\proof_frames_fish_frames_200\fish12\fish12_frame003800_front_mask.png
fish12,3801,C:\Users\shain\Downloads\FISH DATASET\FISH DATASET\proof_frames_fish_frames_200\fish12\fish12_frame003801_top.jpg,C:\Users\shain\Downloads\FISH DATASET\FISH DATASET\proof_frames_fish_frames_200\fish12\fish12_frame003801_front.jpg,C:\Users\shain\Downloads\FISH DATASET\FISH DATASET\proof_frames_fish_frames_200\fish12\fish12_frame003801_top_mask.png,C:\Users\shain\Downloads\FISH DATASET\FISH DATASET\proof_frames_fish_frames_200\fish12\fish12_frame003801_front_mask.png
fish12,3802,C:\Users\shain\Downloads\FISH DATASET\FISH DATASET\proof_frames_fish_frames_200\fish12\fish12_frame003802_top.jpg,C:\Users\shain\Downloads\FISH DATASET\FISH DATASET\proof_frames_fish_frames_200\fish12\fish12_frame003802_front.jpg,C:\Users\shain\Downloads\FISH DATASET\FISH DATASET\proof_frames_fish_frames_200\fish12\fish12_frame003802_top_mask.png,C:\Users\shain\Downloads\FISH DATASET\FISH DATASET\proof_frames_fish_frames_200\fish12\fish12_frame003802_front_mask.png
fish12,3803,C:\Users\shain\Downloads\FISH DATASET\FISH DATASET\proof_frames_fish_frames_200\fish12\fish12_frame003803_top.jpg,C:\Users\shain\Downloads\FISH DATASET\FISH DATASET\proof_frames_fish_frames_200\fish12\fish12_frame003803_front.jpg,C:\Users\shain\Downloads\FISH DATASET\FISH DATASET\proof_frames_fish_frames_200\fish12\fish12_frame003803_top_mask.png,C:\Users\shain\Downloads\FISH DATASET\FISH DATASET\proof_frames_fish_frames_200\fish12\fish12_frame003803_front_mask.png
fish12,3804,C:\Users\shain\Downloads\FISH DATASET\FISH DATASET\proof_frames_fish_frames_200\fish12\fish12_frame003804_top.jpg,C:\Users\shain\Downloads\FISH DATASET\FISH DATASET\proof_frames_fish_frames_200\fish12\fish12_frame003804_front.jpg,C:\Users\shain\Downloads\FISH DATASET\FISH DATASET\proof_frames_fish_frames_200\fish12\fish12_frame003804_top_mask.png,C:\Users\shain\Downloads\FISH DATASET\FISH DATASET\proof_frames_fish_frames_200\fish12\fish12_frame003804_front_mask.png
fish12,3805,C:\Users\shain\Downloads\FISH DATASET\FISH DATASET\proof_frames_fish_frames_200\fish12\fish12_frame003805_top.jpg,C:\Users\shain\Downloads\FISH DATASET\FISH DATASET\proof_frames_fish_frames_200\fish12\fish12_frame003805_front.jpg,C:\Users\shain\Downloads\FISH DATASET\FISH DATASET\proof_frames_fish_frames_200\fish12\fish12_frame003805_top_mask.png,C:\Users\shain\Downloads\FISH DATASET\FISH DATASET\proof_frames_fish_frames_200\fish12\fish12_frame003805_front_mask.png
fish12,3806,C:\Users\shain\Downloads\FISH DATASET\FISH DATASET\proof_frames_fish_frames_200\fish12\fish12_frame003806_top.jpg,C:\Users\shain\Downloads\FISH DATASET\FISH DATASET\proof_frames_fish_frames_200\fish12\fish12_frame003806_front.jpg,C:\Users\shain\Downloads\FISH DATASET\FISH DATASET\proof_frames_fish_frames_200\fish12\fish12_frame003806_top_mask.png,C:\Users\shain\Downloads\FISH DATASET\FISH DATASET\proof_frames_fish_frames_200\fish12\fish12_frame003806_front_mask.png
fish12,3807,C:\Users\shain\Downloads\FISH DATASET\FISH DATASET\proof_frames_fish_frames_200\fish12\fish12_frame003807_top.jpg,C:\Users\shain\Downloads\FISH DATASET\FISH DATASET\proof_frames_fish_frames_200\fish12\fish12_frame003807_front.jpg,C:\Users\shain\Downloads\FISH DATASET\FISH DATASET\proof_frames_fish_frames_200\fish12\fish12_frame003807_top_mask.png,C:\Users\shain\Downloads\FISH DATASET\FISH DATASET\proof_frames_fish_frames_200\fish12\fish12_frame003807_front_mask.png
fish12,3808,C:\Users\shain\Downloads\FISH DATASET\FISH DATASET\proof_frames_fish_frames_200\fish12\fish12_frame003808_top.jpg,C:\Users\shain\Downloads\FISH DATASET\FISH DATASET\proof_frames_fish_frames_200\fish12\fish12_frame003808_front.jpg,C:\Users\shain\Downloads\FISH DATASET\FISH DATASET\proof_frames_fish_frames_200\fish12\fish12_frame003808_top_mask.png,C:\Users\shain\Downloads\FISH DATASET\FISH DATASET\proof_frames_fish_frames_200\fish12\fish12_frame003808_front_mask.png
fish12,3809,C:\Users\shain\Downloads\FISH DATASET\FISH DATASET\proof_frames_fish_frames_200\fish12\fish12_frame003809_top.jpg,C:\Users\shain\Downloads\FISH DATASET\FISH DATASET\proof_frames_fish_frames_200\fish12\fish12_frame003809_front.jpg,C:\Users\shain\Downloads\FISH DATASET\FISH DATASET\proof_frames_fish_frames_200\fish12\fish12_frame003809_top_mask.png,C:\Users\shain\Downloads\FISH DATASET\FISH DATASET\proof_frames_fish_frames_200\fish12\fish12_frame003809_front_mask.png
fish12,3810,C:\Users\shain\Downloads\FISH DATASET\FISH DATASET\proof_frames_fish_frames_200\fish12\fish12_frame003810_top.jpg,C:\Users\shain\Downloads\FISH DATASET\FISH DATASET\proof_frames_fish_frames_200\fish12\fish12_frame003810_front.jpg,C:\Users\shain\Downloads\FISH DATASET\FISH DATASET\proof_frames_fish_frames_200\fish12\fish12_frame003810_top_mask.png,C:\Users\shain\Downloads\FISH DATASET\FISH DATASET\proof_frames_fish_frames_200\fish12\fish12_frame003810_front_mask.png
fish12,3811,C:\Users\shain\Downloads\FISH DATASET\FISH DATASET\proof_frames_fish_frames_200\fish12\fish12_frame003811_top.jpg,C:\Users\shain\Downloads\FISH DATASET\FISH DATASET\proof_frames_fish_frames_200\fish12\fish12_frame003811_front.jpg,C:\Users\shain\Downloads\FISH DATASET\FISH DATASET\proof_frames_fish_frames_200\fish12\fish12_frame003811_top_mask.png,C:\Users\shain\Downloads\FISH DATASET\FISH DATASET\proof_frames_fish_frames_200\fish12\fish12_frame003811_front_mask.png
fish12,3812,C:\Users\shain\Downloads\FISH DATASET\FISH DATASET\proof_frames_fish_frames_200\fish12\fish12_frame003812_top.jpg,C:\Users\shain\Downloads\FISH DATASET\FISH DATASET\proof_frames_fish_frames_200\fish12\fish12_frame003812_front.jpg,C:\Users\shain\Downloads\FISH DATASET\FISH DATASET\proof_frames_fish_frames_200\fish12\fish12_frame003812_top_mask.png,C:\Users\shain\Downloads\FISH DATASET\FISH DATASET\proof_frames_fish_frames_200\fish12\fish12_frame003812_front_mask.png
fish12,3813,C:\Users\shain\Downloads\FISH DATASET\FISH DATASET\proof_frames_fish_frames_200\fish12\fish12_frame003813_top.jpg,C:\Users\shain\Downloads\FISH DATASET\FISH DATASET\proof_frames_fish_frames_200\fish12\fish12_frame003813_front.jpg,C:\Users\shain\Downloads\FISH DATASET\FISH DATASET\proof_frames_fish_frames_200\fish12\fish12_frame003813_top_mask.png,C:\Users\shain\Downloads\FISH DATASET\FISH DATASET\proof_frames_fish_frames_200\fish12\fish12_frame003813_front_mask.png
fish12,3814,C:\Users\shain\Downloads\FISH DATASET\FISH DATASET\proof_frames_fish_frames_200\fish12\fish12_frame003814_top.jpg,C:\Users\shain\Downloads\FISH DATASET\FISH DATASET\proof_frames_fish_frames_200\fish12\fish12_frame003814_front.jpg,C:\Users\shain\Downloads\FISH DATASET\FISH DATASET\proof_frames_fish_frames_200\fish12\fish12_frame003814_top_mask.png,C:\Users\shain\Downloads\FISH DATASET\FISH DATASET\proof_frames_fish_frames_200\fish12\fish12_frame003814_front_mask.png
fish12,3815,C:\Users\shain\Downloads\FISH DATASET\FISH DATASET\proof_frames_fish_frames_200\fish12\fish12_frame003815_top.jpg,C:\Users\shain\Downloads\FISH DATASET\FISH DATASET\proof_frames_fish_frames_200\fish12\fish12_frame003815_front.jpg,C:\Users\shain\Downloads\FISH DATASET\FISH DATASET\proof_frames_fish_frames_200\fish12\fish12_frame003815_top_mask.png,C:\Users\shain\Downloads\FISH DATASET\FISH DATASET\proof_frames_fish_frames_200\fish12\fish12_frame003815_front_mask.png
fish12,3816,C:\Users\shain\Downloads\FISH DATASET\FISH DATASET\proof_frames_fish_frames_200\fish12\fish12_frame003816_top.jpg,C:\Users\shain\Downloads\FISH DATASET\FISH DATASET\proof_frames_fish_frames_200\fish12\fish12_frame003816_front.jpg,C:\Users\shain\Downloads\FISH DATASET\FISH DATASET\proof_frames_fish_frames_200\fish12\fish12_frame003816_top_mask.png,C:\Users\shain\Downloads\FISH DATASET\FISH DATASET\proof_frames_fish_frames_200\fish12\fish12_frame003816_front_mask.png
fish12,3817,C:\Users\shain\Downloads\FISH DATASET\FISH DATASET\proof_frames_fish_frames_200\fish12\fish12_frame003817_top.jpg,C:\Users\shain\Downloads\FISH DATASET\FISH DATASET\proof_frames_fish_frames_200\fish12\fish12_frame003817_front.jpg,C:\Users\shain\Downloads\FISH DATASET\FISH DATASET\proof_frames_fish_frames_200\fish12\fish12_frame003817_top_mask.png,C:\Users\shain\Downloads\FISH DATASET\FISH DATASET\proof_frames_fish_frames_200\fish12\fish12_frame003817_front_mask.png
fish12,3818,C:\Users\shain\Downloads\FISH DATASET\FISH DATASET\proof_frames_fish_frames_200\fish12\fish12_frame003818_top.jpg,C:\Users\shain\Downloads\FISH DATASET\FISH DATASET\proof_frames_fish_frames_200\fish12\fish12_frame003818_front.jpg,C:\Users\shain\Downloads\FISH DATASET\FISH DATASET\proof_frames_fish_frames_200\fish12\fish12_frame003818_top_mask.png,C:\Users\shain\Downloads\FISH DATASET\FISH DATASET\proof_frames_fish_frames_200\fish12\fish12_frame003818_front_mask.png
fish12,3819,C:\Users\shain\Downloads\FISH DATASET\FISH DATASET\proof_frames_fish_frames_200\fish12\fish12_frame003819_top.jpg,C:\Users\shain\Downloads\FISH DATASET\FISH DATASET\proof_frames_fish_frames_200\fish12\fish12_frame003819_front.jpg,C:\Users\shain\Downloads\FISH DATASET\FISH DATASET\proof_frames_fish_frames_200\fish12\fish12_frame003819_top_mask.png,C:\Users\shain\Downloads\FISH DATASET\FISH DATASET\proof_frames_fish_frames_200\fish12\fish12_frame003819_front_mask.png
fish12,3820,C:\Users\shain\Downloads\FISH DATASET\FISH DATASET\proof_frames_fish_frames_200\fish12\fish12_frame003820_top.jpg,C:\Users\shain\Downloads\FISH DATASET\FISH DATASET\proof_frames_fish_frames_200\fish12\fish12_frame003820_front.jpg,C:\Users\shain\Downloads\FISH DATASET\FISH DATASET\proof_frames_fish_frames_200\fish12\fish12_frame003820_top_mask.png,C:\Users\shain\Downloads\FISH DATASET\FISH DATASET\proof_frames_fish_frames_200\fish12\fish12_frame003820_front_mask.png
fish12,3821,C:\Users\shain\Downloads\FISH DATASET\FISH DATASET\proof_frames_fish_frames_200\fish12\fish12_frame003821_top.jpg,C:\Users\shain\Downloads\FISH DATASET\FISH DATASET\proof_frames_fish_frames_200\fish12\fish12_frame003821_front.jpg,C:\Users\shain\Downloads\FISH DATASET\FISH DATASET\proof_frames_fish_frames_200\fish12\fish12_frame003821_top_mask.png,C:\Users\shain\Downloads\FISH DATASET\FISH DATASET\proof_frames_fish_frames_200\fish12\fish12_frame003821_front_mask.png
fish12,3822,C:\Users\shain\Downloads\FISH DATASET\FISH DATASET\proof_frames_fish_frames_200\fish12\fish12_frame003822_top.jpg,C:\Users\shain\Downloads\FISH DATASET\FISH DATASET\proof_frames_fish_frames_200\fish12\fish12_frame003822_front.jpg,C:\Users\shain\Downloads\FISH DATASET\FISH DATASET\proof_frames_fish_frames_200\fish12\fish12_frame003822_top_mask.png,C:\Users\shain\Downloads\FISH DATASET\FISH DATASET\proof_frames_fish_frames_200\fish12\fish12_frame003822_front_mask.png
fish12,3823,C:\Users\shain\Downloads\FISH DATASET\FISH DATASET\proof_frames_fish_frames_200\fish12\fish12_frame003823_top.jpg,C:\Users\shain\Downloads\FISH DATASET\FISH DATASET\proof_frames_fish_frames_200\fish12\fish12_frame003823_front.jpg,C:\Users\shain\Downloads\FISH DATASET\FISH DATASET\proof_frames_fish_frames_200\fish12\fish12_frame003823_top_mask.png,C:\Users\shain\Downloads\FISH DATASET\FISH DATASET\proof_frames_fish_frames_200\fish12\fish12_frame003823_front_mask.png
fish12,3824,C:\Users\shain\Downloads\FISH DATASET\FISH DATASET\proof_frames_fish_frames_200\fish12\fish12_frame003824_top.jpg,C:\Users\shain\Downloads\FISH DATASET\FISH DATASET\proof_frames_fish_frames_200\fish12\fish12_frame003824_front.jpg,C:\Users\shain\Downloads\FISH DATASET\FISH DATASET\proof_frames_fish_frames_200\fish12\fish12_frame003824_top_mask.png,C:\Users\shain\Downloads\FISH DATASET\FISH DATASET\proof_frames_fish_frames_200\fish12\fish12_frame003824_front_mask.png
fish12,3825,C:\Users\shain\Downloads\FISH DATASET\FISH DATASET\proof_frames_fish_frames_200\fish12\fish12_frame003825_top.jpg,C:\Users\shain\Downloads\FISH DATASET\FISH DATASET\proof_frames_fish_frames_200\fish12\fish12_frame003825_front.jpg,C:\Users\shain\Downloads\FISH DATASET\FISH DATASET\proof_frames_fish_frames_200\fish12\fish12_frame003825_top_mask.png,C:\Users\shain\Downloads\FISH DATASET\FISH DATASET\proof_frames_fish_frames_200\fish12\fish12_frame003825_front_mask.png
fish12,3826,C:\Users\shain\Downloads\FISH DATASET\FISH DATASET\proof_frames_fish_frames_200\fish12\fish12_frame003826_top.jpg,C:\Users\shain\Downloads\FISH DATASET\FISH DATASET\proof_frames_fish_frames_200\fish12\fish12_frame003826_front.jpg,C:\Users\shain\Downloads\FISH DATASET\FISH DATASET\proof_frames_fish_frames_200\fish12\fish12_frame003826_top_mask.png,C:\Users\shain\Downloads\FISH DATASET\FISH DATASET\proof_frames_fish_frames_200\fish12\fish12_frame003826_front_mask.png
fish12,3827,C:\Users\shain\Downloads\FISH DATASET\FISH DATASET\proof_frames_fish_frames_200\fish12\fish12_frame003827_top.jpg,C:\Users\shain\Downloads\FISH DATASET\FISH DATASET\proof_frames_fish_frames_200\fish12\fish12_frame003827_front.jpg,C:\Users\shain\Downloads\FISH DATASET\FISH DATASET\proof_frames_fish_frames_200\fish12\fish12_frame003827_top_mask.png,C:\Users\shain\Downloads\FISH DATASET\FISH DATASET\proof_frames_fish_frames_200\fish12\fish12_frame003827_front_mask.png
fish12,3828,C:\Users\shain\Downloads\FISH DATASET\FISH DATASET\proof_frames_fish_frames_200\fish12\fish12_frame003828_top.jpg,C:\Users\shain\Downloads\FISH DATASET\FISH DATASET\proof_frames_fish_frames_200\fish12\fish12_frame003828_front.jpg,C:\Users\shain\Downloads\FISH DATASET\FISH DATASET\proof_frames_fish_frames_200\fish12\fish12_frame003828_top_mask.png,C:\Users\shain\Downloads\FISH DATASET\FISH DATASET\proof_frames_fish_frames_200\fish12\fish12_frame003828_front_mask.png
fish12,3829,C:\Users\shain\Downloads\FISH DATASET\FISH DATASET\proof_frames_fish_frames_200\fish12\fish12_frame003829_top.jpg,C:\Users\shain\Downloads\FISH DATASET\FISH DATASET\proof_frames_fish_frames_200\fish12\fish12_frame003829_front.jpg,C:\Users\shain\Downloads\FISH DATASET\FISH DATASET\proof_frames_fish_frames_200\fish12\fish12_frame003829_top_mask.png,C:\Users\shain\Downloads\FISH DATASET\FISH DATASET\proof_frames_fish_frames_200\fish12\fish12_frame003829_front_mask.png
fish12,3830,C:\Users\shain\Downloads\FISH DATASET\FISH DATASET\proof_frames_fish_frames_200\fish12\fish12_frame003830_top.jpg,C:\Users\shain\Downloads\FISH DATASET\FISH DATASET\proof_frames_fish_frames_200\fish12\fish12_frame003830_front.jpg,C:\Users\shain\Downloads\FISH DATASET\FISH DATASET\proof_frames_fish_frames_200\fish12\fish12_frame003830_top_mask.png,C:\Users\shain\Downloads\FISH DATASET\FISH DATASET\proof_frames_fish_frames_200\fish12\fish12_frame003830_front_mask.png
fish12,3831,C:\Users\shain\Downloads\FISH DATASET\FISH DATASET\proof_frames_fish_frames_200\fish12\fish12_frame003831_top.jpg,C:\Users\shain\Downloads\FISH DATASET\FISH DATASET\proof_frames_fish_frames_200\fish12\fish12_frame003831_front.jpg,C:\Users\shain\Downloads\FISH DATASET\FISH DATASET\proof_frames_fish_frames_200\fish12\fish12_frame003831_top_mask.png,C:\Users\shain\Downloads\FISH DATASET\FISH DATASET\proof_frames_fish_frames_200\fish12\fish12_frame003831_front_mask.png
fish12,3832,C:\Users\shain\Downloads\FISH DATASET\FISH DATASET\proof_frames_fish_frames_200\fish12\fish12_frame003832_top.jpg,C:\Users\shain\Downloads\FISH DATASET\FISH DATASET\proof_frames_fish_frames_200\fish12\fish12_frame003832_front.jpg,C:\Users\shain\Downloads\FISH DATASET\FISH DATASET\proof_frames_fish_frames_200\fish12\fish12_frame003832_top_mask.png,C:\Users\shain\Downloads\FISH DATASET\FISH DATASET\proof_frames_fish_frames_200\fish12\fish12_frame003832_front_mask.png
fish12,3833,C:\Users\shain\Downloads\FISH DATASET\FISH DATASET\proof_frames_fish_frames_200\fish12\fish12_frame003833_top.jpg,C:\Users\shain\Downloads\FISH DATASET\FISH DATASET\proof_frames_fish_frames_200\fish12\fish12_frame003833_front.jpg,C:\Users\shain\Downloads\FISH DATASET\FISH DATASET\proof_frames_fish_frames_200\fish12\fish12_frame003833_top_mask.png,C:\Users\shain\Downloads\FISH DATASET\FISH DATASET\proof_frames_fish_frames_200\fish12\fish12_frame003833_front_mask.png
fish12,3834,C:\Users\shain\Downloads\FISH DATASET\FISH DATASET\proof_frames_fish_frames_200\fish12\fish12_frame003834_top.jpg,C:\Users\shain\Downloads\FISH DATASET\FISH DATASET\proof_frames_fish_frames_200\fish12\fish12_frame003834_front.jpg,C:\Users\shain\Downloads\FISH DATASET\FISH DATASET\proof_frames_fish_frames_200\fish12\fish12_frame003834_top_mask.png,C:\Users\shain\Downloads\FISH DATASET\FISH DATASET\proof_frames_fish_frames_200\fish12\fish12_frame003834_front_mask.png
fish12,3835,C:\Users\shain\Downloads\FISH DATASET\FISH DATASET\proof_frames_fish_frames_200\fish12\fish12_frame003835_top.jpg,C:\Users\shain\Downloads\FISH DATASET\FISH DATASET\proof_frames_fish_frames_200\fish12\fish12_frame003835_front.jpg,C:\Users\shain\Downloads\FISH DATASET\FISH DATASET\proof_frames_fish_frames_200\fish12\fish12_frame003835_top_mask.png,C:\Users\shain\Downloads\FISH DATASET\FISH DATASET\proof_frames_fish_frames_200\fish12\fish12_frame003835_front_mask.png
fish12,3836,C:\Users\shain\Downloads\FISH DATASET\FISH DATASET\proof_frames_fish_frames_200\fish12\fish12_frame003836_top.jpg,C:\Users\shain\Downloads\FISH DATASET\FISH DATASET\proof_frames_fish_frames_200\fish12\fish12_frame003836_front.jpg,C:\Users\shain\Downloads\FISH DATASET\FISH DATASET\proof_frames_fish_frames_200\fish12\fish12_frame003836_top_mask.png,C:\Users\shain\Downloads\FISH DATASET\FISH DATASET\proof_frames_fish_frames_200\fish12\fish12_frame003836_front_mask.png
fish12,3837,C:\Users\shain\Downloads\FISH DATASET\FISH DATASET\proof_frames_fish_frames_200\fish12\fish12_frame003837_top.jpg,C:\Users\shain\Downloads\FISH DATASET\FISH DATASET\proof_frames_fish_frames_200\fish12\fish12_frame003837_front.jpg,C:\Users\shain\Downloads\FISH DATASET\FISH DATASET\proof_frames_fish_frames_200\fish12\fish12_frame003837_top_mask.png,C:\Users\shain\Downloads\FISH DATASET\FISH DATASET\proof_frames_fish_frames_200\fish12\fish12_frame003837_front_mask.png
fish12,3838,C:\Users\shain\Downloads\FISH DATASET\FISH DATASET\proof_frames_fish_frames_200\fish12\fish12_frame003838_top.jpg,C:\Users\shain\Downloads\FISH DATASET\FISH DATASET\proof_frames_fish_frames_200\fish12\fish12_frame003838_front.jpg,C:\Users\shain\Downloads\FISH DATASET\FISH DATASET\proof_frames_fish_frames_200\fish12\fish12_frame003838_top_mask.png,C:\Users\shain\Downloads\FISH DATASET\FISH DATASET\proof_frames_fish_frames_200\fish12\fish12_frame003838_front_mask.png
fish12,3839,C:\Users\shain\Downloads\FISH DATASET\FISH DATASET\proof_frames_fish_frames_200\fish12\fish12_frame003839_top.jpg,C:\Users\shain\Downloads\FISH DATASET\FISH DATASET\proof_frames_fish_frames_200\fish12\fish12_frame003839_front.jpg,C:\Users\shain\Downloads\FISH DATASET\FISH DATASET\proof_frames_fish_frames_200\fish12\fish12_frame003839_top_mask.png,C:\Users\shain\Downloads\FISH DATASET\FISH DATASET\proof_frames_fish_frames_200\fish12\fish12_frame003839_front_mask.png
fish12,3847,C:\Users\shain\Downloads\FISH DATASET\FISH DATASET\proof_frames_fish_frames_200\fish12\fish12_frame003847_top.jpg,C:\Users\shain\Downloads\FISH DATASET\FISH DATASET\proof_frames_fish_frames_200\fish12\fish12_frame003847_front.jpg,C:\Users\shain\Downloads\FISH DATASET\FISH DATASET\proof_frames_fish_frames_200\fish12\fish12_frame003847_top_mask.png,C:\Users\shain\Downloads\FISH DATASET\FISH DATASET\proof_frames_fish_frames_200\fish12\fish12_frame003847_front_mask.png
fish12,3848,C:\Users\shain\Downloads\FISH DATASET\FISH DATASET\proof_frames_fish_frames_200\fish12\fish12_frame003848_top.jpg,C:\Users\shain\Downloads\FISH DATASET\FISH DATASET\proof_frames_fish_frames_200\fish12\fish12_frame003848_front.jpg,C:\Users\shain\Downloads\FISH DATASET\FISH DATASET\proof_frames_fish_frames_200\fish12\fish12_frame003848_top_mask.png,C:\Users\shain\Downloads\FISH DATASET\FISH DATASET\proof_frames_fish_frames_200\fish12\fish12_frame003848_front_mask.png
fish12,3849,C:\Users\shain\Downloads\FISH DATASET\FISH DATASET\proof_frames_fish_frames_200\fish12\fish12_frame003849_top.jpg,C:\Users\shain\Downloads\FISH DATASET\FISH DATASET\proof_frames_fish_frames_200\fish12\fish12_frame003849_front.jpg,C:\Users\shain\Downloads\FISH DATASET\FISH DATASET\proof_frames_fish_frames_200\fish12\fish12_frame003849_top_mask.png,C:\Users\shain\Downloads\FISH DATASET\FISH DATASET\proof_frames_fish_frames_200\fish12\fish12_frame003849_front_mask.png
fish12,3850,C:\Users\shain\Downloads\FISH DATASET\FISH DATASET\proof_frames_fish_frames_200\fish12\fish12_frame003850_top.jpg,C:\Users\shain\Downloads\FISH DATASET\FISH DATASET\proof_frames_fish_frames_200\fish12\fish12_frame003850_front.jpg,C:\Users\shain\Downloads\FISH DATASET\FISH DATASET\proof_frames_fish_frames_200\fish12\fish12_frame003850_top_mask.png,C:\Users\shain\Downloads\FISH DATASET\FISH DATASET\proof_frames_fish_frames_200\fish12\fish12_frame003850_front_mask.png
fish12,3851,C:\Users\shain\Downloads\FISH DATASET\FISH DATASET\proof_frames_fish_frames_200\fish12\fish12_frame003851_top.jpg,C:\Users\shain\Downloads\FISH DATASET\FISH DATASET\proof_frames_fish_frames_200\fish12\fish12_frame003851_front.jpg,C:\Users\shain\Downloads\FISH DATASET\FISH DATASET\proof_frames_fish_frames_200\fish12\fish12_frame003851_top_mask.png,C:\Users\shain\Downloads\FISH DATASET\FISH DATASET\proof_frames_fish_frames_200\fish12\fish12_frame003851_front_mask.png
fish12,3852,C:\Users\shain\Downloads\FISH DATASET\FISH DATASET\proof_frames_fish_frames_200\fish12\fish12_frame003852_top.jpg,C:\Users\shain\Downloads\FISH DATASET\FISH DATASET\proof_frames_fish_frames_200\fish12\fish12_frame003852_front.jpg,C:\Users\shain\Downloads\FISH DATASET\FISH DATASET\proof_frames_fish_frames_200\fish12\fish12_frame003852_top_mask.png,C:\Users\shain\Downloads\FISH DATASET\FISH DATASET\proof_frames_fish_frames_200\fish12\fish12_frame003852_front_mask.png
fish12,3853,C:\Users\shain\Downloads\FISH DATASET\FISH DATASET\proof_frames_fish_frames_200\fish12\fish12_frame003853_top.jpg,C:\Users\shain\Downloads\FISH DATASET\FISH DATASET\proof_frames_fish_frames_200\fish12\fish12_frame003853_front.jpg,C:\Users\shain\Downloads\FISH DATASET\FISH DATASET\proof_frames_fish_frames_200\fish12\fish12_frame003853_top_mask.png,C:\Users\shain\Downloads\FISH DATASET\FISH DATASET\proof_frames_fish_frames_200\fish12\fish12_frame003853_front_mask.png
fish12,3858,C:\Users\shain\Downloads\FISH DATASET\FISH DATASET\proof_frames_fish_frames_200\fish12\fish12_frame003858_top.jpg,C:\Users\shain\Downloads\FISH DATASET\FISH DATASET\proof_frames_fish_frames_200\fish12\fish12_frame003858_front.jpg,C:\Users\shain\Downloads\FISH DATASET\FISH DATASET\proof_frames_fish_frames_200\fish12\fish12_frame003858_top_mask.png,C:\Users\shain\Downloads\FISH DATASET\FISH DATASET\proof_frames_fish_frames_200\fish12\fish12_frame003858_front_mask.png
fish12,3859,C:\Users\shain\Downloads\FISH DATASET\FISH DATASET\proof_frames_fish_frames_200\fish12\fish12_frame003859_top.jpg,C:\Users\shain\Downloads\FISH DATASET\FISH DATASET\proof_frames_fish_frames_200\fish12\fish12_frame003859_front.jpg,C:\Users\shain\Downloads\FISH DATASET\FISH DATASET\proof_frames_fish_frames_200\fish12\fish12_frame003859_top_mask.png,C:\Users\shain\Downloads\FISH DATASET\FISH DATASET\proof_frames_fish_frames_200\fish12\fish12_frame003859_front_mask.png
fish12,3860,C:\Users\shain\Downloads\FISH DATASET\FISH DATASET\proof_frames_fish_frames_200\fish12\fish12_frame003860_top.jpg,C:\Users\shain\Downloads\FISH DATASET\FISH DATASET\proof_frames_fish_frames_200\fish12\fish12_frame003860_front.jpg,C:\Users\shain\Downloads\FISH DATASET\FISH DATASET\proof_frames_fish_frames_200\fish12\fish12_frame003860_top_mask.png,C:\Users\shain\Downloads\FISH DATASET\FISH DATASET\proof_frames_fish_frames_200\fish12\fish12_frame003860_front_mask.png
fish12,3861,C:\Users\shain\Downloads\FISH DATASET\FISH DATASET\proof_frames_fish_frames_200\fish12\fish12_frame003861_top.jpg,C:\Users\shain\Downloads\FISH DATASET\FISH DATASET\proof_frames_fish_frames_200\fish12\fish12_frame003861_front.jpg,C:\Users\shain\Downloads\FISH DATASET\FISH DATASET\proof_frames_fish_frames_200\fish12\fish12_frame003861_top_mask.png,C:\Users\shain\Downloads\FISH DATASET\FISH DATASET\proof_frames_fish_frames_200\fish12\fish12_frame003861_front_mask.png
fish12,3862,C:\Users\shain\Downloads\FISH DATASET\FISH DATASET\proof_frames_fish_frames_200\fish12\fish12_frame003862_top.jpg,C:\Users\shain\Downloads\FISH DATASET\FISH DATASET\proof_frames_fish_frames_200\fish12\fish12_frame003862_front.jpg,C:\Users\shain\Downloads\FISH DATASET\FISH DATASET\proof_frames_fish_frames_200\fish12\fish12_frame003862_top_mask.png,C:\Users\shain\Downloads\FISH DATASET\FISH DATASET\proof_frames_fish_frames_200\fish12\fish12_frame003862_front_mask.png
fish12,3863,C:\Users\shain\Downloads\FISH DATASET\FISH DATASET\proof_frames_fish_frames_200\fish12\fish12_frame003863_top.jpg,C:\Users\shain\Downloads\FISH DATASET\FISH DATASET\proof_frames_fish_frames_200\fish12\fish12_frame003863_front.jpg,C:\Users\shain\Downloads\FISH DATASET\FISH DATASET\proof_frames_fish_frames_200\fish12\fish12_frame003863_top_mask.png,C:\Users\shain\Downloads\FISH DATASET\FISH DATASET\proof_frames_fish_frames_200\fish12\fish12_frame003863_front_mask.png
fish12,3864,C:\Users\shain\Downloads\FISH DATASET\FISH DATASET\proof_frames_fish_frames_200\fish12\fish12_frame003864_top.jpg,C:\Users\shain\Downloads\FISH DATASET\FISH DATASET\proof_frames_fish_frames_200\fish12\fish12_frame003864_front.jpg,C:\Users\shain\Downloads\FISH DATASET\FISH DATASET\proof_frames_fish_frames_200\fish12\fish12_frame003864_top_mask.png,C:\Users\shain\Downloads\FISH DATASET\FISH DATASET\proof_frames_fish_frames_200\fish12\fish12_frame003864_front_mask.png
fish12,3865,C:\Users\shain\Downloads\FISH DATASET\FISH DATASET\proof_frames_fish_frames_200\fish12\fish12_frame003865_top.jpg,C:\Users\shain\Downloads\FISH DATASET\FISH DATASET\proof_frames_fish_frames_200\fish12\fish12_frame003865_front.jpg,C:\Users\shain\Downloads\FISH DATASET\FISH DATASET\proof_frames_fish_frames_200\fish12\fish12_frame003865_top_mask.png,C:\Users\shain\Downloads\FISH DATASET\FISH DATASET\proof_frames_fish_frames_200\fish12\fish12_frame003865_front_mask.png
fish12,3866,C:\Users\shain\Downloads\FISH DATASET\FISH DATASET\proof_frames_fish_frames_200\fish12\fish12_frame003866_top.jpg,C:\Users\shain\Downloads\FISH DATASET\FISH DATASET\proof_frames_fish_frames_200\fish12\fish12_frame003866_front.jpg,C:\Users\shain\Downloads\FISH DATASET\FISH DATASET\proof_frames_fish_frames_200\fish12\fish12_frame003866_top_mask.png,C:\Users\shain\Downloads\FISH DATASET\FISH DATASET\proof_frames_fish_frames_200\fish12\fish12_frame003866_front_mask.png
fish12,3867,C:\Users\shain\Downloads\FISH DATASET\FISH DATASET\proof_frames_fish_frames_200\fish12\fish12_frame003867_top.jpg,C:\Users\shain\Downloads\FISH DATASET\FISH DATASET\proof_frames_fish_frames_200\fish12\fish12_frame003867_front.jpg,C:\Users\shain\Downloads\FISH DATASET\FISH DATASET\proof_frames_fish_frames_200\fish12\fish12_frame003867_top_mask.png,C:\Users\shain\Downloads\FISH DATASET\FISH DATASET\proof_frames_fish_frames_200\fish12\fish12_frame003867_front_mask.png
fish12,3868,C:\Users\shain\Downloads\FISH DATASET\FISH DATASET\proof_frames_fish_frames_200\fish12\fish12_frame003868_top.jpg,C:\Users\shain\Downloads\FISH DATASET\FISH DATASET\proof_frames_fish_frames_200\fish12\fish12_frame003868_front.jpg,C:\Users\shain\Downloads\FISH DATASET\FISH DATASET\proof_frames_fish_frames_200\fish12\fish12_frame003868_top_mask.png,C:\Users\shain\Downloads\FISH DATASET\FISH DATASET\proof_frames_fish_frames_200\fish12\fish12_frame003868_front_mask.png
fish12,3869,C:\Users\shain\Downloads\FISH DATASET\FISH DATASET\proof_frames_fish_frames_200\fish12\fish12_frame003869_top.jpg,C:\Users\shain\Downloads\FISH DATASET\FISH DATASET\proof_frames_fish_frames_200\fish12\fish12_frame003869_front.jpg,C:\Users\shain\Downloads\FISH DATASET\FISH DATASET\proof_frames_fish_frames_200\fish12\fish12_frame003869_top_mask.png,C:\Users\shain\Downloads\FISH DATASET\FISH DATASET\proof_frames_fish_frames_200\fish12\fish12_frame003869_front_mask.png
fish12,3870,C:\Users\shain\Downloads\FISH DATASET\FISH DATASET\proof_frames_fish_frames_200\fish12\fish12_frame003870_top.jpg,C:\Users\shain\Downloads\FISH DATASET\FISH DATASET\proof_frames_fish_frames_200\fish12\fish12_frame003870_front.jpg,C:\Users\shain\Downloads\FISH DATASET\FISH DATASET\proof_frames_fish_frames_200\fish12\fish12_frame003870_top_mask.png,C:\Users\shain\Downloads\FISH DATASET\FISH DATASET\proof_frames_fish_frames_200\fish12\fish12_frame003870_front_mask.png
fish12,3871,C:\Users\shain\Downloads\FISH DATASET\FISH DATASET\proof_frames_fish_frames_200\fish12\fish12_frame003871_top.jpg,C:\Users\shain\Downloads\FISH DATASET\FISH DATASET\proof_frames_fish_frames_200\fish12\fish12_frame003871_front.jpg,C:\Users\shain\Downloads\FISH DATASET\FISH DATASET\proof_frames_fish_frames_200\fish12\fish12_frame003871_top_mask.png,C:\Users\shain\Downloads\FISH DATASET\FISH DATASET\proof_frames_fish_frames_200\fish12\fish12_frame003871_front_mask.png
fish12,3872,C:\Users\shain\Downloads\FISH DATASET\FISH DATASET\proof_frames_fish_frames_200\fish12\fish12_frame003872_top.jpg,C:\Users\shain\Downloads\FISH DATASET\FISH DATASET\proof_frames_fish_frames_200\fish12\fish12_frame003872_front.jpg,C:\Users\shain\Downloads\FISH DATASET\FISH DATASET\proof_frames_fish_frames_200\fish12\fish12_frame003872_top_mask.png,C:\Users\shain\Downloads\FISH DATASET\FISH DATASET\proof_frames_fish_frames_200\fish12\fish12_frame003872_front_mask.png
fish12,3873,C:\Users\shain\Downloads\FISH DATASET\FISH DATASET\proof_frames_fish_frames_200\fish12\fish12_frame003873_top.jpg,C:\Users\shain\Downloads\FISH DATASET\FISH DATASET\proof_frames_fish_frames_200\fish12\fish12_frame003873_front.jpg,C:\Users\shain\Downloads\FISH DATASET\FISH DATASET\proof_frames_fish_frames_200\fish12\fish12_frame003873_top_mask.png,C:\Users\shain\Downloads\FISH DATASET\FISH DATASET\proof_frames_fish_frames_200\fish12\fish12_frame003873_front_mask.png
fish12,3874,C:\Users\shain\Downloads\FISH DATASET\FISH DATASET\proof_frames_fish_frames_200\fish12\fish12_frame003874_top.jpg,C:\Users\shain\Downloads\FISH DATASET\FISH DATASET\proof_frames_fish_frames_200\fish12\fish12_frame003874_front.jpg,C:\Users\shain\Downloads\FISH DATASET\FISH DATASET\proof_frames_fish_frames_200\fish12\fish12_frame003874_top_mask.png,C:\Users\shain\Downloads\FISH DATASET\FISH DATASET\proof_frames_fish_frames_200\fish12\fish12_frame003874_front_mask.png
fish12,3875,C:\Users\shain\Downloads\FISH DATASET\FISH DATASET\proof_frames_fish_frames_200\fish12\fish12_frame003875_top.jpg,C:\Users\shain\Downloads\FISH DATASET\FISH DATASET\proof_frames_fish_frames_200\fish12\fish12_frame003875_front.jpg,C:\Users\shain\Downloads\FISH DATASET\FISH DATASET\proof_frames_fish_frames_200\fish12\fish12_frame003875_top_mask.png,C:\Users\shain\Downloads\FISH DATASET\FISH DATASET\proof_frames_fish_frames_200\fish12\fish12_frame003875_front_mask.png
fish12,3876,C:\Users\shain\Downloads\FISH DATASET\FISH DATASET\proof_frames_fish_frames_200\fish12\fish12_frame003876_top.jpg,C:\Users\shain\Downloads\FISH DATASET\FISH DATASET\proof_frames_fish_frames_200\fish12\fish12_frame003876_front.jpg,C:\Users\shain\Downloads\FISH DATASET\FISH DATASET\proof_frames_fish_frames_200\fish12\fish12_frame003876_top_mask.png,C:\Users\shain\Downloads\FISH DATASET\FISH DATASET\proof_frames_fish_frames_200\fish12\fish12_frame003876_front_mask.png
fish12,3877,C:\Users\shain\Downloads\FISH DATASET\FISH DATASET\proof_frames_fish_frames_200\fish12\fish12_frame003877_top.jpg,C:\Users\shain\Downloads\FISH DATASET\FISH DATASET\proof_frames_fish_frames_200\fish12\fish12_frame003877_front.jpg,C:\Users\shain\Downloads\FISH DATASET\FISH DATASET\proof_frames_fish_frames_200\fish12\fish12_frame003877_top_mask.png,C:\Users\shain\Downloads\FISH DATASET\FISH DATASET\proof_frames_fish_frames_200\fish12\fish12_frame003877_front_mask.png
fish12,3878,C:\Users\shain\Downloads\FISH DATASET\FISH DATASET\proof_frames_fish_frames_200\fish12\fish12_frame003878_top.jpg,C:\Users\shain\Downloads\FISH DATASET\FISH DATASET\proof_frames_fish_frames_200\fish12\fish12_frame003878_front.jpg,C:\Users\shain\Downloads\FISH DATASET\FISH DATASET\proof_frames_fish_frames_200\fish12\fish12_frame003878_top_mask.png,C:\Users\shain\Downloads\FISH DATASET\FISH DATASET\proof_frames_fish_frames_200\fish12\fish12_frame003878_front_mask.png
fish12,3879,C:\Users\shain\Downloads\FISH DATASET\FISH DATASET\proof_frames_fish_frames_200\fish12\fish12_frame003879_top.jpg,C:\Users\shain\Downloads\FISH DATASET\FISH DATASET\proof_frames_fish_frames_200\fish12\fish12_frame003879_front.jpg,C:\Users\shain\Downloads\FISH DATASET\FISH DATASET\proof_frames_fish_frames_200\fish12\fish12_frame003879_top_mask.png,C:\Users\shain\Downloads\FISH DATASET\FISH DATASET\proof_frames_fish_frames_200\fish12\fish12_frame003879_front_mask.png
fish12,3880,C:\Users\shain\Downloads\FISH DATASET\FISH DATASET\proof_frames_fish_frames_200\fish12\fish12_frame003880_top.jpg,C:\Users\shain\Downloads\FISH DATASET\FISH DATASET\proof_frames_fish_frames_200\fish12\fish12_frame003880_front.jpg,C:\Users\shain\Downloads\FISH DATASET\FISH DATASET\proof_frames_fish_frames_200\fish12\fish12_frame003880_top_mask.png,C:\Users\shain\Downloads\FISH DATASET\FISH DATASET\proof_frames_fish_frames_200\fish12\fish12_frame003880_front_mask.png
fish12,3881,C:\Users\shain\Downloads\FISH DATASET\FISH DATASET\proof_frames_fish_frames_200\fish12\fish12_frame003881_top.jpg,C:\Users\shain\Downloads\FISH DATASET\FISH DATASET\proof_frames_fish_frames_200\fish12\fish12_frame003881_front.jpg,C:\Users\shain\Downloads\FISH DATASET\FISH DATASET\proof_frames_fish_frames_200\fish12\fish12_frame003881_top_mask.png,C:\Users\shain\Downloads\FISH DATASET\FISH DATASET\proof_frames_fish_frames_200\fish12\fish12_frame003881_front_mask.png
fish12,3882,C:\Users\shain\Downloads\FISH DATASET\FISH DATASET\proof_frames_fish_frames_200\fish12\fish12_frame003882_top.jpg,C:\Users\shain\Downloads\FISH DATASET\FISH DATASET\proof_frames_fish_frames_200\fish12\fish12_frame003882_front.jpg,C:\Users\shain\Downloads\FISH DATASET\FISH DATASET\proof_frames_fish_frames_200\fish12\fish12_frame003882_top_mask.png,C:\Users\shain\Downloads\FISH DATASET\FISH DATASET\proof_frames_fish_frames_200\fish12\fish12_frame003882_front_mask.png
fish12,3883,C:\Users\shain\Downloads\FISH DATASET\FISH DATASET\proof_frames_fish_frames_200\fish12\fish12_frame003883_top.jpg,C:\Users\shain\Downloads\FISH DATASET\FISH DATASET\proof_frames_fish_frames_200\fish12\fish12_frame003883_front.jpg,C:\Users\shain\Downloads\FISH DATASET\FISH DATASET\proof_frames_fish_frames_200\fish12\fish12_frame003883_top_mask.png,C:\Users\shain\Downloads\FISH DATASET\FISH DATASET\proof_frames_fish_frames_200\fish12\fish12_frame003883_front_mask.png
fish12,3884,C:\Users\shain\Downloads\FISH DATASET\FISH DATASET\proof_frames_fish_frames_200\fish12\fish12_frame003884_top.jpg,C:\Users\shain\Downloads\FISH DATASET\FISH DATASET\proof_frames_fish_frames_200\fish12\fish12_frame003884_front.jpg,C:\Users\shain\Downloads\FISH DATASET\FISH DATASET\proof_frames_fish_frames_200\fish12\fish12_frame003884_top_mask.png,C:\Users\shain\Downloads\FISH DATASET\FISH DATASET\proof_frames_fish_frames_200\fish12\fish12_frame003884_front_mask.png
fish12,3885,C:\Users\shain\Downloads\FISH DATASET\FISH DATASET\proof_frames_fish_frames_200\fish12\fish12_frame003885_top.jpg,C:\Users\shain\Downloads\FISH DATASET\FISH DATASET\proof_frames_fish_frames_200\fish12\fish12_frame003885_front.jpg,C:\Users\shain\Downloads\FISH DATASET\FISH DATASET\proof_frames_fish_frames_200\fish12\fish12_frame003885_top_mask.png,C:\Users\shain\Downloads\FISH DATASET\FISH DATASET\proof_frames_fish_frames_200\fish12\fish12_frame003885_front_mask.png
fish12,3886,C:\Users\shain\Downloads\FISH DATASET\FISH DATASET\proof_frames_fish_frames_200\fish12\fish12_frame003886_top.jpg,C:\Users\shain\Downloads\FISH DATASET\FISH DATASET\proof_frames_fish_frames_200\fish12\fish12_frame003886_front.jpg,C:\Users\shain\Downloads\FISH DATASET\FISH DATASET\proof_frames_fish_frames_200\fish12\fish12_frame003886_top_mask.png,C:\Users\shain\Downloads\FISH DATASET\FISH DATASET\proof_frames_fish_frames_200\fish12\fish12_frame003886_front_mask.png
fish12,3894,C:\Users\shain\Downloads\FISH DATASET\FISH DATASET\proof_frames_fish_frames_200\fish12\fish12_frame003894_top.jpg,C:\Users\shain\Downloads\FISH DATASET\FISH DATASET\proof_frames_fish_frames_200\fish12\fish12_frame003894_front.jpg,C:\Users\shain\Downloads\FISH DATASET\FISH DATASET\proof_frames_fish_frames_200\fish12\fish12_frame003894_top_mask.png,C:\Users\shain\Downloads\FISH DATASET\FISH DATASET\proof_frames_fish_frames_200\fish12\fish12_frame003894_front_mask.png
fish12,3896,C:\Users\shain\Downloads\FISH DATASET\FISH DATASET\proof_frames_fish_frames_200\fish12\fish12_frame003896_top.jpg,C:\Users\shain\Downloads\FISH DATASET\FISH DATASET\proof_frames_fish_frames_200\fish12\fish12_frame003896_front.jpg,C:\Users\shain\Downloads\FISH DATASET\FISH DATASET\proof_frames_fish_frames_200\fish12\fish12_frame003896_top_mask.png,C:\Users\shain\Downloads\FISH DATASET\FISH DATASET\proof_frames_fish_frames_200\fish12\fish12_frame003896_front_mask.png
fish12,3906,C:\Users\shain\Downloads\FISH DATASET\FISH DATASET\proof_frames_fish_frames_200\fish12\fish12_frame003906_top.jpg,C:\Users\shain\Downloads\FISH DATASET\FISH DATASET\proof_frames_fish_frames_200\fish12\fish12_frame003906_front.jpg,C:\Users\shain\Downloads\FISH DATASET\FISH DATASET\proof_frames_fish_frames_200\fish12\fish12_frame003906_top_mask.png,C:\Users\shain\Downloads\FISH DATASET\FISH DATASET\proof_frames_fish_frames_200\fish12\fish12_frame003906_front_mask.png
fish12,3907,C:\Users\shain\Downloads\FISH DATASET\FISH DATASET\proof_frames_fish_frames_200\fish12\fish12_frame003907_top.jpg,C:\Users\shain\Downloads\FISH DATASET\FISH DATASET\proof_frames_fish_frames_200\fish12\fish12_frame003907_front.jpg,C:\Users\shain\Downloads\FISH DATASET\FISH DATASET\proof_frames_fish_frames_200\fish12\fish12_frame003907_top_mask.png,C:\Users\shain\Downloads\FISH DATASET\FISH DATASET\proof_frames_fish_frames_200\fish12\fish12_frame003907_front_mask.png
fish13,485,C:\Users\shain\Downloads\FISH DATASET\FISH DATASET\proof_frames_fish_frames_200\fish13\fish13_frame000485_top.jpg,C:\Users\shain\Downloads\FISH DATASET\FISH DATASET\proof_frames_fish_frames_200\fish13\fish13_frame000485_front.jpg,C:\Users\shain\Downloads\FISH DATASET\FISH DATASET\proof_frames_fish_frames_200\fish13\fish13_frame000485_top_mask.png,C:\Users\shain\Downloads\FISH DATASET\FISH DATASET\proof_frames_fish_frames_200\fish13\fish13_frame000485_front_mask.png
fish13,486,C:\Users\shain\Downloads\FISH DATASET\FISH DATASET\proof_frames_fish_frames_200\fish13\fish13_frame000486_top.jpg,C:\Users\shain\Downloads\FISH DATASET\FISH DATASET\proof_frames_fish_frames_200\fish13\fish13_frame000486_front.jpg,C:\Users\shain\Downloads\FISH DATASET\FISH DATASET\proof_frames_fish_frames_200\fish13\fish13_frame000486_top_mask.png,C:\Users\shain\Downloads\FISH DATASET\FISH DATASET\proof_frames_fish_frames_200\fish13\fish13_frame000486_front_mask.png
fish13,487,C:\Users\shain\Downloads\FISH DATASET\FISH DATASET\proof_frames_fish_frames_200\fish13\fish13_frame000487_top.jpg,C:\Users\shain\Downloads\FISH DATASET\FISH DATASET\proof_frames_fish_frames_200\fish13\fish13_frame000487_front.jpg,C:\Users\shain\Downloads\FISH DATASET\FISH DATASET\proof_frames_fish_frames_200\fish13\fish13_frame000487_top_mask.png,C:\Users\shain\Downloads\FISH DATASET\FISH DATASET\proof_frames_fish_frames_200\fish13\fish13_frame000487_front_mask.png
fish13,490,C:\Users\shain\Downloads\FISH DATASET\FISH DATASET\proof_frames_fish_frames_200\fish13\fish13_frame000490_top.jpg,C:\Users\shain\Downloads\FISH DATASET\FISH DATASET\proof_frames_fish_frames_200\fish13\fish13_frame000490_front.jpg,C:\Users\shain\Downloads\FISH DATASET\FISH DATASET\proof_frames_fish_frames_200\fish13\fish13_frame000490_top_mask.png,C:\Users\shain\Downloads\FISH DATASET\FISH DATASET\proof_frames_fish_frames_200\fish13\fish13_frame000490_front_mask.png
fish13,491,C:\Users\shain\Downloads\FISH DATASET\FISH DATASET\proof_frames_fish_frames_200\fish13\fish13_frame000491_top.jpg,C:\Users\shain\Downloads\FISH DATASET\FISH DATASET\proof_frames_fish_frames_200\fish13\fish13_frame000491_front.jpg,C:\Users\shain\Downloads\FISH DATASET\FISH DATASET\proof_frames_fish_frames_200\fish13\fish13_frame000491_top_mask.png,C:\Users\shain\Downloads\FISH DATASET\FISH DATASET\proof_frames_fish_frames_200\fish13\fish13_frame000491_front_mask.png
fish13,492,C:\Users\shain\Downloads\FISH DATASET\FISH DATASET\proof_frames_fish_frames_200\fish13\fish13_frame000492_top.jpg,C:\Users\shain\Downloads\FISH DATASET\FISH DATASET\proof_frames_fish_frames_200\fish13\fish13_frame000492_front.jpg,C:\Users\shain\Downloads\FISH DATASET\FISH DATASET\proof_frames_fish_frames_200\fish13\fish13_frame000492_top_mask.png,C:\Users\shain\Downloads\FISH DATASET\FISH DATASET\proof_frames_fish_frames_200\fish13\fish13_frame000492_front_mask.png
fish13,493,C:\Users\shain\Downloads\FISH DATASET\FISH DATASET\proof_frames_fish_frames_200\fish13\fish13_frame000493_top.jpg,C:\Users\shain\Downloads\FISH DATASET\FISH DATASET\proof_frames_fish_frames_200\fish13\fish13_frame000493_front.jpg,C:\Users\shain\Downloads\FISH DATASET\FISH DATASET\proof_frames_fish_frames_200\fish13\fish13_frame000493_top_mask.png,C:\Users\shain\Downloads\FISH DATASET\FISH DATASET\proof_frames_fish_frames_200\fish13\fish13_frame000493_front_mask.png
fish13,494,C:\Users\shain\Downloads\FISH DATASET\FISH DATASET\proof_frames_fish_frames_200\fish13\fish13_frame000494_top.jpg,C:\Users\shain\Downloads\FISH DATASET\FISH DATASET\proof_frames_fish_frames_200\fish13\fish13_frame000494_front.jpg,C:\Users\shain\Downloads\FISH DATASET\FISH DATASET\proof_frames_fish_frames_200\fish13\fish13_frame000494_top_mask.png,C:\Users\shain\Downloads\FISH DATASET\FISH DATASET\proof_frames_fish_frames_200\fish13\fish13_frame000494_front_mask.png
fish13,495,C:\Users\shain\Downloads\FISH DATASET\FISH DATASET\proof_frames_fish_frames_200\fish13\fish13_frame000495_top.jpg,C:\Users\shain\Downloads\FISH DATASET\FISH DATASET\proof_frames_fish_frames_200\fish13\fish13_frame000495_front.jpg,C:\Users\shain\Downloads\FISH DATASET\FISH DATASET\proof_frames_fish_frames_200\fish13\fish13_frame000495_top_mask.png,C:\Users\shain\Downloads\FISH DATASET\FISH DATASET\proof_frames_fish_frames_200\fish13\fish13_frame000495_front_mask.png
fish13,496,C:\Users\shain\Downloads\FISH DATASET\FISH DATASET\proof_frames_fish_frames_200\fish13\fish13_frame000496_top.jpg,C:\Users\shain\Downloads\FISH DATASET\FISH DATASET\proof_frames_fish_frames_200\fish13\fish13_frame000496_front.jpg,C:\Users\shain\Downloads\FISH DATASET\FISH DATASET\proof_frames_fish_frames_200\fish13\fish13_frame000496_top_mask.png,C:\Users\shain\Downloads\FISH DATASET\FISH DATASET\proof_frames_fish_frames_200\fish13\fish13_frame000496_front_mask.png
fish13,497,C:\Users\shain\Downloads\FISH DATASET\FISH DATASET\proof_frames_fish_frames_200\fish13\fish13_frame000497_top.jpg,C:\Users\shain\Downloads\FISH DATASET\FISH DATASET\proof_frames_fish_frames_200\fish13\fish13_frame000497_front.jpg,C:\Users\shain\Downloads\FISH DATASET\FISH DATASET\proof_frames_fish_frames_200\fish13\fish13_frame000497_top_mask.png,C:\Users\shain\Downloads\FISH DATASET\FISH DATASET\proof_frames_fish_frames_200\fish13\fish13_frame000497_front_mask.png
fish13,498,C:\Users\shain\Downloads\FISH DATASET\FISH DATASET\proof_frames_fish_frames_200\fish13\fish13_frame000498_top.jpg,C:\Users\shain\Downloads\FISH DATASET\FISH DATASET\proof_frames_fish_frames_200\fish13\fish13_frame000498_front.jpg,C:\Users\shain\Downloads\FISH DATASET\FISH DATASET\proof_frames_fish_frames_200\fish13\fish13_frame000498_top_mask.png,C:\Users\shain\Downloads\FISH DATASET\FISH DATASET\proof_frames_fish_frames_200\fish13\fish13_frame000498_front_mask.png
fish13,499,C:\Users\shain\Downloads\FISH DATASET\FISH DATASET\proof_frames_fish_frames_200\fish13\fish13_frame000499_top.jpg,C:\Users\shain\Downloads\FISH DATASET\FISH DATASET\proof_frames_fish_frames_200\fish13\fish13_frame000499_front.jpg,C:\Users\shain\Downloads\FISH DATASET\FISH DATASET\proof_frames_fish_frames_200\fish13\fish13_frame000499_top_mask.png,C:\Users\shain\Downloads\FISH DATASET\FISH DATASET\proof_frames_fish_frames_200\fish13\fish13_frame000499_front_mask.png
fish13,501,C:\Users\shain\Downloads\FISH DATASET\FISH DATASET\proof_frames_fish_frames_200\fish13\fish13_frame000501_top.jpg,C:\Users\shain\Downloads\FISH DATASET\FISH DATASET\proof_frames_fish_frames_200\fish13\fish13_frame000501_front.jpg,C:\Users\shain\Downloads\FISH DATASET\FISH DATASET\proof_frames_fish_frames_200\fish13\fish13_frame000501_top_mask.png,C:\Users\shain\Downloads\FISH DATASET\FISH DATASET\proof_frames_fish_frames_200\fish13\fish13_frame000501_front_mask.png
fish13,502,C:\Users\shain\Downloads\FISH DATASET\FISH DATASET\proof_frames_fish_frames_200\fish13\fish13_frame000502_top.jpg,C:\Users\shain\Downloads\FISH DATASET\FISH DATASET\proof_frames_fish_frames_200\fish13\fish13_frame000502_front.jpg,C:\Users\shain\Downloads\FISH DATASET\FISH DATASET\proof_frames_fish_frames_200\fish13\fish13_frame000502_top_mask.png,C:\Users\shain\Downloads\FISH DATASET\FISH DATASET\proof_frames_fish_frames_200\fish13\fish13_frame000502_front_mask.png
fish13,503,C:\Users\shain\Downloads\FISH DATASET\FISH DATASET\proof_frames_fish_frames_200\fish13\fish13_frame000503_top.jpg,C:\Users\shain\Downloads\FISH DATASET\FISH DATASET\proof_frames_fish_frames_200\fish13\fish13_frame000503_front.jpg,C:\Users\shain\Downloads\FISH DATASET\FISH DATASET\proof_frames_fish_frames_200\fish13\fish13_frame000503_top_mask.png,C:\Users\shain\Downloads\FISH DATASET\FISH DATASET\proof_frames_fish_frames_200\fish13\fish13_frame000503_front_mask.png
fish13,504,C:\Users\shain\Downloads\FISH DATASET\FISH DATASET\proof_frames_fish_frames_200\fish13\fish13_frame000504_top.jpg,C:\Users\shain\Downloads\FISH DATASET\FISH DATASET\proof_frames_fish_frames_200\fish13\fish13_frame000504_front.jpg,C:\Users\shain\Downloads\FISH DATASET\FISH DATASET\proof_frames_fish_frames_200\fish13\fish13_frame000504_top_mask.png,C:\Users\shain\Downloads\FISH DATASET\FISH DATASET\proof_frames_fish_frames_200\fish13\fish13_frame000504_front_mask.png
fish13,505,C:\Users\shain\Downloads\FISH DATASET\FISH DATASET\proof_frames_fish_frames_200\fish13\fish13_frame000505_top.jpg,C:\Users\shain\Downloads\FISH DATASET\FISH DATASET\proof_frames_fish_frames_200\fish13\fish13_frame000505_front.jpg,C:\Users\shain\Downloads\FISH DATASET\FISH DATASET\proof_frames_fish_frames_200\fish13\fish13_frame000505_top_mask.png,C:\Users\shain\Downloads\FISH DATASET\FISH DATASET\proof_frames_fish_frames_200\fish13\fish13_frame000505_front_mask.png
fish13,506,C:\Users\shain\Downloads\FISH DATASET\FISH DATASET\proof_frames_fish_frames_200\fish13\fish13_frame000506_top.jpg,C:\Users\shain\Downloads\FISH DATASET\FISH DATASET\proof_frames_fish_frames_200\fish13\fish13_frame000506_front.jpg,C:\Users\shain\Downloads\FISH DATASET\FISH DATASET\proof_frames_fish_frames_200\fish13\fish13_frame000506_top_mask.png,C:\Users\shain\Downloads\FISH DATASET\FISH DATASET\proof_frames_fish_frames_200\fish13\fish13_frame000506_front_mask.png
fish13,507,C:\Users\shain\Downloads\FISH DATASET\FISH DATASET\proof_frames_fish_frames_200\fish13\fish13_frame000507_top.jpg,C:\Users\shain\Downloads\FISH DATASET\FISH DATASET\proof_frames_fish_frames_200\fish13\fish13_frame000507_front.jpg,C:\Users\shain\Downloads\FISH DATASET\FISH DATASET\proof_frames_fish_frames_200\fish13\fish13_frame000507_top_mask.png,C:\Users\shain\Downloads\FISH DATASET\FISH DATASET\proof_frames_fish_frames_200\fish13\fish13_frame000507_front_mask.png
fish13,508,C:\Users\shain\Downloads\FISH DATASET\FISH DATASET\proof_frames_fish_frames_200\fish13\fish13_frame000508_top.jpg,C:\Users\shain\Downloads\FISH DATASET\FISH DATASET\proof_frames_fish_frames_200\fish13\fish13_frame000508_front.jpg,C:\Users\shain\Downloads\FISH DATASET\FISH DATASET\proof_frames_fish_frames_200\fish13\fish13_frame000508_top_mask.png,C:\Users\shain\Downloads\FISH DATASET\FISH DATASET\proof_frames_fish_frames_200\fish13\fish13_frame000508_front_mask.png
fish13,509,C:\Users\shain\Downloads\FISH DATASET\FISH DATASET\proof_frames_fish_frames_200\fish13\fish13_frame000509_top.jpg,C:\Users\shain\Downloads\FISH DATASET\FISH DATASET\proof_frames_fish_frames_200\fish13\fish13_frame000509_front.jpg,C:\Users\shain\Downloads\FISH DATASET\FISH DATASET\proof_frames_fish_frames_200\fish13\fish13_frame000509_top_mask.png,C:\Users\shain\Downloads\FISH DATASET\FISH DATASET\proof_frames_fish_frames_200\fish13\fish13_frame000509_front_mask.png
fish13,510,C:\Users\shain\Downloads\FISH DATASET\FISH DATASET\proof_frames_fish_frames_200\fish13\fish13_frame000510_top.jpg,C:\Users\shain\Downloads\FISH DATASET\FISH DATASET\proof_frames_fish_frames_200\fish13\fish13_frame000510_front.jpg,C:\Users\shain\Downloads\FISH DATASET\FISH DATASET\proof_frames_fish_frames_200\fish13\fish13_frame000510_top_mask.png,C:\Users\shain\Downloads\FISH DATASET\FISH DATASET\proof_frames_fish_frames_200\fish13\fish13_frame000510_front_mask.png
fish13,511,C:\Users\shain\Downloads\FISH DATASET\FISH DATASET\proof_frames_fish_frames_200\fish13\fish13_frame000511_top.jpg,C:\Users\shain\Downloads\FISH DATASET\FISH DATASET\proof_frames_fish_frames_200\fish13\fish13_frame000511_front.jpg,C:\Users\shain\Downloads\FISH DATASET\FISH DATASET\proof_frames_fish_frames_200\fish13\fish13_frame000511_top_mask.png,C:\Users\shain\Downloads\FISH DATASET\FISH DATASET\proof_frames_fish_frames_200\fish13\fish13_frame000511_front_mask.png
fish13,512,C:\Users\shain\Downloads\FISH DATASET\FISH DATASET\proof_frames_fish_frames_200\fish13\fish13_frame000512_top.jpg,C:\Users\shain\Downloads\FISH DATASET\FISH DATASET\proof_frames_fish_frames_200\fish13\fish13_frame000512_front.jpg,C:\Users\shain\Downloads\FISH DATASET\FISH DATASET\proof_frames_fish_frames_200\fish13\fish13_frame000512_top_mask.png,C:\Users\shain\Downloads\FISH DATASET\FISH DATASET\proof_frames_fish_frames_200\fish13\fish13_frame000512_front_mask.png
fish13,513,C:\Users\shain\Downloads\FISH DATASET\FISH DATASET\proof_frames_fish_frames_200\fish13\fish13_frame000513_top.jpg,C:\Users\shain\Downloads\FISH DATASET\FISH DATASET\proof_frames_fish_frames_200\fish13\fish13_frame000513_front.jpg,C:\Users\shain\Downloads\FISH DATASET\FISH DATASET\proof_frames_fish_frames_200\fish13\fish13_frame000513_top_mask.png,C:\Users\shain\Downloads\FISH DATASET\FISH DATASET\proof_frames_fish_frames_200\fish13\fish13_frame000513_front_mask.png
fish13,514,C:\Users\shain\Downloads\FISH DATASET\FISH DATASET\proof_frames_fish_frames_200\fish13\fish13_frame000514_top.jpg,C:\Users\shain\Downloads\FISH DATASET\FISH DATASET\proof_frames_fish_frames_200\fish13\fish13_frame000514_front.jpg,C:\Users\shain\Downloads\FISH DATASET\FISH DATASET\proof_frames_fish_frames_200\fish13\fish13_frame000514_top_mask.png,C:\Users\shain\Downloads\FISH DATASET\FISH DATASET\proof_frames_fish_frames_200\fish13\fish13_frame000514_front_mask.png
fish13,515,C:\Users\shain\Downloads\FISH DATASET\FISH DATASET\proof_frames_fish_frames_200\fish13\fish13_frame000515_top.jpg,C:\Users\shain\Downloads\FISH DATASET\FISH DATASET\proof_frames_fish_frames_200\fish13\fish13_frame000515_front.jpg,C:\Users\shain\Downloads\FISH DATASET\FISH DATASET\proof_frames_fish_frames_200\fish13\fish13_frame000515_top_mask.png,C:\Users\shain\Downloads\FISH DATASET\FISH DATASET\proof_frames_fish_frames_200\fish13\fish13_frame000515_front_mask.png
fish13,516,C:\Users\shain\Downloads\FISH DATASET\FISH DATASET\proof_frames_fish_frames_200\fish13\fish13_frame000516_top.jpg,C:\Users\shain\Downloads\FISH DATASET\FISH DATASET\proof_frames_fish_frames_200\fish13\fish13_frame000516_front.jpg,C:\Users\shain\Downloads\FISH DATASET\FISH DATASET\proof_frames_fish_frames_200\fish13\fish13_frame000516_top_mask.png,C:\Users\shain\Downloads\FISH DATASET\FISH DATASET\proof_frames_fish_frames_200\fish13\fish13_frame000516_front_mask.png
fish13,517,C:\Users\shain\Downloads\FISH DATASET\FISH DATASET\proof_frames_fish_frames_200\fish13\fish13_frame000517_top.jpg,C:\Users\shain\Downloads\FISH DATASET\FISH DATASET\proof_frames_fish_frames_200\fish13\fish13_frame000517_front.jpg,C:\Users\shain\Downloads\FISH DATASET\FISH DATASET\proof_frames_fish_frames_200\fish13\fish13_frame000517_top_mask.png,C:\Users\shain\Downloads\FISH DATASET\FISH DATASET\proof_frames_fish_frames_200\fish13\fish13_frame000517_front_mask.png
fish14,370,C:\Users\shain\Downloads\FISH DATASET\FISH DATASET\proof_frames_fish_frames_200\fish14\fish14_frame000370_top.jpg,C:\Users\shain\Downloads\FISH DATASET\FISH DATASET\proof_frames_fish_frames_200\fish14\fish14_frame000370_front.jpg,C:\Users\shain\Downloads\FISH DATASET\FISH DATASET\proof_frames_fish_frames_200\fish14\fish14_frame000370_top_mask.png,C:\Users\shain\Downloads\FISH DATASET\FISH DATASET\proof_frames_fish_frames_200\fish14\fish14_frame000370_front_mask.png
fish14,373,C:\Users\shain\Downloads\FISH DATASET\FISH DATASET\proof_frames_fish_frames_200\fish14\fish14_frame000373_top.jpg,C:\Users\shain\Downloads\FISH DATASET\FISH DATASET\proof_frames_fish_frames_200\fish14\fish14_frame000373_front.jpg,C:\Users\shain\Downloads\FISH DATASET\FISH DATASET\proof_frames_fish_frames_200\fish14\fish14_frame000373_top_mask.png,C:\Users\shain\Downloads\FISH DATASET\FISH DATASET\proof_frames_fish_frames_200\fish14\fish14_frame000373_front_mask.png
fish14,375,C:\Users\shain\Downloads\FISH DATASET\FISH DATASET\proof_frames_fish_frames_200\fish14\fish14_frame000375_top.jpg,C:\Users\shain\Downloads\FISH DATASET\FISH DATASET\proof_frames_fish_frames_200\fish14\fish14_frame000375_front.jpg,C:\Users\shain\Downloads\FISH DATASET\FISH DATASET\proof_frames_fish_frames_200\fish14\fish14_frame000375_top_mask.png,C:\Users\shain\Downloads\FISH DATASET\FISH DATASET\proof_frames_fish_frames_200\fish14\fish14_frame000375_front_mask.png
fish14,383,C:\Users\shain\Downloads\FISH DATASET\FISH DATASET\proof_frames_fish_frames_200\fish14\fish14_frame000383_top.jpg,C:\Users\shain\Downloads\FISH DATASET\FISH DATASET\proof_frames_fish_frames_200\fish14\fish14_frame000383_front.jpg,C:\Users\shain\Downloads\FISH DATASET\FISH DATASET\proof_frames_fish_frames_200\fish14\fish14_frame000383_top_mask.png,C:\Users\shain\Downloads\FISH DATASET\FISH DATASET\proof_frames_fish_frames_200\fish14\fish14_frame000383_front_mask.png
fish14,395,C:\Users\shain\Downloads\FISH DATASET\FISH DATASET\proof_frames_fish_frames_200\fish14\fish14_frame000395_top.jpg,C:\Users\shain\Downloads\FISH DATASET\FISH DATASET\proof_frames_fish_frames_200\fish14\fish14_frame000395_front.jpg,C:\Users\shain\Downloads\FISH DATASET\FISH DATASET\proof_frames_fish_frames_200\fish14\fish14_frame000395_top_mask.png,C:\Users\shain\Downloads\FISH DATASET\FISH DATASET\proof_frames_fish_frames_200\fish14\fish14_frame000395_front_mask.png
fish14,399,C:\Users\shain\Downloads\FISH DATASET\FISH DATASET\proof_frames_fish_frames_200\fish14\fish14_frame000399_top.jpg,C:\Users\shain\Downloads\FISH DATASET\FISH DATASET\proof_frames_fish_frames_200\fish14\fish14_frame000399_front.jpg,C:\Users\shain\Downloads\FISH DATASET\FISH DATASET\proof_frames_fish_frames_200\fish14\fish14_frame000399_top_mask.png,C:\Users\shain\Downloads\FISH DATASET\FISH DATASET\proof_frames_fish_frames_200\fish14\fish14_frame000399_front_mask.png
fish14,697,C:\Users\shain\Downloads\FISH DATASET\FISH DATASET\proof_frames_fish_frames_200\fish14\fish14_frame000697_top.jpg,C:\Users\shain\Downloads\FISH DATASET\FISH DATASET\proof_frames_fish_frames_200\fish14\fish14_frame000697_front.jpg,C:\Users\shain\Downloads\FISH DATASET\FISH DATASET\proof_frames_fish_frames_200\fish14\fish14_frame000697_top_mask.png,C:\Users\shain\Downloads\FISH DATASET\FISH DATASET\proof_frames_fish_frames_200\fish14\fish14_frame000697_front_mask.png
fish14,698,C:\Users\shain\Downloads\FISH DATASET\FISH DATASET\proof_frames_fish_frames_200\fish14\fish14_frame000698_top.jpg,C:\Users\shain\Downloads\FISH DATASET\FISH DATASET\proof_frames_fish_frames_200\fish14\fish14_frame000698_front.jpg,C:\Users\shain\Downloads\FISH DATASET\FISH DATASET\proof_frames_fish_frames_200\fish14\fish14_frame000698_top_mask.png,C:\Users\shain\Downloads\FISH DATASET\FISH DATASET\proof_frames_fish_frames_200\fish14\fish14_frame000698_front_mask.png
fish14,699,C:\Users\shain\Downloads\FISH DATASET\FISH DATASET\proof_frames_fish_frames_200\fish14\fish14_frame000699_top.jpg,C:\Users\shain\Downloads\FISH DATASET\FISH DATASET\proof_frames_fish_frames_200\fish14\fish14_frame000699_front.jpg,C:\Users\shain\Downloads\FISH DATASET\FISH DATASET\proof_frames_fish_frames_200\fish14\fish14_frame000699_top_mask.png,C:\Users\shain\Downloads\FISH DATASET\FISH DATASET\proof_frames_fish_frames_200\fish14\fish14_frame000699_front_mask.png
fish14,700,C:\Users\shain\Downloads\FISH DATASET\FISH DATASET\proof_frames_fish_frames_200\fish14\fish14_frame000700_top.jpg,C:\Users\shain\Downloads\FISH DATASET\FISH DATASET\proof_frames_fish_frames_200\fish14\fish14_frame000700_front.jpg,C:\Users\shain\Downloads\FISH DATASET\FISH DATASET\proof_frames_fish_frames_200\fish14\fish14_frame000700_top_mask.png,C:\Users\shain\Downloads\FISH DATASET\FISH DATASET\proof_frames_fish_frames_200\fish14\fish14_frame000700_front_mask.png
fish14,701,C:\Users\shain\Downloads\FISH DATASET\FISH DATASET\proof_frames_fish_frames_200\fish14\fish14_frame000701_top.jpg,C:\Users\shain\Downloads\FISH DATASET\FISH DATASET\proof_frames_fish_frames_200\fish14\fish14_frame000701_front.jpg,C:\Users\shain\Downloads\FISH DATASET\FISH DATASET\proof_frames_fish_frames_200\fish14\fish14_frame000701_top_mask.png,C:\Users\shain\Downloads\FISH DATASET\FISH DATASET\proof_frames_fish_frames_200\fish14\fish14_frame000701_front_mask.png
fish14,702,C:\Users\shain\Downloads\FISH DATASET\FISH DATASET\proof_frames_fish_frames_200\fish14\fish14_frame000702_top.jpg,C:\Users\shain\Downloads\FISH DATASET\FISH DATASET\proof_frames_fish_frames_200\fish14\fish14_frame000702_front.jpg,C:\Users\shain\Downloads\FISH DATASET\FISH DATASET\proof_frames_fish_frames_200\fish14\fish14_frame000702_top_mask.png,C:\Users\shain\Downloads\FISH DATASET\FISH DATASET\proof_frames_fish_frames_200\fish14\fish14_frame000702_front_mask.png
fish14,703,C:\Users\shain\Downloads\FISH DATASET\FISH DATASET\proof_frames_fish_frames_200\fish14\fish14_frame000703_top.jpg,C:\Users\shain\Downloads\FISH DATASET\FISH DATASET\proof_frames_fish_frames_200\fish14\fish14_frame000703_front.jpg,C:\Users\shain\Downloads\FISH DATASET\FISH DATASET\proof_frames_fish_frames_200\fish14\fish14_frame000703_top_mask.png,C:\Users\shain\Downloads\FISH DATASET\FISH DATASET\proof_frames_fish_frames_200\fish14\fish14_frame000703_front_mask.png
fish14,704,C:\Users\shain\Downloads\FISH DATASET\FISH DATASET\proof_frames_fish_frames_200\fish14\fish14_frame000704_top.jpg,C:\Users\shain\Downloads\FISH DATASET\FISH DATASET\proof_frames_fish_frames_200\fish14\fish14_frame000704_front.jpg,C:\Users\shain\Downloads\FISH DATASET\FISH DATASET\proof_frames_fish_frames_200\fish14\fish14_frame000704_top_mask.png,C:\Users\shain\Downloads\FISH DATASET\FISH DATASET\proof_frames_fish_frames_200\fish14\fish14_frame000704_front_mask.png
fish14,705,C:\Users\shain\Downloads\FISH DATASET\FISH DATASET\proof_frames_fish_frames_200\fish14\fish14_frame000705_top.jpg,C:\Users\shain\Downloads\FISH DATASET\FISH DATASET\proof_frames_fish_frames_200\fish14\fish14_frame000705_front.jpg,C:\Users\shain\Downloads\FISH DATASET\FISH DATASET\proof_frames_fish_frames_200\fish14\fish14_frame000705_top_mask.png,C:\Users\shain\Downloads\FISH DATASET\FISH DATASET\proof_frames_fish_frames_200\fish14\fish14_frame000705_front_mask.png
fish14,706,C:\Users\shain\Downloads\FISH DATASET\FISH DATASET\proof_frames_fish_frames_200\fish14\fish14_frame000706_top.jpg,C:\Users\shain\Downloads\FISH DATASET\FISH DATASET\proof_frames_fish_frames_200\fish14\fish14_frame000706_front.jpg,C:\Users\shain\Downloads\FISH DATASET\FISH DATASET\proof_frames_fish_frames_200\fish14\fish14_frame000706_top_mask.png,C:\Users\shain\Downloads\FISH DATASET\FISH DATASET\proof_frames_fish_frames_200\fish14\fish14_frame000706_front_mask.png
fish14,707,C:\Users\shain\Downloads\FISH DATASET\FISH DATASET\proof_frames_fish_frames_200\fish14\fish14_frame000707_top.jpg,C:\Users\shain\Downloads\FISH DATASET\FISH DATASET\proof_frames_fish_frames_200\fish14\fish14_frame000707_front.jpg,C:\Users\shain\Downloads\FISH DATASET\FISH DATASET\proof_frames_fish_frames_200\fish14\fish14_frame000707_top_mask.png,C:\Users\shain\Downloads\FISH DATASET\FISH DATASET\proof_frames_fish_frames_200\fish14\fish14_frame000707_front_mask.png
fish14,708,C:\Users\shain\Downloads\FISH DATASET\FISH DATASET\proof_frames_fish_frames_200\fish14\fish14_frame000708_top.jpg,C:\Users\shain\Downloads\FISH DATASET\FISH DATASET\proof_frames_fish_frames_200\fish14\fish14_frame000708_front.jpg,C:\Users\shain\Downloads\FISH DATASET\FISH DATASET\proof_frames_fish_frames_200\fish14\fish14_frame000708_top_mask.png,C:\Users\shain\Downloads\FISH DATASET\FISH DATASET\proof_frames_fish_frames_200\fish14\fish14_frame000708_front_mask.png
fish14,709,C:\Users\shain\Downloads\FISH DATASET\FISH DATASET\proof_frames_fish_frames_200\fish14\fish14_frame000709_top.jpg,C:\Users\shain\Downloads\FISH DATASET\FISH DATASET\proof_frames_fish_frames_200\fish14\fish14_frame000709_front.jpg,C:\Users\shain\Downloads\FISH DATASET\FISH DATASET\proof_frames_fish_frames_200\fish14\fish14_frame000709_top_mask.png,C:\Users\shain\Downloads\FISH DATASET\FISH DATASET\proof_frames_fish_frames_200\fish14\fish14_frame000709_front_mask.png
fish14,710,C:\Users\shain\Downloads\FISH DATASET\FISH DATASET\proof_frames_fish_frames_200\fish14\fish14_frame000710_top.jpg,C:\Users\shain\Downloads\FISH DATASET\FISH DATASET\proof_frames_fish_frames_200\fish14\fish14_frame000710_front.jpg,C:\Users\shain\Downloads\FISH DATASET\FISH DATASET\proof_frames_fish_frames_200\fish14\fish14_frame000710_top_mask.png,C:\Users\shain\Downloads\FISH DATASET\FISH DATASET\proof_frames_fish_frames_200\fish14\fish14_frame000710_front_mask.png
fish14,3161,C:\Users\shain\Downloads\FISH DATASET\FISH DATASET\proof_frames_fish_frames_200\fish14\fish14_frame003161_top.jpg,C:\Users\shain\Downloads\FISH DATASET\FISH DATASET\proof_frames_fish_frames_200\fish14\fish14_frame003161_front.jpg,C:\Users\shain\Downloads\FISH DATASET\FISH DATASET\proof_frames_fish_frames_200\fish14\fish14_frame003161_top_mask.png,C:\Users\shain\Downloads\FISH DATASET\FISH DATASET\proof_frames_fish_frames_200\fish14\fish14_frame003161_front_mask.png
fish14,3162,C:\Users\shain\Downloads\FISH DATASET\FISH DATASET\proof_frames_fish_frames_200\fish14\fish14_frame003162_top.jpg,C:\Users\shain\Downloads\FISH DATASET\FISH DATASET\proof_frames_fish_frames_200\fish14\fish14_frame003162_front.jpg,C:\Users\shain\Downloads\FISH DATASET\FISH DATASET\proof_frames_fish_frames_200\fish14\fish14_frame003162_top_mask.png,C:\Users\shain\Downloads\FISH DATASET\FISH DATASET\proof_frames_fish_frames_200\fish14\fish14_frame003162_front_mask.png
fish14,3163,C:\Users\shain\Downloads\FISH DATASET\FISH DATASET\proof_frames_fish_frames_200\fish14\fish14_frame003163_top.jpg,C:\Users\shain\Downloads\FISH DATASET\FISH DATASET\proof_frames_fish_frames_200\fish14\fish14_frame003163_front.jpg,C:\Users\shain\Downloads\FISH DATASET\FISH DATASET\proof_frames_fish_frames_200\fish14\fish14_frame003163_top_mask.png,C:\Users\shain\Downloads\FISH DATASET\FISH DATASET\proof_frames_fish_frames_200\fish14\fish14_frame003163_front_mask.png
fish14,3164,C:\Users\shain\Downloads\FISH DATASET\FISH DATASET\proof_frames_fish_frames_200\fish14\fish14_frame003164_top.jpg,C:\Users\shain\Downloads\FISH DATASET\FISH DATASET\proof_frames_fish_frames_200\fish14\fish14_frame003164_front.jpg,C:\Users\shain\Downloads\FISH DATASET\FISH DATASET\proof_frames_fish_frames_200\fish14\fish14_frame003164_top_mask.png,C:\Users\shain\Downloads\FISH DATASET\FISH DATASET\proof_frames_fish_frames_200\fish14\fish14_frame003164_front_mask.png
fish14,3174,C:\Users\shain\Downloads\FISH DATASET\FISH DATASET\proof_frames_fish_frames_200\fish14\fish14_frame003174_top.jpg,C:\Users\shain\Downloads\FISH DATASET\FISH DATASET\proof_frames_fish_frames_200\fish14\fish14_frame003174_front.jpg,C:\Users\shain\Downloads\FISH DATASET\FISH DATASET\proof_frames_fish_frames_200\fish14\fish14_frame003174_top_mask.png,C:\Users\shain\Downloads\FISH DATASET\FISH DATASET\proof_frames_fish_frames_200\fish14\fish14_frame003174_front_mask.png
fish14,3175,C:\Users\shain\Downloads\FISH DATASET\FISH DATASET\proof_frames_fish_frames_200\fish14\fish14_frame003175_top.jpg,C:\Users\shain\Downloads\FISH DATASET\FISH DATASET\proof_frames_fish_frames_200\fish14\fish14_frame003175_front.jpg,C:\Users\shain\Downloads\FISH DATASET\FISH DATASET\proof_frames_fish_frames_200\fish14\fish14_frame003175_top_mask.png,C:\Users\shain\Downloads\FISH DATASET\FISH DATASET\proof_frames_fish_frames_200\fish14\fish14_frame003175_front_mask.png
fish14,3176,C:\Users\shain\Downloads\FISH DATASET\FISH DATASET\proof_frames_fish_frames_200\fish14\fish14_frame003176_top.jpg,C:\Users\shain\Downloads\FISH DATASET\FISH DATASET\proof_frames_fish_frames_200\fish14\fish14_frame003176_front.jpg,C:\Users\shain\Downloads\FISH DATASET\FISH DATASET\proof_frames_fish_frames_200\fish14\fish14_frame003176_top_mask.png,C:\Users\shain\Downloads\FISH DATASET\FISH DATASET\proof_frames_fish_frames_200\fish14\fish14_frame003176_front_mask.png
fish14,3177,C:\Users\shain\Downloads\FISH DATASET\FISH DATASET\proof_frames_fish_frames_200\fish14\fish14_frame003177_top.jpg,C:\Users\shain\Downloads\FISH DATASET\FISH DATASET\proof_frames_fish_frames_200\fish14\fish14_frame003177_front.jpg,C:\Users\shain\Downloads\FISH DATASET\FISH DATASET\proof_frames_fish_frames_200\fish14\fish14_frame003177_top_mask.png,C:\Users\shain\Downloads\FISH DATASET\FISH DATASET\proof_frames_fish_frames_200\fish14\fish14_frame003177_front_mask.png
fish15,3822,C:\Users\shain\Downloads\FISH DATASET\FISH DATASET\proof_frames_fish_frames_200\fish15\fish15_frame003822_top.jpg,C:\Users\shain\Downloads\FISH DATASET\FISH DATASET\proof_frames_fish_frames_200\fish15\fish15_frame003822_front.jpg,C:\Users\shain\Downloads\FISH DATASET\FISH DATASET\proof_frames_fish_frames_200\fish15\fish15_frame003822_top_mask.png,C:\Users\shain\Downloads\FISH DATASET\FISH DATASET\proof_frames_fish_frames_200\fish15\fish15_frame003822_front_mask.png
fish15,3823,C:\Users\shain\Downloads\FISH DATASET\FISH DATASET\proof_frames_fish_frames_200\fish15\fish15_frame003823_top.jpg,C:\Users\shain\Downloads\FISH DATASET\FISH DATASET\proof_frames_fish_frames_200\fish15\fish15_frame003823_front.jpg,C:\Users\shain\Downloads\FISH DATASET\FISH DATASET\proof_frames_fish_frames_200\fish15\fish15_frame003823_top_mask.png,C:\Users\shain\Downloads\FISH DATASET\FISH DATASET\proof_frames_fish_frames_200\fish15\fish15_frame003823_front_mask.png
fish15,3824,C:\Users\shain\Downloads\FISH DATASET\FISH DATASET\proof_frames_fish_frames_200\fish15\fish15_frame003824_top.jpg,C:\Users\shain\Downloads\FISH DATASET\FISH DATASET\proof_frames_fish_frames_200\fish15\fish15_frame003824_front.jpg,C:\Users\shain\Downloads\FISH DATASET\FISH DATASET\proof_frames_fish_frames_200\fish15\fish15_frame003824_top_mask.png,C:\Users\shain\Downloads\FISH DATASET\FISH DATASET\proof_frames_fish_frames_200\fish15\fish15_frame003824_front_mask.png
fish15,3825,C:\Users\shain\Downloads\FISH DATASET\FISH DATASET\proof_frames_fish_frames_200\fish15\fish15_frame003825_top.jpg,C:\Users\shain\Downloads\FISH DATASET\FISH DATASET\proof_frames_fish_frames_200\fish15\fish15_frame003825_front.jpg,C:\Users\shain\Downloads\FISH DATASET\FISH DATASET\proof_frames_fish_frames_200\fish15\fish15_frame003825_top_mask.png,C:\Users\shain\Downloads\FISH DATASET\FISH DATASET\proof_frames_fish_frames_200\fish15\fish15_frame003825_front_mask.png
fish15,3826,C:\Users\shain\Downloads\FISH DATASET\FISH DATASET\proof_frames_fish_frames_200\fish15\fish15_frame003826_top.jpg,C:\Users\shain\Downloads\FISH DATASET\FISH DATASET\proof_frames_fish_frames_200\fish15\fish15_frame003826_front.jpg,C:\Users\shain\Downloads\FISH DATASET\FISH DATASET\proof_frames_fish_frames_200\fish15\fish15_frame003826_top_mask.png,C:\Users\shain\Downloads\FISH DATASET\FISH DATASET\proof_frames_fish_frames_200\fish15\fish15_frame003826_front_mask.png
fish15,3827,C:\Users\shain\Downloads\FISH DATASET\FISH DATASET\proof_frames_fish_frames_200\fish15\fish15_frame003827_top.jpg,C:\Users\shain\Downloads\FISH DATASET\FISH DATASET\proof_frames_fish_frames_200\fish15\fish15_frame003827_front.jpg,C:\Users\shain\Downloads\FISH DATASET\FISH DATASET\proof_frames_fish_frames_200\fish15\fish15_frame003827_top_mask.png,C:\Users\shain\Downloads\FISH DATASET\FISH DATASET\proof_frames_fish_frames_200\fish15\fish15_frame003827_front_mask.png
fish15,3828,C:\Users\shain\Downloads\FISH DATASET\FISH DATASET\proof_frames_fish_frames_200\fish15\fish15_frame003828_top.jpg,C:\Users\shain\Downloads\FISH DATASET\FISH DATASET\proof_frames_fish_frames_200\fish15\fish15_frame003828_front.jpg,C:\Users\shain\Downloads\FISH DATASET\FISH DATASET\proof_frames_fish_frames_200\fish15\fish15_frame003828_top_mask.png,C:\Users\shain\Downloads\FISH DATASET\FISH DATASET\proof_frames_fish_frames_200\fish15\fish15_frame003828_front_mask.png
fish15,3829,C:\Users\shain\Downloads\FISH DATASET\FISH DATASET\proof_frames_fish_frames_200\fish15\fish15_frame003829_top.jpg,C:\Users\shain\Downloads\FISH DATASET\FISH DATASET\proof_frames_fish_frames_200\fish15\fish15_frame003829_front.jpg,C:\Users\shain\Downloads\FISH DATASET\FISH DATASET\proof_frames_fish_frames_200\fish15\fish15_frame003829_top_mask.png,C:\Users\shain\Downloads\FISH DATASET\FISH DATASET\proof_frames_fish_frames_200\fish15\fish15_frame003829_front_mask.png
fish15,3830,C:\Users\shain\Downloads\FISH DATASET\FISH DATASET\proof_frames_fish_frames_200\fish15\fish15_frame003830_top.jpg,C:\Users\shain\Downloads\FISH DATASET\FISH DATASET\proof_frames_fish_frames_200\fish15\fish15_frame003830_front.jpg,C:\Users\shain\Downloads\FISH DATASET\FISH DATASET\proof_frames_fish_frames_200\fish15\fish15_frame003830_top_mask.png,C:\Users\shain\Downloads\FISH DATASET\FISH DATASET\proof_frames_fish_frames_200\fish15\fish15_frame003830_front_mask.png
fish15,3831,C:\Users\shain\Downloads\FISH DATASET\FISH DATASET\proof_frames_fish_frames_200\fish15\fish15_frame003831_top.jpg,C:\Users\shain\Downloads\FISH DATASET\FISH DATASET\proof_frames_fish_frames_200\fish15\fish15_frame003831_front.jpg,C:\Users\shain\Downloads\FISH DATASET\FISH DATASET\proof_frames_fish_frames_200\fish15\fish15_frame003831_top_mask.png,C:\Users\shain\Downloads\FISH DATASET\FISH DATASET\proof_frames_fish_frames_200\fish15\fish15_frame003831_front_mask.png
fish15,3832,C:\Users\shain\Downloads\FISH DATASET\FISH DATASET\proof_frames_fish_frames_200\fish15\fish15_frame003832_top.jpg,C:\Users\shain\Downloads\FISH DATASET\FISH DATASET\proof_frames_fish_frames_200\fish15\fish15_frame003832_front.jpg,C:\Users\shain\Downloads\FISH DATASET\FISH DATASET\proof_frames_fish_frames_200\fish15\fish15_frame003832_top_mask.png,C:\Users\shain\Downloads\FISH DATASET\FISH DATASET\proof_frames_fish_frames_200\fish15\fish15_frame003832_front_mask.png
fish15,3833,C:\Users\shain\Downloads\FISH DATASET\FISH DATASET\proof_frames_fish_frames_200\fish15\fish15_frame003833_top.jpg,C:\Users\shain\Downloads\FISH DATASET\FISH DATASET\proof_frames_fish_frames_200\fish15\fish15_frame003833_front.jpg,C:\Users\shain\Downloads\FISH DATASET\FISH DATASET\proof_frames_fish_frames_200\fish15\fish15_frame003833_top_mask.png,C:\Users\shain\Downloads\FISH DATASET\FISH DATASET\proof_frames_fish_frames_200\fish15\fish15_frame003833_front_mask.png
fish15,3834,C:\Users\shain\Downloads\FISH DATASET\FISH DATASET\proof_frames_fish_frames_200\fish15\fish15_frame003834_top.jpg,C:\Users\shain\Downloads\FISH DATASET\FISH DATASET\proof_frames_fish_frames_200\fish15\fish15_frame003834_front.jpg,C:\Users\shain\Downloads\FISH DATASET\FISH DATASET\proof_frames_fish_frames_200\fish15\fish15_frame003834_top_mask.png,C:\Users\shain\Downloads\FISH DATASET\FISH DATASET\proof_frames_fish_frames_200\fish15\fish15_frame003834_front_mask.png
fish15,3835,C:\Users\shain\Downloads\FISH DATASET\FISH DATASET\proof_frames_fish_frames_200\fish15\fish15_frame003835_top.jpg,C:\Users\shain\Downloads\FISH DATASET\FISH DATASET\proof_frames_fish_frames_200\fish15\fish15_frame003835_front.jpg,C:\Users\shain\Downloads\FISH DATASET\FISH DATASET\proof_frames_fish_frames_200\fish15\fish15_frame003835_top_mask.png,C:\Users\shain\Downloads\FISH DATASET\FISH DATASET\proof_frames_fish_frames_200\fish15\fish15_frame003835_front_mask.png
fish15,3836,C:\Users\shain\Downloads\FISH DATASET\FISH DATASET\proof_frames_fish_frames_200\fish15\fish15_frame003836_top.jpg,C:\Users\shain\Downloads\FISH DATASET\FISH DATASET\proof_frames_fish_frames_200\fish15\fish15_frame003836_front.jpg,C:\Users\shain\Downloads\FISH DATASET\FISH DATASET\proof_frames_fish_frames_200\fish15\fish15_frame003836_top_mask.png,C:\Users\shain\Downloads\FISH DATASET\FISH DATASET\proof_frames_fish_frames_200\fish15\fish15_frame003836_front_mask.png
fish15,3837,C:\Users\shain\Downloads\FISH DATASET\FISH DATASET\proof_frames_fish_frames_200\fish15\fish15_frame003837_top.jpg,C:\Users\shain\Downloads\FISH DATASET\FISH DATASET\proof_frames_fish_frames_200\fish15\fish15_frame003837_front.jpg,C:\Users\shain\Downloads\FISH DATASET\FISH DATASET\proof_frames_fish_frames_200\fish15\fish15_frame003837_top_mask.png,C:\Users\shain\Downloads\FISH DATASET\FISH DATASET\proof_frames_fish_frames_200\fish15\fish15_frame003837_front_mask.png
fish15,3859,C:\Users\shain\Downloads\FISH DATASET\FISH DATASET\proof_frames_fish_frames_200\fish15\fish15_frame003859_top.jpg,C:\Users\shain\Downloads\FISH DATASET\FISH DATASET\proof_frames_fish_frames_200\fish15\fish15_frame003859_front.jpg,C:\Users\shain\Downloads\FISH DATASET\FISH DATASET\proof_frames_fish_frames_200\fish15\fish15_frame003859_top_mask.png,C:\Users\shain\Downloads\FISH DATASET\FISH DATASET\proof_frames_fish_frames_200\fish15\fish15_frame003859_front_mask.png
fish15,3860,C:\Users\shain\Downloads\FISH DATASET\FISH DATASET\proof_frames_fish_frames_200\fish15\fish15_frame003860_top.jpg,C:\Users\shain\Downloads\FISH DATASET\FISH DATASET\proof_frames_fish_frames_200\fish15\fish15_frame003860_front.jpg,C:\Users\shain\Downloads\FISH DATASET\FISH DATASET\proof_frames_fish_frames_200\fish15\fish15_frame003860_top_mask.png,C:\Users\shain\Downloads\FISH DATASET\FISH DATASET\proof_frames_fish_frames_200\fish15\fish15_frame003860_front_mask.png
fish15,3861,C:\Users\shain\Downloads\FISH DATASET\FISH DATASET\proof_frames_fish_frames_200\fish15\fish15_frame003861_top.jpg,C:\Users\shain\Downloads\FISH DATASET\FISH DATASET\proof_frames_fish_frames_200\fish15\fish15_frame003861_front.jpg,C:\Users\shain\Downloads\FISH DATASET\FISH DATASET\proof_frames_fish_frames_200\fish15\fish15_frame003861_top_mask.png,C:\Users\shain\Downloads\FISH DATASET\FISH DATASET\proof_frames_fish_frames_200\fish15\fish15_frame003861_front_mask.png
fish15,3862,C:\Users\shain\Downloads\FISH DATASET\FISH DATASET\proof_frames_fish_frames_200\fish15\fish15_frame003862_top.jpg,C:\Users\shain\Downloads\FISH DATASET\FISH DATASET\proof_frames_fish_frames_200\fish15\fish15_frame003862_front.jpg,C:\Users\shain\Downloads\FISH DATASET\FISH DATASET\proof_frames_fish_frames_200\fish15\fish15_frame003862_top_mask.png,C:\Users\shain\Downloads\FISH DATASET\FISH DATASET\proof_frames_fish_frames_200\fish15\fish15_frame003862_front_mask.png
fish15,3863,C:\Users\shain\Downloads\FISH DATASET\FISH DATASET\proof_frames_fish_frames_200\fish15\fish15_frame003863_top.jpg,C:\Users\shain\Downloads\FISH DATASET\FISH DATASET\proof_frames_fish_frames_200\fish15\fish15_frame003863_front.jpg,C:\Users\shain\Downloads\FISH DATASET\FISH DATASET\proof_frames_fish_frames_200\fish15\fish15_frame003863_top_mask.png,C:\Users\shain\Downloads\FISH DATASET\FISH DATASET\proof_frames_fish_frames_200\fish15\fish15_frame003863_front_mask.png
fish15,3864,C:\Users\shain\Downloads\FISH DATASET\FISH DATASET\proof_frames_fish_frames_200\fish15\fish15_frame003864_top.jpg,C:\Users\shain\Downloads\FISH DATASET\FISH DATASET\proof_frames_fish_frames_200\fish15\fish15_frame003864_front.jpg,C:\Users\shain\Downloads\FISH DATASET\FISH DATASET\proof_frames_fish_frames_200\fish15\fish15_frame003864_top_mask.png,C:\Users\shain\Downloads\FISH DATASET\FISH DATASET\proof_frames_fish_frames_200\fish15\fish15_frame003864_front_mask.png
fish15,3865,C:\Users\shain\Downloads\FISH DATASET\FISH DATASET\proof_frames_fish_frames_200\fish15\fish15_frame003865_top.jpg,C:\Users\shain\Downloads\FISH DATASET\FISH DATASET\proof_frames_fish_frames_200\fish15\fish15_frame003865_front.jpg,C:\Users\shain\Downloads\FISH DATASET\FISH DATASET\proof_frames_fish_frames_200\fish15\fish15_frame003865_top_mask.png,C:\Users\shain\Downloads\FISH DATASET\FISH DATASET\proof_frames_fish_frames_200\fish15\fish15_frame003865_front_mask.png
fish15,3866,C:\Users\shain\Downloads\FISH DATASET\FISH DATASET\proof_frames_fish_frames_200\fish15\fish15_frame003866_top.jpg,C:\Users\shain\Downloads\FISH DATASET\FISH DATASET\proof_frames_fish_frames_200\fish15\fish15_frame003866_front.jpg,C:\Users\shain\Downloads\FISH DATASET\FISH DATASET\proof_frames_fish_frames_200\fish15\fish15_frame003866_top_mask.png,C:\Users\shain\Downloads\FISH DATASET\FISH DATASET\proof_frames_fish_frames_200\fish15\fish15_frame003866_front_mask.png
fish15,3867,C:\Users\shain\Downloads\FISH DATASET\FISH DATASET\proof_frames_fish_frames_200\fish15\fish15_frame003867_top.jpg,C:\Users\shain\Downloads\FISH DATASET\FISH DATASET\proof_frames_fish_frames_200\fish15\fish15_frame003867_front.jpg,C:\Users\shain\Downloads\FISH DATASET\FISH DATASET\proof_frames_fish_frames_200\fish15\fish15_frame003867_top_mask.png,C:\Users\shain\Downloads\FISH DATASET\FISH DATASET\proof_frames_fish_frames_200\fish15\fish15_frame003867_front_mask.png
fish15,3868,C:\Users\shain\Downloads\FISH DATASET\FISH DATASET\proof_frames_fish_frames_200\fish15\fish15_frame003868_top.jpg,C:\Users\shain\Downloads\FISH DATASET\FISH DATASET\proof_frames_fish_frames_200\fish15\fish15_frame003868_front.jpg,C:\Users\shain\Downloads\FISH DATASET\FISH DATASET\proof_frames_fish_frames_200\fish15\fish15_frame003868_top_mask.png,C:\Users\shain\Downloads\FISH DATASET\FISH DATASET\proof_frames_fish_frames_200\fish15\fish15_frame003868_front_mask.png
fish15,3869,C:\Users\shain\Downloads\FISH DATASET\FISH DATASET\proof_frames_fish_frames_200\fish15\fish15_frame003869_top.jpg,C:\Users\shain\Downloads\FISH DATASET\FISH DATASET\proof_frames_fish_frames_200\fish15\fish15_frame003869_front.jpg,C:\Users\shain\Downloads\FISH DATASET\FISH DATASET\proof_frames_fish_frames_200\fish15\fish15_frame003869_top_mask.png,C:\Users\shain\Downloads\FISH DATASET\FISH DATASET\proof_frames_fish_frames_200\fish15\fish15_frame003869_front_mask.png
fish15,3870,C:\Users\shain\Downloads\FISH DATASET\FISH DATASET\proof_frames_fish_frames_200\fish15\fish15_frame003870_top.jpg,C:\Users\shain\Downloads\FISH DATASET\FISH DATASET\proof_frames_fish_frames_200\fish15\fish15_frame003870_front.jpg,C:\Users\shain\Downloads\FISH DATASET\FISH DATASET\proof_frames_fish_frames_200\fish15\fish15_frame003870_top_mask.png,C:\Users\shain\Downloads\FISH DATASET\FISH DATASET\proof_frames_fish_frames_200\fish15\fish15_frame003870_front_mask.png
fish15,3871,C:\Users\shain\Downloads\FISH DATASET\FISH DATASET\proof_frames_fish_frames_200\fish15\fish15_frame003871_top.jpg,C:\Users\shain\Downloads\FISH DATASET\FISH DATASET\proof_frames_fish_frames_200\fish15\fish15_frame003871_front.jpg,C:\Users\shain\Downloads\FISH DATASET\FISH DATASET\proof_frames_fish_frames_200\fish15\fish15_frame003871_top_mask.png,C:\Users\shain\Downloads\FISH DATASET\FISH DATASET\proof_frames_fish_frames_200\fish15\fish15_frame003871_front_mask.png
fish15,3872,C:\Users\shain\Downloads\FISH DATASET\FISH DATASET\proof_frames_fish_frames_200\fish15\fish15_frame003872_top.jpg,C:\Users\shain\Downloads\FISH DATASET\FISH DATASET\proof_frames_fish_frames_200\fish15\fish15_frame003872_front.jpg,C:\Users\shain\Downloads\FISH DATASET\FISH DATASET\proof_frames_fish_frames_200\fish15\fish15_frame003872_top_mask.png,C:\Users\shain\Downloads\FISH DATASET\FISH DATASET\proof_frames_fish_frames_200\fish15\fish15_frame003872_front_mask.png
fish15,3873,C:\Users\shain\Downloads\FISH DATASET\FISH DATASET\proof_frames_fish_frames_200\fish15\fish15_frame003873_top.jpg,C:\Users\shain\Downloads\FISH DATASET\FISH DATASET\proof_frames_fish_frames_200\fish15\fish15_frame003873_front.jpg,C:\Users\shain\Downloads\FISH DATASET\FISH DATASET\proof_frames_fish_frames_200\fish15\fish15_frame003873_top_mask.png,C:\Users\shain\Downloads\FISH DATASET\FISH DATASET\proof_frames_fish_frames_200\fish15\fish15_frame003873_front_mask.png
fish15,3874,C:\Users\shain\Downloads\FISH DATASET\FISH DATASET\proof_frames_fish_frames_200\fish15\fish15_frame003874_top.jpg,C:\Users\shain\Downloads\FISH DATASET\FISH DATASET\proof_frames_fish_frames_200\fish15\fish15_frame003874_front.jpg,C:\Users\shain\Downloads\FISH DATASET\FISH DATASET\proof_frames_fish_frames_200\fish15\fish15_frame003874_top_mask.png,C:\Users\shain\Downloads\FISH DATASET\FISH DATASET\proof_frames_fish_frames_200\fish15\fish15_frame003874_front_mask.png
fish15,3875,C:\Users\shain\Downloads\FISH DATASET\FISH DATASET\proof_frames_fish_frames_200\fish15\fish15_frame003875_top.jpg,C:\Users\shain\Downloads\FISH DATASET\FISH DATASET\proof_frames_fish_frames_200\fish15\fish15_frame003875_front.jpg,C:\Users\shain\Downloads\FISH DATASET\FISH DATASET\proof_frames_fish_frames_200\fish15\fish15_frame003875_top_mask.png,C:\Users\shain\Downloads\FISH DATASET\FISH DATASET\proof_frames_fish_frames_200\fish15\fish15_frame003875_front_mask.png
fish15,3876,C:\Users\shain\Downloads\FISH DATASET\FISH DATASET\proof_frames_fish_frames_200\fish15\fish15_frame003876_top.jpg,C:\Users\shain\Downloads\FISH DATASET\FISH DATASET\proof_frames_fish_frames_200\fish15\fish15_frame003876_front.jpg,C:\Users\shain\Downloads\FISH DATASET\FISH DATASET\proof_frames_fish_frames_200\fish15\fish15_frame003876_top_mask.png,C:\Users\shain\Downloads\FISH DATASET\FISH DATASET\proof_frames_fish_frames_200\fish15\fish15_frame003876_front_mask.png
fish15,3877,C:\Users\shain\Downloads\FISH DATASET\FISH DATASET\proof_frames_fish_frames_200\fish15\fish15_frame003877_top.jpg,C:\Users\shain\Downloads\FISH DATASET\FISH DATASET\proof_frames_fish_frames_200\fish15\fish15_frame003877_front.jpg,C:\Users\shain\Downloads\FISH DATASET\FISH DATASET\proof_frames_fish_frames_200\fish15\fish15_frame003877_top_mask.png,C:\Users\shain\Downloads\FISH DATASET\FISH DATASET\proof_frames_fish_frames_200\fish15\fish15_frame003877_front_mask.png
fish15,3878,C:\Users\shain\Downloads\FISH DATASET\FISH DATASET\proof_frames_fish_frames_200\fish15\fish15_frame003878_top.jpg,C:\Users\shain\Downloads\FISH DATASET\FISH DATASET\proof_frames_fish_frames_200\fish15\fish15_frame003878_front.jpg,C:\Users\shain\Downloads\FISH DATASET\FISH DATASET\proof_frames_fish_frames_200\fish15\fish15_frame003878_top_mask.png,C:\Users\shain\Downloads\FISH DATASET\FISH DATASET\proof_frames_fish_frames_200\fish15\fish15_frame003878_front_mask.png
fish15,3879,C:\Users\shain\Downloads\FISH DATASET\FISH DATASET\proof_frames_fish_frames_200\fish15\fish15_frame003879_top.jpg,C:\Users\shain\Downloads\FISH DATASET\FISH DATASET\proof_frames_fish_frames_200\fish15\fish15_frame003879_front.jpg,C:\Users\shain\Downloads\FISH DATASET\FISH DATASET\proof_frames_fish_frames_200\fish15\fish15_frame003879_top_mask.png,C:\Users\shain\Downloads\FISH DATASET\FISH DATASET\proof_frames_fish_frames_200\fish15\fish15_frame003879_front_mask.png
fish15,3880,C:\Users\shain\Downloads\FISH DATASET\FISH DATASET\proof_frames_fish_frames_200\fish15\fish15_frame003880_top.jpg,C:\Users\shain\Downloads\FISH DATASET\FISH DATASET\proof_frames_fish_frames_200\fish15\fish15_frame003880_front.jpg,C:\Users\shain\Downloads\FISH DATASET\FISH DATASET\proof_frames_fish_frames_200\fish15\fish15_frame003880_top_mask.png,C:\Users\shain\Downloads\FISH DATASET\FISH DATASET\proof_frames_fish_frames_200\fish15\fish15_frame003880_front_mask.png
fish15,3881,C:\Users\shain\Downloads\FISH DATASET\FISH DATASET\proof_frames_fish_frames_200\fish15\fish15_frame003881_top.jpg,C:\Users\shain\Downloads\FISH DATASET\FISH DATASET\proof_frames_fish_frames_200\fish15\fish15_frame003881_front.jpg,C:\Users\shain\Downloads\FISH DATASET\FISH DATASET\proof_frames_fish_frames_200\fish15\fish15_frame003881_top_mask.png,C:\Users\shain\Downloads\FISH DATASET\FISH DATASET\proof_frames_fish_frames_200\fish15\fish15_frame003881_front_mask.png
fish15,3882,C:\Users\shain\Downloads\FISH DATASET\FISH DATASET\proof_frames_fish_frames_200\fish15\fish15_frame003882_top.jpg,C:\Users\shain\Downloads\FISH DATASET\FISH DATASET\proof_frames_fish_frames_200\fish15\fish15_frame003882_front.jpg,C:\Users\shain\Downloads\FISH DATASET\FISH DATASET\proof_frames_fish_frames_200\fish15\fish15_frame003882_top_mask.png,C:\Users\shain\Downloads\FISH DATASET\FISH DATASET\proof_frames_fish_frames_200\fish15\fish15_frame003882_front_mask.png
fish15,3883,C:\Users\shain\Downloads\FISH DATASET\FISH DATASET\proof_frames_fish_frames_200\fish15\fish15_frame003883_top.jpg,C:\Users\shain\Downloads\FISH DATASET\FISH DATASET\proof_frames_fish_frames_200\fish15\fish15_frame003883_front.jpg,C:\Users\shain\Downloads\FISH DATASET\FISH DATASET\proof_frames_fish_frames_200\fish15\fish15_frame003883_top_mask.png,C:\Users\shain\Downloads\FISH DATASET\FISH DATASET\proof_frames_fish_frames_200\fish15\fish15_frame003883_front_mask.png
fish15,3884,C:\Users\shain\Downloads\FISH DATASET\FISH DATASET\proof_frames_fish_frames_200\fish15\fish15_frame003884_top.jpg,C:\Users\shain\Downloads\FISH DATASET\FISH DATASET\proof_frames_fish_frames_200\fish15\fish15_frame003884_front.jpg,C:\Users\shain\Downloads\FISH DATASET\FISH DATASET\proof_frames_fish_frames_200\fish15\fish15_frame003884_top_mask.png,C:\Users\shain\Downloads\FISH DATASET\FISH DATASET\proof_frames_fish_frames_200\fish15\fish15_frame003884_front_mask.png
fish15,3885,C:\Users\shain\Downloads\FISH DATASET\FISH DATASET\proof_frames_fish_frames_200\fish15\fish15_frame003885_top.jpg,C:\Users\shain\Downloads\FISH DATASET\FISH DATASET\proof_frames_fish_frames_200\fish15\fish15_frame003885_front.jpg,C:\Users\shain\Downloads\FISH DATASET\FISH DATASET\proof_frames_fish_frames_200\fish15\fish15_frame003885_top_mask.png,C:\Users\shain\Downloads\FISH DATASET\FISH DATASET\proof_frames_fish_frames_200\fish15\fish15_frame003885_front_mask.png
fish15,3886,C:\Users\shain\Downloads\FISH DATASET\FISH DATASET\proof_frames_fish_frames_200\fish15\fish15_frame003886_top.jpg,C:\Users\shain\Downloads\FISH DATASET\FISH DATASET\proof_frames_fish_frames_200\fish15\fish15_frame003886_front.jpg,C:\Users\shain\Downloads\FISH DATASET\FISH DATASET\proof_frames_fish_frames_200\fish15\fish15_frame003886_top_mask.png,C:\Users\shain\Downloads\FISH DATASET\FISH DATASET\proof_frames_fish_frames_200\fish15\fish15_frame003886_front_mask.png
fish15,3887,C:\Users\shain\Downloads\FISH DATASET\FISH DATASET\proof_frames_fish_frames_200\fish15\fish15_frame003887_top.jpg,C:\Users\shain\Downloads\FISH DATASET\FISH DATASET\proof_frames_fish_frames_200\fish15\fish15_frame003887_front.jpg,C:\Users\shain\Downloads\FISH DATASET\FISH DATASET\proof_frames_fish_frames_200\fish15\fish15_frame003887_top_mask.png,C:\Users\shain\Downloads\FISH DATASET\FISH DATASET\proof_frames_fish_frames_200\fish15\fish15_frame003887_front_mask.png
fish15,3888,C:\Users\shain\Downloads\FISH DATASET\FISH DATASET\proof_frames_fish_frames_200\fish15\fish15_frame003888_top.jpg,C:\Users\shain\Downloads\FISH DATASET\FISH DATASET\proof_frames_fish_frames_200\fish15\fish15_frame003888_front.jpg,C:\Users\shain\Downloads\FISH DATASET\FISH DATASET\proof_frames_fish_frames_200\fish15\fish15_frame003888_top_mask.png,C:\Users\shain\Downloads\FISH DATASET\FISH DATASET\proof_frames_fish_frames_200\fish15\fish15_frame003888_front_mask.png
fish15,3889,C:\Users\shain\Downloads\FISH DATASET\FISH DATASET\proof_frames_fish_frames_200\fish15\fish15_frame003889_top.jpg,C:\Users\shain\Downloads\FISH DATASET\FISH DATASET\proof_frames_fish_frames_200\fish15\fish15_frame003889_front.jpg,C:\Users\shain\Downloads\FISH DATASET\FISH DATASET\proof_frames_fish_frames_200\fish15\fish15_frame003889_top_mask.png,C:\Users\shain\Downloads\FISH DATASET\FISH DATASET\proof_frames_fish_frames_200\fish15\fish15_frame003889_front_mask.png
fish15,3890,C:\Users\shain\Downloads\FISH DATASET\FISH DATASET\proof_frames_fish_frames_200\fish15\fish15_frame003890_top.jpg,C:\Users\shain\Downloads\FISH DATASET\FISH DATASET\proof_frames_fish_frames_200\fish15\fish15_frame003890_front.jpg,C:\Users\shain\Downloads\FISH DATASET\FISH DATASET\proof_frames_fish_frames_200\fish15\fish15_frame003890_top_mask.png,C:\Users\shain\Downloads\FISH DATASET\FISH DATASET\proof_frames_fish_frames_200\fish15\fish15_frame003890_front_mask.png
fish15,3891,C:\Users\shain\Downloads\FISH DATASET\FISH DATASET\proof_frames_fish_frames_200\fish15\fish15_frame003891_top.jpg,C:\Users\shain\Downloads\FISH DATASET\FISH DATASET\proof_frames_fish_frames_200\fish15\fish15_frame003891_front.jpg,C:\Users\shain\Downloads\FISH DATASET\FISH DATASET\proof_frames_fish_frames_200\fish15\fish15_frame003891_top_mask.png,C:\Users\shain\Downloads\FISH DATASET\FISH DATASET\proof_frames_fish_frames_200\fish15\fish15_frame003891_front_mask.png
fish15,3892,C:\Users\shain\Downloads\FISH DATASET\FISH DATASET\proof_frames_fish_frames_200\fish15\fish15_frame003892_top.jpg,C:\Users\shain\Downloads\FISH DATASET\FISH DATASET\proof_frames_fish_frames_200\fish15\fish15_frame003892_front.jpg,C:\Users\shain\Downloads\FISH DATASET\FISH DATASET\proof_frames_fish_frames_200\fish15\fish15_frame003892_top_mask.png,C:\Users\shain\Downloads\FISH DATASET\FISH DATASET\proof_frames_fish_frames_200\fish15\fish15_frame003892_front_mask.png
fish15,3893,C:\Users\shain\Downloads\FISH DATASET\FISH DATASET\proof_frames_fish_frames_200\fish15\fish15_frame003893_top.jpg,C:\Users\shain\Downloads\FISH DATASET\FISH DATASET\proof_frames_fish_frames_200\fish15\fish15_frame003893_front.jpg,C:\Users\shain\Downloads\FISH DATASET\FISH DATASET\proof_frames_fish_frames_200\fish15\fish15_frame003893_top_mask.png,C:\Users\shain\Downloads\FISH DATASET\FISH DATASET\proof_frames_fish_frames_200\fish15\fish15_frame003893_front_mask.png
fish15,3894,C:\Users\shain\Downloads\FISH DATASET\FISH DATASET\proof_frames_fish_frames_200\fish15\fish15_frame003894_top.jpg,C:\Users\shain\Downloads\FISH DATASET\FISH DATASET\proof_frames_fish_frames_200\fish15\fish15_frame003894_front.jpg,C:\Users\shain\Downloads\FISH DATASET\FISH DATASET\proof_frames_fish_frames_200\fish15\fish15_frame003894_top_mask.png,C:\Users\shain\Downloads\FISH DATASET\FISH DATASET\proof_frames_fish_frames_200\fish15\fish15_frame003894_front_mask.png
fish15,3895,C:\Users\shain\Downloads\FISH DATASET\FISH DATASET\proof_frames_fish_frames_200\fish15\fish15_frame003895_top.jpg,C:\Users\shain\Downloads\FISH DATASET\FISH DATASET\proof_frames_fish_frames_200\fish15\fish15_frame003895_front.jpg,C:\Users\shain\Downloads\FISH DATASET\FISH DATASET\proof_frames_fish_frames_200\fish15\fish15_frame003895_top_mask.png,C:\Users\shain\Downloads\FISH DATASET\FISH DATASET\proof_frames_fish_frames_200\fish15\fish15_frame003895_front_mask.png
fish15,3896,C:\Users\shain\Downloads\FISH DATASET\FISH DATASET\proof_frames_fish_frames_200\fish15\fish15_frame003896_top.jpg,C:\Users\shain\Downloads\FISH DATASET\FISH DATASET\proof_frames_fish_frames_200\fish15\fish15_frame003896_front.jpg,C:\Users\shain\Downloads\FISH DATASET\FISH DATASET\proof_frames_fish_frames_200\fish15\fish15_frame003896_top_mask.png,C:\Users\shain\Downloads\FISH DATASET\FISH DATASET\proof_frames_fish_frames_200\fish15\fish15_frame003896_front_mask.png
fish15,3897,C:\Users\shain\Downloads\FISH DATASET\FISH DATASET\proof_frames_fish_frames_200\fish15\fish15_frame003897_top.jpg,C:\Users\shain\Downloads\FISH DATASET\FISH DATASET\proof_frames_fish_frames_200\fish15\fish15_frame003897_front.jpg,C:\Users\shain\Downloads\FISH DATASET\FISH DATASET\proof_frames_fish_frames_200\fish15\fish15_frame003897_top_mask.png,C:\Users\shain\Downloads\FISH DATASET\FISH DATASET\proof_frames_fish_frames_200\fish15\fish15_frame003897_front_mask.png
fish15,3898,C:\Users\shain\Downloads\FISH DATASET\FISH DATASET\proof_frames_fish_frames_200\fish15\fish15_frame003898_top.jpg,C:\Users\shain\Downloads\FISH DATASET\FISH DATASET\proof_frames_fish_frames_200\fish15\fish15_frame003898_front.jpg,C:\Users\shain\Downloads\FISH DATASET\FISH DATASET\proof_frames_fish_frames_200\fish15\fish15_frame003898_top_mask.png,C:\Users\shain\Downloads\FISH DATASET\FISH DATASET\proof_frames_fish_frames_200\fish15\fish15_frame003898_front_mask.png
fish15,3899,C:\Users\shain\Downloads\FISH DATASET\FISH DATASET\proof_frames_fish_frames_200\fish15\fish15_frame003899_top.jpg,C:\Users\shain\Downloads\FISH DATASET\FISH DATASET\proof_frames_fish_frames_200\fish15\fish15_frame003899_front.jpg,C:\Users\shain\Downloads\FISH DATASET\FISH DATASET\proof_frames_fish_frames_200\fish15\fish15_frame003899_top_mask.png,C:\Users\shain\Downloads\FISH DATASET\FISH DATASET\proof_frames_fish_frames_200\fish15\fish15_frame003899_front_mask.png
fish15,3902,C:\Users\shain\Downloads\FISH DATASET\FISH DATASET\proof_frames_fish_frames_200\fish15\fish15_frame003902_top.jpg,C:\Users\shain\Downloads\FISH DATASET\FISH DATASET\proof_frames_fish_frames_200\fish15\fish15_frame003902_front.jpg,C:\Users\shain\Downloads\FISH DATASET\FISH DATASET\proof_frames_fish_frames_200\fish15\fish15_frame003902_top_mask.png,C:\Users\shain\Downloads\FISH DATASET\FISH DATASET\proof_frames_fish_frames_200\fish15\fish15_frame003902_front_mask.png
fish15,3904,C:\Users\shain\Downloads\FISH DATASET\FISH DATASET\proof_frames_fish_frames_200\fish15\fish15_frame003904_top.jpg,C:\Users\shain\Downloads\FISH DATASET\FISH DATASET\proof_frames_fish_frames_200\fish15\fish15_frame003904_front.jpg,C:\Users\shain\Downloads\FISH DATASET\FISH DATASET\proof_frames_fish_frames_200\fish15\fish15_frame003904_top_mask.png,C:\Users\shain\Downloads\FISH DATASET\FISH DATASET\proof_frames_fish_frames_200\fish15\fish15_frame003904_front_mask.png
fish15,3906,C:\Users\shain\Downloads\FISH DATASET\FISH DATASET\proof_frames_fish_frames_200\fish15\fish15_frame003906_top.jpg,C:\Users\shain\Downloads\FISH DATASET\FISH DATASET\proof_frames_fish_frames_200\fish15\fish15_frame003906_front.jpg,C:\Users\shain\Downloads\FISH DATASET\FISH DATASET\proof_frames_fish_frames_200\fish15\fish15_frame003906_top_mask.png,C:\Users\shain\Downloads\FISH DATASET\FISH DATASET\proof_frames_fish_frames_200\fish15\fish15_frame003906_front_mask.png
fish15,6132,C:\Users\shain\Downloads\FISH DATASET\FISH DATASET\proof_frames_fish_frames_200\fish15\fish15_frame006132_top.jpg,C:\Users\shain\Downloads\FISH DATASET\FISH DATASET\proof_frames_fish_frames_200\fish15\fish15_frame006132_front.jpg,C:\Users\shain\Downloads\FISH DATASET\FISH DATASET\proof_frames_fish_frames_200\fish15\fish15_frame006132_top_mask.png,C:\Users\shain\Downloads\FISH DATASET\FISH DATASET\proof_frames_fish_frames_200\fish15\fish15_frame006132_front_mask.png
fish15,6133,C:\Users\shain\Downloads\FISH DATASET\FISH DATASET\proof_frames_fish_frames_200\fish15\fish15_frame006133_top.jpg,C:\Users\shain\Downloads\FISH DATASET\FISH DATASET\proof_frames_fish_frames_200\fish15\fish15_frame006133_front.jpg,C:\Users\shain\Downloads\FISH DATASET\FISH DATASET\proof_frames_fish_frames_200\fish15\fish15_frame006133_top_mask.png,C:\Users\shain\Downloads\FISH DATASET\FISH DATASET\proof_frames_fish_frames_200\fish15\fish15_frame006133_front_mask.png
fish15,6134,C:\Users\shain\Downloads\FISH DATASET\FISH DATASET\proof_frames_fish_frames_200\fish15\fish15_frame006134_top.jpg,C:\Users\shain\Downloads\FISH DATASET\FISH DATASET\proof_frames_fish_frames_200\fish15\fish15_frame006134_front.jpg,C:\Users\shain\Downloads\FISH DATASET\FISH DATASET\proof_frames_fish_frames_200\fish15\fish15_frame006134_top_mask.png,C:\Users\shain\Downloads\FISH DATASET\FISH DATASET\proof_frames_fish_frames_200\fish15\fish15_frame006134_front_mask.png
fish2,4473,C:\Users\shain\Downloads\FISH DATASET\FISH DATASET\proof_frames_fish_frames_200\fish2\fish2_frame004473_top.jpg,C:\Users\shain\Downloads\FISH DATASET\FISH DATASET\proof_frames_fish_frames_200\fish2\fish2_frame004473_front.jpg,C:\Users\shain\Downloads\FISH DATASET\FISH DATASET\proof_frames_fish_frames_200\fish2\fish2_frame004473_top_mask.png,C:\Users\shain\Downloads\FISH DATASET\FISH DATASET\proof_frames_fish_frames_200\fish2\fish2_frame004473_front_mask.png
fish2,4475,C:\Users\shain\Downloads\FISH DATASET\FISH DATASET\proof_frames_fish_frames_200\fish2\fish2_frame004475_top.jpg,C:\Users\shain\Downloads\FISH DATASET\FISH DATASET\proof_frames_fish_frames_200\fish2\fish2_frame004475_front.jpg,C:\Users\shain\Downloads\FISH DATASET\FISH DATASET\proof_frames_fish_frames_200\fish2\fish2_frame004475_top_mask.png,C:\Users\shain\Downloads\FISH DATASET\FISH DATASET\proof_frames_fish_frames_200\fish2\fish2_frame004475_front_mask.png
fish2,4476,C:\Users\shain\Downloads\FISH DATASET\FISH DATASET\proof_frames_fish_frames_200\fish2\fish2_frame004476_top.jpg,C:\Users\shain\Downloads\FISH DATASET\FISH DATASET\proof_frames_fish_frames_200\fish2\fish2_frame004476_front.jpg,C:\Users\shain\Downloads\FISH DATASET\FISH DATASET\proof_frames_fish_frames_200\fish2\fish2_frame004476_top_mask.png,C:\Users\shain\Downloads\FISH DATASET\FISH DATASET\proof_frames_fish_frames_200\fish2\fish2_frame004476_front_mask.png
fish2,4950,C:\Users\shain\Downloads\FISH DATASET\FISH DATASET\proof_frames_fish_frames_200\fish2\fish2_frame004950_top.jpg,C:\Users\shain\Downloads\FISH DATASET\FISH DATASET\proof_frames_fish_frames_200\fish2\fish2_frame004950_front.jpg,C:\Users\shain\Downloads\FISH DATASET\FISH DATASET\proof_frames_fish_frames_200\fish2\fish2_frame004950_top_mask.png,C:\Users\shain\Downloads\FISH DATASET\FISH DATASET\proof_frames_fish_frames_200\fish2\fish2_frame004950_front_mask.png
fish2,4951,C:\Users\shain\Downloads\FISH DATASET\FISH DATASET\proof_frames_fish_frames_200\fish2\fish2_frame004951_top.jpg,C:\Users\shain\Downloads\FISH DATASET\FISH DATASET\proof_frames_fish_frames_200\fish2\fish2_frame004951_front.jpg,C:\Users\shain\Downloads\FISH DATASET\FISH DATASET\proof_frames_fish_frames_200\fish2\fish2_frame004951_top_mask.png,C:\Users\shain\Downloads\FISH DATASET\FISH DATASET\proof_frames_fish_frames_200\fish2\fish2_frame004951_front_mask.png
fish2,4952,C:\Users\shain\Downloads\FISH DATASET\FISH DATASET\proof_frames_fish_frames_200\fish2\fish2_frame004952_top.jpg,C:\Users\shain\Downloads\FISH DATASET\FISH DATASET\proof_frames_fish_frames_200\fish2\fish2_frame004952_front.jpg,C:\Users\shain\Downloads\FISH DATASET\FISH DATASET\proof_frames_fish_frames_200\fish2\fish2_frame004952_top_mask.png,C:\Users\shain\Downloads\FISH DATASET\FISH DATASET\proof_frames_fish_frames_200\fish2\fish2_frame004952_front_mask.png
fish2,4953,C:\Users\shain\Downloads\FISH DATASET\FISH DATASET\proof_frames_fish_frames_200\fish2\fish2_frame004953_top.jpg,C:\Users\shain\Downloads\FISH DATASET\FISH DATASET\proof_frames_fish_frames_200\fish2\fish2_frame004953_front.jpg,C:\Users\shain\Downloads\FISH DATASET\FISH DATASET\proof_frames_fish_frames_200\fish2\fish2_frame004953_top_mask.png,C:\Users\shain\Downloads\FISH DATASET\FISH DATASET\proof_frames_fish_frames_200\fish2\fish2_frame004953_front_mask.png
fish2,4954,C:\Users\shain\Downloads\FISH DATASET\FISH DATASET\proof_frames_fish_frames_200\fish2\fish2_frame004954_top.jpg,C:\Users\shain\Downloads\FISH DATASET\FISH DATASET\proof_frames_fish_frames_200\fish2\fish2_frame004954_front.jpg,C:\Users\shain\Downloads\FISH DATASET\FISH DATASET\proof_frames_fish_frames_200\fish2\fish2_frame004954_top_mask.png,C:\Users\shain\Downloads\FISH DATASET\FISH DATASET\proof_frames_fish_frames_200\fish2\fish2_frame004954_front_mask.png
fish2,4955,C:\Users\shain\Downloads\FISH DATASET\FISH DATASET\proof_frames_fish_frames_200\fish2\fish2_frame004955_top.jpg,C:\Users\shain\Downloads\FISH DATASET\FISH DATASET\proof_frames_fish_frames_200\fish2\fish2_frame004955_front.jpg,C:\Users\shain\Downloads\FISH DATASET\FISH DATASET\proof_frames_fish_frames_200\fish2\fish2_frame004955_top_mask.png,C:\Users\shain\Downloads\FISH DATASET\FISH DATASET\proof_frames_fish_frames_200\fish2\fish2_frame004955_front_mask.png
fish2,4956,C:\Users\shain\Downloads\FISH DATASET\FISH DATASET\proof_frames_fish_frames_200\fish2\fish2_frame004956_top.jpg,C:\Users\shain\Downloads\FISH DATASET\FISH DATASET\proof_frames_fish_frames_200\fish2\fish2_frame004956_front.jpg,C:\Users\shain\Downloads\FISH DATASET\FISH DATASET\proof_frames_fish_frames_200\fish2\fish2_frame004956_top_mask.png,C:\Users\shain\Downloads\FISH DATASET\FISH DATASET\proof_frames_fish_frames_200\fish2\fish2_frame004956_front_mask.png
fish2,4957,C:\Users\shain\Downloads\FISH DATASET\FISH DATASET\proof_frames_fish_frames_200\fish2\fish2_frame004957_top.jpg,C:\Users\shain\Downloads\FISH DATASET\FISH DATASET\proof_frames_fish_frames_200\fish2\fish2_frame004957_front.jpg,C:\Users\shain\Downloads\FISH DATASET\FISH DATASET\proof_frames_fish_frames_200\fish2\fish2_frame004957_top_mask.png,C:\Users\shain\Downloads\FISH DATASET\FISH DATASET\proof_frames_fish_frames_200\fish2\fish2_frame004957_front_mask.png
fish2,4959,C:\Users\shain\Downloads\FISH DATASET\FISH DATASET\proof_frames_fish_frames_200\fish2\fish2_frame004959_top.jpg,C:\Users\shain\Downloads\FISH DATASET\FISH DATASET\proof_frames_fish_frames_200\fish2\fish2_frame004959_front.jpg,C:\Users\shain\Downloads\FISH DATASET\FISH DATASET\proof_frames_fish_frames_200\fish2\fish2_frame004959_top_mask.png,C:\Users\shain\Downloads\FISH DATASET\FISH DATASET\proof_frames_fish_frames_200\fish2\fish2_frame004959_front_mask.png
fish2,4961,C:\Users\shain\Downloads\FISH DATASET\FISH DATASET\proof_frames_fish_frames_200\fish2\fish2_frame004961_top.jpg,C:\Users\shain\Downloads\FISH DATASET\FISH DATASET\proof_frames_fish_frames_200\fish2\fish2_frame004961_front.jpg,C:\Users\shain\Downloads\FISH DATASET\FISH DATASET\proof_frames_fish_frames_200\fish2\fish2_frame004961_top_mask.png,C:\Users\shain\Downloads\FISH DATASET\FISH DATASET\proof_frames_fish_frames_200\fish2\fish2_frame004961_front_mask.png
fish2,4962,C:\Users\shain\Downloads\FISH DATASET\FISH DATASET\proof_frames_fish_frames_200\fish2\fish2_frame004962_top.jpg,C:\Users\shain\Downloads\FISH DATASET\FISH DATASET\proof_frames_fish_frames_200\fish2\fish2_frame004962_front.jpg,C:\Users\shain\Downloads\FISH DATASET\FISH DATASET\proof_frames_fish_frames_200\fish2\fish2_frame004962_top_mask.png,C:\Users\shain\Downloads\FISH DATASET\FISH DATASET\proof_frames_fish_frames_200\fish2\fish2_frame004962_front_mask.png
fish2,4963,C:\Users\shain\Downloads\FISH DATASET\FISH DATASET\proof_frames_fish_frames_200\fish2\fish2_frame004963_top.jpg,C:\Users\shain\Downloads\FISH DATASET\FISH DATASET\proof_frames_fish_frames_200\fish2\fish2_frame004963_front.jpg,C:\Users\shain\Downloads\FISH DATASET\FISH DATASET\proof_frames_fish_frames_200\fish2\fish2_frame004963_top_mask.png,C:\Users\shain\Downloads\FISH DATASET\FISH DATASET\proof_frames_fish_frames_200\fish2\fish2_frame004963_front_mask.png
fish2,4964,C:\Users\shain\Downloads\FISH DATASET\FISH DATASET\proof_frames_fish_frames_200\fish2\fish2_frame004964_top.jpg,C:\Users\shain\Downloads\FISH DATASET\FISH DATASET\proof_frames_fish_frames_200\fish2\fish2_frame004964_front.jpg,C:\Users\shain\Downloads\FISH DATASET\FISH DATASET\proof_frames_fish_frames_200\fish2\fish2_frame004964_top_mask.png,C:\Users\shain\Downloads\FISH DATASET\FISH DATASET\proof_frames_fish_frames_200\fish2\fish2_frame004964_front_mask.png
fish2,4965,C:\Users\shain\Downloads\FISH DATASET\FISH DATASET\proof_frames_fish_frames_200\fish2\fish2_frame004965_top.jpg,C:\Users\shain\Downloads\FISH DATASET\FISH DATASET\proof_frames_fish_frames_200\fish2\fish2_frame004965_front.jpg,C:\Users\shain\Downloads\FISH DATASET\FISH DATASET\proof_frames_fish_frames_200\fish2\fish2_frame004965_top_mask.png,C:\Users\shain\Downloads\FISH DATASET\FISH DATASET\proof_frames_fish_frames_200\fish2\fish2_frame004965_front_mask.png
fish2,4966,C:\Users\shain\Downloads\FISH DATASET\FISH DATASET\proof_frames_fish_frames_200\fish2\fish2_frame004966_top.jpg,C:\Users\shain\Downloads\FISH DATASET\FISH DATASET\proof_frames_fish_frames_200\fish2\fish2_frame004966_front.jpg,C:\Users\shain\Downloads\FISH DATASET\FISH DATASET\proof_frames_fish_frames_200\fish2\fish2_frame004966_top_mask.png,C:\Users\shain\Downloads\FISH DATASET\FISH DATASET\proof_frames_fish_frames_200\fish2\fish2_frame004966_front_mask.png
fish2,4967,C:\Users\shain\Downloads\FISH DATASET\FISH DATASET\proof_frames_fish_frames_200\fish2\fish2_frame004967_top.jpg,C:\Users\shain\Downloads\FISH DATASET\FISH DATASET\proof_frames_fish_frames_200\fish2\fish2_frame004967_front.jpg,C:\Users\shain\Downloads\FISH DATASET\FISH DATASET\proof_frames_fish_frames_200\fish2\fish2_frame004967_top_mask.png,C:\Users\shain\Downloads\FISH DATASET\FISH DATASET\proof_frames_fish_frames_200\fish2\fish2_frame004967_front_mask.png
fish2,4968,C:\Users\shain\Downloads\FISH DATASET\FISH DATASET\proof_frames_fish_frames_200\fish2\fish2_frame004968_top.jpg,C:\Users\shain\Downloads\FISH DATASET\FISH DATASET\proof_frames_fish_frames_200\fish2\fish2_frame004968_front.jpg,C:\Users\shain\Downloads\FISH DATASET\FISH DATASET\proof_frames_fish_frames_200\fish2\fish2_frame004968_top_mask.png,C:\Users\shain\Downloads\FISH DATASET\FISH DATASET\proof_frames_fish_frames_200\fish2\fish2_frame004968_front_mask.png
fish2,4969,C:\Users\shain\Downloads\FISH DATASET\FISH DATASET\proof_frames_fish_frames_200\fish2\fish2_frame004969_top.jpg,C:\Users\shain\Downloads\FISH DATASET\FISH DATASET\proof_frames_fish_frames_200\fish2\fish2_frame004969_front.jpg,C:\Users\shain\Downloads\FISH DATASET\FISH DATASET\proof_frames_fish_frames_200\fish2\fish2_frame004969_top_mask.png,C:\Users\shain\Downloads\FISH DATASET\FISH DATASET\proof_frames_fish_frames_200\fish2\fish2_frame004969_front_mask.png
fish2,4970,C:\Users\shain\Downloads\FISH DATASET\FISH DATASET\proof_frames_fish_frames_200\fish2\fish2_frame004970_top.jpg,C:\Users\shain\Downloads\FISH DATASET\FISH DATASET\proof_frames_fish_frames_200\fish2\fish2_frame004970_front.jpg,C:\Users\shain\Downloads\FISH DATASET\FISH DATASET\proof_frames_fish_frames_200\fish2\fish2_frame004970_top_mask.png,C:\Users\shain\Downloads\FISH DATASET\FISH DATASET\proof_frames_fish_frames_200\fish2\fish2_frame004970_front_mask.png
fish2,4971,C:\Users\shain\Downloads\FISH DATASET\FISH DATASET\proof_frames_fish_frames_200\fish2\fish2_frame004971_top.jpg,C:\Users\shain\Downloads\FISH DATASET\FISH DATASET\proof_frames_fish_frames_200\fish2\fish2_frame004971_front.jpg,C:\Users\shain\Downloads\FISH DATASET\FISH DATASET\proof_frames_fish_frames_200\fish2\fish2_frame004971_top_mask.png,C:\Users\shain\Downloads\FISH DATASET\FISH DATASET\proof_frames_fish_frames_200\fish2\fish2_frame004971_front_mask.png
fish2,4972,C:\Users\shain\Downloads\FISH DATASET\FISH DATASET\proof_frames_fish_frames_200\fish2\fish2_frame004972_top.jpg,C:\Users\shain\Downloads\FISH DATASET\FISH DATASET\proof_frames_fish_frames_200\fish2\fish2_frame004972_front.jpg,C:\Users\shain\Downloads\FISH DATASET\FISH DATASET\proof_frames_fish_frames_200\fish2\fish2_frame004972_top_mask.png,C:\Users\shain\Downloads\FISH DATASET\FISH DATASET\proof_frames_fish_frames_200\fish2\fish2_frame004972_front_mask.png
fish2,4973,C:\Users\shain\Downloads\FISH DATASET\FISH DATASET\proof_frames_fish_frames_200\fish2\fish2_frame004973_top.jpg,C:\Users\shain\Downloads\FISH DATASET\FISH DATASET\proof_frames_fish_frames_200\fish2\fish2_frame004973_front.jpg,C:\Users\shain\Downloads\FISH DATASET\FISH DATASET\proof_frames_fish_frames_200\fish2\fish2_frame004973_top_mask.png,C:\Users\shain\Downloads\FISH DATASET\FISH DATASET\proof_frames_fish_frames_200\fish2\fish2_frame004973_front_mask.png
fish2,4974,C:\Users\shain\Downloads\FISH DATASET\FISH DATASET\proof_frames_fish_frames_200\fish2\fish2_frame004974_top.jpg,C:\Users\shain\Downloads\FISH DATASET\FISH DATASET\proof_frames_fish_frames_200\fish2\fish2_frame004974_front.jpg,C:\Users\shain\Downloads\FISH DATASET\FISH DATASET\proof_frames_fish_frames_200\fish2\fish2_frame004974_top_mask.png,C:\Users\shain\Downloads\FISH DATASET\FISH DATASET\proof_frames_fish_frames_200\fish2\fish2_frame004974_front_mask.png
fish2,4975,C:\Users\shain\Downloads\FISH DATASET\FISH DATASET\proof_frames_fish_frames_200\fish2\fish2_frame004975_top.jpg,C:\Users\shain\Downloads\FISH DATASET\FISH DATASET\proof_frames_fish_frames_200\fish2\fish2_frame004975_front.jpg,C:\Users\shain\Downloads\FISH DATASET\FISH DATASET\proof_frames_fish_frames_200\fish2\fish2_frame004975_top_mask.png,C:\Users\shain\Downloads\FISH DATASET\FISH DATASET\proof_frames_fish_frames_200\fish2\fish2_frame004975_front_mask.png
fish2,4976,C:\Users\shain\Downloads\FISH DATASET\FISH DATASET\proof_frames_fish_frames_200\fish2\fish2_frame004976_top.jpg,C:\Users\shain\Downloads\FISH DATASET\FISH DATASET\proof_frames_fish_frames_200\fish2\fish2_frame004976_front.jpg,C:\Users\shain\Downloads\FISH DATASET\FISH DATASET\proof_frames_fish_frames_200\fish2\fish2_frame004976_top_mask.png,C:\Users\shain\Downloads\FISH DATASET\FISH DATASET\proof_frames_fish_frames_200\fish2\fish2_frame004976_front_mask.png
fish2,4977,C:\Users\shain\Downloads\FISH DATASET\FISH DATASET\proof_frames_fish_frames_200\fish2\fish2_frame004977_top.jpg,C:\Users\shain\Downloads\FISH DATASET\FISH DATASET\proof_frames_fish_frames_200\fish2\fish2_frame004977_front.jpg,C:\Users\shain\Downloads\FISH DATASET\FISH DATASET\proof_frames_fish_frames_200\fish2\fish2_frame004977_top_mask.png,C:\Users\shain\Downloads\FISH DATASET\FISH DATASET\proof_frames_fish_frames_200\fish2\fish2_frame004977_front_mask.png
fish2,4978,C:\Users\shain\Downloads\FISH DATASET\FISH DATASET\proof_frames_fish_frames_200\fish2\fish2_frame004978_top.jpg,C:\Users\shain\Downloads\FISH DATASET\FISH DATASET\proof_frames_fish_frames_200\fish2\fish2_frame004978_front.jpg,C:\Users\shain\Downloads\FISH DATASET\FISH DATASET\proof_frames_fish_frames_200\fish2\fish2_frame004978_top_mask.png,C:\Users\shain\Downloads\FISH DATASET\FISH DATASET\proof_frames_fish_frames_200\fish2\fish2_frame004978_front_mask.png
fish2,4979,C:\Users\shain\Downloads\FISH DATASET\FISH DATASET\proof_frames_fish_frames_200\fish2\fish2_frame004979_top.jpg,C:\Users\shain\Downloads\FISH DATASET\FISH DATASET\proof_frames_fish_frames_200\fish2\fish2_frame004979_front.jpg,C:\Users\shain\Downloads\FISH DATASET\FISH DATASET\proof_frames_fish_frames_200\fish2\fish2_frame004979_top_mask.png,C:\Users\shain\Downloads\FISH DATASET\FISH DATASET\proof_frames_fish_frames_200\fish2\fish2_frame004979_front_mask.png
fish2,4981,C:\Users\shain\Downloads\FISH DATASET\FISH DATASET\proof_frames_fish_frames_200\fish2\fish2_frame004981_top.jpg,C:\Users\shain\Downloads\FISH DATASET\FISH DATASET\proof_frames_fish_frames_200\fish2\fish2_frame004981_front.jpg,C:\Users\shain\Downloads\FISH DATASET\FISH DATASET\proof_frames_fish_frames_200\fish2\fish2_frame004981_top_mask.png,C:\Users\shain\Downloads\FISH DATASET\FISH DATASET\proof_frames_fish_frames_200\fish2\fish2_frame004981_front_mask.png
fish2,4984,C:\Users\shain\Downloads\FISH DATASET\FISH DATASET\proof_frames_fish_frames_200\fish2\fish2_frame004984_top.jpg,C:\Users\shain\Downloads\FISH DATASET\FISH DATASET\proof_frames_fish_frames_200\fish2\fish2_frame004984_front.jpg,C:\Users\shain\Downloads\FISH DATASET\FISH DATASET\proof_frames_fish_frames_200\fish2\fish2_frame004984_top_mask.png,C:\Users\shain\Downloads\FISH DATASET\FISH DATASET\proof_frames_fish_frames_200\fish2\fish2_frame004984_front_mask.png
fish2,4985,C:\Users\shain\Downloads\FISH DATASET\FISH DATASET\proof_frames_fish_frames_200\fish2\fish2_frame004985_top.jpg,C:\Users\shain\Downloads\FISH DATASET\FISH DATASET\proof_frames_fish_frames_200\fish2\fish2_frame004985_front.jpg,C:\Users\shain\Downloads\FISH DATASET\FISH DATASET\proof_frames_fish_frames_200\fish2\fish2_frame004985_top_mask.png,C:\Users\shain\Downloads\FISH DATASET\FISH DATASET\proof_frames_fish_frames_200\fish2\fish2_frame004985_front_mask.png
fish2,4986,C:\Users\shain\Downloads\FISH DATASET\FISH DATASET\proof_frames_fish_frames_200\fish2\fish2_frame004986_top.jpg,C:\Users\shain\Downloads\FISH DATASET\FISH DATASET\proof_frames_fish_frames_200\fish2\fish2_frame004986_front.jpg,C:\Users\shain\Downloads\FISH DATASET\FISH DATASET\proof_frames_fish_frames_200\fish2\fish2_frame004986_top_mask.png,C:\Users\shain\Downloads\FISH DATASET\FISH DATASET\proof_frames_fish_frames_200\fish2\fish2_frame004986_front_mask.png
fish2,4987,C:\Users\shain\Downloads\FISH DATASET\FISH DATASET\proof_frames_fish_frames_200\fish2\fish2_frame004987_top.jpg,C:\Users\shain\Downloads\FISH DATASET\FISH DATASET\proof_frames_fish_frames_200\fish2\fish2_frame004987_front.jpg,C:\Users\shain\Downloads\FISH DATASET\FISH DATASET\proof_frames_fish_frames_200\fish2\fish2_frame004987_top_mask.png,C:\Users\shain\Downloads\FISH DATASET\FISH DATASET\proof_frames_fish_frames_200\fish2\fish2_frame004987_front_mask.png
fish2,4988,C:\Users\shain\Downloads\FISH DATASET\FISH DATASET\proof_frames_fish_frames_200\fish2\fish2_frame004988_top.jpg,C:\Users\shain\Downloads\FISH DATASET\FISH DATASET\proof_frames_fish_frames_200\fish2\fish2_frame004988_front.jpg,C:\Users\shain\Downloads\FISH DATASET\FISH DATASET\proof_frames_fish_frames_200\fish2\fish2_frame004988_top_mask.png,C:\Users\shain\Downloads\FISH DATASET\FISH DATASET\proof_frames_fish_frames_200\fish2\fish2_frame004988_front_mask.png
fish2,4989,C:\Users\shain\Downloads\FISH DATASET\FISH DATASET\proof_frames_fish_frames_200\fish2\fish2_frame004989_top.jpg,C:\Users\shain\Downloads\FISH DATASET\FISH DATASET\proof_frames_fish_frames_200\fish2\fish2_frame004989_front.jpg,C:\Users\shain\Downloads\FISH DATASET\FISH DATASET\proof_frames_fish_frames_200\fish2\fish2_frame004989_top_mask.png,C:\Users\shain\Downloads\FISH DATASET\FISH DATASET\proof_frames_fish_frames_200\fish2\fish2_frame004989_front_mask.png
fish2,4990,C:\Users\shain\Downloads\FISH DATASET\FISH DATASET\proof_frames_fish_frames_200\fish2\fish2_frame004990_top.jpg,C:\Users\shain\Downloads\FISH DATASET\FISH DATASET\proof_frames_fish_frames_200\fish2\fish2_frame004990_front.jpg,C:\Users\shain\Downloads\FISH DATASET\FISH DATASET\proof_frames_fish_frames_200\fish2\fish2_frame004990_top_mask.png,C:\Users\shain\Downloads\FISH DATASET\FISH DATASET\proof_frames_fish_frames_200\fish2\fish2_frame004990_front_mask.png
fish2,4991,C:\Users\shain\Downloads\FISH DATASET\FISH DATASET\proof_frames_fish_frames_200\fish2\fish2_frame004991_top.jpg,C:\Users\shain\Downloads\FISH DATASET\FISH DATASET\proof_frames_fish_frames_200\fish2\fish2_frame004991_front.jpg,C:\Users\shain\Downloads\FISH DATASET\FISH DATASET\proof_frames_fish_frames_200\fish2\fish2_frame004991_top_mask.png,C:\Users\shain\Downloads\FISH DATASET\FISH DATASET\proof_frames_fish_frames_200\fish2\fish2_frame004991_front_mask.png
fish2,4992,C:\Users\shain\Downloads\FISH DATASET\FISH DATASET\proof_frames_fish_frames_200\fish2\fish2_frame004992_top.jpg,C:\Users\shain\Downloads\FISH DATASET\FISH DATASET\proof_frames_fish_frames_200\fish2\fish2_frame004992_front.jpg,C:\Users\shain\Downloads\FISH DATASET\FISH DATASET\proof_frames_fish_frames_200\fish2\fish2_frame004992_top_mask.png,C:\Users\shain\Downloads\FISH DATASET\FISH DATASET\proof_frames_fish_frames_200\fish2\fish2_frame004992_front_mask.png
fish2,4993,C:\Users\shain\Downloads\FISH DATASET\FISH DATASET\proof_frames_fish_frames_200\fish2\fish2_frame004993_top.jpg,C:\Users\shain\Downloads\FISH DATASET\FISH DATASET\proof_frames_fish_frames_200\fish2\fish2_frame004993_front.jpg,C:\Users\shain\Downloads\FISH DATASET\FISH DATASET\proof_frames_fish_frames_200\fish2\fish2_frame004993_top_mask.png,C:\Users\shain\Downloads\FISH DATASET\FISH DATASET\proof_frames_fish_frames_200\fish2\fish2_frame004993_front_mask.png
fish2,4994,C:\Users\shain\Downloads\FISH DATASET\FISH DATASET\proof_frames_fish_frames_200\fish2\fish2_frame004994_top.jpg,C:\Users\shain\Downloads\FISH DATASET\FISH DATASET\proof_frames_fish_frames_200\fish2\fish2_frame004994_front.jpg,C:\Users\shain\Downloads\FISH DATASET\FISH DATASET\proof_frames_fish_frames_200\fish2\fish2_frame004994_top_mask.png,C:\Users\shain\Downloads\FISH DATASET\FISH DATASET\proof_frames_fish_frames_200\fish2\fish2_frame004994_front_mask.png
fish2,4995,C:\Users\shain\Downloads\FISH DATASET\FISH DATASET\proof_frames_fish_frames_200\fish2\fish2_frame004995_top.jpg,C:\Users\shain\Downloads\FISH DATASET\FISH DATASET\proof_frames_fish_frames_200\fish2\fish2_frame004995_front.jpg,C:\Users\shain\Downloads\FISH DATASET\FISH DATASET\proof_frames_fish_frames_200\fish2\fish2_frame004995_top_mask.png,C:\Users\shain\Downloads\FISH DATASET\FISH DATASET\proof_frames_fish_frames_200\fish2\fish2_frame004995_front_mask.png
fish2,4996,C:\Users\shain\Downloads\FISH DATASET\FISH DATASET\proof_frames_fish_frames_200\fish2\fish2_frame004996_top.jpg,C:\Users\shain\Downloads\FISH DATASET\FISH DATASET\proof_frames_fish_frames_200\fish2\fish2_frame004996_front.jpg,C:\Users\shain\Downloads\FISH DATASET\FISH DATASET\proof_frames_fish_frames_200\fish2\fish2_frame004996_top_mask.png,C:\Users\shain\Downloads\FISH DATASET\FISH DATASET\proof_frames_fish_frames_200\fish2\fish2_frame004996_front_mask.png
fish2,5160,C:\Users\shain\Downloads\FISH DATASET\FISH DATASET\proof_frames_fish_frames_200\fish2\fish2_frame005160_top.jpg,C:\Users\shain\Downloads\FISH DATASET\FISH DATASET\proof_frames_fish_frames_200\fish2\fish2_frame005160_front.jpg,C:\Users\shain\Downloads\FISH DATASET\FISH DATASET\proof_frames_fish_frames_200\fish2\fish2_frame005160_top_mask.png,C:\Users\shain\Downloads\FISH DATASET\FISH DATASET\proof_frames_fish_frames_200\fish2\fish2_frame005160_front_mask.png
fish2,5162,C:\Users\shain\Downloads\FISH DATASET\FISH DATASET\proof_frames_fish_frames_200\fish2\fish2_frame005162_top.jpg,C:\Users\shain\Downloads\FISH DATASET\FISH DATASET\proof_frames_fish_frames_200\fish2\fish2_frame005162_front.jpg,C:\Users\shain\Downloads\FISH DATASET\FISH DATASET\proof_frames_fish_frames_200\fish2\fish2_frame005162_top_mask.png,C:\Users\shain\Downloads\FISH DATASET\FISH DATASET\proof_frames_fish_frames_200\fish2\fish2_frame005162_front_mask.png
fish2,5163,C:\Users\shain\Downloads\FISH DATASET\FISH DATASET\proof_frames_fish_frames_200\fish2\fish2_frame005163_top.jpg,C:\Users\shain\Downloads\FISH DATASET\FISH DATASET\proof_frames_fish_frames_200\fish2\fish2_frame005163_front.jpg,C:\Users\shain\Downloads\FISH DATASET\FISH DATASET\proof_frames_fish_frames_200\fish2\fish2_frame005163_top_mask.png,C:\Users\shain\Downloads\FISH DATASET\FISH DATASET\proof_frames_fish_frames_200\fish2\fish2_frame005163_front_mask.png
fish2,5397,C:\Users\shain\Downloads\FISH DATASET\FISH DATASET\proof_frames_fish_frames_200\fish2\fish2_frame005397_top.jpg,C:\Users\shain\Downloads\FISH DATASET\FISH DATASET\proof_frames_fish_frames_200\fish2\fish2_frame005397_front.jpg,C:\Users\shain\Downloads\FISH DATASET\FISH DATASET\proof_frames_fish_frames_200\fish2\fish2_frame005397_top_mask.png,C:\Users\shain\Downloads\FISH DATASET\FISH DATASET\proof_frames_fish_frames_200\fish2\fish2_frame005397_front_mask.png
fish2,5398,C:\Users\shain\Downloads\FISH DATASET\FISH DATASET\proof_frames_fish_frames_200\fish2\fish2_frame005398_top.jpg,C:\Users\shain\Downloads\FISH DATASET\FISH DATASET\proof_frames_fish_frames_200\fish2\fish2_frame005398_front.jpg,C:\Users\shain\Downloads\FISH DATASET\FISH DATASET\proof_frames_fish_frames_200\fish2\fish2_frame005398_top_mask.png,C:\Users\shain\Downloads\FISH DATASET\FISH DATASET\proof_frames_fish_frames_200\fish2\fish2_frame005398_front_mask.png
fish2,5399,C:\Users\shain\Downloads\FISH DATASET\FISH DATASET\proof_frames_fish_frames_200\fish2\fish2_frame005399_top.jpg,C:\Users\shain\Downloads\FISH DATASET\FISH DATASET\proof_frames_fish_frames_200\fish2\fish2_frame005399_front.jpg,C:\Users\shain\Downloads\FISH DATASET\FISH DATASET\proof_frames_fish_frames_200\fish2\fish2_frame005399_top_mask.png,C:\Users\shain\Downloads\FISH DATASET\FISH DATASET\proof_frames_fish_frames_200\fish2\fish2_frame005399_front_mask.png
fish2,5400,C:\Users\shain\Downloads\FISH DATASET\FISH DATASET\proof_frames_fish_frames_200\fish2\fish2_frame005400_top.jpg,C:\Users\shain\Downloads\FISH DATASET\FISH DATASET\proof_frames_fish_frames_200\fish2\fish2_frame005400_front.jpg,C:\Users\shain\Downloads\FISH DATASET\FISH DATASET\proof_frames_fish_frames_200\fish2\fish2_frame005400_top_mask.png,C:\Users\shain\Downloads\FISH DATASET\FISH DATASET\proof_frames_fish_frames_200\fish2\fish2_frame005400_front_mask.png
fish2,5401,C:\Users\shain\Downloads\FISH DATASET\FISH DATASET\proof_frames_fish_frames_200\fish2\fish2_frame005401_top.jpg,C:\Users\shain\Downloads\FISH DATASET\FISH DATASET\proof_frames_fish_frames_200\fish2\fish2_frame005401_front.jpg,C:\Users\shain\Downloads\FISH DATASET\FISH DATASET\proof_frames_fish_frames_200\fish2\fish2_frame005401_top_mask.png,C:\Users\shain\Downloads\FISH DATASET\FISH DATASET\proof_frames_fish_frames_200\fish2\fish2_frame005401_front_mask.png
fish2,5402,C:\Users\shain\Downloads\FISH DATASET\FISH DATASET\proof_frames_fish_frames_200\fish2\fish2_frame005402_top.jpg,C:\Users\shain\Downloads\FISH DATASET\FISH DATASET\proof_frames_fish_frames_200\fish2\fish2_frame005402_front.jpg,C:\Users\shain\Downloads\FISH DATASET\FISH DATASET\proof_frames_fish_frames_200\fish2\fish2_frame005402_top_mask.png,C:\Users\shain\Downloads\FISH DATASET\FISH DATASET\proof_frames_fish_frames_200\fish2\fish2_frame005402_front_mask.png
fish2,5403,C:\Users\shain\Downloads\FISH DATASET\FISH DATASET\proof_frames_fish_frames_200\fish2\fish2_frame005403_top.jpg,C:\Users\shain\Downloads\FISH DATASET\FISH DATASET\proof_frames_fish_frames_200\fish2\fish2_frame005403_front.jpg,C:\Users\shain\Downloads\FISH DATASET\FISH DATASET\proof_frames_fish_frames_200\fish2\fish2_frame005403_top_mask.png,C:\Users\shain\Downloads\FISH DATASET\FISH DATASET\proof_frames_fish_frames_200\fish2\fish2_frame005403_front_mask.png
fish2,5405,C:\Users\shain\Downloads\FISH DATASET\FISH DATASET\proof_frames_fish_frames_200\fish2\fish2_frame005405_top.jpg,C:\Users\shain\Downloads\FISH DATASET\FISH DATASET\proof_frames_fish_frames_200\fish2\fish2_frame005405_front.jpg,C:\Users\shain\Downloads\FISH DATASET\FISH DATASET\proof_frames_fish_frames_200\fish2\fish2_frame005405_top_mask.png,C:\Users\shain\Downloads\FISH DATASET\FISH DATASET\proof_frames_fish_frames_200\fish2\fish2_frame005405_front_mask.png
fish2,5406,C:\Users\shain\Downloads\FISH DATASET\FISH DATASET\proof_frames_fish_frames_200\fish2\fish2_frame005406_top.jpg,C:\Users\shain\Downloads\FISH DATASET\FISH DATASET\proof_frames_fish_frames_200\fish2\fish2_frame005406_front.jpg,C:\Users\shain\Downloads\FISH DATASET\FISH DATASET\proof_frames_fish_frames_200\fish2\fish2_frame005406_top_mask.png,C:\Users\shain\Downloads\FISH DATASET\FISH DATASET\proof_frames_fish_frames_200\fish2\fish2_frame005406_front_mask.png
fish2,5407,C:\Users\shain\Downloads\FISH DATASET\FISH DATASET\proof_frames_fish_frames_200\fish2\fish2_frame005407_top.jpg,C:\Users\shain\Downloads\FISH DATASET\FISH DATASET\proof_frames_fish_frames_200\fish2\fish2_frame005407_front.jpg,C:\Users\shain\Downloads\FISH DATASET\FISH DATASET\proof_frames_fish_frames_200\fish2\fish2_frame005407_top_mask.png,C:\Users\shain\Downloads\FISH DATASET\FISH DATASET\proof_frames_fish_frames_200\fish2\fish2_frame005407_front_mask.png
fish2,5408,C:\Users\shain\Downloads\FISH DATASET\FISH DATASET\proof_frames_fish_frames_200\fish2\fish2_frame005408_top.jpg,C:\Users\shain\Downloads\FISH DATASET\FISH DATASET\proof_frames_fish_frames_200\fish2\fish2_frame005408_front.jpg,C:\Users\shain\Downloads\FISH DATASET\FISH DATASET\proof_frames_fish_frames_200\fish2\fish2_frame005408_top_mask.png,C:\Users\shain\Downloads\FISH DATASET\FISH DATASET\proof_frames_fish_frames_200\fish2\fish2_frame005408_front_mask.png
fish2,5422,C:\Users\shain\Downloads\FISH DATASET\FISH DATASET\proof_frames_fish_frames_200\fish2\fish2_frame005422_top.jpg,C:\Users\shain\Downloads\FISH DATASET\FISH DATASET\proof_frames_fish_frames_200\fish2\fish2_frame005422_front.jpg,C:\Users\shain\Downloads\FISH DATASET\FISH DATASET\proof_frames_fish_frames_200\fish2\fish2_frame005422_top_mask.png,C:\Users\shain\Downloads\FISH DATASET\FISH DATASET\proof_frames_fish_frames_200\fish2\fish2_frame005422_front_mask.png
fish2,5424,C:\Users\shain\Downloads\FISH DATASET\FISH DATASET\proof_frames_fish_frames_200\fish2\fish2_frame005424_top.jpg,C:\Users\shain\Downloads\FISH DATASET\FISH DATASET\proof_frames_fish_frames_200\fish2\fish2_frame005424_front.jpg,C:\Users\shain\Downloads\FISH DATASET\FISH DATASET\proof_frames_fish_frames_200\fish2\fish2_frame005424_top_mask.png,C:\Users\shain\Downloads\FISH DATASET\FISH DATASET\proof_frames_fish_frames_200\fish2\fish2_frame005424_front_mask.png
fish2,5425,C:\Users\shain\Downloads\FISH DATASET\FISH DATASET\proof_frames_fish_frames_200\fish2\fish2_frame005425_top.jpg,C:\Users\shain\Downloads\FISH DATASET\FISH DATASET\proof_frames_fish_frames_200\fish2\fish2_frame005425_front.jpg,C:\Users\shain\Downloads\FISH DATASET\FISH DATASET\proof_frames_fish_frames_200\fish2\fish2_frame005425_top_mask.png,C:\Users\shain\Downloads\FISH DATASET\FISH DATASET\proof_frames_fish_frames_200\fish2\fish2_frame005425_front_mask.png
fish2,5426,C:\Users\shain\Downloads\FISH DATASET\FISH DATASET\proof_frames_fish_frames_200\fish2\fish2_frame005426_top.jpg,C:\Users\shain\Downloads\FISH DATASET\FISH DATASET\proof_frames_fish_frames_200\fish2\fish2_frame005426_front.jpg,C:\Users\shain\Downloads\FISH DATASET\FISH DATASET\proof_frames_fish_frames_200\fish2\fish2_frame005426_top_mask.png,C:\Users\shain\Downloads\FISH DATASET\FISH DATASET\proof_frames_fish_frames_200\fish2\fish2_frame005426_front_mask.png
fish2,5429,C:\Users\shain\Downloads\FISH DATASET\FISH DATASET\proof_frames_fish_frames_200\fish2\fish2_frame005429_top.jpg,C:\Users\shain\Downloads\FISH DATASET\FISH DATASET\proof_frames_fish_frames_200\fish2\fish2_frame005429_front.jpg,C:\Users\shain\Downloads\FISH DATASET\FISH DATASET\proof_frames_fish_frames_200\fish2\fish2_frame005429_top_mask.png,C:\Users\shain\Downloads\FISH DATASET\FISH DATASET\proof_frames_fish_frames_200\fish2\fish2_frame005429_front_mask.png
fish2,5430,C:\Users\shain\Downloads\FISH DATASET\FISH DATASET\proof_frames_fish_frames_200\fish2\fish2_frame005430_top.jpg,C:\Users\shain\Downloads\FISH DATASET\FISH DATASET\proof_frames_fish_frames_200\fish2\fish2_frame005430_front.jpg,C:\Users\shain\Downloads\FISH DATASET\FISH DATASET\proof_frames_fish_frames_200\fish2\fish2_frame005430_top_mask.png,C:\Users\shain\Downloads\FISH DATASET\FISH DATASET\proof_frames_fish_frames_200\fish2\fish2_frame005430_front_mask.png
fish2,5431,C:\Users\shain\Downloads\FISH DATASET\FISH DATASET\proof_frames_fish_frames_200\fish2\fish2_frame005431_top.jpg,C:\Users\shain\Downloads\FISH DATASET\FISH DATASET\proof_frames_fish_frames_200\fish2\fish2_frame005431_front.jpg,C:\Users\shain\Downloads\FISH DATASET\FISH DATASET\proof_frames_fish_frames_200\fish2\fish2_frame005431_top_mask.png,C:\Users\shain\Downloads\FISH DATASET\FISH DATASET\proof_frames_fish_frames_200\fish2\fish2_frame005431_front_mask.png
fish2,5432,C:\Users\shain\Downloads\FISH DATASET\FISH DATASET\proof_frames_fish_frames_200\fish2\fish2_frame005432_top.jpg,C:\Users\shain\Downloads\FISH DATASET\FISH DATASET\proof_frames_fish_frames_200\fish2\fish2_frame005432_front.jpg,C:\Users\shain\Downloads\FISH DATASET\FISH DATASET\proof_frames_fish_frames_200\fish2\fish2_frame005432_top_mask.png,C:\Users\shain\Downloads\FISH DATASET\FISH DATASET\proof_frames_fish_frames_200\fish2\fish2_frame005432_front_mask.png
fish2,5433,C:\Users\shain\Downloads\FISH DATASET\FISH DATASET\proof_frames_fish_frames_200\fish2\fish2_frame005433_top.jpg,C:\Users\shain\Downloads\FISH DATASET\FISH DATASET\proof_frames_fish_frames_200\fish2\fish2_frame005433_front.jpg,C:\Users\shain\Downloads\FISH DATASET\FISH DATASET\proof_frames_fish_frames_200\fish2\fish2_frame005433_top_mask.png,C:\Users\shain\Downloads\FISH DATASET\FISH DATASET\proof_frames_fish_frames_200\fish2\fish2_frame005433_front_mask.png
fish2,5434,C:\Users\shain\Downloads\FISH DATASET\FISH DATASET\proof_frames_fish_frames_200\fish2\fish2_frame005434_top.jpg,C:\Users\shain\Downloads\FISH DATASET\FISH DATASET\proof_frames_fish_frames_200\fish2\fish2_frame005434_front.jpg,C:\Users\shain\Downloads\FISH DATASET\FISH DATASET\proof_frames_fish_frames_200\fish2\fish2_frame005434_top_mask.png,C:\Users\shain\Downloads\FISH DATASET\FISH DATASET\proof_frames_fish_frames_200\fish2\fish2_frame005434_front_mask.png
fish2,5435,C:\Users\shain\Downloads\FISH DATASET\FISH DATASET\proof_frames_fish_frames_200\fish2\fish2_frame005435_top.jpg,C:\Users\shain\Downloads\FISH DATASET\FISH DATASET\proof_frames_fish_frames_200\fish2\fish2_frame005435_front.jpg,C:\Users\shain\Downloads\FISH DATASET\FISH DATASET\proof_frames_fish_frames_200\fish2\fish2_frame005435_top_mask.png,C:\Users\shain\Downloads\FISH DATASET\FISH DATASET\proof_frames_fish_frames_200\fish2\fish2_frame005435_front_mask.png
fish2,5436,C:\Users\shain\Downloads\FISH DATASET\FISH DATASET\proof_frames_fish_frames_200\fish2\fish2_frame005436_top.jpg,C:\Users\shain\Downloads\FISH DATASET\FISH DATASET\proof_frames_fish_frames_200\fish2\fish2_frame005436_front.jpg,C:\Users\shain\Downloads\FISH DATASET\FISH DATASET\proof_frames_fish_frames_200\fish2\fish2_frame005436_top_mask.png,C:\Users\shain\Downloads\FISH DATASET\FISH DATASET\proof_frames_fish_frames_200\fish2\fish2_frame005436_front_mask.png
fish2,5437,C:\Users\shain\Downloads\FISH DATASET\FISH DATASET\proof_frames_fish_frames_200\fish2\fish2_frame005437_top.jpg,C:\Users\shain\Downloads\FISH DATASET\FISH DATASET\proof_frames_fish_frames_200\fish2\fish2_frame005437_front.jpg,C:\Users\shain\Downloads\FISH DATASET\FISH DATASET\proof_frames_fish_frames_200\fish2\fish2_frame005437_top_mask.png,C:\Users\shain\Downloads\FISH DATASET\FISH DATASET\proof_frames_fish_frames_200\fish2\fish2_frame005437_front_mask.png
fish3,134,C:\Users\shain\Downloads\FISH DATASET\FISH DATASET\proof_frames_fish_frames_200\fish3\fish3_frame000134_top.jpg,C:\Users\shain\Downloads\FISH DATASET\FISH DATASET\proof_frames_fish_frames_200\fish3\fish3_frame000134_front.jpg,C:\Users\shain\Downloads\FISH DATASET\FISH DATASET\proof_frames_fish_frames_200\fish3\fish3_frame000134_top_mask.png,C:\Users\shain\Downloads\FISH DATASET\FISH DATASET\proof_frames_fish_frames_200\fish3\fish3_frame000134_front_mask.png
fish3,135,C:\Users\shain\Downloads\FISH DATASET\FISH DATASET\proof_frames_fish_frames_200\fish3\fish3_frame000135_top.jpg,C:\Users\shain\Downloads\FISH DATASET\FISH DATASET\proof_frames_fish_frames_200\fish3\fish3_frame000135_front.jpg,C:\Users\shain\Downloads\FISH DATASET\FISH DATASET\proof_frames_fish_frames_200\fish3\fish3_frame000135_top_mask.png,C:\Users\shain\Downloads\FISH DATASET\FISH DATASET\proof_frames_fish_frames_200\fish3\fish3_frame000135_front_mask.png
fish3,136,C:\Users\shain\Downloads\FISH DATASET\FISH DATASET\proof_frames_fish_frames_200\fish3\fish3_frame000136_top.jpg,C:\Users\shain\Downloads\FISH DATASET\FISH DATASET\proof_frames_fish_frames_200\fish3\fish3_frame000136_front.jpg,C:\Users\shain\Downloads\FISH DATASET\FISH DATASET\proof_frames_fish_frames_200\fish3\fish3_frame000136_top_mask.png,C:\Users\shain\Downloads\FISH DATASET\FISH DATASET\proof_frames_fish_frames_200\fish3\fish3_frame000136_front_mask.png
fish3,137,C:\Users\shain\Downloads\FISH DATASET\FISH DATASET\proof_frames_fish_frames_200\fish3\fish3_frame000137_top.jpg,C:\Users\shain\Downloads\FISH DATASET\FISH DATASET\proof_frames_fish_frames_200\fish3\fish3_frame000137_front.jpg,C:\Users\shain\Downloads\FISH DATASET\FISH DATASET\proof_frames_fish_frames_200\fish3\fish3_frame000137_top_mask.png,C:\Users\shain\Downloads\FISH DATASET\FISH DATASET\proof_frames_fish_frames_200\fish3\fish3_frame000137_front_mask.png
fish3,138,C:\Users\shain\Downloads\FISH DATASET\FISH DATASET\proof_frames_fish_frames_200\fish3\fish3_frame000138_top.jpg,C:\Users\shain\Downloads\FISH DATASET\FISH DATASET\proof_frames_fish_frames_200\fish3\fish3_frame000138_front.jpg,C:\Users\shain\Downloads\FISH DATASET\FISH DATASET\proof_frames_fish_frames_200\fish3\fish3_frame000138_top_mask.png,C:\Users\shain\Downloads\FISH DATASET\FISH DATASET\proof_frames_fish_frames_200\fish3\fish3_frame000138_front_mask.png
fish3,139,C:\Users\shain\Downloads\FISH DATASET\FISH DATASET\proof_frames_fish_frames_200\fish3\fish3_frame000139_top.jpg,C:\Users\shain\Downloads\FISH DATASET\FISH DATASET\proof_frames_fish_frames_200\fish3\fish3_frame000139_front.jpg,C:\Users\shain\Downloads\FISH DATASET\FISH DATASET\proof_frames_fish_frames_200\fish3\fish3_frame000139_top_mask.png,C:\Users\shain\Downloads\FISH DATASET\FISH DATASET\proof_frames_fish_frames_200\fish3\fish3_frame000139_front_mask.png
fish3,140,C:\Users\shain\Downloads\FISH DATASET\FISH DATASET\proof_frames_fish_frames_200\fish3\fish3_frame000140_top.jpg,C:\Users\shain\Downloads\FISH DATASET\FISH DATASET\proof_frames_fish_frames_200\fish3\fish3_frame000140_front.jpg,C:\Users\shain\Downloads\FISH DATASET\FISH DATASET\proof_frames_fish_frames_200\fish3\fish3_frame000140_top_mask.png,C:\Users\shain\Downloads\FISH DATASET\FISH DATASET\proof_frames_fish_frames_200\fish3\fish3_frame000140_front_mask.png
fish3,141,C:\Users\shain\Downloads\FISH DATASET\FISH DATASET\proof_frames_fish_frames_200\fish3\fish3_frame000141_top.jpg,C:\Users\shain\Downloads\FISH DATASET\FISH DATASET\proof_frames_fish_frames_200\fish3\fish3_frame000141_front.jpg,C:\Users\shain\Downloads\FISH DATASET\FISH DATASET\proof_frames_fish_frames_200\fish3\fish3_frame000141_top_mask.png,C:\Users\shain\Downloads\FISH DATASET\FISH DATASET\proof_frames_fish_frames_200\fish3\fish3_frame000141_front_mask.png
fish3,142,C:\Users\shain\Downloads\FISH DATASET\FISH DATASET\proof_frames_fish_frames_200\fish3\fish3_frame000142_top.jpg,C:\Users\shain\Downloads\FISH DATASET\FISH DATASET\proof_frames_fish_frames_200\fish3\fish3_frame000142_front.jpg,C:\Users\shain\Downloads\FISH DATASET\FISH DATASET\proof_frames_fish_frames_200\fish3\fish3_frame000142_top_mask.png,C:\Users\shain\Downloads\FISH DATASET\FISH DATASET\proof_frames_fish_frames_200\fish3\fish3_frame000142_front_mask.png
fish3,143,C:\Users\shain\Downloads\FISH DATASET\FISH DATASET\proof_frames_fish_frames_200\fish3\fish3_frame000143_top.jpg,C:\Users\shain\Downloads\FISH DATASET\FISH DATASET\proof_frames_fish_frames_200\fish3\fish3_frame000143_front.jpg,C:\Users\shain\Downloads\FISH DATASET\FISH DATASET\proof_frames_fish_frames_200\fish3\fish3_frame000143_top_mask.png,C:\Users\shain\Downloads\FISH DATASET\FISH DATASET\proof_frames_fish_frames_200\fish3\fish3_frame000143_front_mask.png
fish3,144,C:\Users\shain\Downloads\FISH DATASET\FISH DATASET\proof_frames_fish_frames_200\fish3\fish3_frame000144_top.jpg,C:\Users\shain\Downloads\FISH DATASET\FISH DATASET\proof_frames_fish_frames_200\fish3\fish3_frame000144_front.jpg,C:\Users\shain\Downloads\FISH DATASET\FISH DATASET\proof_frames_fish_frames_200\fish3\fish3_frame000144_top_mask.png,C:\Users\shain\Downloads\FISH DATASET\FISH DATASET\proof_frames_fish_frames_200\fish3\fish3_frame000144_front_mask.png
fish3,145,C:\Users\shain\Downloads\FISH DATASET\FISH DATASET\proof_frames_fish_frames_200\fish3\fish3_frame000145_top.jpg,C:\Users\shain\Downloads\FISH DATASET\FISH DATASET\proof_frames_fish_frames_200\fish3\fish3_frame000145_front.jpg,C:\Users\shain\Downloads\FISH DATASET\FISH DATASET\proof_frames_fish_frames_200\fish3\fish3_frame000145_top_mask.png,C:\Users\shain\Downloads\FISH DATASET\FISH DATASET\proof_frames_fish_frames_200\fish3\fish3_frame000145_front_mask.png
fish3,146,C:\Users\shain\Downloads\FISH DATASET\FISH DATASET\proof_frames_fish_frames_200\fish3\fish3_frame000146_top.jpg,C:\Users\shain\Downloads\FISH DATASET\FISH DATASET\proof_frames_fish_frames_200\fish3\fish3_frame000146_front.jpg,C:\Users\shain\Downloads\FISH DATASET\FISH DATASET\proof_frames_fish_frames_200\fish3\fish3_frame000146_top_mask.png,C:\Users\shain\Downloads\FISH DATASET\FISH DATASET\proof_frames_fish_frames_200\fish3\fish3_frame000146_front_mask.png
fish3,147,C:\Users\shain\Downloads\FISH DATASET\FISH DATASET\proof_frames_fish_frames_200\fish3\fish3_frame000147_top.jpg,C:\Users\shain\Downloads\FISH DATASET\FISH DATASET\proof_frames_fish_frames_200\fish3\fish3_frame000147_front.jpg,C:\Users\shain\Downloads\FISH DATASET\FISH DATASET\proof_frames_fish_frames_200\fish3\fish3_frame000147_top_mask.png,C:\Users\shain\Downloads\FISH DATASET\FISH DATASET\proof_frames_fish_frames_200\fish3\fish3_frame000147_front_mask.png
fish3,148,C:\Users\shain\Downloads\FISH DATASET\FISH DATASET\proof_frames_fish_frames_200\fish3\fish3_frame000148_top.jpg,C:\Users\shain\Downloads\FISH DATASET\FISH DATASET\proof_frames_fish_frames_200\fish3\fish3_frame000148_front.jpg,C:\Users\shain\Downloads\FISH DATASET\FISH DATASET\proof_frames_fish_frames_200\fish3\fish3_frame000148_top_mask.png,C:\Users\shain\Downloads\FISH DATASET\FISH DATASET\proof_frames_fish_frames_200\fish3\fish3_frame000148_front_mask.png
fish3,149,C:\Users\shain\Downloads\FISH DATASET\FISH DATASET\proof_frames_fish_frames_200\fish3\fish3_frame000149_top.jpg,C:\Users\shain\Downloads\FISH DATASET\FISH DATASET\proof_frames_fish_frames_200\fish3\fish3_frame000149_front.jpg,C:\Users\shain\Downloads\FISH DATASET\FISH DATASET\proof_frames_fish_frames_200\fish3\fish3_frame000149_top_mask.png,C:\Users\shain\Downloads\FISH DATASET\FISH DATASET\proof_frames_fish_frames_200\fish3\fish3_frame000149_front_mask.png
fish3,150,C:\Users\shain\Downloads\FISH DATASET\FISH DATASET\proof_frames_fish_frames_200\fish3\fish3_frame000150_top.jpg,C:\Users\shain\Downloads\FISH DATASET\FISH DATASET\proof_frames_fish_frames_200\fish3\fish3_frame000150_front.jpg,C:\Users\shain\Downloads\FISH DATASET\FISH DATASET\proof_frames_fish_frames_200\fish3\fish3_frame000150_top_mask.png,C:\Users\shain\Downloads\FISH DATASET\FISH DATASET\proof_frames_fish_frames_200\fish3\fish3_frame000150_front_mask.png
fish3,151,C:\Users\shain\Downloads\FISH DATASET\FISH DATASET\proof_frames_fish_frames_200\fish3\fish3_frame000151_top.jpg,C:\Users\shain\Downloads\FISH DATASET\FISH DATASET\proof_frames_fish_frames_200\fish3\fish3_frame000151_front.jpg,C:\Users\shain\Downloads\FISH DATASET\FISH DATASET\proof_frames_fish_frames_200\fish3\fish3_frame000151_top_mask.png,C:\Users\shain\Downloads\FISH DATASET\FISH DATASET\proof_frames_fish_frames_200\fish3\fish3_frame000151_front_mask.png
fish3,152,C:\Users\shain\Downloads\FISH DATASET\FISH DATASET\proof_frames_fish_frames_200\fish3\fish3_frame000152_top.jpg,C:\Users\shain\Downloads\FISH DATASET\FISH DATASET\proof_frames_fish_frames_200\fish3\fish3_frame000152_front.jpg,C:\Users\shain\Downloads\FISH DATASET\FISH DATASET\proof_frames_fish_frames_200\fish3\fish3_frame000152_top_mask.png,C:\Users\shain\Downloads\FISH DATASET\FISH DATASET\proof_frames_fish_frames_200\fish3\fish3_frame000152_front_mask.png
fish3,153,C:\Users\shain\Downloads\FISH DATASET\FISH DATASET\proof_frames_fish_frames_200\fish3\fish3_frame000153_top.jpg,C:\Users\shain\Downloads\FISH DATASET\FISH DATASET\proof_frames_fish_frames_200\fish3\fish3_frame000153_front.jpg,C:\Users\shain\Downloads\FISH DATASET\FISH DATASET\proof_frames_fish_frames_200\fish3\fish3_frame000153_top_mask.png,C:\Users\shain\Downloads\FISH DATASET\FISH DATASET\proof_frames_fish_frames_200\fish3\fish3_frame000153_front_mask.png
fish3,154,C:\Users\shain\Downloads\FISH DATASET\FISH DATASET\proof_frames_fish_frames_200\fish3\fish3_frame000154_top.jpg,C:\Users\shain\Downloads\FISH DATASET\FISH DATASET\proof_frames_fish_frames_200\fish3\fish3_frame000154_front.jpg,C:\Users\shain\Downloads\FISH DATASET\FISH DATASET\proof_frames_fish_frames_200\fish3\fish3_frame000154_top_mask.png,C:\Users\shain\Downloads\FISH DATASET\FISH DATASET\proof_frames_fish_frames_200\fish3\fish3_frame000154_front_mask.png
fish3,369,C:\Users\shain\Downloads\FISH DATASET\FISH DATASET\proof_frames_fish_frames_200\fish3\fish3_frame000369_top.jpg,C:\Users\shain\Downloads\FISH DATASET\FISH DATASET\proof_frames_fish_frames_200\fish3\fish3_frame000369_front.jpg,C:\Users\shain\Downloads\FISH DATASET\FISH DATASET\proof_frames_fish_frames_200\fish3\fish3_frame000369_top_mask.png,C:\Users\shain\Downloads\FISH DATASET\FISH DATASET\proof_frames_fish_frames_200\fish3\fish3_frame000369_front_mask.png
fish3,370,C:\Users\shain\Downloads\FISH DATASET\FISH DATASET\proof_frames_fish_frames_200\fish3\fish3_frame000370_top.jpg,C:\Users\shain\Downloads\FISH DATASET\FISH DATASET\proof_frames_fish_frames_200\fish3\fish3_frame000370_front.jpg,C:\Users\shain\Downloads\FISH DATASET\FISH DATASET\proof_frames_fish_frames_200\fish3\fish3_frame000370_top_mask.png,C:\Users\shain\Downloads\FISH DATASET\FISH DATASET\proof_frames_fish_frames_200\fish3\fish3_frame000370_front_mask.png
fish3,371,C:\Users\shain\Downloads\FISH DATASET\FISH DATASET\proof_frames_fish_frames_200\fish3\fish3_frame000371_top.jpg,C:\Users\shain\Downloads\FISH DATASET\FISH DATASET\proof_frames_fish_frames_200\fish3\fish3_frame000371_front.jpg,C:\Users\shain\Downloads\FISH DATASET\FISH DATASET\proof_frames_fish_frames_200\fish3\fish3_frame000371_top_mask.png,C:\Users\shain\Downloads\FISH DATASET\FISH DATASET\proof_frames_fish_frames_200\fish3\fish3_frame000371_front_mask.png
fish3,372,C:\Users\shain\Downloads\FISH DATASET\FISH DATASET\proof_frames_fish_frames_200\fish3\fish3_frame000372_top.jpg,C:\Users\shain\Downloads\FISH DATASET\FISH DATASET\proof_frames_fish_frames_200\fish3\fish3_frame000372_front.jpg,C:\Users\shain\Downloads\FISH DATASET\FISH DATASET\proof_frames_fish_frames_200\fish3\fish3_frame000372_top_mask.png,C:\Users\shain\Downloads\FISH DATASET\FISH DATASET\proof_frames_fish_frames_200\fish3\fish3_frame000372_front_mask.png
fish3,373,C:\Users\shain\Downloads\FISH DATASET\FISH DATASET\proof_frames_fish_frames_200\fish3\fish3_frame000373_top.jpg,C:\Users\shain\Downloads\FISH DATASET\FISH DATASET\proof_frames_fish_frames_200\fish3\fish3_frame000373_front.jpg,C:\Users\shain\Downloads\FISH DATASET\FISH DATASET\proof_frames_fish_frames_200\fish3\fish3_frame000373_top_mask.png,C:\Users\shain\Downloads\FISH DATASET\FISH DATASET\proof_frames_fish_frames_200\fish3\fish3_frame000373_front_mask.png
fish3,374,C:\Users\shain\Downloads\FISH DATASET\FISH DATASET\proof_frames_fish_frames_200\fish3\fish3_frame000374_top.jpg,C:\Users\shain\Downloads\FISH DATASET\FISH DATASET\proof_frames_fish_frames_200\fish3\fish3_frame000374_front.jpg,C:\Users\shain\Downloads\FISH DATASET\FISH DATASET\proof_frames_fish_frames_200\fish3\fish3_frame000374_top_mask.png,C:\Users\shain\Downloads\FISH DATASET\FISH DATASET\proof_frames_fish_frames_200\fish3\fish3_frame000374_front_mask.png
fish3,375,C:\Users\shain\Downloads\FISH DATASET\FISH DATASET\proof_frames_fish_frames_200\fish3\fish3_frame000375_top.jpg,C:\Users\shain\Downloads\FISH DATASET\FISH DATASET\proof_frames_fish_frames_200\fish3\fish3_frame000375_front.jpg,C:\Users\shain\Downloads\FISH DATASET\FISH DATASET\proof_frames_fish_frames_200\fish3\fish3_frame000375_top_mask.png,C:\Users\shain\Downloads\FISH DATASET\FISH DATASET\proof_frames_fish_frames_200\fish3\fish3_frame000375_front_mask.png
fish3,376,C:\Users\shain\Downloads\FISH DATASET\FISH DATASET\proof_frames_fish_frames_200\fish3\fish3_frame000376_top.jpg,C:\Users\shain\Downloads\FISH DATASET\FISH DATASET\proof_frames_fish_frames_200\fish3\fish3_frame000376_front.jpg,C:\Users\shain\Downloads\FISH DATASET\FISH DATASET\proof_frames_fish_frames_200\fish3\fish3_frame000376_top_mask.png,C:\Users\shain\Downloads\FISH DATASET\FISH DATASET\proof_frames_fish_frames_200\fish3\fish3_frame000376_front_mask.png
fish3,377,C:\Users\shain\Downloads\FISH DATASET\FISH DATASET\proof_frames_fish_frames_200\fish3\fish3_frame000377_top.jpg,C:\Users\shain\Downloads\FISH DATASET\FISH DATASET\proof_frames_fish_frames_200\fish3\fish3_frame000377_front.jpg,C:\Users\shain\Downloads\FISH DATASET\FISH DATASET\proof_frames_fish_frames_200\fish3\fish3_frame000377_top_mask.png,C:\Users\shain\Downloads\FISH DATASET\FISH DATASET\proof_frames_fish_frames_200\fish3\fish3_frame000377_front_mask.png
fish3,378,C:\Users\shain\Downloads\FISH DATASET\FISH DATASET\proof_frames_fish_frames_200\fish3\fish3_frame000378_top.jpg,C:\Users\shain\Downloads\FISH DATASET\FISH DATASET\proof_frames_fish_frames_200\fish3\fish3_frame000378_front.jpg,C:\Users\shain\Downloads\FISH DATASET\FISH DATASET\proof_frames_fish_frames_200\fish3\fish3_frame000378_top_mask.png,C:\Users\shain\Downloads\FISH DATASET\FISH DATASET\proof_frames_fish_frames_200\fish3\fish3_frame000378_front_mask.png
fish3,379,C:\Users\shain\Downloads\FISH DATASET\FISH DATASET\proof_frames_fish_frames_200\fish3\fish3_frame000379_top.jpg,C:\Users\shain\Downloads\FISH DATASET\FISH DATASET\proof_frames_fish_frames_200\fish3\fish3_frame000379_front.jpg,C:\Users\shain\Downloads\FISH DATASET\FISH DATASET\proof_frames_fish_frames_200\fish3\fish3_frame000379_top_mask.png,C:\Users\shain\Downloads\FISH DATASET\FISH DATASET\proof_frames_fish_frames_200\fish3\fish3_frame000379_front_mask.png
fish3,380,C:\Users\shain\Downloads\FISH DATASET\FISH DATASET\proof_frames_fish_frames_200\fish3\fish3_frame000380_top.jpg,C:\Users\shain\Downloads\FISH DATASET\FISH DATASET\proof_frames_fish_frames_200\fish3\fish3_frame000380_front.jpg,C:\Users\shain\Downloads\FISH DATASET\FISH DATASET\proof_frames_fish_frames_200\fish3\fish3_frame000380_top_mask.png,C:\Users\shain\Downloads\FISH DATASET\FISH DATASET\proof_frames_fish_frames_200\fish3\fish3_frame000380_front_mask.png
fish3,381,C:\Users\shain\Downloads\FISH DATASET\FISH DATASET\proof_frames_fish_frames_200\fish3\fish3_frame000381_top.jpg,C:\Users\shain\Downloads\FISH DATASET\FISH DATASET\proof_frames_fish_frames_200\fish3\fish3_frame000381_front.jpg,C:\Users\shain\Downloads\FISH DATASET\FISH DATASET\proof_frames_fish_frames_200\fish3\fish3_frame000381_top_mask.png,C:\Users\shain\Downloads\FISH DATASET\FISH DATASET\proof_frames_fish_frames_200\fish3\fish3_frame000381_front_mask.png
fish3,382,C:\Users\shain\Downloads\FISH DATASET\FISH DATASET\proof_frames_fish_frames_200\fish3\fish3_frame000382_top.jpg,C:\Users\shain\Downloads\FISH DATASET\FISH DATASET\proof_frames_fish_frames_200\fish3\fish3_frame000382_front.jpg,C:\Users\shain\Downloads\FISH DATASET\FISH DATASET\proof_frames_fish_frames_200\fish3\fish3_frame000382_top_mask.png,C:\Users\shain\Downloads\FISH DATASET\FISH DATASET\proof_frames_fish_frames_200\fish3\fish3_frame000382_front_mask.png
fish3,383,C:\Users\shain\Downloads\FISH DATASET\FISH DATASET\proof_frames_fish_frames_200\fish3\fish3_frame000383_top.jpg,C:\Users\shain\Downloads\FISH DATASET\FISH DATASET\proof_frames_fish_frames_200\fish3\fish3_frame000383_front.jpg,C:\Users\shain\Downloads\FISH DATASET\FISH DATASET\proof_frames_fish_frames_200\fish3\fish3_frame000383_top_mask.png,C:\Users\shain\Downloads\FISH DATASET\FISH DATASET\proof_frames_fish_frames_200\fish3\fish3_frame000383_front_mask.png
fish3,384,C:\Users\shain\Downloads\FISH DATASET\FISH DATASET\proof_frames_fish_frames_200\fish3\fish3_frame000384_top.jpg,C:\Users\shain\Downloads\FISH DATASET\FISH DATASET\proof_frames_fish_frames_200\fish3\fish3_frame000384_front.jpg,C:\Users\shain\Downloads\FISH DATASET\FISH DATASET\proof_frames_fish_frames_200\fish3\fish3_frame000384_top_mask.png,C:\Users\shain\Downloads\FISH DATASET\FISH DATASET\proof_frames_fish_frames_200\fish3\fish3_frame000384_front_mask.png
fish3,385,C:\Users\shain\Downloads\FISH DATASET\FISH DATASET\proof_frames_fish_frames_200\fish3\fish3_frame000385_top.jpg,C:\Users\shain\Downloads\FISH DATASET\FISH DATASET\proof_frames_fish_frames_200\fish3\fish3_frame000385_front.jpg,C:\Users\shain\Downloads\FISH DATASET\FISH DATASET\proof_frames_fish_frames_200\fish3\fish3_frame000385_top_mask.png,C:\Users\shain\Downloads\FISH DATASET\FISH DATASET\proof_frames_fish_frames_200\fish3\fish3_frame000385_front_mask.png
fish3,386,C:\Users\shain\Downloads\FISH DATASET\FISH DATASET\proof_frames_fish_frames_200\fish3\fish3_frame000386_top.jpg,C:\Users\shain\Downloads\FISH DATASET\FISH DATASET\proof_frames_fish_frames_200\fish3\fish3_frame000386_front.jpg,C:\Users\shain\Downloads\FISH DATASET\FISH DATASET\proof_frames_fish_frames_200\fish3\fish3_frame000386_top_mask.png,C:\Users\shain\Downloads\FISH DATASET\FISH DATASET\proof_frames_fish_frames_200\fish3\fish3_frame000386_front_mask.png
fish3,387,C:\Users\shain\Downloads\FISH DATASET\FISH DATASET\proof_frames_fish_frames_200\fish3\fish3_frame000387_top.jpg,C:\Users\shain\Downloads\FISH DATASET\FISH DATASET\proof_frames_fish_frames_200\fish3\fish3_frame000387_front.jpg,C:\Users\shain\Downloads\FISH DATASET\FISH DATASET\proof_frames_fish_frames_200\fish3\fish3_frame000387_top_mask.png,C:\Users\shain\Downloads\FISH DATASET\FISH DATASET\proof_frames_fish_frames_200\fish3\fish3_frame000387_front_mask.png
fish3,397,C:\Users\shain\Downloads\FISH DATASET\FISH DATASET\proof_frames_fish_frames_200\fish3\fish3_frame000397_top.jpg,C:\Users\shain\Downloads\FISH DATASET\FISH DATASET\proof_frames_fish_frames_200\fish3\fish3_frame000397_front.jpg,C:\Users\shain\Downloads\FISH DATASET\FISH DATASET\proof_frames_fish_frames_200\fish3\fish3_frame000397_top_mask.png,C:\Users\shain\Downloads\FISH DATASET\FISH DATASET\proof_frames_fish_frames_200\fish3\fish3_frame000397_front_mask.png
fish3,398,C:\Users\shain\Downloads\FISH DATASET\FISH DATASET\proof_frames_fish_frames_200\fish3\fish3_frame000398_top.jpg,C:\Users\shain\Downloads\FISH DATASET\FISH DATASET\proof_frames_fish_frames_200\fish3\fish3_frame000398_front.jpg,C:\Users\shain\Downloads\FISH DATASET\FISH DATASET\proof_frames_fish_frames_200\fish3\fish3_frame000398_top_mask.png,C:\Users\shain\Downloads\FISH DATASET\FISH DATASET\proof_frames_fish_frames_200\fish3\fish3_frame000398_front_mask.png
fish3,399,C:\Users\shain\Downloads\FISH DATASET\FISH DATASET\proof_frames_fish_frames_200\fish3\fish3_frame000399_top.jpg,C:\Users\shain\Downloads\FISH DATASET\FISH DATASET\proof_frames_fish_frames_200\fish3\fish3_frame000399_front.jpg,C:\Users\shain\Downloads\FISH DATASET\FISH DATASET\proof_frames_fish_frames_200\fish3\fish3_frame000399_top_mask.png,C:\Users\shain\Downloads\FISH DATASET\FISH DATASET\proof_frames_fish_frames_200\fish3\fish3_frame000399_front_mask.png
fish3,497,C:\Users\shain\Downloads\FISH DATASET\FISH DATASET\proof_frames_fish_frames_200\fish3\fish3_frame000497_top.jpg,C:\Users\shain\Downloads\FISH DATASET\FISH DATASET\proof_frames_fish_frames_200\fish3\fish3_frame000497_front.jpg,C:\Users\shain\Downloads\FISH DATASET\FISH DATASET\proof_frames_fish_frames_200\fish3\fish3_frame000497_top_mask.png,C:\Users\shain\Downloads\FISH DATASET\FISH DATASET\proof_frames_fish_frames_200\fish3\fish3_frame000497_front_mask.png
fish3,498,C:\Users\shain\Downloads\FISH DATASET\FISH DATASET\proof_frames_fish_frames_200\fish3\fish3_frame000498_top.jpg,C:\Users\shain\Downloads\FISH DATASET\FISH DATASET\proof_frames_fish_frames_200\fish3\fish3_frame000498_front.jpg,C:\Users\shain\Downloads\FISH DATASET\FISH DATASET\proof_frames_fish_frames_200\fish3\fish3_frame000498_top_mask.png,C:\Users\shain\Downloads\FISH DATASET\FISH DATASET\proof_frames_fish_frames_200\fish3\fish3_frame000498_front_mask.png
fish3,499,C:\Users\shain\Downloads\FISH DATASET\FISH DATASET\proof_frames_fish_frames_200\fish3\fish3_frame000499_top.jpg,C:\Users\shain\Downloads\FISH DATASET\FISH DATASET\proof_frames_fish_frames_200\fish3\fish3_frame000499_front.jpg,C:\Users\shain\Downloads\FISH DATASET\FISH DATASET\proof_frames_fish_frames_200\fish3\fish3_frame000499_top_mask.png,C:\Users\shain\Downloads\FISH DATASET\FISH DATASET\proof_frames_fish_frames_200\fish3\fish3_frame000499_front_mask.png
fish3,500,C:\Users\shain\Downloads\FISH DATASET\FISH DATASET\proof_frames_fish_frames_200\fish3\fish3_frame000500_top.jpg,C:\Users\shain\Downloads\FISH DATASET\FISH DATASET\proof_frames_fish_frames_200\fish3\fish3_frame000500_front.jpg,C:\Users\shain\Downloads\FISH DATASET\FISH DATASET\proof_frames_fish_frames_200\fish3\fish3_frame000500_top_mask.png,C:\Users\shain\Downloads\FISH DATASET\FISH DATASET\proof_frames_fish_frames_200\fish3\fish3_frame000500_front_mask.png
fish3,501,C:\Users\shain\Downloads\FISH DATASET\FISH DATASET\proof_frames_fish_frames_200\fish3\fish3_frame000501_top.jpg,C:\Users\shain\Downloads\FISH DATASET\FISH DATASET\proof_frames_fish_frames_200\fish3\fish3_frame000501_front.jpg,C:\Users\shain\Downloads\FISH DATASET\FISH DATASET\proof_frames_fish_frames_200\fish3\fish3_frame000501_top_mask.png,C:\Users\shain\Downloads\FISH DATASET\FISH DATASET\proof_frames_fish_frames_200\fish3\fish3_frame000501_front_mask.png
fish3,502,C:\Users\shain\Downloads\FISH DATASET\FISH DATASET\proof_frames_fish_frames_200\fish3\fish3_frame000502_top.jpg,C:\Users\shain\Downloads\FISH DATASET\FISH DATASET\proof_frames_fish_frames_200\fish3\fish3_frame000502_front.jpg,C:\Users\shain\Downloads\FISH DATASET\FISH DATASET\proof_frames_fish_frames_200\fish3\fish3_frame000502_top_mask.png,C:\Users\shain\Downloads\FISH DATASET\FISH DATASET\proof_frames_fish_frames_200\fish3\fish3_frame000502_front_mask.png
fish3,503,C:\Users\shain\Downloads\FISH DATASET\FISH DATASET\proof_frames_fish_frames_200\fish3\fish3_frame000503_top.jpg,C:\Users\shain\Downloads\FISH DATASET\FISH DATASET\proof_frames_fish_frames_200\fish3\fish3_frame000503_front.jpg,C:\Users\shain\Downloads\FISH DATASET\FISH DATASET\proof_frames_fish_frames_200\fish3\fish3_frame000503_top_mask.png,C:\Users\shain\Downloads\FISH DATASET\FISH DATASET\proof_frames_fish_frames_200\fish3\fish3_frame000503_front_mask.png
fish3,504,C:\Users\shain\Downloads\FISH DATASET\FISH DATASET\proof_frames_fish_frames_200\fish3\fish3_frame000504_top.jpg,C:\Users\shain\Downloads\FISH DATASET\FISH DATASET\proof_frames_fish_frames_200\fish3\fish3_frame000504_front.jpg,C:\Users\shain\Downloads\FISH DATASET\FISH DATASET\proof_frames_fish_frames_200\fish3\fish3_frame000504_top_mask.png,C:\Users\shain\Downloads\FISH DATASET\FISH DATASET\proof_frames_fish_frames_200\fish3\fish3_frame000504_front_mask.png
fish3,505,C:\Users\shain\Downloads\FISH DATASET\FISH DATASET\proof_frames_fish_frames_200\fish3\fish3_frame000505_top.jpg,C:\Users\shain\Downloads\FISH DATASET\FISH DATASET\proof_frames_fish_frames_200\fish3\fish3_frame000505_front.jpg,C:\Users\shain\Downloads\FISH DATASET\FISH DATASET\proof_frames_fish_frames_200\fish3\fish3_frame000505_top_mask.png,C:\Users\shain\Downloads\FISH DATASET\FISH DATASET\proof_frames_fish_frames_200\fish3\fish3_frame000505_front_mask.png
fish3,506,C:\Users\shain\Downloads\FISH DATASET\FISH DATASET\proof_frames_fish_frames_200\fish3\fish3_frame000506_top.jpg,C:\Users\shain\Downloads\FISH DATASET\FISH DATASET\proof_frames_fish_frames_200\fish3\fish3_frame000506_front.jpg,C:\Users\shain\Downloads\FISH DATASET\FISH DATASET\proof_frames_fish_frames_200\fish3\fish3_frame000506_top_mask.png,C:\Users\shain\Downloads\FISH DATASET\FISH DATASET\proof_frames_fish_frames_200\fish3\fish3_frame000506_front_mask.png
fish3,507,C:\Users\shain\Downloads\FISH DATASET\FISH DATASET\proof_frames_fish_frames_200\fish3\fish3_frame000507_top.jpg,C:\Users\shain\Downloads\FISH DATASET\FISH DATASET\proof_frames_fish_frames_200\fish3\fish3_frame000507_front.jpg,C:\Users\shain\Downloads\FISH DATASET\FISH DATASET\proof_frames_fish_frames_200\fish3\fish3_frame000507_top_mask.png,C:\Users\shain\Downloads\FISH DATASET\FISH DATASET\proof_frames_fish_frames_200\fish3\fish3_frame000507_front_mask.png
fish3,512,C:\Users\shain\Downloads\FISH DATASET\FISH DATASET\proof_frames_fish_frames_200\fish3\fish3_frame000512_top.jpg,C:\Users\shain\Downloads\FISH DATASET\FISH DATASET\proof_frames_fish_frames_200\fish3\fish3_frame000512_front.jpg,C:\Users\shain\Downloads\FISH DATASET\FISH DATASET\proof_frames_fish_frames_200\fish3\fish3_frame000512_top_mask.png,C:\Users\shain\Downloads\FISH DATASET\FISH DATASET\proof_frames_fish_frames_200\fish3\fish3_frame000512_front_mask.png
fish3,520,C:\Users\shain\Downloads\FISH DATASET\FISH DATASET\proof_frames_fish_frames_200\fish3\fish3_frame000520_top.jpg,C:\Users\shain\Downloads\FISH DATASET\FISH DATASET\proof_frames_fish_frames_200\fish3\fish3_frame000520_front.jpg,C:\Users\shain\Downloads\FISH DATASET\FISH DATASET\proof_frames_fish_frames_200\fish3\fish3_frame000520_top_mask.png,C:\Users\shain\Downloads\FISH DATASET\FISH DATASET\proof_frames_fish_frames_200\fish3\fish3_frame000520_front_mask.png
fish3,521,C:\Users\shain\Downloads\FISH DATASET\FISH DATASET\proof_frames_fish_frames_200\fish3\fish3_frame000521_top.jpg,C:\Users\shain\Downloads\FISH DATASET\FISH DATASET\proof_frames_fish_frames_200\fish3\fish3_frame000521_front.jpg,C:\Users\shain\Downloads\FISH DATASET\FISH DATASET\proof_frames_fish_frames_200\fish3\fish3_frame000521_top_mask.png,C:\Users\shain\Downloads\FISH DATASET\FISH DATASET\proof_frames_fish_frames_200\fish3\fish3_frame000521_front_mask.png
fish3,653,C:\Users\shain\Downloads\FISH DATASET\FISH DATASET\proof_frames_fish_frames_200\fish3\fish3_frame000653_top.jpg,C:\Users\shain\Downloads\FISH DATASET\FISH DATASET\proof_frames_fish_frames_200\fish3\fish3_frame000653_front.jpg,C:\Users\shain\Downloads\FISH DATASET\FISH DATASET\proof_frames_fish_frames_200\fish3\fish3_frame000653_top_mask.png,C:\Users\shain\Downloads\FISH DATASET\FISH DATASET\proof_frames_fish_frames_200\fish3\fish3_frame000653_front_mask.png
fish3,654,C:\Users\shain\Downloads\FISH DATASET\FISH DATASET\proof_frames_fish_frames_200\fish3\fish3_frame000654_top.jpg,C:\Users\shain\Downloads\FISH DATASET\FISH DATASET\proof_frames_fish_frames_200\fish3\fish3_frame000654_front.jpg,C:\Users\shain\Downloads\FISH DATASET\FISH DATASET\proof_frames_fish_frames_200\fish3\fish3_frame000654_top_mask.png,C:\Users\shain\Downloads\FISH DATASET\FISH DATASET\proof_frames_fish_frames_200\fish3\fish3_frame000654_front_mask.png
fish3,655,C:\Users\shain\Downloads\FISH DATASET\FISH DATASET\proof_frames_fish_frames_200\fish3\fish3_frame000655_top.jpg,C:\Users\shain\Downloads\FISH DATASET\FISH DATASET\proof_frames_fish_frames_200\fish3\fish3_frame000655_front.jpg,C:\Users\shain\Downloads\FISH DATASET\FISH DATASET\proof_frames_fish_frames_200\fish3\fish3_frame000655_top_mask.png,C:\Users\shain\Downloads\FISH DATASET\FISH DATASET\proof_frames_fish_frames_200\fish3\fish3_frame000655_front_mask.png
fish3,656,C:\Users\shain\Downloads\FISH DATASET\FISH DATASET\proof_frames_fish_frames_200\fish3\fish3_frame000656_top.jpg,C:\Users\shain\Downloads\FISH DATASET\FISH DATASET\proof_frames_fish_frames_200\fish3\fish3_frame000656_front.jpg,C:\Users\shain\Downloads\FISH DATASET\FISH DATASET\proof_frames_fish_frames_200\fish3\fish3_frame000656_top_mask.png,C:\Users\shain\Downloads\FISH DATASET\FISH DATASET\proof_frames_fish_frames_200\fish3\fish3_frame000656_front_mask.png
fish3,657,C:\Users\shain\Downloads\FISH DATASET\FISH DATASET\proof_frames_fish_frames_200\fish3\fish3_frame000657_top.jpg,C:\Users\shain\Downloads\FISH DATASET\FISH DATASET\proof_frames_fish_frames_200\fish3\fish3_frame000657_front.jpg,C:\Users\shain\Downloads\FISH DATASET\FISH DATASET\proof_frames_fish_frames_200\fish3\fish3_frame000657_top_mask.png,C:\Users\shain\Downloads\FISH DATASET\FISH DATASET\proof_frames_fish_frames_200\fish3\fish3_frame000657_front_mask.png
fish3,658,C:\Users\shain\Downloads\FISH DATASET\FISH DATASET\proof_frames_fish_frames_200\fish3\fish3_frame000658_top.jpg,C:\Users\shain\Downloads\FISH DATASET\FISH DATASET\proof_frames_fish_frames_200\fish3\fish3_frame000658_front.jpg,C:\Users\shain\Downloads\FISH DATASET\FISH DATASET\proof_frames_fish_frames_200\fish3\fish3_frame000658_top_mask.png,C:\Users\shain\Downloads\FISH DATASET\FISH DATASET\proof_frames_fish_frames_200\fish3\fish3_frame000658_front_mask.png
fish3,659,C:\Users\shain\Downloads\FISH DATASET\FISH DATASET\proof_frames_fish_frames_200\fish3\fish3_frame000659_top.jpg,C:\Users\shain\Downloads\FISH DATASET\FISH DATASET\proof_frames_fish_frames_200\fish3\fish3_frame000659_front.jpg,C:\Users\shain\Downloads\FISH DATASET\FISH DATASET\proof_frames_fish_frames_200\fish3\fish3_frame000659_top_mask.png,C:\Users\shain\Downloads\FISH DATASET\FISH DATASET\proof_frames_fish_frames_200\fish3\fish3_frame000659_front_mask.png
fish3,660,C:\Users\shain\Downloads\FISH DATASET\FISH DATASET\proof_frames_fish_frames_200\fish3\fish3_frame000660_top.jpg,C:\Users\shain\Downloads\FISH DATASET\FISH DATASET\proof_frames_fish_frames_200\fish3\fish3_frame000660_front.jpg,C:\Users\shain\Downloads\FISH DATASET\FISH DATASET\proof_frames_fish_frames_200\fish3\fish3_frame000660_top_mask.png,C:\Users\shain\Downloads\FISH DATASET\FISH DATASET\proof_frames_fish_frames_200\fish3\fish3_frame000660_front_mask.png
fish3,661,C:\Users\shain\Downloads\FISH DATASET\FISH DATASET\proof_frames_fish_frames_200\fish3\fish3_frame000661_top.jpg,C:\Users\shain\Downloads\FISH DATASET\FISH DATASET\proof_frames_fish_frames_200\fish3\fish3_frame000661_front.jpg,C:\Users\shain\Downloads\FISH DATASET\FISH DATASET\proof_frames_fish_frames_200\fish3\fish3_frame000661_top_mask.png,C:\Users\shain\Downloads\FISH DATASET\FISH DATASET\proof_frames_fish_frames_200\fish3\fish3_frame000661_front_mask.png
fish3,1208,C:\Users\shain\Downloads\FISH DATASET\FISH DATASET\proof_frames_fish_frames_200\fish3\fish3_frame001208_top.jpg,C:\Users\shain\Downloads\FISH DATASET\FISH DATASET\proof_frames_fish_frames_200\fish3\fish3_frame001208_front.jpg,C:\Users\shain\Downloads\FISH DATASET\FISH DATASET\proof_frames_fish_frames_200\fish3\fish3_frame001208_top_mask.png,C:\Users\shain\Downloads\FISH DATASET\FISH DATASET\proof_frames_fish_frames_200\fish3\fish3_frame001208_front_mask.png
fish3,1213,C:\Users\shain\Downloads\FISH DATASET\FISH DATASET\proof_frames_fish_frames_200\fish3\fish3_frame001213_top.jpg,C:\Users\shain\Downloads\FISH DATASET\FISH DATASET\proof_frames_fish_frames_200\fish3\fish3_frame001213_front.jpg,C:\Users\shain\Downloads\FISH DATASET\FISH DATASET\proof_frames_fish_frames_200\fish3\fish3_frame001213_top_mask.png,C:\Users\shain\Downloads\FISH DATASET\FISH DATASET\proof_frames_fish_frames_200\fish3\fish3_frame001213_front_mask.png
fish3,1214,C:\Users\shain\Downloads\FISH DATASET\FISH DATASET\proof_frames_fish_frames_200\fish3\fish3_frame001214_top.jpg,C:\Users\shain\Downloads\FISH DATASET\FISH DATASET\proof_frames_fish_frames_200\fish3\fish3_frame001214_front.jpg,C:\Users\shain\Downloads\FISH DATASET\FISH DATASET\proof_frames_fish_frames_200\fish3\fish3_frame001214_top_mask.png,C:\Users\shain\Downloads\FISH DATASET\FISH DATASET\proof_frames_fish_frames_200\fish3\fish3_frame001214_front_mask.png
fish3,1215,C:\Users\shain\Downloads\FISH DATASET\FISH DATASET\proof_frames_fish_frames_200\fish3\fish3_frame001215_top.jpg,C:\Users\shain\Downloads\FISH DATASET\FISH DATASET\proof_frames_fish_frames_200\fish3\fish3_frame001215_front.jpg,C:\Users\shain\Downloads\FISH DATASET\FISH DATASET\proof_frames_fish_frames_200\fish3\fish3_frame001215_top_mask.png,C:\Users\shain\Downloads\FISH DATASET\FISH DATASET\proof_frames_fish_frames_200\fish3\fish3_frame001215_front_mask.png
fish3,1216,C:\Users\shain\Downloads\FISH DATASET\FISH DATASET\proof_frames_fish_frames_200\fish3\fish3_frame001216_top.jpg,C:\Users\shain\Downloads\FISH DATASET\FISH DATASET\proof_frames_fish_frames_200\fish3\fish3_frame001216_front.jpg,C:\Users\shain\Downloads\FISH DATASET\FISH DATASET\proof_frames_fish_frames_200\fish3\fish3_frame001216_top_mask.png,C:\Users\shain\Downloads\FISH DATASET\FISH DATASET\proof_frames_fish_frames_200\fish3\fish3_frame001216_front_mask.png
fish3,2148,C:\Users\shain\Downloads\FISH DATASET\FISH DATASET\proof_frames_fish_frames_200\fish3\fish3_frame002148_top.jpg,C:\Users\shain\Downloads\FISH DATASET\FISH DATASET\proof_frames_fish_frames_200\fish3\fish3_frame002148_front.jpg,C:\Users\shain\Downloads\FISH DATASET\FISH DATASET\proof_frames_fish_frames_200\fish3\fish3_frame002148_top_mask.png,C:\Users\shain\Downloads\FISH DATASET\FISH DATASET\proof_frames_fish_frames_200\fish3\fish3_frame002148_front_mask.png
fish3,2149,C:\Users\shain\Downloads\FISH DATASET\FISH DATASET\proof_frames_fish_frames_200\fish3\fish3_frame002149_top.jpg,C:\Users\shain\Downloads\FISH DATASET\FISH DATASET\proof_frames_fish_frames_200\fish3\fish3_frame002149_front.jpg,C:\Users\shain\Downloads\FISH DATASET\FISH DATASET\proof_frames_fish_frames_200\fish3\fish3_frame002149_top_mask.png,C:\Users\shain\Downloads\FISH DATASET\FISH DATASET\proof_frames_fish_frames_200\fish3\fish3_frame002149_front_mask.png
fish3,2150,C:\Users\shain\Downloads\FISH DATASET\FISH DATASET\proof_frames_fish_frames_200\fish3\fish3_frame002150_top.jpg,C:\Users\shain\Downloads\FISH DATASET\FISH DATASET\proof_frames_fish_frames_200\fish3\fish3_frame002150_front.jpg,C:\Users\shain\Downloads\FISH DATASET\FISH DATASET\proof_frames_fish_frames_200\fish3\fish3_frame002150_top_mask.png,C:\Users\shain\Downloads\FISH DATASET\FISH DATASET\proof_frames_fish_frames_200\fish3\fish3_frame002150_front_mask.png
fish3,2151,C:\Users\shain\Downloads\FISH DATASET\FISH DATASET\proof_frames_fish_frames_200\fish3\fish3_frame002151_top.jpg,C:\Users\shain\Downloads\FISH DATASET\FISH DATASET\proof_frames_fish_frames_200\fish3\fish3_frame002151_front.jpg,C:\Users\shain\Downloads\FISH DATASET\FISH DATASET\proof_frames_fish_frames_200\fish3\fish3_frame002151_top_mask.png,C:\Users\shain\Downloads\FISH DATASET\FISH DATASET\proof_frames_fish_frames_200\fish3\fish3_frame002151_front_mask.png
fish3,2152,C:\Users\shain\Downloads\FISH DATASET\FISH DATASET\proof_frames_fish_frames_200\fish3\fish3_frame002152_top.jpg,C:\Users\shain\Downloads\FISH DATASET\FISH DATASET\proof_frames_fish_frames_200\fish3\fish3_frame002152_front.jpg,C:\Users\shain\Downloads\FISH DATASET\FISH DATASET\proof_frames_fish_frames_200\fish3\fish3_frame002152_top_mask.png,C:\Users\shain\Downloads\FISH DATASET\FISH DATASET\proof_frames_fish_frames_200\fish3\fish3_frame002152_front_mask.png
fish3,2153,C:\Users\shain\Downloads\FISH DATASET\FISH DATASET\proof_frames_fish_frames_200\fish3\fish3_frame002153_top.jpg,C:\Users\shain\Downloads\FISH DATASET\FISH DATASET\proof_frames_fish_frames_200\fish3\fish3_frame002153_front.jpg,C:\Users\shain\Downloads\FISH DATASET\FISH DATASET\proof_frames_fish_frames_200\fish3\fish3_frame002153_top_mask.png,C:\Users\shain\Downloads\FISH DATASET\FISH DATASET\proof_frames_fish_frames_200\fish3\fish3_frame002153_front_mask.png
fish3,2154,C:\Users\shain\Downloads\FISH DATASET\FISH DATASET\proof_frames_fish_frames_200\fish3\fish3_frame002154_top.jpg,C:\Users\shain\Downloads\FISH DATASET\FISH DATASET\proof_frames_fish_frames_200\fish3\fish3_frame002154_front.jpg,C:\Users\shain\Downloads\FISH DATASET\FISH DATASET\proof_frames_fish_frames_200\fish3\fish3_frame002154_top_mask.png,C:\Users\shain\Downloads\FISH DATASET\FISH DATASET\proof_frames_fish_frames_200\fish3\fish3_frame002154_front_mask.png
fish3,2156,C:\Users\shain\Downloads\FISH DATASET\FISH DATASET\proof_frames_fish_frames_200\fish3\fish3_frame002156_top.jpg,C:\Users\shain\Downloads\FISH DATASET\FISH DATASET\proof_frames_fish_frames_200\fish3\fish3_frame002156_front.jpg,C:\Users\shain\Downloads\FISH DATASET\FISH DATASET\proof_frames_fish_frames_200\fish3\fish3_frame002156_top_mask.png,C:\Users\shain\Downloads\FISH DATASET\FISH DATASET\proof_frames_fish_frames_200\fish3\fish3_frame002156_front_mask.png
fish3,2157,C:\Users\shain\Downloads\FISH DATASET\FISH DATASET\proof_frames_fish_frames_200\fish3\fish3_frame002157_top.jpg,C:\Users\shain\Downloads\FISH DATASET\FISH DATASET\proof_frames_fish_frames_200\fish3\fish3_frame002157_front.jpg,C:\Users\shain\Downloads\FISH DATASET\FISH DATASET\proof_frames_fish_frames_200\fish3\fish3_frame002157_top_mask.png,C:\Users\shain\Downloads\FISH DATASET\FISH DATASET\proof_frames_fish_frames_200\fish3\fish3_frame002157_front_mask.png
fish3,2158,C:\Users\shain\Downloads\FISH DATASET\FISH DATASET\proof_frames_fish_frames_200\fish3\fish3_frame002158_top.jpg,C:\Users\shain\Downloads\FISH DATASET\FISH DATASET\proof_frames_fish_frames_200\fish3\fish3_frame002158_front.jpg,C:\Users\shain\Downloads\FISH DATASET\FISH DATASET\proof_frames_fish_frames_200\fish3\fish3_frame002158_top_mask.png,C:\Users\shain\Downloads\FISH DATASET\FISH DATASET\proof_frames_fish_frames_200\fish3\fish3_frame002158_front_mask.png
fish3,2159,C:\Users\shain\Downloads\FISH DATASET\FISH DATASET\proof_frames_fish_frames_200\fish3\fish3_frame002159_top.jpg,C:\Users\shain\Downloads\FISH DATASET\FISH DATASET\proof_frames_fish_frames_200\fish3\fish3_frame002159_front.jpg,C:\Users\shain\Downloads\FISH DATASET\FISH DATASET\proof_frames_fish_frames_200\fish3\fish3_frame002159_top_mask.png,C:\Users\shain\Downloads\FISH DATASET\FISH DATASET\proof_frames_fish_frames_200\fish3\fish3_frame002159_front_mask.png
fish3,2160,C:\Users\shain\Downloads\FISH DATASET\FISH DATASET\proof_frames_fish_frames_200\fish3\fish3_frame002160_top.jpg,C:\Users\shain\Downloads\FISH DATASET\FISH DATASET\proof_frames_fish_frames_200\fish3\fish3_frame002160_front.jpg,C:\Users\shain\Downloads\FISH DATASET\FISH DATASET\proof_frames_fish_frames_200\fish3\fish3_frame002160_top_mask.png,C:\Users\shain\Downloads\FISH DATASET\FISH DATASET\proof_frames_fish_frames_200\fish3\fish3_frame002160_front_mask.png
fish3,2161,C:\Users\shain\Downloads\FISH DATASET\FISH DATASET\proof_frames_fish_frames_200\fish3\fish3_frame002161_top.jpg,C:\Users\shain\Downloads\FISH DATASET\FISH DATASET\proof_frames_fish_frames_200\fish3\fish3_frame002161_front.jpg,C:\Users\shain\Downloads\FISH DATASET\FISH DATASET\proof_frames_fish_frames_200\fish3\fish3_frame002161_top_mask.png,C:\Users\shain\Downloads\FISH DATASET\FISH DATASET\proof_frames_fish_frames_200\fish3\fish3_frame002161_front_mask.png
fish3,2162,C:\Users\shain\Downloads\FISH DATASET\FISH DATASET\proof_frames_fish_frames_200\fish3\fish3_frame002162_top.jpg,C:\Users\shain\Downloads\FISH DATASET\FISH DATASET\proof_frames_fish_frames_200\fish3\fish3_frame002162_front.jpg,C:\Users\shain\Downloads\FISH DATASET\FISH DATASET\proof_frames_fish_frames_200\fish3\fish3_frame002162_top_mask.png,C:\Users\shain\Downloads\FISH DATASET\FISH DATASET\proof_frames_fish_frames_200\fish3\fish3_frame002162_front_mask.png
fish3,2163,C:\Users\shain\Downloads\FISH DATASET\FISH DATASET\proof_frames_fish_frames_200\fish3\fish3_frame002163_top.jpg,C:\Users\shain\Downloads\FISH DATASET\FISH DATASET\proof_frames_fish_frames_200\fish3\fish3_frame002163_front.jpg,C:\Users\shain\Downloads\FISH DATASET\FISH DATASET\proof_frames_fish_frames_200\fish3\fish3_frame002163_top_mask.png,C:\Users\shain\Downloads\FISH DATASET\FISH DATASET\proof_frames_fish_frames_200\fish3\fish3_frame002163_front_mask.png
fish3,2170,C:\Users\shain\Downloads\FISH DATASET\FISH DATASET\proof_frames_fish_frames_200\fish3\fish3_frame002170_top.jpg,C:\Users\shain\Downloads\FISH DATASET\FISH DATASET\proof_frames_fish_frames_200\fish3\fish3_frame002170_front.jpg,C:\Users\shain\Downloads\FISH DATASET\FISH DATASET\proof_frames_fish_frames_200\fish3\fish3_frame002170_top_mask.png,C:\Users\shain\Downloads\FISH DATASET\FISH DATASET\proof_frames_fish_frames_200\fish3\fish3_frame002170_front_mask.png
fish3,2171,C:\Users\shain\Downloads\FISH DATASET\FISH DATASET\proof_frames_fish_frames_200\fish3\fish3_frame002171_top.jpg,C:\Users\shain\Downloads\FISH DATASET\FISH DATASET\proof_frames_fish_frames_200\fish3\fish3_frame002171_front.jpg,C:\Users\shain\Downloads\FISH DATASET\FISH DATASET\proof_frames_fish_frames_200\fish3\fish3_frame002171_top_mask.png,C:\Users\shain\Downloads\FISH DATASET\FISH DATASET\proof_frames_fish_frames_200\fish3\fish3_frame002171_front_mask.png
fish3,2172,C:\Users\shain\Downloads\FISH DATASET\FISH DATASET\proof_frames_fish_frames_200\fish3\fish3_frame002172_top.jpg,C:\Users\shain\Downloads\FISH DATASET\FISH DATASET\proof_frames_fish_frames_200\fish3\fish3_frame002172_front.jpg,C:\Users\shain\Downloads\FISH DATASET\FISH DATASET\proof_frames_fish_frames_200\fish3\fish3_frame002172_top_mask.png,C:\Users\shain\Downloads\FISH DATASET\FISH DATASET\proof_frames_fish_frames_200\fish3\fish3_frame002172_front_mask.png
fish3,2178,C:\Users\shain\Downloads\FISH DATASET\FISH DATASET\proof_frames_fish_frames_200\fish3\fish3_frame002178_top.jpg,C:\Users\shain\Downloads\FISH DATASET\FISH DATASET\proof_frames_fish_frames_200\fish3\fish3_frame002178_front.jpg,C:\Users\shain\Downloads\FISH DATASET\FISH DATASET\proof_frames_fish_frames_200\fish3\fish3_frame002178_top_mask.png,C:\Users\shain\Downloads\FISH DATASET\FISH DATASET\proof_frames_fish_frames_200\fish3\fish3_frame002178_front_mask.png
fish3,2179,C:\Users\shain\Downloads\FISH DATASET\FISH DATASET\proof_frames_fish_frames_200\fish3\fish3_frame002179_top.jpg,C:\Users\shain\Downloads\FISH DATASET\FISH DATASET\proof_frames_fish_frames_200\fish3\fish3_frame002179_front.jpg,C:\Users\shain\Downloads\FISH DATASET\FISH DATASET\proof_frames_fish_frames_200\fish3\fish3_frame002179_top_mask.png,C:\Users\shain\Downloads\FISH DATASET\FISH DATASET\proof_frames_fish_frames_200\fish3\fish3_frame002179_front_mask.png
fish3,2180,C:\Users\shain\Downloads\FISH DATASET\FISH DATASET\proof_frames_fish_frames_200\fish3\fish3_frame002180_top.jpg,C:\Users\shain\Downloads\FISH DATASET\FISH DATASET\proof_frames_fish_frames_200\fish3\fish3_frame002180_front.jpg,C:\Users\shain\Downloads\FISH DATASET\FISH DATASET\proof_frames_fish_frames_200\fish3\fish3_frame002180_top_mask.png,C:\Users\shain\Downloads\FISH DATASET\FISH DATASET\proof_frames_fish_frames_200\fish3\fish3_frame002180_front_mask.png
fish3,2659,C:\Users\shain\Downloads\FISH DATASET\FISH DATASET\proof_frames_fish_frames_200\fish3\fish3_frame002659_top.jpg,C:\Users\shain\Downloads\FISH DATASET\FISH DATASET\proof_frames_fish_frames_200\fish3\fish3_frame002659_front.jpg,C:\Users\shain\Downloads\FISH DATASET\FISH DATASET\proof_frames_fish_frames_200\fish3\fish3_frame002659_top_mask.png,C:\Users\shain\Downloads\FISH DATASET\FISH DATASET\proof_frames_fish_frames_200\fish3\fish3_frame002659_front_mask.png
fish3,2660,C:\Users\shain\Downloads\FISH DATASET\FISH DATASET\proof_frames_fish_frames_200\fish3\fish3_frame002660_top.jpg,C:\Users\shain\Downloads\FISH DATASET\FISH DATASET\proof_frames_fish_frames_200\fish3\fish3_frame002660_front.jpg,C:\Users\shain\Downloads\FISH DATASET\FISH DATASET\proof_frames_fish_frames_200\fish3\fish3_frame002660_top_mask.png,C:\Users\shain\Downloads\FISH DATASET\FISH DATASET\proof_frames_fish_frames_200\fish3\fish3_frame002660_front_mask.png
fish3,2661,C:\Users\shain\Downloads\FISH DATASET\FISH DATASET\proof_frames_fish_frames_200\fish3\fish3_frame002661_top.jpg,C:\Users\shain\Downloads\FISH DATASET\FISH DATASET\proof_frames_fish_frames_200\fish3\fish3_frame002661_front.jpg,C:\Users\shain\Downloads\FISH DATASET\FISH DATASET\proof_frames_fish_frames_200\fish3\fish3_frame002661_top_mask.png,C:\Users\shain\Downloads\FISH DATASET\FISH DATASET\proof_frames_fish_frames_200\fish3\fish3_frame002661_front_mask.png
fish3,2662,C:\Users\shain\Downloads\FISH DATASET\FISH DATASET\proof_frames_fish_frames_200\fish3\fish3_frame002662_top.jpg,C:\Users\shain\Downloads\FISH DATASET\FISH DATASET\proof_frames_fish_frames_200\fish3\fish3_frame002662_front.jpg,C:\Users\shain\Downloads\FISH DATASET\FISH DATASET\proof_frames_fish_frames_200\fish3\fish3_frame002662_top_mask.png,C:\Users\shain\Downloads\FISH DATASET\FISH DATASET\proof_frames_fish_frames_200\fish3\fish3_frame002662_front_mask.png
fish3,2663,C:\Users\shain\Downloads\FISH DATASET\FISH DATASET\proof_frames_fish_frames_200\fish3\fish3_frame002663_top.jpg,C:\Users\shain\Downloads\FISH DATASET\FISH DATASET\proof_frames_fish_frames_200\fish3\fish3_frame002663_front.jpg,C:\Users\shain\Downloads\FISH DATASET\FISH DATASET\proof_frames_fish_frames_200\fish3\fish3_frame002663_top_mask.png,C:\Users\shain\Downloads\FISH DATASET\FISH DATASET\proof_frames_fish_frames_200\fish3\fish3_frame002663_front_mask.png
fish3,2664,C:\Users\shain\Downloads\FISH DATASET\FISH DATASET\proof_frames_fish_frames_200\fish3\fish3_frame002664_top.jpg,C:\Users\shain\Downloads\FISH DATASET\FISH DATASET\proof_frames_fish_frames_200\fish3\fish3_frame002664_front.jpg,C:\Users\shain\Downloads\FISH DATASET\FISH DATASET\proof_frames_fish_frames_200\fish3\fish3_frame002664_top_mask.png,C:\Users\shain\Downloads\FISH DATASET\FISH DATASET\proof_frames_fish_frames_200\fish3\fish3_frame002664_front_mask.png
fish3,2665,C:\Users\shain\Downloads\FISH DATASET\FISH DATASET\proof_frames_fish_frames_200\fish3\fish3_frame002665_top.jpg,C:\Users\shain\Downloads\FISH DATASET\FISH DATASET\proof_frames_fish_frames_200\fish3\fish3_frame002665_front.jpg,C:\Users\shain\Downloads\FISH DATASET\FISH DATASET\proof_frames_fish_frames_200\fish3\fish3_frame002665_top_mask.png,C:\Users\shain\Downloads\FISH DATASET\FISH DATASET\proof_frames_fish_frames_200\fish3\fish3_frame002665_front_mask.png
fish3,2666,C:\Users\shain\Downloads\FISH DATASET\FISH DATASET\proof_frames_fish_frames_200\fish3\fish3_frame002666_top.jpg,C:\Users\shain\Downloads\FISH DATASET\FISH DATASET\proof_frames_fish_frames_200\fish3\fish3_frame002666_front.jpg,C:\Users\shain\Downloads\FISH DATASET\FISH DATASET\proof_frames_fish_frames_200\fish3\fish3_frame002666_top_mask.png,C:\Users\shain\Downloads\FISH DATASET\FISH DATASET\proof_frames_fish_frames_200\fish3\fish3_frame002666_front_mask.png
fish3,2667,C:\Users\shain\Downloads\FISH DATASET\FISH DATASET\proof_frames_fish_frames_200\fish3\fish3_frame002667_top.jpg,C:\Users\shain\Downloads\FISH DATASET\FISH DATASET\proof_frames_fish_frames_200\fish3\fish3_frame002667_front.jpg,C:\Users\shain\Downloads\FISH DATASET\FISH DATASET\proof_frames_fish_frames_200\fish3\fish3_frame002667_top_mask.png,C:\Users\shain\Downloads\FISH DATASET\FISH DATASET\proof_frames_fish_frames_200\fish3\fish3_frame002667_front_mask.png
fish3,2668,C:\Users\shain\Downloads\FISH DATASET\FISH DATASET\proof_frames_fish_frames_200\fish3\fish3_frame002668_top.jpg,C:\Users\shain\Downloads\FISH DATASET\FISH DATASET\proof_frames_fish_frames_200\fish3\fish3_frame002668_front.jpg,C:\Users\shain\Downloads\FISH DATASET\FISH DATASET\proof_frames_fish_frames_200\fish3\fish3_frame002668_top_mask.png,C:\Users\shain\Downloads\FISH DATASET\FISH DATASET\proof_frames_fish_frames_200\fish3\fish3_frame002668_front_mask.png
fish3,2669,C:\Users\shain\Downloads\FISH DATASET\FISH DATASET\proof_frames_fish_frames_200\fish3\fish3_frame002669_top.jpg,C:\Users\shain\Downloads\FISH DATASET\FISH DATASET\proof_frames_fish_frames_200\fish3\fish3_frame002669_front.jpg,C:\Users\shain\Downloads\FISH DATASET\FISH DATASET\proof_frames_fish_frames_200\fish3\fish3_frame002669_top_mask.png,C:\Users\shain\Downloads\FISH DATASET\FISH DATASET\proof_frames_fish_frames_200\fish3\fish3_frame002669_front_mask.png
fish3,2670,C:\Users\shain\Downloads\FISH DATASET\FISH DATASET\proof_frames_fish_frames_200\fish3\fish3_frame002670_top.jpg,C:\Users\shain\Downloads\FISH DATASET\FISH DATASET\proof_frames_fish_frames_200\fish3\fish3_frame002670_front.jpg,C:\Users\shain\Downloads\FISH DATASET\FISH DATASET\proof_frames_fish_frames_200\fish3\fish3_frame002670_top_mask.png,C:\Users\shain\Downloads\FISH DATASET\FISH DATASET\proof_frames_fish_frames_200\fish3\fish3_frame002670_front_mask.png
fish3,2671,C:\Users\shain\Downloads\FISH DATASET\FISH DATASET\proof_frames_fish_frames_200\fish3\fish3_frame002671_top.jpg,C:\Users\shain\Downloads\FISH DATASET\FISH DATASET\proof_frames_fish_frames_200\fish3\fish3_frame002671_front.jpg,C:\Users\shain\Downloads\FISH DATASET\FISH DATASET\proof_frames_fish_frames_200\fish3\fish3_frame002671_top_mask.png,C:\Users\shain\Downloads\FISH DATASET\FISH DATASET\proof_frames_fish_frames_200\fish3\fish3_frame002671_front_mask.png
fish3,2672,C:\Users\shain\Downloads\FISH DATASET\FISH DATASET\proof_frames_fish_frames_200\fish3\fish3_frame002672_top.jpg,C:\Users\shain\Downloads\FISH DATASET\FISH DATASET\proof_frames_fish_frames_200\fish3\fish3_frame002672_front.jpg,C:\Users\shain\Downloads\FISH DATASET\FISH DATASET\proof_frames_fish_frames_200\fish3\fish3_frame002672_top_mask.png,C:\Users\shain\Downloads\FISH DATASET\FISH DATASET\proof_frames_fish_frames_200\fish3\fish3_frame002672_front_mask.png
fish3,2673,C:\Users\shain\Downloads\FISH DATASET\FISH DATASET\proof_frames_fish_frames_200\fish3\fish3_frame002673_top.jpg,C:\Users\shain\Downloads\FISH DATASET\FISH DATASET\proof_frames_fish_frames_200\fish3\fish3_frame002673_front.jpg,C:\Users\shain\Downloads\FISH DATASET\FISH DATASET\proof_frames_fish_frames_200\fish3\fish3_frame002673_top_mask.png,C:\Users\shain\Downloads\FISH DATASET\FISH DATASET\proof_frames_fish_frames_200\fish3\fish3_frame002673_front_mask.png
fish3,2674,C:\Users\shain\Downloads\FISH DATASET\FISH DATASET\proof_frames_fish_frames_200\fish3\fish3_frame002674_top.jpg,C:\Users\shain\Downloads\FISH DATASET\FISH DATASET\proof_frames_fish_frames_200\fish3\fish3_frame002674_front.jpg,C:\Users\shain\Downloads\FISH DATASET\FISH DATASET\proof_frames_fish_frames_200\fish3\fish3_frame002674_top_mask.png,C:\Users\shain\Downloads\FISH DATASET\FISH DATASET\proof_frames_fish_frames_200\fish3\fish3_frame002674_front_mask.png
fish3,2675,C:\Users\shain\Downloads\FISH DATASET\FISH DATASET\proof_frames_fish_frames_200\fish3\fish3_frame002675_top.jpg,C:\Users\shain\Downloads\FISH DATASET\FISH DATASET\proof_frames_fish_frames_200\fish3\fish3_frame002675_front.jpg,C:\Users\shain\Downloads\FISH DATASET\FISH DATASET\proof_frames_fish_frames_200\fish3\fish3_frame002675_top_mask.png,C:\Users\shain\Downloads\FISH DATASET\FISH DATASET\proof_frames_fish_frames_200\fish3\fish3_frame002675_front_mask.png
fish3,3311,C:\Users\shain\Downloads\FISH DATASET\FISH DATASET\proof_frames_fish_frames_200\fish3\fish3_frame003311_top.jpg,C:\Users\shain\Downloads\FISH DATASET\FISH DATASET\proof_frames_fish_frames_200\fish3\fish3_frame003311_front.jpg,C:\Users\shain\Downloads\FISH DATASET\FISH DATASET\proof_frames_fish_frames_200\fish3\fish3_frame003311_top_mask.png,C:\Users\shain\Downloads\FISH DATASET\FISH DATASET\proof_frames_fish_frames_200\fish3\fish3_frame003311_front_mask.png
fish3,3312,C:\Users\shain\Downloads\FISH DATASET\FISH DATASET\proof_frames_fish_frames_200\fish3\fish3_frame003312_top.jpg,C:\Users\shain\Downloads\FISH DATASET\FISH DATASET\proof_frames_fish_frames_200\fish3\fish3_frame003312_front.jpg,C:\Users\shain\Downloads\FISH DATASET\FISH DATASET\proof_frames_fish_frames_200\fish3\fish3_frame003312_top_mask.png,C:\Users\shain\Downloads\FISH DATASET\FISH DATASET\proof_frames_fish_frames_200\fish3\fish3_frame003312_front_mask.png
fish3,3313,C:\Users\shain\Downloads\FISH DATASET\FISH DATASET\proof_frames_fish_frames_200\fish3\fish3_frame003313_top.jpg,C:\Users\shain\Downloads\FISH DATASET\FISH DATASET\proof_frames_fish_frames_200\fish3\fish3_frame003313_front.jpg,C:\Users\shain\Downloads\FISH DATASET\FISH DATASET\proof_frames_fish_frames_200\fish3\fish3_frame003313_top_mask.png,C:\Users\shain\Downloads\FISH DATASET\FISH DATASET\proof_frames_fish_frames_200\fish3\fish3_frame003313_front_mask.png
fish3,3847,C:\Users\shain\Downloads\FISH DATASET\FISH DATASET\proof_frames_fish_frames_200\fish3\fish3_frame003847_top.jpg,C:\Users\shain\Downloads\FISH DATASET\FISH DATASET\proof_frames_fish_frames_200\fish3\fish3_frame003847_front.jpg,C:\Users\shain\Downloads\FISH DATASET\FISH DATASET\proof_frames_fish_frames_200\fish3\fish3_frame003847_top_mask.png,C:\Users\shain\Downloads\FISH DATASET\FISH DATASET\proof_frames_fish_frames_200\fish3\fish3_frame003847_front_mask.png
fish3,3848,C:\Users\shain\Downloads\FISH DATASET\FISH DATASET\proof_frames_fish_frames_200\fish3\fish3_frame003848_top.jpg,C:\Users\shain\Downloads\FISH DATASET\FISH DATASET\proof_frames_fish_frames_200\fish3\fish3_frame003848_front.jpg,C:\Users\shain\Downloads\FISH DATASET\FISH DATASET\proof_frames_fish_frames_200\fish3\fish3_frame003848_top_mask.png,C:\Users\shain\Downloads\FISH DATASET\FISH DATASET\proof_frames_fish_frames_200\fish3\fish3_frame003848_front_mask.png
fish3,3849,C:\Users\shain\Downloads\FISH DATASET\FISH DATASET\proof_frames_fish_frames_200\fish3\fish3_frame003849_top.jpg,C:\Users\shain\Downloads\FISH DATASET\FISH DATASET\proof_frames_fish_frames_200\fish3\fish3_frame003849_front.jpg,C:\Users\shain\Downloads\FISH DATASET\FISH DATASET\proof_frames_fish_frames_200\fish3\fish3_frame003849_top_mask.png,C:\Users\shain\Downloads\FISH DATASET\FISH DATASET\proof_frames_fish_frames_200\fish3\fish3_frame003849_front_mask.png
fish3,3850,C:\Users\shain\Downloads\FISH DATASET\FISH DATASET\proof_frames_fish_frames_200\fish3\fish3_frame003850_top.jpg,C:\Users\shain\Downloads\FISH DATASET\FISH DATASET\proof_frames_fish_frames_200\fish3\fish3_frame003850_front.jpg,C:\Users\shain\Downloads\FISH DATASET\FISH DATASET\proof_frames_fish_frames_200\fish3\fish3_frame003850_top_mask.png,C:\Users\shain\Downloads\FISH DATASET\FISH DATASET\proof_frames_fish_frames_200\fish3\fish3_frame003850_front_mask.png
fish3,3851,C:\Users\shain\Downloads\FISH DATASET\FISH DATASET\proof_frames_fish_frames_200\fish3\fish3_frame003851_top.jpg,C:\Users\shain\Downloads\FISH DATASET\FISH DATASET\proof_frames_fish_frames_200\fish3\fish3_frame003851_front.jpg,C:\Users\shain\Downloads\FISH DATASET\FISH DATASET\proof_frames_fish_frames_200\fish3\fish3_frame003851_top_mask.png,C:\Users\shain\Downloads\FISH DATASET\FISH DATASET\proof_frames_fish_frames_200\fish3\fish3_frame003851_front_mask.png
fish3,3852,C:\Users\shain\Downloads\FISH DATASET\FISH DATASET\proof_frames_fish_frames_200\fish3\fish3_frame003852_top.jpg,C:\Users\shain\Downloads\FISH DATASET\FISH DATASET\proof_frames_fish_frames_200\fish3\fish3_frame003852_front.jpg,C:\Users\shain\Downloads\FISH DATASET\FISH DATASET\proof_frames_fish_frames_200\fish3\fish3_frame003852_top_mask.png,C:\Users\shain\Downloads\FISH DATASET\FISH DATASET\proof_frames_fish_frames_200\fish3\fish3_frame003852_front_mask.png
fish3,3853,C:\Users\shain\Downloads\FISH DATASET\FISH DATASET\proof_frames_fish_frames_200\fish3\fish3_frame003853_top.jpg,C:\Users\shain\Downloads\FISH DATASET\FISH DATASET\proof_frames_fish_frames_200\fish3\fish3_frame003853_front.jpg,C:\Users\shain\Downloads\FISH DATASET\FISH DATASET\proof_frames_fish_frames_200\fish3\fish3_frame003853_top_mask.png,C:\Users\shain\Downloads\FISH DATASET\FISH DATASET\proof_frames_fish_frames_200\fish3\fish3_frame003853_front_mask.png
fish3,3854,C:\Users\shain\Downloads\FISH DATASET\FISH DATASET\proof_frames_fish_frames_200\fish3\fish3_frame003854_top.jpg,C:\Users\shain\Downloads\FISH DATASET\FISH DATASET\proof_frames_fish_frames_200\fish3\fish3_frame003854_front.jpg,C:\Users\shain\Downloads\FISH DATASET\FISH DATASET\proof_frames_fish_frames_200\fish3\fish3_frame003854_top_mask.png,C:\Users\shain\Downloads\FISH DATASET\FISH DATASET\proof_frames_fish_frames_200\fish3\fish3_frame003854_front_mask.png
fish3,3855,C:\Users\shain\Downloads\FISH DATASET\FISH DATASET\proof_frames_fish_frames_200\fish3\fish3_frame003855_top.jpg,C:\Users\shain\Downloads\FISH DATASET\FISH DATASET\proof_frames_fish_frames_200\fish3\fish3_frame003855_front.jpg,C:\Users\shain\Downloads\FISH DATASET\FISH DATASET\proof_frames_fish_frames_200\fish3\fish3_frame003855_top_mask.png,C:\Users\shain\Downloads\FISH DATASET\FISH DATASET\proof_frames_fish_frames_200\fish3\fish3_frame003855_front_mask.png
fish3,3856,C:\Users\shain\Downloads\FISH DATASET\FISH DATASET\proof_frames_fish_frames_200\fish3\fish3_frame003856_top.jpg,C:\Users\shain\Downloads\FISH DATASET\FISH DATASET\proof_frames_fish_frames_200\fish3\fish3_frame003856_front.jpg,C:\Users\shain\Downloads\FISH DATASET\FISH DATASET\proof_frames_fish_frames_200\fish3\fish3_frame003856_top_mask.png,C:\Users\shain\Downloads\FISH DATASET\FISH DATASET\proof_frames_fish_frames_200\fish3\fish3_frame003856_front_mask.png
fish3,3857,C:\Users\shain\Downloads\FISH DATASET\FISH DATASET\proof_frames_fish_frames_200\fish3\fish3_frame003857_top.jpg,C:\Users\shain\Downloads\FISH DATASET\FISH DATASET\proof_frames_fish_frames_200\fish3\fish3_frame003857_front.jpg,C:\Users\shain\Downloads\FISH DATASET\FISH DATASET\proof_frames_fish_frames_200\fish3\fish3_frame003857_top_mask.png,C:\Users\shain\Downloads\FISH DATASET\FISH DATASET\proof_frames_fish_frames_200\fish3\fish3_frame003857_front_mask.png
fish3,3858,C:\Users\shain\Downloads\FISH DATASET\FISH DATASET\proof_frames_fish_frames_200\fish3\fish3_frame003858_top.jpg,C:\Users\shain\Downloads\FISH DATASET\FISH DATASET\proof_frames_fish_frames_200\fish3\fish3_frame003858_front.jpg,C:\Users\shain\Downloads\FISH DATASET\FISH DATASET\proof_frames_fish_frames_200\fish3\fish3_frame003858_top_mask.png,C:\Users\shain\Downloads\FISH DATASET\FISH DATASET\proof_frames_fish_frames_200\fish3\fish3_frame003858_front_mask.png
fish3,3859,C:\Users\shain\Downloads\FISH DATASET\FISH DATASET\proof_frames_fish_frames_200\fish3\fish3_frame003859_top.jpg,C:\Users\shain\Downloads\FISH DATASET\FISH DATASET\proof_frames_fish_frames_200\fish3\fish3_frame003859_front.jpg,C:\Users\shain\Downloads\FISH DATASET\FISH DATASET\proof_frames_fish_frames_200\fish3\fish3_frame003859_top_mask.png,C:\Users\shain\Downloads\FISH DATASET\FISH DATASET\proof_frames_fish_frames_200\fish3\fish3_frame003859_front_mask.png
fish3,3860,C:\Users\shain\Downloads\FISH DATASET\FISH DATASET\proof_frames_fish_frames_200\fish3\fish3_frame003860_top.jpg,C:\Users\shain\Downloads\FISH DATASET\FISH DATASET\proof_frames_fish_frames_200\fish3\fish3_frame003860_front.jpg,C:\Users\shain\Downloads\FISH DATASET\FISH DATASET\proof_frames_fish_frames_200\fish3\fish3_frame003860_top_mask.png,C:\Users\shain\Downloads\FISH DATASET\FISH DATASET\proof_frames_fish_frames_200\fish3\fish3_frame003860_front_mask.png
fish3,3861,C:\Users\shain\Downloads\FISH DATASET\FISH DATASET\proof_frames_fish_frames_200\fish3\fish3_frame003861_top.jpg,C:\Users\shain\Downloads\FISH DATASET\FISH DATASET\proof_frames_fish_frames_200\fish3\fish3_frame003861_front.jpg,C:\Users\shain\Downloads\FISH DATASET\FISH DATASET\proof_frames_fish_frames_200\fish3\fish3_frame003861_top_mask.png,C:\Users\shain\Downloads\FISH DATASET\FISH DATASET\proof_frames_fish_frames_200\fish3\fish3_frame003861_front_mask.png
fish3,3862,C:\Users\shain\Downloads\FISH DATASET\FISH DATASET\proof_frames_fish_frames_200\fish3\fish3_frame003862_top.jpg,C:\Users\shain\Downloads\FISH DATASET\FISH DATASET\proof_frames_fish_frames_200\fish3\fish3_frame003862_front.jpg,C:\Users\shain\Downloads\FISH DATASET\FISH DATASET\proof_frames_fish_frames_200\fish3\fish3_frame003862_top_mask.png,C:\Users\shain\Downloads\FISH DATASET\FISH DATASET\proof_frames_fish_frames_200\fish3\fish3_frame003862_front_mask.png
fish3,3863,C:\Users\shain\Downloads\FISH DATASET\FISH DATASET\proof_frames_fish_frames_200\fish3\fish3_frame003863_top.jpg,C:\Users\shain\Downloads\FISH DATASET\FISH DATASET\proof_frames_fish_frames_200\fish3\fish3_frame003863_front.jpg,C:\Users\shain\Downloads\FISH DATASET\FISH DATASET\proof_frames_fish_frames_200\fish3\fish3_frame003863_top_mask.png,C:\Users\shain\Downloads\FISH DATASET\FISH DATASET\proof_frames_fish_frames_200\fish3\fish3_frame003863_front_mask.png
fish3,3864,C:\Users\shain\Downloads\FISH DATASET\FISH DATASET\proof_frames_fish_frames_200\fish3\fish3_frame003864_top.jpg,C:\Users\shain\Downloads\FISH DATASET\FISH DATASET\proof_frames_fish_frames_200\fish3\fish3_frame003864_front.jpg,C:\Users\shain\Downloads\FISH DATASET\FISH DATASET\proof_frames_fish_frames_200\fish3\fish3_frame003864_top_mask.png,C:\Users\shain\Downloads\FISH DATASET\FISH DATASET\proof_frames_fish_frames_200\fish3\fish3_frame003864_front_mask.png
fish3,3865,C:\Users\shain\Downloads\FISH DATASET\FISH DATASET\proof_frames_fish_frames_200\fish3\fish3_frame003865_top.jpg,C:\Users\shain\Downloads\FISH DATASET\FISH DATASET\proof_frames_fish_frames_200\fish3\fish3_frame003865_front.jpg,C:\Users\shain\Downloads\FISH DATASET\FISH DATASET\proof_frames_fish_frames_200\fish3\fish3_frame003865_top_mask.png,C:\Users\shain\Downloads\FISH DATASET\FISH DATASET\proof_frames_fish_frames_200\fish3\fish3_frame003865_front_mask.png
fish3,3866,C:\Users\shain\Downloads\FISH DATASET\FISH DATASET\proof_frames_fish_frames_200\fish3\fish3_frame003866_top.jpg,C:\Users\shain\Downloads\FISH DATASET\FISH DATASET\proof_frames_fish_frames_200\fish3\fish3_frame003866_front.jpg,C:\Users\shain\Downloads\FISH DATASET\FISH DATASET\proof_frames_fish_frames_200\fish3\fish3_frame003866_top_mask.png,C:\Users\shain\Downloads\FISH DATASET\FISH DATASET\proof_frames_fish_frames_200\fish3\fish3_frame003866_front_mask.png
fish3,3867,C:\Users\shain\Downloads\FISH DATASET\FISH DATASET\proof_frames_fish_frames_200\fish3\fish3_frame003867_top.jpg,C:\Users\shain\Downloads\FISH DATASET\FISH DATASET\proof_frames_fish_frames_200\fish3\fish3_frame003867_front.jpg,C:\Users\shain\Downloads\FISH DATASET\FISH DATASET\proof_frames_fish_frames_200\fish3\fish3_frame003867_top_mask.png,C:\Users\shain\Downloads\FISH DATASET\FISH DATASET\proof_frames_fish_frames_200\fish3\fish3_frame003867_front_mask.png
fish3,3868,C:\Users\shain\Downloads\FISH DATASET\FISH DATASET\proof_frames_fish_frames_200\fish3\fish3_frame003868_top.jpg,C:\Users\shain\Downloads\FISH DATASET\FISH DATASET\proof_frames_fish_frames_200\fish3\fish3_frame003868_front.jpg,C:\Users\shain\Downloads\FISH DATASET\FISH DATASET\proof_frames_fish_frames_200\fish3\fish3_frame003868_top_mask.png,C:\Users\shain\Downloads\FISH DATASET\FISH DATASET\proof_frames_fish_frames_200\fish3\fish3_frame003868_front_mask.png
fish3,4493,C:\Users\shain\Downloads\FISH DATASET\FISH DATASET\proof_frames_fish_frames_200\fish3\fish3_frame004493_top.jpg,C:\Users\shain\Downloads\FISH DATASET\FISH DATASET\proof_frames_fish_frames_200\fish3\fish3_frame004493_front.jpg,C:\Users\shain\Downloads\FISH DATASET\FISH DATASET\proof_frames_fish_frames_200\fish3\fish3_frame004493_top_mask.png,C:\Users\shain\Downloads\FISH DATASET\FISH DATASET\proof_frames_fish_frames_200\fish3\fish3_frame004493_front_mask.png
fish3,4494,C:\Users\shain\Downloads\FISH DATASET\FISH DATASET\proof_frames_fish_frames_200\fish3\fish3_frame004494_top.jpg,C:\Users\shain\Downloads\FISH DATASET\FISH DATASET\proof_frames_fish_frames_200\fish3\fish3_frame004494_front.jpg,C:\Users\shain\Downloads\FISH DATASET\FISH DATASET\proof_frames_fish_frames_200\fish3\fish3_frame004494_top_mask.png,C:\Users\shain\Downloads\FISH DATASET\FISH DATASET\proof_frames_fish_frames_200\fish3\fish3_frame004494_front_mask.png
fish3,4495,C:\Users\shain\Downloads\FISH DATASET\FISH DATASET\proof_frames_fish_frames_200\fish3\fish3_frame004495_top.jpg,C:\Users\shain\Downloads\FISH DATASET\FISH DATASET\proof_frames_fish_frames_200\fish3\fish3_frame004495_front.jpg,C:\Users\shain\Downloads\FISH DATASET\FISH DATASET\proof_frames_fish_frames_200\fish3\fish3_frame004495_top_mask.png,C:\Users\shain\Downloads\FISH DATASET\FISH DATASET\proof_frames_fish_frames_200\fish3\fish3_frame004495_front_mask.png
fish3,4496,C:\Users\shain\Downloads\FISH DATASET\FISH DATASET\proof_frames_fish_frames_200\fish3\fish3_frame004496_top.jpg,C:\Users\shain\Downloads\FISH DATASET\FISH DATASET\proof_frames_fish_frames_200\fish3\fish3_frame004496_front.jpg,C:\Users\shain\Downloads\FISH DATASET\FISH DATASET\proof_frames_fish_frames_200\fish3\fish3_frame004496_top_mask.png,C:\Users\shain\Downloads\FISH DATASET\FISH DATASET\proof_frames_fish_frames_200\fish3\fish3_frame004496_front_mask.png
fish3,6101,C:\Users\shain\Downloads\FISH DATASET\FISH DATASET\proof_frames_fish_frames_200\fish3\fish3_frame006101_top.jpg,C:\Users\shain\Downloads\FISH DATASET\FISH DATASET\proof_frames_fish_frames_200\fish3\fish3_frame006101_front.jpg,C:\Users\shain\Downloads\FISH DATASET\FISH DATASET\proof_frames_fish_frames_200\fish3\fish3_frame006101_top_mask.png,C:\Users\shain\Downloads\FISH DATASET\FISH DATASET\proof_frames_fish_frames_200\fish3\fish3_frame006101_front_mask.png
fish3,6102,C:\Users\shain\Downloads\FISH DATASET\FISH DATASET\proof_frames_fish_frames_200\fish3\fish3_frame006102_top.jpg,C:\Users\shain\Downloads\FISH DATASET\FISH DATASET\proof_frames_fish_frames_200\fish3\fish3_frame006102_front.jpg,C:\Users\shain\Downloads\FISH DATASET\FISH DATASET\proof_frames_fish_frames_200\fish3\fish3_frame006102_top_mask.png,C:\Users\shain\Downloads\FISH DATASET\FISH DATASET\proof_frames_fish_frames_200\fish3\fish3_frame006102_front_mask.png
fish3,6103,C:\Users\shain\Downloads\FISH DATASET\FISH DATASET\proof_frames_fish_frames_200\fish3\fish3_frame006103_top.jpg,C:\Users\shain\Downloads\FISH DATASET\FISH DATASET\proof_frames_fish_frames_200\fish3\fish3_frame006103_front.jpg,C:\Users\shain\Downloads\FISH DATASET\FISH DATASET\proof_frames_fish_frames_200\fish3\fish3_frame006103_top_mask.png,C:\Users\shain\Downloads\FISH DATASET\FISH DATASET\proof_frames_fish_frames_200\fish3\fish3_frame006103_front_mask.png
fish3,6104,C:\Users\shain\Downloads\FISH DATASET\FISH DATASET\proof_frames_fish_frames_200\fish3\fish3_frame006104_top.jpg,C:\Users\shain\Downloads\FISH DATASET\FISH DATASET\proof_frames_fish_frames_200\fish3\fish3_frame006104_front.jpg,C:\Users\shain\Downloads\FISH DATASET\FISH DATASET\proof_frames_fish_frames_200\fish3\fish3_frame006104_top_mask.png,C:\Users\shain\Downloads\FISH DATASET\FISH DATASET\proof_frames_fish_frames_200\fish3\fish3_frame006104_front_mask.png
fish3,6113,C:\Users\shain\Downloads\FISH DATASET\FISH DATASET\proof_frames_fish_frames_200\fish3\fish3_frame006113_top.jpg,C:\Users\shain\Downloads\FISH DATASET\FISH DATASET\proof_frames_fish_frames_200\fish3\fish3_frame006113_front.jpg,C:\Users\shain\Downloads\FISH DATASET\FISH DATASET\proof_frames_fish_frames_200\fish3\fish3_frame006113_top_mask.png,C:\Users\shain\Downloads\FISH DATASET\FISH DATASET\proof_frames_fish_frames_200\fish3\fish3_frame006113_front_mask.png
fish3,6114,C:\Users\shain\Downloads\FISH DATASET\FISH DATASET\proof_frames_fish_frames_200\fish3\fish3_frame006114_top.jpg,C:\Users\shain\Downloads\FISH DATASET\FISH DATASET\proof_frames_fish_frames_200\fish3\fish3_frame006114_front.jpg,C:\Users\shain\Downloads\FISH DATASET\FISH DATASET\proof_frames_fish_frames_200\fish3\fish3_frame006114_top_mask.png,C:\Users\shain\Downloads\FISH DATASET\FISH DATASET\proof_frames_fish_frames_200\fish3\fish3_frame006114_front_mask.png
fish3,6115,C:\Users\shain\Downloads\FISH DATASET\FISH DATASET\proof_frames_fish_frames_200\fish3\fish3_frame006115_top.jpg,C:\Users\shain\Downloads\FISH DATASET\FISH DATASET\proof_frames_fish_frames_200\fish3\fish3_frame006115_front.jpg,C:\Users\shain\Downloads\FISH DATASET\FISH DATASET\proof_frames_fish_frames_200\fish3\fish3_frame006115_top_mask.png,C:\Users\shain\Downloads\FISH DATASET\FISH DATASET\proof_frames_fish_frames_200\fish3\fish3_frame006115_front_mask.png
fish3,6116,C:\Users\shain\Downloads\FISH DATASET\FISH DATASET\proof_frames_fish_frames_200\fish3\fish3_frame006116_top.jpg,C:\Users\shain\Downloads\FISH DATASET\FISH DATASET\proof_frames_fish_frames_200\fish3\fish3_frame006116_front.jpg,C:\Users\shain\Downloads\FISH DATASET\FISH DATASET\proof_frames_fish_frames_200\fish3\fish3_frame006116_top_mask.png,C:\Users\shain\Downloads\FISH DATASET\FISH DATASET\proof_frames_fish_frames_200\fish3\fish3_frame006116_front_mask.png
fish3,6117,C:\Users\shain\Downloads\FISH DATASET\FISH DATASET\proof_frames_fish_frames_200\fish3\fish3_frame006117_top.jpg,C:\Users\shain\Downloads\FISH DATASET\FISH DATASET\proof_frames_fish_frames_200\fish3\fish3_frame006117_front.jpg,C:\Users\shain\Downloads\FISH DATASET\FISH DATASET\proof_frames_fish_frames_200\fish3\fish3_frame006117_top_mask.png,C:\Users\shain\Downloads\FISH DATASET\FISH DATASET\proof_frames_fish_frames_200\fish3\fish3_frame006117_front_mask.png
fish3,6118,C:\Users\shain\Downloads\FISH DATASET\FISH DATASET\proof_frames_fish_frames_200\fish3\fish3_frame006118_top.jpg,C:\Users\shain\Downloads\FISH DATASET\FISH DATASET\proof_frames_fish_frames_200\fish3\fish3_frame006118_front.jpg,C:\Users\shain\Downloads\FISH DATASET\FISH DATASET\proof_frames_fish_frames_200\fish3\fish3_frame006118_top_mask.png,C:\Users\shain\Downloads\FISH DATASET\FISH DATASET\proof_frames_fish_frames_200\fish3\fish3_frame006118_front_mask.png
fish3,6119,C:\Users\shain\Downloads\FISH DATASET\FISH DATASET\proof_frames_fish_frames_200\fish3\fish3_frame006119_top.jpg,C:\Users\shain\Downloads\FISH DATASET\FISH DATASET\proof_frames_fish_frames_200\fish3\fish3_frame006119_front.jpg,C:\Users\shain\Downloads\FISH DATASET\FISH DATASET\proof_frames_fish_frames_200\fish3\fish3_frame006119_top_mask.png,C:\Users\shain\Downloads\FISH DATASET\FISH DATASET\proof_frames_fish_frames_200\fish3\fish3_frame006119_front_mask.png
fish3,6120,C:\Users\shain\Downloads\FISH DATASET\FISH DATASET\proof_frames_fish_frames_200\fish3\fish3_frame006120_top.jpg,C:\Users\shain\Downloads\FISH DATASET\FISH DATASET\proof_frames_fish_frames_200\fish3\fish3_frame006120_front.jpg,C:\Users\shain\Downloads\FISH DATASET\FISH DATASET\proof_frames_fish_frames_200\fish3\fish3_frame006120_top_mask.png,C:\Users\shain\Downloads\FISH DATASET\FISH DATASET\proof_frames_fish_frames_200\fish3\fish3_frame006120_front_mask.png
fish3,6121,C:\Users\shain\Downloads\FISH DATASET\FISH DATASET\proof_frames_fish_frames_200\fish3\fish3_frame006121_top.jpg,C:\Users\shain\Downloads\FISH DATASET\FISH DATASET\proof_frames_fish_frames_200\fish3\fish3_frame006121_front.jpg,C:\Users\shain\Downloads\FISH DATASET\FISH DATASET\proof_frames_fish_frames_200\fish3\fish3_frame006121_top_mask.png,C:\Users\shain\Downloads\FISH DATASET\FISH DATASET\proof_frames_fish_frames_200\fish3\fish3_frame006121_front_mask.png
fish3,6122,C:\Users\shain\Downloads\FISH DATASET\FISH DATASET\proof_frames_fish_frames_200\fish3\fish3_frame006122_top.jpg,C:\Users\shain\Downloads\FISH DATASET\FISH DATASET\proof_frames_fish_frames_200\fish3\fish3_frame006122_front.jpg,C:\Users\shain\Downloads\FISH DATASET\FISH DATASET\proof_frames_fish_frames_200\fish3\fish3_frame006122_top_mask.png,C:\Users\shain\Downloads\FISH DATASET\FISH DATASET\proof_frames_fish_frames_200\fish3\fish3_frame006122_front_mask.png
fish3,6123,C:\Users\shain\Downloads\FISH DATASET\FISH DATASET\proof_frames_fish_frames_200\fish3\fish3_frame006123_top.jpg,C:\Users\shain\Downloads\FISH DATASET\FISH DATASET\proof_frames_fish_frames_200\fish3\fish3_frame006123_front.jpg,C:\Users\shain\Downloads\FISH DATASET\FISH DATASET\proof_frames_fish_frames_200\fish3\fish3_frame006123_top_mask.png,C:\Users\shain\Downloads\FISH DATASET\FISH DATASET\proof_frames_fish_frames_200\fish3\fish3_frame006123_front_mask.png
fish3,6124,C:\Users\shain\Downloads\FISH DATASET\FISH DATASET\proof_frames_fish_frames_200\fish3\fish3_frame006124_top.jpg,C:\Users\shain\Downloads\FISH DATASET\FISH DATASET\proof_frames_fish_frames_200\fish3\fish3_frame006124_front.jpg,C:\Users\shain\Downloads\FISH DATASET\FISH DATASET\proof_frames_fish_frames_200\fish3\fish3_frame006124_top_mask.png,C:\Users\shain\Downloads\FISH DATASET\FISH DATASET\proof_frames_fish_frames_200\fish3\fish3_frame006124_front_mask.png
fish3,6125,C:\Users\shain\Downloads\FISH DATASET\FISH DATASET\proof_frames_fish_frames_200\fish3\fish3_frame006125_top.jpg,C:\Users\shain\Downloads\FISH DATASET\FISH DATASET\proof_frames_fish_frames_200\fish3\fish3_frame006125_front.jpg,C:\Users\shain\Downloads\FISH DATASET\FISH DATASET\proof_frames_fish_frames_200\fish3\fish3_frame006125_top_mask.png,C:\Users\shain\Downloads\FISH DATASET\FISH DATASET\proof_frames_fish_frames_200\fish3\fish3_frame006125_front_mask.png
fish3,6126,C:\Users\shain\Downloads\FISH DATASET\FISH DATASET\proof_frames_fish_frames_200\fish3\fish3_frame006126_top.jpg,C:\Users\shain\Downloads\FISH DATASET\FISH DATASET\proof_frames_fish_frames_200\fish3\fish3_frame006126_front.jpg,C:\Users\shain\Downloads\FISH DATASET\FISH DATASET\proof_frames_fish_frames_200\fish3\fish3_frame006126_top_mask.png,C:\Users\shain\Downloads\FISH DATASET\FISH DATASET\proof_frames_fish_frames_200\fish3\fish3_frame006126_front_mask.png
fish3,6127,C:\Users\shain\Downloads\FISH DATASET\FISH DATASET\proof_frames_fish_frames_200\fish3\fish3_frame006127_top.jpg,C:\Users\shain\Downloads\FISH DATASET\FISH DATASET\proof_frames_fish_frames_200\fish3\fish3_frame006127_front.jpg,C:\Users\shain\Downloads\FISH DATASET\FISH DATASET\proof_frames_fish_frames_200\fish3\fish3_frame006127_top_mask.png,C:\Users\shain\Downloads\FISH DATASET\FISH DATASET\proof_frames_fish_frames_200\fish3\fish3_frame006127_front_mask.png
fish3,6128,C:\Users\shain\Downloads\FISH DATASET\FISH DATASET\proof_frames_fish_frames_200\fish3\fish3_frame006128_top.jpg,C:\Users\shain\Downloads\FISH DATASET\FISH DATASET\proof_frames_fish_frames_200\fish3\fish3_frame006128_front.jpg,C:\Users\shain\Downloads\FISH DATASET\FISH DATASET\proof_frames_fish_frames_200\fish3\fish3_frame006128_top_mask.png,C:\Users\shain\Downloads\FISH DATASET\FISH DATASET\proof_frames_fish_frames_200\fish3\fish3_frame006128_front_mask.png
fish3,6129,C:\Users\shain\Downloads\FISH DATASET\FISH DATASET\proof_frames_fish_frames_200\fish3\fish3_frame006129_top.jpg,C:\Users\shain\Downloads\FISH DATASET\FISH DATASET\proof_frames_fish_frames_200\fish3\fish3_frame006129_front.jpg,C:\Users\shain\Downloads\FISH DATASET\FISH DATASET\proof_frames_fish_frames_200\fish3\fish3_frame006129_top_mask.png,C:\Users\shain\Downloads\FISH DATASET\FISH DATASET\proof_frames_fish_frames_200\fish3\fish3_frame006129_front_mask.png
fish3,6130,C:\Users\shain\Downloads\FISH DATASET\FISH DATASET\proof_frames_fish_frames_200\fish3\fish3_frame006130_top.jpg,C:\Users\shain\Downloads\FISH DATASET\FISH DATASET\proof_frames_fish_frames_200\fish3\fish3_frame006130_front.jpg,C:\Users\shain\Downloads\FISH DATASET\FISH DATASET\proof_frames_fish_frames_200\fish3\fish3_frame006130_top_mask.png,C:\Users\shain\Downloads\FISH DATASET\FISH DATASET\proof_frames_fish_frames_200\fish3\fish3_frame006130_front_mask.png
fish3,6131,C:\Users\shain\Downloads\FISH DATASET\FISH DATASET\proof_frames_fish_frames_200\fish3\fish3_frame006131_top.jpg,C:\Users\shain\Downloads\FISH DATASET\FISH DATASET\proof_frames_fish_frames_200\fish3\fish3_frame006131_front.jpg,C:\Users\shain\Downloads\FISH DATASET\FISH DATASET\proof_frames_fish_frames_200\fish3\fish3_frame006131_top_mask.png,C:\Users\shain\Downloads\FISH DATASET\FISH DATASET\proof_frames_fish_frames_200\fish3\fish3_frame006131_front_mask.png
fish3,6132,C:\Users\shain\Downloads\FISH DATASET\FISH DATASET\proof_frames_fish_frames_200\fish3\fish3_frame006132_top.jpg,C:\Users\shain\Downloads\FISH DATASET\FISH DATASET\proof_frames_fish_frames_200\fish3\fish3_frame006132_front.jpg,C:\Users\shain\Downloads\FISH DATASET\FISH DATASET\proof_frames_fish_frames_200\fish3\fish3_frame006132_top_mask.png,C:\Users\shain\Downloads\FISH DATASET\FISH DATASET\proof_frames_fish_frames_200\fish3\fish3_frame006132_front_mask.png
fish3,6133,C:\Users\shain\Downloads\FISH DATASET\FISH DATASET\proof_frames_fish_frames_200\fish3\fish3_frame006133_top.jpg,C:\Users\shain\Downloads\FISH DATASET\FISH DATASET\proof_frames_fish_frames_200\fish3\fish3_frame006133_front.jpg,C:\Users\shain\Downloads\FISH DATASET\FISH DATASET\proof_frames_fish_frames_200\fish3\fish3_frame006133_top_mask.png,C:\Users\shain\Downloads\FISH DATASET\FISH DATASET\proof_frames_fish_frames_200\fish3\fish3_frame006133_front_mask.png
fish3,6134,C:\Users\shain\Downloads\FISH DATASET\FISH DATASET\proof_frames_fish_frames_200\fish3\fish3_frame006134_top.jpg,C:\Users\shain\Downloads\FISH DATASET\FISH DATASET\proof_frames_fish_frames_200\fish3\fish3_frame006134_front.jpg,C:\Users\shain\Downloads\FISH DATASET\FISH DATASET\proof_frames_fish_frames_200\fish3\fish3_frame006134_top_mask.png,C:\Users\shain\Downloads\FISH DATASET\FISH DATASET\proof_frames_fish_frames_200\fish3\fish3_frame006134_front_mask.png
fish3,6135,C:\Users\shain\Downloads\FISH DATASET\FISH DATASET\proof_frames_fish_frames_200\fish3\fish3_frame006135_top.jpg,C:\Users\shain\Downloads\FISH DATASET\FISH DATASET\proof_frames_fish_frames_200\fish3\fish3_frame006135_front.jpg,C:\Users\shain\Downloads\FISH DATASET\FISH DATASET\proof_frames_fish_frames_200\fish3\fish3_frame006135_top_mask.png,C:\Users\shain\Downloads\FISH DATASET\FISH DATASET\proof_frames_fish_frames_200\fish3\fish3_frame006135_front_mask.png
fish3,6136,C:\Users\shain\Downloads\FISH DATASET\FISH DATASET\proof_frames_fish_frames_200\fish3\fish3_frame006136_top.jpg,C:\Users\shain\Downloads\FISH DATASET\FISH DATASET\proof_frames_fish_frames_200\fish3\fish3_frame006136_front.jpg,C:\Users\shain\Downloads\FISH DATASET\FISH DATASET\proof_frames_fish_frames_200\fish3\fish3_frame006136_top_mask.png,C:\Users\shain\Downloads\FISH DATASET\FISH DATASET\proof_frames_fish_frames_200\fish3\fish3_frame006136_front_mask.png
fish3,6137,C:\Users\shain\Downloads\FISH DATASET\FISH DATASET\proof_frames_fish_frames_200\fish3\fish3_frame006137_top.jpg,C:\Users\shain\Downloads\FISH DATASET\FISH DATASET\proof_frames_fish_frames_200\fish3\fish3_frame006137_front.jpg,C:\Users\shain\Downloads\FISH DATASET\FISH DATASET\proof_frames_fish_frames_200\fish3\fish3_frame006137_top_mask.png,C:\Users\shain\Downloads\FISH DATASET\FISH DATASET\proof_frames_fish_frames_200\fish3\fish3_frame006137_front_mask.png
fish3,6138,C:\Users\shain\Downloads\FISH DATASET\FISH DATASET\proof_frames_fish_frames_200\fish3\fish3_frame006138_top.jpg,C:\Users\shain\Downloads\FISH DATASET\FISH DATASET\proof_frames_fish_frames_200\fish3\fish3_frame006138_front.jpg,C:\Users\shain\Downloads\FISH DATASET\FISH DATASET\proof_frames_fish_frames_200\fish3\fish3_frame006138_top_mask.png,C:\Users\shain\Downloads\FISH DATASET\FISH DATASET\proof_frames_fish_frames_200\fish3\fish3_frame006138_front_mask.png
fish3,6139,C:\Users\shain\Downloads\FISH DATASET\FISH DATASET\proof_frames_fish_frames_200\fish3\fish3_frame006139_top.jpg,C:\Users\shain\Downloads\FISH DATASET\FISH DATASET\proof_frames_fish_frames_200\fish3\fish3_frame006139_front.jpg,C:\Users\shain\Downloads\FISH DATASET\FISH DATASET\proof_frames_fish_frames_200\fish3\fish3_frame006139_top_mask.png,C:\Users\shain\Downloads\FISH DATASET\FISH DATASET\proof_frames_fish_frames_200\fish3\fish3_frame006139_front_mask.png
fish3,6140,C:\Users\shain\Downloads\FISH DATASET\FISH DATASET\proof_frames_fish_frames_200\fish3\fish3_frame006140_top.jpg,C:\Users\shain\Downloads\FISH DATASET\FISH DATASET\proof_frames_fish_frames_200\fish3\fish3_frame006140_front.jpg,C:\Users\shain\Downloads\FISH DATASET\FISH DATASET\proof_frames_fish_frames_200\fish3\fish3_frame006140_top_mask.png,C:\Users\shain\Downloads\FISH DATASET\FISH DATASET\proof_frames_fish_frames_200\fish3\fish3_frame006140_front_mask.png
fish3,6141,C:\Users\shain\Downloads\FISH DATASET\FISH DATASET\proof_frames_fish_frames_200\fish3\fish3_frame006141_top.jpg,C:\Users\shain\Downloads\FISH DATASET\FISH DATASET\proof_frames_fish_frames_200\fish3\fish3_frame006141_front.jpg,C:\Users\shain\Downloads\FISH DATASET\FISH DATASET\proof_frames_fish_frames_200\fish3\fish3_frame006141_top_mask.png,C:\Users\shain\Downloads\FISH DATASET\FISH DATASET\proof_frames_fish_frames_200\fish3\fish3_frame006141_front_mask.png
fish3,6142,C:\Users\shain\Downloads\FISH DATASET\FISH DATASET\proof_frames_fish_frames_200\fish3\fish3_frame006142_top.jpg,C:\Users\shain\Downloads\FISH DATASET\FISH DATASET\proof_frames_fish_frames_200\fish3\fish3_frame006142_front.jpg,C:\Users\shain\Downloads\FISH DATASET\FISH DATASET\proof_frames_fish_frames_200\fish3\fish3_frame006142_top_mask.png,C:\Users\shain\Downloads\FISH DATASET\FISH DATASET\proof_frames_fish_frames_200\fish3\fish3_frame006142_front_mask.png
fish3,6143,C:\Users\shain\Downloads\FISH DATASET\FISH DATASET\proof_frames_fish_frames_200\fish3\fish3_frame006143_top.jpg,C:\Users\shain\Downloads\FISH DATASET\FISH DATASET\proof_frames_fish_frames_200\fish3\fish3_frame006143_front.jpg,C:\Users\shain\Downloads\FISH DATASET\FISH DATASET\proof_frames_fish_frames_200\fish3\fish3_frame006143_top_mask.png,C:\Users\shain\Downloads\FISH DATASET\FISH DATASET\proof_frames_fish_frames_200\fish3\fish3_frame006143_front_mask.png
fish3,6144,C:\Users\shain\Downloads\FISH DATASET\FISH DATASET\proof_frames_fish_frames_200\fish3\fish3_frame006144_top.jpg,C:\Users\shain\Downloads\FISH DATASET\FISH DATASET\proof_frames_fish_frames_200\fish3\fish3_frame006144_front.jpg,C:\Users\shain\Downloads\FISH DATASET\FISH DATASET\proof_frames_fish_frames_200\fish3\fish3_frame006144_top_mask.png,C:\Users\shain\Downloads\FISH DATASET\FISH DATASET\proof_frames_fish_frames_200\fish3\fish3_frame006144_front_mask.png
fish3,6145,C:\Users\shain\Downloads\FISH DATASET\FISH DATASET\proof_frames_fish_frames_200\fish3\fish3_frame006145_top.jpg,C:\Users\shain\Downloads\FISH DATASET\FISH DATASET\proof_frames_fish_frames_200\fish3\fish3_frame006145_front.jpg,C:\Users\shain\Downloads\FISH DATASET\FISH DATASET\proof_frames_fish_frames_200\fish3\fish3_frame006145_top_mask.png,C:\Users\shain\Downloads\FISH DATASET\FISH DATASET\proof_frames_fish_frames_200\fish3\fish3_frame006145_front_mask.png
fish3,6146,C:\Users\shain\Downloads\FISH DATASET\FISH DATASET\proof_frames_fish_frames_200\fish3\fish3_frame006146_top.jpg,C:\Users\shain\Downloads\FISH DATASET\FISH DATASET\proof_frames_fish_frames_200\fish3\fish3_frame006146_front.jpg,C:\Users\shain\Downloads\FISH DATASET\FISH DATASET\proof_frames_fish_frames_200\fish3\fish3_frame006146_top_mask.png,C:\Users\shain\Downloads\FISH DATASET\FISH DATASET\proof_frames_fish_frames_200\fish3\fish3_frame006146_front_mask.png
fish3,6147,C:\Users\shain\Downloads\FISH DATASET\FISH DATASET\proof_frames_fish_frames_200\fish3\fish3_frame006147_top.jpg,C:\Users\shain\Downloads\FISH DATASET\FISH DATASET\proof_frames_fish_frames_200\fish3\fish3_frame006147_front.jpg,C:\Users\shain\Downloads\FISH DATASET\FISH DATASET\proof_frames_fish_frames_200\fish3\fish3_frame006147_top_mask.png,C:\Users\shain\Downloads\FISH DATASET\FISH DATASET\proof_frames_fish_frames_200\fish3\fish3_frame006147_front_mask.png
fish3,6148,C:\Users\shain\Downloads\FISH DATASET\FISH DATASET\proof_frames_fish_frames_200\fish3\fish3_frame006148_top.jpg,C:\Users\shain\Downloads\FISH DATASET\FISH DATASET\proof_frames_fish_frames_200\fish3\fish3_frame006148_front.jpg,C:\Users\shain\Downloads\FISH DATASET\FISH DATASET\proof_frames_fish_frames_200\fish3\fish3_frame006148_top_mask.png,C:\Users\shain\Downloads\FISH DATASET\FISH DATASET\proof_frames_fish_frames_200\fish3\fish3_frame006148_front_mask.png
fish3,6149,C:\Users\shain\Downloads\FISH DATASET\FISH DATASET\proof_frames_fish_frames_200\fish3\fish3_frame006149_top.jpg,C:\Users\shain\Downloads\FISH DATASET\FISH DATASET\proof_frames_fish_frames_200\fish3\fish3_frame006149_front.jpg,C:\Users\shain\Downloads\FISH DATASET\FISH DATASET\proof_frames_fish_frames_200\fish3\fish3_frame006149_top_mask.png,C:\Users\shain\Downloads\FISH DATASET\FISH DATASET\proof_frames_fish_frames_200\fish3\fish3_frame006149_front_mask.png
fish3,6150,C:\Users\shain\Downloads\FISH DATASET\FISH DATASET\proof_frames_fish_frames_200\fish3\fish3_frame006150_top.jpg,C:\Users\shain\Downloads\FISH DATASET\FISH DATASET\proof_frames_fish_frames_200\fish3\fish3_frame006150_front.jpg,C:\Users\shain\Downloads\FISH DATASET\FISH DATASET\proof_frames_fish_frames_200\fish3\fish3_frame006150_top_mask.png,C:\Users\shain\Downloads\FISH DATASET\FISH DATASET\proof_frames_fish_frames_200\fish3\fish3_frame006150_front_mask.png
fish3,6151,C:\Users\shain\Downloads\FISH DATASET\FISH DATASET\proof_frames_fish_frames_200\fish3\fish3_frame006151_top.jpg,C:\Users\shain\Downloads\FISH DATASET\FISH DATASET\proof_frames_fish_frames_200\fish3\fish3_frame006151_front.jpg,C:\Users\shain\Downloads\FISH DATASET\FISH DATASET\proof_frames_fish_frames_200\fish3\fish3_frame006151_top_mask.png,C:\Users\shain\Downloads\FISH DATASET\FISH DATASET\proof_frames_fish_frames_200\fish3\fish3_frame006151_front_mask.png
fish3,6152,C:\Users\shain\Downloads\FISH DATASET\FISH DATASET\proof_frames_fish_frames_200\fish3\fish3_frame006152_top.jpg,C:\Users\shain\Downloads\FISH DATASET\FISH DATASET\proof_frames_fish_frames_200\fish3\fish3_frame006152_front.jpg,C:\Users\shain\Downloads\FISH DATASET\FISH DATASET\proof_frames_fish_frames_200\fish3\fish3_frame006152_top_mask.png,C:\Users\shain\Downloads\FISH DATASET\FISH DATASET\proof_frames_fish_frames_200\fish3\fish3_frame006152_front_mask.png
fish3,6153,C:\Users\shain\Downloads\FISH DATASET\FISH DATASET\proof_frames_fish_frames_200\fish3\fish3_frame006153_top.jpg,C:\Users\shain\Downloads\FISH DATASET\FISH DATASET\proof_frames_fish_frames_200\fish3\fish3_frame006153_front.jpg,C:\Users\shain\Downloads\FISH DATASET\FISH DATASET\proof_frames_fish_frames_200\fish3\fish3_frame006153_top_mask.png,C:\Users\shain\Downloads\FISH DATASET\FISH DATASET\proof_frames_fish_frames_200\fish3\fish3_frame006153_front_mask.png
fish3,6154,C:\Users\shain\Downloads\FISH DATASET\FISH DATASET\proof_frames_fish_frames_200\fish3\fish3_frame006154_top.jpg,C:\Users\shain\Downloads\FISH DATASET\FISH DATASET\proof_frames_fish_frames_200\fish3\fish3_frame006154_front.jpg,C:\Users\shain\Downloads\FISH DATASET\FISH DATASET\proof_frames_fish_frames_200\fish3\fish3_frame006154_top_mask.png,C:\Users\shain\Downloads\FISH DATASET\FISH DATASET\proof_frames_fish_frames_200\fish3\fish3_frame006154_front_mask.png
fish3,6155,C:\Users\shain\Downloads\FISH DATASET\FISH DATASET\proof_frames_fish_frames_200\fish3\fish3_frame006155_top.jpg,C:\Users\shain\Downloads\FISH DATASET\FISH DATASET\proof_frames_fish_frames_200\fish3\fish3_frame006155_front.jpg,C:\Users\shain\Downloads\FISH DATASET\FISH DATASET\proof_frames_fish_frames_200\fish3\fish3_frame006155_top_mask.png,C:\Users\shain\Downloads\FISH DATASET\FISH DATASET\proof_frames_fish_frames_200\fish3\fish3_frame006155_front_mask.png
fish3,6156,C:\Users\shain\Downloads\FISH DATASET\FISH DATASET\proof_frames_fish_frames_200\fish3\fish3_frame006156_top.jpg,C:\Users\shain\Downloads\FISH DATASET\FISH DATASET\proof_frames_fish_frames_200\fish3\fish3_frame006156_front.jpg,C:\Users\shain\Downloads\FISH DATASET\FISH DATASET\proof_frames_fish_frames_200\fish3\fish3_frame006156_top_mask.png,C:\Users\shain\Downloads\FISH DATASET\FISH DATASET\proof_frames_fish_frames_200\fish3\fish3_frame006156_front_mask.png
fish3,6157,C:\Users\shain\Downloads\FISH DATASET\FISH DATASET\proof_frames_fish_frames_200\fish3\fish3_frame006157_top.jpg,C:\Users\shain\Downloads\FISH DATASET\FISH DATASET\proof_frames_fish_frames_200\fish3\fish3_frame006157_front.jpg,C:\Users\shain\Downloads\FISH DATASET\FISH DATASET\proof_frames_fish_frames_200\fish3\fish3_frame006157_top_mask.png,C:\Users\shain\Downloads\FISH DATASET\FISH DATASET\proof_frames_fish_frames_200\fish3\fish3_frame006157_front_mask.png
fish3,6162,C:\Users\shain\Downloads\FISH DATASET\FISH DATASET\proof_frames_fish_frames_200\fish3\fish3_frame006162_top.jpg,C:\Users\shain\Downloads\FISH DATASET\FISH DATASET\proof_frames_fish_frames_200\fish3\fish3_frame006162_front.jpg,C:\Users\shain\Downloads\FISH DATASET\FISH DATASET\proof_frames_fish_frames_200\fish3\fish3_frame006162_top_mask.png,C:\Users\shain\Downloads\FISH DATASET\FISH DATASET\proof_frames_fish_frames_200\fish3\fish3_frame006162_front_mask.png
fish3,6164,C:\Users\shain\Downloads\FISH DATASET\FISH DATASET\proof_frames_fish_frames_200\fish3\fish3_frame006164_top.jpg,C:\Users\shain\Downloads\FISH DATASET\FISH DATASET\proof_frames_fish_frames_200\fish3\fish3_frame006164_front.jpg,C:\Users\shain\Downloads\FISH DATASET\FISH DATASET\proof_frames_fish_frames_200\fish3\fish3_frame006164_top_mask.png,C:\Users\shain\Downloads\FISH DATASET\FISH DATASET\proof_frames_fish_frames_200\fish3\fish3_frame006164_front_mask.png
fish3,6173,C:\Users\shain\Downloads\FISH DATASET\FISH DATASET\proof_frames_fish_frames_200\fish3\fish3_frame006173_top.jpg,C:\Users\shain\Downloads\FISH DATASET\FISH DATASET\proof_frames_fish_frames_200\fish3\fish3_frame006173_front.jpg,C:\Users\shain\Downloads\FISH DATASET\FISH DATASET\proof_frames_fish_frames_200\fish3\fish3_frame006173_top_mask.png,C:\Users\shain\Downloads\FISH DATASET\FISH DATASET\proof_frames_fish_frames_200\fish3\fish3_frame006173_front_mask.png
fish3,6174,C:\Users\shain\Downloads\FISH DATASET\FISH DATASET\proof_frames_fish_frames_200\fish3\fish3_frame006174_top.jpg,C:\Users\shain\Downloads\FISH DATASET\FISH DATASET\proof_frames_fish_frames_200\fish3\fish3_frame006174_front.jpg,C:\Users\shain\Downloads\FISH DATASET\FISH DATASET\proof_frames_fish_frames_200\fish3\fish3_frame006174_top_mask.png,C:\Users\shain\Downloads\FISH DATASET\FISH DATASET\proof_frames_fish_frames_200\fish3\fish3_frame006174_front_mask.png
fish3,6177,C:\Users\shain\Downloads\FISH DATASET\FISH DATASET\proof_frames_fish_frames_200\fish3\fish3_frame006177_top.jpg,C:\Users\shain\Downloads\FISH DATASET\FISH DATASET\proof_frames_fish_frames_200\fish3\fish3_frame006177_front.jpg,C:\Users\shain\Downloads\FISH DATASET\FISH DATASET\proof_frames_fish_frames_200\fish3\fish3_frame006177_top_mask.png,C:\Users\shain\Downloads\FISH DATASET\FISH DATASET\proof_frames_fish_frames_200\fish3\fish3_frame006177_front_mask.png
fish3,6178,C:\Users\shain\Downloads\FISH DATASET\FISH DATASET\proof_frames_fish_frames_200\fish3\fish3_frame006178_top.jpg,C:\Users\shain\Downloads\FISH DATASET\FISH DATASET\proof_frames_fish_frames_200\fish3\fish3_frame006178_front.jpg,C:\Users\shain\Downloads\FISH DATASET\FISH DATASET\proof_frames_fish_frames_200\fish3\fish3_frame006178_top_mask.png,C:\Users\shain\Downloads\FISH DATASET\FISH DATASET\proof_frames_fish_frames_200\fish3\fish3_frame006178_front_mask.png
fish3,6179,C:\Users\shain\Downloads\FISH DATASET\FISH DATASET\proof_frames_fish_frames_200\fish3\fish3_frame006179_top.jpg,C:\Users\shain\Downloads\FISH DATASET\FISH DATASET\proof_frames_fish_frames_200\fish3\fish3_frame006179_front.jpg,C:\Users\shain\Downloads\FISH DATASET\FISH DATASET\proof_frames_fish_frames_200\fish3\fish3_frame006179_top_mask.png,C:\Users\shain\Downloads\FISH DATASET\FISH DATASET\proof_frames_fish_frames_200\fish3\fish3_frame006179_front_mask.png
fish3,6180,C:\Users\shain\Downloads\FISH DATASET\FISH DATASET\proof_frames_fish_frames_200\fish3\fish3_frame006180_top.jpg,C:\Users\shain\Downloads\FISH DATASET\FISH DATASET\proof_frames_fish_frames_200\fish3\fish3_frame006180_front.jpg,C:\Users\shain\Downloads\FISH DATASET\FISH DATASET\proof_frames_fish_frames_200\fish3\fish3_frame006180_top_mask.png,C:\Users\shain\Downloads\FISH DATASET\FISH DATASET\proof_frames_fish_frames_200\fish3\fish3_frame006180_front_mask.png
fish3,6181,C:\Users\shain\Downloads\FISH DATASET\FISH DATASET\proof_frames_fish_frames_200\fish3\fish3_frame006181_top.jpg,C:\Users\shain\Downloads\FISH DATASET\FISH DATASET\proof_frames_fish_frames_200\fish3\fish3_frame006181_front.jpg,C:\Users\shain\Downloads\FISH DATASET\FISH DATASET\proof_frames_fish_frames_200\fish3\fish3_frame006181_top_mask.png,C:\Users\shain\Downloads\FISH DATASET\FISH DATASET\proof_frames_fish_frames_200\fish3\fish3_frame006181_front_mask.png
fish3,6182,C:\Users\shain\Downloads\FISH DATASET\FISH DATASET\proof_frames_fish_frames_200\fish3\fish3_frame006182_top.jpg,C:\Users\shain\Downloads\FISH DATASET\FISH DATASET\proof_frames_fish_frames_200\fish3\fish3_frame006182_front.jpg,C:\Users\shain\Downloads\FISH DATASET\FISH DATASET\proof_frames_fish_frames_200\fish3\fish3_frame006182_top_mask.png,C:\Users\shain\Downloads\FISH DATASET\FISH DATASET\proof_frames_fish_frames_200\fish3\fish3_frame006182_front_mask.png
fish3,6184,C:\Users\shain\Downloads\FISH DATASET\FISH DATASET\proof_frames_fish_frames_200\fish3\fish3_frame006184_top.jpg,C:\Users\shain\Downloads\FISH DATASET\FISH DATASET\proof_frames_fish_frames_200\fish3\fish3_frame006184_front.jpg,C:\Users\shain\Downloads\FISH DATASET\FISH DATASET\proof_frames_fish_frames_200\fish3\fish3_frame006184_top_mask.png,C:\Users\shain\Downloads\FISH DATASET\FISH DATASET\proof_frames_fish_frames_200\fish3\fish3_frame006184_front_mask.png
fish3,6185,C:\Users\shain\Downloads\FISH DATASET\FISH DATASET\proof_frames_fish_frames_200\fish3\fish3_frame006185_top.jpg,C:\Users\shain\Downloads\FISH DATASET\FISH DATASET\proof_frames_fish_frames_200\fish3\fish3_frame006185_front.jpg,C:\Users\shain\Downloads\FISH DATASET\FISH DATASET\proof_frames_fish_frames_200\fish3\fish3_frame006185_top_mask.png,C:\Users\shain\Downloads\FISH DATASET\FISH DATASET\proof_frames_fish_frames_200\fish3\fish3_frame006185_front_mask.png
fish3,6188,C:\Users\shain\Downloads\FISH DATASET\FISH DATASET\proof_frames_fish_frames_200\fish3\fish3_frame006188_top.jpg,C:\Users\shain\Downloads\FISH DATASET\FISH DATASET\proof_frames_fish_frames_200\fish3\fish3_frame006188_front.jpg,C:\Users\shain\Downloads\FISH DATASET\FISH DATASET\proof_frames_fish_frames_200\fish3\fish3_frame006188_top_mask.png,C:\Users\shain\Downloads\FISH DATASET\FISH DATASET\proof_frames_fish_frames_200\fish3\fish3_frame006188_front_mask.png
fish4,1089,C:\Users\shain\Downloads\FISH DATASET\FISH DATASET\proof_frames_fish_frames_200\fish4\fish4_frame001089_top.jpg,C:\Users\shain\Downloads\FISH DATASET\FISH DATASET\proof_frames_fish_frames_200\fish4\fish4_frame001089_front.jpg,C:\Users\shain\Downloads\FISH DATASET\FISH DATASET\proof_frames_fish_frames_200\fish4\fish4_frame001089_top_mask.png,C:\Users\shain\Downloads\FISH DATASET\FISH DATASET\proof_frames_fish_frames_200\fish4\fish4_frame001089_front_mask.png
fish4,1090,C:\Users\shain\Downloads\FISH DATASET\FISH DATASET\proof_frames_fish_frames_200\fish4\fish4_frame001090_top.jpg,C:\Users\shain\Downloads\FISH DATASET\FISH DATASET\proof_frames_fish_frames_200\fish4\fish4_frame001090_front.jpg,C:\Users\shain\Downloads\FISH DATASET\FISH DATASET\proof_frames_fish_frames_200\fish4\fish4_frame001090_top_mask.png,C:\Users\shain\Downloads\FISH DATASET\FISH DATASET\proof_frames_fish_frames_200\fish4\fish4_frame001090_front_mask.png
fish4,1091,C:\Users\shain\Downloads\FISH DATASET\FISH DATASET\proof_frames_fish_frames_200\fish4\fish4_frame001091_top.jpg,C:\Users\shain\Downloads\FISH DATASET\FISH DATASET\proof_frames_fish_frames_200\fish4\fish4_frame001091_front.jpg,C:\Users\shain\Downloads\FISH DATASET\FISH DATASET\proof_frames_fish_frames_200\fish4\fish4_frame001091_top_mask.png,C:\Users\shain\Downloads\FISH DATASET\FISH DATASET\proof_frames_fish_frames_200\fish4\fish4_frame001091_front_mask.png
fish4,1092,C:\Users\shain\Downloads\FISH DATASET\FISH DATASET\proof_frames_fish_frames_200\fish4\fish4_frame001092_top.jpg,C:\Users\shain\Downloads\FISH DATASET\FISH DATASET\proof_frames_fish_frames_200\fish4\fish4_frame001092_front.jpg,C:\Users\shain\Downloads\FISH DATASET\FISH DATASET\proof_frames_fish_frames_200\fish4\fish4_frame001092_top_mask.png,C:\Users\shain\Downloads\FISH DATASET\FISH DATASET\proof_frames_fish_frames_200\fish4\fish4_frame001092_front_mask.png
fish4,1093,C:\Users\shain\Downloads\FISH DATASET\FISH DATASET\proof_frames_fish_frames_200\fish4\fish4_frame001093_top.jpg,C:\Users\shain\Downloads\FISH DATASET\FISH DATASET\proof_frames_fish_frames_200\fish4\fish4_frame001093_front.jpg,C:\Users\shain\Downloads\FISH DATASET\FISH DATASET\proof_frames_fish_frames_200\fish4\fish4_frame001093_top_mask.png,C:\Users\shain\Downloads\FISH DATASET\FISH DATASET\proof_frames_fish_frames_200\fish4\fish4_frame001093_front_mask.png
fish4,1094,C:\Users\shain\Downloads\FISH DATASET\FISH DATASET\proof_frames_fish_frames_200\fish4\fish4_frame001094_top.jpg,C:\Users\shain\Downloads\FISH DATASET\FISH DATASET\proof_frames_fish_frames_200\fish4\fish4_frame001094_front.jpg,C:\Users\shain\Downloads\FISH DATASET\FISH DATASET\proof_frames_fish_frames_200\fish4\fish4_frame001094_top_mask.png,C:\Users\shain\Downloads\FISH DATASET\FISH DATASET\proof_frames_fish_frames_200\fish4\fish4_frame001094_front_mask.png
fish4,1095,C:\Users\shain\Downloads\FISH DATASET\FISH DATASET\proof_frames_fish_frames_200\fish4\fish4_frame001095_top.jpg,C:\Users\shain\Downloads\FISH DATASET\FISH DATASET\proof_frames_fish_frames_200\fish4\fish4_frame001095_front.jpg,C:\Users\shain\Downloads\FISH DATASET\FISH DATASET\proof_frames_fish_frames_200\fish4\fish4_frame001095_top_mask.png,C:\Users\shain\Downloads\FISH DATASET\FISH DATASET\proof_frames_fish_frames_200\fish4\fish4_frame001095_front_mask.png
fish4,1096,C:\Users\shain\Downloads\FISH DATASET\FISH DATASET\proof_frames_fish_frames_200\fish4\fish4_frame001096_top.jpg,C:\Users\shain\Downloads\FISH DATASET\FISH DATASET\proof_frames_fish_frames_200\fish4\fish4_frame001096_front.jpg,C:\Users\shain\Downloads\FISH DATASET\FISH DATASET\proof_frames_fish_frames_200\fish4\fish4_frame001096_top_mask.png,C:\Users\shain\Downloads\FISH DATASET\FISH DATASET\proof_frames_fish_frames_200\fish4\fish4_frame001096_front_mask.png
fish4,1097,C:\Users\shain\Downloads\FISH DATASET\FISH DATASET\proof_frames_fish_frames_200\fish4\fish4_frame001097_top.jpg,C:\Users\shain\Downloads\FISH DATASET\FISH DATASET\proof_frames_fish_frames_200\fish4\fish4_frame001097_front.jpg,C:\Users\shain\Downloads\FISH DATASET\FISH DATASET\proof_frames_fish_frames_200\fish4\fish4_frame001097_top_mask.png,C:\Users\shain\Downloads\FISH DATASET\FISH DATASET\proof_frames_fish_frames_200\fish4\fish4_frame001097_front_mask.png
fish4,1098,C:\Users\shain\Downloads\FISH DATASET\FISH DATASET\proof_frames_fish_frames_200\fish4\fish4_frame001098_top.jpg,C:\Users\shain\Downloads\FISH DATASET\FISH DATASET\proof_frames_fish_frames_200\fish4\fish4_frame001098_front.jpg,C:\Users\shain\Downloads\FISH DATASET\FISH DATASET\proof_frames_fish_frames_200\fish4\fish4_frame001098_top_mask.png,C:\Users\shain\Downloads\FISH DATASET\FISH DATASET\proof_frames_fish_frames_200\fish4\fish4_frame001098_front_mask.png
fish4,1099,C:\Users\shain\Downloads\FISH DATASET\FISH DATASET\proof_frames_fish_frames_200\fish4\fish4_frame001099_top.jpg,C:\Users\shain\Downloads\FISH DATASET\FISH DATASET\proof_frames_fish_frames_200\fish4\fish4_frame001099_front.jpg,C:\Users\shain\Downloads\FISH DATASET\FISH DATASET\proof_frames_fish_frames_200\fish4\fish4_frame001099_top_mask.png,C:\Users\shain\Downloads\FISH DATASET\FISH DATASET\proof_frames_fish_frames_200\fish4\fish4_frame001099_front_mask.png
fish4,1100,C:\Users\shain\Downloads\FISH DATASET\FISH DATASET\proof_frames_fish_frames_200\fish4\fish4_frame001100_top.jpg,C:\Users\shain\Downloads\FISH DATASET\FISH DATASET\proof_frames_fish_frames_200\fish4\fish4_frame001100_front.jpg,C:\Users\shain\Downloads\FISH DATASET\FISH DATASET\proof_frames_fish_frames_200\fish4\fish4_frame001100_top_mask.png,C:\Users\shain\Downloads\FISH DATASET\FISH DATASET\proof_frames_fish_frames_200\fish4\fish4_frame001100_front_mask.png
fish4,1101,C:\Users\shain\Downloads\FISH DATASET\FISH DATASET\proof_frames_fish_frames_200\fish4\fish4_frame001101_top.jpg,C:\Users\shain\Downloads\FISH DATASET\FISH DATASET\proof_frames_fish_frames_200\fish4\fish4_frame001101_front.jpg,C:\Users\shain\Downloads\FISH DATASET\FISH DATASET\proof_frames_fish_frames_200\fish4\fish4_frame001101_top_mask.png,C:\Users\shain\Downloads\FISH DATASET\FISH DATASET\proof_frames_fish_frames_200\fish4\fish4_frame001101_front_mask.png
fish4,1102,C:\Users\shain\Downloads\FISH DATASET\FISH DATASET\proof_frames_fish_frames_200\fish4\fish4_frame001102_top.jpg,C:\Users\shain\Downloads\FISH DATASET\FISH DATASET\proof_frames_fish_frames_200\fish4\fish4_frame001102_front.jpg,C:\Users\shain\Downloads\FISH DATASET\FISH DATASET\proof_frames_fish_frames_200\fish4\fish4_frame001102_top_mask.png,C:\Users\shain\Downloads\FISH DATASET\FISH DATASET\proof_frames_fish_frames_200\fish4\fish4_frame001102_front_mask.png
fish4,1103,C:\Users\shain\Downloads\FISH DATASET\FISH DATASET\proof_frames_fish_frames_200\fish4\fish4_frame001103_top.jpg,C:\Users\shain\Downloads\FISH DATASET\FISH DATASET\proof_frames_fish_frames_200\fish4\fish4_frame001103_front.jpg,C:\Users\shain\Downloads\FISH DATASET\FISH DATASET\proof_frames_fish_frames_200\fish4\fish4_frame001103_top_mask.png,C:\Users\shain\Downloads\FISH DATASET\FISH DATASET\proof_frames_fish_frames_200\fish4\fish4_frame001103_front_mask.png
fish4,1104,C:\Users\shain\Downloads\FISH DATASET\FISH DATASET\proof_frames_fish_frames_200\fish4\fish4_frame001104_top.jpg,C:\Users\shain\Downloads\FISH DATASET\FISH DATASET\proof_frames_fish_frames_200\fish4\fish4_frame001104_front.jpg,C:\Users\shain\Downloads\FISH DATASET\FISH DATASET\proof_frames_fish_frames_200\fish4\fish4_frame001104_top_mask.png,C:\Users\shain\Downloads\FISH DATASET\FISH DATASET\proof_frames_fish_frames_200\fish4\fish4_frame001104_front_mask.png
fish4,1105,C:\Users\shain\Downloads\FISH DATASET\FISH DATASET\proof_frames_fish_frames_200\fish4\fish4_frame001105_top.jpg,C:\Users\shain\Downloads\FISH DATASET\FISH DATASET\proof_frames_fish_frames_200\fish4\fish4_frame001105_front.jpg,C:\Users\shain\Downloads\FISH DATASET\FISH DATASET\proof_frames_fish_frames_200\fish4\fish4_frame001105_top_mask.png,C:\Users\shain\Downloads\FISH DATASET\FISH DATASET\proof_frames_fish_frames_200\fish4\fish4_frame001105_front_mask.png
fish4,1106,C:\Users\shain\Downloads\FISH DATASET\FISH DATASET\proof_frames_fish_frames_200\fish4\fish4_frame001106_top.jpg,C:\Users\shain\Downloads\FISH DATASET\FISH DATASET\proof_frames_fish_frames_200\fish4\fish4_frame001106_front.jpg,C:\Users\shain\Downloads\FISH DATASET\FISH DATASET\proof_frames_fish_frames_200\fish4\fish4_frame001106_top_mask.png,C:\Users\shain\Downloads\FISH DATASET\FISH DATASET\proof_frames_fish_frames_200\fish4\fish4_frame001106_front_mask.png
fish4,1107,C:\Users\shain\Downloads\FISH DATASET\FISH DATASET\proof_frames_fish_frames_200\fish4\fish4_frame001107_top.jpg,C:\Users\shain\Downloads\FISH DATASET\FISH DATASET\proof_frames_fish_frames_200\fish4\fish4_frame001107_front.jpg,C:\Users\shain\Downloads\FISH DATASET\FISH DATASET\proof_frames_fish_frames_200\fish4\fish4_frame001107_top_mask.png,C:\Users\shain\Downloads\FISH DATASET\FISH DATASET\proof_frames_fish_frames_200\fish4\fish4_frame001107_front_mask.png
fish4,1108,C:\Users\shain\Downloads\FISH DATASET\FISH DATASET\proof_frames_fish_frames_200\fish4\fish4_frame001108_top.jpg,C:\Users\shain\Downloads\FISH DATASET\FISH DATASET\proof_frames_fish_frames_200\fish4\fish4_frame001108_front.jpg,C:\Users\shain\Downloads\FISH DATASET\FISH DATASET\proof_frames_fish_frames_200\fish4\fish4_frame001108_top_mask.png,C:\Users\shain\Downloads\FISH DATASET\FISH DATASET\proof_frames_fish_frames_200\fish4\fish4_frame001108_front_mask.png
fish4,1109,C:\Users\shain\Downloads\FISH DATASET\FISH DATASET\proof_frames_fish_frames_200\fish4\fish4_frame001109_top.jpg,C:\Users\shain\Downloads\FISH DATASET\FISH DATASET\proof_frames_fish_frames_200\fish4\fish4_frame001109_front.jpg,C:\Users\shain\Downloads\FISH DATASET\FISH DATASET\proof_frames_fish_frames_200\fish4\fish4_frame001109_top_mask.png,C:\Users\shain\Downloads\FISH DATASET\FISH DATASET\proof_frames_fish_frames_200\fish4\fish4_frame001109_front_mask.png
fish4,1110,C:\Users\shain\Downloads\FISH DATASET\FISH DATASET\proof_frames_fish_frames_200\fish4\fish4_frame001110_top.jpg,C:\Users\shain\Downloads\FISH DATASET\FISH DATASET\proof_frames_fish_frames_200\fish4\fish4_frame001110_front.jpg,C:\Users\shain\Downloads\FISH DATASET\FISH DATASET\proof_frames_fish_frames_200\fish4\fish4_frame001110_top_mask.png,C:\Users\shain\Downloads\FISH DATASET\FISH DATASET\proof_frames_fish_frames_200\fish4\fish4_frame001110_front_mask.png
fish4,1111,C:\Users\shain\Downloads\FISH DATASET\FISH DATASET\proof_frames_fish_frames_200\fish4\fish4_frame001111_top.jpg,C:\Users\shain\Downloads\FISH DATASET\FISH DATASET\proof_frames_fish_frames_200\fish4\fish4_frame001111_front.jpg,C:\Users\shain\Downloads\FISH DATASET\FISH DATASET\proof_frames_fish_frames_200\fish4\fish4_frame001111_top_mask.png,C:\Users\shain\Downloads\FISH DATASET\FISH DATASET\proof_frames_fish_frames_200\fish4\fish4_frame001111_front_mask.png
fish4,1112,C:\Users\shain\Downloads\FISH DATASET\FISH DATASET\proof_frames_fish_frames_200\fish4\fish4_frame001112_top.jpg,C:\Users\shain\Downloads\FISH DATASET\FISH DATASET\proof_frames_fish_frames_200\fish4\fish4_frame001112_front.jpg,C:\Users\shain\Downloads\FISH DATASET\FISH DATASET\proof_frames_fish_frames_200\fish4\fish4_frame001112_top_mask.png,C:\Users\shain\Downloads\FISH DATASET\FISH DATASET\proof_frames_fish_frames_200\fish4\fish4_frame001112_front_mask.png
fish4,1113,C:\Users\shain\Downloads\FISH DATASET\FISH DATASET\proof_frames_fish_frames_200\fish4\fish4_frame001113_top.jpg,C:\Users\shain\Downloads\FISH DATASET\FISH DATASET\proof_frames_fish_frames_200\fish4\fish4_frame001113_front.jpg,C:\Users\shain\Downloads\FISH DATASET\FISH DATASET\proof_frames_fish_frames_200\fish4\fish4_frame001113_top_mask.png,C:\Users\shain\Downloads\FISH DATASET\FISH DATASET\proof_frames_fish_frames_200\fish4\fish4_frame001113_front_mask.png
fish4,1114,C:\Users\shain\Downloads\FISH DATASET\FISH DATASET\proof_frames_fish_frames_200\fish4\fish4_frame001114_top.jpg,C:\Users\shain\Downloads\FISH DATASET\FISH DATASET\proof_frames_fish_frames_200\fish4\fish4_frame001114_front.jpg,C:\Users\shain\Downloads\FISH DATASET\FISH DATASET\proof_frames_fish_frames_200\fish4\fish4_frame001114_top_mask.png,C:\Users\shain\Downloads\FISH DATASET\FISH DATASET\proof_frames_fish_frames_200\fish4\fish4_frame001114_front_mask.png
fish4,1115,C:\Users\shain\Downloads\FISH DATASET\FISH DATASET\proof_frames_fish_frames_200\fish4\fish4_frame001115_top.jpg,C:\Users\shain\Downloads\FISH DATASET\FISH DATASET\proof_frames_fish_frames_200\fish4\fish4_frame001115_front.jpg,C:\Users\shain\Downloads\FISH DATASET\FISH DATASET\proof_frames_fish_frames_200\fish4\fish4_frame001115_top_mask.png,C:\Users\shain\Downloads\FISH DATASET\FISH DATASET\proof_frames_fish_frames_200\fish4\fish4_frame001115_front_mask.png
fish4,1116,C:\Users\shain\Downloads\FISH DATASET\FISH DATASET\proof_frames_fish_frames_200\fish4\fish4_frame001116_top.jpg,C:\Users\shain\Downloads\FISH DATASET\FISH DATASET\proof_frames_fish_frames_200\fish4\fish4_frame001116_front.jpg,C:\Users\shain\Downloads\FISH DATASET\FISH DATASET\proof_frames_fish_frames_200\fish4\fish4_frame001116_top_mask.png,C:\Users\shain\Downloads\FISH DATASET\FISH DATASET\proof_frames_fish_frames_200\fish4\fish4_frame001116_front_mask.png
fish4,1117,C:\Users\shain\Downloads\FISH DATASET\FISH DATASET\proof_frames_fish_frames_200\fish4\fish4_frame001117_top.jpg,C:\Users\shain\Downloads\FISH DATASET\FISH DATASET\proof_frames_fish_frames_200\fish4\fish4_frame001117_front.jpg,C:\Users\shain\Downloads\FISH DATASET\FISH DATASET\proof_frames_fish_frames_200\fish4\fish4_frame001117_top_mask.png,C:\Users\shain\Downloads\FISH DATASET\FISH DATASET\proof_frames_fish_frames_200\fish4\fish4_frame001117_front_mask.png
fish4,1118,C:\Users\shain\Downloads\FISH DATASET\FISH DATASET\proof_frames_fish_frames_200\fish4\fish4_frame001118_top.jpg,C:\Users\shain\Downloads\FISH DATASET\FISH DATASET\proof_frames_fish_frames_200\fish4\fish4_frame001118_front.jpg,C:\Users\shain\Downloads\FISH DATASET\FISH DATASET\proof_frames_fish_frames_200\fish4\fish4_frame001118_top_mask.png,C:\Users\shain\Downloads\FISH DATASET\FISH DATASET\proof_frames_fish_frames_200\fish4\fish4_frame001118_front_mask.png
fish4,1119,C:\Users\shain\Downloads\FISH DATASET\FISH DATASET\proof_frames_fish_frames_200\fish4\fish4_frame001119_top.jpg,C:\Users\shain\Downloads\FISH DATASET\FISH DATASET\proof_frames_fish_frames_200\fish4\fish4_frame001119_front.jpg,C:\Users\shain\Downloads\FISH DATASET\FISH DATASET\proof_frames_fish_frames_200\fish4\fish4_frame001119_top_mask.png,C:\Users\shain\Downloads\FISH DATASET\FISH DATASET\proof_frames_fish_frames_200\fish4\fish4_frame001119_front_mask.png
fish4,1120,C:\Users\shain\Downloads\FISH DATASET\FISH DATASET\proof_frames_fish_frames_200\fish4\fish4_frame001120_top.jpg,C:\Users\shain\Downloads\FISH DATASET\FISH DATASET\proof_frames_fish_frames_200\fish4\fish4_frame001120_front.jpg,C:\Users\shain\Downloads\FISH DATASET\FISH DATASET\proof_frames_fish_frames_200\fish4\fish4_frame001120_top_mask.png,C:\Users\shain\Downloads\FISH DATASET\FISH DATASET\proof_frames_fish_frames_200\fish4\fish4_frame001120_front_mask.png
fish4,1121,C:\Users\shain\Downloads\FISH DATASET\FISH DATASET\proof_frames_fish_frames_200\fish4\fish4_frame001121_top.jpg,C:\Users\shain\Downloads\FISH DATASET\FISH DATASET\proof_frames_fish_frames_200\fish4\fish4_frame001121_front.jpg,C:\Users\shain\Downloads\FISH DATASET\FISH DATASET\proof_frames_fish_frames_200\fish4\fish4_frame001121_top_mask.png,C:\Users\shain\Downloads\FISH DATASET\FISH DATASET\proof_frames_fish_frames_200\fish4\fish4_frame001121_front_mask.png
fish4,1122,C:\Users\shain\Downloads\FISH DATASET\FISH DATASET\proof_frames_fish_frames_200\fish4\fish4_frame001122_top.jpg,C:\Users\shain\Downloads\FISH DATASET\FISH DATASET\proof_frames_fish_frames_200\fish4\fish4_frame001122_front.jpg,C:\Users\shain\Downloads\FISH DATASET\FISH DATASET\proof_frames_fish_frames_200\fish4\fish4_frame001122_top_mask.png,C:\Users\shain\Downloads\FISH DATASET\FISH DATASET\proof_frames_fish_frames_200\fish4\fish4_frame001122_front_mask.png
fish4,1123,C:\Users\shain\Downloads\FISH DATASET\FISH DATASET\proof_frames_fish_frames_200\fish4\fish4_frame001123_top.jpg,C:\Users\shain\Downloads\FISH DATASET\FISH DATASET\proof_frames_fish_frames_200\fish4\fish4_frame001123_front.jpg,C:\Users\shain\Downloads\FISH DATASET\FISH DATASET\proof_frames_fish_frames_200\fish4\fish4_frame001123_top_mask.png,C:\Users\shain\Downloads\FISH DATASET\FISH DATASET\proof_frames_fish_frames_200\fish4\fish4_frame001123_front_mask.png
fish4,1124,C:\Users\shain\Downloads\FISH DATASET\FISH DATASET\proof_frames_fish_frames_200\fish4\fish4_frame001124_top.jpg,C:\Users\shain\Downloads\FISH DATASET\FISH DATASET\proof_frames_fish_frames_200\fish4\fish4_frame001124_front.jpg,C:\Users\shain\Downloads\FISH DATASET\FISH DATASET\proof_frames_fish_frames_200\fish4\fish4_frame001124_top_mask.png,C:\Users\shain\Downloads\FISH DATASET\FISH DATASET\proof_frames_fish_frames_200\fish4\fish4_frame001124_front_mask.png
fish4,1125,C:\Users\shain\Downloads\FISH DATASET\FISH DATASET\proof_frames_fish_frames_200\fish4\fish4_frame001125_top.jpg,C:\Users\shain\Downloads\FISH DATASET\FISH DATASET\proof_frames_fish_frames_200\fish4\fish4_frame001125_front.jpg,C:\Users\shain\Downloads\FISH DATASET\FISH DATASET\proof_frames_fish_frames_200\fish4\fish4_frame001125_top_mask.png,C:\Users\shain\Downloads\FISH DATASET\FISH DATASET\proof_frames_fish_frames_200\fish4\fish4_frame001125_front_mask.png
fish4,1126,C:\Users\shain\Downloads\FISH DATASET\FISH DATASET\proof_frames_fish_frames_200\fish4\fish4_frame001126_top.jpg,C:\Users\shain\Downloads\FISH DATASET\FISH DATASET\proof_frames_fish_frames_200\fish4\fish4_frame001126_front.jpg,C:\Users\shain\Downloads\FISH DATASET\FISH DATASET\proof_frames_fish_frames_200\fish4\fish4_frame001126_top_mask.png,C:\Users\shain\Downloads\FISH DATASET\FISH DATASET\proof_frames_fish_frames_200\fish4\fish4_frame001126_front_mask.png
fish4,1127,C:\Users\shain\Downloads\FISH DATASET\FISH DATASET\proof_frames_fish_frames_200\fish4\fish4_frame001127_top.jpg,C:\Users\shain\Downloads\FISH DATASET\FISH DATASET\proof_frames_fish_frames_200\fish4\fish4_frame001127_front.jpg,C:\Users\shain\Downloads\FISH DATASET\FISH DATASET\proof_frames_fish_frames_200\fish4\fish4_frame001127_top_mask.png,C:\Users\shain\Downloads\FISH DATASET\FISH DATASET\proof_frames_fish_frames_200\fish4\fish4_frame001127_front_mask.png
fish4,1128,C:\Users\shain\Downloads\FISH DATASET\FISH DATASET\proof_frames_fish_frames_200\fish4\fish4_frame001128_top.jpg,C:\Users\shain\Downloads\FISH DATASET\FISH DATASET\proof_frames_fish_frames_200\fish4\fish4_frame001128_front.jpg,C:\Users\shain\Downloads\FISH DATASET\FISH DATASET\proof_frames_fish_frames_200\fish4\fish4_frame001128_top_mask.png,C:\Users\shain\Downloads\FISH DATASET\FISH DATASET\proof_frames_fish_frames_200\fish4\fish4_frame001128_front_mask.png
fish4,1129,C:\Users\shain\Downloads\FISH DATASET\FISH DATASET\proof_frames_fish_frames_200\fish4\fish4_frame001129_top.jpg,C:\Users\shain\Downloads\FISH DATASET\FISH DATASET\proof_frames_fish_frames_200\fish4\fish4_frame001129_front.jpg,C:\Users\shain\Downloads\FISH DATASET\FISH DATASET\proof_frames_fish_frames_200\fish4\fish4_frame001129_top_mask.png,C:\Users\shain\Downloads\FISH DATASET\FISH DATASET\proof_frames_fish_frames_200\fish4\fish4_frame001129_front_mask.png
fish4,1130,C:\Users\shain\Downloads\FISH DATASET\FISH DATASET\proof_frames_fish_frames_200\fish4\fish4_frame001130_top.jpg,C:\Users\shain\Downloads\FISH DATASET\FISH DATASET\proof_frames_fish_frames_200\fish4\fish4_frame001130_front.jpg,C:\Users\shain\Downloads\FISH DATASET\FISH DATASET\proof_frames_fish_frames_200\fish4\fish4_frame001130_top_mask.png,C:\Users\shain\Downloads\FISH DATASET\FISH DATASET\proof_frames_fish_frames_200\fish4\fish4_frame001130_front_mask.png
fish4,1131,C:\Users\shain\Downloads\FISH DATASET\FISH DATASET\proof_frames_fish_frames_200\fish4\fish4_frame001131_top.jpg,C:\Users\shain\Downloads\FISH DATASET\FISH DATASET\proof_frames_fish_frames_200\fish4\fish4_frame001131_front.jpg,C:\Users\shain\Downloads\FISH DATASET\FISH DATASET\proof_frames_fish_frames_200\fish4\fish4_frame001131_top_mask.png,C:\Users\shain\Downloads\FISH DATASET\FISH DATASET\proof_frames_fish_frames_200\fish4\fish4_frame001131_front_mask.png
fish4,1132,C:\Users\shain\Downloads\FISH DATASET\FISH DATASET\proof_frames_fish_frames_200\fish4\fish4_frame001132_top.jpg,C:\Users\shain\Downloads\FISH DATASET\FISH DATASET\proof_frames_fish_frames_200\fish4\fish4_frame001132_front.jpg,C:\Users\shain\Downloads\FISH DATASET\FISH DATASET\proof_frames_fish_frames_200\fish4\fish4_frame001132_top_mask.png,C:\Users\shain\Downloads\FISH DATASET\FISH DATASET\proof_frames_fish_frames_200\fish4\fish4_frame001132_front_mask.png
fish4,1133,C:\Users\shain\Downloads\FISH DATASET\FISH DATASET\proof_frames_fish_frames_200\fish4\fish4_frame001133_top.jpg,C:\Users\shain\Downloads\FISH DATASET\FISH DATASET\proof_frames_fish_frames_200\fish4\fish4_frame001133_front.jpg,C:\Users\shain\Downloads\FISH DATASET\FISH DATASET\proof_frames_fish_frames_200\fish4\fish4_frame001133_top_mask.png,C:\Users\shain\Downloads\FISH DATASET\FISH DATASET\proof_frames_fish_frames_200\fish4\fish4_frame001133_front_mask.png
fish4,1134,C:\Users\shain\Downloads\FISH DATASET\FISH DATASET\proof_frames_fish_frames_200\fish4\fish4_frame001134_top.jpg,C:\Users\shain\Downloads\FISH DATASET\FISH DATASET\proof_frames_fish_frames_200\fish4\fish4_frame001134_front.jpg,C:\Users\shain\Downloads\FISH DATASET\FISH DATASET\proof_frames_fish_frames_200\fish4\fish4_frame001134_top_mask.png,C:\Users\shain\Downloads\FISH DATASET\FISH DATASET\proof_frames_fish_frames_200\fish4\fish4_frame001134_front_mask.png
fish4,1135,C:\Users\shain\Downloads\FISH DATASET\FISH DATASET\proof_frames_fish_frames_200\fish4\fish4_frame001135_top.jpg,C:\Users\shain\Downloads\FISH DATASET\FISH DATASET\proof_frames_fish_frames_200\fish4\fish4_frame001135_front.jpg,C:\Users\shain\Downloads\FISH DATASET\FISH DATASET\proof_frames_fish_frames_200\fish4\fish4_frame001135_top_mask.png,C:\Users\shain\Downloads\FISH DATASET\FISH DATASET\proof_frames_fish_frames_200\fish4\fish4_frame001135_front_mask.png
fish4,1136,C:\Users\shain\Downloads\FISH DATASET\FISH DATASET\proof_frames_fish_frames_200\fish4\fish4_frame001136_top.jpg,C:\Users\shain\Downloads\FISH DATASET\FISH DATASET\proof_frames_fish_frames_200\fish4\fish4_frame001136_front.jpg,C:\Users\shain\Downloads\FISH DATASET\FISH DATASET\proof_frames_fish_frames_200\fish4\fish4_frame001136_top_mask.png,C:\Users\shain\Downloads\FISH DATASET\FISH DATASET\proof_frames_fish_frames_200\fish4\fish4_frame001136_front_mask.png
fish4,1137,C:\Users\shain\Downloads\FISH DATASET\FISH DATASET\proof_frames_fish_frames_200\fish4\fish4_frame001137_top.jpg,C:\Users\shain\Downloads\FISH DATASET\FISH DATASET\proof_frames_fish_frames_200\fish4\fish4_frame001137_front.jpg,C:\Users\shain\Downloads\FISH DATASET\FISH DATASET\proof_frames_fish_frames_200\fish4\fish4_frame001137_top_mask.png,C:\Users\shain\Downloads\FISH DATASET\FISH DATASET\proof_frames_fish_frames_200\fish4\fish4_frame001137_front_mask.png
fish4,1138,C:\Users\shain\Downloads\FISH DATASET\FISH DATASET\proof_frames_fish_frames_200\fish4\fish4_frame001138_top.jpg,C:\Users\shain\Downloads\FISH DATASET\FISH DATASET\proof_frames_fish_frames_200\fish4\fish4_frame001138_front.jpg,C:\Users\shain\Downloads\FISH DATASET\FISH DATASET\proof_frames_fish_frames_200\fish4\fish4_frame001138_top_mask.png,C:\Users\shain\Downloads\FISH DATASET\FISH DATASET\proof_frames_fish_frames_200\fish4\fish4_frame001138_front_mask.png
fish4,1139,C:\Users\shain\Downloads\FISH DATASET\FISH DATASET\proof_frames_fish_frames_200\fish4\fish4_frame001139_top.jpg,C:\Users\shain\Downloads\FISH DATASET\FISH DATASET\proof_frames_fish_frames_200\fish4\fish4_frame001139_front.jpg,C:\Users\shain\Downloads\FISH DATASET\FISH DATASET\proof_frames_fish_frames_200\fish4\fish4_frame001139_top_mask.png,C:\Users\shain\Downloads\FISH DATASET\FISH DATASET\proof_frames_fish_frames_200\fish4\fish4_frame001139_front_mask.png
fish4,1140,C:\Users\shain\Downloads\FISH DATASET\FISH DATASET\proof_frames_fish_frames_200\fish4\fish4_frame001140_top.jpg,C:\Users\shain\Downloads\FISH DATASET\FISH DATASET\proof_frames_fish_frames_200\fish4\fish4_frame001140_front.jpg,C:\Users\shain\Downloads\FISH DATASET\FISH DATASET\proof_frames_fish_frames_200\fish4\fish4_frame001140_top_mask.png,C:\Users\shain\Downloads\FISH DATASET\FISH DATASET\proof_frames_fish_frames_200\fish4\fish4_frame001140_front_mask.png
fish4,1141,C:\Users\shain\Downloads\FISH DATASET\FISH DATASET\proof_frames_fish_frames_200\fish4\fish4_frame001141_top.jpg,C:\Users\shain\Downloads\FISH DATASET\FISH DATASET\proof_frames_fish_frames_200\fish4\fish4_frame001141_front.jpg,C:\Users\shain\Downloads\FISH DATASET\FISH DATASET\proof_frames_fish_frames_200\fish4\fish4_frame001141_top_mask.png,C:\Users\shain\Downloads\FISH DATASET\FISH DATASET\proof_frames_fish_frames_200\fish4\fish4_frame001141_front_mask.png
fish4,1142,C:\Users\shain\Downloads\FISH DATASET\FISH DATASET\proof_frames_fish_frames_200\fish4\fish4_frame001142_top.jpg,C:\Users\shain\Downloads\FISH DATASET\FISH DATASET\proof_frames_fish_frames_200\fish4\fish4_frame001142_front.jpg,C:\Users\shain\Downloads\FISH DATASET\FISH DATASET\proof_frames_fish_frames_200\fish4\fish4_frame001142_top_mask.png,C:\Users\shain\Downloads\FISH DATASET\FISH DATASET\proof_frames_fish_frames_200\fish4\fish4_frame001142_front_mask.png
fish4,1143,C:\Users\shain\Downloads\FISH DATASET\FISH DATASET\proof_frames_fish_frames_200\fish4\fish4_frame001143_top.jpg,C:\Users\shain\Downloads\FISH DATASET\FISH DATASET\proof_frames_fish_frames_200\fish4\fish4_frame001143_front.jpg,C:\Users\shain\Downloads\FISH DATASET\FISH DATASET\proof_frames_fish_frames_200\fish4\fish4_frame001143_top_mask.png,C:\Users\shain\Downloads\FISH DATASET\FISH DATASET\proof_frames_fish_frames_200\fish4\fish4_frame001143_front_mask.png
fish4,1144,C:\Users\shain\Downloads\FISH DATASET\FISH DATASET\proof_frames_fish_frames_200\fish4\fish4_frame001144_top.jpg,C:\Users\shain\Downloads\FISH DATASET\FISH DATASET\proof_frames_fish_frames_200\fish4\fish4_frame001144_front.jpg,C:\Users\shain\Downloads\FISH DATASET\FISH DATASET\proof_frames_fish_frames_200\fish4\fish4_frame001144_top_mask.png,C:\Users\shain\Downloads\FISH DATASET\FISH DATASET\proof_frames_fish_frames_200\fish4\fish4_frame001144_front_mask.png
fish4,1145,C:\Users\shain\Downloads\FISH DATASET\FISH DATASET\proof_frames_fish_frames_200\fish4\fish4_frame001145_top.jpg,C:\Users\shain\Downloads\FISH DATASET\FISH DATASET\proof_frames_fish_frames_200\fish4\fish4_frame001145_front.jpg,C:\Users\shain\Downloads\FISH DATASET\FISH DATASET\proof_frames_fish_frames_200\fish4\fish4_frame001145_top_mask.png,C:\Users\shain\Downloads\FISH DATASET\FISH DATASET\proof_frames_fish_frames_200\fish4\fish4_frame001145_front_mask.png
fish4,1146,C:\Users\shain\Downloads\FISH DATASET\FISH DATASET\proof_frames_fish_frames_200\fish4\fish4_frame001146_top.jpg,C:\Users\shain\Downloads\FISH DATASET\FISH DATASET\proof_frames_fish_frames_200\fish4\fish4_frame001146_front.jpg,C:\Users\shain\Downloads\FISH DATASET\FISH DATASET\proof_frames_fish_frames_200\fish4\fish4_frame001146_top_mask.png,C:\Users\shain\Downloads\FISH DATASET\FISH DATASET\proof_frames_fish_frames_200\fish4\fish4_frame001146_front_mask.png
fish4,1147,C:\Users\shain\Downloads\FISH DATASET\FISH DATASET\proof_frames_fish_frames_200\fish4\fish4_frame001147_top.jpg,C:\Users\shain\Downloads\FISH DATASET\FISH DATASET\proof_frames_fish_frames_200\fish4\fish4_frame001147_front.jpg,C:\Users\shain\Downloads\FISH DATASET\FISH DATASET\proof_frames_fish_frames_200\fish4\fish4_frame001147_top_mask.png,C:\Users\shain\Downloads\FISH DATASET\FISH DATASET\proof_frames_fish_frames_200\fish4\fish4_frame001147_front_mask.png
fish4,1148,C:\Users\shain\Downloads\FISH DATASET\FISH DATASET\proof_frames_fish_frames_200\fish4\fish4_frame001148_top.jpg,C:\Users\shain\Downloads\FISH DATASET\FISH DATASET\proof_frames_fish_frames_200\fish4\fish4_frame001148_front.jpg,C:\Users\shain\Downloads\FISH DATASET\FISH DATASET\proof_frames_fish_frames_200\fish4\fish4_frame001148_top_mask.png,C:\Users\shain\Downloads\FISH DATASET\FISH DATASET\proof_frames_fish_frames_200\fish4\fish4_frame001148_front_mask.png
fish4,1149,C:\Users\shain\Downloads\FISH DATASET\FISH DATASET\proof_frames_fish_frames_200\fish4\fish4_frame001149_top.jpg,C:\Users\shain\Downloads\FISH DATASET\FISH DATASET\proof_frames_fish_frames_200\fish4\fish4_frame001149_front.jpg,C:\Users\shain\Downloads\FISH DATASET\FISH DATASET\proof_frames_fish_frames_200\fish4\fish4_frame001149_top_mask.png,C:\Users\shain\Downloads\FISH DATASET\FISH DATASET\proof_frames_fish_frames_200\fish4\fish4_frame001149_front_mask.png
fish4,1150,C:\Users\shain\Downloads\FISH DATASET\FISH DATASET\proof_frames_fish_frames_200\fish4\fish4_frame001150_top.jpg,C:\Users\shain\Downloads\FISH DATASET\FISH DATASET\proof_frames_fish_frames_200\fish4\fish4_frame001150_front.jpg,C:\Users\shain\Downloads\FISH DATASET\FISH DATASET\proof_frames_fish_frames_200\fish4\fish4_frame001150_top_mask.png,C:\Users\shain\Downloads\FISH DATASET\FISH DATASET\proof_frames_fish_frames_200\fish4\fish4_frame001150_front_mask.png
fish4,1151,C:\Users\shain\Downloads\FISH DATASET\FISH DATASET\proof_frames_fish_frames_200\fish4\fish4_frame001151_top.jpg,C:\Users\shain\Downloads\FISH DATASET\FISH DATASET\proof_frames_fish_frames_200\fish4\fish4_frame001151_front.jpg,C:\Users\shain\Downloads\FISH DATASET\FISH DATASET\proof_frames_fish_frames_200\fish4\fish4_frame001151_top_mask.png,C:\Users\shain\Downloads\FISH DATASET\FISH DATASET\proof_frames_fish_frames_200\fish4\fish4_frame001151_front_mask.png
fish4,1152,C:\Users\shain\Downloads\FISH DATASET\FISH DATASET\proof_frames_fish_frames_200\fish4\fish4_frame001152_top.jpg,C:\Users\shain\Downloads\FISH DATASET\FISH DATASET\proof_frames_fish_frames_200\fish4\fish4_frame001152_front.jpg,C:\Users\shain\Downloads\FISH DATASET\FISH DATASET\proof_frames_fish_frames_200\fish4\fish4_frame001152_top_mask.png,C:\Users\shain\Downloads\FISH DATASET\FISH DATASET\proof_frames_fish_frames_200\fish4\fish4_frame001152_front_mask.png
fish4,1153,C:\Users\shain\Downloads\FISH DATASET\FISH DATASET\proof_frames_fish_frames_200\fish4\fish4_frame001153_top.jpg,C:\Users\shain\Downloads\FISH DATASET\FISH DATASET\proof_frames_fish_frames_200\fish4\fish4_frame001153_front.jpg,C:\Users\shain\Downloads\FISH DATASET\FISH DATASET\proof_frames_fish_frames_200\fish4\fish4_frame001153_top_mask.png,C:\Users\shain\Downloads\FISH DATASET\FISH DATASET\proof_frames_fish_frames_200\fish4\fish4_frame001153_front_mask.png
fish4,1154,C:\Users\shain\Downloads\FISH DATASET\FISH DATASET\proof_frames_fish_frames_200\fish4\fish4_frame001154_top.jpg,C:\Users\shain\Downloads\FISH DATASET\FISH DATASET\proof_frames_fish_frames_200\fish4\fish4_frame001154_front.jpg,C:\Users\shain\Downloads\FISH DATASET\FISH DATASET\proof_frames_fish_frames_200\fish4\fish4_frame001154_top_mask.png,C:\Users\shain\Downloads\FISH DATASET\FISH DATASET\proof_frames_fish_frames_200\fish4\fish4_frame001154_front_mask.png
fish4,1155,C:\Users\shain\Downloads\FISH DATASET\FISH DATASET\proof_frames_fish_frames_200\fish4\fish4_frame001155_top.jpg,C:\Users\shain\Downloads\FISH DATASET\FISH DATASET\proof_frames_fish_frames_200\fish4\fish4_frame001155_front.jpg,C:\Users\shain\Downloads\FISH DATASET\FISH DATASET\proof_frames_fish_frames_200\fish4\fish4_frame001155_top_mask.png,C:\Users\shain\Downloads\FISH DATASET\FISH DATASET\proof_frames_fish_frames_200\fish4\fish4_frame001155_front_mask.png
fish4,1156,C:\Users\shain\Downloads\FISH DATASET\FISH DATASET\proof_frames_fish_frames_200\fish4\fish4_frame001156_top.jpg,C:\Users\shain\Downloads\FISH DATASET\FISH DATASET\proof_frames_fish_frames_200\fish4\fish4_frame001156_front.jpg,C:\Users\shain\Downloads\FISH DATASET\FISH DATASET\proof_frames_fish_frames_200\fish4\fish4_frame001156_top_mask.png,C:\Users\shain\Downloads\FISH DATASET\FISH DATASET\proof_frames_fish_frames_200\fish4\fish4_frame001156_front_mask.png
fish4,1157,C:\Users\shain\Downloads\FISH DATASET\FISH DATASET\proof_frames_fish_frames_200\fish4\fish4_frame001157_top.jpg,C:\Users\shain\Downloads\FISH DATASET\FISH DATASET\proof_frames_fish_frames_200\fish4\fish4_frame001157_front.jpg,C:\Users\shain\Downloads\FISH DATASET\FISH DATASET\proof_frames_fish_frames_200\fish4\fish4_frame001157_top_mask.png,C:\Users\shain\Downloads\FISH DATASET\FISH DATASET\proof_frames_fish_frames_200\fish4\fish4_frame001157_front_mask.png
fish4,1158,C:\Users\shain\Downloads\FISH DATASET\FISH DATASET\proof_frames_fish_frames_200\fish4\fish4_frame001158_top.jpg,C:\Users\shain\Downloads\FISH DATASET\FISH DATASET\proof_frames_fish_frames_200\fish4\fish4_frame001158_front.jpg,C:\Users\shain\Downloads\FISH DATASET\FISH DATASET\proof_frames_fish_frames_200\fish4\fish4_frame001158_top_mask.png,C:\Users\shain\Downloads\FISH DATASET\FISH DATASET\proof_frames_fish_frames_200\fish4\fish4_frame001158_front_mask.png
fish4,1159,C:\Users\shain\Downloads\FISH DATASET\FISH DATASET\proof_frames_fish_frames_200\fish4\fish4_frame001159_top.jpg,C:\Users\shain\Downloads\FISH DATASET\FISH DATASET\proof_frames_fish_frames_200\fish4\fish4_frame001159_front.jpg,C:\Users\shain\Downloads\FISH DATASET\FISH DATASET\proof_frames_fish_frames_200\fish4\fish4_frame001159_top_mask.png,C:\Users\shain\Downloads\FISH DATASET\FISH DATASET\proof_frames_fish_frames_200\fish4\fish4_frame001159_front_mask.png
fish4,1160,C:\Users\shain\Downloads\FISH DATASET\FISH DATASET\proof_frames_fish_frames_200\fish4\fish4_frame001160_top.jpg,C:\Users\shain\Downloads\FISH DATASET\FISH DATASET\proof_frames_fish_frames_200\fish4\fish4_frame001160_front.jpg,C:\Users\shain\Downloads\FISH DATASET\FISH DATASET\proof_frames_fish_frames_200\fish4\fish4_frame001160_top_mask.png,C:\Users\shain\Downloads\FISH DATASET\FISH DATASET\proof_frames_fish_frames_200\fish4\fish4_frame001160_front_mask.png
fish4,1161,C:\Users\shain\Downloads\FISH DATASET\FISH DATASET\proof_frames_fish_frames_200\fish4\fish4_frame001161_top.jpg,C:\Users\shain\Downloads\FISH DATASET\FISH DATASET\proof_frames_fish_frames_200\fish4\fish4_frame001161_front.jpg,C:\Users\shain\Downloads\FISH DATASET\FISH DATASET\proof_frames_fish_frames_200\fish4\fish4_frame001161_top_mask.png,C:\Users\shain\Downloads\FISH DATASET\FISH DATASET\proof_frames_fish_frames_200\fish4\fish4_frame001161_front_mask.png
fish4,1162,C:\Users\shain\Downloads\FISH DATASET\FISH DATASET\proof_frames_fish_frames_200\fish4\fish4_frame001162_top.jpg,C:\Users\shain\Downloads\FISH DATASET\FISH DATASET\proof_frames_fish_frames_200\fish4\fish4_frame001162_front.jpg,C:\Users\shain\Downloads\FISH DATASET\FISH DATASET\proof_frames_fish_frames_200\fish4\fish4_frame001162_top_mask.png,C:\Users\shain\Downloads\FISH DATASET\FISH DATASET\proof_frames_fish_frames_200\fish4\fish4_frame001162_front_mask.png
fish4,1163,C:\Users\shain\Downloads\FISH DATASET\FISH DATASET\proof_frames_fish_frames_200\fish4\fish4_frame001163_top.jpg,C:\Users\shain\Downloads\FISH DATASET\FISH DATASET\proof_frames_fish_frames_200\fish4\fish4_frame001163_front.jpg,C:\Users\shain\Downloads\FISH DATASET\FISH DATASET\proof_frames_fish_frames_200\fish4\fish4_frame001163_top_mask.png,C:\Users\shain\Downloads\FISH DATASET\FISH DATASET\proof_frames_fish_frames_200\fish4\fish4_frame001163_front_mask.png
fish4,1164,C:\Users\shain\Downloads\FISH DATASET\FISH DATASET\proof_frames_fish_frames_200\fish4\fish4_frame001164_top.jpg,C:\Users\shain\Downloads\FISH DATASET\FISH DATASET\proof_frames_fish_frames_200\fish4\fish4_frame001164_front.jpg,C:\Users\shain\Downloads\FISH DATASET\FISH DATASET\proof_frames_fish_frames_200\fish4\fish4_frame001164_top_mask.png,C:\Users\shain\Downloads\FISH DATASET\FISH DATASET\proof_frames_fish_frames_200\fish4\fish4_frame001164_front_mask.png
fish4,1165,C:\Users\shain\Downloads\FISH DATASET\FISH DATASET\proof_frames_fish_frames_200\fish4\fish4_frame001165_top.jpg,C:\Users\shain\Downloads\FISH DATASET\FISH DATASET\proof_frames_fish_frames_200\fish4\fish4_frame001165_front.jpg,C:\Users\shain\Downloads\FISH DATASET\FISH DATASET\proof_frames_fish_frames_200\fish4\fish4_frame001165_top_mask.png,C:\Users\shain\Downloads\FISH DATASET\FISH DATASET\proof_frames_fish_frames_200\fish4\fish4_frame001165_front_mask.png
fish4,1166,C:\Users\shain\Downloads\FISH DATASET\FISH DATASET\proof_frames_fish_frames_200\fish4\fish4_frame001166_top.jpg,C:\Users\shain\Downloads\FISH DATASET\FISH DATASET\proof_frames_fish_frames_200\fish4\fish4_frame001166_front.jpg,C:\Users\shain\Downloads\FISH DATASET\FISH DATASET\proof_frames_fish_frames_200\fish4\fish4_frame001166_top_mask.png,C:\Users\shain\Downloads\FISH DATASET\FISH DATASET\proof_frames_fish_frames_200\fish4\fish4_frame001166_front_mask.png
fish4,1167,C:\Users\shain\Downloads\FISH DATASET\FISH DATASET\proof_frames_fish_frames_200\fish4\fish4_frame001167_top.jpg,C:\Users\shain\Downloads\FISH DATASET\FISH DATASET\proof_frames_fish_frames_200\fish4\fish4_frame001167_front.jpg,C:\Users\shain\Downloads\FISH DATASET\FISH DATASET\proof_frames_fish_frames_200\fish4\fish4_frame001167_top_mask.png,C:\Users\shain\Downloads\FISH DATASET\FISH DATASET\proof_frames_fish_frames_200\fish4\fish4_frame001167_front_mask.png
fish4,1168,C:\Users\shain\Downloads\FISH DATASET\FISH DATASET\proof_frames_fish_frames_200\fish4\fish4_frame001168_top.jpg,C:\Users\shain\Downloads\FISH DATASET\FISH DATASET\proof_frames_fish_frames_200\fish4\fish4_frame001168_front.jpg,C:\Users\shain\Downloads\FISH DATASET\FISH DATASET\proof_frames_fish_frames_200\fish4\fish4_frame001168_top_mask.png,C:\Users\shain\Downloads\FISH DATASET\FISH DATASET\proof_frames_fish_frames_200\fish4\fish4_frame001168_front_mask.png
fish4,1169,C:\Users\shain\Downloads\FISH DATASET\FISH DATASET\proof_frames_fish_frames_200\fish4\fish4_frame001169_top.jpg,C:\Users\shain\Downloads\FISH DATASET\FISH DATASET\proof_frames_fish_frames_200\fish4\fish4_frame001169_front.jpg,C:\Users\shain\Downloads\FISH DATASET\FISH DATASET\proof_frames_fish_frames_200\fish4\fish4_frame001169_top_mask.png,C:\Users\shain\Downloads\FISH DATASET\FISH DATASET\proof_frames_fish_frames_200\fish4\fish4_frame001169_front_mask.png
fish4,1171,C:\Users\shain\Downloads\FISH DATASET\FISH DATASET\proof_frames_fish_frames_200\fish4\fish4_frame001171_top.jpg,C:\Users\shain\Downloads\FISH DATASET\FISH DATASET\proof_frames_fish_frames_200\fish4\fish4_frame001171_front.jpg,C:\Users\shain\Downloads\FISH DATASET\FISH DATASET\proof_frames_fish_frames_200\fish4\fish4_frame001171_top_mask.png,C:\Users\shain\Downloads\FISH DATASET\FISH DATASET\proof_frames_fish_frames_200\fish4\fish4_frame001171_front_mask.png
fish4,1172,C:\Users\shain\Downloads\FISH DATASET\FISH DATASET\proof_frames_fish_frames_200\fish4\fish4_frame001172_top.jpg,C:\Users\shain\Downloads\FISH DATASET\FISH DATASET\proof_frames_fish_frames_200\fish4\fish4_frame001172_front.jpg,C:\Users\shain\Downloads\FISH DATASET\FISH DATASET\proof_frames_fish_frames_200\fish4\fish4_frame001172_top_mask.png,C:\Users\shain\Downloads\FISH DATASET\FISH DATASET\proof_frames_fish_frames_200\fish4\fish4_frame001172_front_mask.png
fish4,1173,C:\Users\shain\Downloads\FISH DATASET\FISH DATASET\proof_frames_fish_frames_200\fish4\fish4_frame001173_top.jpg,C:\Users\shain\Downloads\FISH DATASET\FISH DATASET\proof_frames_fish_frames_200\fish4\fish4_frame001173_front.jpg,C:\Users\shain\Downloads\FISH DATASET\FISH DATASET\proof_frames_fish_frames_200\fish4\fish4_frame001173_top_mask.png,C:\Users\shain\Downloads\FISH DATASET\FISH DATASET\proof_frames_fish_frames_200\fish4\fish4_frame001173_front_mask.png
fish4,1174,C:\Users\shain\Downloads\FISH DATASET\FISH DATASET\proof_frames_fish_frames_200\fish4\fish4_frame001174_top.jpg,C:\Users\shain\Downloads\FISH DATASET\FISH DATASET\proof_frames_fish_frames_200\fish4\fish4_frame001174_front.jpg,C:\Users\shain\Downloads\FISH DATASET\FISH DATASET\proof_frames_fish_frames_200\fish4\fish4_frame001174_top_mask.png,C:\Users\shain\Downloads\FISH DATASET\FISH DATASET\proof_frames_fish_frames_200\fish4\fish4_frame001174_front_mask.png
fish4,1175,C:\Users\shain\Downloads\FISH DATASET\FISH DATASET\proof_frames_fish_frames_200\fish4\fish4_frame001175_top.jpg,C:\Users\shain\Downloads\FISH DATASET\FISH DATASET\proof_frames_fish_frames_200\fish4\fish4_frame001175_front.jpg,C:\Users\shain\Downloads\FISH DATASET\FISH DATASET\proof_frames_fish_frames_200\fish4\fish4_frame001175_top_mask.png,C:\Users\shain\Downloads\FISH DATASET\FISH DATASET\proof_frames_fish_frames_200\fish4\fish4_frame001175_front_mask.png
fish4,1176,C:\Users\shain\Downloads\FISH DATASET\FISH DATASET\proof_frames_fish_frames_200\fish4\fish4_frame001176_top.jpg,C:\Users\shain\Downloads\FISH DATASET\FISH DATASET\proof_frames_fish_frames_200\fish4\fish4_frame001176_front.jpg,C:\Users\shain\Downloads\FISH DATASET\FISH DATASET\proof_frames_fish_frames_200\fish4\fish4_frame001176_top_mask.png,C:\Users\shain\Downloads\FISH DATASET\FISH DATASET\proof_frames_fish_frames_200\fish4\fish4_frame001176_front_mask.png
fish4,1177,C:\Users\shain\Downloads\FISH DATASET\FISH DATASET\proof_frames_fish_frames_200\fish4\fish4_frame001177_top.jpg,C:\Users\shain\Downloads\FISH DATASET\FISH DATASET\proof_frames_fish_frames_200\fish4\fish4_frame001177_front.jpg,C:\Users\shain\Downloads\FISH DATASET\FISH DATASET\proof_frames_fish_frames_200\fish4\fish4_frame001177_top_mask.png,C:\Users\shain\Downloads\FISH DATASET\FISH DATASET\proof_frames_fish_frames_200\fish4\fish4_frame001177_front_mask.png
fish4,1178,C:\Users\shain\Downloads\FISH DATASET\FISH DATASET\proof_frames_fish_frames_200\fish4\fish4_frame001178_top.jpg,C:\Users\shain\Downloads\FISH DATASET\FISH DATASET\proof_frames_fish_frames_200\fish4\fish4_frame001178_front.jpg,C:\Users\shain\Downloads\FISH DATASET\FISH DATASET\proof_frames_fish_frames_200\fish4\fish4_frame001178_top_mask.png,C:\Users\shain\Downloads\FISH DATASET\FISH DATASET\proof_frames_fish_frames_200\fish4\fish4_frame001178_front_mask.png
fish4,1179,C:\Users\shain\Downloads\FISH DATASET\FISH DATASET\proof_frames_fish_frames_200\fish4\fish4_frame001179_top.jpg,C:\Users\shain\Downloads\FISH DATASET\FISH DATASET\proof_frames_fish_frames_200\fish4\fish4_frame001179_front.jpg,C:\Users\shain\Downloads\FISH DATASET\FISH DATASET\proof_frames_fish_frames_200\fish4\fish4_frame001179_top_mask.png,C:\Users\shain\Downloads\FISH DATASET\FISH DATASET\proof_frames_fish_frames_200\fish4\fish4_frame001179_front_mask.png
fish4,1180,C:\Users\shain\Downloads\FISH DATASET\FISH DATASET\proof_frames_fish_frames_200\fish4\fish4_frame001180_top.jpg,C:\Users\shain\Downloads\FISH DATASET\FISH DATASET\proof_frames_fish_frames_200\fish4\fish4_frame001180_front.jpg,C:\Users\shain\Downloads\FISH DATASET\FISH DATASET\proof_frames_fish_frames_200\fish4\fish4_frame001180_top_mask.png,C:\Users\shain\Downloads\FISH DATASET\FISH DATASET\proof_frames_fish_frames_200\fish4\fish4_frame001180_front_mask.png
fish4,1181,C:\Users\shain\Downloads\FISH DATASET\FISH DATASET\proof_frames_fish_frames_200\fish4\fish4_frame001181_top.jpg,C:\Users\shain\Downloads\FISH DATASET\FISH DATASET\proof_frames_fish_frames_200\fish4\fish4_frame001181_front.jpg,C:\Users\shain\Downloads\FISH DATASET\FISH DATASET\proof_frames_fish_frames_200\fish4\fish4_frame001181_top_mask.png,C:\Users\shain\Downloads\FISH DATASET\FISH DATASET\proof_frames_fish_frames_200\fish4\fish4_frame001181_front_mask.png
fish4,1182,C:\Users\shain\Downloads\FISH DATASET\FISH DATASET\proof_frames_fish_frames_200\fish4\fish4_frame001182_top.jpg,C:\Users\shain\Downloads\FISH DATASET\FISH DATASET\proof_frames_fish_frames_200\fish4\fish4_frame001182_front.jpg,C:\Users\shain\Downloads\FISH DATASET\FISH DATASET\proof_frames_fish_frames_200\fish4\fish4_frame001182_top_mask.png,C:\Users\shain\Downloads\FISH DATASET\FISH DATASET\proof_frames_fish_frames_200\fish4\fish4_frame001182_front_mask.png
fish4,1183,C:\Users\shain\Downloads\FISH DATASET\FISH DATASET\proof_frames_fish_frames_200\fish4\fish4_frame001183_top.jpg,C:\Users\shain\Downloads\FISH DATASET\FISH DATASET\proof_frames_fish_frames_200\fish4\fish4_frame001183_front.jpg,C:\Users\shain\Downloads\FISH DATASET\FISH DATASET\proof_frames_fish_frames_200\fish4\fish4_frame001183_top_mask.png,C:\Users\shain\Downloads\FISH DATASET\FISH DATASET\proof_frames_fish_frames_200\fish4\fish4_frame001183_front_mask.png
fish4,1184,C:\Users\shain\Downloads\FISH DATASET\FISH DATASET\proof_frames_fish_frames_200\fish4\fish4_frame001184_top.jpg,C:\Users\shain\Downloads\FISH DATASET\FISH DATASET\proof_frames_fish_frames_200\fish4\fish4_frame001184_front.jpg,C:\Users\shain\Downloads\FISH DATASET\FISH DATASET\proof_frames_fish_frames_200\fish4\fish4_frame001184_top_mask.png,C:\Users\shain\Downloads\FISH DATASET\FISH DATASET\proof_frames_fish_frames_200\fish4\fish4_frame001184_front_mask.png
fish4,1185,C:\Users\shain\Downloads\FISH DATASET\FISH DATASET\proof_frames_fish_frames_200\fish4\fish4_frame001185_top.jpg,C:\Users\shain\Downloads\FISH DATASET\FISH DATASET\proof_frames_fish_frames_200\fish4\fish4_frame001185_front.jpg,C:\Users\shain\Downloads\FISH DATASET\FISH DATASET\proof_frames_fish_frames_200\fish4\fish4_frame001185_top_mask.png,C:\Users\shain\Downloads\FISH DATASET\FISH DATASET\proof_frames_fish_frames_200\fish4\fish4_frame001185_front_mask.png
fish4,1186,C:\Users\shain\Downloads\FISH DATASET\FISH DATASET\proof_frames_fish_frames_200\fish4\fish4_frame001186_top.jpg,C:\Users\shain\Downloads\FISH DATASET\FISH DATASET\proof_frames_fish_frames_200\fish4\fish4_frame001186_front.jpg,C:\Users\shain\Downloads\FISH DATASET\FISH DATASET\proof_frames_fish_frames_200\fish4\fish4_frame001186_top_mask.png,C:\Users\shain\Downloads\FISH DATASET\FISH DATASET\proof_frames_fish_frames_200\fish4\fish4_frame001186_front_mask.png
fish4,1187,C:\Users\shain\Downloads\FISH DATASET\FISH DATASET\proof_frames_fish_frames_200\fish4\fish4_frame001187_top.jpg,C:\Users\shain\Downloads\FISH DATASET\FISH DATASET\proof_frames_fish_frames_200\fish4\fish4_frame001187_front.jpg,C:\Users\shain\Downloads\FISH DATASET\FISH DATASET\proof_frames_fish_frames_200\fish4\fish4_frame001187_top_mask.png,C:\Users\shain\Downloads\FISH DATASET\FISH DATASET\proof_frames_fish_frames_200\fish4\fish4_frame001187_front_mask.png
fish4,1188,C:\Users\shain\Downloads\FISH DATASET\FISH DATASET\proof_frames_fish_frames_200\fish4\fish4_frame001188_top.jpg,C:\Users\shain\Downloads\FISH DATASET\FISH DATASET\proof_frames_fish_frames_200\fish4\fish4_frame001188_front.jpg,C:\Users\shain\Downloads\FISH DATASET\FISH DATASET\proof_frames_fish_frames_200\fish4\fish4_frame001188_top_mask.png,C:\Users\shain\Downloads\FISH DATASET\FISH DATASET\proof_frames_fish_frames_200\fish4\fish4_frame001188_front_mask.png
fish4,1189,C:\Users\shain\Downloads\FISH DATASET\FISH DATASET\proof_frames_fish_frames_200\fish4\fish4_frame001189_top.jpg,C:\Users\shain\Downloads\FISH DATASET\FISH DATASET\proof_frames_fish_frames_200\fish4\fish4_frame001189_front.jpg,C:\Users\shain\Downloads\FISH DATASET\FISH DATASET\proof_frames_fish_frames_200\fish4\fish4_frame001189_top_mask.png,C:\Users\shain\Downloads\FISH DATASET\FISH DATASET\proof_frames_fish_frames_200\fish4\fish4_frame001189_front_mask.png
fish4,1190,C:\Users\shain\Downloads\FISH DATASET\FISH DATASET\proof_frames_fish_frames_200\fish4\fish4_frame001190_top.jpg,C:\Users\shain\Downloads\FISH DATASET\FISH DATASET\proof_frames_fish_frames_200\fish4\fish4_frame001190_front.jpg,C:\Users\shain\Downloads\FISH DATASET\FISH DATASET\proof_frames_fish_frames_200\fish4\fish4_frame001190_top_mask.png,C:\Users\shain\Downloads\FISH DATASET\FISH DATASET\proof_frames_fish_frames_200\fish4\fish4_frame001190_front_mask.png
fish4,1191,C:\Users\shain\Downloads\FISH DATASET\FISH DATASET\proof_frames_fish_frames_200\fish4\fish4_frame001191_top.jpg,C:\Users\shain\Downloads\FISH DATASET\FISH DATASET\proof_frames_fish_frames_200\fish4\fish4_frame001191_front.jpg,C:\Users\shain\Downloads\FISH DATASET\FISH DATASET\proof_frames_fish_frames_200\fish4\fish4_frame001191_top_mask.png,C:\Users\shain\Downloads\FISH DATASET\FISH DATASET\proof_frames_fish_frames_200\fish4\fish4_frame001191_front_mask.png
fish4,1192,C:\Users\shain\Downloads\FISH DATASET\FISH DATASET\proof_frames_fish_frames_200\fish4\fish4_frame001192_top.jpg,C:\Users\shain\Downloads\FISH DATASET\FISH DATASET\proof_frames_fish_frames_200\fish4\fish4_frame001192_front.jpg,C:\Users\shain\Downloads\FISH DATASET\FISH DATASET\proof_frames_fish_frames_200\fish4\fish4_frame001192_top_mask.png,C:\Users\shain\Downloads\FISH DATASET\FISH DATASET\proof_frames_fish_frames_200\fish4\fish4_frame001192_front_mask.png
fish4,1193,C:\Users\shain\Downloads\FISH DATASET\FISH DATASET\proof_frames_fish_frames_200\fish4\fish4_frame001193_top.jpg,C:\Users\shain\Downloads\FISH DATASET\FISH DATASET\proof_frames_fish_frames_200\fish4\fish4_frame001193_front.jpg,C:\Users\shain\Downloads\FISH DATASET\FISH DATASET\proof_frames_fish_frames_200\fish4\fish4_frame001193_top_mask.png,C:\Users\shain\Downloads\FISH DATASET\FISH DATASET\proof_frames_fish_frames_200\fish4\fish4_frame001193_front_mask.png
fish4,1194,C:\Users\shain\Downloads\FISH DATASET\FISH DATASET\proof_frames_fish_frames_200\fish4\fish4_frame001194_top.jpg,C:\Users\shain\Downloads\FISH DATASET\FISH DATASET\proof_frames_fish_frames_200\fish4\fish4_frame001194_front.jpg,C:\Users\shain\Downloads\FISH DATASET\FISH DATASET\proof_frames_fish_frames_200\fish4\fish4_frame001194_top_mask.png,C:\Users\shain\Downloads\FISH DATASET\FISH DATASET\proof_frames_fish_frames_200\fish4\fish4_frame001194_front_mask.png
fish4,1195,C:\Users\shain\Downloads\FISH DATASET\FISH DATASET\proof_frames_fish_frames_200\fish4\fish4_frame001195_top.jpg,C:\Users\shain\Downloads\FISH DATASET\FISH DATASET\proof_frames_fish_frames_200\fish4\fish4_frame001195_front.jpg,C:\Users\shain\Downloads\FISH DATASET\FISH DATASET\proof_frames_fish_frames_200\fish4\fish4_frame001195_top_mask.png,C:\Users\shain\Downloads\FISH DATASET\FISH DATASET\proof_frames_fish_frames_200\fish4\fish4_frame001195_front_mask.png
fish4,1196,C:\Users\shain\Downloads\FISH DATASET\FISH DATASET\proof_frames_fish_frames_200\fish4\fish4_frame001196_top.jpg,C:\Users\shain\Downloads\FISH DATASET\FISH DATASET\proof_frames_fish_frames_200\fish4\fish4_frame001196_front.jpg,C:\Users\shain\Downloads\FISH DATASET\FISH DATASET\proof_frames_fish_frames_200\fish4\fish4_frame001196_top_mask.png,C:\Users\shain\Downloads\FISH DATASET\FISH DATASET\proof_frames_fish_frames_200\fish4\fish4_frame001196_front_mask.png
fish4,1197,C:\Users\shain\Downloads\FISH DATASET\FISH DATASET\proof_frames_fish_frames_200\fish4\fish4_frame001197_top.jpg,C:\Users\shain\Downloads\FISH DATASET\FISH DATASET\proof_frames_fish_frames_200\fish4\fish4_frame001197_front.jpg,C:\Users\shain\Downloads\FISH DATASET\FISH DATASET\proof_frames_fish_frames_200\fish4\fish4_frame001197_top_mask.png,C:\Users\shain\Downloads\FISH DATASET\FISH DATASET\proof_frames_fish_frames_200\fish4\fish4_frame001197_front_mask.png
fish4,1198,C:\Users\shain\Downloads\FISH DATASET\FISH DATASET\proof_frames_fish_frames_200\fish4\fish4_frame001198_top.jpg,C:\Users\shain\Downloads\FISH DATASET\FISH DATASET\proof_frames_fish_frames_200\fish4\fish4_frame001198_front.jpg,C:\Users\shain\Downloads\FISH DATASET\FISH DATASET\proof_frames_fish_frames_200\fish4\fish4_frame001198_top_mask.png,C:\Users\shain\Downloads\FISH DATASET\FISH DATASET\proof_frames_fish_frames_200\fish4\fish4_frame001198_front_mask.png
fish4,1199,C:\Users\shain\Downloads\FISH DATASET\FISH DATASET\proof_frames_fish_frames_200\fish4\fish4_frame001199_top.jpg,C:\Users\shain\Downloads\FISH DATASET\FISH DATASET\proof_frames_fish_frames_200\fish4\fish4_frame001199_front.jpg,C:\Users\shain\Downloads\FISH DATASET\FISH DATASET\proof_frames_fish_frames_200\fish4\fish4_frame001199_top_mask.png,C:\Users\shain\Downloads\FISH DATASET\FISH DATASET\proof_frames_fish_frames_200\fish4\fish4_frame001199_front_mask.png
fish4,1200,C:\Users\shain\Downloads\FISH DATASET\FISH DATASET\proof_frames_fish_frames_200\fish4\fish4_frame001200_top.jpg,C:\Users\shain\Downloads\FISH DATASET\FISH DATASET\proof_frames_fish_frames_200\fish4\fish4_frame001200_front.jpg,C:\Users\shain\Downloads\FISH DATASET\FISH DATASET\proof_frames_fish_frames_200\fish4\fish4_frame001200_top_mask.png,C:\Users\shain\Downloads\FISH DATASET\FISH DATASET\proof_frames_fish_frames_200\fish4\fish4_frame001200_front_mask.png
fish4,1201,C:\Users\shain\Downloads\FISH DATASET\FISH DATASET\proof_frames_fish_frames_200\fish4\fish4_frame001201_top.jpg,C:\Users\shain\Downloads\FISH DATASET\FISH DATASET\proof_frames_fish_frames_200\fish4\fish4_frame001201_front.jpg,C:\Users\shain\Downloads\FISH DATASET\FISH DATASET\proof_frames_fish_frames_200\fish4\fish4_frame001201_top_mask.png,C:\Users\shain\Downloads\FISH DATASET\FISH DATASET\proof_frames_fish_frames_200\fish4\fish4_frame001201_front_mask.png
fish4,1202,C:\Users\shain\Downloads\FISH DATASET\FISH DATASET\proof_frames_fish_frames_200\fish4\fish4_frame001202_top.jpg,C:\Users\shain\Downloads\FISH DATASET\FISH DATASET\proof_frames_fish_frames_200\fish4\fish4_frame001202_front.jpg,C:\Users\shain\Downloads\FISH DATASET\FISH DATASET\proof_frames_fish_frames_200\fish4\fish4_frame001202_top_mask.png,C:\Users\shain\Downloads\FISH DATASET\FISH DATASET\proof_frames_fish_frames_200\fish4\fish4_frame001202_front_mask.png
fish4,1203,C:\Users\shain\Downloads\FISH DATASET\FISH DATASET\proof_frames_fish_frames_200\fish4\fish4_frame001203_top.jpg,C:\Users\shain\Downloads\FISH DATASET\FISH DATASET\proof_frames_fish_frames_200\fish4\fish4_frame001203_front.jpg,C:\Users\shain\Downloads\FISH DATASET\FISH DATASET\proof_frames_fish_frames_200\fish4\fish4_frame001203_top_mask.png,C:\Users\shain\Downloads\FISH DATASET\FISH DATASET\proof_frames_fish_frames_200\fish4\fish4_frame001203_front_mask.png
fish4,1204,C:\Users\shain\Downloads\FISH DATASET\FISH DATASET\proof_frames_fish_frames_200\fish4\fish4_frame001204_top.jpg,C:\Users\shain\Downloads\FISH DATASET\FISH DATASET\proof_frames_fish_frames_200\fish4\fish4_frame001204_front.jpg,C:\Users\shain\Downloads\FISH DATASET\FISH DATASET\proof_frames_fish_frames_200\fish4\fish4_frame001204_top_mask.png,C:\Users\shain\Downloads\FISH DATASET\FISH DATASET\proof_frames_fish_frames_200\fish4\fish4_frame001204_front_mask.png
fish4,1205,C:\Users\shain\Downloads\FISH DATASET\FISH DATASET\proof_frames_fish_frames_200\fish4\fish4_frame001205_top.jpg,C:\Users\shain\Downloads\FISH DATASET\FISH DATASET\proof_frames_fish_frames_200\fish4\fish4_frame001205_front.jpg,C:\Users\shain\Downloads\FISH DATASET\FISH DATASET\proof_frames_fish_frames_200\fish4\fish4_frame001205_top_mask.png,C:\Users\shain\Downloads\FISH DATASET\FISH DATASET\proof_frames_fish_frames_200\fish4\fish4_frame001205_front_mask.png
fish4,1206,C:\Users\shain\Downloads\FISH DATASET\FISH DATASET\proof_frames_fish_frames_200\fish4\fish4_frame001206_top.jpg,C:\Users\shain\Downloads\FISH DATASET\FISH DATASET\proof_frames_fish_frames_200\fish4\fish4_frame001206_front.jpg,C:\Users\shain\Downloads\FISH DATASET\FISH DATASET\proof_frames_fish_frames_200\fish4\fish4_frame001206_top_mask.png,C:\Users\shain\Downloads\FISH DATASET\FISH DATASET\proof_frames_fish_frames_200\fish4\fish4_frame001206_front_mask.png
fish4,1207,C:\Users\shain\Downloads\FISH DATASET\FISH DATASET\proof_frames_fish_frames_200\fish4\fish4_frame001207_top.jpg,C:\Users\shain\Downloads\FISH DATASET\FISH DATASET\proof_frames_fish_frames_200\fish4\fish4_frame001207_front.jpg,C:\Users\shain\Downloads\FISH DATASET\FISH DATASET\proof_frames_fish_frames_200\fish4\fish4_frame001207_top_mask.png,C:\Users\shain\Downloads\FISH DATASET\FISH DATASET\proof_frames_fish_frames_200\fish4\fish4_frame001207_front_mask.png
fish4,1208,C:\Users\shain\Downloads\FISH DATASET\FISH DATASET\proof_frames_fish_frames_200\fish4\fish4_frame001208_top.jpg,C:\Users\shain\Downloads\FISH DATASET\FISH DATASET\proof_frames_fish_frames_200\fish4\fish4_frame001208_front.jpg,C:\Users\shain\Downloads\FISH DATASET\FISH DATASET\proof_frames_fish_frames_200\fish4\fish4_frame001208_top_mask.png,C:\Users\shain\Downloads\FISH DATASET\FISH DATASET\proof_frames_fish_frames_200\fish4\fish4_frame001208_front_mask.png
fish4,1209,C:\Users\shain\Downloads\FISH DATASET\FISH DATASET\proof_frames_fish_frames_200\fish4\fish4_frame001209_top.jpg,C:\Users\shain\Downloads\FISH DATASET\FISH DATASET\proof_frames_fish_frames_200\fish4\fish4_frame001209_front.jpg,C:\Users\shain\Downloads\FISH DATASET\FISH DATASET\proof_frames_fish_frames_200\fish4\fish4_frame001209_top_mask.png,C:\Users\shain\Downloads\FISH DATASET\FISH DATASET\proof_frames_fish_frames_200\fish4\fish4_frame001209_front_mask.png
fish4,1210,C:\Users\shain\Downloads\FISH DATASET\FISH DATASET\proof_frames_fish_frames_200\fish4\fish4_frame001210_top.jpg,C:\Users\shain\Downloads\FISH DATASET\FISH DATASET\proof_frames_fish_frames_200\fish4\fish4_frame001210_front.jpg,C:\Users\shain\Downloads\FISH DATASET\FISH DATASET\proof_frames_fish_frames_200\fish4\fish4_frame001210_top_mask.png,C:\Users\shain\Downloads\FISH DATASET\FISH DATASET\proof_frames_fish_frames_200\fish4\fish4_frame001210_front_mask.png
fish4,1211,C:\Users\shain\Downloads\FISH DATASET\FISH DATASET\proof_frames_fish_frames_200\fish4\fish4_frame001211_top.jpg,C:\Users\shain\Downloads\FISH DATASET\FISH DATASET\proof_frames_fish_frames_200\fish4\fish4_frame001211_front.jpg,C:\Users\shain\Downloads\FISH DATASET\FISH DATASET\proof_frames_fish_frames_200\fish4\fish4_frame001211_top_mask.png,C:\Users\shain\Downloads\FISH DATASET\FISH DATASET\proof_frames_fish_frames_200\fish4\fish4_frame001211_front_mask.png
fish4,1212,C:\Users\shain\Downloads\FISH DATASET\FISH DATASET\proof_frames_fish_frames_200\fish4\fish4_frame001212_top.jpg,C:\Users\shain\Downloads\FISH DATASET\FISH DATASET\proof_frames_fish_frames_200\fish4\fish4_frame001212_front.jpg,C:\Users\shain\Downloads\FISH DATASET\FISH DATASET\proof_frames_fish_frames_200\fish4\fish4_frame001212_top_mask.png,C:\Users\shain\Downloads\FISH DATASET\FISH DATASET\proof_frames_fish_frames_200\fish4\fish4_frame001212_front_mask.png
fish4,1213,C:\Users\shain\Downloads\FISH DATASET\FISH DATASET\proof_frames_fish_frames_200\fish4\fish4_frame001213_top.jpg,C:\Users\shain\Downloads\FISH DATASET\FISH DATASET\proof_frames_fish_frames_200\fish4\fish4_frame001213_front.jpg,C:\Users\shain\Downloads\FISH DATASET\FISH DATASET\proof_frames_fish_frames_200\fish4\fish4_frame001213_top_mask.png,C:\Users\shain\Downloads\FISH DATASET\FISH DATASET\proof_frames_fish_frames_200\fish4\fish4_frame001213_front_mask.png
fish4,1214,C:\Users\shain\Downloads\FISH DATASET\FISH DATASET\proof_frames_fish_frames_200\fish4\fish4_frame001214_top.jpg,C:\Users\shain\Downloads\FISH DATASET\FISH DATASET\proof_frames_fish_frames_200\fish4\fish4_frame001214_front.jpg,C:\Users\shain\Downloads\FISH DATASET\FISH DATASET\proof_frames_fish_frames_200\fish4\fish4_frame001214_top_mask.png,C:\Users\shain\Downloads\FISH DATASET\FISH DATASET\proof_frames_fish_frames_200\fish4\fish4_frame001214_front_mask.png
fish4,1215,C:\Users\shain\Downloads\FISH DATASET\FISH DATASET\proof_frames_fish_frames_200\fish4\fish4_frame001215_top.jpg,C:\Users\shain\Downloads\FISH DATASET\FISH DATASET\proof_frames_fish_frames_200\fish4\fish4_frame001215_front.jpg,C:\Users\shain\Downloads\FISH DATASET\FISH DATASET\proof_frames_fish_frames_200\fish4\fish4_frame001215_top_mask.png,C:\Users\shain\Downloads\FISH DATASET\FISH DATASET\proof_frames_fish_frames_200\fish4\fish4_frame001215_front_mask.png
fish4,1216,C:\Users\shain\Downloads\FISH DATASET\FISH DATASET\proof_frames_fish_frames_200\fish4\fish4_frame001216_top.jpg,C:\Users\shain\Downloads\FISH DATASET\FISH DATASET\proof_frames_fish_frames_200\fish4\fish4_frame001216_front.jpg,C:\Users\shain\Downloads\FISH DATASET\FISH DATASET\proof_frames_fish_frames_200\fish4\fish4_frame001216_top_mask.png,C:\Users\shain\Downloads\FISH DATASET\FISH DATASET\proof_frames_fish_frames_200\fish4\fish4_frame001216_front_mask.png
fish4,1217,C:\Users\shain\Downloads\FISH DATASET\FISH DATASET\proof_frames_fish_frames_200\fish4\fish4_frame001217_top.jpg,C:\Users\shain\Downloads\FISH DATASET\FISH DATASET\proof_frames_fish_frames_200\fish4\fish4_frame001217_front.jpg,C:\Users\shain\Downloads\FISH DATASET\FISH DATASET\proof_frames_fish_frames_200\fish4\fish4_frame001217_top_mask.png,C:\Users\shain\Downloads\FISH DATASET\FISH DATASET\proof_frames_fish_frames_200\fish4\fish4_frame001217_front_mask.png
fish4,1218,C:\Users\shain\Downloads\FISH DATASET\FISH DATASET\proof_frames_fish_frames_200\fish4\fish4_frame001218_top.jpg,C:\Users\shain\Downloads\FISH DATASET\FISH DATASET\proof_frames_fish_frames_200\fish4\fish4_frame001218_front.jpg,C:\Users\shain\Downloads\FISH DATASET\FISH DATASET\proof_frames_fish_frames_200\fish4\fish4_frame001218_top_mask.png,C:\Users\shain\Downloads\FISH DATASET\FISH DATASET\proof_frames_fish_frames_200\fish4\fish4_frame001218_front_mask.png
fish4,1219,C:\Users\shain\Downloads\FISH DATASET\FISH DATASET\proof_frames_fish_frames_200\fish4\fish4_frame001219_top.jpg,C:\Users\shain\Downloads\FISH DATASET\FISH DATASET\proof_frames_fish_frames_200\fish4\fish4_frame001219_front.jpg,C:\Users\shain\Downloads\FISH DATASET\FISH DATASET\proof_frames_fish_frames_200\fish4\fish4_frame001219_top_mask.png,C:\Users\shain\Downloads\FISH DATASET\FISH DATASET\proof_frames_fish_frames_200\fish4\fish4_frame001219_front_mask.png
fish4,1220,C:\Users\shain\Downloads\FISH DATASET\FISH DATASET\proof_frames_fish_frames_200\fish4\fish4_frame001220_top.jpg,C:\Users\shain\Downloads\FISH DATASET\FISH DATASET\proof_frames_fish_frames_200\fish4\fish4_frame001220_front.jpg,C:\Users\shain\Downloads\FISH DATASET\FISH DATASET\proof_frames_fish_frames_200\fish4\fish4_frame001220_top_mask.png,C:\Users\shain\Downloads\FISH DATASET\FISH DATASET\proof_frames_fish_frames_200\fish4\fish4_frame001220_front_mask.png
fish4,1221,C:\Users\shain\Downloads\FISH DATASET\FISH DATASET\proof_frames_fish_frames_200\fish4\fish4_frame001221_top.jpg,C:\Users\shain\Downloads\FISH DATASET\FISH DATASET\proof_frames_fish_frames_200\fish4\fish4_frame001221_front.jpg,C:\Users\shain\Downloads\FISH DATASET\FISH DATASET\proof_frames_fish_frames_200\fish4\fish4_frame001221_top_mask.png,C:\Users\shain\Downloads\FISH DATASET\FISH DATASET\proof_frames_fish_frames_200\fish4\fish4_frame001221_front_mask.png
fish4,1222,C:\Users\shain\Downloads\FISH DATASET\FISH DATASET\proof_frames_fish_frames_200\fish4\fish4_frame001222_top.jpg,C:\Users\shain\Downloads\FISH DATASET\FISH DATASET\proof_frames_fish_frames_200\fish4\fish4_frame001222_front.jpg,C:\Users\shain\Downloads\FISH DATASET\FISH DATASET\proof_frames_fish_frames_200\fish4\fish4_frame001222_top_mask.png,C:\Users\shain\Downloads\FISH DATASET\FISH DATASET\proof_frames_fish_frames_200\fish4\fish4_frame001222_front_mask.png
fish4,1223,C:\Users\shain\Downloads\FISH DATASET\FISH DATASET\proof_frames_fish_frames_200\fish4\fish4_frame001223_top.jpg,C:\Users\shain\Downloads\FISH DATASET\FISH DATASET\proof_frames_fish_frames_200\fish4\fish4_frame001223_front.jpg,C:\Users\shain\Downloads\FISH DATASET\FISH DATASET\proof_frames_fish_frames_200\fish4\fish4_frame001223_top_mask.png,C:\Users\shain\Downloads\FISH DATASET\FISH DATASET\proof_frames_fish_frames_200\fish4\fish4_frame001223_front_mask.png
fish4,1224,C:\Users\shain\Downloads\FISH DATASET\FISH DATASET\proof_frames_fish_frames_200\fish4\fish4_frame001224_top.jpg,C:\Users\shain\Downloads\FISH DATASET\FISH DATASET\proof_frames_fish_frames_200\fish4\fish4_frame001224_front.jpg,C:\Users\shain\Downloads\FISH DATASET\FISH DATASET\proof_frames_fish_frames_200\fish4\fish4_frame001224_top_mask.png,C:\Users\shain\Downloads\FISH DATASET\FISH DATASET\proof_frames_fish_frames_200\fish4\fish4_frame001224_front_mask.png
fish4,1225,C:\Users\shain\Downloads\FISH DATASET\FISH DATASET\proof_frames_fish_frames_200\fish4\fish4_frame001225_top.jpg,C:\Users\shain\Downloads\FISH DATASET\FISH DATASET\proof_frames_fish_frames_200\fish4\fish4_frame001225_front.jpg,C:\Users\shain\Downloads\FISH DATASET\FISH DATASET\proof_frames_fish_frames_200\fish4\fish4_frame001225_top_mask.png,C:\Users\shain\Downloads\FISH DATASET\FISH DATASET\proof_frames_fish_frames_200\fish4\fish4_frame001225_front_mask.png
fish4,1226,C:\Users\shain\Downloads\FISH DATASET\FISH DATASET\proof_frames_fish_frames_200\fish4\fish4_frame001226_top.jpg,C:\Users\shain\Downloads\FISH DATASET\FISH DATASET\proof_frames_fish_frames_200\fish4\fish4_frame001226_front.jpg,C:\Users\shain\Downloads\FISH DATASET\FISH DATASET\proof_frames_fish_frames_200\fish4\fish4_frame001226_top_mask.png,C:\Users\shain\Downloads\FISH DATASET\FISH DATASET\proof_frames_fish_frames_200\fish4\fish4_frame001226_front_mask.png
fish4,1227,C:\Users\shain\Downloads\FISH DATASET\FISH DATASET\proof_frames_fish_frames_200\fish4\fish4_frame001227_top.jpg,C:\Users\shain\Downloads\FISH DATASET\FISH DATASET\proof_frames_fish_frames_200\fish4\fish4_frame001227_front.jpg,C:\Users\shain\Downloads\FISH DATASET\FISH DATASET\proof_frames_fish_frames_200\fish4\fish4_frame001227_top_mask.png,C:\Users\shain\Downloads\FISH DATASET\FISH DATASET\proof_frames_fish_frames_200\fish4\fish4_frame001227_front_mask.png
fish4,1311,C:\Users\shain\Downloads\FISH DATASET\FISH DATASET\proof_frames_fish_frames_200\fish4\fish4_frame001311_top.jpg,C:\Users\shain\Downloads\FISH DATASET\FISH DATASET\proof_frames_fish_frames_200\fish4\fish4_frame001311_front.jpg,C:\Users\shain\Downloads\FISH DATASET\FISH DATASET\proof_frames_fish_frames_200\fish4\fish4_frame001311_top_mask.png,C:\Users\shain\Downloads\FISH DATASET\FISH DATASET\proof_frames_fish_frames_200\fish4\fish4_frame001311_front_mask.png
fish4,1312,C:\Users\shain\Downloads\FISH DATASET\FISH DATASET\proof_frames_fish_frames_200\fish4\fish4_frame001312_top.jpg,C:\Users\shain\Downloads\FISH DATASET\FISH DATASET\proof_frames_fish_frames_200\fish4\fish4_frame001312_front.jpg,C:\Users\shain\Downloads\FISH DATASET\FISH DATASET\proof_frames_fish_frames_200\fish4\fish4_frame001312_top_mask.png,C:\Users\shain\Downloads\FISH DATASET\FISH DATASET\proof_frames_fish_frames_200\fish4\fish4_frame001312_front_mask.png
fish4,1313,C:\Users\shain\Downloads\FISH DATASET\FISH DATASET\proof_frames_fish_frames_200\fish4\fish4_frame001313_top.jpg,C:\Users\shain\Downloads\FISH DATASET\FISH DATASET\proof_frames_fish_frames_200\fish4\fish4_frame001313_front.jpg,C:\Users\shain\Downloads\FISH DATASET\FISH DATASET\proof_frames_fish_frames_200\fish4\fish4_frame001313_top_mask.png,C:\Users\shain\Downloads\FISH DATASET\FISH DATASET\proof_frames_fish_frames_200\fish4\fish4_frame001313_front_mask.png
fish4,1314,C:\Users\shain\Downloads\FISH DATASET\FISH DATASET\proof_frames_fish_frames_200\fish4\fish4_frame001314_top.jpg,C:\Users\shain\Downloads\FISH DATASET\FISH DATASET\proof_frames_fish_frames_200\fish4\fish4_frame001314_front.jpg,C:\Users\shain\Downloads\FISH DATASET\FISH DATASET\proof_frames_fish_frames_200\fish4\fish4_frame001314_top_mask.png,C:\Users\shain\Downloads\FISH DATASET\FISH DATASET\proof_frames_fish_frames_200\fish4\fish4_frame001314_front_mask.png
fish4,1315,C:\Users\shain\Downloads\FISH DATASET\FISH DATASET\proof_frames_fish_frames_200\fish4\fish4_frame001315_top.jpg,C:\Users\shain\Downloads\FISH DATASET\FISH DATASET\proof_frames_fish_frames_200\fish4\fish4_frame001315_front.jpg,C:\Users\shain\Downloads\FISH DATASET\FISH DATASET\proof_frames_fish_frames_200\fish4\fish4_frame001315_top_mask.png,C:\Users\shain\Downloads\FISH DATASET\FISH DATASET\proof_frames_fish_frames_200\fish4\fish4_frame001315_front_mask.png
fish4,1316,C:\Users\shain\Downloads\FISH DATASET\FISH DATASET\proof_frames_fish_frames_200\fish4\fish4_frame001316_top.jpg,C:\Users\shain\Downloads\FISH DATASET\FISH DATASET\proof_frames_fish_frames_200\fish4\fish4_frame001316_front.jpg,C:\Users\shain\Downloads\FISH DATASET\FISH DATASET\proof_frames_fish_frames_200\fish4\fish4_frame001316_top_mask.png,C:\Users\shain\Downloads\FISH DATASET\FISH DATASET\proof_frames_fish_frames_200\fish4\fish4_frame001316_front_mask.png
fish4,1317,C:\Users\shain\Downloads\FISH DATASET\FISH DATASET\proof_frames_fish_frames_200\fish4\fish4_frame001317_top.jpg,C:\Users\shain\Downloads\FISH DATASET\FISH DATASET\proof_frames_fish_frames_200\fish4\fish4_frame001317_front.jpg,C:\Users\shain\Downloads\FISH DATASET\FISH DATASET\proof_frames_fish_frames_200\fish4\fish4_frame001317_top_mask.png,C:\Users\shain\Downloads\FISH DATASET\FISH DATASET\proof_frames_fish_frames_200\fish4\fish4_frame001317_front_mask.png
fish4,1318,C:\Users\shain\Downloads\FISH DATASET\FISH DATASET\proof_frames_fish_frames_200\fish4\fish4_frame001318_top.jpg,C:\Users\shain\Downloads\FISH DATASET\FISH DATASET\proof_frames_fish_frames_200\fish4\fish4_frame001318_front.jpg,C:\Users\shain\Downloads\FISH DATASET\FISH DATASET\proof_frames_fish_frames_200\fish4\fish4_frame001318_top_mask.png,C:\Users\shain\Downloads\FISH DATASET\FISH DATASET\proof_frames_fish_frames_200\fish4\fish4_frame001318_front_mask.png
fish4,1319,C:\Users\shain\Downloads\FISH DATASET\FISH DATASET\proof_frames_fish_frames_200\fish4\fish4_frame001319_top.jpg,C:\Users\shain\Downloads\FISH DATASET\FISH DATASET\proof_frames_fish_frames_200\fish4\fish4_frame001319_front.jpg,C:\Users\shain\Downloads\FISH DATASET\FISH DATASET\proof_frames_fish_frames_200\fish4\fish4_frame001319_top_mask.png,C:\Users\shain\Downloads\FISH DATASET\FISH DATASET\proof_frames_fish_frames_200\fish4\fish4_frame001319_front_mask.png
fish4,1320,C:\Users\shain\Downloads\FISH DATASET\FISH DATASET\proof_frames_fish_frames_200\fish4\fish4_frame001320_top.jpg,C:\Users\shain\Downloads\FISH DATASET\FISH DATASET\proof_frames_fish_frames_200\fish4\fish4_frame001320_front.jpg,C:\Users\shain\Downloads\FISH DATASET\FISH DATASET\proof_frames_fish_frames_200\fish4\fish4_frame001320_top_mask.png,C:\Users\shain\Downloads\FISH DATASET\FISH DATASET\proof_frames_fish_frames_200\fish4\fish4_frame001320_front_mask.png
fish4,1321,C:\Users\shain\Downloads\FISH DATASET\FISH DATASET\proof_frames_fish_frames_200\fish4\fish4_frame001321_top.jpg,C:\Users\shain\Downloads\FISH DATASET\FISH DATASET\proof_frames_fish_frames_200\fish4\fish4_frame001321_front.jpg,C:\Users\shain\Downloads\FISH DATASET\FISH DATASET\proof_frames_fish_frames_200\fish4\fish4_frame001321_top_mask.png,C:\Users\shain\Downloads\FISH DATASET\FISH DATASET\proof_frames_fish_frames_200\fish4\fish4_frame001321_front_mask.png
fish4,1322,C:\Users\shain\Downloads\FISH DATASET\FISH DATASET\proof_frames_fish_frames_200\fish4\fish4_frame001322_top.jpg,C:\Users\shain\Downloads\FISH DATASET\FISH DATASET\proof_frames_fish_frames_200\fish4\fish4_frame001322_front.jpg,C:\Users\shain\Downloads\FISH DATASET\FISH DATASET\proof_frames_fish_frames_200\fish4\fish4_frame001322_top_mask.png,C:\Users\shain\Downloads\FISH DATASET\FISH DATASET\proof_frames_fish_frames_200\fish4\fish4_frame001322_front_mask.png
fish4,1323,C:\Users\shain\Downloads\FISH DATASET\FISH DATASET\proof_frames_fish_frames_200\fish4\fish4_frame001323_top.jpg,C:\Users\shain\Downloads\FISH DATASET\FISH DATASET\proof_frames_fish_frames_200\fish4\fish4_frame001323_front.jpg,C:\Users\shain\Downloads\FISH DATASET\FISH DATASET\proof_frames_fish_frames_200\fish4\fish4_frame001323_top_mask.png,C:\Users\shain\Downloads\FISH DATASET\FISH DATASET\proof_frames_fish_frames_200\fish4\fish4_frame001323_front_mask.png
fish4,1324,C:\Users\shain\Downloads\FISH DATASET\FISH DATASET\proof_frames_fish_frames_200\fish4\fish4_frame001324_top.jpg,C:\Users\shain\Downloads\FISH DATASET\FISH DATASET\proof_frames_fish_frames_200\fish4\fish4_frame001324_front.jpg,C:\Users\shain\Downloads\FISH DATASET\FISH DATASET\proof_frames_fish_frames_200\fish4\fish4_frame001324_top_mask.png,C:\Users\shain\Downloads\FISH DATASET\FISH DATASET\proof_frames_fish_frames_200\fish4\fish4_frame001324_front_mask.png
fish4,1325,C:\Users\shain\Downloads\FISH DATASET\FISH DATASET\proof_frames_fish_frames_200\fish4\fish4_frame001325_top.jpg,C:\Users\shain\Downloads\FISH DATASET\FISH DATASET\proof_frames_fish_frames_200\fish4\fish4_frame001325_front.jpg,C:\Users\shain\Downloads\FISH DATASET\FISH DATASET\proof_frames_fish_frames_200\fish4\fish4_frame001325_top_mask.png,C:\Users\shain\Downloads\FISH DATASET\FISH DATASET\proof_frames_fish_frames_200\fish4\fish4_frame001325_front_mask.png
fish4,1326,C:\Users\shain\Downloads\FISH DATASET\FISH DATASET\proof_frames_fish_frames_200\fish4\fish4_frame001326_top.jpg,C:\Users\shain\Downloads\FISH DATASET\FISH DATASET\proof_frames_fish_frames_200\fish4\fish4_frame001326_front.jpg,C:\Users\shain\Downloads\FISH DATASET\FISH DATASET\proof_frames_fish_frames_200\fish4\fish4_frame001326_top_mask.png,C:\Users\shain\Downloads\FISH DATASET\FISH DATASET\proof_frames_fish_frames_200\fish4\fish4_frame001326_front_mask.png
fish4,1327,C:\Users\shain\Downloads\FISH DATASET\FISH DATASET\proof_frames_fish_frames_200\fish4\fish4_frame001327_top.jpg,C:\Users\shain\Downloads\FISH DATASET\FISH DATASET\proof_frames_fish_frames_200\fish4\fish4_frame001327_front.jpg,C:\Users\shain\Downloads\FISH DATASET\FISH DATASET\proof_frames_fish_frames_200\fish4\fish4_frame001327_top_mask.png,C:\Users\shain\Downloads\FISH DATASET\FISH DATASET\proof_frames_fish_frames_200\fish4\fish4_frame001327_front_mask.png
fish4,1328,C:\Users\shain\Downloads\FISH DATASET\FISH DATASET\proof_frames_fish_frames_200\fish4\fish4_frame001328_top.jpg,C:\Users\shain\Downloads\FISH DATASET\FISH DATASET\proof_frames_fish_frames_200\fish4\fish4_frame001328_front.jpg,C:\Users\shain\Downloads\FISH DATASET\FISH DATASET\proof_frames_fish_frames_200\fish4\fish4_frame001328_top_mask.png,C:\Users\shain\Downloads\FISH DATASET\FISH DATASET\proof_frames_fish_frames_200\fish4\fish4_frame001328_front_mask.png
fish4,1329,C:\Users\shain\Downloads\FISH DATASET\FISH DATASET\proof_frames_fish_frames_200\fish4\fish4_frame001329_top.jpg,C:\Users\shain\Downloads\FISH DATASET\FISH DATASET\proof_frames_fish_frames_200\fish4\fish4_frame001329_front.jpg,C:\Users\shain\Downloads\FISH DATASET\FISH DATASET\proof_frames_fish_frames_200\fish4\fish4_frame001329_top_mask.png,C:\Users\shain\Downloads\FISH DATASET\FISH DATASET\proof_frames_fish_frames_200\fish4\fish4_frame001329_front_mask.png
fish4,1330,C:\Users\shain\Downloads\FISH DATASET\FISH DATASET\proof_frames_fish_frames_200\fish4\fish4_frame001330_top.jpg,C:\Users\shain\Downloads\FISH DATASET\FISH DATASET\proof_frames_fish_frames_200\fish4\fish4_frame001330_front.jpg,C:\Users\shain\Downloads\FISH DATASET\FISH DATASET\proof_frames_fish_frames_200\fish4\fish4_frame001330_top_mask.png,C:\Users\shain\Downloads\FISH DATASET\FISH DATASET\proof_frames_fish_frames_200\fish4\fish4_frame001330_front_mask.png
fish4,1331,C:\Users\shain\Downloads\FISH DATASET\FISH DATASET\proof_frames_fish_frames_200\fish4\fish4_frame001331_top.jpg,C:\Users\shain\Downloads\FISH DATASET\FISH DATASET\proof_frames_fish_frames_200\fish4\fish4_frame001331_front.jpg,C:\Users\shain\Downloads\FISH DATASET\FISH DATASET\proof_frames_fish_frames_200\fish4\fish4_frame001331_top_mask.png,C:\Users\shain\Downloads\FISH DATASET\FISH DATASET\proof_frames_fish_frames_200\fish4\fish4_frame001331_front_mask.png
fish4,1332,C:\Users\shain\Downloads\FISH DATASET\FISH DATASET\proof_frames_fish_frames_200\fish4\fish4_frame001332_top.jpg,C:\Users\shain\Downloads\FISH DATASET\FISH DATASET\proof_frames_fish_frames_200\fish4\fish4_frame001332_front.jpg,C:\Users\shain\Downloads\FISH DATASET\FISH DATASET\proof_frames_fish_frames_200\fish4\fish4_frame001332_top_mask.png,C:\Users\shain\Downloads\FISH DATASET\FISH DATASET\proof_frames_fish_frames_200\fish4\fish4_frame001332_front_mask.png
fish4,1333,C:\Users\shain\Downloads\FISH DATASET\FISH DATASET\proof_frames_fish_frames_200\fish4\fish4_frame001333_top.jpg,C:\Users\shain\Downloads\FISH DATASET\FISH DATASET\proof_frames_fish_frames_200\fish4\fish4_frame001333_front.jpg,C:\Users\shain\Downloads\FISH DATASET\FISH DATASET\proof_frames_fish_frames_200\fish4\fish4_frame001333_top_mask.png,C:\Users\shain\Downloads\FISH DATASET\FISH DATASET\proof_frames_fish_frames_200\fish4\fish4_frame001333_front_mask.png
fish4,1334,C:\Users\shain\Downloads\FISH DATASET\FISH DATASET\proof_frames_fish_frames_200\fish4\fish4_frame001334_top.jpg,C:\Users\shain\Downloads\FISH DATASET\FISH DATASET\proof_frames_fish_frames_200\fish4\fish4_frame001334_front.jpg,C:\Users\shain\Downloads\FISH DATASET\FISH DATASET\proof_frames_fish_frames_200\fish4\fish4_frame001334_top_mask.png,C:\Users\shain\Downloads\FISH DATASET\FISH DATASET\proof_frames_fish_frames_200\fish4\fish4_frame001334_front_mask.png
fish4,1335,C:\Users\shain\Downloads\FISH DATASET\FISH DATASET\proof_frames_fish_frames_200\fish4\fish4_frame001335_top.jpg,C:\Users\shain\Downloads\FISH DATASET\FISH DATASET\proof_frames_fish_frames_200\fish4\fish4_frame001335_front.jpg,C:\Users\shain\Downloads\FISH DATASET\FISH DATASET\proof_frames_fish_frames_200\fish4\fish4_frame001335_top_mask.png,C:\Users\shain\Downloads\FISH DATASET\FISH DATASET\proof_frames_fish_frames_200\fish4\fish4_frame001335_front_mask.png
fish4,1336,C:\Users\shain\Downloads\FISH DATASET\FISH DATASET\proof_frames_fish_frames_200\fish4\fish4_frame001336_top.jpg,C:\Users\shain\Downloads\FISH DATASET\FISH DATASET\proof_frames_fish_frames_200\fish4\fish4_frame001336_front.jpg,C:\Users\shain\Downloads\FISH DATASET\FISH DATASET\proof_frames_fish_frames_200\fish4\fish4_frame001336_top_mask.png,C:\Users\shain\Downloads\FISH DATASET\FISH DATASET\proof_frames_fish_frames_200\fish4\fish4_frame001336_front_mask.png
fish4,1337,C:\Users\shain\Downloads\FISH DATASET\FISH DATASET\proof_frames_fish_frames_200\fish4\fish4_frame001337_top.jpg,C:\Users\shain\Downloads\FISH DATASET\FISH DATASET\proof_frames_fish_frames_200\fish4\fish4_frame001337_front.jpg,C:\Users\shain\Downloads\FISH DATASET\FISH DATASET\proof_frames_fish_frames_200\fish4\fish4_frame001337_top_mask.png,C:\Users\shain\Downloads\FISH DATASET\FISH DATASET\proof_frames_fish_frames_200\fish4\fish4_frame001337_front_mask.png
fish4,1338,C:\Users\shain\Downloads\FISH DATASET\FISH DATASET\proof_frames_fish_frames_200\fish4\fish4_frame001338_top.jpg,C:\Users\shain\Downloads\FISH DATASET\FISH DATASET\proof_frames_fish_frames_200\fish4\fish4_frame001338_front.jpg,C:\Users\shain\Downloads\FISH DATASET\FISH DATASET\proof_frames_fish_frames_200\fish4\fish4_frame001338_top_mask.png,C:\Users\shain\Downloads\FISH DATASET\FISH DATASET\proof_frames_fish_frames_200\fish4\fish4_frame001338_front_mask.png
fish4,1339,C:\Users\shain\Downloads\FISH DATASET\FISH DATASET\proof_frames_fish_frames_200\fish4\fish4_frame001339_top.jpg,C:\Users\shain\Downloads\FISH DATASET\FISH DATASET\proof_frames_fish_frames_200\fish4\fish4_frame001339_front.jpg,C:\Users\shain\Downloads\FISH DATASET\FISH DATASET\proof_frames_fish_frames_200\fish4\fish4_frame001339_top_mask.png,C:\Users\shain\Downloads\FISH DATASET\FISH DATASET\proof_frames_fish_frames_200\fish4\fish4_frame001339_front_mask.png
fish4,1340,C:\Users\shain\Downloads\FISH DATASET\FISH DATASET\proof_frames_fish_frames_200\fish4\fish4_frame001340_top.jpg,C:\Users\shain\Downloads\FISH DATASET\FISH DATASET\proof_frames_fish_frames_200\fish4\fish4_frame001340_front.jpg,C:\Users\shain\Downloads\FISH DATASET\FISH DATASET\proof_frames_fish_frames_200\fish4\fish4_frame001340_top_mask.png,C:\Users\shain\Downloads\FISH DATASET\FISH DATASET\proof_frames_fish_frames_200\fish4\fish4_frame001340_front_mask.png
fish4,1341,C:\Users\shain\Downloads\FISH DATASET\FISH DATASET\proof_frames_fish_frames_200\fish4\fish4_frame001341_top.jpg,C:\Users\shain\Downloads\FISH DATASET\FISH DATASET\proof_frames_fish_frames_200\fish4\fish4_frame001341_front.jpg,C:\Users\shain\Downloads\FISH DATASET\FISH DATASET\proof_frames_fish_frames_200\fish4\fish4_frame001341_top_mask.png,C:\Users\shain\Downloads\FISH DATASET\FISH DATASET\proof_frames_fish_frames_200\fish4\fish4_frame001341_front_mask.png
fish4,1343,C:\Users\shain\Downloads\FISH DATASET\FISH DATASET\proof_frames_fish_frames_200\fish4\fish4_frame001343_top.jpg,C:\Users\shain\Downloads\FISH DATASET\FISH DATASET\proof_frames_fish_frames_200\fish4\fish4_frame001343_front.jpg,C:\Users\shain\Downloads\FISH DATASET\FISH DATASET\proof_frames_fish_frames_200\fish4\fish4_frame001343_top_mask.png,C:\Users\shain\Downloads\FISH DATASET\FISH DATASET\proof_frames_fish_frames_200\fish4\fish4_frame001343_front_mask.png
fish4,1344,C:\Users\shain\Downloads\FISH DATASET\FISH DATASET\proof_frames_fish_frames_200\fish4\fish4_frame001344_top.jpg,C:\Users\shain\Downloads\FISH DATASET\FISH DATASET\proof_frames_fish_frames_200\fish4\fish4_frame001344_front.jpg,C:\Users\shain\Downloads\FISH DATASET\FISH DATASET\proof_frames_fish_frames_200\fish4\fish4_frame001344_top_mask.png,C:\Users\shain\Downloads\FISH DATASET\FISH DATASET\proof_frames_fish_frames_200\fish4\fish4_frame001344_front_mask.png
fish4,1345,C:\Users\shain\Downloads\FISH DATASET\FISH DATASET\proof_frames_fish_frames_200\fish4\fish4_frame001345_top.jpg,C:\Users\shain\Downloads\FISH DATASET\FISH DATASET\proof_frames_fish_frames_200\fish4\fish4_frame001345_front.jpg,C:\Users\shain\Downloads\FISH DATASET\FISH DATASET\proof_frames_fish_frames_200\fish4\fish4_frame001345_top_mask.png,C:\Users\shain\Downloads\FISH DATASET\FISH DATASET\proof_frames_fish_frames_200\fish4\fish4_frame001345_front_mask.png
fish4,1346,C:\Users\shain\Downloads\FISH DATASET\FISH DATASET\proof_frames_fish_frames_200\fish4\fish4_frame001346_top.jpg,C:\Users\shain\Downloads\FISH DATASET\FISH DATASET\proof_frames_fish_frames_200\fish4\fish4_frame001346_front.jpg,C:\Users\shain\Downloads\FISH DATASET\FISH DATASET\proof_frames_fish_frames_200\fish4\fish4_frame001346_top_mask.png,C:\Users\shain\Downloads\FISH DATASET\FISH DATASET\proof_frames_fish_frames_200\fish4\fish4_frame001346_front_mask.png
fish4,1347,C:\Users\shain\Downloads\FISH DATASET\FISH DATASET\proof_frames_fish_frames_200\fish4\fish4_frame001347_top.jpg,C:\Users\shain\Downloads\FISH DATASET\FISH DATASET\proof_frames_fish_frames_200\fish4\fish4_frame001347_front.jpg,C:\Users\shain\Downloads\FISH DATASET\FISH DATASET\proof_frames_fish_frames_200\fish4\fish4_frame001347_top_mask.png,C:\Users\shain\Downloads\FISH DATASET\FISH DATASET\proof_frames_fish_frames_200\fish4\fish4_frame001347_front_mask.png
fish4,1348,C:\Users\shain\Downloads\FISH DATASET\FISH DATASET\proof_frames_fish_frames_200\fish4\fish4_frame001348_top.jpg,C:\Users\shain\Downloads\FISH DATASET\FISH DATASET\proof_frames_fish_frames_200\fish4\fish4_frame001348_front.jpg,C:\Users\shain\Downloads\FISH DATASET\FISH DATASET\proof_frames_fish_frames_200\fish4\fish4_frame001348_top_mask.png,C:\Users\shain\Downloads\FISH DATASET\FISH DATASET\proof_frames_fish_frames_200\fish4\fish4_frame001348_front_mask.png
fish4,1349,C:\Users\shain\Downloads\FISH DATASET\FISH DATASET\proof_frames_fish_frames_200\fish4\fish4_frame001349_top.jpg,C:\Users\shain\Downloads\FISH DATASET\FISH DATASET\proof_frames_fish_frames_200\fish4\fish4_frame001349_front.jpg,C:\Users\shain\Downloads\FISH DATASET\FISH DATASET\proof_frames_fish_frames_200\fish4\fish4_frame001349_top_mask.png,C:\Users\shain\Downloads\FISH DATASET\FISH DATASET\proof_frames_fish_frames_200\fish4\fish4_frame001349_front_mask.png
fish4,1350,C:\Users\shain\Downloads\FISH DATASET\FISH DATASET\proof_frames_fish_frames_200\fish4\fish4_frame001350_top.jpg,C:\Users\shain\Downloads\FISH DATASET\FISH DATASET\proof_frames_fish_frames_200\fish4\fish4_frame001350_front.jpg,C:\Users\shain\Downloads\FISH DATASET\FISH DATASET\proof_frames_fish_frames_200\fish4\fish4_frame001350_top_mask.png,C:\Users\shain\Downloads\FISH DATASET\FISH DATASET\proof_frames_fish_frames_200\fish4\fish4_frame001350_front_mask.png
fish4,1351,C:\Users\shain\Downloads\FISH DATASET\FISH DATASET\proof_frames_fish_frames_200\fish4\fish4_frame001351_top.jpg,C:\Users\shain\Downloads\FISH DATASET\FISH DATASET\proof_frames_fish_frames_200\fish4\fish4_frame001351_front.jpg,C:\Users\shain\Downloads\FISH DATASET\FISH DATASET\proof_frames_fish_frames_200\fish4\fish4_frame001351_top_mask.png,C:\Users\shain\Downloads\FISH DATASET\FISH DATASET\proof_frames_fish_frames_200\fish4\fish4_frame001351_front_mask.png
fish4,1352,C:\Users\shain\Downloads\FISH DATASET\FISH DATASET\proof_frames_fish_frames_200\fish4\fish4_frame001352_top.jpg,C:\Users\shain\Downloads\FISH DATASET\FISH DATASET\proof_frames_fish_frames_200\fish4\fish4_frame001352_front.jpg,C:\Users\shain\Downloads\FISH DATASET\FISH DATASET\proof_frames_fish_frames_200\fish4\fish4_frame001352_top_mask.png,C:\Users\shain\Downloads\FISH DATASET\FISH DATASET\proof_frames_fish_frames_200\fish4\fish4_frame001352_front_mask.png
fish4,1353,C:\Users\shain\Downloads\FISH DATASET\FISH DATASET\proof_frames_fish_frames_200\fish4\fish4_frame001353_top.jpg,C:\Users\shain\Downloads\FISH DATASET\FISH DATASET\proof_frames_fish_frames_200\fish4\fish4_frame001353_front.jpg,C:\Users\shain\Downloads\FISH DATASET\FISH DATASET\proof_frames_fish_frames_200\fish4\fish4_frame001353_top_mask.png,C:\Users\shain\Downloads\FISH DATASET\FISH DATASET\proof_frames_fish_frames_200\fish4\fish4_frame001353_front_mask.png
fish4,1354,C:\Users\shain\Downloads\FISH DATASET\FISH DATASET\proof_frames_fish_frames_200\fish4\fish4_frame001354_top.jpg,C:\Users\shain\Downloads\FISH DATASET\FISH DATASET\proof_frames_fish_frames_200\fish4\fish4_frame001354_front.jpg,C:\Users\shain\Downloads\FISH DATASET\FISH DATASET\proof_frames_fish_frames_200\fish4\fish4_frame001354_top_mask.png,C:\Users\shain\Downloads\FISH DATASET\FISH DATASET\proof_frames_fish_frames_200\fish4\fish4_frame001354_front_mask.png
fish4,1355,C:\Users\shain\Downloads\FISH DATASET\FISH DATASET\proof_frames_fish_frames_200\fish4\fish4_frame001355_top.jpg,C:\Users\shain\Downloads\FISH DATASET\FISH DATASET\proof_frames_fish_frames_200\fish4\fish4_frame001355_front.jpg,C:\Users\shain\Downloads\FISH DATASET\FISH DATASET\proof_frames_fish_frames_200\fish4\fish4_frame001355_top_mask.png,C:\Users\shain\Downloads\FISH DATASET\FISH DATASET\proof_frames_fish_frames_200\fish4\fish4_frame001355_front_mask.png
fish4,1356,C:\Users\shain\Downloads\FISH DATASET\FISH DATASET\proof_frames_fish_frames_200\fish4\fish4_frame001356_top.jpg,C:\Users\shain\Downloads\FISH DATASET\FISH DATASET\proof_frames_fish_frames_200\fish4\fish4_frame001356_front.jpg,C:\Users\shain\Downloads\FISH DATASET\FISH DATASET\proof_frames_fish_frames_200\fish4\fish4_frame001356_top_mask.png,C:\Users\shain\Downloads\FISH DATASET\FISH DATASET\proof_frames_fish_frames_200\fish4\fish4_frame001356_front_mask.png
fish4,1357,C:\Users\shain\Downloads\FISH DATASET\FISH DATASET\proof_frames_fish_frames_200\fish4\fish4_frame001357_top.jpg,C:\Users\shain\Downloads\FISH DATASET\FISH DATASET\proof_frames_fish_frames_200\fish4\fish4_frame001357_front.jpg,C:\Users\shain\Downloads\FISH DATASET\FISH DATASET\proof_frames_fish_frames_200\fish4\fish4_frame001357_top_mask.png,C:\Users\shain\Downloads\FISH DATASET\FISH DATASET\proof_frames_fish_frames_200\fish4\fish4_frame001357_front_mask.png
fish4,1358,C:\Users\shain\Downloads\FISH DATASET\FISH DATASET\proof_frames_fish_frames_200\fish4\fish4_frame001358_top.jpg,C:\Users\shain\Downloads\FISH DATASET\FISH DATASET\proof_frames_fish_frames_200\fish4\fish4_frame001358_front.jpg,C:\Users\shain\Downloads\FISH DATASET\FISH DATASET\proof_frames_fish_frames_200\fish4\fish4_frame001358_top_mask.png,C:\Users\shain\Downloads\FISH DATASET\FISH DATASET\proof_frames_fish_frames_200\fish4\fish4_frame001358_front_mask.png
fish4,1359,C:\Users\shain\Downloads\FISH DATASET\FISH DATASET\proof_frames_fish_frames_200\fish4\fish4_frame001359_top.jpg,C:\Users\shain\Downloads\FISH DATASET\FISH DATASET\proof_frames_fish_frames_200\fish4\fish4_frame001359_front.jpg,C:\Users\shain\Downloads\FISH DATASET\FISH DATASET\proof_frames_fish_frames_200\fish4\fish4_frame001359_top_mask.png,C:\Users\shain\Downloads\FISH DATASET\FISH DATASET\proof_frames_fish_frames_200\fish4\fish4_frame001359_front_mask.png
fish4,1360,C:\Users\shain\Downloads\FISH DATASET\FISH DATASET\proof_frames_fish_frames_200\fish4\fish4_frame001360_top.jpg,C:\Users\shain\Downloads\FISH DATASET\FISH DATASET\proof_frames_fish_frames_200\fish4\fish4_frame001360_front.jpg,C:\Users\shain\Downloads\FISH DATASET\FISH DATASET\proof_frames_fish_frames_200\fish4\fish4_frame001360_top_mask.png,C:\Users\shain\Downloads\FISH DATASET\FISH DATASET\proof_frames_fish_frames_200\fish4\fish4_frame001360_front_mask.png
fish4,1361,C:\Users\shain\Downloads\FISH DATASET\FISH DATASET\proof_frames_fish_frames_200\fish4\fish4_frame001361_top.jpg,C:\Users\shain\Downloads\FISH DATASET\FISH DATASET\proof_frames_fish_frames_200\fish4\fish4_frame001361_front.jpg,C:\Users\shain\Downloads\FISH DATASET\FISH DATASET\proof_frames_fish_frames_200\fish4\fish4_frame001361_top_mask.png,C:\Users\shain\Downloads\FISH DATASET\FISH DATASET\proof_frames_fish_frames_200\fish4\fish4_frame001361_front_mask.png
fish4,1362,C:\Users\shain\Downloads\FISH DATASET\FISH DATASET\proof_frames_fish_frames_200\fish4\fish4_frame001362_top.jpg,C:\Users\shain\Downloads\FISH DATASET\FISH DATASET\proof_frames_fish_frames_200\fish4\fish4_frame001362_front.jpg,C:\Users\shain\Downloads\FISH DATASET\FISH DATASET\proof_frames_fish_frames_200\fish4\fish4_frame001362_top_mask.png,C:\Users\shain\Downloads\FISH DATASET\FISH DATASET\proof_frames_fish_frames_200\fish4\fish4_frame001362_front_mask.png
fish4,1363,C:\Users\shain\Downloads\FISH DATASET\FISH DATASET\proof_frames_fish_frames_200\fish4\fish4_frame001363_top.jpg,C:\Users\shain\Downloads\FISH DATASET\FISH DATASET\proof_frames_fish_frames_200\fish4\fish4_frame001363_front.jpg,C:\Users\shain\Downloads\FISH DATASET\FISH DATASET\proof_frames_fish_frames_200\fish4\fish4_frame001363_top_mask.png,C:\Users\shain\Downloads\FISH DATASET\FISH DATASET\proof_frames_fish_frames_200\fish4\fish4_frame001363_front_mask.png
fish4,1364,C:\Users\shain\Downloads\FISH DATASET\FISH DATASET\proof_frames_fish_frames_200\fish4\fish4_frame001364_top.jpg,C:\Users\shain\Downloads\FISH DATASET\FISH DATASET\proof_frames_fish_frames_200\fish4\fish4_frame001364_front.jpg,C:\Users\shain\Downloads\FISH DATASET\FISH DATASET\proof_frames_fish_frames_200\fish4\fish4_frame001364_top_mask.png,C:\Users\shain\Downloads\FISH DATASET\FISH DATASET\proof_frames_fish_frames_200\fish4\fish4_frame001364_front_mask.png
fish4,1365,C:\Users\shain\Downloads\FISH DATASET\FISH DATASET\proof_frames_fish_frames_200\fish4\fish4_frame001365_top.jpg,C:\Users\shain\Downloads\FISH DATASET\FISH DATASET\proof_frames_fish_frames_200\fish4\fish4_frame001365_front.jpg,C:\Users\shain\Downloads\FISH DATASET\FISH DATASET\proof_frames_fish_frames_200\fish4\fish4_frame001365_top_mask.png,C:\Users\shain\Downloads\FISH DATASET\FISH DATASET\proof_frames_fish_frames_200\fish4\fish4_frame001365_front_mask.png
fish4,1366,C:\Users\shain\Downloads\FISH DATASET\FISH DATASET\proof_frames_fish_frames_200\fish4\fish4_frame001366_top.jpg,C:\Users\shain\Downloads\FISH DATASET\FISH DATASET\proof_frames_fish_frames_200\fish4\fish4_frame001366_front.jpg,C:\Users\shain\Downloads\FISH DATASET\FISH DATASET\proof_frames_fish_frames_200\fish4\fish4_frame001366_top_mask.png,C:\Users\shain\Downloads\FISH DATASET\FISH DATASET\proof_frames_fish_frames_200\fish4\fish4_frame001366_front_mask.png
fish4,1371,C:\Users\shain\Downloads\FISH DATASET\FISH DATASET\proof_frames_fish_frames_200\fish4\fish4_frame001371_top.jpg,C:\Users\shain\Downloads\FISH DATASET\FISH DATASET\proof_frames_fish_frames_200\fish4\fish4_frame001371_front.jpg,C:\Users\shain\Downloads\FISH DATASET\FISH DATASET\proof_frames_fish_frames_200\fish4\fish4_frame001371_top_mask.png,C:\Users\shain\Downloads\FISH DATASET\FISH DATASET\proof_frames_fish_frames_200\fish4\fish4_frame001371_front_mask.png
fish4,1410,C:\Users\shain\Downloads\FISH DATASET\FISH DATASET\proof_frames_fish_frames_200\fish4\fish4_frame001410_top.jpg,C:\Users\shain\Downloads\FISH DATASET\FISH DATASET\proof_frames_fish_frames_200\fish4\fish4_frame001410_front.jpg,C:\Users\shain\Downloads\FISH DATASET\FISH DATASET\proof_frames_fish_frames_200\fish4\fish4_frame001410_top_mask.png,C:\Users\shain\Downloads\FISH DATASET\FISH DATASET\proof_frames_fish_frames_200\fish4\fish4_frame001410_front_mask.png
fish4,1411,C:\Users\shain\Downloads\FISH DATASET\FISH DATASET\proof_frames_fish_frames_200\fish4\fish4_frame001411_top.jpg,C:\Users\shain\Downloads\FISH DATASET\FISH DATASET\proof_frames_fish_frames_200\fish4\fish4_frame001411_front.jpg,C:\Users\shain\Downloads\FISH DATASET\FISH DATASET\proof_frames_fish_frames_200\fish4\fish4_frame001411_top_mask.png,C:\Users\shain\Downloads\FISH DATASET\FISH DATASET\proof_frames_fish_frames_200\fish4\fish4_frame001411_front_mask.png
fish4,1424,C:\Users\shain\Downloads\FISH DATASET\FISH DATASET\proof_frames_fish_frames_200\fish4\fish4_frame001424_top.jpg,C:\Users\shain\Downloads\FISH DATASET\FISH DATASET\proof_frames_fish_frames_200\fish4\fish4_frame001424_front.jpg,C:\Users\shain\Downloads\FISH DATASET\FISH DATASET\proof_frames_fish_frames_200\fish4\fish4_frame001424_top_mask.png,C:\Users\shain\Downloads\FISH DATASET\FISH DATASET\proof_frames_fish_frames_200\fish4\fish4_frame001424_front_mask.png
fish4,2913,C:\Users\shain\Downloads\FISH DATASET\FISH DATASET\proof_frames_fish_frames_200\fish4\fish4_frame002913_top.jpg,C:\Users\shain\Downloads\FISH DATASET\FISH DATASET\proof_frames_fish_frames_200\fish4\fish4_frame002913_front.jpg,C:\Users\shain\Downloads\FISH DATASET\FISH DATASET\proof_frames_fish_frames_200\fish4\fish4_frame002913_top_mask.png,C:\Users\shain\Downloads\FISH DATASET\FISH DATASET\proof_frames_fish_frames_200\fish4\fish4_frame002913_front_mask.png
fish4,4444,C:\Users\shain\Downloads\FISH DATASET\FISH DATASET\proof_frames_fish_frames_200\fish4\fish4_frame004444_top.jpg,C:\Users\shain\Downloads\FISH DATASET\FISH DATASET\proof_frames_fish_frames_200\fish4\fish4_frame004444_front.jpg,C:\Users\shain\Downloads\FISH DATASET\FISH DATASET\proof_frames_fish_frames_200\fish4\fish4_frame004444_top_mask.png,C:\Users\shain\Downloads\FISH DATASET\FISH DATASET\proof_frames_fish_frames_200\fish4\fish4_frame004444_front_mask.png
fish4,4445,C:\Users\shain\Downloads\FISH DATASET\FISH DATASET\proof_frames_fish_frames_200\fish4\fish4_frame004445_top.jpg,C:\Users\shain\Downloads\FISH DATASET\FISH DATASET\proof_frames_fish_frames_200\fish4\fish4_frame004445_front.jpg,C:\Users\shain\Downloads\FISH DATASET\FISH DATASET\proof_frames_fish_frames_200\fish4\fish4_frame004445_top_mask.png,C:\Users\shain\Downloads\FISH DATASET\FISH DATASET\proof_frames_fish_frames_200\fish4\fish4_frame004445_front_mask.png
fish5,1502,C:\Users\shain\Downloads\FISH DATASET\FISH DATASET\proof_frames_fish_frames_200\fish5\fish5_frame001502_top.jpg,C:\Users\shain\Downloads\FISH DATASET\FISH DATASET\proof_frames_fish_frames_200\fish5\fish5_frame001502_front.jpg,C:\Users\shain\Downloads\FISH DATASET\FISH DATASET\proof_frames_fish_frames_200\fish5\fish5_frame001502_top_mask.png,C:\Users\shain\Downloads\FISH DATASET\FISH DATASET\proof_frames_fish_frames_200\fish5\fish5_frame001502_front_mask.png
fish5,1503,C:\Users\shain\Downloads\FISH DATASET\FISH DATASET\proof_frames_fish_frames_200\fish5\fish5_frame001503_top.jpg,C:\Users\shain\Downloads\FISH DATASET\FISH DATASET\proof_frames_fish_frames_200\fish5\fish5_frame001503_front.jpg,C:\Users\shain\Downloads\FISH DATASET\FISH DATASET\proof_frames_fish_frames_200\fish5\fish5_frame001503_top_mask.png,C:\Users\shain\Downloads\FISH DATASET\FISH DATASET\proof_frames_fish_frames_200\fish5\fish5_frame001503_front_mask.png
fish5,1504,C:\Users\shain\Downloads\FISH DATASET\FISH DATASET\proof_frames_fish_frames_200\fish5\fish5_frame001504_top.jpg,C:\Users\shain\Downloads\FISH DATASET\FISH DATASET\proof_frames_fish_frames_200\fish5\fish5_frame001504_front.jpg,C:\Users\shain\Downloads\FISH DATASET\FISH DATASET\proof_frames_fish_frames_200\fish5\fish5_frame001504_top_mask.png,C:\Users\shain\Downloads\FISH DATASET\FISH DATASET\proof_frames_fish_frames_200\fish5\fish5_frame001504_front_mask.png
fish5,1505,C:\Users\shain\Downloads\FISH DATASET\FISH DATASET\proof_frames_fish_frames_200\fish5\fish5_frame001505_top.jpg,C:\Users\shain\Downloads\FISH DATASET\FISH DATASET\proof_frames_fish_frames_200\fish5\fish5_frame001505_front.jpg,C:\Users\shain\Downloads\FISH DATASET\FISH DATASET\proof_frames_fish_frames_200\fish5\fish5_frame001505_top_mask.png,C:\Users\shain\Downloads\FISH DATASET\FISH DATASET\proof_frames_fish_frames_200\fish5\fish5_frame001505_front_mask.png
fish5,3790,C:\Users\shain\Downloads\FISH DATASET\FISH DATASET\proof_frames_fish_frames_200\fish5\fish5_frame003790_top.jpg,C:\Users\shain\Downloads\FISH DATASET\FISH DATASET\proof_frames_fish_frames_200\fish5\fish5_frame003790_front.jpg,C:\Users\shain\Downloads\FISH DATASET\FISH DATASET\proof_frames_fish_frames_200\fish5\fish5_frame003790_top_mask.png,C:\Users\shain\Downloads\FISH DATASET\FISH DATASET\proof_frames_fish_frames_200\fish5\fish5_frame003790_front_mask.png
fish5,3791,C:\Users\shain\Downloads\FISH DATASET\FISH DATASET\proof_frames_fish_frames_200\fish5\fish5_frame003791_top.jpg,C:\Users\shain\Downloads\FISH DATASET\FISH DATASET\proof_frames_fish_frames_200\fish5\fish5_frame003791_front.jpg,C:\Users\shain\Downloads\FISH DATASET\FISH DATASET\proof_frames_fish_frames_200\fish5\fish5_frame003791_top_mask.png,C:\Users\shain\Downloads\FISH DATASET\FISH DATASET\proof_frames_fish_frames_200\fish5\fish5_frame003791_front_mask.png
fish5,3799,C:\Users\shain\Downloads\FISH DATASET\FISH DATASET\proof_frames_fish_frames_200\fish5\fish5_frame003799_top.jpg,C:\Users\shain\Downloads\FISH DATASET\FISH DATASET\proof_frames_fish_frames_200\fish5\fish5_frame003799_front.jpg,C:\Users\shain\Downloads\FISH DATASET\FISH DATASET\proof_frames_fish_frames_200\fish5\fish5_frame003799_top_mask.png,C:\Users\shain\Downloads\FISH DATASET\FISH DATASET\proof_frames_fish_frames_200\fish5\fish5_frame003799_front_mask.png
fish5,3800,C:\Users\shain\Downloads\FISH DATASET\FISH DATASET\proof_frames_fish_frames_200\fish5\fish5_frame003800_top.jpg,C:\Users\shain\Downloads\FISH DATASET\FISH DATASET\proof_frames_fish_frames_200\fish5\fish5_frame003800_front.jpg,C:\Users\shain\Downloads\FISH DATASET\FISH DATASET\proof_frames_fish_frames_200\fish5\fish5_frame003800_top_mask.png,C:\Users\shain\Downloads\FISH DATASET\FISH DATASET\proof_frames_fish_frames_200\fish5\fish5_frame003800_front_mask.png
fish5,3801,C:\Users\shain\Downloads\FISH DATASET\FISH DATASET\proof_frames_fish_frames_200\fish5\fish5_frame003801_top.jpg,C:\Users\shain\Downloads\FISH DATASET\FISH DATASET\proof_frames_fish_frames_200\fish5\fish5_frame003801_front.jpg,C:\Users\shain\Downloads\FISH DATASET\FISH DATASET\proof_frames_fish_frames_200\fish5\fish5_frame003801_top_mask.png,C:\Users\shain\Downloads\FISH DATASET\FISH DATASET\proof_frames_fish_frames_200\fish5\fish5_frame003801_front_mask.png
fish5,3802,C:\Users\shain\Downloads\FISH DATASET\FISH DATASET\proof_frames_fish_frames_200\fish5\fish5_frame003802_top.jpg,C:\Users\shain\Downloads\FISH DATASET\FISH DATASET\proof_frames_fish_frames_200\fish5\fish5_frame003802_front.jpg,C:\Users\shain\Downloads\FISH DATASET\FISH DATASET\proof_frames_fish_frames_200\fish5\fish5_frame003802_top_mask.png,C:\Users\shain\Downloads\FISH DATASET\FISH DATASET\proof_frames_fish_frames_200\fish5\fish5_frame003802_front_mask.png
fish5,3803,C:\Users\shain\Downloads\FISH DATASET\FISH DATASET\proof_frames_fish_frames_200\fish5\fish5_frame003803_top.jpg,C:\Users\shain\Downloads\FISH DATASET\FISH DATASET\proof_frames_fish_frames_200\fish5\fish5_frame003803_front.jpg,C:\Users\shain\Downloads\FISH DATASET\FISH DATASET\proof_frames_fish_frames_200\fish5\fish5_frame003803_top_mask.png,C:\Users\shain\Downloads\FISH DATASET\FISH DATASET\proof_frames_fish_frames_200\fish5\fish5_frame003803_front_mask.png
fish5,3804,C:\Users\shain\Downloads\FISH DATASET\FISH DATASET\proof_frames_fish_frames_200\fish5\fish5_frame003804_top.jpg,C:\Users\shain\Downloads\FISH DATASET\FISH DATASET\proof_frames_fish_frames_200\fish5\fish5_frame003804_front.jpg,C:\Users\shain\Downloads\FISH DATASET\FISH DATASET\proof_frames_fish_frames_200\fish5\fish5_frame003804_top_mask.png,C:\Users\shain\Downloads\FISH DATASET\FISH DATASET\proof_frames_fish_frames_200\fish5\fish5_frame003804_front_mask.png
fish5,3805,C:\Users\shain\Downloads\FISH DATASET\FISH DATASET\proof_frames_fish_frames_200\fish5\fish5_frame003805_top.jpg,C:\Users\shain\Downloads\FISH DATASET\FISH DATASET\proof_frames_fish_frames_200\fish5\fish5_frame003805_front.jpg,C:\Users\shain\Downloads\FISH DATASET\FISH DATASET\proof_frames_fish_frames_200\fish5\fish5_frame003805_top_mask.png,C:\Users\shain\Downloads\FISH DATASET\FISH DATASET\proof_frames_fish_frames_200\fish5\fish5_frame003805_front_mask.png
fish5,3806,C:\Users\shain\Downloads\FISH DATASET\FISH DATASET\proof_frames_fish_frames_200\fish5\fish5_frame003806_top.jpg,C:\Users\shain\Downloads\FISH DATASET\FISH DATASET\proof_frames_fish_frames_200\fish5\fish5_frame003806_front.jpg,C:\Users\shain\Downloads\FISH DATASET\FISH DATASET\proof_frames_fish_frames_200\fish5\fish5_frame003806_top_mask.png,C:\Users\shain\Downloads\FISH DATASET\FISH DATASET\proof_frames_fish_frames_200\fish5\fish5_frame003806_front_mask.png
fish5,3807,C:\Users\shain\Downloads\FISH DATASET\FISH DATASET\proof_frames_fish_frames_200\fish5\fish5_frame003807_top.jpg,C:\Users\shain\Downloads\FISH DATASET\FISH DATASET\proof_frames_fish_frames_200\fish5\fish5_frame003807_front.jpg,C:\Users\shain\Downloads\FISH DATASET\FISH DATASET\proof_frames_fish_frames_200\fish5\fish5_frame003807_top_mask.png,C:\Users\shain\Downloads\FISH DATASET\FISH DATASET\proof_frames_fish_frames_200\fish5\fish5_frame003807_front_mask.png
fish5,3808,C:\Users\shain\Downloads\FISH DATASET\FISH DATASET\proof_frames_fish_frames_200\fish5\fish5_frame003808_top.jpg,C:\Users\shain\Downloads\FISH DATASET\FISH DATASET\proof_frames_fish_frames_200\fish5\fish5_frame003808_front.jpg,C:\Users\shain\Downloads\FISH DATASET\FISH DATASET\proof_frames_fish_frames_200\fish5\fish5_frame003808_top_mask.png,C:\Users\shain\Downloads\FISH DATASET\FISH DATASET\proof_frames_fish_frames_200\fish5\fish5_frame003808_front_mask.png
fish5,3809,C:\Users\shain\Downloads\FISH DATASET\FISH DATASET\proof_frames_fish_frames_200\fish5\fish5_frame003809_top.jpg,C:\Users\shain\Downloads\FISH DATASET\FISH DATASET\proof_frames_fish_frames_200\fish5\fish5_frame003809_front.jpg,C:\Users\shain\Downloads\FISH DATASET\FISH DATASET\proof_frames_fish_frames_200\fish5\fish5_frame003809_top_mask.png,C:\Users\shain\Downloads\FISH DATASET\FISH DATASET\proof_frames_fish_frames_200\fish5\fish5_frame003809_front_mask.png
fish5,3810,C:\Users\shain\Downloads\FISH DATASET\FISH DATASET\proof_frames_fish_frames_200\fish5\fish5_frame003810_top.jpg,C:\Users\shain\Downloads\FISH DATASET\FISH DATASET\proof_frames_fish_frames_200\fish5\fish5_frame003810_front.jpg,C:\Users\shain\Downloads\FISH DATASET\FISH DATASET\proof_frames_fish_frames_200\fish5\fish5_frame003810_top_mask.png,C:\Users\shain\Downloads\FISH DATASET\FISH DATASET\proof_frames_fish_frames_200\fish5\fish5_frame003810_front_mask.png
fish5,3811,C:\Users\shain\Downloads\FISH DATASET\FISH DATASET\proof_frames_fish_frames_200\fish5\fish5_frame003811_top.jpg,C:\Users\shain\Downloads\FISH DATASET\FISH DATASET\proof_frames_fish_frames_200\fish5\fish5_frame003811_front.jpg,C:\Users\shain\Downloads\FISH DATASET\FISH DATASET\proof_frames_fish_frames_200\fish5\fish5_frame003811_top_mask.png,C:\Users\shain\Downloads\FISH DATASET\FISH DATASET\proof_frames_fish_frames_200\fish5\fish5_frame003811_front_mask.png
fish5,3812,C:\Users\shain\Downloads\FISH DATASET\FISH DATASET\proof_frames_fish_frames_200\fish5\fish5_frame003812_top.jpg,C:\Users\shain\Downloads\FISH DATASET\FISH DATASET\proof_frames_fish_frames_200\fish5\fish5_frame003812_front.jpg,C:\Users\shain\Downloads\FISH DATASET\FISH DATASET\proof_frames_fish_frames_200\fish5\fish5_frame003812_top_mask.png,C:\Users\shain\Downloads\FISH DATASET\FISH DATASET\proof_frames_fish_frames_200\fish5\fish5_frame003812_front_mask.png
fish5,3813,C:\Users\shain\Downloads\FISH DATASET\FISH DATASET\proof_frames_fish_frames_200\fish5\fish5_frame003813_top.jpg,C:\Users\shain\Downloads\FISH DATASET\FISH DATASET\proof_frames_fish_frames_200\fish5\fish5_frame003813_front.jpg,C:\Users\shain\Downloads\FISH DATASET\FISH DATASET\proof_frames_fish_frames_200\fish5\fish5_frame003813_top_mask.png,C:\Users\shain\Downloads\FISH DATASET\FISH DATASET\proof_frames_fish_frames_200\fish5\fish5_frame003813_front_mask.png
fish5,3814,C:\Users\shain\Downloads\FISH DATASET\FISH DATASET\proof_frames_fish_frames_200\fish5\fish5_frame003814_top.jpg,C:\Users\shain\Downloads\FISH DATASET\FISH DATASET\proof_frames_fish_frames_200\fish5\fish5_frame003814_front.jpg,C:\Users\shain\Downloads\FISH DATASET\FISH DATASET\proof_frames_fish_frames_200\fish5\fish5_frame003814_top_mask.png,C:\Users\shain\Downloads\FISH DATASET\FISH DATASET\proof_frames_fish_frames_200\fish5\fish5_frame003814_front_mask.png
fish5,3815,C:\Users\shain\Downloads\FISH DATASET\FISH DATASET\proof_frames_fish_frames_200\fish5\fish5_frame003815_top.jpg,C:\Users\shain\Downloads\FISH DATASET\FISH DATASET\proof_frames_fish_frames_200\fish5\fish5_frame003815_front.jpg,C:\Users\shain\Downloads\FISH DATASET\FISH DATASET\proof_frames_fish_frames_200\fish5\fish5_frame003815_top_mask.png,C:\Users\shain\Downloads\FISH DATASET\FISH DATASET\proof_frames_fish_frames_200\fish5\fish5_frame003815_front_mask.png
fish5,3816,C:\Users\shain\Downloads\FISH DATASET\FISH DATASET\proof_frames_fish_frames_200\fish5\fish5_frame003816_top.jpg,C:\Users\shain\Downloads\FISH DATASET\FISH DATASET\proof_frames_fish_frames_200\fish5\fish5_frame003816_front.jpg,C:\Users\shain\Downloads\FISH DATASET\FISH DATASET\proof_frames_fish_frames_200\fish5\fish5_frame003816_top_mask.png,C:\Users\shain\Downloads\FISH DATASET\FISH DATASET\proof_frames_fish_frames_200\fish5\fish5_frame003816_front_mask.png
fish5,3817,C:\Users\shain\Downloads\FISH DATASET\FISH DATASET\proof_frames_fish_frames_200\fish5\fish5_frame003817_top.jpg,C:\Users\shain\Downloads\FISH DATASET\FISH DATASET\proof_frames_fish_frames_200\fish5\fish5_frame003817_front.jpg,C:\Users\shain\Downloads\FISH DATASET\FISH DATASET\proof_frames_fish_frames_200\fish5\fish5_frame003817_top_mask.png,C:\Users\shain\Downloads\FISH DATASET\FISH DATASET\proof_frames_fish_frames_200\fish5\fish5_frame003817_front_mask.png
fish5,3818,C:\Users\shain\Downloads\FISH DATASET\FISH DATASET\proof_frames_fish_frames_200\fish5\fish5_frame003818_top.jpg,C:\Users\shain\Downloads\FISH DATASET\FISH DATASET\proof_frames_fish_frames_200\fish5\fish5_frame003818_front.jpg,C:\Users\shain\Downloads\FISH DATASET\FISH DATASET\proof_frames_fish_frames_200\fish5\fish5_frame003818_top_mask.png,C:\Users\shain\Downloads\FISH DATASET\FISH DATASET\proof_frames_fish_frames_200\fish5\fish5_frame003818_front_mask.png
fish5,3819,C:\Users\shain\Downloads\FISH DATASET\FISH DATASET\proof_frames_fish_frames_200\fish5\fish5_frame003819_top.jpg,C:\Users\shain\Downloads\FISH DATASET\FISH DATASET\proof_frames_fish_frames_200\fish5\fish5_frame003819_front.jpg,C:\Users\shain\Downloads\FISH DATASET\FISH DATASET\proof_frames_fish_frames_200\fish5\fish5_frame003819_top_mask.png,C:\Users\shain\Downloads\FISH DATASET\FISH DATASET\proof_frames_fish_frames_200\fish5\fish5_frame003819_front_mask.png
fish5,3820,C:\Users\shain\Downloads\FISH DATASET\FISH DATASET\proof_frames_fish_frames_200\fish5\fish5_frame003820_top.jpg,C:\Users\shain\Downloads\FISH DATASET\FISH DATASET\proof_frames_fish_frames_200\fish5\fish5_frame003820_front.jpg,C:\Users\shain\Downloads\FISH DATASET\FISH DATASET\proof_frames_fish_frames_200\fish5\fish5_frame003820_top_mask.png,C:\Users\shain\Downloads\FISH DATASET\FISH DATASET\proof_frames_fish_frames_200\fish5\fish5_frame003820_front_mask.png
fish5,3821,C:\Users\shain\Downloads\FISH DATASET\FISH DATASET\proof_frames_fish_frames_200\fish5\fish5_frame003821_top.jpg,C:\Users\shain\Downloads\FISH DATASET\FISH DATASET\proof_frames_fish_frames_200\fish5\fish5_frame003821_front.jpg,C:\Users\shain\Downloads\FISH DATASET\FISH DATASET\proof_frames_fish_frames_200\fish5\fish5_frame003821_top_mask.png,C:\Users\shain\Downloads\FISH DATASET\FISH DATASET\proof_frames_fish_frames_200\fish5\fish5_frame003821_front_mask.png
fish5,3822,C:\Users\shain\Downloads\FISH DATASET\FISH DATASET\proof_frames_fish_frames_200\fish5\fish5_frame003822_top.jpg,C:\Users\shain\Downloads\FISH DATASET\FISH DATASET\proof_frames_fish_frames_200\fish5\fish5_frame003822_front.jpg,C:\Users\shain\Downloads\FISH DATASET\FISH DATASET\proof_frames_fish_frames_200\fish5\fish5_frame003822_top_mask.png,C:\Users\shain\Downloads\FISH DATASET\FISH DATASET\proof_frames_fish_frames_200\fish5\fish5_frame003822_front_mask.png
fish5,3823,C:\Users\shain\Downloads\FISH DATASET\FISH DATASET\proof_frames_fish_frames_200\fish5\fish5_frame003823_top.jpg,C:\Users\shain\Downloads\FISH DATASET\FISH DATASET\proof_frames_fish_frames_200\fish5\fish5_frame003823_front.jpg,C:\Users\shain\Downloads\FISH DATASET\FISH DATASET\proof_frames_fish_frames_200\fish5\fish5_frame003823_top_mask.png,C:\Users\shain\Downloads\FISH DATASET\FISH DATASET\proof_frames_fish_frames_200\fish5\fish5_frame003823_front_mask.png
fish5,3824,C:\Users\shain\Downloads\FISH DATASET\FISH DATASET\proof_frames_fish_frames_200\fish5\fish5_frame003824_top.jpg,C:\Users\shain\Downloads\FISH DATASET\FISH DATASET\proof_frames_fish_frames_200\fish5\fish5_frame003824_front.jpg,C:\Users\shain\Downloads\FISH DATASET\FISH DATASET\proof_frames_fish_frames_200\fish5\fish5_frame003824_top_mask.png,C:\Users\shain\Downloads\FISH DATASET\FISH DATASET\proof_frames_fish_frames_200\fish5\fish5_frame003824_front_mask.png
fish5,3825,C:\Users\shain\Downloads\FISH DATASET\FISH DATASET\proof_frames_fish_frames_200\fish5\fish5_frame003825_top.jpg,C:\Users\shain\Downloads\FISH DATASET\FISH DATASET\proof_frames_fish_frames_200\fish5\fish5_frame003825_front.jpg,C:\Users\shain\Downloads\FISH DATASET\FISH DATASET\proof_frames_fish_frames_200\fish5\fish5_frame003825_top_mask.png,C:\Users\shain\Downloads\FISH DATASET\FISH DATASET\proof_frames_fish_frames_200\fish5\fish5_frame003825_front_mask.png
fish5,3826,C:\Users\shain\Downloads\FISH DATASET\FISH DATASET\proof_frames_fish_frames_200\fish5\fish5_frame003826_top.jpg,C:\Users\shain\Downloads\FISH DATASET\FISH DATASET\proof_frames_fish_frames_200\fish5\fish5_frame003826_front.jpg,C:\Users\shain\Downloads\FISH DATASET\FISH DATASET\proof_frames_fish_frames_200\fish5\fish5_frame003826_top_mask.png,C:\Users\shain\Downloads\FISH DATASET\FISH DATASET\proof_frames_fish_frames_200\fish5\fish5_frame003826_front_mask.png
fish5,3827,C:\Users\shain\Downloads\FISH DATASET\FISH DATASET\proof_frames_fish_frames_200\fish5\fish5_frame003827_top.jpg,C:\Users\shain\Downloads\FISH DATASET\FISH DATASET\proof_frames_fish_frames_200\fish5\fish5_frame003827_front.jpg,C:\Users\shain\Downloads\FISH DATASET\FISH DATASET\proof_frames_fish_frames_200\fish5\fish5_frame003827_top_mask.png,C:\Users\shain\Downloads\FISH DATASET\FISH DATASET\proof_frames_fish_frames_200\fish5\fish5_frame003827_front_mask.png
fish5,3828,C:\Users\shain\Downloads\FISH DATASET\FISH DATASET\proof_frames_fish_frames_200\fish5\fish5_frame003828_top.jpg,C:\Users\shain\Downloads\FISH DATASET\FISH DATASET\proof_frames_fish_frames_200\fish5\fish5_frame003828_front.jpg,C:\Users\shain\Downloads\FISH DATASET\FISH DATASET\proof_frames_fish_frames_200\fish5\fish5_frame003828_top_mask.png,C:\Users\shain\Downloads\FISH DATASET\FISH DATASET\proof_frames_fish_frames_200\fish5\fish5_frame003828_front_mask.png
fish5,3829,C:\Users\shain\Downloads\FISH DATASET\FISH DATASET\proof_frames_fish_frames_200\fish5\fish5_frame003829_top.jpg,C:\Users\shain\Downloads\FISH DATASET\FISH DATASET\proof_frames_fish_frames_200\fish5\fish5_frame003829_front.jpg,C:\Users\shain\Downloads\FISH DATASET\FISH DATASET\proof_frames_fish_frames_200\fish5\fish5_frame003829_top_mask.png,C:\Users\shain\Downloads\FISH DATASET\FISH DATASET\proof_frames_fish_frames_200\fish5\fish5_frame003829_front_mask.png
fish5,3830,C:\Users\shain\Downloads\FISH DATASET\FISH DATASET\proof_frames_fish_frames_200\fish5\fish5_frame003830_top.jpg,C:\Users\shain\Downloads\FISH DATASET\FISH DATASET\proof_frames_fish_frames_200\fish5\fish5_frame003830_front.jpg,C:\Users\shain\Downloads\FISH DATASET\FISH DATASET\proof_frames_fish_frames_200\fish5\fish5_frame003830_top_mask.png,C:\Users\shain\Downloads\FISH DATASET\FISH DATASET\proof_frames_fish_frames_200\fish5\fish5_frame003830_front_mask.png
fish5,3831,C:\Users\shain\Downloads\FISH DATASET\FISH DATASET\proof_frames_fish_frames_200\fish5\fish5_frame003831_top.jpg,C:\Users\shain\Downloads\FISH DATASET\FISH DATASET\proof_frames_fish_frames_200\fish5\fish5_frame003831_front.jpg,C:\Users\shain\Downloads\FISH DATASET\FISH DATASET\proof_frames_fish_frames_200\fish5\fish5_frame003831_top_mask.png,C:\Users\shain\Downloads\FISH DATASET\FISH DATASET\proof_frames_fish_frames_200\fish5\fish5_frame003831_front_mask.png
fish5,3832,C:\Users\shain\Downloads\FISH DATASET\FISH DATASET\proof_frames_fish_frames_200\fish5\fish5_frame003832_top.jpg,C:\Users\shain\Downloads\FISH DATASET\FISH DATASET\proof_frames_fish_frames_200\fish5\fish5_frame003832_front.jpg,C:\Users\shain\Downloads\FISH DATASET\FISH DATASET\proof_frames_fish_frames_200\fish5\fish5_frame003832_top_mask.png,C:\Users\shain\Downloads\FISH DATASET\FISH DATASET\proof_frames_fish_frames_200\fish5\fish5_frame003832_front_mask.png
fish5,3833,C:\Users\shain\Downloads\FISH DATASET\FISH DATASET\proof_frames_fish_frames_200\fish5\fish5_frame003833_top.jpg,C:\Users\shain\Downloads\FISH DATASET\FISH DATASET\proof_frames_fish_frames_200\fish5\fish5_frame003833_front.jpg,C:\Users\shain\Downloads\FISH DATASET\FISH DATASET\proof_frames_fish_frames_200\fish5\fish5_frame003833_top_mask.png,C:\Users\shain\Downloads\FISH DATASET\FISH DATASET\proof_frames_fish_frames_200\fish5\fish5_frame003833_front_mask.png
fish5,3834,C:\Users\shain\Downloads\FISH DATASET\FISH DATASET\proof_frames_fish_frames_200\fish5\fish5_frame003834_top.jpg,C:\Users\shain\Downloads\FISH DATASET\FISH DATASET\proof_frames_fish_frames_200\fish5\fish5_frame003834_front.jpg,C:\Users\shain\Downloads\FISH DATASET\FISH DATASET\proof_frames_fish_frames_200\fish5\fish5_frame003834_top_mask.png,C:\Users\shain\Downloads\FISH DATASET\FISH DATASET\proof_frames_fish_frames_200\fish5\fish5_frame003834_front_mask.png
fish5,3835,C:\Users\shain\Downloads\FISH DATASET\FISH DATASET\proof_frames_fish_frames_200\fish5\fish5_frame003835_top.jpg,C:\Users\shain\Downloads\FISH DATASET\FISH DATASET\proof_frames_fish_frames_200\fish5\fish5_frame003835_front.jpg,C:\Users\shain\Downloads\FISH DATASET\FISH DATASET\proof_frames_fish_frames_200\fish5\fish5_frame003835_top_mask.png,C:\Users\shain\Downloads\FISH DATASET\FISH DATASET\proof_frames_fish_frames_200\fish5\fish5_frame003835_front_mask.png
fish5,3836,C:\Users\shain\Downloads\FISH DATASET\FISH DATASET\proof_frames_fish_frames_200\fish5\fish5_frame003836_top.jpg,C:\Users\shain\Downloads\FISH DATASET\FISH DATASET\proof_frames_fish_frames_200\fish5\fish5_frame003836_front.jpg,C:\Users\shain\Downloads\FISH DATASET\FISH DATASET\proof_frames_fish_frames_200\fish5\fish5_frame003836_top_mask.png,C:\Users\shain\Downloads\FISH DATASET\FISH DATASET\proof_frames_fish_frames_200\fish5\fish5_frame003836_front_mask.png
fish5,3837,C:\Users\shain\Downloads\FISH DATASET\FISH DATASET\proof_frames_fish_frames_200\fish5\fish5_frame003837_top.jpg,C:\Users\shain\Downloads\FISH DATASET\FISH DATASET\proof_frames_fish_frames_200\fish5\fish5_frame003837_front.jpg,C:\Users\shain\Downloads\FISH DATASET\FISH DATASET\proof_frames_fish_frames_200\fish5\fish5_frame003837_top_mask.png,C:\Users\shain\Downloads\FISH DATASET\FISH DATASET\proof_frames_fish_frames_200\fish5\fish5_frame003837_front_mask.png
fish5,3838,C:\Users\shain\Downloads\FISH DATASET\FISH DATASET\proof_frames_fish_frames_200\fish5\fish5_frame003838_top.jpg,C:\Users\shain\Downloads\FISH DATASET\FISH DATASET\proof_frames_fish_frames_200\fish5\fish5_frame003838_front.jpg,C:\Users\shain\Downloads\FISH DATASET\FISH DATASET\proof_frames_fish_frames_200\fish5\fish5_frame003838_top_mask.png,C:\Users\shain\Downloads\FISH DATASET\FISH DATASET\proof_frames_fish_frames_200\fish5\fish5_frame003838_front_mask.png
fish5,3839,C:\Users\shain\Downloads\FISH DATASET\FISH DATASET\proof_frames_fish_frames_200\fish5\fish5_frame003839_top.jpg,C:\Users\shain\Downloads\FISH DATASET\FISH DATASET\proof_frames_fish_frames_200\fish5\fish5_frame003839_front.jpg,C:\Users\shain\Downloads\FISH DATASET\FISH DATASET\proof_frames_fish_frames_200\fish5\fish5_frame003839_top_mask.png,C:\Users\shain\Downloads\FISH DATASET\FISH DATASET\proof_frames_fish_frames_200\fish5\fish5_frame003839_front_mask.png
fish5,3840,C:\Users\shain\Downloads\FISH DATASET\FISH DATASET\proof_frames_fish_frames_200\fish5\fish5_frame003840_top.jpg,C:\Users\shain\Downloads\FISH DATASET\FISH DATASET\proof_frames_fish_frames_200\fish5\fish5_frame003840_front.jpg,C:\Users\shain\Downloads\FISH DATASET\FISH DATASET\proof_frames_fish_frames_200\fish5\fish5_frame003840_top_mask.png,C:\Users\shain\Downloads\FISH DATASET\FISH DATASET\proof_frames_fish_frames_200\fish5\fish5_frame003840_front_mask.png
fish5,3841,C:\Users\shain\Downloads\FISH DATASET\FISH DATASET\proof_frames_fish_frames_200\fish5\fish5_frame003841_top.jpg,C:\Users\shain\Downloads\FISH DATASET\FISH DATASET\proof_frames_fish_frames_200\fish5\fish5_frame003841_front.jpg,C:\Users\shain\Downloads\FISH DATASET\FISH DATASET\proof_frames_fish_frames_200\fish5\fish5_frame003841_top_mask.png,C:\Users\shain\Downloads\FISH DATASET\FISH DATASET\proof_frames_fish_frames_200\fish5\fish5_frame003841_front_mask.png
fish5,3842,C:\Users\shain\Downloads\FISH DATASET\FISH DATASET\proof_frames_fish_frames_200\fish5\fish5_frame003842_top.jpg,C:\Users\shain\Downloads\FISH DATASET\FISH DATASET\proof_frames_fish_frames_200\fish5\fish5_frame003842_front.jpg,C:\Users\shain\Downloads\FISH DATASET\FISH DATASET\proof_frames_fish_frames_200\fish5\fish5_frame003842_top_mask.png,C:\Users\shain\Downloads\FISH DATASET\FISH DATASET\proof_frames_fish_frames_200\fish5\fish5_frame003842_front_mask.png
fish5,3843,C:\Users\shain\Downloads\FISH DATASET\FISH DATASET\proof_frames_fish_frames_200\fish5\fish5_frame003843_top.jpg,C:\Users\shain\Downloads\FISH DATASET\FISH DATASET\proof_frames_fish_frames_200\fish5\fish5_frame003843_front.jpg,C:\Users\shain\Downloads\FISH DATASET\FISH DATASET\proof_frames_fish_frames_200\fish5\fish5_frame003843_top_mask.png,C:\Users\shain\Downloads\FISH DATASET\FISH DATASET\proof_frames_fish_frames_200\fish5\fish5_frame003843_front_mask.png
fish5,3844,C:\Users\shain\Downloads\FISH DATASET\FISH DATASET\proof_frames_fish_frames_200\fish5\fish5_frame003844_top.jpg,C:\Users\shain\Downloads\FISH DATASET\FISH DATASET\proof_frames_fish_frames_200\fish5\fish5_frame003844_front.jpg,C:\Users\shain\Downloads\FISH DATASET\FISH DATASET\proof_frames_fish_frames_200\fish5\fish5_frame003844_top_mask.png,C:\Users\shain\Downloads\FISH DATASET\FISH DATASET\proof_frames_fish_frames_200\fish5\fish5_frame003844_front_mask.png
fish5,3845,C:\Users\shain\Downloads\FISH DATASET\FISH DATASET\proof_frames_fish_frames_200\fish5\fish5_frame003845_top.jpg,C:\Users\shain\Downloads\FISH DATASET\FISH DATASET\proof_frames_fish_frames_200\fish5\fish5_frame003845_front.jpg,C:\Users\shain\Downloads\FISH DATASET\FISH DATASET\proof_frames_fish_frames_200\fish5\fish5_frame003845_top_mask.png,C:\Users\shain\Downloads\FISH DATASET\FISH DATASET\proof_frames_fish_frames_200\fish5\fish5_frame003845_front_mask.png
fish5,3846,C:\Users\shain\Downloads\FISH DATASET\FISH DATASET\proof_frames_fish_frames_200\fish5\fish5_frame003846_top.jpg,C:\Users\shain\Downloads\FISH DATASET\FISH DATASET\proof_frames_fish_frames_200\fish5\fish5_frame003846_front.jpg,C:\Users\shain\Downloads\FISH DATASET\FISH DATASET\proof_frames_fish_frames_200\fish5\fish5_frame003846_top_mask.png,C:\Users\shain\Downloads\FISH DATASET\FISH DATASET\proof_frames_fish_frames_200\fish5\fish5_frame003846_front_mask.png
fish5,3858,C:\Users\shain\Downloads\FISH DATASET\FISH DATASET\proof_frames_fish_frames_200\fish5\fish5_frame003858_top.jpg,C:\Users\shain\Downloads\FISH DATASET\FISH DATASET\proof_frames_fish_frames_200\fish5\fish5_frame003858_front.jpg,C:\Users\shain\Downloads\FISH DATASET\FISH DATASET\proof_frames_fish_frames_200\fish5\fish5_frame003858_top_mask.png,C:\Users\shain\Downloads\FISH DATASET\FISH DATASET\proof_frames_fish_frames_200\fish5\fish5_frame003858_front_mask.png
fish5,3859,C:\Users\shain\Downloads\FISH DATASET\FISH DATASET\proof_frames_fish_frames_200\fish5\fish5_frame003859_top.jpg,C:\Users\shain\Downloads\FISH DATASET\FISH DATASET\proof_frames_fish_frames_200\fish5\fish5_frame003859_front.jpg,C:\Users\shain\Downloads\FISH DATASET\FISH DATASET\proof_frames_fish_frames_200\fish5\fish5_frame003859_top_mask.png,C:\Users\shain\Downloads\FISH DATASET\FISH DATASET\proof_frames_fish_frames_200\fish5\fish5_frame003859_front_mask.png
fish5,3860,C:\Users\shain\Downloads\FISH DATASET\FISH DATASET\proof_frames_fish_frames_200\fish5\fish5_frame003860_top.jpg,C:\Users\shain\Downloads\FISH DATASET\FISH DATASET\proof_frames_fish_frames_200\fish5\fish5_frame003860_front.jpg,C:\Users\shain\Downloads\FISH DATASET\FISH DATASET\proof_frames_fish_frames_200\fish5\fish5_frame003860_top_mask.png,C:\Users\shain\Downloads\FISH DATASET\FISH DATASET\proof_frames_fish_frames_200\fish5\fish5_frame003860_front_mask.png
fish5,3861,C:\Users\shain\Downloads\FISH DATASET\FISH DATASET\proof_frames_fish_frames_200\fish5\fish5_frame003861_top.jpg,C:\Users\shain\Downloads\FISH DATASET\FISH DATASET\proof_frames_fish_frames_200\fish5\fish5_frame003861_front.jpg,C:\Users\shain\Downloads\FISH DATASET\FISH DATASET\proof_frames_fish_frames_200\fish5\fish5_frame003861_top_mask.png,C:\Users\shain\Downloads\FISH DATASET\FISH DATASET\proof_frames_fish_frames_200\fish5\fish5_frame003861_front_mask.png
fish5,3862,C:\Users\shain\Downloads\FISH DATASET\FISH DATASET\proof_frames_fish_frames_200\fish5\fish5_frame003862_top.jpg,C:\Users\shain\Downloads\FISH DATASET\FISH DATASET\proof_frames_fish_frames_200\fish5\fish5_frame003862_front.jpg,C:\Users\shain\Downloads\FISH DATASET\FISH DATASET\proof_frames_fish_frames_200\fish5\fish5_frame003862_top_mask.png,C:\Users\shain\Downloads\FISH DATASET\FISH DATASET\proof_frames_fish_frames_200\fish5\fish5_frame003862_front_mask.png
fish5,3863,C:\Users\shain\Downloads\FISH DATASET\FISH DATASET\proof_frames_fish_frames_200\fish5\fish5_frame003863_top.jpg,C:\Users\shain\Downloads\FISH DATASET\FISH DATASET\proof_frames_fish_frames_200\fish5\fish5_frame003863_front.jpg,C:\Users\shain\Downloads\FISH DATASET\FISH DATASET\proof_frames_fish_frames_200\fish5\fish5_frame003863_top_mask.png,C:\Users\shain\Downloads\FISH DATASET\FISH DATASET\proof_frames_fish_frames_200\fish5\fish5_frame003863_front_mask.png
fish5,3864,C:\Users\shain\Downloads\FISH DATASET\FISH DATASET\proof_frames_fish_frames_200\fish5\fish5_frame003864_top.jpg,C:\Users\shain\Downloads\FISH DATASET\FISH DATASET\proof_frames_fish_frames_200\fish5\fish5_frame003864_front.jpg,C:\Users\shain\Downloads\FISH DATASET\FISH DATASET\proof_frames_fish_frames_200\fish5\fish5_frame003864_top_mask.png,C:\Users\shain\Downloads\FISH DATASET\FISH DATASET\proof_frames_fish_frames_200\fish5\fish5_frame003864_front_mask.png
fish5,3865,C:\Users\shain\Downloads\FISH DATASET\FISH DATASET\proof_frames_fish_frames_200\fish5\fish5_frame003865_top.jpg,C:\Users\shain\Downloads\FISH DATASET\FISH DATASET\proof_frames_fish_frames_200\fish5\fish5_frame003865_front.jpg,C:\Users\shain\Downloads\FISH DATASET\FISH DATASET\proof_frames_fish_frames_200\fish5\fish5_frame003865_top_mask.png,C:\Users\shain\Downloads\FISH DATASET\FISH DATASET\proof_frames_fish_frames_200\fish5\fish5_frame003865_front_mask.png
fish5,3866,C:\Users\shain\Downloads\FISH DATASET\FISH DATASET\proof_frames_fish_frames_200\fish5\fish5_frame003866_top.jpg,C:\Users\shain\Downloads\FISH DATASET\FISH DATASET\proof_frames_fish_frames_200\fish5\fish5_frame003866_front.jpg,C:\Users\shain\Downloads\FISH DATASET\FISH DATASET\proof_frames_fish_frames_200\fish5\fish5_frame003866_top_mask.png,C:\Users\shain\Downloads\FISH DATASET\FISH DATASET\proof_frames_fish_frames_200\fish5\fish5_frame003866_front_mask.png
fish5,3867,C:\Users\shain\Downloads\FISH DATASET\FISH DATASET\proof_frames_fish_frames_200\fish5\fish5_frame003867_top.jpg,C:\Users\shain\Downloads\FISH DATASET\FISH DATASET\proof_frames_fish_frames_200\fish5\fish5_frame003867_front.jpg,C:\Users\shain\Downloads\FISH DATASET\FISH DATASET\proof_frames_fish_frames_200\fish5\fish5_frame003867_top_mask.png,C:\Users\shain\Downloads\FISH DATASET\FISH DATASET\proof_frames_fish_frames_200\fish5\fish5_frame003867_front_mask.png
fish5,3868,C:\Users\shain\Downloads\FISH DATASET\FISH DATASET\proof_frames_fish_frames_200\fish5\fish5_frame003868_top.jpg,C:\Users\shain\Downloads\FISH DATASET\FISH DATASET\proof_frames_fish_frames_200\fish5\fish5_frame003868_front.jpg,C:\Users\shain\Downloads\FISH DATASET\FISH DATASET\proof_frames_fish_frames_200\fish5\fish5_frame003868_top_mask.png,C:\Users\shain\Downloads\FISH DATASET\FISH DATASET\proof_frames_fish_frames_200\fish5\fish5_frame003868_front_mask.png
fish5,3869,C:\Users\shain\Downloads\FISH DATASET\FISH DATASET\proof_frames_fish_frames_200\fish5\fish5_frame003869_top.jpg,C:\Users\shain\Downloads\FISH DATASET\FISH DATASET\proof_frames_fish_frames_200\fish5\fish5_frame003869_front.jpg,C:\Users\shain\Downloads\FISH DATASET\FISH DATASET\proof_frames_fish_frames_200\fish5\fish5_frame003869_top_mask.png,C:\Users\shain\Downloads\FISH DATASET\FISH DATASET\proof_frames_fish_frames_200\fish5\fish5_frame003869_front_mask.png
fish5,3870,C:\Users\shain\Downloads\FISH DATASET\FISH DATASET\proof_frames_fish_frames_200\fish5\fish5_frame003870_top.jpg,C:\Users\shain\Downloads\FISH DATASET\FISH DATASET\proof_frames_fish_frames_200\fish5\fish5_frame003870_front.jpg,C:\Users\shain\Downloads\FISH DATASET\FISH DATASET\proof_frames_fish_frames_200\fish5\fish5_frame003870_top_mask.png,C:\Users\shain\Downloads\FISH DATASET\FISH DATASET\proof_frames_fish_frames_200\fish5\fish5_frame003870_front_mask.png
fish5,3871,C:\Users\shain\Downloads\FISH DATASET\FISH DATASET\proof_frames_fish_frames_200\fish5\fish5_frame003871_top.jpg,C:\Users\shain\Downloads\FISH DATASET\FISH DATASET\proof_frames_fish_frames_200\fish5\fish5_frame003871_front.jpg,C:\Users\shain\Downloads\FISH DATASET\FISH DATASET\proof_frames_fish_frames_200\fish5\fish5_frame003871_top_mask.png,C:\Users\shain\Downloads\FISH DATASET\FISH DATASET\proof_frames_fish_frames_200\fish5\fish5_frame003871_front_mask.png
fish5,3872,C:\Users\shain\Downloads\FISH DATASET\FISH DATASET\proof_frames_fish_frames_200\fish5\fish5_frame003872_top.jpg,C:\Users\shain\Downloads\FISH DATASET\FISH DATASET\proof_frames_fish_frames_200\fish5\fish5_frame003872_front.jpg,C:\Users\shain\Downloads\FISH DATASET\FISH DATASET\proof_frames_fish_frames_200\fish5\fish5_frame003872_top_mask.png,C:\Users\shain\Downloads\FISH DATASET\FISH DATASET\proof_frames_fish_frames_200\fish5\fish5_frame003872_front_mask.png
fish5,3873,C:\Users\shain\Downloads\FISH DATASET\FISH DATASET\proof_frames_fish_frames_200\fish5\fish5_frame003873_top.jpg,C:\Users\shain\Downloads\FISH DATASET\FISH DATASET\proof_frames_fish_frames_200\fish5\fish5_frame003873_front.jpg,C:\Users\shain\Downloads\FISH DATASET\FISH DATASET\proof_frames_fish_frames_200\fish5\fish5_frame003873_top_mask.png,C:\Users\shain\Downloads\FISH DATASET\FISH DATASET\proof_frames_fish_frames_200\fish5\fish5_frame003873_front_mask.png
fish5,3874,C:\Users\shain\Downloads\FISH DATASET\FISH DATASET\proof_frames_fish_frames_200\fish5\fish5_frame003874_top.jpg,C:\Users\shain\Downloads\FISH DATASET\FISH DATASET\proof_frames_fish_frames_200\fish5\fish5_frame003874_front.jpg,C:\Users\shain\Downloads\FISH DATASET\FISH DATASET\proof_frames_fish_frames_200\fish5\fish5_frame003874_top_mask.png,C:\Users\shain\Downloads\FISH DATASET\FISH DATASET\proof_frames_fish_frames_200\fish5\fish5_frame003874_front_mask.png
fish5,3875,C:\Users\shain\Downloads\FISH DATASET\FISH DATASET\proof_frames_fish_frames_200\fish5\fish5_frame003875_top.jpg,C:\Users\shain\Downloads\FISH DATASET\FISH DATASET\proof_frames_fish_frames_200\fish5\fish5_frame003875_front.jpg,C:\Users\shain\Downloads\FISH DATASET\FISH DATASET\proof_frames_fish_frames_200\fish5\fish5_frame003875_top_mask.png,C:\Users\shain\Downloads\FISH DATASET\FISH DATASET\proof_frames_fish_frames_200\fish5\fish5_frame003875_front_mask.png
fish5,3876,C:\Users\shain\Downloads\FISH DATASET\FISH DATASET\proof_frames_fish_frames_200\fish5\fish5_frame003876_top.jpg,C:\Users\shain\Downloads\FISH DATASET\FISH DATASET\proof_frames_fish_frames_200\fish5\fish5_frame003876_front.jpg,C:\Users\shain\Downloads\FISH DATASET\FISH DATASET\proof_frames_fish_frames_200\fish5\fish5_frame003876_top_mask.png,C:\Users\shain\Downloads\FISH DATASET\FISH DATASET\proof_frames_fish_frames_200\fish5\fish5_frame003876_front_mask.png
fish5,3877,C:\Users\shain\Downloads\FISH DATASET\FISH DATASET\proof_frames_fish_frames_200\fish5\fish5_frame003877_top.jpg,C:\Users\shain\Downloads\FISH DATASET\FISH DATASET\proof_frames_fish_frames_200\fish5\fish5_frame003877_front.jpg,C:\Users\shain\Downloads\FISH DATASET\FISH DATASET\proof_frames_fish_frames_200\fish5\fish5_frame003877_top_mask.png,C:\Users\shain\Downloads\FISH DATASET\FISH DATASET\proof_frames_fish_frames_200\fish5\fish5_frame003877_front_mask.png
fish5,3878,C:\Users\shain\Downloads\FISH DATASET\FISH DATASET\proof_frames_fish_frames_200\fish5\fish5_frame003878_top.jpg,C:\Users\shain\Downloads\FISH DATASET\FISH DATASET\proof_frames_fish_frames_200\fish5\fish5_frame003878_front.jpg,C:\Users\shain\Downloads\FISH DATASET\FISH DATASET\proof_frames_fish_frames_200\fish5\fish5_frame003878_top_mask.png,C:\Users\shain\Downloads\FISH DATASET\FISH DATASET\proof_frames_fish_frames_200\fish5\fish5_frame003878_front_mask.png
fish5,3879,C:\Users\shain\Downloads\FISH DATASET\FISH DATASET\proof_frames_fish_frames_200\fish5\fish5_frame003879_top.jpg,C:\Users\shain\Downloads\FISH DATASET\FISH DATASET\proof_frames_fish_frames_200\fish5\fish5_frame003879_front.jpg,C:\Users\shain\Downloads\FISH DATASET\FISH DATASET\proof_frames_fish_frames_200\fish5\fish5_frame003879_top_mask.png,C:\Users\shain\Downloads\FISH DATASET\FISH DATASET\proof_frames_fish_frames_200\fish5\fish5_frame003879_front_mask.png
fish5,3880,C:\Users\shain\Downloads\FISH DATASET\FISH DATASET\proof_frames_fish_frames_200\fish5\fish5_frame003880_top.jpg,C:\Users\shain\Downloads\FISH DATASET\FISH DATASET\proof_frames_fish_frames_200\fish5\fish5_frame003880_front.jpg,C:\Users\shain\Downloads\FISH DATASET\FISH DATASET\proof_frames_fish_frames_200\fish5\fish5_frame003880_top_mask.png,C:\Users\shain\Downloads\FISH DATASET\FISH DATASET\proof_frames_fish_frames_200\fish5\fish5_frame003880_front_mask.png
fish5,3881,C:\Users\shain\Downloads\FISH DATASET\FISH DATASET\proof_frames_fish_frames_200\fish5\fish5_frame003881_top.jpg,C:\Users\shain\Downloads\FISH DATASET\FISH DATASET\proof_frames_fish_frames_200\fish5\fish5_frame003881_front.jpg,C:\Users\shain\Downloads\FISH DATASET\FISH DATASET\proof_frames_fish_frames_200\fish5\fish5_frame003881_top_mask.png,C:\Users\shain\Downloads\FISH DATASET\FISH DATASET\proof_frames_fish_frames_200\fish5\fish5_frame003881_front_mask.png
fish5,3882,C:\Users\shain\Downloads\FISH DATASET\FISH DATASET\proof_frames_fish_frames_200\fish5\fish5_frame003882_top.jpg,C:\Users\shain\Downloads\FISH DATASET\FISH DATASET\proof_frames_fish_frames_200\fish5\fish5_frame003882_front.jpg,C:\Users\shain\Downloads\FISH DATASET\FISH DATASET\proof_frames_fish_frames_200\fish5\fish5_frame003882_top_mask.png,C:\Users\shain\Downloads\FISH DATASET\FISH DATASET\proof_frames_fish_frames_200\fish5\fish5_frame003882_front_mask.png
fish5,3883,C:\Users\shain\Downloads\FISH DATASET\FISH DATASET\proof_frames_fish_frames_200\fish5\fish5_frame003883_top.jpg,C:\Users\shain\Downloads\FISH DATASET\FISH DATASET\proof_frames_fish_frames_200\fish5\fish5_frame003883_front.jpg,C:\Users\shain\Downloads\FISH DATASET\FISH DATASET\proof_frames_fish_frames_200\fish5\fish5_frame003883_top_mask.png,C:\Users\shain\Downloads\FISH DATASET\FISH DATASET\proof_frames_fish_frames_200\fish5\fish5_frame003883_front_mask.png
fish5,3884,C:\Users\shain\Downloads\FISH DATASET\FISH DATASET\proof_frames_fish_frames_200\fish5\fish5_frame003884_top.jpg,C:\Users\shain\Downloads\FISH DATASET\FISH DATASET\proof_frames_fish_frames_200\fish5\fish5_frame003884_front.jpg,C:\Users\shain\Downloads\FISH DATASET\FISH DATASET\proof_frames_fish_frames_200\fish5\fish5_frame003884_top_mask.png,C:\Users\shain\Downloads\FISH DATASET\FISH DATASET\proof_frames_fish_frames_200\fish5\fish5_frame003884_front_mask.png
fish5,3885,C:\Users\shain\Downloads\FISH DATASET\FISH DATASET\proof_frames_fish_frames_200\fish5\fish5_frame003885_top.jpg,C:\Users\shain\Downloads\FISH DATASET\FISH DATASET\proof_frames_fish_frames_200\fish5\fish5_frame003885_front.jpg,C:\Users\shain\Downloads\FISH DATASET\FISH DATASET\proof_frames_fish_frames_200\fish5\fish5_frame003885_top_mask.png,C:\Users\shain\Downloads\FISH DATASET\FISH DATASET\proof_frames_fish_frames_200\fish5\fish5_frame003885_front_mask.png
fish5,3886,C:\Users\shain\Downloads\FISH DATASET\FISH DATASET\proof_frames_fish_frames_200\fish5\fish5_frame003886_top.jpg,C:\Users\shain\Downloads\FISH DATASET\FISH DATASET\proof_frames_fish_frames_200\fish5\fish5_frame003886_front.jpg,C:\Users\shain\Downloads\FISH DATASET\FISH DATASET\proof_frames_fish_frames_200\fish5\fish5_frame003886_top_mask.png,C:\Users\shain\Downloads\FISH DATASET\FISH DATASET\proof_frames_fish_frames_200\fish5\fish5_frame003886_front_mask.png
fish5,3887,C:\Users\shain\Downloads\FISH DATASET\FISH DATASET\proof_frames_fish_frames_200\fish5\fish5_frame003887_top.jpg,C:\Users\shain\Downloads\FISH DATASET\FISH DATASET\proof_frames_fish_frames_200\fish5\fish5_frame003887_front.jpg,C:\Users\shain\Downloads\FISH DATASET\FISH DATASET\proof_frames_fish_frames_200\fish5\fish5_frame003887_top_mask.png,C:\Users\shain\Downloads\FISH DATASET\FISH DATASET\proof_frames_fish_frames_200\fish5\fish5_frame003887_front_mask.png
fish5,3888,C:\Users\shain\Downloads\FISH DATASET\FISH DATASET\proof_frames_fish_frames_200\fish5\fish5_frame003888_top.jpg,C:\Users\shain\Downloads\FISH DATASET\FISH DATASET\proof_frames_fish_frames_200\fish5\fish5_frame003888_front.jpg,C:\Users\shain\Downloads\FISH DATASET\FISH DATASET\proof_frames_fish_frames_200\fish5\fish5_frame003888_top_mask.png,C:\Users\shain\Downloads\FISH DATASET\FISH DATASET\proof_frames_fish_frames_200\fish5\fish5_frame003888_front_mask.png
fish5,3889,C:\Users\shain\Downloads\FISH DATASET\FISH DATASET\proof_frames_fish_frames_200\fish5\fish5_frame003889_top.jpg,C:\Users\shain\Downloads\FISH DATASET\FISH DATASET\proof_frames_fish_frames_200\fish5\fish5_frame003889_front.jpg,C:\Users\shain\Downloads\FISH DATASET\FISH DATASET\proof_frames_fish_frames_200\fish5\fish5_frame003889_top_mask.png,C:\Users\shain\Downloads\FISH DATASET\FISH DATASET\proof_frames_fish_frames_200\fish5\fish5_frame003889_front_mask.png
fish5,3890,C:\Users\shain\Downloads\FISH DATASET\FISH DATASET\proof_frames_fish_frames_200\fish5\fish5_frame003890_top.jpg,C:\Users\shain\Downloads\FISH DATASET\FISH DATASET\proof_frames_fish_frames_200\fish5\fish5_frame003890_front.jpg,C:\Users\shain\Downloads\FISH DATASET\FISH DATASET\proof_frames_fish_frames_200\fish5\fish5_frame003890_top_mask.png,C:\Users\shain\Downloads\FISH DATASET\FISH DATASET\proof_frames_fish_frames_200\fish5\fish5_frame003890_front_mask.png
fish5,3891,C:\Users\shain\Downloads\FISH DATASET\FISH DATASET\proof_frames_fish_frames_200\fish5\fish5_frame003891_top.jpg,C:\Users\shain\Downloads\FISH DATASET\FISH DATASET\proof_frames_fish_frames_200\fish5\fish5_frame003891_front.jpg,C:\Users\shain\Downloads\FISH DATASET\FISH DATASET\proof_frames_fish_frames_200\fish5\fish5_frame003891_top_mask.png,C:\Users\shain\Downloads\FISH DATASET\FISH DATASET\proof_frames_fish_frames_200\fish5\fish5_frame003891_front_mask.png
fish5,3892,C:\Users\shain\Downloads\FISH DATASET\FISH DATASET\proof_frames_fish_frames_200\fish5\fish5_frame003892_top.jpg,C:\Users\shain\Downloads\FISH DATASET\FISH DATASET\proof_frames_fish_frames_200\fish5\fish5_frame003892_front.jpg,C:\Users\shain\Downloads\FISH DATASET\FISH DATASET\proof_frames_fish_frames_200\fish5\fish5_frame003892_top_mask.png,C:\Users\shain\Downloads\FISH DATASET\FISH DATASET\proof_frames_fish_frames_200\fish5\fish5_frame003892_front_mask.png
fish5,3893,C:\Users\shain\Downloads\FISH DATASET\FISH DATASET\proof_frames_fish_frames_200\fish5\fish5_frame003893_top.jpg,C:\Users\shain\Downloads\FISH DATASET\FISH DATASET\proof_frames_fish_frames_200\fish5\fish5_frame003893_front.jpg,C:\Users\shain\Downloads\FISH DATASET\FISH DATASET\proof_frames_fish_frames_200\fish5\fish5_frame003893_top_mask.png,C:\Users\shain\Downloads\FISH DATASET\FISH DATASET\proof_frames_fish_frames_200\fish5\fish5_frame003893_front_mask.png
fish5,3894,C:\Users\shain\Downloads\FISH DATASET\FISH DATASET\proof_frames_fish_frames_200\fish5\fish5_frame003894_top.jpg,C:\Users\shain\Downloads\FISH DATASET\FISH DATASET\proof_frames_fish_frames_200\fish5\fish5_frame003894_front.jpg,C:\Users\shain\Downloads\FISH DATASET\FISH DATASET\proof_frames_fish_frames_200\fish5\fish5_frame003894_top_mask.png,C:\Users\shain\Downloads\FISH DATASET\FISH DATASET\proof_frames_fish_frames_200\fish5\fish5_frame003894_front_mask.png
fish5,3895,C:\Users\shain\Downloads\FISH DATASET\FISH DATASET\proof_frames_fish_frames_200\fish5\fish5_frame003895_top.jpg,C:\Users\shain\Downloads\FISH DATASET\FISH DATASET\proof_frames_fish_frames_200\fish5\fish5_frame003895_front.jpg,C:\Users\shain\Downloads\FISH DATASET\FISH DATASET\proof_frames_fish_frames_200\fish5\fish5_frame003895_top_mask.png,C:\Users\shain\Downloads\FISH DATASET\FISH DATASET\proof_frames_fish_frames_200\fish5\fish5_frame003895_front_mask.png
fish5,3896,C:\Users\shain\Downloads\FISH DATASET\FISH DATASET\proof_frames_fish_frames_200\fish5\fish5_frame003896_top.jpg,C:\Users\shain\Downloads\FISH DATASET\FISH DATASET\proof_frames_fish_frames_200\fish5\fish5_frame003896_front.jpg,C:\Users\shain\Downloads\FISH DATASET\FISH DATASET\proof_frames_fish_frames_200\fish5\fish5_frame003896_top_mask.png,C:\Users\shain\Downloads\FISH DATASET\FISH DATASET\proof_frames_fish_frames_200\fish5\fish5_frame003896_front_mask.png
fish5,3897,C:\Users\shain\Downloads\FISH DATASET\FISH DATASET\proof_frames_fish_frames_200\fish5\fish5_frame003897_top.jpg,C:\Users\shain\Downloads\FISH DATASET\FISH DATASET\proof_frames_fish_frames_200\fish5\fish5_frame003897_front.jpg,C:\Users\shain\Downloads\FISH DATASET\FISH DATASET\proof_frames_fish_frames_200\fish5\fish5_frame003897_top_mask.png,C:\Users\shain\Downloads\FISH DATASET\FISH DATASET\proof_frames_fish_frames_200\fish5\fish5_frame003897_front_mask.png
fish5,3898,C:\Users\shain\Downloads\FISH DATASET\FISH DATASET\proof_frames_fish_frames_200\fish5\fish5_frame003898_top.jpg,C:\Users\shain\Downloads\FISH DATASET\FISH DATASET\proof_frames_fish_frames_200\fish5\fish5_frame003898_front.jpg,C:\Users\shain\Downloads\FISH DATASET\FISH DATASET\proof_frames_fish_frames_200\fish5\fish5_frame003898_top_mask.png,C:\Users\shain\Downloads\FISH DATASET\FISH DATASET\proof_frames_fish_frames_200\fish5\fish5_frame003898_front_mask.png
fish5,3899,C:\Users\shain\Downloads\FISH DATASET\FISH DATASET\proof_frames_fish_frames_200\fish5\fish5_frame003899_top.jpg,C:\Users\shain\Downloads\FISH DATASET\FISH DATASET\proof_frames_fish_frames_200\fish5\fish5_frame003899_front.jpg,C:\Users\shain\Downloads\FISH DATASET\FISH DATASET\proof_frames_fish_frames_200\fish5\fish5_frame003899_top_mask.png,C:\Users\shain\Downloads\FISH DATASET\FISH DATASET\proof_frames_fish_frames_200\fish5\fish5_frame003899_front_mask.png
fish5,3900,C:\Users\shain\Downloads\FISH DATASET\FISH DATASET\proof_frames_fish_frames_200\fish5\fish5_frame003900_top.jpg,C:\Users\shain\Downloads\FISH DATASET\FISH DATASET\proof_frames_fish_frames_200\fish5\fish5_frame003900_front.jpg,C:\Users\shain\Downloads\FISH DATASET\FISH DATASET\proof_frames_fish_frames_200\fish5\fish5_frame003900_top_mask.png,C:\Users\shain\Downloads\FISH DATASET\FISH DATASET\proof_frames_fish_frames_200\fish5\fish5_frame003900_front_mask.png
fish5,3901,C:\Users\shain\Downloads\FISH DATASET\FISH DATASET\proof_frames_fish_frames_200\fish5\fish5_frame003901_top.jpg,C:\Users\shain\Downloads\FISH DATASET\FISH DATASET\proof_frames_fish_frames_200\fish5\fish5_frame003901_front.jpg,C:\Users\shain\Downloads\FISH DATASET\FISH DATASET\proof_frames_fish_frames_200\fish5\fish5_frame003901_top_mask.png,C:\Users\shain\Downloads\FISH DATASET\FISH DATASET\proof_frames_fish_frames_200\fish5\fish5_frame003901_front_mask.png
fish5,3902,C:\Users\shain\Downloads\FISH DATASET\FISH DATASET\proof_frames_fish_frames_200\fish5\fish5_frame003902_top.jpg,C:\Users\shain\Downloads\FISH DATASET\FISH DATASET\proof_frames_fish_frames_200\fish5\fish5_frame003902_front.jpg,C:\Users\shain\Downloads\FISH DATASET\FISH DATASET\proof_frames_fish_frames_200\fish5\fish5_frame003902_top_mask.png,C:\Users\shain\Downloads\FISH DATASET\FISH DATASET\proof_frames_fish_frames_200\fish5\fish5_frame003902_front_mask.png
fish5,3903,C:\Users\shain\Downloads\FISH DATASET\FISH DATASET\proof_frames_fish_frames_200\fish5\fish5_frame003903_top.jpg,C:\Users\shain\Downloads\FISH DATASET\FISH DATASET\proof_frames_fish_frames_200\fish5\fish5_frame003903_front.jpg,C:\Users\shain\Downloads\FISH DATASET\FISH DATASET\proof_frames_fish_frames_200\fish5\fish5_frame003903_top_mask.png,C:\Users\shain\Downloads\FISH DATASET\FISH DATASET\proof_frames_fish_frames_200\fish5\fish5_frame003903_front_mask.png
fish5,3904,C:\Users\shain\Downloads\FISH DATASET\FISH DATASET\proof_frames_fish_frames_200\fish5\fish5_frame003904_top.jpg,C:\Users\shain\Downloads\FISH DATASET\FISH DATASET\proof_frames_fish_frames_200\fish5\fish5_frame003904_front.jpg,C:\Users\shain\Downloads\FISH DATASET\FISH DATASET\proof_frames_fish_frames_200\fish5\fish5_frame003904_top_mask.png,C:\Users\shain\Downloads\FISH DATASET\FISH DATASET\proof_frames_fish_frames_200\fish5\fish5_frame003904_front_mask.png
fish5,3905,C:\Users\shain\Downloads\FISH DATASET\FISH DATASET\proof_frames_fish_frames_200\fish5\fish5_frame003905_top.jpg,C:\Users\shain\Downloads\FISH DATASET\FISH DATASET\proof_frames_fish_frames_200\fish5\fish5_frame003905_front.jpg,C:\Users\shain\Downloads\FISH DATASET\FISH DATASET\proof_frames_fish_frames_200\fish5\fish5_frame003905_top_mask.png,C:\Users\shain\Downloads\FISH DATASET\FISH DATASET\proof_frames_fish_frames_200\fish5\fish5_frame003905_front_mask.png
fish5,3906,C:\Users\shain\Downloads\FISH DATASET\FISH DATASET\proof_frames_fish_frames_200\fish5\fish5_frame003906_top.jpg,C:\Users\shain\Downloads\FISH DATASET\FISH DATASET\proof_frames_fish_frames_200\fish5\fish5_frame003906_front.jpg,C:\Users\shain\Downloads\FISH DATASET\FISH DATASET\proof_frames_fish_frames_200\fish5\fish5_frame003906_top_mask.png,C:\Users\shain\Downloads\FISH DATASET\FISH DATASET\proof_frames_fish_frames_200\fish5\fish5_frame003906_front_mask.png
fish5,3907,C:\Users\shain\Downloads\FISH DATASET\FISH DATASET\proof_frames_fish_frames_200\fish5\fish5_frame003907_top.jpg,C:\Users\shain\Downloads\FISH DATASET\FISH DATASET\proof_frames_fish_frames_200\fish5\fish5_frame003907_front.jpg,C:\Users\shain\Downloads\FISH DATASET\FISH DATASET\proof_frames_fish_frames_200\fish5\fish5_frame003907_top_mask.png,C:\Users\shain\Downloads\FISH DATASET\FISH DATASET\proof_frames_fish_frames_200\fish5\fish5_frame003907_front_mask.png
fish5,3908,C:\Users\shain\Downloads\FISH DATASET\FISH DATASET\proof_frames_fish_frames_200\fish5\fish5_frame003908_top.jpg,C:\Users\shain\Downloads\FISH DATASET\FISH DATASET\proof_frames_fish_frames_200\fish5\fish5_frame003908_front.jpg,C:\Users\shain\Downloads\FISH DATASET\FISH DATASET\proof_frames_fish_frames_200\fish5\fish5_frame003908_top_mask.png,C:\Users\shain\Downloads\FISH DATASET\FISH DATASET\proof_frames_fish_frames_200\fish5\fish5_frame003908_front_mask.png
fish5,3909,C:\Users\shain\Downloads\FISH DATASET\FISH DATASET\proof_frames_fish_frames_200\fish5\fish5_frame003909_top.jpg,C:\Users\shain\Downloads\FISH DATASET\FISH DATASET\proof_frames_fish_frames_200\fish5\fish5_frame003909_front.jpg,C:\Users\shain\Downloads\FISH DATASET\FISH DATASET\proof_frames_fish_frames_200\fish5\fish5_frame003909_top_mask.png,C:\Users\shain\Downloads\FISH DATASET\FISH DATASET\proof_frames_fish_frames_200\fish5\fish5_frame003909_front_mask.png
fish5,3910,C:\Users\shain\Downloads\FISH DATASET\FISH DATASET\proof_frames_fish_frames_200\fish5\fish5_frame003910_top.jpg,C:\Users\shain\Downloads\FISH DATASET\FISH DATASET\proof_frames_fish_frames_200\fish5\fish5_frame003910_front.jpg,C:\Users\shain\Downloads\FISH DATASET\FISH DATASET\proof_frames_fish_frames_200\fish5\fish5_frame003910_top_mask.png,C:\Users\shain\Downloads\FISH DATASET\FISH DATASET\proof_frames_fish_frames_200\fish5\fish5_frame003910_front_mask.png
fish5,3911,C:\Users\shain\Downloads\FISH DATASET\FISH DATASET\proof_frames_fish_frames_200\fish5\fish5_frame003911_top.jpg,C:\Users\shain\Downloads\FISH DATASET\FISH DATASET\proof_frames_fish_frames_200\fish5\fish5_frame003911_front.jpg,C:\Users\shain\Downloads\FISH DATASET\FISH DATASET\proof_frames_fish_frames_200\fish5\fish5_frame003911_top_mask.png,C:\Users\shain\Downloads\FISH DATASET\FISH DATASET\proof_frames_fish_frames_200\fish5\fish5_frame003911_front_mask.png
fish5,3912,C:\Users\shain\Downloads\FISH DATASET\FISH DATASET\proof_frames_fish_frames_200\fish5\fish5_frame003912_top.jpg,C:\Users\shain\Downloads\FISH DATASET\FISH DATASET\proof_frames_fish_frames_200\fish5\fish5_frame003912_front.jpg,C:\Users\shain\Downloads\FISH DATASET\FISH DATASET\proof_frames_fish_frames_200\fish5\fish5_frame003912_top_mask.png,C:\Users\shain\Downloads\FISH DATASET\FISH DATASET\proof_frames_fish_frames_200\fish5\fish5_frame003912_front_mask.png
fish5,3913,C:\Users\shain\Downloads\FISH DATASET\FISH DATASET\proof_frames_fish_frames_200\fish5\fish5_frame003913_top.jpg,C:\Users\shain\Downloads\FISH DATASET\FISH DATASET\proof_frames_fish_frames_200\fish5\fish5_frame003913_front.jpg,C:\Users\shain\Downloads\FISH DATASET\FISH DATASET\proof_frames_fish_frames_200\fish5\fish5_frame003913_top_mask.png,C:\Users\shain\Downloads\FISH DATASET\FISH DATASET\proof_frames_fish_frames_200\fish5\fish5_frame003913_front_mask.png
fish5,3914,C:\Users\shain\Downloads\FISH DATASET\FISH DATASET\proof_frames_fish_frames_200\fish5\fish5_frame003914_top.jpg,C:\Users\shain\Downloads\FISH DATASET\FISH DATASET\proof_frames_fish_frames_200\fish5\fish5_frame003914_front.jpg,C:\Users\shain\Downloads\FISH DATASET\FISH DATASET\proof_frames_fish_frames_200\fish5\fish5_frame003914_top_mask.png,C:\Users\shain\Downloads\FISH DATASET\FISH DATASET\proof_frames_fish_frames_200\fish5\fish5_frame003914_front_mask.png
fish5,3915,C:\Users\shain\Downloads\FISH DATASET\FISH DATASET\proof_frames_fish_frames_200\fish5\fish5_frame003915_top.jpg,C:\Users\shain\Downloads\FISH DATASET\FISH DATASET\proof_frames_fish_frames_200\fish5\fish5_frame003915_front.jpg,C:\Users\shain\Downloads\FISH DATASET\FISH DATASET\proof_frames_fish_frames_200\fish5\fish5_frame003915_top_mask.png,C:\Users\shain\Downloads\FISH DATASET\FISH DATASET\proof_frames_fish_frames_200\fish5\fish5_frame003915_front_mask.png
fish5,3916,C:\Users\shain\Downloads\FISH DATASET\FISH DATASET\proof_frames_fish_frames_200\fish5\fish5_frame003916_top.jpg,C:\Users\shain\Downloads\FISH DATASET\FISH DATASET\proof_frames_fish_frames_200\fish5\fish5_frame003916_front.jpg,C:\Users\shain\Downloads\FISH DATASET\FISH DATASET\proof_frames_fish_frames_200\fish5\fish5_frame003916_top_mask.png,C:\Users\shain\Downloads\FISH DATASET\FISH DATASET\proof_frames_fish_frames_200\fish5\fish5_frame003916_front_mask.png
fish5,3917,C:\Users\shain\Downloads\FISH DATASET\FISH DATASET\proof_frames_fish_frames_200\fish5\fish5_frame003917_top.jpg,C:\Users\shain\Downloads\FISH DATASET\FISH DATASET\proof_frames_fish_frames_200\fish5\fish5_frame003917_front.jpg,C:\Users\shain\Downloads\FISH DATASET\FISH DATASET\proof_frames_fish_frames_200\fish5\fish5_frame003917_top_mask.png,C:\Users\shain\Downloads\FISH DATASET\FISH DATASET\proof_frames_fish_frames_200\fish5\fish5_frame003917_front_mask.png
fish5,3918,C:\Users\shain\Downloads\FISH DATASET\FISH DATASET\proof_frames_fish_frames_200\fish5\fish5_frame003918_top.jpg,C:\Users\shain\Downloads\FISH DATASET\FISH DATASET\proof_frames_fish_frames_200\fish5\fish5_frame003918_front.jpg,C:\Users\shain\Downloads\FISH DATASET\FISH DATASET\proof_frames_fish_frames_200\fish5\fish5_frame003918_top_mask.png,C:\Users\shain\Downloads\FISH DATASET\FISH DATASET\proof_frames_fish_frames_200\fish5\fish5_frame003918_front_mask.png
fish5,3919,C:\Users\shain\Downloads\FISH DATASET\FISH DATASET\proof_frames_fish_frames_200\fish5\fish5_frame003919_top.jpg,C:\Users\shain\Downloads\FISH DATASET\FISH DATASET\proof_frames_fish_frames_200\fish5\fish5_frame003919_front.jpg,C:\Users\shain\Downloads\FISH DATASET\FISH DATASET\proof_frames_fish_frames_200\fish5\fish5_frame003919_top_mask.png,C:\Users\shain\Downloads\FISH DATASET\FISH DATASET\proof_frames_fish_frames_200\fish5\fish5_frame003919_front_mask.png
fish5,3920,C:\Users\shain\Downloads\FISH DATASET\FISH DATASET\proof_frames_fish_frames_200\fish5\fish5_frame003920_top.jpg,C:\Users\shain\Downloads\FISH DATASET\FISH DATASET\proof_frames_fish_frames_200\fish5\fish5_frame003920_front.jpg,C:\Users\shain\Downloads\FISH DATASET\FISH DATASET\proof_frames_fish_frames_200\fish5\fish5_frame003920_top_mask.png,C:\Users\shain\Downloads\FISH DATASET\FISH DATASET\proof_frames_fish_frames_200\fish5\fish5_frame003920_front_mask.png
fish5,3921,C:\Users\shain\Downloads\FISH DATASET\FISH DATASET\proof_frames_fish_frames_200\fish5\fish5_frame003921_top.jpg,C:\Users\shain\Downloads\FISH DATASET\FISH DATASET\proof_frames_fish_frames_200\fish5\fish5_frame003921_front.jpg,C:\Users\shain\Downloads\FISH DATASET\FISH DATASET\proof_frames_fish_frames_200\fish5\fish5_frame003921_top_mask.png,C:\Users\shain\Downloads\FISH DATASET\FISH DATASET\proof_frames_fish_frames_200\fish5\fish5_frame003921_front_mask.png
fish5,3922,C:\Users\shain\Downloads\FISH DATASET\FISH DATASET\proof_frames_fish_frames_200\fish5\fish5_frame003922_top.jpg,C:\Users\shain\Downloads\FISH DATASET\FISH DATASET\proof_frames_fish_frames_200\fish5\fish5_frame003922_front.jpg,C:\Users\shain\Downloads\FISH DATASET\FISH DATASET\proof_frames_fish_frames_200\fish5\fish5_frame003922_top_mask.png,C:\Users\shain\Downloads\FISH DATASET\FISH DATASET\proof_frames_fish_frames_200\fish5\fish5_frame003922_front_mask.png
fish5,3923,C:\Users\shain\Downloads\FISH DATASET\FISH DATASET\proof_frames_fish_frames_200\fish5\fish5_frame003923_top.jpg,C:\Users\shain\Downloads\FISH DATASET\FISH DATASET\proof_frames_fish_frames_200\fish5\fish5_frame003923_front.jpg,C:\Users\shain\Downloads\FISH DATASET\FISH DATASET\proof_frames_fish_frames_200\fish5\fish5_frame003923_top_mask.png,C:\Users\shain\Downloads\FISH DATASET\FISH DATASET\proof_frames_fish_frames_200\fish5\fish5_frame003923_front_mask.png
fish5,3924,C:\Users\shain\Downloads\FISH DATASET\FISH DATASET\proof_frames_fish_frames_200\fish5\fish5_frame003924_top.jpg,C:\Users\shain\Downloads\FISH DATASET\FISH DATASET\proof_frames_fish_frames_200\fish5\fish5_frame003924_front.jpg,C:\Users\shain\Downloads\FISH DATASET\FISH DATASET\proof_frames_fish_frames_200\fish5\fish5_frame003924_top_mask.png,C:\Users\shain\Downloads\FISH DATASET\FISH DATASET\proof_frames_fish_frames_200\fish5\fish5_frame003924_front_mask.png
fish5,3925,C:\Users\shain\Downloads\FISH DATASET\FISH DATASET\proof_frames_fish_frames_200\fish5\fish5_frame003925_top.jpg,C:\Users\shain\Downloads\FISH DATASET\FISH DATASET\proof_frames_fish_frames_200\fish5\fish5_frame003925_front.jpg,C:\Users\shain\Downloads\FISH DATASET\FISH DATASET\proof_frames_fish_frames_200\fish5\fish5_frame003925_top_mask.png,C:\Users\shain\Downloads\FISH DATASET\FISH DATASET\proof_frames_fish_frames_200\fish5\fish5_frame003925_front_mask.png
fish5,3926,C:\Users\shain\Downloads\FISH DATASET\FISH DATASET\proof_frames_fish_frames_200\fish5\fish5_frame003926_top.jpg,C:\Users\shain\Downloads\FISH DATASET\FISH DATASET\proof_frames_fish_frames_200\fish5\fish5_frame003926_front.jpg,C:\Users\shain\Downloads\FISH DATASET\FISH DATASET\proof_frames_fish_frames_200\fish5\fish5_frame003926_top_mask.png,C:\Users\shain\Downloads\FISH DATASET\FISH DATASET\proof_frames_fish_frames_200\fish5\fish5_frame003926_front_mask.png
fish5,3927,C:\Users\shain\Downloads\FISH DATASET\FISH DATASET\proof_frames_fish_frames_200\fish5\fish5_frame003927_top.jpg,C:\Users\shain\Downloads\FISH DATASET\FISH DATASET\proof_frames_fish_frames_200\fish5\fish5_frame003927_front.jpg,C:\Users\shain\Downloads\FISH DATASET\FISH DATASET\proof_frames_fish_frames_200\fish5\fish5_frame003927_top_mask.png,C:\Users\shain\Downloads\FISH DATASET\FISH DATASET\proof_frames_fish_frames_200\fish5\fish5_frame003927_front_mask.png
fish5,3928,C:\Users\shain\Downloads\FISH DATASET\FISH DATASET\proof_frames_fish_frames_200\fish5\fish5_frame003928_top.jpg,C:\Users\shain\Downloads\FISH DATASET\FISH DATASET\proof_frames_fish_frames_200\fish5\fish5_frame003928_front.jpg,C:\Users\shain\Downloads\FISH DATASET\FISH DATASET\proof_frames_fish_frames_200\fish5\fish5_frame003928_top_mask.png,C:\Users\shain\Downloads\FISH DATASET\FISH DATASET\proof_frames_fish_frames_200\fish5\fish5_frame003928_front_mask.png
fish5,3929,C:\Users\shain\Downloads\FISH DATASET\FISH DATASET\proof_frames_fish_frames_200\fish5\fish5_frame003929_top.jpg,C:\Users\shain\Downloads\FISH DATASET\FISH DATASET\proof_frames_fish_frames_200\fish5\fish5_frame003929_front.jpg,C:\Users\shain\Downloads\FISH DATASET\FISH DATASET\proof_frames_fish_frames_200\fish5\fish5_frame003929_top_mask.png,C:\Users\shain\Downloads\FISH DATASET\FISH DATASET\proof_frames_fish_frames_200\fish5\fish5_frame003929_front_mask.png
fish5,3930,C:\Users\shain\Downloads\FISH DATASET\FISH DATASET\proof_frames_fish_frames_200\fish5\fish5_frame003930_top.jpg,C:\Users\shain\Downloads\FISH DATASET\FISH DATASET\proof_frames_fish_frames_200\fish5\fish5_frame003930_front.jpg,C:\Users\shain\Downloads\FISH DATASET\FISH DATASET\proof_frames_fish_frames_200\fish5\fish5_frame003930_top_mask.png,C:\Users\shain\Downloads\FISH DATASET\FISH DATASET\proof_frames_fish_frames_200\fish5\fish5_frame003930_front_mask.png
fish5,3931,C:\Users\shain\Downloads\FISH DATASET\FISH DATASET\proof_frames_fish_frames_200\fish5\fish5_frame003931_top.jpg,C:\Users\shain\Downloads\FISH DATASET\FISH DATASET\proof_frames_fish_frames_200\fish5\fish5_frame003931_front.jpg,C:\Users\shain\Downloads\FISH DATASET\FISH DATASET\proof_frames_fish_frames_200\fish5\fish5_frame003931_top_mask.png,C:\Users\shain\Downloads\FISH DATASET\FISH DATASET\proof_frames_fish_frames_200\fish5\fish5_frame003931_front_mask.png
fish5,3932,C:\Users\shain\Downloads\FISH DATASET\FISH DATASET\proof_frames_fish_frames_200\fish5\fish5_frame003932_top.jpg,C:\Users\shain\Downloads\FISH DATASET\FISH DATASET\proof_frames_fish_frames_200\fish5\fish5_frame003932_front.jpg,C:\Users\shain\Downloads\FISH DATASET\FISH DATASET\proof_frames_fish_frames_200\fish5\fish5_frame003932_top_mask.png,C:\Users\shain\Downloads\FISH DATASET\FISH DATASET\proof_frames_fish_frames_200\fish5\fish5_frame003932_front_mask.png
fish5,3933,C:\Users\shain\Downloads\FISH DATASET\FISH DATASET\proof_frames_fish_frames_200\fish5\fish5_frame003933_top.jpg,C:\Users\shain\Downloads\FISH DATASET\FISH DATASET\proof_frames_fish_frames_200\fish5\fish5_frame003933_front.jpg,C:\Users\shain\Downloads\FISH DATASET\FISH DATASET\proof_frames_fish_frames_200\fish5\fish5_frame003933_top_mask.png,C:\Users\shain\Downloads\FISH DATASET\FISH DATASET\proof_frames_fish_frames_200\fish5\fish5_frame003933_front_mask.png
fish5,3934,C:\Users\shain\Downloads\FISH DATASET\FISH DATASET\proof_frames_fish_frames_200\fish5\fish5_frame003934_top.jpg,C:\Users\shain\Downloads\FISH DATASET\FISH DATASET\proof_frames_fish_frames_200\fish5\fish5_frame003934_front.jpg,C:\Users\shain\Downloads\FISH DATASET\FISH DATASET\proof_frames_fish_frames_200\fish5\fish5_frame003934_top_mask.png,C:\Users\shain\Downloads\FISH DATASET\FISH DATASET\proof_frames_fish_frames_200\fish5\fish5_frame003934_front_mask.png
fish5,3935,C:\Users\shain\Downloads\FISH DATASET\FISH DATASET\proof_frames_fish_frames_200\fish5\fish5_frame003935_top.jpg,C:\Users\shain\Downloads\FISH DATASET\FISH DATASET\proof_frames_fish_frames_200\fish5\fish5_frame003935_front.jpg,C:\Users\shain\Downloads\FISH DATASET\FISH DATASET\proof_frames_fish_frames_200\fish5\fish5_frame003935_top_mask.png,C:\Users\shain\Downloads\FISH DATASET\FISH DATASET\proof_frames_fish_frames_200\fish5\fish5_frame003935_front_mask.png
fish5,3936,C:\Users\shain\Downloads\FISH DATASET\FISH DATASET\proof_frames_fish_frames_200\fish5\fish5_frame003936_top.jpg,C:\Users\shain\Downloads\FISH DATASET\FISH DATASET\proof_frames_fish_frames_200\fish5\fish5_frame003936_front.jpg,C:\Users\shain\Downloads\FISH DATASET\FISH DATASET\proof_frames_fish_frames_200\fish5\fish5_frame003936_top_mask.png,C:\Users\shain\Downloads\FISH DATASET\FISH DATASET\proof_frames_fish_frames_200\fish5\fish5_frame003936_front_mask.png
fish5,3937,C:\Users\shain\Downloads\FISH DATASET\FISH DATASET\proof_frames_fish_frames_200\fish5\fish5_frame003937_top.jpg,C:\Users\shain\Downloads\FISH DATASET\FISH DATASET\proof_frames_fish_frames_200\fish5\fish5_frame003937_front.jpg,C:\Users\shain\Downloads\FISH DATASET\FISH DATASET\proof_frames_fish_frames_200\fish5\fish5_frame003937_top_mask.png,C:\Users\shain\Downloads\FISH DATASET\FISH DATASET\proof_frames_fish_frames_200\fish5\fish5_frame003937_front_mask.png
fish5,3938,C:\Users\shain\Downloads\FISH DATASET\FISH DATASET\proof_frames_fish_frames_200\fish5\fish5_frame003938_top.jpg,C:\Users\shain\Downloads\FISH DATASET\FISH DATASET\proof_frames_fish_frames_200\fish5\fish5_frame003938_front.jpg,C:\Users\shain\Downloads\FISH DATASET\FISH DATASET\proof_frames_fish_frames_200\fish5\fish5_frame003938_top_mask.png,C:\Users\shain\Downloads\FISH DATASET\FISH DATASET\proof_frames_fish_frames_200\fish5\fish5_frame003938_front_mask.png
fish5,3939,C:\Users\shain\Downloads\FISH DATASET\FISH DATASET\proof_frames_fish_frames_200\fish5\fish5_frame003939_top.jpg,C:\Users\shain\Downloads\FISH DATASET\FISH DATASET\proof_frames_fish_frames_200\fish5\fish5_frame003939_front.jpg,C:\Users\shain\Downloads\FISH DATASET\FISH DATASET\proof_frames_fish_frames_200\fish5\fish5_frame003939_top_mask.png,C:\Users\shain\Downloads\FISH DATASET\FISH DATASET\proof_frames_fish_frames_200\fish5\fish5_frame003939_front_mask.png
fish5,3940,C:\Users\shain\Downloads\FISH DATASET\FISH DATASET\proof_frames_fish_frames_200\fish5\fish5_frame003940_top.jpg,C:\Users\shain\Downloads\FISH DATASET\FISH DATASET\proof_frames_fish_frames_200\fish5\fish5_frame003940_front.jpg,C:\Users\shain\Downloads\FISH DATASET\FISH DATASET\proof_frames_fish_frames_200\fish5\fish5_frame003940_top_mask.png,C:\Users\shain\Downloads\FISH DATASET\FISH DATASET\proof_frames_fish_frames_200\fish5\fish5_frame003940_front_mask.png
fish5,3941,C:\Users\shain\Downloads\FISH DATASET\FISH DATASET\proof_frames_fish_frames_200\fish5\fish5_frame003941_top.jpg,C:\Users\shain\Downloads\FISH DATASET\FISH DATASET\proof_frames_fish_frames_200\fish5\fish5_frame003941_front.jpg,C:\Users\shain\Downloads\FISH DATASET\FISH DATASET\proof_frames_fish_frames_200\fish5\fish5_frame003941_top_mask.png,C:\Users\shain\Downloads\FISH DATASET\FISH DATASET\proof_frames_fish_frames_200\fish5\fish5_frame003941_front_mask.png
fish5,3942,C:\Users\shain\Downloads\FISH DATASET\FISH DATASET\proof_frames_fish_frames_200\fish5\fish5_frame003942_top.jpg,C:\Users\shain\Downloads\FISH DATASET\FISH DATASET\proof_frames_fish_frames_200\fish5\fish5_frame003942_front.jpg,C:\Users\shain\Downloads\FISH DATASET\FISH DATASET\proof_frames_fish_frames_200\fish5\fish5_frame003942_top_mask.png,C:\Users\shain\Downloads\FISH DATASET\FISH DATASET\proof_frames_fish_frames_200\fish5\fish5_frame003942_front_mask.png
fish5,3943,C:\Users\shain\Downloads\FISH DATASET\FISH DATASET\proof_frames_fish_frames_200\fish5\fish5_frame003943_top.jpg,C:\Users\shain\Downloads\FISH DATASET\FISH DATASET\proof_frames_fish_frames_200\fish5\fish5_frame003943_front.jpg,C:\Users\shain\Downloads\FISH DATASET\FISH DATASET\proof_frames_fish_frames_200\fish5\fish5_frame003943_top_mask.png,C:\Users\shain\Downloads\FISH DATASET\FISH DATASET\proof_frames_fish_frames_200\fish5\fish5_frame003943_front_mask.png
fish5,3944,C:\Users\shain\Downloads\FISH DATASET\FISH DATASET\proof_frames_fish_frames_200\fish5\fish5_frame003944_top.jpg,C:\Users\shain\Downloads\FISH DATASET\FISH DATASET\proof_frames_fish_frames_200\fish5\fish5_frame003944_front.jpg,C:\Users\shain\Downloads\FISH DATASET\FISH DATASET\proof_frames_fish_frames_200\fish5\fish5_frame003944_top_mask.png,C:\Users\shain\Downloads\FISH DATASET\FISH DATASET\proof_frames_fish_frames_200\fish5\fish5_frame003944_front_mask.png
fish5,3945,C:\Users\shain\Downloads\FISH DATASET\FISH DATASET\proof_frames_fish_frames_200\fish5\fish5_frame003945_top.jpg,C:\Users\shain\Downloads\FISH DATASET\FISH DATASET\proof_frames_fish_frames_200\fish5\fish5_frame003945_front.jpg,C:\Users\shain\Downloads\FISH DATASET\FISH DATASET\proof_frames_fish_frames_200\fish5\fish5_frame003945_top_mask.png,C:\Users\shain\Downloads\FISH DATASET\FISH DATASET\proof_frames_fish_frames_200\fish5\fish5_frame003945_front_mask.png
fish5,3946,C:\Users\shain\Downloads\FISH DATASET\FISH DATASET\proof_frames_fish_frames_200\fish5\fish5_frame003946_top.jpg,C:\Users\shain\Downloads\FISH DATASET\FISH DATASET\proof_frames_fish_frames_200\fish5\fish5_frame003946_front.jpg,C:\Users\shain\Downloads\FISH DATASET\FISH DATASET\proof_frames_fish_frames_200\fish5\fish5_frame003946_top_mask.png,C:\Users\shain\Downloads\FISH DATASET\FISH DATASET\proof_frames_fish_frames_200\fish5\fish5_frame003946_front_mask.png
fish5,3947,C:\Users\shain\Downloads\FISH DATASET\FISH DATASET\proof_frames_fish_frames_200\fish5\fish5_frame003947_top.jpg,C:\Users\shain\Downloads\FISH DATASET\FISH DATASET\proof_frames_fish_frames_200\fish5\fish5_frame003947_front.jpg,C:\Users\shain\Downloads\FISH DATASET\FISH DATASET\proof_frames_fish_frames_200\fish5\fish5_frame003947_top_mask.png,C:\Users\shain\Downloads\FISH DATASET\FISH DATASET\proof_frames_fish_frames_200\fish5\fish5_frame003947_front_mask.png
fish5,3948,C:\Users\shain\Downloads\FISH DATASET\FISH DATASET\proof_frames_fish_frames_200\fish5\fish5_frame003948_top.jpg,C:\Users\shain\Downloads\FISH DATASET\FISH DATASET\proof_frames_fish_frames_200\fish5\fish5_frame003948_front.jpg,C:\Users\shain\Downloads\FISH DATASET\FISH DATASET\proof_frames_fish_frames_200\fish5\fish5_frame003948_top_mask.png,C:\Users\shain\Downloads\FISH DATASET\FISH DATASET\proof_frames_fish_frames_200\fish5\fish5_frame003948_front_mask.png
fish5,3949,C:\Users\shain\Downloads\FISH DATASET\FISH DATASET\proof_frames_fish_frames_200\fish5\fish5_frame003949_top.jpg,C:\Users\shain\Downloads\FISH DATASET\FISH DATASET\proof_frames_fish_frames_200\fish5\fish5_frame003949_front.jpg,C:\Users\shain\Downloads\FISH DATASET\FISH DATASET\proof_frames_fish_frames_200\fish5\fish5_frame003949_top_mask.png,C:\Users\shain\Downloads\FISH DATASET\FISH DATASET\proof_frames_fish_frames_200\fish5\fish5_frame003949_front_mask.png
fish5,3950,C:\Users\shain\Downloads\FISH DATASET\FISH DATASET\proof_frames_fish_frames_200\fish5\fish5_frame003950_top.jpg,C:\Users\shain\Downloads\FISH DATASET\FISH DATASET\proof_frames_fish_frames_200\fish5\fish5_frame003950_front.jpg,C:\Users\shain\Downloads\FISH DATASET\FISH DATASET\proof_frames_fish_frames_200\fish5\fish5_frame003950_top_mask.png,C:\Users\shain\Downloads\FISH DATASET\FISH DATASET\proof_frames_fish_frames_200\fish5\fish5_frame003950_front_mask.png
fish5,3951,C:\Users\shain\Downloads\FISH DATASET\FISH DATASET\proof_frames_fish_frames_200\fish5\fish5_frame003951_top.jpg,C:\Users\shain\Downloads\FISH DATASET\FISH DATASET\proof_frames_fish_frames_200\fish5\fish5_frame003951_front.jpg,C:\Users\shain\Downloads\FISH DATASET\FISH DATASET\proof_frames_fish_frames_200\fish5\fish5_frame003951_top_mask.png,C:\Users\shain\Downloads\FISH DATASET\FISH DATASET\proof_frames_fish_frames_200\fish5\fish5_frame003951_front_mask.png
fish5,3952,C:\Users\shain\Downloads\FISH DATASET\FISH DATASET\proof_frames_fish_frames_200\fish5\fish5_frame003952_top.jpg,C:\Users\shain\Downloads\FISH DATASET\FISH DATASET\proof_frames_fish_frames_200\fish5\fish5_frame003952_front.jpg,C:\Users\shain\Downloads\FISH DATASET\FISH DATASET\proof_frames_fish_frames_200\fish5\fish5_frame003952_top_mask.png,C:\Users\shain\Downloads\FISH DATASET\FISH DATASET\proof_frames_fish_frames_200\fish5\fish5_frame003952_front_mask.png
fish5,3953,C:\Users\shain\Downloads\FISH DATASET\FISH DATASET\proof_frames_fish_frames_200\fish5\fish5_frame003953_top.jpg,C:\Users\shain\Downloads\FISH DATASET\FISH DATASET\proof_frames_fish_frames_200\fish5\fish5_frame003953_front.jpg,C:\Users\shain\Downloads\FISH DATASET\FISH DATASET\proof_frames_fish_frames_200\fish5\fish5_frame003953_top_mask.png,C:\Users\shain\Downloads\FISH DATASET\FISH DATASET\proof_frames_fish_frames_200\fish5\fish5_frame003953_front_mask.png
fish5,3954,C:\Users\shain\Downloads\FISH DATASET\FISH DATASET\proof_frames_fish_frames_200\fish5\fish5_frame003954_top.jpg,C:\Users\shain\Downloads\FISH DATASET\FISH DATASET\proof_frames_fish_frames_200\fish5\fish5_frame003954_front.jpg,C:\Users\shain\Downloads\FISH DATASET\FISH DATASET\proof_frames_fish_frames_200\fish5\fish5_frame003954_top_mask.png,C:\Users\shain\Downloads\FISH DATASET\FISH DATASET\proof_frames_fish_frames_200\fish5\fish5_frame003954_front_mask.png
fish5,3955,C:\Users\shain\Downloads\FISH DATASET\FISH DATASET\proof_frames_fish_frames_200\fish5\fish5_frame003955_top.jpg,C:\Users\shain\Downloads\FISH DATASET\FISH DATASET\proof_frames_fish_frames_200\fish5\fish5_frame003955_front.jpg,C:\Users\shain\Downloads\FISH DATASET\FISH DATASET\proof_frames_fish_frames_200\fish5\fish5_frame003955_top_mask.png,C:\Users\shain\Downloads\FISH DATASET\FISH DATASET\proof_frames_fish_frames_200\fish5\fish5_frame003955_front_mask.png
fish5,3956,C:\Users\shain\Downloads\FISH DATASET\FISH DATASET\proof_frames_fish_frames_200\fish5\fish5_frame003956_top.jpg,C:\Users\shain\Downloads\FISH DATASET\FISH DATASET\proof_frames_fish_frames_200\fish5\fish5_frame003956_front.jpg,C:\Users\shain\Downloads\FISH DATASET\FISH DATASET\proof_frames_fish_frames_200\fish5\fish5_frame003956_top_mask.png,C:\Users\shain\Downloads\FISH DATASET\FISH DATASET\proof_frames_fish_frames_200\fish5\fish5_frame003956_front_mask.png
fish5,3957,C:\Users\shain\Downloads\FISH DATASET\FISH DATASET\proof_frames_fish_frames_200\fish5\fish5_frame003957_top.jpg,C:\Users\shain\Downloads\FISH DATASET\FISH DATASET\proof_frames_fish_frames_200\fish5\fish5_frame003957_front.jpg,C:\Users\shain\Downloads\FISH DATASET\FISH DATASET\proof_frames_fish_frames_200\fish5\fish5_frame003957_top_mask.png,C:\Users\shain\Downloads\FISH DATASET\FISH DATASET\proof_frames_fish_frames_200\fish5\fish5_frame003957_front_mask.png
fish5,3958,C:\Users\shain\Downloads\FISH DATASET\FISH DATASET\proof_frames_fish_frames_200\fish5\fish5_frame003958_top.jpg,C:\Users\shain\Downloads\FISH DATASET\FISH DATASET\proof_frames_fish_frames_200\fish5\fish5_frame003958_front.jpg,C:\Users\shain\Downloads\FISH DATASET\FISH DATASET\proof_frames_fish_frames_200\fish5\fish5_frame003958_top_mask.png,C:\Users\shain\Downloads\FISH DATASET\FISH DATASET\proof_frames_fish_frames_200\fish5\fish5_frame003958_front_mask.png
fish5,5269,C:\Users\shain\Downloads\FISH DATASET\FISH DATASET\proof_frames_fish_frames_200\fish5\fish5_frame005269_top.jpg,C:\Users\shain\Downloads\FISH DATASET\FISH DATASET\proof_frames_fish_frames_200\fish5\fish5_frame005269_front.jpg,C:\Users\shain\Downloads\FISH DATASET\FISH DATASET\proof_frames_fish_frames_200\fish5\fish5_frame005269_top_mask.png,C:\Users\shain\Downloads\FISH DATASET\FISH DATASET\proof_frames_fish_frames_200\fish5\fish5_frame005269_front_mask.png
fish5,5270,C:\Users\shain\Downloads\FISH DATASET\FISH DATASET\proof_frames_fish_frames_200\fish5\fish5_frame005270_top.jpg,C:\Users\shain\Downloads\FISH DATASET\FISH DATASET\proof_frames_fish_frames_200\fish5\fish5_frame005270_front.jpg,C:\Users\shain\Downloads\FISH DATASET\FISH DATASET\proof_frames_fish_frames_200\fish5\fish5_frame005270_top_mask.png,C:\Users\shain\Downloads\FISH DATASET\FISH DATASET\proof_frames_fish_frames_200\fish5\fish5_frame005270_front_mask.png
fish5,5271,C:\Users\shain\Downloads\FISH DATASET\FISH DATASET\proof_frames_fish_frames_200\fish5\fish5_frame005271_top.jpg,C:\Users\shain\Downloads\FISH DATASET\FISH DATASET\proof_frames_fish_frames_200\fish5\fish5_frame005271_front.jpg,C:\Users\shain\Downloads\FISH DATASET\FISH DATASET\proof_frames_fish_frames_200\fish5\fish5_frame005271_top_mask.png,C:\Users\shain\Downloads\FISH DATASET\FISH DATASET\proof_frames_fish_frames_200\fish5\fish5_frame005271_front_mask.png
fish5,5272,C:\Users\shain\Downloads\FISH DATASET\FISH DATASET\proof_frames_fish_frames_200\fish5\fish5_frame005272_top.jpg,C:\Users\shain\Downloads\FISH DATASET\FISH DATASET\proof_frames_fish_frames_200\fish5\fish5_frame005272_front.jpg,C:\Users\shain\Downloads\FISH DATASET\FISH DATASET\proof_frames_fish_frames_200\fish5\fish5_frame005272_top_mask.png,C:\Users\shain\Downloads\FISH DATASET\FISH DATASET\proof_frames_fish_frames_200\fish5\fish5_frame005272_front_mask.png
fish5,5273,C:\Users\shain\Downloads\FISH DATASET\FISH DATASET\proof_frames_fish_frames_200\fish5\fish5_frame005273_top.jpg,C:\Users\shain\Downloads\FISH DATASET\FISH DATASET\proof_frames_fish_frames_200\fish5\fish5_frame005273_front.jpg,C:\Users\shain\Downloads\FISH DATASET\FISH DATASET\proof_frames_fish_frames_200\fish5\fish5_frame005273_top_mask.png,C:\Users\shain\Downloads\FISH DATASET\FISH DATASET\proof_frames_fish_frames_200\fish5\fish5_frame005273_front_mask.png
fish5,5275,C:\Users\shain\Downloads\FISH DATASET\FISH DATASET\proof_frames_fish_frames_200\fish5\fish5_frame005275_top.jpg,C:\Users\shain\Downloads\FISH DATASET\FISH DATASET\proof_frames_fish_frames_200\fish5\fish5_frame005275_front.jpg,C:\Users\shain\Downloads\FISH DATASET\FISH DATASET\proof_frames_fish_frames_200\fish5\fish5_frame005275_top_mask.png,C:\Users\shain\Downloads\FISH DATASET\FISH DATASET\proof_frames_fish_frames_200\fish5\fish5_frame005275_front_mask.png
fish5,5951,C:\Users\shain\Downloads\FISH DATASET\FISH DATASET\proof_frames_fish_frames_200\fish5\fish5_frame005951_top.jpg,C:\Users\shain\Downloads\FISH DATASET\FISH DATASET\proof_frames_fish_frames_200\fish5\fish5_frame005951_front.jpg,C:\Users\shain\Downloads\FISH DATASET\FISH DATASET\proof_frames_fish_frames_200\fish5\fish5_frame005951_top_mask.png,C:\Users\shain\Downloads\FISH DATASET\FISH DATASET\proof_frames_fish_frames_200\fish5\fish5_frame005951_front_mask.png
fish5,5952,C:\Users\shain\Downloads\FISH DATASET\FISH DATASET\proof_frames_fish_frames_200\fish5\fish5_frame005952_top.jpg,C:\Users\shain\Downloads\FISH DATASET\FISH DATASET\proof_frames_fish_frames_200\fish5\fish5_frame005952_front.jpg,C:\Users\shain\Downloads\FISH DATASET\FISH DATASET\proof_frames_fish_frames_200\fish5\fish5_frame005952_top_mask.png,C:\Users\shain\Downloads\FISH DATASET\FISH DATASET\proof_frames_fish_frames_200\fish5\fish5_frame005952_front_mask.png
fish5,6647,C:\Users\shain\Downloads\FISH DATASET\FISH DATASET\proof_frames_fish_frames_200\fish5\fish5_frame006647_top.jpg,C:\Users\shain\Downloads\FISH DATASET\FISH DATASET\proof_frames_fish_frames_200\fish5\fish5_frame006647_front.jpg,C:\Users\shain\Downloads\FISH DATASET\FISH DATASET\proof_frames_fish_frames_200\fish5\fish5_frame006647_top_mask.png,C:\Users\shain\Downloads\FISH DATASET\FISH DATASET\proof_frames_fish_frames_200\fish5\fish5_frame006647_front_mask.png
fish5,6648,C:\Users\shain\Downloads\FISH DATASET\FISH DATASET\proof_frames_fish_frames_200\fish5\fish5_frame006648_top.jpg,C:\Users\shain\Downloads\FISH DATASET\FISH DATASET\proof_frames_fish_frames_200\fish5\fish5_frame006648_front.jpg,C:\Users\shain\Downloads\FISH DATASET\FISH DATASET\proof_frames_fish_frames_200\fish5\fish5_frame006648_top_mask.png,C:\Users\shain\Downloads\FISH DATASET\FISH DATASET\proof_frames_fish_frames_200\fish5\fish5_frame006648_front_mask.png
fish5,6649,C:\Users\shain\Downloads\FISH DATASET\FISH DATASET\proof_frames_fish_frames_200\fish5\fish5_frame006649_top.jpg,C:\Users\shain\Downloads\FISH DATASET\FISH DATASET\proof_frames_fish_frames_200\fish5\fish5_frame006649_front.jpg,C:\Users\shain\Downloads\FISH DATASET\FISH DATASET\proof_frames_fish_frames_200\fish5\fish5_frame006649_top_mask.png,C:\Users\shain\Downloads\FISH DATASET\FISH DATASET\proof_frames_fish_frames_200\fish5\fish5_frame006649_front_mask.png
fish5,6650,C:\Users\shain\Downloads\FISH DATASET\FISH DATASET\proof_frames_fish_frames_200\fish5\fish5_frame006650_top.jpg,C:\Users\shain\Downloads\FISH DATASET\FISH DATASET\proof_frames_fish_frames_200\fish5\fish5_frame006650_front.jpg,C:\Users\shain\Downloads\FISH DATASET\FISH DATASET\proof_frames_fish_frames_200\fish5\fish5_frame006650_top_mask.png,C:\Users\shain\Downloads\FISH DATASET\FISH DATASET\proof_frames_fish_frames_200\fish5\fish5_frame006650_front_mask.png
fish5,6698,C:\Users\shain\Downloads\FISH DATASET\FISH DATASET\proof_frames_fish_frames_200\fish5\fish5_frame006698_top.jpg,C:\Users\shain\Downloads\FISH DATASET\FISH DATASET\proof_frames_fish_frames_200\fish5\fish5_frame006698_front.jpg,C:\Users\shain\Downloads\FISH DATASET\FISH DATASET\proof_frames_fish_frames_200\fish5\fish5_frame006698_top_mask.png,C:\Users\shain\Downloads\FISH DATASET\FISH DATASET\proof_frames_fish_frames_200\fish5\fish5_frame006698_front_mask.png
fish5,6699,C:\Users\shain\Downloads\FISH DATASET\FISH DATASET\proof_frames_fish_frames_200\fish5\fish5_frame006699_top.jpg,C:\Users\shain\Downloads\FISH DATASET\FISH DATASET\proof_frames_fish_frames_200\fish5\fish5_frame006699_front.jpg,C:\Users\shain\Downloads\FISH DATASET\FISH DATASET\proof_frames_fish_frames_200\fish5\fish5_frame006699_top_mask.png,C:\Users\shain\Downloads\FISH DATASET\FISH DATASET\proof_frames_fish_frames_200\fish5\fish5_frame006699_front_mask.png
fish5,6700,C:\Users\shain\Downloads\FISH DATASET\FISH DATASET\proof_frames_fish_frames_200\fish5\fish5_frame006700_top.jpg,C:\Users\shain\Downloads\FISH DATASET\FISH DATASET\proof_frames_fish_frames_200\fish5\fish5_frame006700_front.jpg,C:\Users\shain\Downloads\FISH DATASET\FISH DATASET\proof_frames_fish_frames_200\fish5\fish5_frame006700_top_mask.png,C:\Users\shain\Downloads\FISH DATASET\FISH DATASET\proof_frames_fish_frames_200\fish5\fish5_frame006700_front_mask.png
fish5,6703,C:\Users\shain\Downloads\FISH DATASET\FISH DATASET\proof_frames_fish_frames_200\fish5\fish5_frame006703_top.jpg,C:\Users\shain\Downloads\FISH DATASET\FISH DATASET\proof_frames_fish_frames_200\fish5\fish5_frame006703_front.jpg,C:\Users\shain\Downloads\FISH DATASET\FISH DATASET\proof_frames_fish_frames_200\fish5\fish5_frame006703_top_mask.png,C:\Users\shain\Downloads\FISH DATASET\FISH DATASET\proof_frames_fish_frames_200\fish5\fish5_frame006703_front_mask.png
fish5,6704,C:\Users\shain\Downloads\FISH DATASET\FISH DATASET\proof_frames_fish_frames_200\fish5\fish5_frame006704_top.jpg,C:\Users\shain\Downloads\FISH DATASET\FISH DATASET\proof_frames_fish_frames_200\fish5\fish5_frame006704_front.jpg,C:\Users\shain\Downloads\FISH DATASET\FISH DATASET\proof_frames_fish_frames_200\fish5\fish5_frame006704_top_mask.png,C:\Users\shain\Downloads\FISH DATASET\FISH DATASET\proof_frames_fish_frames_200\fish5\fish5_frame006704_front_mask.png
fish5,6705,C:\Users\shain\Downloads\FISH DATASET\FISH DATASET\proof_frames_fish_frames_200\fish5\fish5_frame006705_top.jpg,C:\Users\shain\Downloads\FISH DATASET\FISH DATASET\proof_frames_fish_frames_200\fish5\fish5_frame006705_front.jpg,C:\Users\shain\Downloads\FISH DATASET\FISH DATASET\proof_frames_fish_frames_200\fish5\fish5_frame006705_top_mask.png,C:\Users\shain\Downloads\FISH DATASET\FISH DATASET\proof_frames_fish_frames_200\fish5\fish5_frame006705_front_mask.png
fish5,6706,C:\Users\shain\Downloads\FISH DATASET\FISH DATASET\proof_frames_fish_frames_200\fish5\fish5_frame006706_top.jpg,C:\Users\shain\Downloads\FISH DATASET\FISH DATASET\proof_frames_fish_frames_200\fish5\fish5_frame006706_front.jpg,C:\Users\shain\Downloads\FISH DATASET\FISH DATASET\proof_frames_fish_frames_200\fish5\fish5_frame006706_top_mask.png,C:\Users\shain\Downloads\FISH DATASET\FISH DATASET\proof_frames_fish_frames_200\fish5\fish5_frame006706_front_mask.png
fish5,6723,C:\Users\shain\Downloads\FISH DATASET\FISH DATASET\proof_frames_fish_frames_200\fish5\fish5_frame006723_top.jpg,C:\Users\shain\Downloads\FISH DATASET\FISH DATASET\proof_frames_fish_frames_200\fish5\fish5_frame006723_front.jpg,C:\Users\shain\Downloads\FISH DATASET\FISH DATASET\proof_frames_fish_frames_200\fish5\fish5_frame006723_top_mask.png,C:\Users\shain\Downloads\FISH DATASET\FISH DATASET\proof_frames_fish_frames_200\fish5\fish5_frame006723_front_mask.png
fish5,6724,C:\Users\shain\Downloads\FISH DATASET\FISH DATASET\proof_frames_fish_frames_200\fish5\fish5_frame006724_top.jpg,C:\Users\shain\Downloads\FISH DATASET\FISH DATASET\proof_frames_fish_frames_200\fish5\fish5_frame006724_front.jpg,C:\Users\shain\Downloads\FISH DATASET\FISH DATASET\proof_frames_fish_frames_200\fish5\fish5_frame006724_top_mask.png,C:\Users\shain\Downloads\FISH DATASET\FISH DATASET\proof_frames_fish_frames_200\fish5\fish5_frame006724_front_mask.png
fish5,6725,C:\Users\shain\Downloads\FISH DATASET\FISH DATASET\proof_frames_fish_frames_200\fish5\fish5_frame006725_top.jpg,C:\Users\shain\Downloads\FISH DATASET\FISH DATASET\proof_frames_fish_frames_200\fish5\fish5_frame006725_front.jpg,C:\Users\shain\Downloads\FISH DATASET\FISH DATASET\proof_frames_fish_frames_200\fish5\fish5_frame006725_top_mask.png,C:\Users\shain\Downloads\FISH DATASET\FISH DATASET\proof_frames_fish_frames_200\fish5\fish5_frame006725_front_mask.png
fish5,7724,C:\Users\shain\Downloads\FISH DATASET\FISH DATASET\proof_frames_fish_frames_200\fish5\fish5_frame007724_top.jpg,C:\Users\shain\Downloads\FISH DATASET\FISH DATASET\proof_frames_fish_frames_200\fish5\fish5_frame007724_front.jpg,C:\Users\shain\Downloads\FISH DATASET\FISH DATASET\proof_frames_fish_frames_200\fish5\fish5_frame007724_top_mask.png,C:\Users\shain\Downloads\FISH DATASET\FISH DATASET\proof_frames_fish_frames_200\fish5\fish5_frame007724_front_mask.png
fish5,7725,C:\Users\shain\Downloads\FISH DATASET\FISH DATASET\proof_frames_fish_frames_200\fish5\fish5_frame007725_top.jpg,C:\Users\shain\Downloads\FISH DATASET\FISH DATASET\proof_frames_fish_frames_200\fish5\fish5_frame007725_front.jpg,C:\Users\shain\Downloads\FISH DATASET\FISH DATASET\proof_frames_fish_frames_200\fish5\fish5_frame007725_top_mask.png,C:\Users\shain\Downloads\FISH DATASET\FISH DATASET\proof_frames_fish_frames_200\fish5\fish5_frame007725_front_mask.png
fish5,7726,C:\Users\shain\Downloads\FISH DATASET\FISH DATASET\proof_frames_fish_frames_200\fish5\fish5_frame007726_top.jpg,C:\Users\shain\Downloads\FISH DATASET\FISH DATASET\proof_frames_fish_frames_200\fish5\fish5_frame007726_front.jpg,C:\Users\shain\Downloads\FISH DATASET\FISH DATASET\proof_frames_fish_frames_200\fish5\fish5_frame007726_top_mask.png,C:\Users\shain\Downloads\FISH DATASET\FISH DATASET\proof_frames_fish_frames_200\fish5\fish5_frame007726_front_mask.png
fish5,7727,C:\Users\shain\Downloads\FISH DATASET\FISH DATASET\proof_frames_fish_frames_200\fish5\fish5_frame007727_top.jpg,C:\Users\shain\Downloads\FISH DATASET\FISH DATASET\proof_frames_fish_frames_200\fish5\fish5_frame007727_front.jpg,C:\Users\shain\Downloads\FISH DATASET\FISH DATASET\proof_frames_fish_frames_200\fish5\fish5_frame007727_top_mask.png,C:\Users\shain\Downloads\FISH DATASET\FISH DATASET\proof_frames_fish_frames_200\fish5\fish5_frame007727_front_mask.png
fish5,8575,C:\Users\shain\Downloads\FISH DATASET\FISH DATASET\proof_frames_fish_frames_200\fish5\fish5_frame008575_top.jpg,C:\Users\shain\Downloads\FISH DATASET\FISH DATASET\proof_frames_fish_frames_200\fish5\fish5_frame008575_front.jpg,C:\Users\shain\Downloads\FISH DATASET\FISH DATASET\proof_frames_fish_frames_200\fish5\fish5_frame008575_top_mask.png,C:\Users\shain\Downloads\FISH DATASET\FISH DATASET\proof_frames_fish_frames_200\fish5\fish5_frame008575_front_mask.png
fish5,8790,C:\Users\shain\Downloads\FISH DATASET\FISH DATASET\proof_frames_fish_frames_200\fish5\fish5_frame008790_top.jpg,C:\Users\shain\Downloads\FISH DATASET\FISH DATASET\proof_frames_fish_frames_200\fish5\fish5_frame008790_front.jpg,C:\Users\shain\Downloads\FISH DATASET\FISH DATASET\proof_frames_fish_frames_200\fish5\fish5_frame008790_top_mask.png,C:\Users\shain\Downloads\FISH DATASET\FISH DATASET\proof_frames_fish_frames_200\fish5\fish5_frame008790_front_mask.png
fish5,8793,C:\Users\shain\Downloads\FISH DATASET\FISH DATASET\proof_frames_fish_frames_200\fish5\fish5_frame008793_top.jpg,C:\Users\shain\Downloads\FISH DATASET\FISH DATASET\proof_frames_fish_frames_200\fish5\fish5_frame008793_front.jpg,C:\Users\shain\Downloads\FISH DATASET\FISH DATASET\proof_frames_fish_frames_200\fish5\fish5_frame008793_top_mask.png,C:\Users\shain\Downloads\FISH DATASET\FISH DATASET\proof_frames_fish_frames_200\fish5\fish5_frame008793_front_mask.png
fish5,8795,C:\Users\shain\Downloads\FISH DATASET\FISH DATASET\proof_frames_fish_frames_200\fish5\fish5_frame008795_top.jpg,C:\Users\shain\Downloads\FISH DATASET\FISH DATASET\proof_frames_fish_frames_200\fish5\fish5_frame008795_front.jpg,C:\Users\shain\Downloads\FISH DATASET\FISH DATASET\proof_frames_fish_frames_200\fish5\fish5_frame008795_top_mask.png,C:\Users\shain\Downloads\FISH DATASET\FISH DATASET\proof_frames_fish_frames_200\fish5\fish5_frame008795_front_mask.png
fish5,9247,C:\Users\shain\Downloads\FISH DATASET\FISH DATASET\proof_frames_fish_frames_200\fish5\fish5_frame009247_top.jpg,C:\Users\shain\Downloads\FISH DATASET\FISH DATASET\proof_frames_fish_frames_200\fish5\fish5_frame009247_front.jpg,C:\Users\shain\Downloads\FISH DATASET\FISH DATASET\proof_frames_fish_frames_200\fish5\fish5_frame009247_top_mask.png,C:\Users\shain\Downloads\FISH DATASET\FISH DATASET\proof_frames_fish_frames_200\fish5\fish5_frame009247_front_mask.png
fish5,9248,C:\Users\shain\Downloads\FISH DATASET\FISH DATASET\proof_frames_fish_frames_200\fish5\fish5_frame009248_top.jpg,C:\Users\shain\Downloads\FISH DATASET\FISH DATASET\proof_frames_fish_frames_200\fish5\fish5_frame009248_front.jpg,C:\Users\shain\Downloads\FISH DATASET\FISH DATASET\proof_frames_fish_frames_200\fish5\fish5_frame009248_top_mask.png,C:\Users\shain\Downloads\FISH DATASET\FISH DATASET\proof_frames_fish_frames_200\fish5\fish5_frame009248_front_mask.png
fish5,9249,C:\Users\shain\Downloads\FISH DATASET\FISH DATASET\proof_frames_fish_frames_200\fish5\fish5_frame009249_top.jpg,C:\Users\shain\Downloads\FISH DATASET\FISH DATASET\proof_frames_fish_frames_200\fish5\fish5_frame009249_front.jpg,C:\Users\shain\Downloads\FISH DATASET\FISH DATASET\proof_frames_fish_frames_200\fish5\fish5_frame009249_top_mask.png,C:\Users\shain\Downloads\FISH DATASET\FISH DATASET\proof_frames_fish_frames_200\fish5\fish5_frame009249_front_mask.png
fish5,9250,C:\Users\shain\Downloads\FISH DATASET\FISH DATASET\proof_frames_fish_frames_200\fish5\fish5_frame009250_top.jpg,C:\Users\shain\Downloads\FISH DATASET\FISH DATASET\proof_frames_fish_frames_200\fish5\fish5_frame009250_front.jpg,C:\Users\shain\Downloads\FISH DATASET\FISH DATASET\proof_frames_fish_frames_200\fish5\fish5_frame009250_top_mask.png,C:\Users\shain\Downloads\FISH DATASET\FISH DATASET\proof_frames_fish_frames_200\fish5\fish5_frame009250_front_mask.png
fish5,9251,C:\Users\shain\Downloads\FISH DATASET\FISH DATASET\proof_frames_fish_frames_200\fish5\fish5_frame009251_top.jpg,C:\Users\shain\Downloads\FISH DATASET\FISH DATASET\proof_frames_fish_frames_200\fish5\fish5_frame009251_front.jpg,C:\Users\shain\Downloads\FISH DATASET\FISH DATASET\proof_frames_fish_frames_200\fish5\fish5_frame009251_top_mask.png,C:\Users\shain\Downloads\FISH DATASET\FISH DATASET\proof_frames_fish_frames_200\fish5\fish5_frame009251_front_mask.png
fish5,9252,C:\Users\shain\Downloads\FISH DATASET\FISH DATASET\proof_frames_fish_frames_200\fish5\fish5_frame009252_top.jpg,C:\Users\shain\Downloads\FISH DATASET\FISH DATASET\proof_frames_fish_frames_200\fish5\fish5_frame009252_front.jpg,C:\Users\shain\Downloads\FISH DATASET\FISH DATASET\proof_frames_fish_frames_200\fish5\fish5_frame009252_top_mask.png,C:\Users\shain\Downloads\FISH DATASET\FISH DATASET\proof_frames_fish_frames_200\fish5\fish5_frame009252_front_mask.png
fish5,9253,C:\Users\shain\Downloads\FISH DATASET\FISH DATASET\proof_frames_fish_frames_200\fish5\fish5_frame009253_top.jpg,C:\Users\shain\Downloads\FISH DATASET\FISH DATASET\proof_frames_fish_frames_200\fish5\fish5_frame009253_front.jpg,C:\Users\shain\Downloads\FISH DATASET\FISH DATASET\proof_frames_fish_frames_200\fish5\fish5_frame009253_top_mask.png,C:\Users\shain\Downloads\FISH DATASET\FISH DATASET\proof_frames_fish_frames_200\fish5\fish5_frame009253_front_mask.png
fish5,9254,C:\Users\shain\Downloads\FISH DATASET\FISH DATASET\proof_frames_fish_frames_200\fish5\fish5_frame009254_top.jpg,C:\Users\shain\Downloads\FISH DATASET\FISH DATASET\proof_frames_fish_frames_200\fish5\fish5_frame009254_front.jpg,C:\Users\shain\Downloads\FISH DATASET\FISH DATASET\proof_frames_fish_frames_200\fish5\fish5_frame009254_top_mask.png,C:\Users\shain\Downloads\FISH DATASET\FISH DATASET\proof_frames_fish_frames_200\fish5\fish5_frame009254_front_mask.png
fish5,9255,C:\Users\shain\Downloads\FISH DATASET\FISH DATASET\proof_frames_fish_frames_200\fish5\fish5_frame009255_top.jpg,C:\Users\shain\Downloads\FISH DATASET\FISH DATASET\proof_frames_fish_frames_200\fish5\fish5_frame009255_front.jpg,C:\Users\shain\Downloads\FISH DATASET\FISH DATASET\proof_frames_fish_frames_200\fish5\fish5_frame009255_top_mask.png,C:\Users\shain\Downloads\FISH DATASET\FISH DATASET\proof_frames_fish_frames_200\fish5\fish5_frame009255_front_mask.png
fish5,9302,C:\Users\shain\Downloads\FISH DATASET\FISH DATASET\proof_frames_fish_frames_200\fish5\fish5_frame009302_top.jpg,C:\Users\shain\Downloads\FISH DATASET\FISH DATASET\proof_frames_fish_frames_200\fish5\fish5_frame009302_front.jpg,C:\Users\shain\Downloads\FISH DATASET\FISH DATASET\proof_frames_fish_frames_200\fish5\fish5_frame009302_top_mask.png,C:\Users\shain\Downloads\FISH DATASET\FISH DATASET\proof_frames_fish_frames_200\fish5\fish5_frame009302_front_mask.png
fish5,9303,C:\Users\shain\Downloads\FISH DATASET\FISH DATASET\proof_frames_fish_frames_200\fish5\fish5_frame009303_top.jpg,C:\Users\shain\Downloads\FISH DATASET\FISH DATASET\proof_frames_fish_frames_200\fish5\fish5_frame009303_front.jpg,C:\Users\shain\Downloads\FISH DATASET\FISH DATASET\proof_frames_fish_frames_200\fish5\fish5_frame009303_top_mask.png,C:\Users\shain\Downloads\FISH DATASET\FISH DATASET\proof_frames_fish_frames_200\fish5\fish5_frame009303_front_mask.png
fish5,9304,C:\Users\shain\Downloads\FISH DATASET\FISH DATASET\proof_frames_fish_frames_200\fish5\fish5_frame009304_top.jpg,C:\Users\shain\Downloads\FISH DATASET\FISH DATASET\proof_frames_fish_frames_200\fish5\fish5_frame009304_front.jpg,C:\Users\shain\Downloads\FISH DATASET\FISH DATASET\proof_frames_fish_frames_200\fish5\fish5_frame009304_top_mask.png,C:\Users\shain\Downloads\FISH DATASET\FISH DATASET\proof_frames_fish_frames_200\fish5\fish5_frame009304_front_mask.png
fish5,9305,C:\Users\shain\Downloads\FISH DATASET\FISH DATASET\proof_frames_fish_frames_200\fish5\fish5_frame009305_top.jpg,C:\Users\shain\Downloads\FISH DATASET\FISH DATASET\proof_frames_fish_frames_200\fish5\fish5_frame009305_front.jpg,C:\Users\shain\Downloads\FISH DATASET\FISH DATASET\proof_frames_fish_frames_200\fish5\fish5_frame009305_top_mask.png,C:\Users\shain\Downloads\FISH DATASET\FISH DATASET\proof_frames_fish_frames_200\fish5\fish5_frame009305_front_mask.png
fish6,8297,C:\Users\shain\Downloads\FISH DATASET\FISH DATASET\proof_frames_fish_frames_200\fish6\fish6_frame008297_top.jpg,C:\Users\shain\Downloads\FISH DATASET\FISH DATASET\proof_frames_fish_frames_200\fish6\fish6_frame008297_front.jpg,C:\Users\shain\Downloads\FISH DATASET\FISH DATASET\proof_frames_fish_frames_200\fish6\fish6_frame008297_top_mask.png,C:\Users\shain\Downloads\FISH DATASET\FISH DATASET\proof_frames_fish_frames_200\fish6\fish6_frame008297_front_mask.png
fish6,8298,C:\Users\shain\Downloads\FISH DATASET\FISH DATASET\proof_frames_fish_frames_200\fish6\fish6_frame008298_top.jpg,C:\Users\shain\Downloads\FISH DATASET\FISH DATASET\proof_frames_fish_frames_200\fish6\fish6_frame008298_front.jpg,C:\Users\shain\Downloads\FISH DATASET\FISH DATASET\proof_frames_fish_frames_200\fish6\fish6_frame008298_top_mask.png,C:\Users\shain\Downloads\FISH DATASET\FISH DATASET\proof_frames_fish_frames_200\fish6\fish6_frame008298_front_mask.png
fish6,8300,C:\Users\shain\Downloads\FISH DATASET\FISH DATASET\proof_frames_fish_frames_200\fish6\fish6_frame008300_top.jpg,C:\Users\shain\Downloads\FISH DATASET\FISH DATASET\proof_frames_fish_frames_200\fish6\fish6_frame008300_front.jpg,C:\Users\shain\Downloads\FISH DATASET\FISH DATASET\proof_frames_fish_frames_200\fish6\fish6_frame008300_top_mask.png,C:\Users\shain\Downloads\FISH DATASET\FISH DATASET\proof_frames_fish_frames_200\fish6\fish6_frame008300_front_mask.png
fish6,8301,C:\Users\shain\Downloads\FISH DATASET\FISH DATASET\proof_frames_fish_frames_200\fish6\fish6_frame008301_top.jpg,C:\Users\shain\Downloads\FISH DATASET\FISH DATASET\proof_frames_fish_frames_200\fish6\fish6_frame008301_front.jpg,C:\Users\shain\Downloads\FISH DATASET\FISH DATASET\proof_frames_fish_frames_200\fish6\fish6_frame008301_top_mask.png,C:\Users\shain\Downloads\FISH DATASET\FISH DATASET\proof_frames_fish_frames_200\fish6\fish6_frame008301_front_mask.png
fish6,8304,C:\Users\shain\Downloads\FISH DATASET\FISH DATASET\proof_frames_fish_frames_200\fish6\fish6_frame008304_top.jpg,C:\Users\shain\Downloads\FISH DATASET\FISH DATASET\proof_frames_fish_frames_200\fish6\fish6_frame008304_front.jpg,C:\Users\shain\Downloads\FISH DATASET\FISH DATASET\proof_frames_fish_frames_200\fish6\fish6_frame008304_top_mask.png,C:\Users\shain\Downloads\FISH DATASET\FISH DATASET\proof_frames_fish_frames_200\fish6\fish6_frame008304_front_mask.png
fish6,8314,C:\Users\shain\Downloads\FISH DATASET\FISH DATASET\proof_frames_fish_frames_200\fish6\fish6_frame008314_top.jpg,C:\Users\shain\Downloads\FISH DATASET\FISH DATASET\proof_frames_fish_frames_200\fish6\fish6_frame008314_front.jpg,C:\Users\shain\Downloads\FISH DATASET\FISH DATASET\proof_frames_fish_frames_200\fish6\fish6_frame008314_top_mask.png,C:\Users\shain\Downloads\FISH DATASET\FISH DATASET\proof_frames_fish_frames_200\fish6\fish6_frame008314_front_mask.png
fish6,8315,C:\Users\shain\Downloads\FISH DATASET\FISH DATASET\proof_frames_fish_frames_200\fish6\fish6_frame008315_top.jpg,C:\Users\shain\Downloads\FISH DATASET\FISH DATASET\proof_frames_fish_frames_200\fish6\fish6_frame008315_front.jpg,C:\Users\shain\Downloads\FISH DATASET\FISH DATASET\proof_frames_fish_frames_200\fish6\fish6_frame008315_top_mask.png,C:\Users\shain\Downloads\FISH DATASET\FISH DATASET\proof_frames_fish_frames_200\fish6\fish6_frame008315_front_mask.png
fish6,8319,C:\Users\shain\Downloads\FISH DATASET\FISH DATASET\proof_frames_fish_frames_200\fish6\fish6_frame008319_top.jpg,C:\Users\shain\Downloads\FISH DATASET\FISH DATASET\proof_frames_fish_frames_200\fish6\fish6_frame008319_front.jpg,C:\Users\shain\Downloads\FISH DATASET\FISH DATASET\proof_frames_fish_frames_200\fish6\fish6_frame008319_top_mask.png,C:\Users\shain\Downloads\FISH DATASET\FISH DATASET\proof_frames_fish_frames_200\fish6\fish6_frame008319_front_mask.png
fish6,8320,C:\Users\shain\Downloads\FISH DATASET\FISH DATASET\proof_frames_fish_frames_200\fish6\fish6_frame008320_top.jpg,C:\Users\shain\Downloads\FISH DATASET\FISH DATASET\proof_frames_fish_frames_200\fish6\fish6_frame008320_front.jpg,C:\Users\shain\Downloads\FISH DATASET\FISH DATASET\proof_frames_fish_frames_200\fish6\fish6_frame008320_top_mask.png,C:\Users\shain\Downloads\FISH DATASET\FISH DATASET\proof_frames_fish_frames_200\fish6\fish6_frame008320_front_mask.png
fish6,8325,C:\Users\shain\Downloads\FISH DATASET\FISH DATASET\proof_frames_fish_frames_200\fish6\fish6_frame008325_top.jpg,C:\Users\shain\Downloads\FISH DATASET\FISH DATASET\proof_frames_fish_frames_200\fish6\fish6_frame008325_front.jpg,C:\Users\shain\Downloads\FISH DATASET\FISH DATASET\proof_frames_fish_frames_200\fish6\fish6_frame008325_top_mask.png,C:\Users\shain\Downloads\FISH DATASET\FISH DATASET\proof_frames_fish_frames_200\fish6\fish6_frame008325_front_mask.png
fish6,8326,C:\Users\shain\Downloads\FISH DATASET\FISH DATASET\proof_frames_fish_frames_200\fish6\fish6_frame008326_top.jpg,C:\Users\shain\Downloads\FISH DATASET\FISH DATASET\proof_frames_fish_frames_200\fish6\fish6_frame008326_front.jpg,C:\Users\shain\Downloads\FISH DATASET\FISH DATASET\proof_frames_fish_frames_200\fish6\fish6_frame008326_top_mask.png,C:\Users\shain\Downloads\FISH DATASET\FISH DATASET\proof_frames_fish_frames_200\fish6\fish6_frame008326_front_mask.png
fish6,8327,C:\Users\shain\Downloads\FISH DATASET\FISH DATASET\proof_frames_fish_frames_200\fish6\fish6_frame008327_top.jpg,C:\Users\shain\Downloads\FISH DATASET\FISH DATASET\proof_frames_fish_frames_200\fish6\fish6_frame008327_front.jpg,C:\Users\shain\Downloads\FISH DATASET\FISH DATASET\proof_frames_fish_frames_200\fish6\fish6_frame008327_top_mask.png,C:\Users\shain\Downloads\FISH DATASET\FISH DATASET\proof_frames_fish_frames_200\fish6\fish6_frame008327_front_mask.png
fish6,8328,C:\Users\shain\Downloads\FISH DATASET\FISH DATASET\proof_frames_fish_frames_200\fish6\fish6_frame008328_top.jpg,C:\Users\shain\Downloads\FISH DATASET\FISH DATASET\proof_frames_fish_frames_200\fish6\fish6_frame008328_front.jpg,C:\Users\shain\Downloads\FISH DATASET\FISH DATASET\proof_frames_fish_frames_200\fish6\fish6_frame008328_top_mask.png,C:\Users\shain\Downloads\FISH DATASET\FISH DATASET\proof_frames_fish_frames_200\fish6\fish6_frame008328_front_mask.png
fish6,8329,C:\Users\shain\Downloads\FISH DATASET\FISH DATASET\proof_frames_fish_frames_200\fish6\fish6_frame008329_top.jpg,C:\Users\shain\Downloads\FISH DATASET\FISH DATASET\proof_frames_fish_frames_200\fish6\fish6_frame008329_front.jpg,C:\Users\shain\Downloads\FISH DATASET\FISH DATASET\proof_frames_fish_frames_200\fish6\fish6_frame008329_top_mask.png,C:\Users\shain\Downloads\FISH DATASET\FISH DATASET\proof_frames_fish_frames_200\fish6\fish6_frame008329_front_mask.png
fish6,8330,C:\Users\shain\Downloads\FISH DATASET\FISH DATASET\proof_frames_fish_frames_200\fish6\fish6_frame008330_top.jpg,C:\Users\shain\Downloads\FISH DATASET\FISH DATASET\proof_frames_fish_frames_200\fish6\fish6_frame008330_front.jpg,C:\Users\shain\Downloads\FISH DATASET\FISH DATASET\proof_frames_fish_frames_200\fish6\fish6_frame008330_top_mask.png,C:\Users\shain\Downloads\FISH DATASET\FISH DATASET\proof_frames_fish_frames_200\fish6\fish6_frame008330_front_mask.png
fish6,8331,C:\Users\shain\Downloads\FISH DATASET\FISH DATASET\proof_frames_fish_frames_200\fish6\fish6_frame008331_top.jpg,C:\Users\shain\Downloads\FISH DATASET\FISH DATASET\proof_frames_fish_frames_200\fish6\fish6_frame008331_front.jpg,C:\Users\shain\Downloads\FISH DATASET\FISH DATASET\proof_frames_fish_frames_200\fish6\fish6_frame008331_top_mask.png,C:\Users\shain\Downloads\FISH DATASET\FISH DATASET\proof_frames_fish_frames_200\fish6\fish6_frame008331_front_mask.png
fish6,8332,C:\Users\shain\Downloads\FISH DATASET\FISH DATASET\proof_frames_fish_frames_200\fish6\fish6_frame008332_top.jpg,C:\Users\shain\Downloads\FISH DATASET\FISH DATASET\proof_frames_fish_frames_200\fish6\fish6_frame008332_front.jpg,C:\Users\shain\Downloads\FISH DATASET\FISH DATASET\proof_frames_fish_frames_200\fish6\fish6_frame008332_top_mask.png,C:\Users\shain\Downloads\FISH DATASET\FISH DATASET\proof_frames_fish_frames_200\fish6\fish6_frame008332_front_mask.png
fish6,8333,C:\Users\shain\Downloads\FISH DATASET\FISH DATASET\proof_frames_fish_frames_200\fish6\fish6_frame008333_top.jpg,C:\Users\shain\Downloads\FISH DATASET\FISH DATASET\proof_frames_fish_frames_200\fish6\fish6_frame008333_front.jpg,C:\Users\shain\Downloads\FISH DATASET\FISH DATASET\proof_frames_fish_frames_200\fish6\fish6_frame008333_top_mask.png,C:\Users\shain\Downloads\FISH DATASET\FISH DATASET\proof_frames_fish_frames_200\fish6\fish6_frame008333_front_mask.png
fish6,8334,C:\Users\shain\Downloads\FISH DATASET\FISH DATASET\proof_frames_fish_frames_200\fish6\fish6_frame008334_top.jpg,C:\Users\shain\Downloads\FISH DATASET\FISH DATASET\proof_frames_fish_frames_200\fish6\fish6_frame008334_front.jpg,C:\Users\shain\Downloads\FISH DATASET\FISH DATASET\proof_frames_fish_frames_200\fish6\fish6_frame008334_top_mask.png,C:\Users\shain\Downloads\FISH DATASET\FISH DATASET\proof_frames_fish_frames_200\fish6\fish6_frame008334_front_mask.png
fish6,8335,C:\Users\shain\Downloads\FISH DATASET\FISH DATASET\proof_frames_fish_frames_200\fish6\fish6_frame008335_top.jpg,C:\Users\shain\Downloads\FISH DATASET\FISH DATASET\proof_frames_fish_frames_200\fish6\fish6_frame008335_front.jpg,C:\Users\shain\Downloads\FISH DATASET\FISH DATASET\proof_frames_fish_frames_200\fish6\fish6_frame008335_top_mask.png,C:\Users\shain\Downloads\FISH DATASET\FISH DATASET\proof_frames_fish_frames_200\fish6\fish6_frame008335_front_mask.png
fish6,8336,C:\Users\shain\Downloads\FISH DATASET\FISH DATASET\proof_frames_fish_frames_200\fish6\fish6_frame008336_top.jpg,C:\Users\shain\Downloads\FISH DATASET\FISH DATASET\proof_frames_fish_frames_200\fish6\fish6_frame008336_front.jpg,C:\Users\shain\Downloads\FISH DATASET\FISH DATASET\proof_frames_fish_frames_200\fish6\fish6_frame008336_top_mask.png,C:\Users\shain\Downloads\FISH DATASET\FISH DATASET\proof_frames_fish_frames_200\fish6\fish6_frame008336_front_mask.png
fish6,8337,C:\Users\shain\Downloads\FISH DATASET\FISH DATASET\proof_frames_fish_frames_200\fish6\fish6_frame008337_top.jpg,C:\Users\shain\Downloads\FISH DATASET\FISH DATASET\proof_frames_fish_frames_200\fish6\fish6_frame008337_front.jpg,C:\Users\shain\Downloads\FISH DATASET\FISH DATASET\proof_frames_fish_frames_200\fish6\fish6_frame008337_top_mask.png,C:\Users\shain\Downloads\FISH DATASET\FISH DATASET\proof_frames_fish_frames_200\fish6\fish6_frame008337_front_mask.png
fish6,8338,C:\Users\shain\Downloads\FISH DATASET\FISH DATASET\proof_frames_fish_frames_200\fish6\fish6_frame008338_top.jpg,C:\Users\shain\Downloads\FISH DATASET\FISH DATASET\proof_frames_fish_frames_200\fish6\fish6_frame008338_front.jpg,C:\Users\shain\Downloads\FISH DATASET\FISH DATASET\proof_frames_fish_frames_200\fish6\fish6_frame008338_top_mask.png,C:\Users\shain\Downloads\FISH DATASET\FISH DATASET\proof_frames_fish_frames_200\fish6\fish6_frame008338_front_mask.png
fish6,8339,C:\Users\shain\Downloads\FISH DATASET\FISH DATASET\proof_frames_fish_frames_200\fish6\fish6_frame008339_top.jpg,C:\Users\shain\Downloads\FISH DATASET\FISH DATASET\proof_frames_fish_frames_200\fish6\fish6_frame008339_front.jpg,C:\Users\shain\Downloads\FISH DATASET\FISH DATASET\proof_frames_fish_frames_200\fish6\fish6_frame008339_top_mask.png,C:\Users\shain\Downloads\FISH DATASET\FISH DATASET\proof_frames_fish_frames_200\fish6\fish6_frame008339_front_mask.png
fish6,8340,C:\Users\shain\Downloads\FISH DATASET\FISH DATASET\proof_frames_fish_frames_200\fish6\fish6_frame008340_top.jpg,C:\Users\shain\Downloads\FISH DATASET\FISH DATASET\proof_frames_fish_frames_200\fish6\fish6_frame008340_front.jpg,C:\Users\shain\Downloads\FISH DATASET\FISH DATASET\proof_frames_fish_frames_200\fish6\fish6_frame008340_top_mask.png,C:\Users\shain\Downloads\FISH DATASET\FISH DATASET\proof_frames_fish_frames_200\fish6\fish6_frame008340_front_mask.png
fish6,8341,C:\Users\shain\Downloads\FISH DATASET\FISH DATASET\proof_frames_fish_frames_200\fish6\fish6_frame008341_top.jpg,C:\Users\shain\Downloads\FISH DATASET\FISH DATASET\proof_frames_fish_frames_200\fish6\fish6_frame008341_front.jpg,C:\Users\shain\Downloads\FISH DATASET\FISH DATASET\proof_frames_fish_frames_200\fish6\fish6_frame008341_top_mask.png,C:\Users\shain\Downloads\FISH DATASET\FISH DATASET\proof_frames_fish_frames_200\fish6\fish6_frame008341_front_mask.png
fish6,8342,C:\Users\shain\Downloads\FISH DATASET\FISH DATASET\proof_frames_fish_frames_200\fish6\fish6_frame008342_top.jpg,C:\Users\shain\Downloads\FISH DATASET\FISH DATASET\proof_frames_fish_frames_200\fish6\fish6_frame008342_front.jpg,C:\Users\shain\Downloads\FISH DATASET\FISH DATASET\proof_frames_fish_frames_200\fish6\fish6_frame008342_top_mask.png,C:\Users\shain\Downloads\FISH DATASET\FISH DATASET\proof_frames_fish_frames_200\fish6\fish6_frame008342_front_mask.png
fish6,8347,C:\Users\shain\Downloads\FISH DATASET\FISH DATASET\proof_frames_fish_frames_200\fish6\fish6_frame008347_top.jpg,C:\Users\shain\Downloads\FISH DATASET\FISH DATASET\proof_frames_fish_frames_200\fish6\fish6_frame008347_front.jpg,C:\Users\shain\Downloads\FISH DATASET\FISH DATASET\proof_frames_fish_frames_200\fish6\fish6_frame008347_top_mask.png,C:\Users\shain\Downloads\FISH DATASET\FISH DATASET\proof_frames_fish_frames_200\fish6\fish6_frame008347_front_mask.png
fish6,8348,C:\Users\shain\Downloads\FISH DATASET\FISH DATASET\proof_frames_fish_frames_200\fish6\fish6_frame008348_top.jpg,C:\Users\shain\Downloads\FISH DATASET\FISH DATASET\proof_frames_fish_frames_200\fish6\fish6_frame008348_front.jpg,C:\Users\shain\Downloads\FISH DATASET\FISH DATASET\proof_frames_fish_frames_200\fish6\fish6_frame008348_top_mask.png,C:\Users\shain\Downloads\FISH DATASET\FISH DATASET\proof_frames_fish_frames_200\fish6\fish6_frame008348_front_mask.png
fish6,8349,C:\Users\shain\Downloads\FISH DATASET\FISH DATASET\proof_frames_fish_frames_200\fish6\fish6_frame008349_top.jpg,C:\Users\shain\Downloads\FISH DATASET\FISH DATASET\proof_frames_fish_frames_200\fish6\fish6_frame008349_front.jpg,C:\Users\shain\Downloads\FISH DATASET\FISH DATASET\proof_frames_fish_frames_200\fish6\fish6_frame008349_top_mask.png,C:\Users\shain\Downloads\FISH DATASET\FISH DATASET\proof_frames_fish_frames_200\fish6\fish6_frame008349_front_mask.png
fish7,300,C:\Users\shain\Downloads\FISH DATASET\FISH DATASET\proof_frames_fish_frames_200\fish7\fish7_frame000300_top.jpg,C:\Users\shain\Downloads\FISH DATASET\FISH DATASET\proof_frames_fish_frames_200\fish7\fish7_frame000300_front.jpg,C:\Users\shain\Downloads\FISH DATASET\FISH DATASET\proof_frames_fish_frames_200\fish7\fish7_frame000300_top_mask.png,C:\Users\shain\Downloads\FISH DATASET\FISH DATASET\proof_frames_fish_frames_200\fish7\fish7_frame000300_front_mask.png
fish7,301,C:\Users\shain\Downloads\FISH DATASET\FISH DATASET\proof_frames_fish_frames_200\fish7\fish7_frame000301_top.jpg,C:\Users\shain\Downloads\FISH DATASET\FISH DATASET\proof_frames_fish_frames_200\fish7\fish7_frame000301_front.jpg,C:\Users\shain\Downloads\FISH DATASET\FISH DATASET\proof_frames_fish_frames_200\fish7\fish7_frame000301_top_mask.png,C:\Users\shain\Downloads\FISH DATASET\FISH DATASET\proof_frames_fish_frames_200\fish7\fish7_frame000301_front_mask.png
fish7,516,C:\Users\shain\Downloads\FISH DATASET\FISH DATASET\proof_frames_fish_frames_200\fish7\fish7_frame000516_top.jpg,C:\Users\shain\Downloads\FISH DATASET\FISH DATASET\proof_frames_fish_frames_200\fish7\fish7_frame000516_front.jpg,C:\Users\shain\Downloads\FISH DATASET\FISH DATASET\proof_frames_fish_frames_200\fish7\fish7_frame000516_top_mask.png,C:\Users\shain\Downloads\FISH DATASET\FISH DATASET\proof_frames_fish_frames_200\fish7\fish7_frame000516_front_mask.png
fish7,517,C:\Users\shain\Downloads\FISH DATASET\FISH DATASET\proof_frames_fish_frames_200\fish7\fish7_frame000517_top.jpg,C:\Users\shain\Downloads\FISH DATASET\FISH DATASET\proof_frames_fish_frames_200\fish7\fish7_frame000517_front.jpg,C:\Users\shain\Downloads\FISH DATASET\FISH DATASET\proof_frames_fish_frames_200\fish7\fish7_frame000517_top_mask.png,C:\Users\shain\Downloads\FISH DATASET\FISH DATASET\proof_frames_fish_frames_200\fish7\fish7_frame000517_front_mask.png
fish7,518,C:\Users\shain\Downloads\FISH DATASET\FISH DATASET\proof_frames_fish_frames_200\fish7\fish7_frame000518_top.jpg,C:\Users\shain\Downloads\FISH DATASET\FISH DATASET\proof_frames_fish_frames_200\fish7\fish7_frame000518_front.jpg,C:\Users\shain\Downloads\FISH DATASET\FISH DATASET\proof_frames_fish_frames_200\fish7\fish7_frame000518_top_mask.png,C:\Users\shain\Downloads\FISH DATASET\FISH DATASET\proof_frames_fish_frames_200\fish7\fish7_frame000518_front_mask.png
fish7,555,C:\Users\shain\Downloads\FISH DATASET\FISH DATASET\proof_frames_fish_frames_200\fish7\fish7_frame000555_top.jpg,C:\Users\shain\Downloads\FISH DATASET\FISH DATASET\proof_frames_fish_frames_200\fish7\fish7_frame000555_front.jpg,C:\Users\shain\Downloads\FISH DATASET\FISH DATASET\proof_frames_fish_frames_200\fish7\fish7_frame000555_top_mask.png,C:\Users\shain\Downloads\FISH DATASET\FISH DATASET\proof_frames_fish_frames_200\fish7\fish7_frame000555_front_mask.png
fish7,556,C:\Users\shain\Downloads\FISH DATASET\FISH DATASET\proof_frames_fish_frames_200\fish7\fish7_frame000556_top.jpg,C:\Users\shain\Downloads\FISH DATASET\FISH DATASET\proof_frames_fish_frames_200\fish7\fish7_frame000556_front.jpg,C:\Users\shain\Downloads\FISH DATASET\FISH DATASET\proof_frames_fish_frames_200\fish7\fish7_frame000556_top_mask.png,C:\Users\shain\Downloads\FISH DATASET\FISH DATASET\proof_frames_fish_frames_200\fish7\fish7_frame000556_front_mask.png
fish7,557,C:\Users\shain\Downloads\FISH DATASET\FISH DATASET\proof_frames_fish_frames_200\fish7\fish7_frame000557_top.jpg,C:\Users\shain\Downloads\FISH DATASET\FISH DATASET\proof_frames_fish_frames_200\fish7\fish7_frame000557_front.jpg,C:\Users\shain\Downloads\FISH DATASET\FISH DATASET\proof_frames_fish_frames_200\fish7\fish7_frame000557_top_mask.png,C:\Users\shain\Downloads\FISH DATASET\FISH DATASET\proof_frames_fish_frames_200\fish7\fish7_frame000557_front_mask.png
fish7,558,C:\Users\shain\Downloads\FISH DATASET\FISH DATASET\proof_frames_fish_frames_200\fish7\fish7_frame000558_top.jpg,C:\Users\shain\Downloads\FISH DATASET\FISH DATASET\proof_frames_fish_frames_200\fish7\fish7_frame000558_front.jpg,C:\Users\shain\Downloads\FISH DATASET\FISH DATASET\proof_frames_fish_frames_200\fish7\fish7_frame000558_top_mask.png,C:\Users\shain\Downloads\FISH DATASET\FISH DATASET\proof_frames_fish_frames_200\fish7\fish7_frame000558_front_mask.png
fish7,559,C:\Users\shain\Downloads\FISH DATASET\FISH DATASET\proof_frames_fish_frames_200\fish7\fish7_frame000559_top.jpg,C:\Users\shain\Downloads\FISH DATASET\FISH DATASET\proof_frames_fish_frames_200\fish7\fish7_frame000559_front.jpg,C:\Users\shain\Downloads\FISH DATASET\FISH DATASET\proof_frames_fish_frames_200\fish7\fish7_frame000559_top_mask.png,C:\Users\shain\Downloads\FISH DATASET\FISH DATASET\proof_frames_fish_frames_200\fish7\fish7_frame000559_front_mask.png
fish7,574,C:\Users\shain\Downloads\FISH DATASET\FISH DATASET\proof_frames_fish_frames_200\fish7\fish7_frame000574_top.jpg,C:\Users\shain\Downloads\FISH DATASET\FISH DATASET\proof_frames_fish_frames_200\fish7\fish7_frame000574_front.jpg,C:\Users\shain\Downloads\FISH DATASET\FISH DATASET\proof_frames_fish_frames_200\fish7\fish7_frame000574_top_mask.png,C:\Users\shain\Downloads\FISH DATASET\FISH DATASET\proof_frames_fish_frames_200\fish7\fish7_frame000574_front_mask.png
fish7,575,C:\Users\shain\Downloads\FISH DATASET\FISH DATASET\proof_frames_fish_frames_200\fish7\fish7_frame000575_top.jpg,C:\Users\shain\Downloads\FISH DATASET\FISH DATASET\proof_frames_fish_frames_200\fish7\fish7_frame000575_front.jpg,C:\Users\shain\Downloads\FISH DATASET\FISH DATASET\proof_frames_fish_frames_200\fish7\fish7_frame000575_top_mask.png,C:\Users\shain\Downloads\FISH DATASET\FISH DATASET\proof_frames_fish_frames_200\fish7\fish7_frame000575_front_mask.png
fish7,6743,C:\Users\shain\Downloads\FISH DATASET\FISH DATASET\proof_frames_fish_frames_200\fish7\fish7_frame006743_top.jpg,C:\Users\shain\Downloads\FISH DATASET\FISH DATASET\proof_frames_fish_frames_200\fish7\fish7_frame006743_front.jpg,C:\Users\shain\Downloads\FISH DATASET\FISH DATASET\proof_frames_fish_frames_200\fish7\fish7_frame006743_top_mask.png,C:\Users\shain\Downloads\FISH DATASET\FISH DATASET\proof_frames_fish_frames_200\fish7\fish7_frame006743_front_mask.png
fish7,6945,C:\Users\shain\Downloads\FISH DATASET\FISH DATASET\proof_frames_fish_frames_200\fish7\fish7_frame006945_top.jpg,C:\Users\shain\Downloads\FISH DATASET\FISH DATASET\proof_frames_fish_frames_200\fish7\fish7_frame006945_front.jpg,C:\Users\shain\Downloads\FISH DATASET\FISH DATASET\proof_frames_fish_frames_200\fish7\fish7_frame006945_top_mask.png,C:\Users\shain\Downloads\FISH DATASET\FISH DATASET\proof_frames_fish_frames_200\fish7\fish7_frame006945_front_mask.png
fish7,6946,C:\Users\shain\Downloads\FISH DATASET\FISH DATASET\proof_frames_fish_frames_200\fish7\fish7_frame006946_top.jpg,C:\Users\shain\Downloads\FISH DATASET\FISH DATASET\proof_frames_fish_frames_200\fish7\fish7_frame006946_front.jpg,C:\Users\shain\Downloads\FISH DATASET\FISH DATASET\proof_frames_fish_frames_200\fish7\fish7_frame006946_top_mask.png,C:\Users\shain\Downloads\FISH DATASET\FISH DATASET\proof_frames_fish_frames_200\fish7\fish7_frame006946_front_mask.png
fish7,6947,C:\Users\shain\Downloads\FISH DATASET\FISH DATASET\proof_frames_fish_frames_200\fish7\fish7_frame006947_top.jpg,C:\Users\shain\Downloads\FISH DATASET\FISH DATASET\proof_frames_fish_frames_200\fish7\fish7_frame006947_front.jpg,C:\Users\shain\Downloads\FISH DATASET\FISH DATASET\proof_frames_fish_frames_200\fish7\fish7_frame006947_top_mask.png,C:\Users\shain\Downloads\FISH DATASET\FISH DATASET\proof_frames_fish_frames_200\fish7\fish7_frame006947_front_mask.png
fish7,6949,C:\Users\shain\Downloads\FISH DATASET\FISH DATASET\proof_frames_fish_frames_200\fish7\fish7_frame006949_top.jpg,C:\Users\shain\Downloads\FISH DATASET\FISH DATASET\proof_frames_fish_frames_200\fish7\fish7_frame006949_front.jpg,C:\Users\shain\Downloads\FISH DATASET\FISH DATASET\proof_frames_fish_frames_200\fish7\fish7_frame006949_top_mask.png,C:\Users\shain\Downloads\FISH DATASET\FISH DATASET\proof_frames_fish_frames_200\fish7\fish7_frame006949_front_mask.png
fish7,6950,C:\Users\shain\Downloads\FISH DATASET\FISH DATASET\proof_frames_fish_frames_200\fish7\fish7_frame006950_top.jpg,C:\Users\shain\Downloads\FISH DATASET\FISH DATASET\proof_frames_fish_frames_200\fish7\fish7_frame006950_front.jpg,C:\Users\shain\Downloads\FISH DATASET\FISH DATASET\proof_frames_fish_frames_200\fish7\fish7_frame006950_top_mask.png,C:\Users\shain\Downloads\FISH DATASET\FISH DATASET\proof_frames_fish_frames_200\fish7\fish7_frame006950_front_mask.png
fish7,6951,C:\Users\shain\Downloads\FISH DATASET\FISH DATASET\proof_frames_fish_frames_200\fish7\fish7_frame006951_top.jpg,C:\Users\shain\Downloads\FISH DATASET\FISH DATASET\proof_frames_fish_frames_200\fish7\fish7_frame006951_front.jpg,C:\Users\shain\Downloads\FISH DATASET\FISH DATASET\proof_frames_fish_frames_200\fish7\fish7_frame006951_top_mask.png,C:\Users\shain\Downloads\FISH DATASET\FISH DATASET\proof_frames_fish_frames_200\fish7\fish7_frame006951_front_mask.png
fish7,6952,C:\Users\shain\Downloads\FISH DATASET\FISH DATASET\proof_frames_fish_frames_200\fish7\fish7_frame006952_top.jpg,C:\Users\shain\Downloads\FISH DATASET\FISH DATASET\proof_frames_fish_frames_200\fish7\fish7_frame006952_front.jpg,C:\Users\shain\Downloads\FISH DATASET\FISH DATASET\proof_frames_fish_frames_200\fish7\fish7_frame006952_top_mask.png,C:\Users\shain\Downloads\FISH DATASET\FISH DATASET\proof_frames_fish_frames_200\fish7\fish7_frame006952_front_mask.png
fish7,6953,C:\Users\shain\Downloads\FISH DATASET\FISH DATASET\proof_frames_fish_frames_200\fish7\fish7_frame006953_top.jpg,C:\Users\shain\Downloads\FISH DATASET\FISH DATASET\proof_frames_fish_frames_200\fish7\fish7_frame006953_front.jpg,C:\Users\shain\Downloads\FISH DATASET\FISH DATASET\proof_frames_fish_frames_200\fish7\fish7_frame006953_top_mask.png,C:\Users\shain\Downloads\FISH DATASET\FISH DATASET\proof_frames_fish_frames_200\fish7\fish7_frame006953_front_mask.png
fish8,251,C:\Users\shain\Downloads\FISH DATASET\FISH DATASET\proof_frames_fish_frames_200\fish8\fish8_frame000251_top.jpg,C:\Users\shain\Downloads\FISH DATASET\FISH DATASET\proof_frames_fish_frames_200\fish8\fish8_frame000251_front.jpg,C:\Users\shain\Downloads\FISH DATASET\FISH DATASET\proof_frames_fish_frames_200\fish8\fish8_frame000251_top_mask.png,C:\Users\shain\Downloads\FISH DATASET\FISH DATASET\proof_frames_fish_frames_200\fish8\fish8_frame000251_front_mask.png
fish8,259,C:\Users\shain\Downloads\FISH DATASET\FISH DATASET\proof_frames_fish_frames_200\fish8\fish8_frame000259_top.jpg,C:\Users\shain\Downloads\FISH DATASET\FISH DATASET\proof_frames_fish_frames_200\fish8\fish8_frame000259_front.jpg,C:\Users\shain\Downloads\FISH DATASET\FISH DATASET\proof_frames_fish_frames_200\fish8\fish8_frame000259_top_mask.png,C:\Users\shain\Downloads\FISH DATASET\FISH DATASET\proof_frames_fish_frames_200\fish8\fish8_frame000259_front_mask.png
fish8,260,C:\Users\shain\Downloads\FISH DATASET\FISH DATASET\proof_frames_fish_frames_200\fish8\fish8_frame000260_top.jpg,C:\Users\shain\Downloads\FISH DATASET\FISH DATASET\proof_frames_fish_frames_200\fish8\fish8_frame000260_front.jpg,C:\Users\shain\Downloads\FISH DATASET\FISH DATASET\proof_frames_fish_frames_200\fish8\fish8_frame000260_top_mask.png,C:\Users\shain\Downloads\FISH DATASET\FISH DATASET\proof_frames_fish_frames_200\fish8\fish8_frame000260_front_mask.png
fish8,262,C:\Users\shain\Downloads\FISH DATASET\FISH DATASET\proof_frames_fish_frames_200\fish8\fish8_frame000262_top.jpg,C:\Users\shain\Downloads\FISH DATASET\FISH DATASET\proof_frames_fish_frames_200\fish8\fish8_frame000262_front.jpg,C:\Users\shain\Downloads\FISH DATASET\FISH DATASET\proof_frames_fish_frames_200\fish8\fish8_frame000262_top_mask.png,C:\Users\shain\Downloads\FISH DATASET\FISH DATASET\proof_frames_fish_frames_200\fish8\fish8_frame000262_front_mask.png
fish8,278,C:\Users\shain\Downloads\FISH DATASET\FISH DATASET\proof_frames_fish_frames_200\fish8\fish8_frame000278_top.jpg,C:\Users\shain\Downloads\FISH DATASET\FISH DATASET\proof_frames_fish_frames_200\fish8\fish8_frame000278_front.jpg,C:\Users\shain\Downloads\FISH DATASET\FISH DATASET\proof_frames_fish_frames_200\fish8\fish8_frame000278_top_mask.png,C:\Users\shain\Downloads\FISH DATASET\FISH DATASET\proof_frames_fish_frames_200\fish8\fish8_frame000278_front_mask.png
fish8,283,C:\Users\shain\Downloads\FISH DATASET\FISH DATASET\proof_frames_fish_frames_200\fish8\fish8_frame000283_top.jpg,C:\Users\shain\Downloads\FISH DATASET\FISH DATASET\proof_frames_fish_frames_200\fish8\fish8_frame000283_front.jpg,C:\Users\shain\Downloads\FISH DATASET\FISH DATASET\proof_frames_fish_frames_200\fish8\fish8_frame000283_top_mask.png,C:\Users\shain\Downloads\FISH DATASET\FISH DATASET\proof_frames_fish_frames_200\fish8\fish8_frame000283_front_mask.png
fish8,3735,C:\Users\shain\Downloads\FISH DATASET\FISH DATASET\proof_frames_fish_frames_200\fish8\fish8_frame003735_top.jpg,C:\Users\shain\Downloads\FISH DATASET\FISH DATASET\proof_frames_fish_frames_200\fish8\fish8_frame003735_front.jpg,C:\Users\shain\Downloads\FISH DATASET\FISH DATASET\proof_frames_fish_frames_200\fish8\fish8_frame003735_top_mask.png,C:\Users\shain\Downloads\FISH DATASET\FISH DATASET\proof_frames_fish_frames_200\fish8\fish8_frame003735_front_mask.png
fish8,3738,C:\Users\shain\Downloads\FISH DATASET\FISH DATASET\proof_frames_fish_frames_200\fish8\fish8_frame003738_top.jpg,C:\Users\shain\Downloads\FISH DATASET\FISH DATASET\proof_frames_fish_frames_200\fish8\fish8_frame003738_front.jpg,C:\Users\shain\Downloads\FISH DATASET\FISH DATASET\proof_frames_fish_frames_200\fish8\fish8_frame003738_top_mask.png,C:\Users\shain\Downloads\FISH DATASET\FISH DATASET\proof_frames_fish_frames_200\fish8\fish8_frame003738_front_mask.png
fish8,3795,C:\Users\shain\Downloads\FISH DATASET\FISH DATASET\proof_frames_fish_frames_200\fish8\fish8_frame003795_top.jpg,C:\Users\shain\Downloads\FISH DATASET\FISH DATASET\proof_frames_fish_frames_200\fish8\fish8_frame003795_front.jpg,C:\Users\shain\Downloads\FISH DATASET\FISH DATASET\proof_frames_fish_frames_200\fish8\fish8_frame003795_top_mask.png,C:\Users\shain\Downloads\FISH DATASET\FISH DATASET\proof_frames_fish_frames_200\fish8\fish8_frame003795_front_mask.png
fish8,3796,C:\Users\shain\Downloads\FISH DATASET\FISH DATASET\proof_frames_fish_frames_200\fish8\fish8_frame003796_top.jpg,C:\Users\shain\Downloads\FISH DATASET\FISH DATASET\proof_frames_fish_frames_200\fish8\fish8_frame003796_front.jpg,C:\Users\shain\Downloads\FISH DATASET\FISH DATASET\proof_frames_fish_frames_200\fish8\fish8_frame003796_top_mask.png,C:\Users\shain\Downloads\FISH DATASET\FISH DATASET\proof_frames_fish_frames_200\fish8\fish8_frame003796_front_mask.png
fish8,3800,C:\Users\shain\Downloads\FISH DATASET\FISH DATASET\proof_frames_fish_frames_200\fish8\fish8_frame003800_top.jpg,C:\Users\shain\Downloads\FISH DATASET\FISH DATASET\proof_frames_fish_frames_200\fish8\fish8_frame003800_front.jpg,C:\Users\shain\Downloads\FISH DATASET\FISH DATASET\proof_frames_fish_frames_200\fish8\fish8_frame003800_top_mask.png,C:\Users\shain\Downloads\FISH DATASET\FISH DATASET\proof_frames_fish_frames_200\fish8\fish8_frame003800_front_mask.png
fish8,3801,C:\Users\shain\Downloads\FISH DATASET\FISH DATASET\proof_frames_fish_frames_200\fish8\fish8_frame003801_top.jpg,C:\Users\shain\Downloads\FISH DATASET\FISH DATASET\proof_frames_fish_frames_200\fish8\fish8_frame003801_front.jpg,C:\Users\shain\Downloads\FISH DATASET\FISH DATASET\proof_frames_fish_frames_200\fish8\fish8_frame003801_top_mask.png,C:\Users\shain\Downloads\FISH DATASET\FISH DATASET\proof_frames_fish_frames_200\fish8\fish8_frame003801_front_mask.png
fish8,3808,C:\Users\shain\Downloads\FISH DATASET\FISH DATASET\proof_frames_fish_frames_200\fish8\fish8_frame003808_top.jpg,C:\Users\shain\Downloads\FISH DATASET\FISH DATASET\proof_frames_fish_frames_200\fish8\fish8_frame003808_front.jpg,C:\Users\shain\Downloads\FISH DATASET\FISH DATASET\proof_frames_fish_frames_200\fish8\fish8_frame003808_top_mask.png,C:\Users\shain\Downloads\FISH DATASET\FISH DATASET\proof_frames_fish_frames_200\fish8\fish8_frame003808_front_mask.png
fish8,3810,C:\Users\shain\Downloads\FISH DATASET\FISH DATASET\proof_frames_fish_frames_200\fish8\fish8_frame003810_top.jpg,C:\Users\shain\Downloads\FISH DATASET\FISH DATASET\proof_frames_fish_frames_200\fish8\fish8_frame003810_front.jpg,C:\Users\shain\Downloads\FISH DATASET\FISH DATASET\proof_frames_fish_frames_200\fish8\fish8_frame003810_top_mask.png,C:\Users\shain\Downloads\FISH DATASET\FISH DATASET\proof_frames_fish_frames_200\fish8\fish8_frame003810_front_mask.png
fish8,3827,C:\Users\shain\Downloads\FISH DATASET\FISH DATASET\proof_frames_fish_frames_200\fish8\fish8_frame003827_top.jpg,C:\Users\shain\Downloads\FISH DATASET\FISH DATASET\proof_frames_fish_frames_200\fish8\fish8_frame003827_front.jpg,C:\Users\shain\Downloads\FISH DATASET\FISH DATASET\proof_frames_fish_frames_200\fish8\fish8_frame003827_top_mask.png,C:\Users\shain\Downloads\FISH DATASET\FISH DATASET\proof_frames_fish_frames_200\fish8\fish8_frame003827_front_mask.png
fish8,5654,C:\Users\shain\Downloads\FISH DATASET\FISH DATASET\proof_frames_fish_frames_200\fish8\fish8_frame005654_top.jpg,C:\Users\shain\Downloads\FISH DATASET\FISH DATASET\proof_frames_fish_frames_200\fish8\fish8_frame005654_front.jpg,C:\Users\shain\Downloads\FISH DATASET\FISH DATASET\proof_frames_fish_frames_200\fish8\fish8_frame005654_top_mask.png,C:\Users\shain\Downloads\FISH DATASET\FISH DATASET\proof_frames_fish_frames_200\fish8\fish8_frame005654_front_mask.png
fish8,5718,C:\Users\shain\Downloads\FISH DATASET\FISH DATASET\proof_frames_fish_frames_200\fish8\fish8_frame005718_top.jpg,C:\Users\shain\Downloads\FISH DATASET\FISH DATASET\proof_frames_fish_frames_200\fish8\fish8_frame005718_front.jpg,C:\Users\shain\Downloads\FISH DATASET\FISH DATASET\proof_frames_fish_frames_200\fish8\fish8_frame005718_top_mask.png,C:\Users\shain\Downloads\FISH DATASET\FISH DATASET\proof_frames_fish_frames_200\fish8\fish8_frame005718_front_mask.png
fish8,5999,C:\Users\shain\Downloads\FISH DATASET\FISH DATASET\proof_frames_fish_frames_200\fish8\fish8_frame005999_top.jpg,C:\Users\shain\Downloads\FISH DATASET\FISH DATASET\proof_frames_fish_frames_200\fish8\fish8_frame005999_front.jpg,C:\Users\shain\Downloads\FISH DATASET\FISH DATASET\proof_frames_fish_frames_200\fish8\fish8_frame005999_top_mask.png,C:\Users\shain\Downloads\FISH DATASET\FISH DATASET\proof_frames_fish_frames_200\fish8\fish8_frame005999_front_mask.png
fish8,6000,C:\Users\shain\Downloads\FISH DATASET\FISH DATASET\proof_frames_fish_frames_200\fish8\fish8_frame006000_top.jpg,C:\Users\shain\Downloads\FISH DATASET\FISH DATASET\proof_frames_fish_frames_200\fish8\fish8_frame006000_front.jpg,C:\Users\shain\Downloads\FISH DATASET\FISH DATASET\proof_frames_fish_frames_200\fish8\fish8_frame006000_top_mask.png,C:\Users\shain\Downloads\FISH DATASET\FISH DATASET\proof_frames_fish_frames_200\fish8\fish8_frame006000_front_mask.png
fish8,6001,C:\Users\shain\Downloads\FISH DATASET\FISH DATASET\proof_frames_fish_frames_200\fish8\fish8_frame006001_top.jpg,C:\Users\shain\Downloads\FISH DATASET\FISH DATASET\proof_frames_fish_frames_200\fish8\fish8_frame006001_front.jpg,C:\Users\shain\Downloads\FISH DATASET\FISH DATASET\proof_frames_fish_frames_200\fish8\fish8_frame006001_top_mask.png,C:\Users\shain\Downloads\FISH DATASET\FISH DATASET\proof_frames_fish_frames_200\fish8\fish8_frame006001_front_mask.png
fish8,6015,C:\Users\shain\Downloads\FISH DATASET\FISH DATASET\proof_frames_fish_frames_200\fish8\fish8_frame006015_top.jpg,C:\Users\shain\Downloads\FISH DATASET\FISH DATASET\proof_frames_fish_frames_200\fish8\fish8_frame006015_front.jpg,C:\Users\shain\Downloads\FISH DATASET\FISH DATASET\proof_frames_fish_frames_200\fish8\fish8_frame006015_top_mask.png,C:\Users\shain\Downloads\FISH DATASET\FISH DATASET\proof_frames_fish_frames_200\fish8\fish8_frame006015_front_mask.png
fish8,6016,C:\Users\shain\Downloads\FISH DATASET\FISH DATASET\proof_frames_fish_frames_200\fish8\fish8_frame006016_top.jpg,C:\Users\shain\Downloads\FISH DATASET\FISH DATASET\proof_frames_fish_frames_200\fish8\fish8_frame006016_front.jpg,C:\Users\shain\Downloads\FISH DATASET\FISH DATASET\proof_frames_fish_frames_200\fish8\fish8_frame006016_top_mask.png,C:\Users\shain\Downloads\FISH DATASET\FISH DATASET\proof_frames_fish_frames_200\fish8\fish8_frame006016_front_mask.png
fish8,6017,C:\Users\shain\Downloads\FISH DATASET\FISH DATASET\proof_frames_fish_frames_200\fish8\fish8_frame006017_top.jpg,C:\Users\shain\Downloads\FISH DATASET\FISH DATASET\proof_frames_fish_frames_200\fish8\fish8_frame006017_front.jpg,C:\Users\shain\Downloads\FISH DATASET\FISH DATASET\proof_frames_fish_frames_200\fish8\fish8_frame006017_top_mask.png,C:\Users\shain\Downloads\FISH DATASET\FISH DATASET\proof_frames_fish_frames_200\fish8\fish8_frame006017_front_mask.png
fish8,6018,C:\Users\shain\Downloads\FISH DATASET\FISH DATASET\proof_frames_fish_frames_200\fish8\fish8_frame006018_top.jpg,C:\Users\shain\Downloads\FISH DATASET\FISH DATASET\proof_frames_fish_frames_200\fish8\fish8_frame006018_front.jpg,C:\Users\shain\Downloads\FISH DATASET\FISH DATASET\proof_frames_fish_frames_200\fish8\fish8_frame006018_top_mask.png,C:\Users\shain\Downloads\FISH DATASET\FISH DATASET\proof_frames_fish_frames_200\fish8\fish8_frame006018_front_mask.png
fish8,6019,C:\Users\shain\Downloads\FISH DATASET\FISH DATASET\proof_frames_fish_frames_200\fish8\fish8_frame006019_top.jpg,C:\Users\shain\Downloads\FISH DATASET\FISH DATASET\proof_frames_fish_frames_200\fish8\fish8_frame006019_front.jpg,C:\Users\shain\Downloads\FISH DATASET\FISH DATASET\proof_frames_fish_frames_200\fish8\fish8_frame006019_top_mask.png,C:\Users\shain\Downloads\FISH DATASET\FISH DATASET\proof_frames_fish_frames_200\fish8\fish8_frame006019_front_mask.png
fish8,6020,C:\Users\shain\Downloads\FISH DATASET\FISH DATASET\proof_frames_fish_frames_200\fish8\fish8_frame006020_top.jpg,C:\Users\shain\Downloads\FISH DATASET\FISH DATASET\proof_frames_fish_frames_200\fish8\fish8_frame006020_front.jpg,C:\Users\shain\Downloads\FISH DATASET\FISH DATASET\proof_frames_fish_frames_200\fish8\fish8_frame006020_top_mask.png,C:\Users\shain\Downloads\FISH DATASET\FISH DATASET\proof_frames_fish_frames_200\fish8\fish8_frame006020_front_mask.png
fish8,6021,C:\Users\shain\Downloads\FISH DATASET\FISH DATASET\proof_frames_fish_frames_200\fish8\fish8_frame006021_top.jpg,C:\Users\shain\Downloads\FISH DATASET\FISH DATASET\proof_frames_fish_frames_200\fish8\fish8_frame006021_front.jpg,C:\Users\shain\Downloads\FISH DATASET\FISH DATASET\proof_frames_fish_frames_200\fish8\fish8_frame006021_top_mask.png,C:\Users\shain\Downloads\FISH DATASET\FISH DATASET\proof_frames_fish_frames_200\fish8\fish8_frame006021_front_mask.png
fish8,6022,C:\Users\shain\Downloads\FISH DATASET\FISH DATASET\proof_frames_fish_frames_200\fish8\fish8_frame006022_top.jpg,C:\Users\shain\Downloads\FISH DATASET\FISH DATASET\proof_frames_fish_frames_200\fish8\fish8_frame006022_front.jpg,C:\Users\shain\Downloads\FISH DATASET\FISH DATASET\proof_frames_fish_frames_200\fish8\fish8_frame006022_top_mask.png,C:\Users\shain\Downloads\FISH DATASET\FISH DATASET\proof_frames_fish_frames_200\fish8\fish8_frame006022_front_mask.png
fish8,6023,C:\Users\shain\Downloads\FISH DATASET\FISH DATASET\proof_frames_fish_frames_200\fish8\fish8_frame006023_top.jpg,C:\Users\shain\Downloads\FISH DATASET\FISH DATASET\proof_frames_fish_frames_200\fish8\fish8_frame006023_front.jpg,C:\Users\shain\Downloads\FISH DATASET\FISH DATASET\proof_frames_fish_frames_200\fish8\fish8_frame006023_top_mask.png,C:\Users\shain\Downloads\FISH DATASET\FISH DATASET\proof_frames_fish_frames_200\fish8\fish8_frame006023_front_mask.png
fish8,6024,C:\Users\shain\Downloads\FISH DATASET\FISH DATASET\proof_frames_fish_frames_200\fish8\fish8_frame006024_top.jpg,C:\Users\shain\Downloads\FISH DATASET\FISH DATASET\proof_frames_fish_frames_200\fish8\fish8_frame006024_front.jpg,C:\Users\shain\Downloads\FISH DATASET\FISH DATASET\proof_frames_fish_frames_200\fish8\fish8_frame006024_top_mask.png,C:\Users\shain\Downloads\FISH DATASET\FISH DATASET\proof_frames_fish_frames_200\fish8\fish8_frame006024_front_mask.png
fish8,6025,C:\Users\shain\Downloads\FISH DATASET\FISH DATASET\proof_frames_fish_frames_200\fish8\fish8_frame006025_top.jpg,C:\Users\shain\Downloads\FISH DATASET\FISH DATASET\proof_frames_fish_frames_200\fish8\fish8_frame006025_front.jpg,C:\Users\shain\Downloads\FISH DATASET\FISH DATASET\proof_frames_fish_frames_200\fish8\fish8_frame006025_top_mask.png,C:\Users\shain\Downloads\FISH DATASET\FISH DATASET\proof_frames_fish_frames_200\fish8\fish8_frame006025_front_mask.png
fish8,6026,C:\Users\shain\Downloads\FISH DATASET\FISH DATASET\proof_frames_fish_frames_200\fish8\fish8_frame006026_top.jpg,C:\Users\shain\Downloads\FISH DATASET\FISH DATASET\proof_frames_fish_frames_200\fish8\fish8_frame006026_front.jpg,C:\Users\shain\Downloads\FISH DATASET\FISH DATASET\proof_frames_fish_frames_200\fish8\fish8_frame006026_top_mask.png,C:\Users\shain\Downloads\FISH DATASET\FISH DATASET\proof_frames_fish_frames_200\fish8\fish8_frame006026_front_mask.png
fish8,6027,C:\Users\shain\Downloads\FISH DATASET\FISH DATASET\proof_frames_fish_frames_200\fish8\fish8_frame006027_top.jpg,C:\Users\shain\Downloads\FISH DATASET\FISH DATASET\proof_frames_fish_frames_200\fish8\fish8_frame006027_front.jpg,C:\Users\shain\Downloads\FISH DATASET\FISH DATASET\proof_frames_fish_frames_200\fish8\fish8_frame006027_top_mask.png,C:\Users\shain\Downloads\FISH DATASET\FISH DATASET\proof_frames_fish_frames_200\fish8\fish8_frame006027_front_mask.png
fish8,6028,C:\Users\shain\Downloads\FISH DATASET\FISH DATASET\proof_frames_fish_frames_200\fish8\fish8_frame006028_top.jpg,C:\Users\shain\Downloads\FISH DATASET\FISH DATASET\proof_frames_fish_frames_200\fish8\fish8_frame006028_front.jpg,C:\Users\shain\Downloads\FISH DATASET\FISH DATASET\proof_frames_fish_frames_200\fish8\fish8_frame006028_top_mask.png,C:\Users\shain\Downloads\FISH DATASET\FISH DATASET\proof_frames_fish_frames_200\fish8\fish8_frame006028_front_mask.png
fish8,6029,C:\Users\shain\Downloads\FISH DATASET\FISH DATASET\proof_frames_fish_frames_200\fish8\fish8_frame006029_top.jpg,C:\Users\shain\Downloads\FISH DATASET\FISH DATASET\proof_frames_fish_frames_200\fish8\fish8_frame006029_front.jpg,C:\Users\shain\Downloads\FISH DATASET\FISH DATASET\proof_frames_fish_frames_200\fish8\fish8_frame006029_top_mask.png,C:\Users\shain\Downloads\FISH DATASET\FISH DATASET\proof_frames_fish_frames_200\fish8\fish8_frame006029_front_mask.png
fish8,6030,C:\Users\shain\Downloads\FISH DATASET\FISH DATASET\proof_frames_fish_frames_200\fish8\fish8_frame006030_top.jpg,C:\Users\shain\Downloads\FISH DATASET\FISH DATASET\proof_frames_fish_frames_200\fish8\fish8_frame006030_front.jpg,C:\Users\shain\Downloads\FISH DATASET\FISH DATASET\proof_frames_fish_frames_200\fish8\fish8_frame006030_top_mask.png,C:\Users\shain\Downloads\FISH DATASET\FISH DATASET\proof_frames_fish_frames_200\fish8\fish8_frame006030_front_mask.png
fish8,6031,C:\Users\shain\Downloads\FISH DATASET\FISH DATASET\proof_frames_fish_frames_200\fish8\fish8_frame006031_top.jpg,C:\Users\shain\Downloads\FISH DATASET\FISH DATASET\proof_frames_fish_frames_200\fish8\fish8_frame006031_front.jpg,C:\Users\shain\Downloads\FISH DATASET\FISH DATASET\proof_frames_fish_frames_200\fish8\fish8_frame006031_top_mask.png,C:\Users\shain\Downloads\FISH DATASET\FISH DATASET\proof_frames_fish_frames_200\fish8\fish8_frame006031_front_mask.png
fish8,6032,C:\Users\shain\Downloads\FISH DATASET\FISH DATASET\proof_frames_fish_frames_200\fish8\fish8_frame006032_top.jpg,C:\Users\shain\Downloads\FISH DATASET\FISH DATASET\proof_frames_fish_frames_200\fish8\fish8_frame006032_front.jpg,C:\Users\shain\Downloads\FISH DATASET\FISH DATASET\proof_frames_fish_frames_200\fish8\fish8_frame006032_top_mask.png,C:\Users\shain\Downloads\FISH DATASET\FISH DATASET\proof_frames_fish_frames_200\fish8\fish8_frame006032_front_mask.png
fish8,6033,C:\Users\shain\Downloads\FISH DATASET\FISH DATASET\proof_frames_fish_frames_200\fish8\fish8_frame006033_top.jpg,C:\Users\shain\Downloads\FISH DATASET\FISH DATASET\proof_frames_fish_frames_200\fish8\fish8_frame006033_front.jpg,C:\Users\shain\Downloads\FISH DATASET\FISH DATASET\proof_frames_fish_frames_200\fish8\fish8_frame006033_top_mask.png,C:\Users\shain\Downloads\FISH DATASET\FISH DATASET\proof_frames_fish_frames_200\fish8\fish8_frame006033_front_mask.png
fish8,6034,C:\Users\shain\Downloads\FISH DATASET\FISH DATASET\proof_frames_fish_frames_200\fish8\fish8_frame006034_top.jpg,C:\Users\shain\Downloads\FISH DATASET\FISH DATASET\proof_frames_fish_frames_200\fish8\fish8_frame006034_front.jpg,C:\Users\shain\Downloads\FISH DATASET\FISH DATASET\proof_frames_fish_frames_200\fish8\fish8_frame006034_top_mask.png,C:\Users\shain\Downloads\FISH DATASET\FISH DATASET\proof_frames_fish_frames_200\fish8\fish8_frame006034_front_mask.png
fish8,6035,C:\Users\shain\Downloads\FISH DATASET\FISH DATASET\proof_frames_fish_frames_200\fish8\fish8_frame006035_top.jpg,C:\Users\shain\Downloads\FISH DATASET\FISH DATASET\proof_frames_fish_frames_200\fish8\fish8_frame006035_front.jpg,C:\Users\shain\Downloads\FISH DATASET\FISH DATASET\proof_frames_fish_frames_200\fish8\fish8_frame006035_top_mask.png,C:\Users\shain\Downloads\FISH DATASET\FISH DATASET\proof_frames_fish_frames_200\fish8\fish8_frame006035_front_mask.png
fish8,6036,C:\Users\shain\Downloads\FISH DATASET\FISH DATASET\proof_frames_fish_frames_200\fish8\fish8_frame006036_top.jpg,C:\Users\shain\Downloads\FISH DATASET\FISH DATASET\proof_frames_fish_frames_200\fish8\fish8_frame006036_front.jpg,C:\Users\shain\Downloads\FISH DATASET\FISH DATASET\proof_frames_fish_frames_200\fish8\fish8_frame006036_top_mask.png,C:\Users\shain\Downloads\FISH DATASET\FISH DATASET\proof_frames_fish_frames_200\fish8\fish8_frame006036_front_mask.png
fish8,6037,C:\Users\shain\Downloads\FISH DATASET\FISH DATASET\proof_frames_fish_frames_200\fish8\fish8_frame006037_top.jpg,C:\Users\shain\Downloads\FISH DATASET\FISH DATASET\proof_frames_fish_frames_200\fish8\fish8_frame006037_front.jpg,C:\Users\shain\Downloads\FISH DATASET\FISH DATASET\proof_frames_fish_frames_200\fish8\fish8_frame006037_top_mask.png,C:\Users\shain\Downloads\FISH DATASET\FISH DATASET\proof_frames_fish_frames_200\fish8\fish8_frame006037_front_mask.png
fish8,6038,C:\Users\shain\Downloads\FISH DATASET\FISH DATASET\proof_frames_fish_frames_200\fish8\fish8_frame006038_top.jpg,C:\Users\shain\Downloads\FISH DATASET\FISH DATASET\proof_frames_fish_frames_200\fish8\fish8_frame006038_front.jpg,C:\Users\shain\Downloads\FISH DATASET\FISH DATASET\proof_frames_fish_frames_200\fish8\fish8_frame006038_top_mask.png,C:\Users\shain\Downloads\FISH DATASET\FISH DATASET\proof_frames_fish_frames_200\fish8\fish8_frame006038_front_mask.png
fish8,6039,C:\Users\shain\Downloads\FISH DATASET\FISH DATASET\proof_frames_fish_frames_200\fish8\fish8_frame006039_top.jpg,C:\Users\shain\Downloads\FISH DATASET\FISH DATASET\proof_frames_fish_frames_200\fish8\fish8_frame006039_front.jpg,C:\Users\shain\Downloads\FISH DATASET\FISH DATASET\proof_frames_fish_frames_200\fish8\fish8_frame006039_top_mask.png,C:\Users\shain\Downloads\FISH DATASET\FISH DATASET\proof_frames_fish_frames_200\fish8\fish8_frame006039_front_mask.png
fish8,6040,C:\Users\shain\Downloads\FISH DATASET\FISH DATASET\proof_frames_fish_frames_200\fish8\fish8_frame006040_top.jpg,C:\Users\shain\Downloads\FISH DATASET\FISH DATASET\proof_frames_fish_frames_200\fish8\fish8_frame006040_front.jpg,C:\Users\shain\Downloads\FISH DATASET\FISH DATASET\proof_frames_fish_frames_200\fish8\fish8_frame006040_top_mask.png,C:\Users\shain\Downloads\FISH DATASET\FISH DATASET\proof_frames_fish_frames_200\fish8\fish8_frame006040_front_mask.png
fish8,7020,C:\Users\shain\Downloads\FISH DATASET\FISH DATASET\proof_frames_fish_frames_200\fish8\fish8_frame007020_top.jpg,C:\Users\shain\Downloads\FISH DATASET\FISH DATASET\proof_frames_fish_frames_200\fish8\fish8_frame007020_front.jpg,C:\Users\shain\Downloads\FISH DATASET\FISH DATASET\proof_frames_fish_frames_200\fish8\fish8_frame007020_top_mask.png,C:\Users\shain\Downloads\FISH DATASET\FISH DATASET\proof_frames_fish_frames_200\fish8\fish8_frame007020_front_mask.png
fish8,7021,C:\Users\shain\Downloads\FISH DATASET\FISH DATASET\proof_frames_fish_frames_200\fish8\fish8_frame007021_top.jpg,C:\Users\shain\Downloads\FISH DATASET\FISH DATASET\proof_frames_fish_frames_200\fish8\fish8_frame007021_front.jpg,C:\Users\shain\Downloads\FISH DATASET\FISH DATASET\proof_frames_fish_frames_200\fish8\fish8_frame007021_top_mask.png,C:\Users\shain\Downloads\FISH DATASET\FISH DATASET\proof_frames_fish_frames_200\fish8\fish8_frame007021_front_mask.png
fish8,7022,C:\Users\shain\Downloads\FISH DATASET\FISH DATASET\proof_frames_fish_frames_200\fish8\fish8_frame007022_top.jpg,C:\Users\shain\Downloads\FISH DATASET\FISH DATASET\proof_frames_fish_frames_200\fish8\fish8_frame007022_front.jpg,C:\Users\shain\Downloads\FISH DATASET\FISH DATASET\proof_frames_fish_frames_200\fish8\fish8_frame007022_top_mask.png,C:\Users\shain\Downloads\FISH DATASET\FISH DATASET\proof_frames_fish_frames_200\fish8\fish8_frame007022_front_mask.png
fish9,302,C:\Users\shain\Downloads\FISH DATASET\FISH DATASET\proof_frames_fish_frames_200\fish9\fish9_frame000302_top.jpg,C:\Users\shain\Downloads\FISH DATASET\FISH DATASET\proof_frames_fish_frames_200\fish9\fish9_frame000302_front.jpg,C:\Users\shain\Downloads\FISH DATASET\FISH DATASET\proof_frames_fish_frames_200\fish9\fish9_frame000302_top_mask.png,C:\Users\shain\Downloads\FISH DATASET\FISH DATASET\proof_frames_fish_frames_200\fish9\fish9_frame000302_front_mask.png
fish9,303,C:\Users\shain\Downloads\FISH DATASET\FISH DATASET\proof_frames_fish_frames_200\fish9\fish9_frame000303_top.jpg,C:\Users\shain\Downloads\FISH DATASET\FISH DATASET\proof_frames_fish_frames_200\fish9\fish9_frame000303_front.jpg,C:\Users\shain\Downloads\FISH DATASET\FISH DATASET\proof_frames_fish_frames_200\fish9\fish9_frame000303_top_mask.png,C:\Users\shain\Downloads\FISH DATASET\FISH DATASET\proof_frames_fish_frames_200\fish9\fish9_frame000303_front_mask.png
fish9,2521,C:\Users\shain\Downloads\FISH DATASET\FISH DATASET\proof_frames_fish_frames_200\fish9\fish9_frame002521_top.jpg,C:\Users\shain\Downloads\FISH DATASET\FISH DATASET\proof_frames_fish_frames_200\fish9\fish9_frame002521_front.jpg,C:\Users\shain\Downloads\FISH DATASET\FISH DATASET\proof_frames_fish_frames_200\fish9\fish9_frame002521_top_mask.png,C:\Users\shain\Downloads\FISH DATASET\FISH DATASET\proof_frames_fish_frames_200\fish9\fish9_frame002521_front_mask.png
fish9,2522,C:\Users\shain\Downloads\FISH DATASET\FISH DATASET\proof_frames_fish_frames_200\fish9\fish9_frame002522_top.jpg,C:\Users\shain\Downloads\FISH DATASET\FISH DATASET\proof_frames_fish_frames_200\fish9\fish9_frame002522_front.jpg,C:\Users\shain\Downloads\FISH DATASET\FISH DATASET\proof_frames_fish_frames_200\fish9\fish9_frame002522_top_mask.png,C:\Users\shain\Downloads\FISH DATASET\FISH DATASET\proof_frames_fish_frames_200\fish9\fish9_frame002522_front_mask.png
fish9,3047,C:\Users\shain\Downloads\FISH DATASET\FISH DATASET\proof_frames_fish_frames_200\fish9\fish9_frame003047_top.jpg,C:\Users\shain\Downloads\FISH DATASET\FISH DATASET\proof_frames_fish_frames_200\fish9\fish9_frame003047_front.jpg,C:\Users\shain\Downloads\FISH DATASET\FISH DATASET\proof_frames_fish_frames_200\fish9\fish9_frame003047_top_mask.png,C:\Users\shain\Downloads\FISH DATASET\FISH DATASET\proof_frames_fish_frames_200\fish9\fish9_frame003047_front_mask.png
fish9,3048,C:\Users\shain\Downloads\FISH DATASET\FISH DATASET\proof_frames_fish_frames_200\fish9\fish9_frame003048_top.jpg,C:\Users\shain\Downloads\FISH DATASET\FISH DATASET\proof_frames_fish_frames_200\fish9\fish9_frame003048_front.jpg,C:\Users\shain\Downloads\FISH DATASET\FISH DATASET\proof_frames_fish_frames_200\fish9\fish9_frame003048_top_mask.png,C:\Users\shain\Downloads\FISH DATASET\FISH DATASET\proof_frames_fish_frames_200\fish9\fish9_frame003048_front_mask.png
